ISO-10303-21;
HEADER;
FILE_DESCRIPTION((''),'2;1');
FILE_NAME('000','2024-06-21T16:52:55',('CJ'),(''),
'CREO PARAMETRIC BY PTC INC, 2019010','CREO PARAMETRIC BY PTC INC, 2019010','');
FILE_SCHEMA(('CONFIG_CONTROL_DESIGN'));
ENDSEC;
DATA;
#1=DIRECTION('',(0.E0,0.E0,-1.E0));
#2=VECTOR('',#1,3.963101633187E0);
#3=CARTESIAN_POINT('',(-2.95E1,0.E0,-1.606006417988E2));
#4=LINE('',#3,#2);
#5=CARTESIAN_POINT('',(-3.35E1,0.E0,-1.645637434320E2));
#6=DIRECTION('',(0.E0,1.E0,0.E0));
#7=DIRECTION('',(1.E0,0.E0,0.E0));
#8=AXIS2_PLACEMENT_3D('',#5,#6,#7);
#10=DIRECTION('',(8.087360843032E-1,0.E0,5.881716976750E-1));
#11=VECTOR('',#10,2.726938520742E0);
#12=CARTESIAN_POINT('',(-3.335268679070E1,0.E0,-1.694025958284E2));
#13=LINE('',#12,#11);
#14=CARTESIAN_POINT('',(-3.1E1,0.E0,-1.726375401656E2));
#15=DIRECTION('',(0.E0,1.E0,0.E0));
#16=DIRECTION('',(-1.E0,0.E0,0.E0));
#17=AXIS2_PLACEMENT_3D('',#14,#15,#16);
#19=DIRECTION('',(0.E0,0.E0,1.E0));
#20=VECTOR('',#19,2.596310163319E1);
#21=CARTESIAN_POINT('',(-3.5E1,0.E0,-1.986006417988E2));
#22=LINE('',#21,#20);
#23=DIRECTION('',(-7.071067811866E-1,0.E0,-7.071067811865E-1));
#24=VECTOR('',#23,2.828427124746E0);
#25=CARTESIAN_POINT('',(-3.5E1,0.E0,-1.986006417988E2));
#26=LINE('',#25,#24);
#27=DIRECTION('',(1.E0,0.E0,0.E0));
#28=VECTOR('',#27,2.4E1);
#29=CARTESIAN_POINT('',(-3.7E1,0.E0,-2.006006417988E2));
#30=LINE('',#29,#28);
#31=DIRECTION('',(0.E0,0.E0,-1.E0));
#32=VECTOR('',#31,2.596310163319E1);
#33=CARTESIAN_POINT('',(-1.5E1,0.E0,-1.726375401656E2));
#34=LINE('',#33,#32);
#35=CARTESIAN_POINT('',(-1.9E1,0.E0,-1.726375401656E2));
#36=DIRECTION('',(0.E0,-1.E0,0.E0));
#37=DIRECTION('',(1.E0,0.E0,0.E0));
#38=AXIS2_PLACEMENT_3D('',#35,#36,#37);
#40=DIRECTION('',(-8.087360843032E-1,0.E0,5.881716976750E-1));
#41=VECTOR('',#40,2.726938520742E0);
#42=CARTESIAN_POINT('',(-1.664731320930E1,0.E0,-1.694025958284E2));
#43=LINE('',#42,#41);
#44=CARTESIAN_POINT('',(-1.65E1,0.E0,-1.645637434320E2));
#45=DIRECTION('',(0.E0,-1.E0,0.E0));
#46=DIRECTION('',(-1.E0,0.E0,0.E0));
#47=AXIS2_PLACEMENT_3D('',#44,#45,#46);
#49=DIRECTION('',(0.E0,0.E0,-1.E0));
#50=VECTOR('',#49,3.963101633187E0);
#51=CARTESIAN_POINT('',(-2.05E1,0.E0,-1.606006417988E2));
#52=LINE('',#51,#50);
#53=DIRECTION('',(-1.E0,0.E0,0.E0));
#54=VECTOR('',#53,9.E0);
#55=CARTESIAN_POINT('',(-2.05E1,0.E0,-1.606006417988E2));
#56=LINE('',#55,#54);
#57=DIRECTION('',(0.E0,0.E0,-1.E0));
#58=VECTOR('',#57,3.963101633187E0);
#59=CARTESIAN_POINT('',(-5.45E1,0.E0,-1.606006417988E2));
#60=LINE('',#59,#58);
#61=CARTESIAN_POINT('',(-5.85E1,0.E0,-1.645637434320E2));
#62=DIRECTION('',(0.E0,1.E0,0.E0));
#63=DIRECTION('',(1.E0,0.E0,0.E0));
#64=AXIS2_PLACEMENT_3D('',#61,#62,#63);
#66=DIRECTION('',(8.087360843032E-1,0.E0,5.881716976751E-1));
#67=VECTOR('',#66,2.726938520742E0);
#68=CARTESIAN_POINT('',(-5.835268679070E1,0.E0,-1.694025958284E2));
#69=LINE('',#68,#67);
#70=CARTESIAN_POINT('',(-5.6E1,0.E0,-1.726375401656E2));
#71=DIRECTION('',(0.E0,1.E0,0.E0));
#72=DIRECTION('',(-1.E0,0.E0,0.E0));
#73=AXIS2_PLACEMENT_3D('',#70,#71,#72);
#75=DIRECTION('',(0.E0,0.E0,1.E0));
#76=VECTOR('',#75,2.596310163319E1);
#77=CARTESIAN_POINT('',(-6.E1,0.E0,-1.986006417988E2));
#78=LINE('',#77,#76);
#79=DIRECTION('',(-7.071067811866E-1,0.E0,-7.071067811865E-1));
#80=VECTOR('',#79,2.828427124746E0);
#81=CARTESIAN_POINT('',(-6.E1,0.E0,-1.986006417988E2));
#82=LINE('',#81,#80);
#83=DIRECTION('',(1.E0,0.E0,0.E0));
#84=VECTOR('',#83,2.4E1);
#85=CARTESIAN_POINT('',(-6.2E1,0.E0,-2.006006417988E2));
#86=LINE('',#85,#84);
#87=DIRECTION('',(-7.071067811866E-1,0.E0,7.071067811865E-1));
#88=VECTOR('',#87,2.828427124746E0);
#89=CARTESIAN_POINT('',(-3.8E1,0.E0,-2.006006417988E2));
#90=LINE('',#89,#88);
#91=DIRECTION('',(0.E0,0.E0,1.E0));
#92=VECTOR('',#91,2.596310163319E1);
#93=CARTESIAN_POINT('',(-4.E1,0.E0,-1.986006417988E2));
#94=LINE('',#93,#92);
#95=CARTESIAN_POINT('',(-4.4E1,0.E0,-1.726375401656E2));
#96=DIRECTION('',(0.E0,-1.E0,0.E0));
#97=DIRECTION('',(1.E0,0.E0,0.E0));
#98=AXIS2_PLACEMENT_3D('',#95,#96,#97);
#100=DIRECTION('',(-8.087360843032E-1,0.E0,5.881716976751E-1));
#101=VECTOR('',#100,2.726938520742E0);
#102=CARTESIAN_POINT('',(-4.164731320930E1,0.E0,-1.694025958284E2));
#103=LINE('',#102,#101);
#104=CARTESIAN_POINT('',(-4.15E1,0.E0,-1.645637434320E2));
#105=DIRECTION('',(0.E0,-1.E0,0.E0));
#106=DIRECTION('',(-1.E0,0.E0,0.E0));
#107=AXIS2_PLACEMENT_3D('',#104,#105,#106);
#109=DIRECTION('',(0.E0,0.E0,-1.E0));
#110=VECTOR('',#109,3.963101633187E0);
#111=CARTESIAN_POINT('',(-4.55E1,0.E0,-1.606006417988E2));
#112=LINE('',#111,#110);
#113=DIRECTION('',(-1.E0,0.E0,0.E0));
#114=VECTOR('',#113,9.E0);
#115=CARTESIAN_POINT('',(-4.55E1,0.E0,-1.606006417988E2));
#116=LINE('',#115,#114);
#117=CARTESIAN_POINT('',(-2.95E1,1.05E1,-1.636006417988E2));
#118=CARTESIAN_POINT('',(-2.95E1,1.05E1,-1.629970884082E2));
#119=CARTESIAN_POINT('',(-2.95E1,1.010299086534E1,-1.621869907616E2));
#120=CARTESIAN_POINT('',(-2.95E1,8.831591545878E0,-1.610441765187E2));
#121=CARTESIAN_POINT('',(-2.95E1,7.464466094067E0,-1.606006417988E2));
#122=CARTESIAN_POINT('',(-2.95E1,6.257359312881E0,-1.606006417988E2));
#124=CARTESIAN_POINT('',(-2.95E1,9.841178470909E0,-1.663205788623E2));
#125=CARTESIAN_POINT('',(-2.95E1,1.028039282364E1,-1.656893992903E2));
#126=CARTESIAN_POINT('',(-2.95E1,1.05E1,-1.649893303438E2));
#127=CARTESIAN_POINT('',(-2.95E1,1.05E1,-1.642203720226E2));
#129=DIRECTION('',(-1.011788045988E-14,5.711809608462E-1,8.208241650724E-1));
#130=VECTOR('',#129,7.022644105925E-1);
#131=CARTESIAN_POINT('',(-2.95E1,9.440058410099E0,-1.668970144607E2));
#132=LINE('',#131,#130);
#133=DIRECTION('',(-5.324251309313E-10,-7.071721495059E-1,7.070414068237E-1));
#134=VECTOR('',#133,7.470689260461E-1);
#135=CARTESIAN_POINT('',(-2.95E1,9.440058410099E0,-1.668970144607E2));
#136=LINE('',#135,#134);
#137=CARTESIAN_POINT('',(-2.950000000040E1,8.911752071838E0,-1.663688057963E2));
#138=CARTESIAN_POINT('',(-2.950000000040E1,8.742533884601E0,-1.661995580049E2));
#139=CARTESIAN_POINT('',(-2.949999999982E1,8.381943063729E0,-1.658986916236E2));
#140=CARTESIAN_POINT('',(-2.950000000005E1,7.760229532492E0,-1.655316012635E2));
#141=CARTESIAN_POINT('',(-2.949999999998E1,7.161850178473E0,-1.652730760298E2));
#142=CARTESIAN_POINT('',(-2.950000000002E1,6.607803240456E0,-1.650819900820E2));
#143=CARTESIAN_POINT('',(-2.949999999993E1,6.108415330610E0,-1.649366550204E2));
#144=CARTESIAN_POINT('',(-2.950000000025E1,5.659176436878E0,-1.648202995306E2));
#145=CARTESIAN_POINT('',(-2.949999999906E1,5.248758532326E0,-1.647224419001E2));
#146=CARTESIAN_POINT('',(-2.950000000351E1,4.870020798249E0,-1.646388997684E2));
#147=CARTESIAN_POINT('',(-2.949999999243E1,4.631601216719E0,-1.645887969262E2));
#148=CARTESIAN_POINT('',(-2.949999999125E1,4.517180069623E0,-1.645637351077E2));
#150=DIRECTION('',(1.936121097420E-9,9.999999999983E-1,1.842800464151E-6));
#151=VECTOR('',#150,4.517180069631E0);
#152=CARTESIAN_POINT('',(-2.95E1,0.E0,-1.645637434320E2));
#153=LINE('',#152,#151);
#154=DIRECTION('',(-1.E0,0.E0,0.E0));
#155=VECTOR('',#154,1.51E2);
#156=CARTESIAN_POINT('',(1.3E1,-3.E0,-1.606006417988E2));
#157=LINE('',#156,#155);
#158=DIRECTION('',(-1.E0,7.235317013247E-8,-2.529063459062E-9));
#159=VECTOR('',#158,1.757359317325E0);
#160=CARTESIAN_POINT('',(-1.362426406871E2,1.3E1,-1.606006417988E2));
#161=LINE('',#160,#159);
#162=DIRECTION('',(7.071067811865E-1,-7.071067811865E-1,0.E0));
#163=VECTOR('',#162,9.535533905933E0);
#164=CARTESIAN_POINT('',(-1.362426406871E2,1.3E1,-1.606006417988E2));
#165=LINE('',#164,#163);
#166=DIRECTION('',(0.E0,-1.E0,0.E0));
#167=VECTOR('',#166,6.257359312881E0);
#168=CARTESIAN_POINT('',(-1.295E2,6.257359312881E0,-1.606006417988E2));
#169=LINE('',#168,#167);
#170=DIRECTION('',(-1.E0,0.E0,0.E0));
#171=VECTOR('',#170,9.E0);
#172=CARTESIAN_POINT('',(-1.205E2,0.E0,-1.606006417988E2));
#173=LINE('',#172,#171);
#174=DIRECTION('',(0.E0,-1.E0,0.E0));
#175=VECTOR('',#174,6.257359312881E0);
#176=CARTESIAN_POINT('',(-1.205E2,6.257359312881E0,-1.606006417988E2));
#177=LINE('',#176,#175);
#178=DIRECTION('',(7.071067811865E-1,7.071067811865E-1,0.E0));
#179=VECTOR('',#178,9.535533905933E0);
#180=CARTESIAN_POINT('',(-1.205E2,6.257359312881E0,-1.606006417988E2));
#181=LINE('',#180,#179);
#182=DIRECTION('',(7.071067811865E-1,-7.071067811865E-1,0.E0));
#183=VECTOR('',#182,9.535533905933E0);
#184=CARTESIAN_POINT('',(-1.112426406871E2,1.3E1,-1.606006417988E2));
#185=LINE('',#184,#183);
#186=DIRECTION('',(0.E0,-1.E0,0.E0));
#187=VECTOR('',#186,6.257359312881E0);
#188=CARTESIAN_POINT('',(-1.045E2,6.257359312881E0,-1.606006417988E2));
#189=LINE('',#188,#187);
#190=DIRECTION('',(0.E0,-1.E0,0.E0));
#191=VECTOR('',#190,6.257359312881E0);
#192=CARTESIAN_POINT('',(-9.55E1,6.257359312881E0,-1.606006417988E2));
#193=LINE('',#192,#191);
#194=DIRECTION('',(7.071067811865E-1,7.071067811865E-1,0.E0));
#195=VECTOR('',#194,9.535533905933E0);
#196=CARTESIAN_POINT('',(-9.55E1,6.257359312881E0,-1.606006417988E2));
#197=LINE('',#196,#195);
#198=DIRECTION('',(7.071067811865E-1,-7.071067811865E-1,0.E0));
#199=VECTOR('',#198,9.535533905933E0);
#200=CARTESIAN_POINT('',(-8.624264068712E1,1.3E1,-1.606006417988E2));
#201=LINE('',#200,#199);
#202=DIRECTION('',(0.E0,-1.E0,0.E0));
#203=VECTOR('',#202,6.257359312881E0);
#204=CARTESIAN_POINT('',(-7.95E1,6.257359312881E0,-1.606006417988E2));
#205=LINE('',#204,#203);
#206=DIRECTION('',(0.E0,-1.E0,0.E0));
#207=VECTOR('',#206,6.257359312881E0);
#208=CARTESIAN_POINT('',(-7.05E1,6.257359312881E0,-1.606006417988E2));
#209=LINE('',#208,#207);
#210=DIRECTION('',(7.071067811865E-1,7.071067811865E-1,0.E0));
#211=VECTOR('',#210,9.535533905933E0);
#212=CARTESIAN_POINT('',(-7.05E1,6.257359312881E0,-1.606006417988E2));
#213=LINE('',#212,#211);
#214=DIRECTION('',(-7.071067811865E-1,7.071067811865E-1,0.E0));
#215=VECTOR('',#214,9.535533905933E0);
#216=CARTESIAN_POINT('',(-5.45E1,6.257359312881E0,-1.606006417988E2));
#217=LINE('',#216,#215);
#218=DIRECTION('',(0.E0,-1.E0,0.E0));
#219=VECTOR('',#218,6.257359312881E0);
#220=CARTESIAN_POINT('',(-5.45E1,6.257359312881E0,-1.606006417988E2));
#221=LINE('',#220,#219);
#222=DIRECTION('',(0.E0,-1.E0,0.E0));
#223=VECTOR('',#222,6.257359312881E0);
#224=CARTESIAN_POINT('',(-4.55E1,6.257359312881E0,-1.606006417988E2));
#225=LINE('',#224,#223);
#226=DIRECTION('',(-7.071067811865E-1,-7.071067811865E-1,0.E0));
#227=VECTOR('',#226,9.535533905933E0);
#228=CARTESIAN_POINT('',(-3.875735931288E1,1.3E1,-1.606006417988E2));
#229=LINE('',#228,#227);
#230=DIRECTION('',(-7.071067811865E-1,7.071067811865E-1,0.E0));
#231=VECTOR('',#230,9.535533905933E0);
#232=CARTESIAN_POINT('',(-2.95E1,6.257359312881E0,-1.606006417988E2));
#233=LINE('',#232,#231);
#234=DIRECTION('',(0.E0,-1.E0,0.E0));
#235=VECTOR('',#234,6.257359312881E0);
#236=CARTESIAN_POINT('',(-2.95E1,6.257359312881E0,-1.606006417988E2));
#237=LINE('',#236,#235);
#238=DIRECTION('',(0.E0,-1.E0,0.E0));
#239=VECTOR('',#238,6.257359312881E0);
#240=CARTESIAN_POINT('',(-2.05E1,6.257359312881E0,-1.606006417988E2));
#241=LINE('',#240,#239);
#242=DIRECTION('',(-7.071067811865E-1,-7.071067811865E-1,0.E0));
#243=VECTOR('',#242,9.535533905933E0);
#244=CARTESIAN_POINT('',(-1.375735931288E1,1.3E1,-1.606006417988E2));
#245=LINE('',#244,#243);
#246=DIRECTION('',(-7.071067811865E-1,7.071067811865E-1,0.E0));
#247=VECTOR('',#246,9.535533905933E0);
#248=CARTESIAN_POINT('',(-4.5E0,6.257359312881E0,-1.606006417988E2));
#249=LINE('',#248,#247);
#250=DIRECTION('',(0.E0,-1.E0,0.E0));
#251=VECTOR('',#250,6.257359312881E0);
#252=CARTESIAN_POINT('',(-4.5E0,6.257359312881E0,-1.606006417988E2));
#253=LINE('',#252,#251);
#254=DIRECTION('',(1.E0,0.E0,0.E0));
#255=VECTOR('',#254,9.E0);
#256=CARTESIAN_POINT('',(-4.5E0,0.E0,-1.606006417988E2));
#257=LINE('',#256,#255);
#258=DIRECTION('',(0.E0,-1.E0,0.E0));
#259=VECTOR('',#258,6.257359312881E0);
#260=CARTESIAN_POINT('',(4.5E0,6.257359312881E0,-1.606006417988E2));
#261=LINE('',#260,#259);
#262=DIRECTION('',(-7.071067811865E-1,-7.071067811865E-1,0.E0));
#263=VECTOR('',#262,9.535533905933E0);
#264=CARTESIAN_POINT('',(1.124264068712E1,1.3E1,-1.606006417988E2));
#265=LINE('',#264,#263);
#266=DIRECTION('',(1.E0,7.235317114328E-8,-2.529079632026E-9));
#267=VECTOR('',#266,1.757359317325E0);
#268=CARTESIAN_POINT('',(1.124264068712E1,1.3E1,-1.606006417988E2));
#269=LINE('',#268,#267);
#270=DIRECTION('',(-7.071067811865E-1,0.E0,7.071067811866E-1));
#271=VECTOR('',#270,2.828427124746E0);
#272=CARTESIAN_POINT('',(-1.38E2,-3.E0,-2.006006417988E2));
#273=LINE('',#272,#271);
#274=DIRECTION('',(0.E0,0.E0,-1.E0));
#275=VECTOR('',#274,3.6E1);
#276=CARTESIAN_POINT('',(-1.4E2,-3.E0,-1.626006417988E2));
#277=LINE('',#276,#275);
#278=DIRECTION('',(7.071067811866E-1,0.E0,7.071067811865E-1));
#279=VECTOR('',#278,2.828427124746E0);
#280=CARTESIAN_POINT('',(-1.4E2,-3.E0,-1.626006417988E2));
#281=LINE('',#280,#279);
#282=DIRECTION('',(-7.071067811865E-1,0.E0,7.071067811865E-1));
#283=VECTOR('',#282,2.828427124746E0);
#284=CARTESIAN_POINT('',(1.5E1,-3.E0,-1.626006417988E2));
#285=LINE('',#284,#283);
#286=DIRECTION('',(0.E0,0.E0,-1.E0));
#287=VECTOR('',#286,3.6E1);
#288=CARTESIAN_POINT('',(1.5E1,-3.E0,-1.626006417988E2));
#289=LINE('',#288,#287);
#290=DIRECTION('',(7.071067811865E-1,0.E0,7.071067811866E-1));
#291=VECTOR('',#290,2.828427124746E0);
#292=CARTESIAN_POINT('',(1.3E1,-3.E0,-2.006006417988E2));
#293=LINE('',#292,#291);
#294=DIRECTION('',(-5.322462577729E-9,1.E0,5.322509471168E-9));
#295=VECTOR('',#294,1.363705634279E0);
#296=CARTESIAN_POINT('',(-6.3E1,0.E0,-2.006006417988E2));
#297=LINE('',#296,#295);
#298=DIRECTION('',(3.563484504532E-9,1.E0,3.563484504532E-9));
#299=VECTOR('',#298,1.363705629204E0);
#300=CARTESIAN_POINT('',(-8.7E1,0.E0,-2.006006417988E2));
#301=LINE('',#300,#299);
#302=DIRECTION('',(-1.E0,5.075490410846E-9,2.398678560022E-9));
#303=VECTOR('',#302,1.000000012118E0);
#304=CARTESIAN_POINT('',(-8.699999999514E1,1.363705629204E0,-2.006006417939E2));
#305=LINE('',#304,#303);
#306=DIRECTION('',(-5.322488629639E-9,1.E0,5.322467788111E-9));
#307=VECTOR('',#306,1.363705634279E0);
#308=CARTESIAN_POINT('',(-8.8E1,0.E0,-2.006006417988E2));
#309=LINE('',#308,#307);
#310=DIRECTION('',(3.563484504532E-9,1.E0,3.563484504532E-9));
#311=VECTOR('',#310,1.363705629204E0);
#312=CARTESIAN_POINT('',(-1.12E2,0.E0,-2.006006417988E2));
#313=LINE('',#312,#311);
#314=DIRECTION('',(-1.E0,5.075490410846E-9,2.398735403440E-9));
#315=VECTOR('',#314,1.000000012118E0);
#316=CARTESIAN_POINT('',(-1.119999999951E2,1.363705629204E0,-2.006006417939E2));
#317=LINE('',#316,#315);
#318=DIRECTION('',(-5.322488629639E-9,1.E0,5.322509471168E-9));
#319=VECTOR('',#318,1.363705634279E0);
#320=CARTESIAN_POINT('',(-1.13E2,0.E0,-2.006006417988E2));
#321=LINE('',#320,#319);
#322=DIRECTION('',(-5.322488629639E-9,-1.E0,-5.322446946583E-9));
#323=VECTOR('',#322,1.363705634279E0);
#324=CARTESIAN_POINT('',(-1.369999999927E2,1.363705634279E0,-2.006006417915E2));
#325=LINE('',#324,#323);
#326=DIRECTION('',(-1.E0,0.E0,-2.842170901782E-14));
#327=VECTOR('',#326,1.000000014517E0);
#328=CARTESIAN_POINT('',(-1.369999999927E2,1.363705634279E0,-2.006006417915E2));
#329=LINE('',#328,#327);
#330=DIRECTION('',(1.E0,0.E0,0.E0));
#331=VECTOR('',#330,1.51E2);
#332=CARTESIAN_POINT('',(-1.38E2,-3.E0,-2.006006417988E2));
#333=LINE('',#332,#331);
#334=DIRECTION('',(1.E0,0.E0,-2.842170901782E-14));
#335=VECTOR('',#334,1.000000014517E0);
#336=CARTESIAN_POINT('',(1.199999999274E1,1.363705634279E0,-2.006006417915E2));
#337=LINE('',#336,#335);
#338=DIRECTION('',(5.322504260786E-9,-1.E0,-5.322488629639E-9));
#339=VECTOR('',#338,1.363705634279E0);
#340=CARTESIAN_POINT('',(1.199999999274E1,1.363705634279E0,-2.006006417915E2));
#341=LINE('',#340,#339);
#342=DIRECTION('',(5.322472998493E-9,1.E0,5.322509471168E-9));
#343=VECTOR('',#342,1.363705634279E0);
#344=CARTESIAN_POINT('',(-1.2E1,0.E0,-2.006006417988E2));
#345=LINE('',#344,#343);
#346=DIRECTION('',(1.E0,5.075490410846E-9,2.398735403440E-9));
#347=VECTOR('',#346,1.000000012118E0);
#348=CARTESIAN_POINT('',(-1.300000000486E1,1.363705629204E0,-2.006006417939E2));
#349=LINE('',#348,#347);
#350=DIRECTION('',(-3.563498833082E-9,1.E0,3.563484504532E-9));
#351=VECTOR('',#350,1.363705629204E0);
#352=CARTESIAN_POINT('',(-1.3E1,0.E0,-2.006006417988E2));
#353=LINE('',#352,#351);
#354=DIRECTION('',(5.322478208875E-9,1.E0,5.322467788111E-9));
#355=VECTOR('',#354,1.363705634279E0);
#356=CARTESIAN_POINT('',(-3.7E1,0.E0,-2.006006417988E2));
#357=LINE('',#356,#355);
#358=DIRECTION('',(1.E0,5.075490410846E-9,2.398735403440E-9));
#359=VECTOR('',#358,1.000000012118E0);
#360=CARTESIAN_POINT('',(-3.800000000486E1,1.363705629204E0,-2.006006417939E2));
#361=LINE('',#360,#359);
#362=DIRECTION('',(-3.563500135678E-9,1.E0,3.563484504532E-9));
#363=VECTOR('',#362,1.363705629204E0);
#364=CARTESIAN_POINT('',(-3.8E1,0.E0,-2.006006417988E2));
#365=LINE('',#364,#363);
#366=DIRECTION('',(5.322488629639E-9,1.E0,5.322467788111E-9));
#367=VECTOR('',#366,1.363705634279E0);
#368=CARTESIAN_POINT('',(-6.2E1,0.E0,-2.006006417988E2));
#369=LINE('',#368,#367);
#370=DIRECTION('',(-1.E0,0.E0,0.E0));
#371=VECTOR('',#370,1.000000008280E0);
#372=CARTESIAN_POINT('',(-6.199999999586E1,4.226096885901E0,-1.984988154554E2));
#373=LINE('',#372,#371);
#374=CARTESIAN_POINT('',(-6.3E1,1.363705567831E0,-1.976006417988E2));
#375=DIRECTION('',(1.E0,0.E0,0.E0));
#376=DIRECTION('',(0.E0,0.E0,-1.E0));
#377=AXIS2_PLACEMENT_3D('',#374,#375,#376);
#379=DIRECTION('',(1.E0,0.E0,0.E0));
#380=VECTOR('',#379,1.000000014517E0);
#381=CARTESIAN_POINT('',(-6.300000000726E1,1.363705634279E0,-2.006006417915E2));
#382=LINE('',#381,#380);
#383=CARTESIAN_POINT('',(-6.2E1,1.363705567831E0,-1.976006417988E2));
#384=DIRECTION('',(1.E0,0.E0,0.E0));
#385=DIRECTION('',(0.E0,0.E0,-1.E0));
#386=AXIS2_PLACEMENT_3D('',#383,#384,#385);
#388=DIRECTION('',(2.322288812847E-10,2.993911848554E-1,9.541304514745E-1));
#389=VECTOR('',#388,1.922522566051E1);
#390=CARTESIAN_POINT('',(-6.300000000414E1,4.226096885901E0,-1.984988154554E2));
#391=LINE('',#390,#389);
#392=DIRECTION('',(-2.322303596397E-10,2.993911848554E-1,9.541304514745E-1));
#393=VECTOR('',#392,1.922522566051E1);
#394=CARTESIAN_POINT('',(-6.199999999586E1,4.226096885901E0,-1.984988154554E2));
#395=LINE('',#394,#393);
#396=DIRECTION('',(-1.E0,0.E0,-2.842170944706E-14));
#397=VECTOR('',#396,9.999999994139E-1);
#398=CARTESIAN_POINT('',(-6.200000000029E1,1.148832101068E1,-1.770842177469E2));
#399=LINE('',#398,#397);
#400=CARTESIAN_POINT('',(-6.3E1,2.076363407816E1,-1.835385626009E2));
#401=DIRECTION('',(-1.E0,0.E0,0.E0));
#402=DIRECTION('',(0.E0,-9.541304515440E-1,2.993911846338E-1));
#403=AXIS2_PLACEMENT_3D('',#400,#401,#402);
#405=DIRECTION('',(1.E0,0.E0,2.842170944886E-14));
#406=VECTOR('',#405,9.999999993506E-1);
#407=CARTESIAN_POINT('',(-6.299999999968E1,9.981959975511E0,-1.801554422162E2));
#408=LINE('',#407,#406);
#409=CARTESIAN_POINT('',(-6.2E1,2.076363407816E1,-1.835385626009E2));
#410=DIRECTION('',(-1.E0,0.E0,0.E0));
#411=DIRECTION('',(0.E0,-9.541304515440E-1,2.993911846338E-1));
#412=AXIS2_PLACEMENT_3D('',#409,#410,#411);
#414=DIRECTION('',(-4.675466034650E-11,5.711809608078E-1,8.208241650991E-1));
#415=VECTOR('',#414,6.267654024442E0);
#416=CARTESIAN_POINT('',(-6.299999999971E1,1.148832101068E1,-1.770842177469E2));
#417=LINE('',#416,#415);
#418=DIRECTION('',(4.675352668033E-11,5.711809608078E-1,8.208241650991E-1));
#419=VECTOR('',#418,6.267654024442E0);
#420=CARTESIAN_POINT('',(-6.200000000029E1,1.148832101068E1,-1.770842177469E2));
#421=LINE('',#420,#419);
#422=DIRECTION('',(-1.E0,0.E0,0.E0));
#423=VECTOR('',#422,2.863428683247E0);
#424=CARTESIAN_POINT('',(-6.106828565838E1,1.6E1,-1.689694348688E2));
#425=LINE('',#424,#423);
#426=CARTESIAN_POINT('',(-6.393171434162E1,1.6E1,-1.689694348688E2));
#427=CARTESIAN_POINT('',(-6.335146260502E1,1.6E1,-1.699853156077E2));
#428=CARTESIAN_POINT('',(-6.3E1,1.573651996644E1,-1.709792797321E2));
#429=CARTESIAN_POINT('',(-6.3E1,1.506828565838E1,-1.719395758652E2));
#431=DIRECTION('',(1.E0,0.E0,5.684341886081E-14));
#432=VECTOR('',#431,1.E0);
#433=CARTESIAN_POINT('',(-6.3E1,1.506828565838E1,-1.719395758652E2));
#434=LINE('',#433,#432);
#435=CARTESIAN_POINT('',(-6.106828565838E1,1.6E1,-1.689694348688E2));
#436=CARTESIAN_POINT('',(-6.164853739498E1,1.6E1,-1.699853156077E2));
#437=CARTESIAN_POINT('',(-6.2E1,1.573651996644E1,-1.709792797321E2));
#438=CARTESIAN_POINT('',(-6.2E1,1.506828565838E1,-1.719395758652E2));
#440=CARTESIAN_POINT('',(-1.356588215291E2,1.6E1,-1.682525620082E2));
#441=CARTESIAN_POINT('',(-1.352485215913E2,1.6E1,-1.675342258488E2));
#442=CARTESIAN_POINT('',(-1.35E2,1.6E1,-1.667729432788E2));
#443=CARTESIAN_POINT('',(-1.35E2,1.6E1,-1.659456870448E2));
#445=DIRECTION('',(0.E0,0.E0,1.E0));
#446=VECTOR('',#445,2.345045245991E0);
#447=CARTESIAN_POINT('',(-1.35E2,1.6E1,-1.659456870448E2));
#448=LINE('',#447,#446);
#449=DIRECTION('',(-1.E0,-3.445000125143E-9,3.424371648509E-8));
#450=VECTOR('',#449,3.000000010335E0);
#451=CARTESIAN_POINT('',(-1.35E2,1.6E1,-1.636006417988E2));
#452=LINE('',#451,#450);
#453=DIRECTION('',(-1.874740434778E-9,-1.874743081714E-9,1.E0));
#454=VECTOR('',#453,5.368793173024E0);
#455=CARTESIAN_POINT('',(-1.380000000003E2,1.599999999973E1,-1.689694348691E2));
#456=LINE('',#455,#454);
#457=DIRECTION('',(1.E0,1.397165962368E-10,1.583582271795E-10));
#458=VECTOR('',#457,1.931714341893E0);
#459=CARTESIAN_POINT('',(-1.380000000003E2,1.599999999973E1,-1.689694348691E2));
#460=LINE('',#459,#458);
#461=DIRECTION('',(4.959768459137E-1,0.E0,8.683357463087E-1));
#462=VECTOR('',#461,8.255710577202E-1);
#463=CARTESIAN_POINT('',(-1.360682856584E2,1.6E1,-1.689694348688E2));
#464=LINE('',#463,#462);
#465=DIRECTION('',(1.211989810388E-14,0.E0,-1.E0));
#466=VECTOR('',#465,2.345045245991E0);
#467=CARTESIAN_POINT('',(-1.15E2,1.6E1,-1.636006417988E2));
#468=LINE('',#467,#466);
#469=CARTESIAN_POINT('',(-1.15E2,1.6E1,-1.659456870448E2));
#470=CARTESIAN_POINT('',(-1.15E2,1.6E1,-1.667729432788E2));
#471=CARTESIAN_POINT('',(-1.147514784087E2,1.6E1,-1.675342258488E2));
#472=CARTESIAN_POINT('',(-1.143411784709E2,1.6E1,-1.682525620082E2));
#474=DIRECTION('',(4.959768459137E-1,0.E0,-8.683357463087E-1));
#475=VECTOR('',#474,8.255710577201E-1);
#476=CARTESIAN_POINT('',(-1.143411784709E2,1.6E1,-1.682525620082E2));
#477=LINE('',#476,#475);
#478=DIRECTION('',(4.959768459137E-1,0.E0,8.683357463087E-1));
#479=VECTOR('',#478,8.255710577202E-1);
#480=CARTESIAN_POINT('',(-1.110682856584E2,1.6E1,-1.689694348688E2));
#481=LINE('',#480,#479);
#482=CARTESIAN_POINT('',(-1.106588215291E2,1.6E1,-1.682525620082E2));
#483=CARTESIAN_POINT('',(-1.102485215913E2,1.6E1,-1.675342258488E2));
#484=CARTESIAN_POINT('',(-1.1E2,1.6E1,-1.667729432788E2));
#485=CARTESIAN_POINT('',(-1.1E2,1.6E1,-1.659456870448E2));
#487=DIRECTION('',(-1.211989810388E-14,0.E0,1.E0));
#488=VECTOR('',#487,2.345045245991E0);
#489=CARTESIAN_POINT('',(-1.1E2,1.6E1,-1.659456870448E2));
#490=LINE('',#489,#488);
#491=DIRECTION('',(1.211989810388E-14,0.E0,-1.E0));
#492=VECTOR('',#491,2.345045245991E0);
#493=CARTESIAN_POINT('',(-9.E1,1.6E1,-1.636006417988E2));
#494=LINE('',#493,#492);
#495=CARTESIAN_POINT('',(-9.E1,1.6E1,-1.659456870448E2));
#496=CARTESIAN_POINT('',(-9.E1,1.6E1,-1.667729432788E2));
#497=CARTESIAN_POINT('',(-8.975147840866E1,1.6E1,-1.675342258488E2));
#498=CARTESIAN_POINT('',(-8.934117847091E1,1.6E1,-1.682525620082E2));
#500=DIRECTION('',(4.959768459137E-1,0.E0,-8.683357463087E-1));
#501=VECTOR('',#500,8.255710577201E-1);
#502=CARTESIAN_POINT('',(-8.934117847091E1,1.6E1,-1.682525620082E2));
#503=LINE('',#502,#501);
#504=DIRECTION('',(4.959768459137E-1,0.E0,8.683357463087E-1));
#505=VECTOR('',#504,8.255710577201E-1);
#506=CARTESIAN_POINT('',(-8.606828565838E1,1.6E1,-1.689694348688E2));
#507=LINE('',#506,#505);
#508=CARTESIAN_POINT('',(-8.565882152909E1,1.6E1,-1.682525620082E2));
#509=CARTESIAN_POINT('',(-8.524852159134E1,1.6E1,-1.675342258488E2));
#510=CARTESIAN_POINT('',(-8.5E1,1.6E1,-1.667729432788E2));
#511=CARTESIAN_POINT('',(-8.5E1,1.6E1,-1.659456870448E2));
#513=DIRECTION('',(0.E0,0.E0,1.E0));
#514=VECTOR('',#513,2.345045245991E0);
#515=CARTESIAN_POINT('',(-8.5E1,1.6E1,-1.659456870448E2));
#516=LINE('',#515,#514);
#517=DIRECTION('',(-1.211989810388E-14,0.E0,-1.E0));
#518=VECTOR('',#517,2.345045245991E0);
#519=CARTESIAN_POINT('',(-6.5E1,1.6E1,-1.636006417988E2));
#520=LINE('',#519,#518);
#521=CARTESIAN_POINT('',(-6.5E1,1.6E1,-1.659456870448E2));
#522=CARTESIAN_POINT('',(-6.5E1,1.6E1,-1.667729432788E2));
#523=CARTESIAN_POINT('',(-6.475147840866E1,1.6E1,-1.675342258488E2));
#524=CARTESIAN_POINT('',(-6.434117847091E1,1.6E1,-1.682525620082E2));
#526=DIRECTION('',(4.959768459137E-1,0.E0,-8.683357463087E-1));
#527=VECTOR('',#526,8.255710577201E-1);
#528=CARTESIAN_POINT('',(-6.434117847091E1,1.6E1,-1.682525620082E2));
#529=LINE('',#528,#527);
#530=DIRECTION('',(-4.959768459137E-1,0.E0,-8.683357463087E-1));
#531=VECTOR('',#530,8.255710577202E-1);
#532=CARTESIAN_POINT('',(-6.065882152909E1,1.6E1,-1.682525620082E2));
#533=LINE('',#532,#531);
#534=CARTESIAN_POINT('',(-6.E1,1.6E1,-1.659456870448E2));
#535=CARTESIAN_POINT('',(-6.E1,1.6E1,-1.667729432788E2));
#536=CARTESIAN_POINT('',(-6.024852159134E1,1.6E1,-1.675342258488E2));
#537=CARTESIAN_POINT('',(-6.065882152909E1,1.6E1,-1.682525620082E2));
#539=DIRECTION('',(0.E0,0.E0,-1.E0));
#540=VECTOR('',#539,2.345045245991E0);
#541=CARTESIAN_POINT('',(-6.E1,1.6E1,-1.636006417988E2));
#542=LINE('',#541,#540);
#543=CARTESIAN_POINT('',(1.065882152909E1,1.6E1,-1.682525620082E2));
#544=CARTESIAN_POINT('',(1.024852159134E1,1.6E1,-1.675342258488E2));
#545=CARTESIAN_POINT('',(1.E1,1.6E1,-1.667729432788E2));
#546=CARTESIAN_POINT('',(1.E1,1.6E1,-1.659456870448E2));
#548=DIRECTION('',(-4.959768459137E-1,0.E0,8.683357463087E-1));
#549=VECTOR('',#548,8.255710577202E-1);
#550=CARTESIAN_POINT('',(1.106828565838E1,1.6E1,-1.689694348688E2));
#551=LINE('',#550,#549);
#552=DIRECTION('',(-1.E0,1.397165962368E-10,1.583582271795E-10));
#553=VECTOR('',#552,1.931714341893E0);
#554=CARTESIAN_POINT('',(1.300000000027E1,1.599999999973E1,-1.689694348691E2));
#555=LINE('',#554,#553);
#556=DIRECTION('',(1.874742089113E-9,-1.874743081714E-9,1.E0));
#557=VECTOR('',#556,5.368793173024E0);
#558=CARTESIAN_POINT('',(1.300000000027E1,1.599999999973E1,-1.689694348691E2));
#559=LINE('',#558,#557);
#560=DIRECTION('',(1.E0,-3.444999533024E-9,3.424371648509E-8));
#561=VECTOR('',#560,3.000000010335E0);
#562=CARTESIAN_POINT('',(1.E1,1.6E1,-1.636006417988E2));
#563=LINE('',#562,#561);
#564=DIRECTION('',(0.E0,0.E0,1.E0));
#565=VECTOR('',#564,2.345045245991E0);
#566=CARTESIAN_POINT('',(1.E1,1.6E1,-1.659456870448E2));
#567=LINE('',#566,#565);
#568=DIRECTION('',(0.E0,0.E0,1.E0));
#569=VECTOR('',#568,2.345045245991E0);
#570=CARTESIAN_POINT('',(-1.5E1,1.6E1,-1.659456870448E2));
#571=LINE('',#570,#569);
#572=CARTESIAN_POINT('',(-1.434117847091E1,1.6E1,-1.682525620082E2));
#573=CARTESIAN_POINT('',(-1.475147840866E1,1.6E1,-1.675342258488E2));
#574=CARTESIAN_POINT('',(-1.5E1,1.6E1,-1.667729432788E2));
#575=CARTESIAN_POINT('',(-1.5E1,1.6E1,-1.659456870448E2));
#577=DIRECTION('',(-4.959768459137E-1,0.E0,8.683357463087E-1));
#578=VECTOR('',#577,8.255710577202E-1);
#579=CARTESIAN_POINT('',(-1.393171434162E1,1.6E1,-1.689694348688E2));
#580=LINE('',#579,#578);
#581=DIRECTION('',(-4.959768459137E-1,0.E0,-8.683357463087E-1));
#582=VECTOR('',#581,8.255710577201E-1);
#583=CARTESIAN_POINT('',(-1.065882152909E1,1.6E1,-1.682525620082E2));
#584=LINE('',#583,#582);
#585=CARTESIAN_POINT('',(-1.E1,1.6E1,-1.659456870448E2));
#586=CARTESIAN_POINT('',(-1.E1,1.6E1,-1.667729432788E2));
#587=CARTESIAN_POINT('',(-1.024852159134E1,1.6E1,-1.675342258488E2));
#588=CARTESIAN_POINT('',(-1.065882152909E1,1.6E1,-1.682525620082E2));
#590=DIRECTION('',(0.E0,0.E0,-1.E0));
#591=VECTOR('',#590,2.345045245991E0);
#592=CARTESIAN_POINT('',(-1.E1,1.6E1,-1.636006417988E2));
#593=LINE('',#592,#591);
#594=DIRECTION('',(0.E0,0.E0,1.E0));
#595=VECTOR('',#594,2.345045245991E0);
#596=CARTESIAN_POINT('',(-4.E1,1.6E1,-1.659456870448E2));
#597=LINE('',#596,#595);
#598=CARTESIAN_POINT('',(-3.934117847091E1,1.6E1,-1.682525620082E2));
#599=CARTESIAN_POINT('',(-3.975147840866E1,1.6E1,-1.675342258488E2));
#600=CARTESIAN_POINT('',(-4.E1,1.6E1,-1.667729432788E2));
#601=CARTESIAN_POINT('',(-4.E1,1.6E1,-1.659456870448E2));
#603=DIRECTION('',(-4.959768459137E-1,0.E0,8.683357463087E-1));
#604=VECTOR('',#603,8.255710577202E-1);
#605=CARTESIAN_POINT('',(-3.893171434162E1,1.6E1,-1.689694348688E2));
#606=LINE('',#605,#604);
#607=DIRECTION('',(-4.959768459137E-1,0.E0,-8.683357463087E-1));
#608=VECTOR('',#607,8.255710577201E-1);
#609=CARTESIAN_POINT('',(-3.565882152909E1,1.6E1,-1.682525620082E2));
#610=LINE('',#609,#608);
#611=CARTESIAN_POINT('',(-3.5E1,1.6E1,-1.659456870448E2));
#612=CARTESIAN_POINT('',(-3.5E1,1.6E1,-1.667729432788E2));
#613=CARTESIAN_POINT('',(-3.524852159134E1,1.6E1,-1.675342258488E2));
#614=CARTESIAN_POINT('',(-3.565882152909E1,1.6E1,-1.682525620082E2));
#616=DIRECTION('',(0.E0,0.E0,-1.E0));
#617=VECTOR('',#616,2.345045245991E0);
#618=CARTESIAN_POINT('',(-3.5E1,1.6E1,-1.636006417988E2));
#619=LINE('',#618,#617);
#620=CARTESIAN_POINT('',(-1.294999957328E2,4.514801729034E0,-1.645629770021E2));
#621=CARTESIAN_POINT('',(-1.294999987208E2,4.593651902444E0,-1.645795487887E2));
#622=CARTESIAN_POINT('',(-1.295000005937E2,4.775820068045E0,-1.646179036341E2));
#623=CARTESIAN_POINT('',(-1.294999998409E2,5.103594541114E0,-1.646900970012E2));
#624=CARTESIAN_POINT('',(-1.295000000428E2,5.481756441117E0,-1.647772596734E2));
#625=CARTESIAN_POINT('',(-1.294999999879E2,5.898645370157E0,-1.648808723487E2));
#626=CARTESIAN_POINT('',(-1.295000000054E2,6.342168535660E0,-1.650028093273E2));
#627=CARTESIAN_POINT('',(-1.294999999903E2,6.805065197135E0,-1.651472256261E2));
#628=CARTESIAN_POINT('',(-1.295000000334E2,7.272083785652E0,-1.653194384429E2));
#629=CARTESIAN_POINT('',(-1.294999998761E2,7.703827525860E0,-1.655128823264E2));
#630=CARTESIAN_POINT('',(-1.295000004622E2,8.073446966140E0,-1.657145277440E2));
#631=CARTESIAN_POINT('',(-1.294999982751E2,8.392561146016E0,-1.659236782136E2));
#632=CARTESIAN_POINT('',(-1.295000064376E2,8.669264089793E0,-1.661393818512E2));
#633=CARTESIAN_POINT('',(-1.294999861289E2,8.834423817835E0,-1.662914615172E2));
#634=CARTESIAN_POINT('',(-1.294999832370E2,8.911816686214E0,-1.663688532323E2));
#636=DIRECTION('',(-9.451544056663E-7,-9.999999855904E-1,-1.697593558955E-4));
#637=VECTOR('',#636,4.514801794090E0);
#638=CARTESIAN_POINT('',(-1.294999957328E2,4.514801729034E0,-1.645629770021E2));
#639=LINE('',#638,#637);
#640=CARTESIAN_POINT('',(-1.295E2,6.257359312881E0,-1.606006417988E2));
#641=CARTESIAN_POINT('',(-1.295E2,7.464466094067E0,-1.606006417988E2));
#642=CARTESIAN_POINT('',(-1.295E2,8.831591545878E0,-1.610441765187E2));
#643=CARTESIAN_POINT('',(-1.295E2,1.010299086534E1,-1.621869907616E2));
#644=CARTESIAN_POINT('',(-1.295E2,1.05E1,-1.629970884082E2));
#645=CARTESIAN_POINT('',(-1.295E2,1.05E1,-1.636006417988E2));
#647=DIRECTION('',(0.E0,0.E0,1.E0));
#648=VECTOR('',#647,6.197302238619E-1);
#649=CARTESIAN_POINT('',(-1.295E2,1.05E1,-1.642203720226E2));
#650=LINE('',#649,#648);
#651=CARTESIAN_POINT('',(-1.295E2,1.05E1,-1.642203720226E2));
#652=CARTESIAN_POINT('',(-1.295E2,1.05E1,-1.649893303438E2));
#653=CARTESIAN_POINT('',(-1.295E2,1.028039282364E1,-1.656893992903E2));
#654=CARTESIAN_POINT('',(-1.295E2,9.841178470909E0,-1.663205788623E2));
#656=DIRECTION('',(0.E0,5.711809608462E-1,8.208241650724E-1));
#657=VECTOR('',#656,7.022644105926E-1);
#658=CARTESIAN_POINT('',(-1.295E2,9.440058410099E0,-1.668970144607E2));
#659=LINE('',#658,#657);
#660=DIRECTION('',(-2.244077633527E-5,7.071606588138E-1,-7.070528990977E-1));
#661=VECTOR('',#660,7.469896936451E-1);
#662=CARTESIAN_POINT('',(-1.294999832370E2,8.911816686214E0,-1.663688532323E2));
#663=LINE('',#662,#661);
#664=CARTESIAN_POINT('',(-1.300998228039E2,7.901906253542E0,-1.673786077874E2));
#665=CARTESIAN_POINT('',(-1.300925838094E2,7.831263559221E0,-1.672979226301E2));
#666=CARTESIAN_POINT('',(-1.300714046192E2,7.693421353884E0,-1.671497722509E2));
#667=CARTESIAN_POINT('',(-1.300322542371E2,7.507945925299E0,-1.669669003521E2));
#668=CARTESIAN_POINT('',(-1.299875502434E2,7.337043635225E0,-1.668042578614E2));
#669=CARTESIAN_POINT('',(-1.299393509429E2,7.172553087245E0,-1.666511239847E2));
#670=CARTESIAN_POINT('',(-1.298886568643E2,7.007839284726E0,-1.665002642489E2));
#671=CARTESIAN_POINT('',(-1.298398553677E2,6.848313036726E0,-1.663571207679E2));
#672=CARTESIAN_POINT('',(-1.297941293532E2,6.695402868098E0,-1.662211471669E2));
#673=CARTESIAN_POINT('',(-1.297527986370E2,6.546158909107E0,-1.660923342542E2));
#674=CARTESIAN_POINT('',(-1.297140620790E2,6.397520830741E0,-1.659655146876E2));
#675=CARTESIAN_POINT('',(-1.296770244706E2,6.240562566125E0,-1.658350292596E2));
#676=CARTESIAN_POINT('',(-1.296398439187E2,6.066178072310E0,-1.656922603670E2));
#677=CARTESIAN_POINT('',(-1.296034866171E2,5.866947016006E0,-1.655340155371E2));
#678=CARTESIAN_POINT('',(-1.295701396573E2,5.646161769394E0,-1.653636404974E2));
#679=CARTESIAN_POINT('',(-1.295418177328E2,5.406959062169E0,-1.651846806466E2));
#680=CARTESIAN_POINT('',(-1.295190522556E2,5.140576982524E0,-1.649918763377E2));
#681=CARTESIAN_POINT('',(-1.295038154223E2,4.847228827947E0,-1.647852185988E2));
#682=CARTESIAN_POINT('',(-1.294999534144E2,4.630313720215E0,-1.646379588056E2));
#683=CARTESIAN_POINT('',(-1.294999957328E2,4.514801729034E0,-1.645629770021E2));
#685=CARTESIAN_POINT('',(-1.279995260887E2,6.387126793082E0,-1.688932684431E2));
#686=DIRECTION('',(-6.169141785957E-1,-7.164410827398E-2,-7.837627306764E-1));
#687=DIRECTION('',(-7.857817561282E-1,-5.191853379535E-6,6.185038655572E-1));
#688=AXIS2_PLACEMENT_3D('',#685,#686,#687);
#690=CARTESIAN_POINT('',(-1.311473132074E2,6.356425121165E0,-1.677986877678E2));
#691=CARTESIAN_POINT('',(-1.311364356613E2,6.356425120903E0,-1.677907768251E2));
#692=CARTESIAN_POINT('',(-1.311147588445E2,6.356131510187E0,-1.677748440938E2));
#693=CARTESIAN_POINT('',(-1.310824835113E2,6.354810142505E0,-1.677506160430E2));
#694=CARTESIAN_POINT('',(-1.310611254437E2,6.353341502171E0,-1.677342437054E2));
#695=CARTESIAN_POINT('',(-1.310504869699E2,6.352460264710E0,-1.677260030537E2));
#697=CARTESIAN_POINT('',(-1.335E2,0.E0,-1.645637434320E2));
#698=DIRECTION('',(0.E0,1.E0,0.E0));
#699=DIRECTION('',(1.E0,0.E0,0.E0));
#700=AXIS2_PLACEMENT_3D('',#697,#698,#699);
#702=CARTESIAN_POINT('',(-1.303568670293E2,6.387122432978E0,-1.670377513399E2));
#703=CARTESIAN_POINT('',(-1.303441781491E2,6.389793180804E0,-1.670216292258E2));
#704=CARTESIAN_POINT('',(-1.303139951618E2,6.392449914492E0,-1.669828344213E2));
#705=CARTESIAN_POINT('',(-1.302528054056E2,6.384296463912E0,-1.669003932777E2));
#706=CARTESIAN_POINT('',(-1.301840513214E2,6.360965391968E0,-1.668020300027E2));
#707=CARTESIAN_POINT('',(-1.301097740044E2,6.321116617523E0,-1.666881796484E2));
#708=CARTESIAN_POINT('',(-1.300331126326E2,6.264154130674E0,-1.665608279399E2));
#709=CARTESIAN_POINT('',(-1.299601227637E2,6.193258736091E0,-1.664283496193E2));
#710=CARTESIAN_POINT('',(-1.298937081948E2,6.113691502094E0,-1.662963061843E2));
#711=CARTESIAN_POINT('',(-1.298330470153E2,6.025419192320E0,-1.661639180621E2));
#712=CARTESIAN_POINT('',(-1.297760492487E2,5.926531061120E0,-1.660266062944E2));
#713=CARTESIAN_POINT('',(-1.297200150802E2,5.809836542639E0,-1.658757883087E2));
#714=CARTESIAN_POINT('',(-1.296637683567E2,5.666513597301E0,-1.657020362396E2));
#715=CARTESIAN_POINT('',(-1.296114659127E2,5.495875295058E0,-1.655089107586E2));
#716=CARTESIAN_POINT('',(-1.295667537395E2,5.301565322762E0,-1.653024326130E2));
#717=CARTESIAN_POINT('',(-1.295306307264E2,5.075993065909E0,-1.650762999046E2));
#718=CARTESIAN_POINT('',(-1.295062295788E2,4.818323569623E0,-1.648319636316E2));
#719=CARTESIAN_POINT('',(-1.294999437628E2,4.621761900389E0,-1.646524020902E2));
#720=CARTESIAN_POINT('',(-1.294999957328E2,4.514801729034E0,-1.645629770021E2));
#722=CARTESIAN_POINT('',(-1.310504869699E2,6.352460264710E0,-1.677260030537E2));
#723=CARTESIAN_POINT('',(-1.309604637536E2,6.345010951958E0,-1.676562701636E2));
#724=CARTESIAN_POINT('',(-1.307889909064E2,6.339195828064E0,-1.675111111891E2));
#725=CARTESIAN_POINT('',(-1.305585179032E2,6.352891031751E0,-1.672807405724E2));
#726=CARTESIAN_POINT('',(-1.304213397095E2,6.374035428676E0,-1.671196614031E2));
#727=CARTESIAN_POINT('',(-1.303568670293E2,6.387122432978E0,-1.670377513399E2));
#729=CARTESIAN_POINT('',(-1.293827905040E2,6.356425121157E0,-1.702248904859E2));
#730=DIRECTION('',(-8.087352934196E-1,1.662649013433E-6,-5.881727851360E-1));
#731=DIRECTION('',(-5.881727851368E-1,-3.520147136745E-13,8.087352934208E-1));
#732=AXIS2_PLACEMENT_3D('',#729,#730,#731);
#734=CARTESIAN_POINT('',(-1.292133517353E2,6.352460242848E0,-1.700976974121E2));
#735=DIRECTION('',(-7.900118815159E-1,3.739574336298E-2,-6.119499860626E-1));
#736=DIRECTION('',(-6.123783234423E-1,3.106643535016E-9,7.905648543782E-1));
#737=AXIS2_PLACEMENT_3D('',#734,#735,#736);
#739=CARTESIAN_POINT('',(-1.305853408776E2,8.238944700153E0,-1.682112133317E2));
#740=CARTESIAN_POINT('',(-1.305222909817E2,8.197079230882E0,-1.681234916506E2));
#741=CARTESIAN_POINT('',(-1.304022724545E2,8.116900182055E0,-1.679440317300E2));
#742=CARTESIAN_POINT('',(-1.302410306917E2,8.005400487606E0,-1.676658603781E2));
#743=CARTESIAN_POINT('',(-1.301450096613E2,7.935609644834E0,-1.674749577869E2));
#744=CARTESIAN_POINT('',(-1.300998228039E2,7.901906253542E0,-1.673786077874E2));
#746=CARTESIAN_POINT('',(-1.315E2,8.911851505592E0,-1.663688075562E2));
#747=DIRECTION('',(0.E0,-7.071067811865E-1,7.071067811865E-1));
#748=DIRECTION('',(7.000437283153E-1,-5.049449368230E-1,-5.049449368230E-1));
#749=AXIS2_PLACEMENT_3D('',#746,#747,#748);
#751=CARTESIAN_POINT('',(-1.298653547421E2,9.033817305709E0,-1.681204573017E2));
#752=CARTESIAN_POINT('',(-1.296437293030E2,9.057036888825E0,-1.676990766001E2));
#753=CARTESIAN_POINT('',(-1.295E2,9.167790950627E0,-1.672882804962E2));
#754=CARTESIAN_POINT('',(-1.295E2,9.440058410099E0,-1.668970144607E2));
#756=CARTESIAN_POINT('',(-1.333719886811E2,1.035794615520E1,-1.723568677348E2));
#757=CARTESIAN_POINT('',(-1.338396658797E2,1.055435495982E1,-1.728934054111E2));
#758=CARTESIAN_POINT('',(-1.345785080068E2,1.068743586804E1,-1.739956937310E2));
#759=CARTESIAN_POINT('',(-1.35E2,1.040106471431E1,-1.751451584390E2));
#760=CARTESIAN_POINT('',(-1.35E2,9.979329253920E0,-1.757512197066E2));
#762=DIRECTION('',(6.903279831613E-1,-6.903279831613E-1,2.165514980989E-1));
#763=VECTOR('',#762,8.921587534214E0);
#764=CARTESIAN_POINT('',(-1.356588215291E2,1.6E1,-1.682525620082E2));
#765=LINE('',#764,#763);
#766=DIRECTION('',(4.675239301415E-11,5.711809608078E-1,8.208241650991E-1));
#767=VECTOR('',#766,6.267654024442E0);
#768=CARTESIAN_POINT('',(-1.370000000003E2,1.148832101068E1,-1.770842177469E2));
#769=LINE('',#768,#767);
#770=DIRECTION('',(1.318204062761E-10,-7.070990736181E-1,7.071144886710E-1));
#771=VECTOR('',#770,4.403389339291E0);
#772=CARTESIAN_POINT('',(-1.35E2,9.979329253920E0,-1.757512197066E2));
#773=LINE('',#772,#771);
#774=DIRECTION('',(1.980160967278E-9,5.711809592209E-1,8.208241662034E-1));
#775=VECTOR('',#774,2.322496442931E-1);
#776=CARTESIAN_POINT('',(-1.350000000005E2,9.846672679314E0,-1.759418558273E2));
#777=LINE('',#776,#775);
#778=CARTESIAN_POINT('',(-1.35E2,2.076363407816E1,-1.835385626009E2));
#779=DIRECTION('',(1.E0,0.E0,0.E0));
#780=DIRECTION('',(0.E0,-8.208241650724E-1,5.711809608462E-1));
#781=AXIS2_PLACEMENT_3D('',#778,#779,#780);
#783=DIRECTION('',(1.222126556118E-10,-2.993911847504E-1,-9.541304515074E-1));
#784=VECTOR('',#783,1.922522559903E1);
#785=CARTESIAN_POINT('',(-1.350000000005E2,8.073699072311E0,-1.795566598479E2));
#786=LINE('',#785,#784);
#787=CARTESIAN_POINT('',(-1.35E2,1.363705567831E0,-1.976006417988E2));
#788=DIRECTION('',(-1.E0,0.E0,0.E0));
#789=DIRECTION('',(0.E0,9.541304515440E-1,-2.993911846338E-1));
#790=AXIS2_PLACEMENT_3D('',#787,#788,#789);
#792=DIRECTION('',(-2.365555197549E-9,-1.E0,-2.365534356020E-9));
#793=VECTOR('',#792,1.363705597364E0);
#794=CARTESIAN_POINT('',(-1.349999999968E2,1.363705597364E0,-1.986006417955E2));
#795=LINE('',#794,#793);
#796=DIRECTION('',(-8.454445257477E-11,-9.999999999954E-1,-3.038296296714E-6));
#797=VECTOR('',#796,6.865696731359E0);
#798=CARTESIAN_POINT('',(-1.349999999994E2,6.865696731327E0,-1.726375193056E2));
#799=LINE('',#798,#797);
#800=DIRECTION('',(-7.071067811865E-1,5.804103337663E-1,-4.038859300066E-1));
#801=VECTOR('',#800,2.828427124510E0);
#802=CARTESIAN_POINT('',(-1.350000000005E2,9.846672679314E0,-1.759418558273E2));
#803=LINE('',#802,#801);
#804=CARTESIAN_POINT('',(-1.37E2,2.076363407816E1,-1.835385626009E2));
#805=DIRECTION('',(1.E0,0.E0,0.E0));
#806=DIRECTION('',(0.E0,-8.208241650724E-1,5.711809608462E-1));
#807=AXIS2_PLACEMENT_3D('',#804,#805,#806);
#809=CARTESIAN_POINT('',(-1.38E2,2.076363407816E1,-1.835385626009E2));
#810=DIRECTION('',(-1.E0,0.E0,0.E0));
#811=DIRECTION('',(0.E0,-9.541304515440E-1,2.993911846338E-1));
#812=AXIS2_PLACEMENT_3D('',#809,#810,#811);
#814=DIRECTION('',(1.E0,-3.019806626980E-14,-8.526512829121E-14));
#815=VECTOR('',#814,1.E0);
#816=CARTESIAN_POINT('',(-1.13E2,1.506828565838E1,-1.719395758652E2));
#817=LINE('',#816,#815);
#818=DIRECTION('',(-4.675692767885E-11,5.711809608078E-1,8.208241650991E-1));
#819=VECTOR('',#818,6.267654024442E0);
#820=CARTESIAN_POINT('',(-1.129999999997E2,1.148832101068E1,-1.770842177469E2));
#821=LINE('',#820,#819);
#822=DIRECTION('',(1.E0,2.949692047687E-9,4.366029318103E-9));
#823=VECTOR('',#822,9.999999994865E-1);
#824=CARTESIAN_POINT('',(-1.129999999997E2,1.148832101068E1,-1.770842177469E2));
#825=LINE('',#824,#823);
#826=DIRECTION('',(3.516632474583E-11,5.711809608173E-1,8.208241650925E-1));
#827=VECTOR('',#826,6.267654019174E0);
#828=CARTESIAN_POINT('',(-1.120000000002E2,1.148832101363E1,-1.770842177425E2));
#829=LINE('',#828,#827);
#830=DIRECTION('',(1.E0,-1.084666578554E-9,-1.918692759833E-9));
#831=VECTOR('',#830,1.000000000206E0);
#832=CARTESIAN_POINT('',(-1.380000000002E2,1.506828565946E1,-1.719395758632E2));
#833=LINE('',#832,#831);
#834=DIRECTION('',(-7.955615739603E-11,5.711809607809E-1,8.208241651178E-1));
#835=VECTOR('',#834,6.267654026637E0);
#836=CARTESIAN_POINT('',(-1.379999999997E2,1.148832101068E1,-1.770842177469E2));
#837=LINE('',#836,#835);
#838=DIRECTION('',(1.E0,0.E0,0.E0));
#839=VECTOR('',#838,9.999999994139E-1);
#840=CARTESIAN_POINT('',(-1.379999999997E2,1.148832101068E1,-1.770842177469E2));
#841=LINE('',#840,#839);
#842=DIRECTION('',(1.E0,0.E0,0.E0));
#843=VECTOR('',#842,2.863428683247E0);
#844=CARTESIAN_POINT('',(-1.139317143416E2,1.6E1,-1.689694348688E2));
#845=LINE('',#844,#843);
#846=CARTESIAN_POINT('',(-1.139317143416E2,1.6E1,-1.689694348688E2));
#847=CARTESIAN_POINT('',(-1.133514626050E2,1.6E1,-1.699853156077E2));
#848=CARTESIAN_POINT('',(-1.13E2,1.573651996644E1,-1.709792797321E2));
#849=CARTESIAN_POINT('',(-1.13E2,1.506828565838E1,-1.719395758652E2));
#851=CARTESIAN_POINT('',(-1.110682856584E2,1.6E1,-1.689694348688E2));
#852=CARTESIAN_POINT('',(-1.116485373950E2,1.6E1,-1.699853156077E2));
#853=CARTESIAN_POINT('',(-1.12E2,1.573651996644E1,-1.709792797321E2));
#854=CARTESIAN_POINT('',(-1.12E2,1.506828565838E1,-1.719395758652E2));
#856=DIRECTION('',(7.071067811865E-1,5.804103337663E-1,-4.038859300066E-1));
#857=VECTOR('',#856,2.828427124510E0);
#858=CARTESIAN_POINT('',(-1.149999999995E2,9.846672679314E0,-1.759418558273E2));
#859=LINE('',#858,#857);
#860=DIRECTION('',(6.903279831613E-1,6.903279831613E-1,-2.165514980989E-1));
#861=VECTOR('',#860,8.921587534214E0);
#862=CARTESIAN_POINT('',(-1.205E2,9.841178470909E0,-1.663205788623E2));
#863=LINE('',#862,#861);
#864=CARTESIAN_POINT('',(-1.205E2,9.440058410099E0,-1.668970144607E2));
#865=CARTESIAN_POINT('',(-1.205E2,9.158901436503E0,-1.673010553058E2));
#866=CARTESIAN_POINT('',(-1.202190053378E2,8.967987334022E0,-1.680673651112E2));
#867=CARTESIAN_POINT('',(-1.197264439198E2,9.056707939498E0,-1.688022239911E2));
#868=CARTESIAN_POINT('',(-1.194146591208E2,9.187647142579E0,-1.691599157753E2));
#870=CARTESIAN_POINT('',(-1.15E2,9.979329253920E0,-1.757512197066E2));
#871=CARTESIAN_POINT('',(-1.15E2,1.040106471431E1,-1.751451584390E2));
#872=CARTESIAN_POINT('',(-1.154214919932E2,1.068743586804E1,-1.739956937310E2));
#873=CARTESIAN_POINT('',(-1.161603341203E2,1.055435495982E1,-1.728934054111E2));
#874=CARTESIAN_POINT('',(-1.166280113189E2,1.035794615520E1,-1.723568677348E2));
#876=DIRECTION('',(0.E0,7.071067794248E-1,-7.071067829483E-1));
#877=VECTOR('',#876,4.403407854432E0);
#878=CARTESIAN_POINT('',(-1.15E2,6.865649707479E0,-1.726375401447E2));
#879=LINE('',#878,#877);
#880=DIRECTION('',(-2.365534356020E-9,1.E0,2.365555197549E-9));
#881=VECTOR('',#880,1.363705597363E0);
#882=CARTESIAN_POINT('',(-1.15E2,0.E0,-1.986006417988E2));
#883=LINE('',#882,#881);
#884=CARTESIAN_POINT('',(-1.15E2,1.363705567831E0,-1.976006417988E2));
#885=DIRECTION('',(1.E0,0.E0,0.E0));
#886=DIRECTION('',(0.E0,2.708944180085E-14,-1.E0));
#887=AXIS2_PLACEMENT_3D('',#884,#885,#886);
#889=DIRECTION('',(1.222126556118E-10,2.993911847504E-1,9.541304515074E-1));
#890=VECTOR('',#889,1.922522559903E1);
#891=CARTESIAN_POINT('',(-1.150000000018E2,2.317836003125E0,-1.979000330290E2));
#892=LINE('',#891,#890);
#893=CARTESIAN_POINT('',(-1.15E2,2.076363407815E1,-1.835385626009E2));
#894=DIRECTION('',(-1.E0,0.E0,0.E0));
#895=DIRECTION('',(0.E0,-9.541304515440E-1,2.993911846338E-1));
#896=AXIS2_PLACEMENT_3D('',#893,#894,#895);
#898=DIRECTION('',(1.980099779436E-9,-5.711809592210E-1,-8.208241662033E-1));
#899=VECTOR('',#898,2.322496442930E-1);
#900=CARTESIAN_POINT('',(-1.15E2,9.979329253920E0,-1.757512197066E2));
#901=LINE('',#900,#899);
#902=CARTESIAN_POINT('',(-1.18E2,6.865649702834E0,-1.726375401555E2));
#903=DIRECTION('',(0.E0,-7.071067811865E-1,7.071067811865E-1));
#904=DIRECTION('',(1.E0,0.E0,0.E0));
#905=AXIS2_PLACEMENT_3D('',#902,#903,#904);
#907=DIRECTION('',(0.E0,7.071067811866E-1,-7.071067811865E-1));
#908=VECTOR('',#907,2.270961117172E0);
#909=CARTESIAN_POINT('',(-1.166280113189E2,8.752134149436E0,-1.707510557290E2));
#910=LINE('',#909,#908);
#911=DIRECTION('',(6.334025395372E-1,2.660079132016E-1,-7.266643055923E-1));
#912=VECTOR('',#911,4.399489468318E0);
#913=CARTESIAN_POINT('',(-1.194146591208E2,9.187647142579E0,-1.691599157753E2));
#914=LINE('',#913,#912);
#915=DIRECTION('',(-1.161818425739E-9,-7.071067807641E-1,7.071067816090E-1));
#916=VECTOR('',#915,1.341667861624E0);
#917=CARTESIAN_POINT('',(-1.194146591208E2,9.187647142579E0,-1.691599157753E2));
#918=LINE('',#917,#916);
#919=CARTESIAN_POINT('',(-1.194146591223E2,8.238944700092E0,-1.682112133317E2));
#920=CARTESIAN_POINT('',(-1.193960411627E2,8.239825994742E0,-1.682256349606E2));
#921=CARTESIAN_POINT('',(-1.193586655539E2,8.241294548125E0,-1.682542857750E2));
#922=CARTESIAN_POINT('',(-1.193021829550E2,8.242615957462E0,-1.682966854381E2));
#923=CARTESIAN_POINT('',(-1.192642495589E2,8.242909557733E0,-1.683245669627E2));
#924=CARTESIAN_POINT('',(-1.192452132072E2,8.242909557745E0,-1.683384115822E2));
#926=DIRECTION('',(8.087360843053E-1,-4.349469011366E-12,-5.881716976722E-1));
#927=VECTOR('',#926,2.726938526446E0);
#928=CARTESIAN_POINT('',(-1.192452132072E2,8.242909557745E0,-1.683384115822E2));
#929=LINE('',#928,#927);
#930=CARTESIAN_POINT('',(-1.170398396212E2,8.242909557733E0,-1.699423196447E2));
#931=CARTESIAN_POINT('',(-1.170135267981E2,8.242909814192E0,-1.699614564998E2));
#932=CARTESIAN_POINT('',(-1.169642962254E2,8.246841803174E0,-1.700011925417E2));
#933=CARTESIAN_POINT('',(-1.169001537889E2,8.262471588902E0,-1.700634713721E2));
#934=CARTESIAN_POINT('',(-1.168436473206E2,8.286700585871E0,-1.701287959824E2));
#935=CARTESIAN_POINT('',(-1.167936123618E2,8.319221075712E0,-1.701977055332E2));
#936=CARTESIAN_POINT('',(-1.167492371793E2,8.360440912738E0,-1.702711982302E2));
#937=CARTESIAN_POINT('',(-1.167103278719E2,8.411311631468E0,-1.703503666270E2));
#938=CARTESIAN_POINT('',(-1.166771785769E2,8.473371830952E0,-1.704365354047E2));
#939=CARTESIAN_POINT('',(-1.166507420222E2,8.548722913849E0,-1.705311130728E2));
#940=CARTESIAN_POINT('',(-1.166327344907E2,8.639597546516E0,-1.706350840920E2));
#941=CARTESIAN_POINT('',(-1.166280116680E2,8.712511095781E0,-1.707114324214E2));
#942=CARTESIAN_POINT('',(-1.166280113189E2,8.752134149436E0,-1.707510557290E2));
#944=CARTESIAN_POINT('',(-1.199002261572E2,7.901880442283E0,-1.673784728763E2));
#945=CARTESIAN_POINT('',(-1.198550506921E2,7.935645480928E0,-1.674748767840E2));
#946=CARTESIAN_POINT('',(-1.197590526842E2,8.005408082016E0,-1.676657946345E2));
#947=CARTESIAN_POINT('',(-1.195977208003E2,8.116857893493E0,-1.679439926590E2));
#948=CARTESIAN_POINT('',(-1.194777285566E2,8.197084324520E0,-1.681234832107E2));
#949=CARTESIAN_POINT('',(-1.194146591223E2,8.238944700092E0,-1.682112133317E2));
#951=CARTESIAN_POINT('',(-1.220005981871E2,6.387182429806E0,-1.688931105470E2));
#952=DIRECTION('',(-6.168918961201E-1,7.163924918963E-2,7.837807132591E-1));
#953=DIRECTION('',(7.857997405455E-1,-4.550146330271E-9,6.184810164901E-1));
#954=AXIS2_PLACEMENT_3D('',#951,#952,#953);
#956=CARTESIAN_POINT('',(-1.189495130302E2,6.352460264704E0,-1.677260030536E2));
#957=CARTESIAN_POINT('',(-1.189388745564E2,6.353341502167E0,-1.677342437053E2));
#958=CARTESIAN_POINT('',(-1.189175164885E2,6.354810142508E0,-1.677506160430E2));
#959=CARTESIAN_POINT('',(-1.188852411557E2,6.356131510179E0,-1.677748440936E2));
#960=CARTESIAN_POINT('',(-1.188635643381E2,6.356425120919E0,-1.677907768255E2));
#961=CARTESIAN_POINT('',(-1.188526867921E2,6.356425121165E0,-1.677986877682E2));
#963=CARTESIAN_POINT('',(-1.196431988045E2,6.387182397613E0,-1.670376676982E2));
#964=CARTESIAN_POINT('',(-1.195787211203E2,6.374088108903E0,-1.671195886160E2));
#965=CARTESIAN_POINT('',(-1.194415356337E2,6.352876018509E0,-1.672806837134E2));
#966=CARTESIAN_POINT('',(-1.192110416992E2,6.339201641439E0,-1.675110826650E2));
#967=CARTESIAN_POINT('',(-1.190395482528E2,6.345008664802E0,-1.676562608792E2));
#968=CARTESIAN_POINT('',(-1.189495130302E2,6.352460264704E0,-1.677260030536E2));
#970=CARTESIAN_POINT('',(-1.205000000087E2,4.517180069623E0,-1.645637351077E2));
#971=CARTESIAN_POINT('',(-1.204999759233E2,4.606777820029E0,-1.646468670921E2));
#972=CARTESIAN_POINT('',(-1.204949876813E2,4.781344423177E0,-1.648009347805E2));
#973=CARTESIAN_POINT('',(-1.204764840586E2,5.010361790674E0,-1.650127683577E2));
#974=CARTESIAN_POINT('',(-1.204490521641E2,5.210887445270E0,-1.652097509815E2));
#975=CARTESIAN_POINT('',(-1.204146005968E2,5.386709188458E0,-1.653923117447E2));
#976=CARTESIAN_POINT('',(-1.203754575799E2,5.539414943021E0,-1.655585446529E2));
#977=CARTESIAN_POINT('',(-1.203338415118E2,5.670435211944E0,-1.657078465791E2));
#978=CARTESIAN_POINT('',(-1.202903262746E2,5.784243896430E0,-1.658443252414E2));
#979=CARTESIAN_POINT('',(-1.202440958391E2,5.886357086020E0,-1.659736958432E2));
#980=CARTESIAN_POINT('',(-1.201934915013E2,5.981207309289E0,-1.661014466270E2));
#981=CARTESIAN_POINT('',(-1.201374006975E2,6.069985088206E0,-1.662298671827E2));
#982=CARTESIAN_POINT('',(-1.200761709504E2,6.151330155991E0,-1.663575276426E2));
#983=CARTESIAN_POINT('',(-1.200108166323E2,6.223089970562E0,-1.664822706180E2));
#984=CARTESIAN_POINT('',(-1.199414921537E2,6.284547013519E0,-1.666039885971E2));
#985=CARTESIAN_POINT('',(-1.198686973744E2,6.334186082933E0,-1.667220477801E2));
#986=CARTESIAN_POINT('',(-1.197904956494E2,6.372164704189E0,-1.668396496275E2));
#987=CARTESIAN_POINT('',(-1.197069732675E2,6.392497853653E0,-1.669555699972E2));
#988=CARTESIAN_POINT('',(-1.196630668881E2,6.391146054989E0,-1.670124240227E2));
#989=CARTESIAN_POINT('',(-1.196431988045E2,6.387182397613E0,-1.670376676982E2));
#991=CARTESIAN_POINT('',(-1.165E2,0.E0,-1.645637434320E2));
#992=DIRECTION('',(0.E0,1.E0,0.E0));
#993=DIRECTION('',(-5.881716976750E-1,0.E0,-8.087360843032E-1));
#994=AXIS2_PLACEMENT_3D('',#991,#992,#993);
#996=DIRECTION('',(2.129026408291E-10,-1.E0,-1.548378777543E-10));
#997=VECTOR('',#996,6.356425121165E0);
#998=CARTESIAN_POINT('',(-1.188526867921E2,6.356425121165E0,-1.677986877682E2));
#999=LINE('',#998,#997);
#1000=CARTESIAN_POINT('',(-1.207866448690E2,6.352460403577E0,
-1.700977000425E2));
#1001=DIRECTION('',(-7.900122750647E-1,-3.739513340898E-2,6.119495152742E-1));
#1002=DIRECTION('',(6.123778390146E-1,-1.980521139681E-8,7.905652296198E-1));
#1003=AXIS2_PLACEMENT_3D('',#1000,#1001,#1002);
#1005=CARTESIAN_POINT('',(-1.206172018837E2,6.356425121165E0,
-1.702248960221E2));
#1006=DIRECTION('',(-8.087360843032E-1,0.E0,5.881716976750E-1));
#1007=DIRECTION('',(5.881716976750E-1,0.E0,8.087360843032E-1));
#1008=AXIS2_PLACEMENT_3D('',#1005,#1006,#1007);
#1010=DIRECTION('',(8.087360843023E-1,9.714683866458E-9,-5.881716976762E-1));
#1011=VECTOR('',#1010,2.726937917142E0);
#1012=CARTESIAN_POINT('',(-1.188526867921E2,6.356425121165E0,
-1.677986877682E2));
#1013=LINE('',#1012,#1011);
#1014=DIRECTION('',(-8.087360843032E-1,0.E0,5.881716976750E-1));
#1015=VECTOR('',#1014,2.726938520742E0);
#1016=CARTESIAN_POINT('',(-1.166473132093E2,0.E0,-1.694025958284E2));
#1017=LINE('',#1016,#1015);
#1018=DIRECTION('',(7.701005057249E-8,-1.E0,-5.600652661707E-8));
#1019=VECTOR('',#1018,6.356425147657E0);
#1020=CARTESIAN_POINT('',(-1.166473136988E2,6.356425147657E0,
-1.694025954724E2));
#1021=LINE('',#1020,#1019);
#1022=DIRECTION('',(-1.E0,0.E0,0.E0));
#1023=VECTOR('',#1022,2.4E1);
#1024=CARTESIAN_POINT('',(-1.13E2,0.E0,-2.006006417988E2));
#1025=LINE('',#1024,#1023);
#1026=DIRECTION('',(0.E0,0.E0,1.E0));
#1027=VECTOR('',#1026,2.596310163319E1);
#1028=CARTESIAN_POINT('',(-1.15E2,0.E0,-1.986006417988E2));
#1029=LINE('',#1028,#1027);
#1030=CARTESIAN_POINT('',(-1.19E2,0.E0,-1.726375401656E2));
#1031=DIRECTION('',(0.E0,-1.E0,0.E0));
#1032=DIRECTION('',(1.E0,0.E0,0.E0));
#1033=AXIS2_PLACEMENT_3D('',#1030,#1031,#1032);
#1035=DIRECTION('',(0.E0,0.E0,1.E0));
#1036=VECTOR('',#1035,3.963101633187E0);
#1037=CARTESIAN_POINT('',(-1.205E2,0.E0,-1.645637434320E2));
#1038=LINE('',#1037,#1036);
#1039=DIRECTION('',(0.E0,0.E0,-1.E0));
#1040=VECTOR('',#1039,3.963101633187E0);
#1041=CARTESIAN_POINT('',(-1.295E2,0.E0,-1.606006417988E2));
#1042=LINE('',#1041,#1040);
#1043=CARTESIAN_POINT('',(-1.31E2,0.E0,-1.726375401656E2));
#1044=DIRECTION('',(0.E0,-1.E0,0.E0));
#1045=DIRECTION('',(-5.881716976750E-1,0.E0,8.087360843032E-1));
#1046=AXIS2_PLACEMENT_3D('',#1043,#1044,#1045);
#1048=DIRECTION('',(0.E0,0.E0,-1.E0));
#1049=VECTOR('',#1048,2.596310163319E1);
#1050=CARTESIAN_POINT('',(-1.35E2,0.E0,-1.726375401656E2));
#1051=LINE('',#1050,#1049);
#1052=DIRECTION('',(-7.071067811865E-1,0.E0,7.071067811866E-1));
#1053=VECTOR('',#1052,2.828427124746E0);
#1054=CARTESIAN_POINT('',(-1.13E2,0.E0,-2.006006417988E2));
#1055=LINE('',#1054,#1053);
#1056=DIRECTION('',(7.071067811865E-1,1.305173555526E-8,-7.071067811866E-1));
#1057=VECTOR('',#1056,2.828427119044E0);
#1058=CARTESIAN_POINT('',(-1.150000000032E2,1.363705597363E0,
-1.986006417955E2));
#1059=LINE('',#1058,#1057);
#1060=CARTESIAN_POINT('',(-1.13E2,1.363705567831E0,-1.976006417988E2));
#1061=DIRECTION('',(1.E0,0.E0,0.E0));
#1062=DIRECTION('',(0.E0,0.E0,-1.E0));
#1063=AXIS2_PLACEMENT_3D('',#1060,#1061,#1062);
#1065=CARTESIAN_POINT('',(-1.12E2,1.363705567831E0,-1.976006417988E2));
#1066=DIRECTION('',(1.E0,0.E0,0.E0));
#1067=DIRECTION('',(0.E0,0.E0,-1.E0));
#1068=AXIS2_PLACEMENT_3D('',#1065,#1066,#1067);
#1070=DIRECTION('',(7.071067811866E-1,-1.205480722269E-8,7.071067811865E-1));
#1071=VECTOR('',#1070,2.828427120928E0);
#1072=CARTESIAN_POINT('',(-1.119999999951E2,1.363705629204E0,
-2.006006417939E2));
#1073=LINE('',#1072,#1071);
#1074=DIRECTION('',(-7.071067811865E-1,0.E0,-7.071067811865E-1));
#1075=VECTOR('',#1074,2.828427124746E0);
#1076=CARTESIAN_POINT('',(-1.1E2,0.E0,-1.986006417988E2));
#1077=LINE('',#1076,#1075);
#1078=DIRECTION('',(0.E0,0.E0,-1.E0));
#1079=VECTOR('',#1078,3.963101633187E0);
#1080=CARTESIAN_POINT('',(-7.05E1,0.E0,-1.606006417988E2));
#1081=LINE('',#1080,#1079);
#1082=DIRECTION('',(1.E0,0.E0,0.E0));
#1083=VECTOR('',#1082,9.E0);
#1084=CARTESIAN_POINT('',(-7.95E1,0.E0,-1.606006417988E2));
#1085=LINE('',#1084,#1083);
#1086=DIRECTION('',(0.E0,0.E0,-1.E0));
#1087=VECTOR('',#1086,3.963101633187E0);
#1088=CARTESIAN_POINT('',(-7.95E1,0.E0,-1.606006417988E2));
#1089=LINE('',#1088,#1087);
#1090=CARTESIAN_POINT('',(-8.35E1,0.E0,-1.645637434320E2));
#1091=DIRECTION('',(0.E0,1.E0,0.E0));
#1092=DIRECTION('',(1.E0,0.E0,0.E0));
#1093=AXIS2_PLACEMENT_3D('',#1090,#1091,#1092);
#1095=DIRECTION('',(8.087360843032E-1,0.E0,5.881716976751E-1));
#1096=VECTOR('',#1095,2.726938520742E0);
#1097=CARTESIAN_POINT('',(-8.335268679070E1,0.E0,-1.694025958284E2));
#1098=LINE('',#1097,#1096);
#1099=CARTESIAN_POINT('',(-8.1E1,0.E0,-1.726375401656E2));
#1100=DIRECTION('',(0.E0,1.E0,0.E0));
#1101=DIRECTION('',(-1.E0,0.E0,0.E0));
#1102=AXIS2_PLACEMENT_3D('',#1099,#1100,#1101);
#1104=DIRECTION('',(0.E0,0.E0,1.E0));
#1105=VECTOR('',#1104,2.596310163319E1);
#1106=CARTESIAN_POINT('',(-8.5E1,0.E0,-1.986006417988E2));
#1107=LINE('',#1106,#1105);
#1108=DIRECTION('',(7.071067811866E-1,0.E0,7.071067811865E-1));
#1109=VECTOR('',#1108,2.828427124746E0);
#1110=CARTESIAN_POINT('',(-8.7E1,0.E0,-2.006006417988E2));
#1111=LINE('',#1110,#1109);
#1112=DIRECTION('',(-1.E0,0.E0,0.E0));
#1113=VECTOR('',#1112,2.4E1);
#1114=CARTESIAN_POINT('',(-6.3E1,0.E0,-2.006006417988E2));
#1115=LINE('',#1114,#1113);
#1116=DIRECTION('',(7.071067811866E-1,0.E0,-7.071067811865E-1));
#1117=VECTOR('',#1116,2.828427124746E0);
#1118=CARTESIAN_POINT('',(-6.5E1,0.E0,-1.986006417988E2));
#1119=LINE('',#1118,#1117);
#1120=DIRECTION('',(0.E0,0.E0,1.E0));
#1121=VECTOR('',#1120,2.596310163319E1);
#1122=CARTESIAN_POINT('',(-6.5E1,0.E0,-1.986006417988E2));
#1123=LINE('',#1122,#1121);
#1124=CARTESIAN_POINT('',(-6.9E1,0.E0,-1.726375401656E2));
#1125=DIRECTION('',(0.E0,-1.E0,0.E0));
#1126=DIRECTION('',(1.E0,0.E0,0.E0));
#1127=AXIS2_PLACEMENT_3D('',#1124,#1125,#1126);
#1129=DIRECTION('',(-8.087360843032E-1,0.E0,5.881716976750E-1));
#1130=VECTOR('',#1129,2.726938520742E0);
#1131=CARTESIAN_POINT('',(-6.664731320930E1,0.E0,-1.694025958284E2));
#1132=LINE('',#1131,#1130);
#1133=CARTESIAN_POINT('',(-6.65E1,0.E0,-1.645637434320E2));
#1134=DIRECTION('',(0.E0,-1.E0,0.E0));
#1135=DIRECTION('',(-1.E0,0.E0,0.E0));
#1136=AXIS2_PLACEMENT_3D('',#1133,#1134,#1135);
#1138=DIRECTION('',(0.E0,0.E0,-1.E0));
#1139=VECTOR('',#1138,3.963101633187E0);
#1140=CARTESIAN_POINT('',(-9.55E1,0.E0,-1.606006417988E2));
#1141=LINE('',#1140,#1139);
#1142=DIRECTION('',(1.E0,0.E0,0.E0));
#1143=VECTOR('',#1142,9.E0);
#1144=CARTESIAN_POINT('',(-1.045E2,0.E0,-1.606006417988E2));
#1145=LINE('',#1144,#1143);
#1146=DIRECTION('',(0.E0,0.E0,-1.E0));
#1147=VECTOR('',#1146,3.963101633187E0);
#1148=CARTESIAN_POINT('',(-1.045E2,0.E0,-1.606006417988E2));
#1149=LINE('',#1148,#1147);
#1150=CARTESIAN_POINT('',(-1.085E2,0.E0,-1.645637434320E2));
#1151=DIRECTION('',(0.E0,1.E0,0.E0));
#1152=DIRECTION('',(1.E0,0.E0,0.E0));
#1153=AXIS2_PLACEMENT_3D('',#1150,#1151,#1152);
#1155=DIRECTION('',(8.087360843032E-1,0.E0,5.881716976750E-1));
#1156=VECTOR('',#1155,2.726938520742E0);
#1157=CARTESIAN_POINT('',(-1.083526867907E2,0.E0,-1.694025958284E2));
#1158=LINE('',#1157,#1156);
#1159=CARTESIAN_POINT('',(-1.06E2,0.E0,-1.726375401656E2));
#1160=DIRECTION('',(0.E0,1.E0,0.E0));
#1161=DIRECTION('',(-1.E0,0.E0,0.E0));
#1162=AXIS2_PLACEMENT_3D('',#1159,#1160,#1161);
#1164=DIRECTION('',(0.E0,0.E0,-1.E0));
#1165=VECTOR('',#1164,2.596310163319E1);
#1166=CARTESIAN_POINT('',(-1.1E2,0.E0,-1.726375401656E2));
#1167=LINE('',#1166,#1165);
#1168=DIRECTION('',(-1.E0,0.E0,0.E0));
#1169=VECTOR('',#1168,2.4E1);
#1170=CARTESIAN_POINT('',(-8.8E1,0.E0,-2.006006417988E2));
#1171=LINE('',#1170,#1169);
#1172=DIRECTION('',(7.071067811866E-1,0.E0,-7.071067811865E-1));
#1173=VECTOR('',#1172,2.828427124746E0);
#1174=CARTESIAN_POINT('',(-9.E1,0.E0,-1.986006417988E2));
#1175=LINE('',#1174,#1173);
#1176=DIRECTION('',(0.E0,0.E0,1.E0));
#1177=VECTOR('',#1176,2.596310163319E1);
#1178=CARTESIAN_POINT('',(-9.E1,0.E0,-1.986006417988E2));
#1179=LINE('',#1178,#1177);
#1180=CARTESIAN_POINT('',(-9.4E1,0.E0,-1.726375401656E2));
#1181=DIRECTION('',(0.E0,-1.E0,0.E0));
#1182=DIRECTION('',(1.E0,0.E0,0.E0));
#1183=AXIS2_PLACEMENT_3D('',#1180,#1181,#1182);
#1185=DIRECTION('',(-8.087360843032E-1,0.E0,5.881716976750E-1));
#1186=VECTOR('',#1185,2.726938520742E0);
#1187=CARTESIAN_POINT('',(-9.164731320930E1,0.E0,-1.694025958284E2));
#1188=LINE('',#1187,#1186);
#1189=CARTESIAN_POINT('',(-9.15E1,0.E0,-1.645637434320E2));
#1190=DIRECTION('',(0.E0,-1.E0,0.E0));
#1191=DIRECTION('',(-1.E0,0.E0,0.E0));
#1192=AXIS2_PLACEMENT_3D('',#1189,#1190,#1191);
#1194=DIRECTION('',(-1.936119524442E-9,9.999999999983E-1,1.842800451567E-6));
#1195=VECTOR('',#1194,4.517180069631E0);
#1196=CARTESIAN_POINT('',(-7.05E1,0.E0,-1.645637434320E2));
#1197=LINE('',#1196,#1195);
#1198=CARTESIAN_POINT('',(-7.049999999960E1,8.911752071838E0,
-1.663688057963E2));
#1199=CARTESIAN_POINT('',(-7.049999999960E1,8.742533884601E0,
-1.661995580049E2));
#1200=CARTESIAN_POINT('',(-7.050000000018E1,8.381943063729E0,
-1.658986916236E2));
#1201=CARTESIAN_POINT('',(-7.049999999995E1,7.760229532492E0,
-1.655316012635E2));
#1202=CARTESIAN_POINT('',(-7.050000000002E1,7.161850178473E0,
-1.652730760298E2));
#1203=CARTESIAN_POINT('',(-7.049999999998E1,6.607803240456E0,
-1.650819900820E2));
#1204=CARTESIAN_POINT('',(-7.050000000007E1,6.108415330610E0,
-1.649366550204E2));
#1205=CARTESIAN_POINT('',(-7.049999999975E1,5.659176436878E0,
-1.648202995306E2));
#1206=CARTESIAN_POINT('',(-7.050000000094E1,5.248758532326E0,
-1.647224419001E2));
#1207=CARTESIAN_POINT('',(-7.049999999649E1,4.870020798249E0,
-1.646388997684E2));
#1208=CARTESIAN_POINT('',(-7.050000000757E1,4.631601216719E0,
-1.645887969262E2));
#1209=CARTESIAN_POINT('',(-7.050000000875E1,4.517180069623E0,
-1.645637351077E2));
#1211=DIRECTION('',(5.324298864680E-10,-7.071721495059E-1,7.070414068237E-1));
#1212=VECTOR('',#1211,7.470689260461E-1);
#1213=CARTESIAN_POINT('',(-7.05E1,9.440058410099E0,-1.668970144607E2));
#1214=LINE('',#1213,#1212);
#1215=DIRECTION('',(0.E0,5.711809608462E-1,8.208241650724E-1));
#1216=VECTOR('',#1215,7.022644105925E-1);
#1217=CARTESIAN_POINT('',(-7.05E1,9.440058410099E0,-1.668970144607E2));
#1218=LINE('',#1217,#1216);
#1219=CARTESIAN_POINT('',(-7.05E1,9.841178470909E0,-1.663205788623E2));
#1220=CARTESIAN_POINT('',(-7.05E1,1.028039282364E1,-1.656893992903E2));
#1221=CARTESIAN_POINT('',(-7.05E1,1.05E1,-1.649893303438E2));
#1222=CARTESIAN_POINT('',(-7.05E1,1.05E1,-1.642203720226E2));
#1224=CARTESIAN_POINT('',(-7.05E1,1.05E1,-1.636006417988E2));
#1225=CARTESIAN_POINT('',(-7.05E1,1.05E1,-1.629970884082E2));
#1226=CARTESIAN_POINT('',(-7.05E1,1.010299086534E1,-1.621869907616E2));
#1227=CARTESIAN_POINT('',(-7.05E1,8.831591545878E0,-1.610441765187E2));
#1228=CARTESIAN_POINT('',(-7.05E1,7.464466094067E0,-1.606006417988E2));
#1229=CARTESIAN_POINT('',(-7.05E1,6.257359312881E0,-1.606006417988E2));
#1231=DIRECTION('',(2.129026408291E-10,-1.E0,-1.548378777543E-10));
#1232=VECTOR('',#1231,6.356425121165E0);
#1233=CARTESIAN_POINT('',(-6.885268679205E1,6.356425121165E0,
-1.677986877682E2));
#1234=LINE('',#1233,#1232);
#1235=CARTESIAN_POINT('',(-6.894951303018E1,6.352460264704E0,
-1.677260030536E2));
#1236=CARTESIAN_POINT('',(-6.893887455636E1,6.353341502167E0,
-1.677342437053E2));
#1237=CARTESIAN_POINT('',(-6.891751648855E1,6.354810142508E0,
-1.677506160430E2));
#1238=CARTESIAN_POINT('',(-6.888524115572E1,6.356131510179E0,
-1.677748440936E2));
#1239=CARTESIAN_POINT('',(-6.886356433811E1,6.356425120919E0,
-1.677907768255E2));
#1240=CARTESIAN_POINT('',(-6.885268679205E1,6.356425121165E0,
-1.677986877682E2));
#1242=CARTESIAN_POINT('',(-6.964319880453E1,6.387182397613E0,
-1.670376676982E2));
#1243=CARTESIAN_POINT('',(-6.957872112035E1,6.374088108903E0,
-1.671195886160E2));
#1244=CARTESIAN_POINT('',(-6.944153563368E1,6.352876018509E0,
-1.672806837134E2));
#1245=CARTESIAN_POINT('',(-6.921104169920E1,6.339201641439E0,
-1.675110826650E2));
#1246=CARTESIAN_POINT('',(-6.903954825282E1,6.345008664802E0,
-1.676562608792E2));
#1247=CARTESIAN_POINT('',(-6.894951303018E1,6.352460264704E0,
-1.677260030536E2));
#1249=CARTESIAN_POINT('',(-7.050000000875E1,4.517180069623E0,
-1.645637351077E2));
#1250=CARTESIAN_POINT('',(-7.049997592326E1,4.606777820029E0,
-1.646468670921E2));
#1251=CARTESIAN_POINT('',(-7.049498768133E1,4.781344423177E0,
-1.648009347805E2));
#1252=CARTESIAN_POINT('',(-7.047648405860E1,5.010361790674E0,
-1.650127683577E2));
#1253=CARTESIAN_POINT('',(-7.044905216406E1,5.210887445270E0,
-1.652097509815E2));
#1254=CARTESIAN_POINT('',(-7.041460059680E1,5.386709188458E0,
-1.653923117447E2));
#1255=CARTESIAN_POINT('',(-7.037545757993E1,5.539414943021E0,
-1.655585446529E2));
#1256=CARTESIAN_POINT('',(-7.033384151176E1,5.670435211944E0,
-1.657078465791E2));
#1257=CARTESIAN_POINT('',(-7.029032627461E1,5.784243896430E0,
-1.658443252414E2));
#1258=CARTESIAN_POINT('',(-7.024409583909E1,5.886357086020E0,
-1.659736958432E2));
#1259=CARTESIAN_POINT('',(-7.019349150135E1,5.981207309289E0,
-1.661014466270E2));
#1260=CARTESIAN_POINT('',(-7.013740069746E1,6.069985088206E0,
-1.662298671827E2));
#1261=CARTESIAN_POINT('',(-7.007617095035E1,6.151330155991E0,
-1.663575276426E2));
#1262=CARTESIAN_POINT('',(-7.001081663228E1,6.223089970562E0,
-1.664822706180E2));
#1263=CARTESIAN_POINT('',(-6.994149215374E1,6.284547013519E0,
-1.666039885971E2));
#1264=CARTESIAN_POINT('',(-6.986869737444E1,6.334186082933E0,
-1.667220477801E2));
#1265=CARTESIAN_POINT('',(-6.979049564938E1,6.372164704189E0,
-1.668396496275E2));
#1266=CARTESIAN_POINT('',(-6.970697326750E1,6.392497853653E0,
-1.669555699972E2));
#1267=CARTESIAN_POINT('',(-6.966306688806E1,6.391146054989E0,
-1.670124240227E2));
#1268=CARTESIAN_POINT('',(-6.964319880453E1,6.387182397613E0,
-1.670376676982E2));
#1270=DIRECTION('',(7.701004833682E-8,-1.E0,-5.600652214573E-8));
#1271=VECTOR('',#1270,6.356425147657E0);
#1272=CARTESIAN_POINT('',(-6.664731369881E1,6.356425147657E0,
-1.694025954724E2));
#1273=LINE('',#1272,#1271);
#1274=DIRECTION('',(8.087360843023E-1,9.714683866458E-9,-5.881716976762E-1));
#1275=VECTOR('',#1274,2.726937917142E0);
#1276=CARTESIAN_POINT('',(-6.885268679205E1,6.356425121165E0,
-1.677986877682E2));
#1277=LINE('',#1276,#1275);
#1278=DIRECTION('',(0.E0,-1.E0,-3.044929283023E-9));
#1279=VECTOR('',#1278,6.865649707479E0);
#1280=CARTESIAN_POINT('',(-6.5E1,6.865649707479E0,-1.726375401447E2));
#1281=LINE('',#1280,#1279);
#1282=CARTESIAN_POINT('',(-6.664731369881E1,6.356425147657E0,
-1.694025954724E2));
#1283=CARTESIAN_POINT('',(-6.654232250884E1,6.356423159419E0,
-1.694789521431E2));
#1284=CARTESIAN_POINT('',(-6.634501895631E1,6.360371749211E0,
-1.696381758721E2));
#1285=CARTESIAN_POINT('',(-6.608860253159E1,6.375992751571E0,
-1.698871787443E2));
#1286=CARTESIAN_POINT('',(-6.586253624740E1,6.400234343248E0,
-1.701485063958E2));
#1287=CARTESIAN_POINT('',(-6.566240723362E1,6.432748329014E0,
-1.704241366179E2));
#1288=CARTESIAN_POINT('',(-6.548490360820E1,6.473969199077E0,
-1.707181089899E2));
#1289=CARTESIAN_POINT('',(-6.532926714669E1,6.524837902537E0,
-1.710347826969E2));
#1290=CARTESIAN_POINT('',(-6.519666907447E1,6.586894781483E0,
-1.713794552361E2));
#1291=CARTESIAN_POINT('',(-6.509092359695E1,6.662231535962E0,
-1.717577794069E2));
#1292=CARTESIAN_POINT('',(-6.501889237761E1,6.753197634539E0,
-1.721736049754E2));
#1293=CARTESIAN_POINT('',(-6.500000006608E1,6.825775258482E0,
-1.724791671749E2));
#1294=CARTESIAN_POINT('',(-6.5E1,6.865649707479E0,-1.726375401447E2));
#1296=DIRECTION('',(-2.365534356020E-9,1.E0,2.365596880606E-9));
#1297=VECTOR('',#1296,1.363705597363E0);
#1298=CARTESIAN_POINT('',(-6.5E1,0.E0,-1.986006417988E2));
#1299=LINE('',#1298,#1297);
#1300=CARTESIAN_POINT('',(-6.5E1,1.363705567831E0,-1.976006417988E2));
#1301=DIRECTION('',(1.E0,0.E0,0.E0));
#1302=DIRECTION('',(0.E0,2.708944180085E-14,-1.E0));
#1303=AXIS2_PLACEMENT_3D('',#1300,#1301,#1302);
#1305=DIRECTION('',(1.222126556118E-10,2.993911847504E-1,9.541304515074E-1));
#1306=VECTOR('',#1305,1.922522559903E1);
#1307=CARTESIAN_POINT('',(-6.500000000184E1,2.317836003125E0,
-1.979000330290E2));
#1308=LINE('',#1307,#1306);
#1309=CARTESIAN_POINT('',(-6.5E1,2.076363407815E1,-1.835385626009E2));
#1310=DIRECTION('',(-1.E0,0.E0,0.E0));
#1311=DIRECTION('',(0.E0,-9.541304515440E-1,2.993911846338E-1));
#1312=AXIS2_PLACEMENT_3D('',#1309,#1310,#1311);
#1314=DIRECTION('',(1.980099779436E-9,-5.711809592210E-1,-8.208241662033E-1));
#1315=VECTOR('',#1314,2.322496442930E-1);
#1316=CARTESIAN_POINT('',(-6.5E1,9.979329253920E0,-1.757512197066E2));
#1317=LINE('',#1316,#1315);
#1318=DIRECTION('',(0.E0,7.071067794248E-1,-7.071067829483E-1));
#1319=VECTOR('',#1318,4.403407854432E0);
#1320=CARTESIAN_POINT('',(-6.5E1,6.865649707479E0,-1.726375401447E2));
#1321=LINE('',#1320,#1319);
#1322=DIRECTION('',(7.071067811865E-1,1.305173555526E-8,-7.071067811865E-1));
#1323=VECTOR('',#1322,2.828427119044E0);
#1324=CARTESIAN_POINT('',(-6.500000000323E1,1.363705597363E0,
-1.986006417955E2));
#1325=LINE('',#1324,#1323);
#1326=DIRECTION('',(7.071067811866E-1,6.746721060177E-1,-2.117015572961E-1));
#1327=VECTOR('',#1326,2.828427121494E0);
#1328=CARTESIAN_POINT('',(-6.500000000184E1,2.317836003125E0,
-1.979000330290E2));
#1329=LINE('',#1328,#1327);
#1330=DIRECTION('',(7.071067811865E-1,6.746721125254E-1,-2.117015365568E-1));
#1331=VECTOR('',#1330,2.828427124485E0);
#1332=CARTESIAN_POINT('',(-6.499999999949E1,8.073699072311E0,
-1.795566598479E2));
#1333=LINE('',#1332,#1331);
#1334=DIRECTION('',(7.071067811865E-1,5.804103337663E-1,-4.038859300066E-1));
#1335=VECTOR('',#1334,2.828427124510E0);
#1336=CARTESIAN_POINT('',(-6.499999999954E1,9.846672679314E0,
-1.759418558273E2));
#1337=LINE('',#1336,#1335);
#1338=DIRECTION('',(6.903279831613E-1,6.903279831613E-1,-2.165514980989E-1));
#1339=VECTOR('',#1338,8.921587534214E0);
#1340=CARTESIAN_POINT('',(-7.05E1,9.841178470909E0,-1.663205788623E2));
#1341=LINE('',#1340,#1339);
#1342=CARTESIAN_POINT('',(-7.05E1,9.440058410099E0,-1.668970144607E2));
#1343=CARTESIAN_POINT('',(-7.05E1,9.158901436504E0,-1.673010553058E2));
#1344=CARTESIAN_POINT('',(-7.021900533785E1,8.967987334022E0,
-1.680673651112E2));
#1345=CARTESIAN_POINT('',(-6.972644391978E1,9.056707939498E0,
-1.688022239911E2));
#1346=CARTESIAN_POINT('',(-6.941465912076E1,9.187647142579E0,
-1.691599157753E2));
#1348=CARTESIAN_POINT('',(-6.5E1,9.979329253920E0,-1.757512197066E2));
#1349=CARTESIAN_POINT('',(-6.5E1,1.040106471431E1,-1.751451584390E2));
#1350=CARTESIAN_POINT('',(-6.542149199323E1,1.068743586804E1,
-1.739956937310E2));
#1351=CARTESIAN_POINT('',(-6.616033412032E1,1.055435495982E1,
-1.728934054111E2));
#1352=CARTESIAN_POINT('',(-6.662801131886E1,1.035794615520E1,
-1.723568677348E2));
#1354=DIRECTION('',(6.903279831613E-1,6.903279831613E-1,-2.165514980989E-1));
#1355=VECTOR('',#1354,7.967227367509E0);
#1356=CARTESIAN_POINT('',(-7.05E1,1.05E1,-1.642203720226E2));
#1357=LINE('',#1356,#1355);
#1358=DIRECTION('',(7.071067811865E-1,7.071067811865E-1,0.E0));
#1359=VECTOR('',#1358,7.778174593052E0);
#1360=CARTESIAN_POINT('',(-7.05E1,1.05E1,-1.636006417988E2));
#1361=LINE('',#1360,#1359);
#1362=DIRECTION('',(0.E0,0.E0,1.E0));
#1363=VECTOR('',#1362,6.197302238619E-1);
#1364=CARTESIAN_POINT('',(-7.05E1,1.05E1,-1.642203720226E2));
#1365=LINE('',#1364,#1363);
#1366=CARTESIAN_POINT('',(-6.5E1,1.6E1,-1.636006417988E2));
#1367=CARTESIAN_POINT('',(-6.5E1,1.6E1,-1.633027341476E2));
#1368=CARTESIAN_POINT('',(-6.496303912594E1,1.591076855656E1,
-1.627001142118E2));
#1369=CARTESIAN_POINT('',(-6.479354682437E1,1.550157794339E1,
-1.618580888029E2));
#1370=CARTESIAN_POINT('',(-6.452117409341E1,1.484401200229E1,
-1.611704031071E2));
#1371=CARTESIAN_POINT('',(-6.416524050044E1,1.398471229483E1,
-1.607111147671E2));
#1372=CARTESIAN_POINT('',(-6.389510426752E1,1.333254573764E1,
-1.606006417988E2));
#1373=CARTESIAN_POINT('',(-6.375735931288E1,1.3E1,-1.606006417988E2));
#1375=DIRECTION('',(-1.E0,0.E0,0.E0));
#1376=VECTOR('',#1375,2.514718625761E0);
#1377=CARTESIAN_POINT('',(-6.124264068712E1,1.3E1,-1.606006417988E2));
#1378=LINE('',#1377,#1376);
#1379=DIRECTION('',(1.E0,0.E0,0.E0));
#1380=VECTOR('',#1379,5.E0);
#1381=CARTESIAN_POINT('',(-6.5E1,1.6E1,-1.636006417988E2));
#1382=LINE('',#1381,#1380);
#1383=CARTESIAN_POINT('',(-6.E1,1.6E1,-1.636006417988E2));
#1384=CARTESIAN_POINT('',(-6.E1,1.6E1,-1.633027341476E2));
#1385=CARTESIAN_POINT('',(-6.003696087406E1,1.591076855656E1,
-1.627001142118E2));
#1386=CARTESIAN_POINT('',(-6.020645317563E1,1.550157794339E1,
-1.618580888029E2));
#1387=CARTESIAN_POINT('',(-6.047882590659E1,1.484401200229E1,
-1.611704031071E2));
#1388=CARTESIAN_POINT('',(-6.083475949956E1,1.398471229483E1,
-1.607111147671E2));
#1389=CARTESIAN_POINT('',(-6.110489573248E1,1.333254573764E1,
-1.606006417988E2));
#1390=CARTESIAN_POINT('',(-6.124264068712E1,1.3E1,-1.606006417988E2));
#1392=CARTESIAN_POINT('',(-5.45E1,1.05E1,-1.636006417988E2));
#1393=CARTESIAN_POINT('',(-5.45E1,1.05E1,-1.629970884082E2));
#1394=CARTESIAN_POINT('',(-5.45E1,1.010299086534E1,-1.621869907616E2));
#1395=CARTESIAN_POINT('',(-5.45E1,8.831591545878E0,-1.610441765187E2));
#1396=CARTESIAN_POINT('',(-5.45E1,7.464466094067E0,-1.606006417988E2));
#1397=CARTESIAN_POINT('',(-5.45E1,6.257359312881E0,-1.606006417988E2));
#1399=CARTESIAN_POINT('',(-5.45E1,9.841178470909E0,-1.663205788623E2));
#1400=CARTESIAN_POINT('',(-5.45E1,1.028039282364E1,-1.656893992903E2));
#1401=CARTESIAN_POINT('',(-5.45E1,1.05E1,-1.649893303438E2));
#1402=CARTESIAN_POINT('',(-5.45E1,1.05E1,-1.642203720226E2));
#1404=DIRECTION('',(0.E0,5.711809608462E-1,8.208241650724E-1));
#1405=VECTOR('',#1404,7.022644105925E-1);
#1406=CARTESIAN_POINT('',(-5.45E1,9.440058410099E0,-1.668970144607E2));
#1407=LINE('',#1406,#1405);
#1408=DIRECTION('',(-5.324108643213E-10,-7.071721495059E-1,7.070414068237E-1));
#1409=VECTOR('',#1408,7.470689260461E-1);
#1410=CARTESIAN_POINT('',(-5.45E1,9.440058410099E0,-1.668970144607E2));
#1411=LINE('',#1410,#1409);
#1412=CARTESIAN_POINT('',(-5.450000000040E1,8.911752071838E0,
-1.663688057963E2));
#1413=CARTESIAN_POINT('',(-5.450000000040E1,8.742533884601E0,
-1.661995580049E2));
#1414=CARTESIAN_POINT('',(-5.449999999982E1,8.381943063729E0,
-1.658986916236E2));
#1415=CARTESIAN_POINT('',(-5.450000000005E1,7.760229532492E0,
-1.655316012635E2));
#1416=CARTESIAN_POINT('',(-5.449999999998E1,7.161850178473E0,
-1.652730760298E2));
#1417=CARTESIAN_POINT('',(-5.450000000002E1,6.607803240456E0,
-1.650819900820E2));
#1418=CARTESIAN_POINT('',(-5.449999999993E1,6.108415330610E0,
-1.649366550204E2));
#1419=CARTESIAN_POINT('',(-5.450000000025E1,5.659176436878E0,
-1.648202995306E2));
#1420=CARTESIAN_POINT('',(-5.449999999906E1,5.248758532326E0,
-1.647224419001E2));
#1421=CARTESIAN_POINT('',(-5.450000000351E1,4.870020798249E0,
-1.646388997684E2));
#1422=CARTESIAN_POINT('',(-5.449999999243E1,4.631601216719E0,
-1.645887969262E2));
#1423=CARTESIAN_POINT('',(-5.449999999125E1,4.517180069623E0,
-1.645637351077E2));
#1425=DIRECTION('',(1.936122670399E-9,9.999999999983E-1,1.842800464151E-6));
#1426=VECTOR('',#1425,4.517180069631E0);
#1427=CARTESIAN_POINT('',(-5.45E1,0.E0,-1.645637434320E2));
#1428=LINE('',#1427,#1426);
#1429=DIRECTION('',(-6.903279831613E-1,6.903279831613E-1,-2.165514980989E-1));
#1430=VECTOR('',#1429,7.967227367509E0);
#1431=CARTESIAN_POINT('',(-5.45E1,1.05E1,-1.642203720226E2));
#1432=LINE('',#1431,#1430);
#1433=DIRECTION('',(0.E0,0.E0,1.E0));
#1434=VECTOR('',#1433,6.197302238619E-1);
#1435=CARTESIAN_POINT('',(-5.45E1,1.05E1,-1.642203720226E2));
#1436=LINE('',#1435,#1434);
#1437=DIRECTION('',(-7.071067811865E-1,7.071067811865E-1,0.E0));
#1438=VECTOR('',#1437,7.778174593052E0);
#1439=CARTESIAN_POINT('',(-5.45E1,1.05E1,-1.636006417988E2));
#1440=LINE('',#1439,#1438);
#1441=CARTESIAN_POINT('',(-6.E1,9.979329253920E0,-1.757512197066E2));
#1442=CARTESIAN_POINT('',(-6.E1,1.040106471431E1,-1.751451584390E2));
#1443=CARTESIAN_POINT('',(-5.957850800677E1,1.068743586804E1,
-1.739956937310E2));
#1444=CARTESIAN_POINT('',(-5.883966587968E1,1.055435495982E1,
-1.728934054111E2));
#1445=CARTESIAN_POINT('',(-5.837198868114E1,1.035794615520E1,
-1.723568677348E2));
#1447=CARTESIAN_POINT('',(-5.45E1,9.440058410099E0,-1.668970144607E2));
#1448=CARTESIAN_POINT('',(-5.45E1,9.158901436503E0,-1.673010553058E2));
#1449=CARTESIAN_POINT('',(-5.478099466215E1,8.967987334022E0,
-1.680673651112E2));
#1450=CARTESIAN_POINT('',(-5.527355608022E1,9.056707939498E0,
-1.688022239911E2));
#1451=CARTESIAN_POINT('',(-5.558534087924E1,9.187647142579E0,
-1.691599157753E2));
#1453=DIRECTION('',(-6.903279831613E-1,6.903279831613E-1,-2.165514980989E-1));
#1454=VECTOR('',#1453,8.921587534214E0);
#1455=CARTESIAN_POINT('',(-5.45E1,9.841178470909E0,-1.663205788623E2));
#1456=LINE('',#1455,#1454);
#1457=DIRECTION('',(-7.071067811865E-1,5.804103337663E-1,-4.038859300066E-1));
#1458=VECTOR('',#1457,2.828427124510E0);
#1459=CARTESIAN_POINT('',(-6.000000000046E1,9.846672679314E0,
-1.759418558273E2));
#1460=LINE('',#1459,#1458);
#1461=DIRECTION('',(0.E0,7.071067794248E-1,-7.071067829483E-1));
#1462=VECTOR('',#1461,4.403407854432E0);
#1463=CARTESIAN_POINT('',(-6.E1,6.865649707479E0,-1.726375401447E2));
#1464=LINE('',#1463,#1462);
#1465=DIRECTION('',(-1.980099779436E-9,-5.711809592210E-1,-8.208241662033E-1));
#1466=VECTOR('',#1465,2.322496442930E-1);
#1467=CARTESIAN_POINT('',(-6.E1,9.979329253920E0,-1.757512197066E2));
#1468=LINE('',#1467,#1466);
#1469=CARTESIAN_POINT('',(-6.E1,2.076363407815E1,-1.835385626009E2));
#1470=DIRECTION('',(-1.E0,0.E0,0.E0));
#1471=DIRECTION('',(0.E0,-9.541304515440E-1,2.993911846338E-1));
#1472=AXIS2_PLACEMENT_3D('',#1469,#1470,#1471);
#1474=DIRECTION('',(-1.222126556118E-10,2.993911847504E-1,9.541304515074E-1));
#1475=VECTOR('',#1474,1.922522559903E1);
#1476=CARTESIAN_POINT('',(-5.999999999816E1,2.317836003125E0,
-1.979000330290E2));
#1477=LINE('',#1476,#1475);
#1478=CARTESIAN_POINT('',(-6.E1,1.363705567831E0,-1.976006417988E2));
#1479=DIRECTION('',(1.E0,0.E0,0.E0));
#1480=DIRECTION('',(0.E0,2.708944180085E-14,-1.E0));
#1481=AXIS2_PLACEMENT_3D('',#1478,#1479,#1480);
#1483=DIRECTION('',(2.365555197549E-9,1.E0,2.365576039078E-9));
#1484=VECTOR('',#1483,1.363705597363E0);
#1485=CARTESIAN_POINT('',(-6.E1,0.E0,-1.986006417988E2));
#1486=LINE('',#1485,#1484);
#1487=CARTESIAN_POINT('',(-5.835268630119E1,6.356425147657E0,
-1.694025954724E2));
#1488=CARTESIAN_POINT('',(-5.845767749116E1,6.356423159419E0,
-1.694789521431E2));
#1489=CARTESIAN_POINT('',(-5.865498104369E1,6.360371749211E0,
-1.696381758721E2));
#1490=CARTESIAN_POINT('',(-5.891139746841E1,6.375992751571E0,
-1.698871787443E2));
#1491=CARTESIAN_POINT('',(-5.913746375260E1,6.400234343248E0,
-1.701485063958E2));
#1492=CARTESIAN_POINT('',(-5.933759276638E1,6.432748329014E0,
-1.704241366179E2));
#1493=CARTESIAN_POINT('',(-5.951509639180E1,6.473969199077E0,
-1.707181089899E2));
#1494=CARTESIAN_POINT('',(-5.967073285331E1,6.524837902537E0,
-1.710347826969E2));
#1495=CARTESIAN_POINT('',(-5.980333092553E1,6.586894781483E0,
-1.713794552361E2));
#1496=CARTESIAN_POINT('',(-5.990907640305E1,6.662231535962E0,
-1.717577794069E2));
#1497=CARTESIAN_POINT('',(-5.998110762239E1,6.753197634539E0,
-1.721736049754E2));
#1498=CARTESIAN_POINT('',(-5.999999993392E1,6.825775258482E0,
-1.724791671749E2));
#1499=CARTESIAN_POINT('',(-6.E1,6.865649707479E0,-1.726375401447E2));
#1501=DIRECTION('',(0.E0,-1.E0,-3.044929283023E-9));
#1502=VECTOR('',#1501,6.865649707479E0);
#1503=CARTESIAN_POINT('',(-6.E1,6.865649707479E0,-1.726375401447E2));
#1504=LINE('',#1503,#1502);
#1505=DIRECTION('',(-8.087360843023E-1,9.714683866458E-9,-5.881716976762E-1));
#1506=VECTOR('',#1505,2.726937917142E0);
#1507=CARTESIAN_POINT('',(-5.614731320795E1,6.356425121165E0,
-1.677986877682E2));
#1508=LINE('',#1507,#1506);
#1509=DIRECTION('',(-7.701004498332E-8,-1.E0,-5.600652661707E-8));
#1510=VECTOR('',#1509,6.356425147657E0);
#1511=CARTESIAN_POINT('',(-5.835268630119E1,6.356425147657E0,
-1.694025954724E2));
#1512=LINE('',#1511,#1510);
#1513=CARTESIAN_POINT('',(-5.449999999125E1,4.517180069623E0,
-1.645637351077E2));
#1514=CARTESIAN_POINT('',(-5.450002407674E1,4.606777820029E0,
-1.646468670921E2));
#1515=CARTESIAN_POINT('',(-5.450501231867E1,4.781344423177E0,
-1.648009347805E2));
#1516=CARTESIAN_POINT('',(-5.452351594140E1,5.010361790674E0,
-1.650127683577E2));
#1517=CARTESIAN_POINT('',(-5.455094783594E1,5.210887445270E0,
-1.652097509815E2));
#1518=CARTESIAN_POINT('',(-5.458539940320E1,5.386709188458E0,
-1.653923117447E2));
#1519=CARTESIAN_POINT('',(-5.462454242007E1,5.539414943021E0,
-1.655585446529E2));
#1520=CARTESIAN_POINT('',(-5.466615848824E1,5.670435211944E0,
-1.657078465791E2));
#1521=CARTESIAN_POINT('',(-5.470967372539E1,5.784243896430E0,
-1.658443252414E2));
#1522=CARTESIAN_POINT('',(-5.475590416091E1,5.886357086020E0,
-1.659736958432E2));
#1523=CARTESIAN_POINT('',(-5.480650849865E1,5.981207309289E0,
-1.661014466270E2));
#1524=CARTESIAN_POINT('',(-5.486259930254E1,6.069985088206E0,
-1.662298671827E2));
#1525=CARTESIAN_POINT('',(-5.492382904965E1,6.151330155991E0,
-1.663575276426E2));
#1526=CARTESIAN_POINT('',(-5.498918336772E1,6.223089970562E0,
-1.664822706180E2));
#1527=CARTESIAN_POINT('',(-5.505850784626E1,6.284547013519E0,
-1.666039885971E2));
#1528=CARTESIAN_POINT('',(-5.513130262556E1,6.334186082933E0,
-1.667220477801E2));
#1529=CARTESIAN_POINT('',(-5.520950435062E1,6.372164704189E0,
-1.668396496275E2));
#1530=CARTESIAN_POINT('',(-5.529302673250E1,6.392497853653E0,
-1.669555699972E2));
#1531=CARTESIAN_POINT('',(-5.533693311194E1,6.391146054989E0,
-1.670124240227E2));
#1532=CARTESIAN_POINT('',(-5.535680119547E1,6.387182397613E0,
-1.670376676982E2));
#1534=CARTESIAN_POINT('',(-5.535680119547E1,6.387182397613E0,
-1.670376676982E2));
#1535=CARTESIAN_POINT('',(-5.542127887965E1,6.374088108903E0,
-1.671195886160E2));
#1536=CARTESIAN_POINT('',(-5.555846436632E1,6.352876018509E0,
-1.672806837134E2));
#1537=CARTESIAN_POINT('',(-5.578895830080E1,6.339201641439E0,
-1.675110826650E2));
#1538=CARTESIAN_POINT('',(-5.596045174718E1,6.345008664802E0,
-1.676562608792E2));
#1539=CARTESIAN_POINT('',(-5.605048696982E1,6.352460264704E0,
-1.677260030536E2));
#1541=CARTESIAN_POINT('',(-5.605048696982E1,6.352460264704E0,
-1.677260030536E2));
#1542=CARTESIAN_POINT('',(-5.606112544364E1,6.353341502167E0,
-1.677342437053E2));
#1543=CARTESIAN_POINT('',(-5.608248351145E1,6.354810142508E0,
-1.677506160430E2));
#1544=CARTESIAN_POINT('',(-5.611475884428E1,6.356131510179E0,
-1.677748440936E2));
#1545=CARTESIAN_POINT('',(-5.613643566189E1,6.356425120919E0,
-1.677907768255E2));
#1546=CARTESIAN_POINT('',(-5.614731320795E1,6.356425121165E0,
-1.677986877682E2));
#1548=DIRECTION('',(-2.129015229952E-10,-1.E0,-1.548378777543E-10));
#1549=VECTOR('',#1548,6.356425121165E0);
#1550=CARTESIAN_POINT('',(-5.614731320795E1,6.356425121165E0,
-1.677986877682E2));
#1551=LINE('',#1550,#1549);
#1552=CARTESIAN_POINT('',(-5.449999999125E1,4.517180069623E0,
-1.645637351077E2));
#1553=CARTESIAN_POINT('',(-5.450002336642E1,4.616111382807E0,
-1.646324470509E2));
#1554=CARTESIAN_POINT('',(-5.450312832729E1,4.807829937117E0,
-1.647618335694E2));
#1555=CARTESIAN_POINT('',(-5.451479732926E1,5.067712106272E0,
-1.649401847500E2));
#1556=CARTESIAN_POINT('',(-5.453216843519E1,5.302984081370E0,
-1.651082062786E2));
#1557=CARTESIAN_POINT('',(-5.455414131213E1,5.516631088075E0,
-1.652660021017E2));
#1558=CARTESIAN_POINT('',(-5.457934750660E1,5.708808140146E0,
-1.654121538131E2));
#1559=CARTESIAN_POINT('',(-5.460645630912E1,5.881078005685E0,
-1.655460491220E2));
#1560=CARTESIAN_POINT('',(-5.463474769554E1,6.037439664301E0,
-1.656698463963E2));
#1561=CARTESIAN_POINT('',(-5.466448505666E1,6.183322891970E0,
-1.657877836902E2));
#1562=CARTESIAN_POINT('',(-5.469647995341E1,6.325010951252E0,
-1.659046478684E2));
#1563=CARTESIAN_POINT('',(-5.473159539669E1,6.466853059254E0,
-1.660240695129E2));
#1564=CARTESIAN_POINT('',(-5.477015114827E1,6.609766180480E0,
-1.661471597156E2));
#1565=CARTESIAN_POINT('',(-5.481166237142E1,6.753761157246E0,
-1.662733837015E2));
#1566=CARTESIAN_POINT('',(-5.485571154595E1,6.900108865223E0,
-1.664035263512E2));
#1567=CARTESIAN_POINT('',(-5.490210922691E1,7.051050811971E0,
-1.665397596004E2));
#1568=CARTESIAN_POINT('',(-5.495079217617E1,7.211151924260E0,
-1.666864906732E2));
#1569=CARTESIAN_POINT('',(-5.500375593384E1,7.393233244018E0,
-1.668576524559E2));
#1570=CARTESIAN_POINT('',(-5.505577452579E1,7.613498212396E0,
-1.670666626924E2));
#1571=CARTESIAN_POINT('',(-5.509091564729E1,7.801475779982E0,
-1.672657777479E2));
#1572=CARTESIAN_POINT('',(-5.509977384278E1,7.901880442283E0,
-1.673784728763E2));
#1574=CARTESIAN_POINT('',(-5.650000041500E1,8.911725906383E0,
-1.663687796113E2));
#1575=DIRECTION('',(0.E0,-7.070739647507E-1,7.071395960995E-1));
#1576=DIRECTION('',(7.001110639466E-1,-5.049216871187E-1,-5.048748241067E-1));
#1577=AXIS2_PLACEMENT_3D('',#1574,#1575,#1576);
#1579=CARTESIAN_POINT('',(-5.509977384278E1,7.901880442283E0,
-1.673784728763E2));
#1580=CARTESIAN_POINT('',(-5.514494930785E1,7.935645480928E0,
-1.674748767840E2));
#1581=CARTESIAN_POINT('',(-5.524094731580E1,8.005408082016E0,
-1.676657946345E2));
#1582=CARTESIAN_POINT('',(-5.540227919973E1,8.116857893493E0,
-1.679439926590E2));
#1583=CARTESIAN_POINT('',(-5.552227144343E1,8.197084324520E0,
-1.681234832107E2));
#1584=CARTESIAN_POINT('',(-5.558534087768E1,8.238944700092E0,
-1.682112133317E2));
#1586=CARTESIAN_POINT('',(-5.299940181294E1,6.387182429806E0,
-1.688931105470E2));
#1587=DIRECTION('',(-6.168918961201E-1,-7.163924918963E-2,-7.837807132591E-1));
#1588=DIRECTION('',(-7.857997405455E-1,-4.550146034211E-9,6.184810164901E-1));
#1589=AXIS2_PLACEMENT_3D('',#1586,#1587,#1588);
#1591=CARTESIAN_POINT('',(-5.421335513100E1,6.352460403577E0,
-1.700977000425E2));
#1592=DIRECTION('',(-7.900122750647E-1,3.739513340898E-2,-6.119495152742E-1));
#1593=DIRECTION('',(-6.123778390146E-1,-1.980521139681E-8,7.905652296198E-1));
#1594=AXIS2_PLACEMENT_3D('',#1591,#1592,#1593);
#1596=DIRECTION('',(0.E0,7.071067811865E-1,-7.071067811866E-1));
#1597=VECTOR('',#1596,2.270961117172E0);
#1598=CARTESIAN_POINT('',(-5.837198868114E1,8.752134149436E0,
-1.707510557290E2));
#1599=LINE('',#1598,#1597);
#1600=CARTESIAN_POINT('',(-5.796016037882E1,8.242909557733E0,
-1.699423196447E2));
#1601=CARTESIAN_POINT('',(-5.798647320191E1,8.242909814192E0,
-1.699614564998E2));
#1602=CARTESIAN_POINT('',(-5.803570377464E1,8.246841803174E0,
-1.700011925417E2));
#1603=CARTESIAN_POINT('',(-5.809984621111E1,8.262471588902E0,
-1.700634713721E2));
#1604=CARTESIAN_POINT('',(-5.815635267941E1,8.286700585871E0,
-1.701287959824E2));
#1605=CARTESIAN_POINT('',(-5.820638763821E1,8.319221075712E0,
-1.701977055332E2));
#1606=CARTESIAN_POINT('',(-5.825076282073E1,8.360440912738E0,
-1.702711982302E2));
#1607=CARTESIAN_POINT('',(-5.828967212806E1,8.411311631468E0,
-1.703503666270E2));
#1608=CARTESIAN_POINT('',(-5.832282142308E1,8.473371830952E0,
-1.704365354047E2));
#1609=CARTESIAN_POINT('',(-5.834925797778E1,8.548722913849E0,
-1.705311130728E2));
#1610=CARTESIAN_POINT('',(-5.836726550927E1,8.639597546516E0,
-1.706350840920E2));
#1611=CARTESIAN_POINT('',(-5.837198833199E1,8.712511095781E0,
-1.707114324214E2));
#1612=CARTESIAN_POINT('',(-5.837198868114E1,8.752134149436E0,
-1.707510557290E2));
#1614=DIRECTION('',(-8.087360843053E-1,-4.348817600700E-12,-5.881716976722E-1));
#1615=VECTOR('',#1614,2.726938526446E0);
#1616=CARTESIAN_POINT('',(-5.575478679280E1,8.242909557745E0,
-1.683384115822E2));
#1617=LINE('',#1616,#1615);
#1618=CARTESIAN_POINT('',(-5.558534087768E1,8.238944700092E0,
-1.682112133317E2));
#1619=CARTESIAN_POINT('',(-5.560395883732E1,8.239825994742E0,
-1.682256349606E2));
#1620=CARTESIAN_POINT('',(-5.564133444610E1,8.241294548125E0,
-1.682542857750E2));
#1621=CARTESIAN_POINT('',(-5.569781704502E1,8.242615957462E0,
-1.682966854381E2));
#1622=CARTESIAN_POINT('',(-5.573575044111E1,8.242909557733E0,
-1.683245669627E2));
#1623=CARTESIAN_POINT('',(-5.575478679280E1,8.242909557745E0,
-1.683384115822E2));
#1625=DIRECTION('',(1.161807833807E-9,-7.071067807640E-1,7.071067816090E-1));
#1626=VECTOR('',#1625,1.341667861624E0);
#1627=CARTESIAN_POINT('',(-5.558534087924E1,9.187647142579E0,
-1.691599157753E2));
#1628=LINE('',#1627,#1626);
#1629=DIRECTION('',(-6.334025395372E-1,2.660079132016E-1,-7.266643055923E-1));
#1630=VECTOR('',#1629,4.399489468318E0);
#1631=CARTESIAN_POINT('',(-5.558534087924E1,9.187647142579E0,
-1.691599157753E2));
#1632=LINE('',#1631,#1630);
#1633=CARTESIAN_POINT('',(-5.7E1,6.865649702834E0,-1.726375401555E2));
#1634=DIRECTION('',(0.E0,7.071067811865E-1,-7.071067811865E-1));
#1635=DIRECTION('',(-1.E0,0.E0,0.E0));
#1636=AXIS2_PLACEMENT_3D('',#1633,#1634,#1635);
#1638=CARTESIAN_POINT('',(-5.658817878407E1,6.356425121282E0,
-1.718288092351E2));
#1639=DIRECTION('',(-8.087309305110E-1,1.083451170620E-5,-5.881787839742E-1));
#1640=DIRECTION('',(-5.881787840088E-1,8.770317805329E-11,8.087309305585E-1));
#1641=AXIS2_PLACEMENT_3D('',#1638,#1639,#1640);
#1643=CARTESIAN_POINT('',(-5.438279811627E1,6.356425121165E0,
-1.702248960221E2));
#1644=DIRECTION('',(-8.087360843032E-1,0.E0,-5.881716976750E-1));
#1645=DIRECTION('',(-5.881716976750E-1,0.E0,8.087360843032E-1));
#1646=AXIS2_PLACEMENT_3D('',#1643,#1644,#1645);
#1648=DIRECTION('',(-7.071067811865E-1,6.746721125254E-1,-2.117015365568E-1));
#1649=VECTOR('',#1648,2.828427124485E0);
#1650=CARTESIAN_POINT('',(-6.000000000051E1,8.073699072311E0,
-1.795566598479E2));
#1651=LINE('',#1650,#1649);
#1652=DIRECTION('',(-7.071067811865E-1,6.746721060177E-1,-2.117015572961E-1));
#1653=VECTOR('',#1652,2.828427121494E0);
#1654=CARTESIAN_POINT('',(-5.999999999816E1,2.317836003125E0,
-1.979000330290E2));
#1655=LINE('',#1654,#1653);
#1656=DIRECTION('',(-7.071067811865E-1,1.305173555526E-8,-7.071067811865E-1));
#1657=VECTOR('',#1656,2.828427119044E0);
#1658=CARTESIAN_POINT('',(-5.999999999677E1,1.363705597363E0,
-1.986006417955E2));
#1659=LINE('',#1658,#1657);
#1660=CARTESIAN_POINT('',(-6.990022615722E1,7.901880442283E0,
-1.673784728763E2));
#1661=CARTESIAN_POINT('',(-6.985505069215E1,7.935645480928E0,
-1.674748767840E2));
#1662=CARTESIAN_POINT('',(-6.975905268420E1,8.005408082016E0,
-1.676657946345E2));
#1663=CARTESIAN_POINT('',(-6.959772080027E1,8.116857893493E0,
-1.679439926590E2));
#1664=CARTESIAN_POINT('',(-6.947772855657E1,8.197084324520E0,
-1.681234832107E2));
#1665=CARTESIAN_POINT('',(-6.941465912232E1,8.238944700092E0,
-1.682112133317E2));
#1667=CARTESIAN_POINT('',(-7.200059818706E1,6.387182429806E0,
-1.688931105470E2));
#1668=DIRECTION('',(-6.168918961201E-1,7.163924918963E-2,7.837807132591E-1));
#1669=DIRECTION('',(7.857997405455E-1,-4.550146330271E-9,6.184810164901E-1));
#1670=AXIS2_PLACEMENT_3D('',#1667,#1668,#1669);
#1672=CARTESIAN_POINT('',(-7.078664486900E1,6.352460403577E0,
-1.700977000425E2));
#1673=DIRECTION('',(-7.900122750647E-1,-3.739513340898E-2,6.119495152742E-1));
#1674=DIRECTION('',(6.123778390146E-1,-1.980521139681E-8,7.905652296198E-1));
#1675=AXIS2_PLACEMENT_3D('',#1672,#1673,#1674);
#1677=CARTESIAN_POINT('',(-7.061720188373E1,6.356425121165E0,
-1.702248960221E2));
#1678=DIRECTION('',(-8.087360843032E-1,0.E0,5.881716976750E-1));
#1679=DIRECTION('',(5.881716976750E-1,0.E0,8.087360843032E-1));
#1680=AXIS2_PLACEMENT_3D('',#1677,#1678,#1679);
#1682=CARTESIAN_POINT('',(-6.841182121593E1,6.356425121282E0,
-1.718288092351E2));
#1683=DIRECTION('',(-8.087309305110E-1,-1.083451170620E-5,5.881787839742E-1));
#1684=DIRECTION('',(5.881787840088E-1,8.770317805329E-11,8.087309305585E-1));
#1685=AXIS2_PLACEMENT_3D('',#1682,#1683,#1684);
#1687=CARTESIAN_POINT('',(-6.8E1,6.865649702834E0,-1.726375401555E2));
#1688=DIRECTION('',(0.E0,-7.071067811865E-1,7.071067811865E-1));
#1689=DIRECTION('',(1.E0,0.E0,0.E0));
#1690=AXIS2_PLACEMENT_3D('',#1687,#1688,#1689);
#1692=DIRECTION('',(0.E0,7.071067811865E-1,-7.071067811865E-1));
#1693=VECTOR('',#1692,2.270961117172E0);
#1694=CARTESIAN_POINT('',(-6.662801131886E1,8.752134149436E0,
-1.707510557290E2));
#1695=LINE('',#1694,#1693);
#1696=DIRECTION('',(6.334025395372E-1,2.660079132016E-1,-7.266643055923E-1));
#1697=VECTOR('',#1696,4.399489468318E0);
#1698=CARTESIAN_POINT('',(-6.941465912076E1,9.187647142579E0,
-1.691599157753E2));
#1699=LINE('',#1698,#1697);
#1700=DIRECTION('',(-1.161818425739E-9,-7.071067807641E-1,7.071067816090E-1));
#1701=VECTOR('',#1700,1.341667861624E0);
#1702=CARTESIAN_POINT('',(-6.941465912076E1,9.187647142579E0,
-1.691599157753E2));
#1703=LINE('',#1702,#1701);
#1704=CARTESIAN_POINT('',(-6.941465912232E1,8.238944700092E0,
-1.682112133317E2));
#1705=CARTESIAN_POINT('',(-6.939604116268E1,8.239825994742E0,
-1.682256349606E2));
#1706=CARTESIAN_POINT('',(-6.935866555390E1,8.241294548125E0,
-1.682542857750E2));
#1707=CARTESIAN_POINT('',(-6.930218295498E1,8.242615957462E0,
-1.682966854381E2));
#1708=CARTESIAN_POINT('',(-6.926424955889E1,8.242909557733E0,
-1.683245669627E2));
#1709=CARTESIAN_POINT('',(-6.924521320720E1,8.242909557745E0,
-1.683384115822E2));
#1711=DIRECTION('',(8.087360843053E-1,-4.349469011365E-12,-5.881716976722E-1));
#1712=VECTOR('',#1711,2.726938526446E0);
#1713=CARTESIAN_POINT('',(-6.924521320720E1,8.242909557745E0,
-1.683384115822E2));
#1714=LINE('',#1713,#1712);
#1715=CARTESIAN_POINT('',(-6.703983962118E1,8.242909557733E0,
-1.699423196447E2));
#1716=CARTESIAN_POINT('',(-6.701352679809E1,8.242909814192E0,
-1.699614564998E2));
#1717=CARTESIAN_POINT('',(-6.696429622536E1,8.246841803174E0,
-1.700011925417E2));
#1718=CARTESIAN_POINT('',(-6.690015378889E1,8.262471588902E0,
-1.700634713721E2));
#1719=CARTESIAN_POINT('',(-6.684364732059E1,8.286700585871E0,
-1.701287959824E2));
#1720=CARTESIAN_POINT('',(-6.679361236179E1,8.319221075712E0,
-1.701977055332E2));
#1721=CARTESIAN_POINT('',(-6.674923717927E1,8.360440912738E0,
-1.702711982302E2));
#1722=CARTESIAN_POINT('',(-6.671032787194E1,8.411311631468E0,
-1.703503666270E2));
#1723=CARTESIAN_POINT('',(-6.667717857692E1,8.473371830952E0,
-1.704365354047E2));
#1724=CARTESIAN_POINT('',(-6.665074202222E1,8.548722913849E0,
-1.705311130728E2));
#1725=CARTESIAN_POINT('',(-6.663273449073E1,8.639597546516E0,
-1.706350840920E2));
#1726=CARTESIAN_POINT('',(-6.662801166801E1,8.712511095781E0,
-1.707114324214E2));
#1727=CARTESIAN_POINT('',(-6.662801131886E1,8.752134149436E0,
-1.707510557290E2));
#1729=CARTESIAN_POINT('',(-7.050000000875E1,4.517180069623E0,
-1.645637351077E2));
#1730=CARTESIAN_POINT('',(-7.049997663358E1,4.616111382807E0,
-1.646324470509E2));
#1731=CARTESIAN_POINT('',(-7.049687167271E1,4.807829937117E0,
-1.647618335694E2));
#1732=CARTESIAN_POINT('',(-7.048520267074E1,5.067712106272E0,
-1.649401847500E2));
#1733=CARTESIAN_POINT('',(-7.046783156481E1,5.302984081370E0,
-1.651082062786E2));
#1734=CARTESIAN_POINT('',(-7.044585868787E1,5.516631088075E0,
-1.652660021017E2));
#1735=CARTESIAN_POINT('',(-7.042065249340E1,5.708808140146E0,
-1.654121538131E2));
#1736=CARTESIAN_POINT('',(-7.039354369088E1,5.881078005685E0,
-1.655460491220E2));
#1737=CARTESIAN_POINT('',(-7.036525230446E1,6.037439664301E0,
-1.656698463963E2));
#1738=CARTESIAN_POINT('',(-7.033551494334E1,6.183322891970E0,
-1.657877836902E2));
#1739=CARTESIAN_POINT('',(-7.030352004659E1,6.325010951252E0,
-1.659046478684E2));
#1740=CARTESIAN_POINT('',(-7.026840460331E1,6.466853059254E0,
-1.660240695129E2));
#1741=CARTESIAN_POINT('',(-7.022984885173E1,6.609766180480E0,
-1.661471597156E2));
#1742=CARTESIAN_POINT('',(-7.018833762858E1,6.753761157246E0,
-1.662733837015E2));
#1743=CARTESIAN_POINT('',(-7.014428845405E1,6.900108865223E0,
-1.664035263512E2));
#1744=CARTESIAN_POINT('',(-7.009789077309E1,7.051050811971E0,
-1.665397596004E2));
#1745=CARTESIAN_POINT('',(-7.004920782383E1,7.211151924261E0,
-1.666864906732E2));
#1746=CARTESIAN_POINT('',(-6.999624406616E1,7.393233244018E0,
-1.668576524559E2));
#1747=CARTESIAN_POINT('',(-6.994422547421E1,7.613498212396E0,
-1.670666626924E2));
#1748=CARTESIAN_POINT('',(-6.990908435271E1,7.801475779982E0,
-1.672657777479E2));
#1749=CARTESIAN_POINT('',(-6.990022615722E1,7.901880442283E0,
-1.673784728763E2));
#1751=CARTESIAN_POINT('',(-6.849999958500E1,8.911725906383E0,
-1.663687796113E2));
#1752=DIRECTION('',(0.E0,7.070739647507E-1,-7.071395960995E-1));
#1753=DIRECTION('',(-7.001110639466E-1,-5.049216871187E-1,-5.048748241067E-1));
#1754=AXIS2_PLACEMENT_3D('',#1751,#1752,#1753);
#1756=CARTESIAN_POINT('',(-7.95E1,6.257359312881E0,-1.606006417988E2));
#1757=CARTESIAN_POINT('',(-7.95E1,7.464466094067E0,-1.606006417988E2));
#1758=CARTESIAN_POINT('',(-7.95E1,8.831591545878E0,-1.610441765187E2));
#1759=CARTESIAN_POINT('',(-7.95E1,1.010299086534E1,-1.621869907616E2));
#1760=CARTESIAN_POINT('',(-7.95E1,1.05E1,-1.629970884082E2));
#1761=CARTESIAN_POINT('',(-7.95E1,1.05E1,-1.636006417988E2));
#1763=DIRECTION('',(0.E0,0.E0,1.E0));
#1764=VECTOR('',#1763,6.197302238619E-1);
#1765=CARTESIAN_POINT('',(-7.95E1,1.05E1,-1.642203720226E2));
#1766=LINE('',#1765,#1764);
#1767=CARTESIAN_POINT('',(-7.95E1,1.05E1,-1.642203720226E2));
#1768=CARTESIAN_POINT('',(-7.95E1,1.05E1,-1.649893303438E2));
#1769=CARTESIAN_POINT('',(-7.95E1,1.028039282364E1,-1.656893992903E2));
#1770=CARTESIAN_POINT('',(-7.95E1,9.841178470909E0,-1.663205788623E2));
#1772=DIRECTION('',(2.023576091975E-14,5.711809608461E-1,8.208241650724E-1));
#1773=VECTOR('',#1772,7.022644105926E-1);
#1774=CARTESIAN_POINT('',(-7.95E1,9.440058410099E0,-1.668970144607E2));
#1775=LINE('',#1774,#1773);
#1776=DIRECTION('',(-2.244077635430E-5,7.071606588138E-1,-7.070528990977E-1));
#1777=VECTOR('',#1776,7.469896936451E-1);
#1778=CARTESIAN_POINT('',(-7.949998323697E1,8.911816686214E0,
-1.663688532323E2));
#1779=LINE('',#1778,#1777);
#1780=CARTESIAN_POINT('',(-7.949999573282E1,4.514801729034E0,
-1.645629770021E2));
#1781=CARTESIAN_POINT('',(-7.949999872077E1,4.593651902444E0,
-1.645795487887E2));
#1782=CARTESIAN_POINT('',(-7.950000059371E1,4.775820068045E0,
-1.646179036341E2));
#1783=CARTESIAN_POINT('',(-7.949999984087E1,5.103594541114E0,
-1.646900970012E2));
#1784=CARTESIAN_POINT('',(-7.950000004280E1,5.481756441117E0,
-1.647772596734E2));
#1785=CARTESIAN_POINT('',(-7.949999998794E1,5.898645370157E0,
-1.648808723487E2));
#1786=CARTESIAN_POINT('',(-7.950000000544E1,6.342168535660E0,
-1.650028093273E2));
#1787=CARTESIAN_POINT('',(-7.949999999029E1,6.805065197135E0,
-1.651472256261E2));
#1788=CARTESIAN_POINT('',(-7.950000003340E1,7.272083785652E0,
-1.653194384429E2));
#1789=CARTESIAN_POINT('',(-7.949999987610E1,7.703827525860E0,
-1.655128823264E2));
#1790=CARTESIAN_POINT('',(-7.950000046221E1,8.073446966140E0,
-1.657145277440E2));
#1791=CARTESIAN_POINT('',(-7.949999827505E1,8.392561146016E0,
-1.659236782136E2));
#1792=CARTESIAN_POINT('',(-7.950000643758E1,8.669264089793E0,
-1.661393818512E2));
#1793=CARTESIAN_POINT('',(-7.949998612894E1,8.834423817835E0,
-1.662914615172E2));
#1794=CARTESIAN_POINT('',(-7.949998323697E1,8.911816686214E0,
-1.663688532323E2));
#1796=DIRECTION('',(-9.451543993711E-7,-9.999999855904E-1,-1.697593558955E-4));
#1797=VECTOR('',#1796,4.514801794090E0);
#1798=CARTESIAN_POINT('',(-7.949999573282E1,4.514801729034E0,
-1.645629770021E2));
#1799=LINE('',#1798,#1797);
#1800=DIRECTION('',(1.E0,0.E0,0.E0));
#1801=VECTOR('',#1800,2.514718625761E0);
#1802=CARTESIAN_POINT('',(-8.875735931288E1,1.3E1,-1.606006417988E2));
#1803=LINE('',#1802,#1801);
#1804=DIRECTION('',(-1.E0,0.E0,0.E0));
#1805=VECTOR('',#1804,5.E0);
#1806=CARTESIAN_POINT('',(-8.5E1,1.6E1,-1.636006417988E2));
#1807=LINE('',#1806,#1805);
#1808=CARTESIAN_POINT('',(-8.5E1,1.6E1,-1.636006417988E2));
#1809=CARTESIAN_POINT('',(-8.5E1,1.6E1,-1.633027341476E2));
#1810=CARTESIAN_POINT('',(-8.503696087406E1,1.591076855656E1,
-1.627001142118E2));
#1811=CARTESIAN_POINT('',(-8.520645317563E1,1.550157794339E1,
-1.618580888029E2));
#1812=CARTESIAN_POINT('',(-8.547882590659E1,1.484401200229E1,
-1.611704031071E2));
#1813=CARTESIAN_POINT('',(-8.583475949956E1,1.398471229483E1,
-1.607111147671E2));
#1814=CARTESIAN_POINT('',(-8.610489573248E1,1.333254573764E1,
-1.606006417988E2));
#1815=CARTESIAN_POINT('',(-8.624264068712E1,1.3E1,-1.606006417988E2));
#1817=CARTESIAN_POINT('',(-9.E1,1.6E1,-1.636006417988E2));
#1818=CARTESIAN_POINT('',(-9.E1,1.6E1,-1.633027341476E2));
#1819=CARTESIAN_POINT('',(-8.996303912594E1,1.591076855656E1,
-1.627001142118E2));
#1820=CARTESIAN_POINT('',(-8.979354682437E1,1.550157794339E1,
-1.618580888029E2));
#1821=CARTESIAN_POINT('',(-8.952117409341E1,1.484401200229E1,
-1.611704031071E2));
#1822=CARTESIAN_POINT('',(-8.916524050044E1,1.398471229483E1,
-1.607111147671E2));
#1823=CARTESIAN_POINT('',(-8.889510426752E1,1.333254573764E1,
-1.606006417988E2));
#1824=CARTESIAN_POINT('',(-8.875735931288E1,1.3E1,-1.606006417988E2));
#1826=DIRECTION('',(-1.936122670399E-9,9.999999999983E-1,1.842800451567E-6));
#1827=VECTOR('',#1826,4.517180069631E0);
#1828=CARTESIAN_POINT('',(-9.55E1,0.E0,-1.645637434320E2));
#1829=LINE('',#1828,#1827);
#1830=CARTESIAN_POINT('',(-9.549999999960E1,8.911752071838E0,
-1.663688057963E2));
#1831=CARTESIAN_POINT('',(-9.549999999960E1,8.742533884601E0,
-1.661995580049E2));
#1832=CARTESIAN_POINT('',(-9.550000000018E1,8.381943063729E0,
-1.658986916236E2));
#1833=CARTESIAN_POINT('',(-9.549999999995E1,7.760229532492E0,
-1.655316012635E2));
#1834=CARTESIAN_POINT('',(-9.550000000002E1,7.161850178473E0,
-1.652730760298E2));
#1835=CARTESIAN_POINT('',(-9.549999999998E1,6.607803240456E0,
-1.650819900820E2));
#1836=CARTESIAN_POINT('',(-9.550000000007E1,6.108415330610E0,
-1.649366550204E2));
#1837=CARTESIAN_POINT('',(-9.549999999975E1,5.659176436878E0,
-1.648202995306E2));
#1838=CARTESIAN_POINT('',(-9.550000000094E1,5.248758532326E0,
-1.647224419001E2));
#1839=CARTESIAN_POINT('',(-9.549999999649E1,4.870020798249E0,
-1.646388997684E2));
#1840=CARTESIAN_POINT('',(-9.550000000757E1,4.631601216719E0,
-1.645887969262E2));
#1841=CARTESIAN_POINT('',(-9.550000000875E1,4.517180069623E0,
-1.645637351077E2));
#1843=DIRECTION('',(5.324298864680E-10,-7.071721495059E-1,7.070414068237E-1));
#1844=VECTOR('',#1843,7.470689260461E-1);
#1845=CARTESIAN_POINT('',(-9.55E1,9.440058410099E0,-1.668970144607E2));
#1846=LINE('',#1845,#1844);
#1847=DIRECTION('',(0.E0,5.711809608462E-1,8.208241650724E-1));
#1848=VECTOR('',#1847,7.022644105924E-1);
#1849=CARTESIAN_POINT('',(-9.55E1,9.440058410099E0,-1.668970144607E2));
#1850=LINE('',#1849,#1848);
#1851=CARTESIAN_POINT('',(-9.55E1,9.841178470909E0,-1.663205788623E2));
#1852=CARTESIAN_POINT('',(-9.55E1,1.028039282364E1,-1.656893992903E2));
#1853=CARTESIAN_POINT('',(-9.55E1,1.05E1,-1.649893303438E2));
#1854=CARTESIAN_POINT('',(-9.55E1,1.05E1,-1.642203720226E2));
#1856=CARTESIAN_POINT('',(-9.55E1,1.05E1,-1.636006417988E2));
#1857=CARTESIAN_POINT('',(-9.55E1,1.05E1,-1.629970884082E2));
#1858=CARTESIAN_POINT('',(-9.55E1,1.010299086534E1,-1.621869907616E2));
#1859=CARTESIAN_POINT('',(-9.55E1,8.831591545878E0,-1.610441765187E2));
#1860=CARTESIAN_POINT('',(-9.55E1,7.464466094067E0,-1.606006417988E2));
#1861=CARTESIAN_POINT('',(-9.55E1,6.257359312881E0,-1.606006417988E2));
#1863=DIRECTION('',(2.129048764969E-10,-1.E0,-1.548378777543E-10));
#1864=VECTOR('',#1863,6.356425121165E0);
#1865=CARTESIAN_POINT('',(-9.385268679205E1,6.356425121165E0,
-1.677986877682E2));
#1866=LINE('',#1865,#1864);
#1867=CARTESIAN_POINT('',(-9.394951303018E1,6.352460264704E0,
-1.677260030536E2));
#1868=CARTESIAN_POINT('',(-9.393887455636E1,6.353341502167E0,
-1.677342437053E2));
#1869=CARTESIAN_POINT('',(-9.391751648855E1,6.354810142508E0,
-1.677506160430E2));
#1870=CARTESIAN_POINT('',(-9.388524115572E1,6.356131510179E0,
-1.677748440936E2));
#1871=CARTESIAN_POINT('',(-9.386356433811E1,6.356425120919E0,
-1.677907768255E2));
#1872=CARTESIAN_POINT('',(-9.385268679205E1,6.356425121165E0,
-1.677986877682E2));
#1874=CARTESIAN_POINT('',(-9.464319880453E1,6.387182397613E0,
-1.670376676982E2));
#1875=CARTESIAN_POINT('',(-9.457872112035E1,6.374088108903E0,
-1.671195886160E2));
#1876=CARTESIAN_POINT('',(-9.444153563368E1,6.352876018509E0,
-1.672806837134E2));
#1877=CARTESIAN_POINT('',(-9.421104169920E1,6.339201641439E0,
-1.675110826650E2));
#1878=CARTESIAN_POINT('',(-9.403954825282E1,6.345008664802E0,
-1.676562608792E2));
#1879=CARTESIAN_POINT('',(-9.394951303018E1,6.352460264704E0,
-1.677260030536E2));
#1881=CARTESIAN_POINT('',(-9.550000000875E1,4.517180069623E0,
-1.645637351077E2));
#1882=CARTESIAN_POINT('',(-9.549997592326E1,4.606777820029E0,
-1.646468670921E2));
#1883=CARTESIAN_POINT('',(-9.549498768133E1,4.781344423177E0,
-1.648009347805E2));
#1884=CARTESIAN_POINT('',(-9.547648405860E1,5.010361790674E0,
-1.650127683577E2));
#1885=CARTESIAN_POINT('',(-9.544905216406E1,5.210887445270E0,
-1.652097509815E2));
#1886=CARTESIAN_POINT('',(-9.541460059680E1,5.386709188458E0,
-1.653923117447E2));
#1887=CARTESIAN_POINT('',(-9.537545757993E1,5.539414943021E0,
-1.655585446529E2));
#1888=CARTESIAN_POINT('',(-9.533384151176E1,5.670435211944E0,
-1.657078465791E2));
#1889=CARTESIAN_POINT('',(-9.529032627461E1,5.784243896430E0,
-1.658443252414E2));
#1890=CARTESIAN_POINT('',(-9.524409583909E1,5.886357086020E0,
-1.659736958432E2));
#1891=CARTESIAN_POINT('',(-9.519349150135E1,5.981207309289E0,
-1.661014466270E2));
#1892=CARTESIAN_POINT('',(-9.513740069746E1,6.069985088206E0,
-1.662298671827E2));
#1893=CARTESIAN_POINT('',(-9.507617095035E1,6.151330155991E0,
-1.663575276426E2));
#1894=CARTESIAN_POINT('',(-9.501081663228E1,6.223089970562E0,
-1.664822706180E2));
#1895=CARTESIAN_POINT('',(-9.494149215374E1,6.284547013519E0,
-1.666039885971E2));
#1896=CARTESIAN_POINT('',(-9.486869737444E1,6.334186082933E0,
-1.667220477801E2));
#1897=CARTESIAN_POINT('',(-9.479049564938E1,6.372164704189E0,
-1.668396496275E2));
#1898=CARTESIAN_POINT('',(-9.470697326750E1,6.392497853653E0,
-1.669555699972E2));
#1899=CARTESIAN_POINT('',(-9.466306688806E1,6.391146054989E0,
-1.670124240227E2));
#1900=CARTESIAN_POINT('',(-9.464319880453E1,6.387182397613E0,
-1.670376676982E2));
#1902=DIRECTION('',(7.701005057249E-8,-1.E0,-5.600652661707E-8));
#1903=VECTOR('',#1902,6.356425147657E0);
#1904=CARTESIAN_POINT('',(-9.164731369881E1,6.356425147657E0,
-1.694025954724E2));
#1905=LINE('',#1904,#1903);
#1906=DIRECTION('',(8.087360843023E-1,9.714683866458E-9,-5.881716976762E-1));
#1907=VECTOR('',#1906,2.726937917142E0);
#1908=CARTESIAN_POINT('',(-9.385268679205E1,6.356425121165E0,
-1.677986877682E2));
#1909=LINE('',#1908,#1907);
#1910=DIRECTION('',(0.E0,-1.E0,-3.044925143326E-9));
#1911=VECTOR('',#1910,6.865649707479E0);
#1912=CARTESIAN_POINT('',(-9.E1,6.865649707479E0,-1.726375401447E2));
#1913=LINE('',#1912,#1911);
#1914=CARTESIAN_POINT('',(-9.164731369881E1,6.356425147657E0,
-1.694025954724E2));
#1915=CARTESIAN_POINT('',(-9.154232250884E1,6.356423159419E0,
-1.694789521431E2));
#1916=CARTESIAN_POINT('',(-9.134501895631E1,6.360371749211E0,
-1.696381758721E2));
#1917=CARTESIAN_POINT('',(-9.108860253159E1,6.375992751571E0,
-1.698871787443E2));
#1918=CARTESIAN_POINT('',(-9.086253624740E1,6.400234343248E0,
-1.701485063958E2));
#1919=CARTESIAN_POINT('',(-9.066240723362E1,6.432748329014E0,
-1.704241366179E2));
#1920=CARTESIAN_POINT('',(-9.048490360820E1,6.473969199077E0,
-1.707181089899E2));
#1921=CARTESIAN_POINT('',(-9.032926714669E1,6.524837902537E0,
-1.710347826969E2));
#1922=CARTESIAN_POINT('',(-9.019666907447E1,6.586894781483E0,
-1.713794552361E2));
#1923=CARTESIAN_POINT('',(-9.009092359695E1,6.662231535962E0,
-1.717577794069E2));
#1924=CARTESIAN_POINT('',(-9.001889237761E1,6.753197634539E0,
-1.721736049754E2));
#1925=CARTESIAN_POINT('',(-9.000000006608E1,6.825775258482E0,
-1.724791671749E2));
#1926=CARTESIAN_POINT('',(-9.E1,6.865649707479E0,-1.726375401447E2));
#1928=DIRECTION('',(-2.365534356020E-9,1.E0,2.365596880606E-9));
#1929=VECTOR('',#1928,1.363705597363E0);
#1930=CARTESIAN_POINT('',(-9.E1,0.E0,-1.986006417988E2));
#1931=LINE('',#1930,#1929);
#1932=CARTESIAN_POINT('',(-9.E1,1.363705567831E0,-1.976006417988E2));
#1933=DIRECTION('',(1.E0,0.E0,0.E0));
#1934=DIRECTION('',(0.E0,2.708944180085E-14,-1.E0));
#1935=AXIS2_PLACEMENT_3D('',#1932,#1933,#1934);
#1937=DIRECTION('',(1.222126556118E-10,2.993911847504E-1,9.541304515074E-1));
#1938=VECTOR('',#1937,1.922522559903E1);
#1939=CARTESIAN_POINT('',(-9.000000000184E1,2.317836003125E0,
-1.979000330290E2));
#1940=LINE('',#1939,#1938);
#1941=CARTESIAN_POINT('',(-9.E1,2.076363407815E1,-1.835385626009E2));
#1942=DIRECTION('',(-1.E0,0.E0,0.E0));
#1943=DIRECTION('',(0.E0,-9.541304515440E-1,2.993911846338E-1));
#1944=AXIS2_PLACEMENT_3D('',#1941,#1942,#1943);
#1946=DIRECTION('',(1.980038591593E-9,-5.711809592210E-1,-8.208241662033E-1));
#1947=VECTOR('',#1946,2.322496442930E-1);
#1948=CARTESIAN_POINT('',(-9.E1,9.979329253920E0,-1.757512197066E2));
#1949=LINE('',#1948,#1947);
#1950=DIRECTION('',(0.E0,7.071067794248E-1,-7.071067829483E-1));
#1951=VECTOR('',#1950,4.403407854432E0);
#1952=CARTESIAN_POINT('',(-9.E1,6.865649707479E0,-1.726375401447E2));
#1953=LINE('',#1952,#1951);
#1954=DIRECTION('',(7.071067811865E-1,1.305173555526E-8,-7.071067811865E-1));
#1955=VECTOR('',#1954,2.828427119044E0);
#1956=CARTESIAN_POINT('',(-9.000000000323E1,1.363705597363E0,
-1.986006417955E2));
#1957=LINE('',#1956,#1955);
#1958=CARTESIAN_POINT('',(-8.8E1,1.363705567831E0,-1.976006417988E2));
#1959=DIRECTION('',(1.E0,0.E0,0.E0));
#1960=DIRECTION('',(0.E0,0.E0,-1.E0));
#1961=AXIS2_PLACEMENT_3D('',#1958,#1959,#1960);
#1963=CARTESIAN_POINT('',(-8.7E1,1.363705567831E0,-1.976006417988E2));
#1964=DIRECTION('',(1.E0,0.E0,0.E0));
#1965=DIRECTION('',(0.E0,0.E0,-1.E0));
#1966=AXIS2_PLACEMENT_3D('',#1963,#1964,#1965);
#1968=DIRECTION('',(7.071067811865E-1,-1.205480722269E-8,7.071067811865E-1));
#1969=VECTOR('',#1968,2.828427120928E0);
#1970=CARTESIAN_POINT('',(-8.699999999514E1,1.363705629204E0,
-2.006006417939E2));
#1971=LINE('',#1970,#1969);
#1972=DIRECTION('',(-8.454238274045E-11,-9.999999999954E-1,-3.038296288435E-6));
#1973=VECTOR('',#1972,6.865696731359E0);
#1974=CARTESIAN_POINT('',(-8.499999999942E1,6.865696731327E0,
-1.726375193056E2));
#1975=LINE('',#1974,#1973);
#1976=DIRECTION('',(1.318171790223E-10,-7.070990736181E-1,7.071144886710E-1));
#1977=VECTOR('',#1976,4.403389339291E0);
#1978=CARTESIAN_POINT('',(-8.5E1,9.979329253920E0,-1.757512197066E2));
#1979=LINE('',#1978,#1977);
#1980=DIRECTION('',(1.489373333552E-9,5.711809596237E-1,8.208241659231E-1));
#1981=VECTOR('',#1980,2.322496360249E-1);
#1982=CARTESIAN_POINT('',(-8.500000000035E1,9.846672683943E0,
-1.759418558204E2));
#1983=LINE('',#1982,#1981);
#1984=CARTESIAN_POINT('',(-8.5E1,2.076363407815E1,-1.835385626008E2));
#1985=DIRECTION('',(-1.E0,0.E0,0.E0));
#1986=DIRECTION('',(0.E0,-9.541304515440E-1,2.993911846338E-1));
#1987=AXIS2_PLACEMENT_3D('',#1984,#1985,#1986);
#1989=DIRECTION('',(-2.666664238138E-10,2.993911848882E-1,9.541304514642E-1));
#1990=VECTOR('',#1989,1.922522560055E1);
#1991=CARTESIAN_POINT('',(-8.499999999522E1,2.317836000667E0,
-1.979000330271E2));
#1992=LINE('',#1991,#1990);
#1993=CARTESIAN_POINT('',(-8.5E1,1.363705567831E0,-1.976006417988E2));
#1994=DIRECTION('',(1.E0,0.E0,0.E0));
#1995=DIRECTION('',(0.E0,1.114663916724E-13,-1.E0));
#1996=AXIS2_PLACEMENT_3D('',#1993,#1994,#1995);
#1998=DIRECTION('',(1.583768614776E-9,1.E0,1.583747773247E-9));
#1999=VECTOR('',#1998,1.363705595108E0);
#2000=CARTESIAN_POINT('',(-8.5E1,0.E0,-1.986006417988E2));
#2001=LINE('',#2000,#1999);
#2002=DIRECTION('',(-9.119080208204E-8,-1.E0,-6.626980122141E-8));
#2003=VECTOR('',#2002,6.356433379755E0);
#2004=CARTESIAN_POINT('',(-8.335268621105E1,6.356433379755E0,
-1.694025954071E2));
#2005=LINE('',#2004,#2003);
#2006=CARTESIAN_POINT('',(-8.499999999942E1,6.865696731327E0,
-1.726375193056E2));
#2007=CARTESIAN_POINT('',(-8.499998866814E1,6.782089372598E0,
-1.723144557816E2));
#2008=CARTESIAN_POINT('',(-8.491966974865E1,6.643314763074E0,
-1.716841993189E2));
#2009=CARTESIAN_POINT('',(-8.462186495751E1,6.491881481917E0,
-1.708720812747E2));
#2010=CARTESIAN_POINT('',(-8.415948950314E1,6.392547111278E0,
-1.701227146109E2));
#2011=CARTESIAN_POINT('',(-8.365488629114E1,6.356143827220E0,
-1.696222967859E2));
#2012=CARTESIAN_POINT('',(-8.335268621105E1,6.356433379755E0,
-1.694025954071E2));
#2014=DIRECTION('',(-3.011578613413E-10,-1.E0,-2.190149564862E-10));
#2015=VECTOR('',#2014,6.356425121165E0);
#2016=CARTESIAN_POINT('',(-8.114731320739E1,6.356425121165E0,
-1.677986877678E2));
#2017=LINE('',#2016,#2015);
#2018=DIRECTION('',(8.087360842432E-1,-3.028521461605E-6,5.881716977498E-1));
#2019=VECTOR('',#2018,2.726937806578E0);
#2020=CARTESIAN_POINT('',(-8.335268621105E1,6.356433379755E0,
-1.694025954071E2));
#2021=LINE('',#2020,#2019);
#2022=CARTESIAN_POINT('',(-8.035686702926E1,6.387122432978E0,
-1.670377513399E2));
#2023=CARTESIAN_POINT('',(-8.034417814908E1,6.389793180804E0,
-1.670216292258E2));
#2024=CARTESIAN_POINT('',(-8.031399516178E1,6.392449914492E0,
-1.669828344213E2));
#2025=CARTESIAN_POINT('',(-8.025280540564E1,6.384296463912E0,
-1.669003932777E2));
#2026=CARTESIAN_POINT('',(-8.018405132140E1,6.360965391968E0,
-1.668020300027E2));
#2027=CARTESIAN_POINT('',(-8.010977400439E1,6.321116617523E0,
-1.666881796484E2));
#2028=CARTESIAN_POINT('',(-8.003311263255E1,6.264154130674E0,
-1.665608279399E2));
#2029=CARTESIAN_POINT('',(-7.996012276375E1,6.193258736091E0,
-1.664283496193E2));
#2030=CARTESIAN_POINT('',(-7.989370819483E1,6.113691502094E0,
-1.662963061843E2));
#2031=CARTESIAN_POINT('',(-7.983304701533E1,6.025419192320E0,
-1.661639180621E2));
#2032=CARTESIAN_POINT('',(-7.977604924867E1,5.926531061120E0,
-1.660266062944E2));
#2033=CARTESIAN_POINT('',(-7.972001508023E1,5.809836542639E0,
-1.658757883087E2));
#2034=CARTESIAN_POINT('',(-7.966376835667E1,5.666513597301E0,
-1.657020362396E2));
#2035=CARTESIAN_POINT('',(-7.961146591270E1,5.495875295058E0,
-1.655089107586E2));
#2036=CARTESIAN_POINT('',(-7.956675373955E1,5.301565322762E0,
-1.653024326130E2));
#2037=CARTESIAN_POINT('',(-7.953063072640E1,5.075993065909E0,
-1.650762999046E2));
#2038=CARTESIAN_POINT('',(-7.950622957883E1,4.818323569623E0,
-1.648319636316E2));
#2039=CARTESIAN_POINT('',(-7.949994376283E1,4.621761900389E0,
-1.646524020902E2));
#2040=CARTESIAN_POINT('',(-7.949999573282E1,4.514801729034E0,
-1.645629770021E2));
#2042=CARTESIAN_POINT('',(-8.105048696989E1,6.352460264710E0,
-1.677260030537E2));
#2043=CARTESIAN_POINT('',(-8.096046375359E1,6.345010951958E0,
-1.676562701636E2));
#2044=CARTESIAN_POINT('',(-8.078899090642E1,6.339195828064E0,
-1.675111111891E2));
#2045=CARTESIAN_POINT('',(-8.055851790323E1,6.352891031751E0,
-1.672807405724E2));
#2046=CARTESIAN_POINT('',(-8.042133970954E1,6.374035428676E0,
-1.671196614031E2));
#2047=CARTESIAN_POINT('',(-8.035686702926E1,6.387122432978E0,
-1.670377513399E2));
#2049=CARTESIAN_POINT('',(-8.114731320739E1,6.356425121165E0,
-1.677986877678E2));
#2050=CARTESIAN_POINT('',(-8.113643566133E1,6.356425120903E0,
-1.677907768251E2));
#2051=CARTESIAN_POINT('',(-8.111475884455E1,6.356131510187E0,
-1.677748440938E2));
#2052=CARTESIAN_POINT('',(-8.108248351134E1,6.354810142505E0,
-1.677506160430E2));
#2053=CARTESIAN_POINT('',(-8.106112544371E1,6.353341502171E0,
-1.677342437054E2));
#2054=CARTESIAN_POINT('',(-8.105048696989E1,6.352460264710E0,
-1.677260030537E2));
#2056=CARTESIAN_POINT('',(-7.799952608873E1,6.387126793082E0,
-1.688932684431E2));
#2057=DIRECTION('',(-6.169141785957E-1,-7.164410827398E-2,-7.837627306764E-1));
#2058=DIRECTION('',(-7.857817561282E-1,-5.191853379535E-6,6.185038655572E-1));
#2059=AXIS2_PLACEMENT_3D('',#2056,#2057,#2058);
#2061=CARTESIAN_POINT('',(-8.009982280394E1,7.901906253542E0,
-1.673786077874E2));
#2062=CARTESIAN_POINT('',(-8.009258380939E1,7.831263559221E0,
-1.672979226301E2));
#2063=CARTESIAN_POINT('',(-8.007140461920E1,7.693421353884E0,
-1.671497722509E2));
#2064=CARTESIAN_POINT('',(-8.003225423714E1,7.507945925299E0,
-1.669669003521E2));
#2065=CARTESIAN_POINT('',(-7.998755024343E1,7.337043635225E0,
-1.668042578614E2));
#2066=CARTESIAN_POINT('',(-7.993935094295E1,7.172553087245E0,
-1.666511239847E2));
#2067=CARTESIAN_POINT('',(-7.988865686427E1,7.007839284726E0,
-1.665002642489E2));
#2068=CARTESIAN_POINT('',(-7.983985536769E1,6.848313036726E0,
-1.663571207679E2));
#2069=CARTESIAN_POINT('',(-7.979412935322E1,6.695402868098E0,
-1.662211471669E2));
#2070=CARTESIAN_POINT('',(-7.975279863698E1,6.546158909107E0,
-1.660923342542E2));
#2071=CARTESIAN_POINT('',(-7.971406207904E1,6.397520830741E0,
-1.659655146876E2));
#2072=CARTESIAN_POINT('',(-7.967702447062E1,6.240562566125E0,
-1.658350292596E2));
#2073=CARTESIAN_POINT('',(-7.963984391873E1,6.066178072310E0,
-1.656922603670E2));
#2074=CARTESIAN_POINT('',(-7.960348661713E1,5.866947016006E0,
-1.655340155371E2));
#2075=CARTESIAN_POINT('',(-7.957013965731E1,5.646161769394E0,
-1.653636404974E2));
#2076=CARTESIAN_POINT('',(-7.954181773280E1,5.406959062169E0,
-1.651846806466E2));
#2077=CARTESIAN_POINT('',(-7.951905225555E1,5.140576982524E0,
-1.649918763377E2));
#2078=CARTESIAN_POINT('',(-7.950381542233E1,4.847228827947E0,
-1.647852185988E2));
#2079=CARTESIAN_POINT('',(-7.949995341442E1,4.630313720215E0,
-1.646379588056E2));
#2080=CARTESIAN_POINT('',(-7.949999573282E1,4.514801729034E0,
-1.645629770021E2));
#2082=CARTESIAN_POINT('',(-8.058534087761E1,8.238944700153E0,
-1.682112133317E2));
#2083=CARTESIAN_POINT('',(-8.052229098167E1,8.197079230882E0,
-1.681234916506E2));
#2084=CARTESIAN_POINT('',(-8.040227245446E1,8.116900182055E0,
-1.679440317300E2));
#2085=CARTESIAN_POINT('',(-8.024103069169E1,8.005400487606E0,
-1.676658603781E2));
#2086=CARTESIAN_POINT('',(-8.014500966131E1,7.935609644834E0,
-1.674749577869E2));
#2087=CARTESIAN_POINT('',(-8.009982280394E1,7.901906253542E0,
-1.673786077874E2));
#2089=CARTESIAN_POINT('',(-8.15E1,8.911851505592E0,-1.663688075562E2));
#2090=DIRECTION('',(0.E0,-7.071067811865E-1,7.071067811865E-1));
#2091=DIRECTION('',(7.000437283153E-1,-5.049449368230E-1,-5.049449368230E-1));
#2092=AXIS2_PLACEMENT_3D('',#2089,#2090,#2091);
#2094=CARTESIAN_POINT('',(-7.986535474212E1,9.033817305709E0,
-1.681204573017E2));
#2095=CARTESIAN_POINT('',(-7.964372930300E1,9.057036888825E0,
-1.676990766001E2));
#2096=CARTESIAN_POINT('',(-7.95E1,9.167790950627E0,-1.672882804962E2));
#2097=CARTESIAN_POINT('',(-7.95E1,9.440058410099E0,-1.668970144607E2));
#2099=CARTESIAN_POINT('',(-7.921335173526E1,6.352460242848E0,
-1.700976974121E2));
#2100=DIRECTION('',(-7.900118815159E-1,3.739574336298E-2,-6.119499860626E-1));
#2101=DIRECTION('',(-6.123783234423E-1,3.106643238956E-9,7.905648543782E-1));
#2102=AXIS2_PLACEMENT_3D('',#2099,#2100,#2101);
#2104=CARTESIAN_POINT('',(-7.938279050404E1,6.356425121157E0,
-1.702248904859E2));
#2105=DIRECTION('',(-8.087352934196E-1,1.662649013433E-6,-5.881727851360E-1));
#2106=DIRECTION('',(-5.881727851368E-1,-3.520147136745E-13,8.087352934208E-1));
#2107=AXIS2_PLACEMENT_3D('',#2104,#2105,#2106);
#2109=DIRECTION('',(0.E0,-7.071067811865E-1,7.071067811866E-1));
#2110=VECTOR('',#2109,2.270961117172E0);
#2111=CARTESIAN_POINT('',(-8.337198868114E1,1.035794615520E1,
-1.723568677348E2));
#2112=LINE('',#2111,#2110);
#2113=CARTESIAN_POINT('',(-8.337198868114E1,8.752134149436E0,
-1.707510557290E2));
#2114=CARTESIAN_POINT('',(-8.337197726101E1,8.670580145448E0,
-1.706694934195E2));
#2115=CARTESIAN_POINT('',(-8.335187322733E1,8.528764295050E0,
-1.705130564537E2));
#2116=CARTESIAN_POINT('',(-8.327757769273E1,8.379421169780E0,
-1.703096802123E2));
#2117=CARTESIAN_POINT('',(-8.316139577744E1,8.276278971852E0,
-1.701220420760E2));
#2118=CARTESIAN_POINT('',(-8.303678871452E1,8.242921576820E0,
-1.699980613625E2));
#2119=CARTESIAN_POINT('',(-8.296016037882E1,8.242909557733E0,
-1.699423196447E2));
#2121=DIRECTION('',(8.087360843062E-1,6.291975609028E-12,5.881716976709E-1));
#2122=VECTOR('',#2121,2.726938528997E0);
#2123=CARTESIAN_POINT('',(-8.296016037882E1,8.242909557733E0,
-1.699423196447E2));
#2124=LINE('',#2123,#2122);
#2125=CARTESIAN_POINT('',(-8.075478679073E1,8.242909557750E0,
-1.683384115807E2));
#2126=CARTESIAN_POINT('',(-8.073575043906E1,8.242909557706E0,
-1.683245669612E2));
#2127=CARTESIAN_POINT('',(-8.069781704596E1,8.242615957483E0,
-1.682966854388E2));
#2128=CARTESIAN_POINT('',(-8.064133444586E1,8.241294548091E0,
-1.682542857748E2));
#2129=CARTESIAN_POINT('',(-8.060395883724E1,8.239825994807E0,
-1.682256349606E2));
#2130=CARTESIAN_POINT('',(-8.058534087761E1,8.238944700153E0,
-1.682112133317E2));
#2132=DIRECTION('',(-6.579841410771E-9,7.071067787937E-1,-7.071067835794E-1));
#2133=VECTOR('',#2132,2.474476123034E-1);
#2134=CARTESIAN_POINT('',(-8.058534087761E1,8.238944700153E0,
-1.682112133317E2));
#2135=LINE('',#2134,#2133);
#2136=DIRECTION('',(4.479546293064E-1,-4.479546293065E-1,7.737398142566E-1));
#2137=VECTOR('',#2136,2.977849336357E0);
#2138=CARTESIAN_POINT('',(-8.191928227484E1,9.747857979807E0,
-1.706902658093E2));
#2139=LINE('',#2138,#2137);
#2140=DIRECTION('',(-6.334025395372E-1,2.660079132016E-1,-7.266643055923E-1));
#2141=VECTOR('',#2140,2.293496340200E0);
#2142=CARTESIAN_POINT('',(-8.191928227484E1,9.747857979807E0,
-1.706902658093E2));
#2143=LINE('',#2142,#2141);
#2144=CARTESIAN_POINT('',(-8.200000000113E1,6.865658011194E0,
-1.726375484647E2));
#2145=DIRECTION('',(5.867590942435E-6,7.071089148406E-1,-7.071046475017E-1));
#2146=DIRECTION('',(-9.999999999828E-1,4.149170874731E-6,-4.148855812976E-6));
#2147=AXIS2_PLACEMENT_3D('',#2144,#2145,#2146);
#2149=CARTESIAN_POINT('',(-8.158817169768E1,6.356425121165E0,
-1.718288040813E2));
#2150=DIRECTION('',(-8.087360843032E-1,0.E0,-5.881716976750E-1));
#2151=DIRECTION('',(-5.881716976750E-1,0.E0,8.087360843032E-1));
#2152=AXIS2_PLACEMENT_3D('',#2149,#2150,#2151);
#2154=DIRECTION('',(7.071067811865E-1,-5.804103331605E-1,4.038859308771E-1));
#2155=VECTOR('',#2154,2.828427124569E0);
#2156=CARTESIAN_POINT('',(-8.700000000022E1,1.148832101363E1,
-1.770842177425E2));
#2157=LINE('',#2156,#2155);
#2158=CARTESIAN_POINT('',(-8.337198868114E1,1.035794615520E1,
-1.723568677348E2));
#2159=CARTESIAN_POINT('',(-8.383966587968E1,1.055435495982E1,
-1.728934054111E2));
#2160=CARTESIAN_POINT('',(-8.457850800677E1,1.068743586804E1,
-1.739956937310E2));
#2161=CARTESIAN_POINT('',(-8.5E1,1.040106471431E1,-1.751451584390E2));
#2162=CARTESIAN_POINT('',(-8.5E1,9.979329253920E0,-1.757512197066E2));
#2164=DIRECTION('',(6.903279831613E-1,-6.903279831613E-1,2.165514980989E-1));
#2165=VECTOR('',#2164,8.921587534214E0);
#2166=CARTESIAN_POINT('',(-8.565882152909E1,1.6E1,-1.682525620082E2));
#2167=LINE('',#2166,#2165);
#2168=DIRECTION('',(1.E0,-1.421085471520E-14,-5.684341886081E-14));
#2169=VECTOR('',#2168,1.E0);
#2170=CARTESIAN_POINT('',(-8.8E1,1.506828565838E1,-1.719395758652E2));
#2171=LINE('',#2170,#2169);
#2172=DIRECTION('',(-4.675692767885E-11,5.711809608078E-1,8.208241650991E-1));
#2173=VECTOR('',#2172,6.267654024442E0);
#2174=CARTESIAN_POINT('',(-8.799999999971E1,1.148832101068E1,
-1.770842177469E2));
#2175=LINE('',#2174,#2173);
#2176=DIRECTION('',(1.E0,2.949697376758E-9,4.366057739812E-9));
#2177=VECTOR('',#2176,9.999999994865E-1);
#2178=CARTESIAN_POINT('',(-8.799999999971E1,1.148832101068E1,
-1.770842177469E2));
#2179=LINE('',#2178,#2177);
#2180=DIRECTION('',(3.517085941053E-11,5.711809608173E-1,8.208241650925E-1));
#2181=VECTOR('',#2180,6.267654019174E0);
#2182=CARTESIAN_POINT('',(-8.700000000022E1,1.148832101363E1,
-1.770842177425E2));
#2183=LINE('',#2182,#2181);
#2184=DIRECTION('',(1.E0,0.E0,0.E0));
#2185=VECTOR('',#2184,2.863428683247E0);
#2186=CARTESIAN_POINT('',(-8.893171434162E1,1.6E1,-1.689694348688E2));
#2187=LINE('',#2186,#2185);
#2188=CARTESIAN_POINT('',(-8.893171434162E1,1.6E1,-1.689694348688E2));
#2189=CARTESIAN_POINT('',(-8.835146260502E1,1.6E1,-1.699853156077E2));
#2190=CARTESIAN_POINT('',(-8.8E1,1.573651996644E1,-1.709792797321E2));
#2191=CARTESIAN_POINT('',(-8.8E1,1.506828565838E1,-1.719395758652E2));
#2193=CARTESIAN_POINT('',(-8.606828565838E1,1.6E1,-1.689694348688E2));
#2194=CARTESIAN_POINT('',(-8.664853739498E1,1.6E1,-1.699853156077E2));
#2195=CARTESIAN_POINT('',(-8.7E1,1.573651996644E1,-1.709792797321E2));
#2196=CARTESIAN_POINT('',(-8.7E1,1.506828565838E1,-1.719395758652E2));
#2198=DIRECTION('',(7.071067811865E-1,5.804103337663E-1,-4.038859300066E-1));
#2199=VECTOR('',#2198,2.828427124510E0);
#2200=CARTESIAN_POINT('',(-8.999999999954E1,9.846672679314E0,
-1.759418558273E2));
#2201=LINE('',#2200,#2199);
#2202=DIRECTION('',(6.903279831613E-1,6.903279831613E-1,-2.165514980989E-1));
#2203=VECTOR('',#2202,8.921587534214E0);
#2204=CARTESIAN_POINT('',(-9.55E1,9.841178470909E0,-1.663205788623E2));
#2205=LINE('',#2204,#2203);
#2206=CARTESIAN_POINT('',(-9.55E1,9.440058410099E0,-1.668970144607E2));
#2207=CARTESIAN_POINT('',(-9.55E1,9.158901436504E0,-1.673010553058E2));
#2208=CARTESIAN_POINT('',(-9.521900533785E1,8.967987334022E0,
-1.680673651112E2));
#2209=CARTESIAN_POINT('',(-9.472644391978E1,9.056707939498E0,
-1.688022239911E2));
#2210=CARTESIAN_POINT('',(-9.441465912076E1,9.187647142579E0,
-1.691599157753E2));
#2212=CARTESIAN_POINT('',(-9.E1,9.979329253920E0,-1.757512197066E2));
#2213=CARTESIAN_POINT('',(-9.E1,1.040106471431E1,-1.751451584390E2));
#2214=CARTESIAN_POINT('',(-9.042149199323E1,1.068743586804E1,
-1.739956937310E2));
#2215=CARTESIAN_POINT('',(-9.116033412032E1,1.055435495982E1,
-1.728934054111E2));
#2216=CARTESIAN_POINT('',(-9.162801131886E1,1.035794615520E1,
-1.723568677348E2));
#2218=DIRECTION('',(7.071067811865E-1,6.746721125254E-1,-2.117015365568E-1));
#2219=VECTOR('',#2218,2.828427124485E0);
#2220=CARTESIAN_POINT('',(-8.999999999949E1,8.073699072311E0,
-1.795566598479E2));
#2221=LINE('',#2220,#2219);
#2222=DIRECTION('',(7.071067811865E-1,6.746721060177E-1,-2.117015572961E-1));
#2223=VECTOR('',#2222,2.828427121494E0);
#2224=CARTESIAN_POINT('',(-9.000000000184E1,2.317836003125E0,
-1.979000330290E2));
#2225=LINE('',#2224,#2223);
#2226=DIRECTION('',(2.322303596397E-10,2.993911848554E-1,9.541304514745E-1));
#2227=VECTOR('',#2226,1.922522566051E1);
#2228=CARTESIAN_POINT('',(-8.800000000414E1,4.226096885901E0,
-1.984988154554E2));
#2229=LINE('',#2228,#2227);
#2230=DIRECTION('',(-1.E0,5.530370745614E-9,-4.449873292427E-9));
#2231=VECTOR('',#2230,1.000000014889E0);
#2232=CARTESIAN_POINT('',(-8.699999998925E1,4.226096880370E0,
-1.984988154509E2));
#2233=LINE('',#2232,#2231);
#2234=DIRECTION('',(-5.706864430229E-10,2.993911851783E-1,9.541304513732E-1));
#2235=VECTOR('',#2234,1.922522565962E1);
#2236=CARTESIAN_POINT('',(-8.699999998925E1,4.226096880370E0,
-1.984988154509E2));
#2237=LINE('',#2236,#2235);
#2238=DIRECTION('',(1.E0,4.121911703106E-10,1.654399285140E-9));
#2239=VECTOR('',#2238,9.999999994526E-1);
#2240=CARTESIAN_POINT('',(-8.799999999968E1,9.981959975511E0,
-1.801554422162E2));
#2241=LINE('',#2240,#2239);
#2242=DIRECTION('',(7.071067811865E-1,-6.746721061700E-1,2.117015568107E-1));
#2243=VECTOR('',#2242,2.828427116301E0);
#2244=CARTESIAN_POINT('',(-8.699999998925E1,4.226096880370E0,
-1.984988154509E2));
#2245=LINE('',#2244,#2243);
#2246=DIRECTION('',(7.071067811865E-1,-6.746721124228E-1,2.117015368837E-1));
#2247=VECTOR('',#2246,2.828427124567E0);
#2248=CARTESIAN_POINT('',(-8.700000000022E1,9.981959975923E0,
-1.801554422145E2));
#2249=LINE('',#2248,#2247);
#2250=CARTESIAN_POINT('',(-8.8E1,2.076363407816E1,-1.835385626009E2));
#2251=DIRECTION('',(-1.E0,0.E0,0.E0));
#2252=DIRECTION('',(0.E0,-9.541304515440E-1,2.993911846338E-1));
#2253=AXIS2_PLACEMENT_3D('',#2250,#2251,#2252);
#2255=CARTESIAN_POINT('',(-8.7E1,2.076363407816E1,-1.835385626009E2));
#2256=DIRECTION('',(-1.E0,0.E0,0.E0));
#2257=DIRECTION('',(0.E0,-9.541304515440E-1,2.993911846338E-1));
#2258=AXIS2_PLACEMENT_3D('',#2255,#2256,#2257);
#2260=DIRECTION('',(6.903279831613E-1,6.903279831613E-1,-2.165514980989E-1));
#2261=VECTOR('',#2260,7.967227367509E0);
#2262=CARTESIAN_POINT('',(-9.55E1,1.05E1,-1.642203720226E2));
#2263=LINE('',#2262,#2261);
#2264=DIRECTION('',(7.071067811865E-1,7.071067811865E-1,0.E0));
#2265=VECTOR('',#2264,7.778174593052E0);
#2266=CARTESIAN_POINT('',(-9.55E1,1.05E1,-1.636006417988E2));
#2267=LINE('',#2266,#2265);
#2268=DIRECTION('',(-4.586142217381E-14,0.E0,1.E0));
#2269=VECTOR('',#2268,6.197302238619E-1);
#2270=CARTESIAN_POINT('',(-9.55E1,1.05E1,-1.642203720226E2));
#2271=LINE('',#2270,#2269);
#2272=CARTESIAN_POINT('',(-9.490022615722E1,7.901880442283E0,
-1.673784728763E2));
#2273=CARTESIAN_POINT('',(-9.485505069215E1,7.935645480928E0,
-1.674748767840E2));
#2274=CARTESIAN_POINT('',(-9.475905268420E1,8.005408082016E0,
-1.676657946345E2));
#2275=CARTESIAN_POINT('',(-9.459772080027E1,8.116857893493E0,
-1.679439926590E2));
#2276=CARTESIAN_POINT('',(-9.447772855657E1,8.197084324520E0,
-1.681234832107E2));
#2277=CARTESIAN_POINT('',(-9.441465912232E1,8.238944700092E0,
-1.682112133317E2));
#2279=CARTESIAN_POINT('',(-9.700059818706E1,6.387182429806E0,
-1.688931105470E2));
#2280=DIRECTION('',(-6.168918961201E-1,7.163924918963E-2,7.837807132591E-1));
#2281=DIRECTION('',(7.857997405455E-1,-4.550146330271E-9,6.184810164901E-1));
#2282=AXIS2_PLACEMENT_3D('',#2279,#2280,#2281);
#2284=CARTESIAN_POINT('',(-9.578664486900E1,6.352460403577E0,
-1.700977000425E2));
#2285=DIRECTION('',(-7.900122750647E-1,-3.739513340898E-2,6.119495152742E-1));
#2286=DIRECTION('',(6.123778390146E-1,-1.980521139681E-8,7.905652296198E-1));
#2287=AXIS2_PLACEMENT_3D('',#2284,#2285,#2286);
#2289=CARTESIAN_POINT('',(-9.561720188373E1,6.356425121165E0,
-1.702248960221E2));
#2290=DIRECTION('',(-8.087360843032E-1,0.E0,5.881716976750E-1));
#2291=DIRECTION('',(5.881716976750E-1,0.E0,8.087360843032E-1));
#2292=AXIS2_PLACEMENT_3D('',#2289,#2290,#2291);
#2294=CARTESIAN_POINT('',(-9.341182121593E1,6.356425121282E0,
-1.718288092351E2));
#2295=DIRECTION('',(-8.087309305110E-1,-1.083451170620E-5,5.881787839742E-1));
#2296=DIRECTION('',(5.881787840088E-1,8.770317805329E-11,8.087309305585E-1));
#2297=AXIS2_PLACEMENT_3D('',#2294,#2295,#2296);
#2299=CARTESIAN_POINT('',(-9.3E1,6.865649702834E0,-1.726375401555E2));
#2300=DIRECTION('',(0.E0,-7.071067811865E-1,7.071067811865E-1));
#2301=DIRECTION('',(1.E0,0.E0,0.E0));
#2302=AXIS2_PLACEMENT_3D('',#2299,#2300,#2301);
#2304=DIRECTION('',(0.E0,7.071067811866E-1,-7.071067811865E-1));
#2305=VECTOR('',#2304,2.270961117172E0);
#2306=CARTESIAN_POINT('',(-9.162801131886E1,8.752134149436E0,
-1.707510557290E2));
#2307=LINE('',#2306,#2305);
#2308=DIRECTION('',(6.334025395372E-1,2.660079132016E-1,-7.266643055923E-1));
#2309=VECTOR('',#2308,4.399489468318E0);
#2310=CARTESIAN_POINT('',(-9.441465912076E1,9.187647142579E0,
-1.691599157753E2));
#2311=LINE('',#2310,#2309);
#2312=DIRECTION('',(-1.161818425739E-9,-7.071067807641E-1,7.071067816090E-1));
#2313=VECTOR('',#2312,1.341667861624E0);
#2314=CARTESIAN_POINT('',(-9.441465912076E1,9.187647142579E0,
-1.691599157753E2));
#2315=LINE('',#2314,#2313);
#2316=CARTESIAN_POINT('',(-9.441465912232E1,8.238944700092E0,
-1.682112133317E2));
#2317=CARTESIAN_POINT('',(-9.439604116268E1,8.239825994742E0,
-1.682256349606E2));
#2318=CARTESIAN_POINT('',(-9.435866555390E1,8.241294548125E0,
-1.682542857750E2));
#2319=CARTESIAN_POINT('',(-9.430218295498E1,8.242615957462E0,
-1.682966854381E2));
#2320=CARTESIAN_POINT('',(-9.426424955889E1,8.242909557733E0,
-1.683245669627E2));
#2321=CARTESIAN_POINT('',(-9.424521320720E1,8.242909557745E0,
-1.683384115822E2));
#2323=DIRECTION('',(8.087360843053E-1,-4.349469011366E-12,-5.881716976722E-1));
#2324=VECTOR('',#2323,2.726938526446E0);
#2325=CARTESIAN_POINT('',(-9.424521320720E1,8.242909557745E0,
-1.683384115822E2));
#2326=LINE('',#2325,#2324);
#2327=CARTESIAN_POINT('',(-9.203983962118E1,8.242909557733E0,
-1.699423196447E2));
#2328=CARTESIAN_POINT('',(-9.201352679809E1,8.242909814192E0,
-1.699614564998E2));
#2329=CARTESIAN_POINT('',(-9.196429622536E1,8.246841803174E0,
-1.700011925417E2));
#2330=CARTESIAN_POINT('',(-9.190015378889E1,8.262471588902E0,
-1.700634713721E2));
#2331=CARTESIAN_POINT('',(-9.184364732059E1,8.286700585871E0,
-1.701287959824E2));
#2332=CARTESIAN_POINT('',(-9.179361236179E1,8.319221075712E0,
-1.701977055332E2));
#2333=CARTESIAN_POINT('',(-9.174923717927E1,8.360440912738E0,
-1.702711982302E2));
#2334=CARTESIAN_POINT('',(-9.171032787194E1,8.411311631468E0,
-1.703503666270E2));
#2335=CARTESIAN_POINT('',(-9.167717857692E1,8.473371830952E0,
-1.704365354047E2));
#2336=CARTESIAN_POINT('',(-9.165074202222E1,8.548722913849E0,
-1.705311130728E2));
#2337=CARTESIAN_POINT('',(-9.163273449073E1,8.639597546516E0,
-1.706350840920E2));
#2338=CARTESIAN_POINT('',(-9.162801166801E1,8.712511095781E0,
-1.707114324214E2));
#2339=CARTESIAN_POINT('',(-9.162801131886E1,8.752134149436E0,
-1.707510557290E2));
#2341=CARTESIAN_POINT('',(-9.550000000875E1,4.517180069623E0,
-1.645637351077E2));
#2342=CARTESIAN_POINT('',(-9.549997663358E1,4.616111382807E0,
-1.646324470509E2));
#2343=CARTESIAN_POINT('',(-9.549687167271E1,4.807829937117E0,
-1.647618335694E2));
#2344=CARTESIAN_POINT('',(-9.548520267074E1,5.067712106272E0,
-1.649401847500E2));
#2345=CARTESIAN_POINT('',(-9.546783156481E1,5.302984081370E0,
-1.651082062786E2));
#2346=CARTESIAN_POINT('',(-9.544585868787E1,5.516631088075E0,
-1.652660021017E2));
#2347=CARTESIAN_POINT('',(-9.542065249340E1,5.708808140146E0,
-1.654121538131E2));
#2348=CARTESIAN_POINT('',(-9.539354369088E1,5.881078005685E0,
-1.655460491220E2));
#2349=CARTESIAN_POINT('',(-9.536525230446E1,6.037439664301E0,
-1.656698463963E2));
#2350=CARTESIAN_POINT('',(-9.533551494334E1,6.183322891970E0,
-1.657877836902E2));
#2351=CARTESIAN_POINT('',(-9.530352004659E1,6.325010951252E0,
-1.659046478684E2));
#2352=CARTESIAN_POINT('',(-9.526840460331E1,6.466853059254E0,
-1.660240695129E2));
#2353=CARTESIAN_POINT('',(-9.522984885173E1,6.609766180480E0,
-1.661471597156E2));
#2354=CARTESIAN_POINT('',(-9.518833762858E1,6.753761157246E0,
-1.662733837015E2));
#2355=CARTESIAN_POINT('',(-9.514428845405E1,6.900108865223E0,
-1.664035263512E2));
#2356=CARTESIAN_POINT('',(-9.509789077309E1,7.051050811971E0,
-1.665397596004E2));
#2357=CARTESIAN_POINT('',(-9.504920782383E1,7.211151924260E0,
-1.666864906732E2));
#2358=CARTESIAN_POINT('',(-9.499624406616E1,7.393233244018E0,
-1.668576524559E2));
#2359=CARTESIAN_POINT('',(-9.494422547421E1,7.613498212396E0,
-1.670666626924E2));
#2360=CARTESIAN_POINT('',(-9.490908435271E1,7.801475779982E0,
-1.672657777479E2));
#2361=CARTESIAN_POINT('',(-9.490022615722E1,7.901880442283E0,
-1.673784728763E2));
#2363=CARTESIAN_POINT('',(-9.349999958500E1,8.911725906383E0,
-1.663687796113E2));
#2364=DIRECTION('',(0.E0,7.070739647507E-1,-7.071395960995E-1));
#2365=DIRECTION('',(-7.001110639466E-1,-5.049216871187E-1,-5.048748241067E-1));
#2366=AXIS2_PLACEMENT_3D('',#2363,#2364,#2365);
#2368=CARTESIAN_POINT('',(-7.986535474212E1,9.033817305709E0,
-1.681204573017E2));
#2369=CARTESIAN_POINT('',(-8.051462450580E1,9.194982264813E0,
-1.690255674264E2));
#2370=CARTESIAN_POINT('',(-8.120638786913E1,9.448466137562E0,
-1.698724053084E2));
#2371=CARTESIAN_POINT('',(-8.191928227484E1,9.747857979807E0,
-1.706902658093E2));
#2373=CARTESIAN_POINT('',(-8.058534087924E1,8.413916584209E0,
-1.683861852169E2));
#2374=CARTESIAN_POINT('',(-8.044153337727E1,8.497112562448E0,
-1.683647939210E2));
#2375=CARTESIAN_POINT('',(-8.017333833839E1,8.687429841047E0,
-1.682974750405E2));
#2376=CARTESIAN_POINT('',(-7.995745618035E1,8.914365530089E0,
-1.681857691788E2));
#2377=CARTESIAN_POINT('',(-7.986535474212E1,9.033817305709E0,
-1.681204573017E2));
#2379=DIRECTION('',(6.903279831613E-1,-6.903279831613E-1,2.165514980989E-1));
#2380=VECTOR('',#2379,7.967227367509E0);
#2381=CARTESIAN_POINT('',(-8.5E1,1.6E1,-1.659456870448E2));
#2382=LINE('',#2381,#2380);
#2383=DIRECTION('',(7.071067811865E-1,-7.071067811865E-1,0.E0));
#2384=VECTOR('',#2383,7.778174593052E0);
#2385=CARTESIAN_POINT('',(-8.5E1,1.6E1,-1.636006417988E2));
#2386=LINE('',#2385,#2384);
#2387=CARTESIAN_POINT('',(-1.045E2,6.257359312881E0,-1.606006417988E2));
#2388=CARTESIAN_POINT('',(-1.045E2,7.464466094067E0,-1.606006417988E2));
#2389=CARTESIAN_POINT('',(-1.045E2,8.831591545878E0,-1.610441765187E2));
#2390=CARTESIAN_POINT('',(-1.045E2,1.010299086534E1,-1.621869907616E2));
#2391=CARTESIAN_POINT('',(-1.045E2,1.05E1,-1.629970884082E2));
#2392=CARTESIAN_POINT('',(-1.045E2,1.05E1,-1.636006417988E2));
#2394=DIRECTION('',(0.E0,0.E0,1.E0));
#2395=VECTOR('',#2394,6.197302238619E-1);
#2396=CARTESIAN_POINT('',(-1.045E2,1.05E1,-1.642203720226E2));
#2397=LINE('',#2396,#2395);
#2398=CARTESIAN_POINT('',(-1.045E2,1.05E1,-1.642203720226E2));
#2399=CARTESIAN_POINT('',(-1.045E2,1.05E1,-1.649893303438E2));
#2400=CARTESIAN_POINT('',(-1.045E2,1.028039282364E1,-1.656893992903E2));
#2401=CARTESIAN_POINT('',(-1.045E2,9.841178470909E0,-1.663205788623E2));
#2403=DIRECTION('',(4.047152183950E-14,5.711809608462E-1,8.208241650724E-1));
#2404=VECTOR('',#2403,7.022644105926E-1);
#2405=CARTESIAN_POINT('',(-1.045E2,9.440058410099E0,-1.668970144607E2));
#2406=LINE('',#2405,#2404);
#2407=DIRECTION('',(-2.244077631625E-5,7.071606588138E-1,-7.070528990977E-1));
#2408=VECTOR('',#2407,7.469896936451E-1);
#2409=CARTESIAN_POINT('',(-1.044999832370E2,8.911816686214E0,
-1.663688532323E2));
#2410=LINE('',#2409,#2408);
#2411=CARTESIAN_POINT('',(-1.044999957328E2,4.514801729034E0,
-1.645629770021E2));
#2412=CARTESIAN_POINT('',(-1.044999987208E2,4.593651902444E0,
-1.645795487887E2));
#2413=CARTESIAN_POINT('',(-1.045000005937E2,4.775820068045E0,
-1.646179036341E2));
#2414=CARTESIAN_POINT('',(-1.044999998409E2,5.103594541114E0,
-1.646900970012E2));
#2415=CARTESIAN_POINT('',(-1.045000000428E2,5.481756441117E0,
-1.647772596734E2));
#2416=CARTESIAN_POINT('',(-1.044999999879E2,5.898645370157E0,
-1.648808723487E2));
#2417=CARTESIAN_POINT('',(-1.045000000054E2,6.342168535660E0,
-1.650028093273E2));
#2418=CARTESIAN_POINT('',(-1.044999999903E2,6.805065197135E0,
-1.651472256261E2));
#2419=CARTESIAN_POINT('',(-1.045000000334E2,7.272083785652E0,
-1.653194384429E2));
#2420=CARTESIAN_POINT('',(-1.044999998761E2,7.703827525860E0,
-1.655128823264E2));
#2421=CARTESIAN_POINT('',(-1.045000004622E2,8.073446966140E0,
-1.657145277440E2));
#2422=CARTESIAN_POINT('',(-1.044999982751E2,8.392561146016E0,
-1.659236782136E2));
#2423=CARTESIAN_POINT('',(-1.045000064376E2,8.669264089793E0,
-1.661393818512E2));
#2424=CARTESIAN_POINT('',(-1.044999861289E2,8.834423817835E0,
-1.662914615172E2));
#2425=CARTESIAN_POINT('',(-1.044999832370E2,8.911816686214E0,
-1.663688532323E2));
#2427=DIRECTION('',(-9.451543993711E-7,-9.999999855904E-1,-1.697593558955E-4));
#2428=VECTOR('',#2427,4.514801794090E0);
#2429=CARTESIAN_POINT('',(-1.044999957328E2,4.514801729034E0,
-1.645629770021E2));
#2430=LINE('',#2429,#2428);
#2431=DIRECTION('',(1.E0,0.E0,0.E0));
#2432=VECTOR('',#2431,2.514718625761E0);
#2433=CARTESIAN_POINT('',(-1.137573593129E2,1.3E1,-1.606006417988E2));
#2434=LINE('',#2433,#2432);
#2435=DIRECTION('',(-1.E0,0.E0,0.E0));
#2436=VECTOR('',#2435,5.E0);
#2437=CARTESIAN_POINT('',(-1.1E2,1.6E1,-1.636006417988E2));
#2438=LINE('',#2437,#2436);
#2439=CARTESIAN_POINT('',(-1.1E2,1.6E1,-1.636006417988E2));
#2440=CARTESIAN_POINT('',(-1.1E2,1.6E1,-1.633027341476E2));
#2441=CARTESIAN_POINT('',(-1.100369608741E2,1.591076855656E1,
-1.627001142118E2));
#2442=CARTESIAN_POINT('',(-1.102064531756E2,1.550157794339E1,
-1.618580888029E2));
#2443=CARTESIAN_POINT('',(-1.104788259066E2,1.484401200229E1,
-1.611704031071E2));
#2444=CARTESIAN_POINT('',(-1.108347594996E2,1.398471229483E1,
-1.607111147671E2));
#2445=CARTESIAN_POINT('',(-1.111048957325E2,1.333254573764E1,
-1.606006417988E2));
#2446=CARTESIAN_POINT('',(-1.112426406871E2,1.3E1,-1.606006417988E2));
#2448=CARTESIAN_POINT('',(-1.15E2,1.6E1,-1.636006417988E2));
#2449=CARTESIAN_POINT('',(-1.15E2,1.6E1,-1.633027341476E2));
#2450=CARTESIAN_POINT('',(-1.149630391259E2,1.591076855656E1,
-1.627001142118E2));
#2451=CARTESIAN_POINT('',(-1.147935468244E2,1.550157794339E1,
-1.618580888029E2));
#2452=CARTESIAN_POINT('',(-1.145211740934E2,1.484401200229E1,
-1.611704031071E2));
#2453=CARTESIAN_POINT('',(-1.141652405004E2,1.398471229483E1,
-1.607111147671E2));
#2454=CARTESIAN_POINT('',(-1.138951042675E2,1.333254573764E1,
-1.606006417988E2));
#2455=CARTESIAN_POINT('',(-1.137573593129E2,1.3E1,-1.606006417988E2));
#2457=CARTESIAN_POINT('',(-1.204999999996E2,8.911752071838E0,
-1.663688057963E2));
#2458=CARTESIAN_POINT('',(-1.204999999996E2,8.742533884601E0,
-1.661995580049E2));
#2459=CARTESIAN_POINT('',(-1.205000000002E2,8.381943063729E0,
-1.658986916236E2));
#2460=CARTESIAN_POINT('',(-1.204999999999E2,7.760229532492E0,
-1.655316012635E2));
#2461=CARTESIAN_POINT('',(-1.205E2,7.161850178473E0,-1.652730760298E2));
#2462=CARTESIAN_POINT('',(-1.205E2,6.607803240456E0,-1.650819900820E2));
#2463=CARTESIAN_POINT('',(-1.205000000001E2,6.108415330610E0,
-1.649366550204E2));
#2464=CARTESIAN_POINT('',(-1.204999999997E2,5.659176436878E0,
-1.648202995306E2));
#2465=CARTESIAN_POINT('',(-1.205000000009E2,5.248758532326E0,
-1.647224419001E2));
#2466=CARTESIAN_POINT('',(-1.204999999965E2,4.870020798249E0,
-1.646388997684E2));
#2467=CARTESIAN_POINT('',(-1.205000000076E2,4.631601216719E0,
-1.645887969262E2));
#2468=CARTESIAN_POINT('',(-1.205000000087E2,4.517180069623E0,
-1.645637351077E2));
#2470=DIRECTION('',(5.324298864680E-10,-7.071721495059E-1,7.070414068237E-1));
#2471=VECTOR('',#2470,7.470689260461E-1);
#2472=CARTESIAN_POINT('',(-1.205E2,9.440058410099E0,-1.668970144607E2));
#2473=LINE('',#2472,#2471);
#2474=DIRECTION('',(0.E0,5.711809608462E-1,8.208241650724E-1));
#2475=VECTOR('',#2474,7.022644105924E-1);
#2476=CARTESIAN_POINT('',(-1.205E2,9.440058410099E0,-1.668970144607E2));
#2477=LINE('',#2476,#2475);
#2478=CARTESIAN_POINT('',(-1.205E2,9.841178470909E0,-1.663205788623E2));
#2479=CARTESIAN_POINT('',(-1.205E2,1.028039282364E1,-1.656893992903E2));
#2480=CARTESIAN_POINT('',(-1.205E2,1.05E1,-1.649893303438E2));
#2481=CARTESIAN_POINT('',(-1.205E2,1.05E1,-1.642203720226E2));
#2483=CARTESIAN_POINT('',(-1.205E2,1.05E1,-1.636006417988E2));
#2484=CARTESIAN_POINT('',(-1.205E2,1.05E1,-1.629970884082E2));
#2485=CARTESIAN_POINT('',(-1.205E2,1.010299086534E1,-1.621869907616E2));
#2486=CARTESIAN_POINT('',(-1.205E2,8.831591545878E0,-1.610441765187E2));
#2487=CARTESIAN_POINT('',(-1.205E2,7.464466094067E0,-1.606006417988E2));
#2488=CARTESIAN_POINT('',(-1.205E2,6.257359312881E0,-1.606006417988E2));
#2490=DIRECTION('',(-1.936122670399E-9,9.999999999983E-1,1.842800451567E-6));
#2491=VECTOR('',#2490,4.517180069631E0);
#2492=CARTESIAN_POINT('',(-1.205E2,0.E0,-1.645637434320E2));
#2493=LINE('',#2492,#2491);
#2494=CARTESIAN_POINT('',(-1.205000000087E2,4.517180069623E0,
-1.645637351077E2));
#2495=CARTESIAN_POINT('',(-1.204999766336E2,4.616111382807E0,
-1.646324470509E2));
#2496=CARTESIAN_POINT('',(-1.204968716727E2,4.807829937117E0,
-1.647618335694E2));
#2497=CARTESIAN_POINT('',(-1.204852026707E2,5.067712106272E0,
-1.649401847500E2));
#2498=CARTESIAN_POINT('',(-1.204678315648E2,5.302984081370E0,
-1.651082062786E2));
#2499=CARTESIAN_POINT('',(-1.204458586879E2,5.516631088075E0,
-1.652660021017E2));
#2500=CARTESIAN_POINT('',(-1.204206524934E2,5.708808140146E0,
-1.654121538131E2));
#2501=CARTESIAN_POINT('',(-1.203935436909E2,5.881078005685E0,
-1.655460491220E2));
#2502=CARTESIAN_POINT('',(-1.203652523045E2,6.037439664301E0,
-1.656698463963E2));
#2503=CARTESIAN_POINT('',(-1.203355149433E2,6.183322891970E0,
-1.657877836902E2));
#2504=CARTESIAN_POINT('',(-1.203035200466E2,6.325010951252E0,
-1.659046478684E2));
#2505=CARTESIAN_POINT('',(-1.202684046033E2,6.466853059254E0,
-1.660240695129E2));
#2506=CARTESIAN_POINT('',(-1.202298488517E2,6.609766180480E0,
-1.661471597156E2));
#2507=CARTESIAN_POINT('',(-1.201883376286E2,6.753761157246E0,
-1.662733837015E2));
#2508=CARTESIAN_POINT('',(-1.201442884541E2,6.900108865223E0,
-1.664035263512E2));
#2509=CARTESIAN_POINT('',(-1.200978907731E2,7.051050811971E0,
-1.665397596004E2));
#2510=CARTESIAN_POINT('',(-1.200492078238E2,7.211151924260E0,
-1.666864906732E2));
#2511=CARTESIAN_POINT('',(-1.199962440662E2,7.393233244018E0,
-1.668576524559E2));
#2512=CARTESIAN_POINT('',(-1.199442254742E2,7.613498212396E0,
-1.670666626924E2));
#2513=CARTESIAN_POINT('',(-1.199090843527E2,7.801475779982E0,
-1.672657777479E2));
#2514=CARTESIAN_POINT('',(-1.199002261572E2,7.901880442283E0,
-1.673784728763E2));
#2516=CARTESIAN_POINT('',(-1.184999995850E2,8.911725906383E0,
-1.663687796113E2));
#2517=DIRECTION('',(0.E0,7.070739647507E-1,-7.071395960995E-1));
#2518=DIRECTION('',(-7.001110639466E-1,-5.049216871187E-1,-5.048748241067E-1));
#2519=AXIS2_PLACEMENT_3D('',#2516,#2517,#2518);
#2521=DIRECTION('',(6.903279831613E-1,6.903279831613E-1,-2.165514980989E-1));
#2522=VECTOR('',#2521,7.967227367509E0);
#2523=CARTESIAN_POINT('',(-1.205E2,1.05E1,-1.642203720226E2));
#2524=LINE('',#2523,#2522);
#2525=DIRECTION('',(7.071067811865E-1,7.071067811865E-1,0.E0));
#2526=VECTOR('',#2525,7.778174593052E0);
#2527=CARTESIAN_POINT('',(-1.205E2,1.05E1,-1.636006417988E2));
#2528=LINE('',#2527,#2526);
#2529=DIRECTION('',(0.E0,0.E0,1.E0));
#2530=VECTOR('',#2529,6.197302238619E-1);
#2531=CARTESIAN_POINT('',(-1.205E2,1.05E1,-1.642203720226E2));
#2532=LINE('',#2531,#2530);
#2533=DIRECTION('',(6.903279831613E-1,-6.903279831613E-1,2.165514980989E-1));
#2534=VECTOR('',#2533,7.967227367509E0);
#2535=CARTESIAN_POINT('',(-1.1E2,1.6E1,-1.659456870448E2));
#2536=LINE('',#2535,#2534);
#2537=DIRECTION('',(7.071067811865E-1,-7.071067811865E-1,0.E0));
#2538=VECTOR('',#2537,7.778174593052E0);
#2539=CARTESIAN_POINT('',(-1.1E2,1.6E1,-1.636006417988E2));
#2540=LINE('',#2539,#2538);
#2541=CARTESIAN_POINT('',(-1.083719886811E2,1.035794615520E1,
-1.723568677348E2));
#2542=CARTESIAN_POINT('',(-1.088396658797E2,1.055435495982E1,
-1.728934054111E2));
#2543=CARTESIAN_POINT('',(-1.095785080068E2,1.068743586804E1,
-1.739956937310E2));
#2544=CARTESIAN_POINT('',(-1.1E2,1.040106471431E1,-1.751451584390E2));
#2545=CARTESIAN_POINT('',(-1.1E2,9.979329253920E0,-1.757512197066E2));
#2547=DIRECTION('',(6.903279831613E-1,-6.903279831613E-1,2.165514980989E-1));
#2548=VECTOR('',#2547,8.921587534214E0);
#2549=CARTESIAN_POINT('',(-1.106588215291E2,1.6E1,-1.682525620082E2));
#2550=LINE('',#2549,#2548);
#2551=DIRECTION('',(7.071067811865E-1,-5.804103331605E-1,4.038859308771E-1));
#2552=VECTOR('',#2551,2.828427124569E0);
#2553=CARTESIAN_POINT('',(-1.120000000002E2,1.148832101363E1,
-1.770842177425E2));
#2554=LINE('',#2553,#2552);
#2555=DIRECTION('',(-8.454031290613E-11,-9.999999999954E-1,-3.038296292574E-6));
#2556=VECTOR('',#2555,6.865696731359E0);
#2557=CARTESIAN_POINT('',(-1.099999999994E2,6.865696731327E0,
-1.726375193056E2));
#2558=LINE('',#2557,#2556);
#2559=DIRECTION('',(1.318204062761E-10,-7.070990736181E-1,7.071144886710E-1));
#2560=VECTOR('',#2559,4.403389339291E0);
#2561=CARTESIAN_POINT('',(-1.1E2,9.979329253920E0,-1.757512197066E2));
#2562=LINE('',#2561,#2560);
#2563=DIRECTION('',(1.489312145707E-9,5.711809596237E-1,8.208241659231E-1));
#2564=VECTOR('',#2563,2.322496360249E-1);
#2565=CARTESIAN_POINT('',(-1.100000000003E2,9.846672683943E0,
-1.759418558204E2));
#2566=LINE('',#2565,#2564);
#2567=CARTESIAN_POINT('',(-1.1E2,2.076363407815E1,-1.835385626008E2));
#2568=DIRECTION('',(-1.E0,0.E0,0.E0));
#2569=DIRECTION('',(0.E0,-9.541304515440E-1,2.993911846338E-1));
#2570=AXIS2_PLACEMENT_3D('',#2567,#2568,#2569);
#2572=DIRECTION('',(-2.666679021689E-10,2.993911848882E-1,9.541304514642E-1));
#2573=VECTOR('',#2572,1.922522560055E1);
#2574=CARTESIAN_POINT('',(-1.099999999952E2,2.317836000667E0,
-1.979000330271E2));
#2575=LINE('',#2574,#2573);
#2576=CARTESIAN_POINT('',(-1.1E2,1.363705567831E0,-1.976006417988E2));
#2577=DIRECTION('',(1.E0,0.E0,0.E0));
#2578=DIRECTION('',(0.E0,1.114663916724E-13,-1.E0));
#2579=AXIS2_PLACEMENT_3D('',#2576,#2577,#2578);
#2581=DIRECTION('',(1.583779035540E-9,1.E0,1.583747773247E-9));
#2582=VECTOR('',#2581,1.363705595108E0);
#2583=CARTESIAN_POINT('',(-1.1E2,0.E0,-1.986006417988E2));
#2584=LINE('',#2583,#2582);
#2585=DIRECTION('',(-9.119079761071E-8,-1.E0,-6.626979227875E-8));
#2586=VECTOR('',#2585,6.356433379755E0);
#2587=CARTESIAN_POINT('',(-1.083526862111E2,6.356433379755E0,
-1.694025954071E2));
#2588=LINE('',#2587,#2586);
#2589=CARTESIAN_POINT('',(-1.099999999994E2,6.865696731327E0,
-1.726375193056E2));
#2590=CARTESIAN_POINT('',(-1.099999886681E2,6.782089372598E0,
-1.723144557816E2));
#2591=CARTESIAN_POINT('',(-1.099196697486E2,6.643314763074E0,
-1.716841993189E2));
#2592=CARTESIAN_POINT('',(-1.096218649575E2,6.491881481917E0,
-1.708720812747E2));
#2593=CARTESIAN_POINT('',(-1.091594895031E2,6.392547111278E0,
-1.701227146109E2));
#2594=CARTESIAN_POINT('',(-1.086548862911E2,6.356143827220E0,
-1.696222967859E2));
#2595=CARTESIAN_POINT('',(-1.083526862111E2,6.356433379755E0,
-1.694025954071E2));
#2597=DIRECTION('',(-3.011578613413E-10,-1.E0,-2.190238991573E-10));
#2598=VECTOR('',#2597,6.356425121165E0);
#2599=CARTESIAN_POINT('',(-1.061473132074E2,6.356425121165E0,
-1.677986877678E2));
#2600=LINE('',#2599,#2598);
#2601=DIRECTION('',(8.087360842432E-1,-3.028521461605E-6,5.881716977498E-1));
#2602=VECTOR('',#2601,2.726937806578E0);
#2603=CARTESIAN_POINT('',(-1.083526862111E2,6.356433379755E0,
-1.694025954071E2));
#2604=LINE('',#2603,#2602);
#2605=CARTESIAN_POINT('',(-1.053568670293E2,6.387122432978E0,
-1.670377513399E2));
#2606=CARTESIAN_POINT('',(-1.053441781491E2,6.389793180804E0,
-1.670216292258E2));
#2607=CARTESIAN_POINT('',(-1.053139951618E2,6.392449914492E0,
-1.669828344213E2));
#2608=CARTESIAN_POINT('',(-1.052528054056E2,6.384296463912E0,
-1.669003932777E2));
#2609=CARTESIAN_POINT('',(-1.051840513214E2,6.360965391968E0,
-1.668020300027E2));
#2610=CARTESIAN_POINT('',(-1.051097740044E2,6.321116617523E0,
-1.666881796484E2));
#2611=CARTESIAN_POINT('',(-1.050331126326E2,6.264154130674E0,
-1.665608279399E2));
#2612=CARTESIAN_POINT('',(-1.049601227637E2,6.193258736091E0,
-1.664283496193E2));
#2613=CARTESIAN_POINT('',(-1.048937081948E2,6.113691502094E0,
-1.662963061843E2));
#2614=CARTESIAN_POINT('',(-1.048330470153E2,6.025419192320E0,
-1.661639180621E2));
#2615=CARTESIAN_POINT('',(-1.047760492487E2,5.926531061120E0,
-1.660266062944E2));
#2616=CARTESIAN_POINT('',(-1.047200150802E2,5.809836542639E0,
-1.658757883087E2));
#2617=CARTESIAN_POINT('',(-1.046637683567E2,5.666513597301E0,
-1.657020362396E2));
#2618=CARTESIAN_POINT('',(-1.046114659127E2,5.495875295058E0,
-1.655089107586E2));
#2619=CARTESIAN_POINT('',(-1.045667537395E2,5.301565322762E0,
-1.653024326130E2));
#2620=CARTESIAN_POINT('',(-1.045306307264E2,5.075993065909E0,
-1.650762999046E2));
#2621=CARTESIAN_POINT('',(-1.045062295788E2,4.818323569623E0,
-1.648319636316E2));
#2622=CARTESIAN_POINT('',(-1.044999437628E2,4.621761900389E0,
-1.646524020902E2));
#2623=CARTESIAN_POINT('',(-1.044999957328E2,4.514801729034E0,
-1.645629770021E2));
#2625=CARTESIAN_POINT('',(-1.060504869699E2,6.352460264710E0,
-1.677260030537E2));
#2626=CARTESIAN_POINT('',(-1.059604637536E2,6.345010951958E0,
-1.676562701636E2));
#2627=CARTESIAN_POINT('',(-1.057889909064E2,6.339195828064E0,
-1.675111111891E2));
#2628=CARTESIAN_POINT('',(-1.055585179032E2,6.352891031751E0,
-1.672807405724E2));
#2629=CARTESIAN_POINT('',(-1.054213397095E2,6.374035428676E0,
-1.671196614031E2));
#2630=CARTESIAN_POINT('',(-1.053568670293E2,6.387122432978E0,
-1.670377513399E2));
#2632=CARTESIAN_POINT('',(-1.061473132074E2,6.356425121165E0,
-1.677986877678E2));
#2633=CARTESIAN_POINT('',(-1.061364356613E2,6.356425120903E0,
-1.677907768251E2));
#2634=CARTESIAN_POINT('',(-1.061147588445E2,6.356131510187E0,
-1.677748440938E2));
#2635=CARTESIAN_POINT('',(-1.060824835113E2,6.354810142505E0,
-1.677506160430E2));
#2636=CARTESIAN_POINT('',(-1.060611254437E2,6.353341502171E0,
-1.677342437054E2));
#2637=CARTESIAN_POINT('',(-1.060504869699E2,6.352460264710E0,
-1.677260030537E2));
#2639=CARTESIAN_POINT('',(-1.029995260887E2,6.387126793082E0,
-1.688932684431E2));
#2640=DIRECTION('',(-6.169141785957E-1,-7.164410827398E-2,-7.837627306764E-1));
#2641=DIRECTION('',(-7.857817561282E-1,-5.191853379535E-6,6.185038655572E-1));
#2642=AXIS2_PLACEMENT_3D('',#2639,#2640,#2641);
#2644=CARTESIAN_POINT('',(-1.050998228039E2,7.901906253542E0,
-1.673786077874E2));
#2645=CARTESIAN_POINT('',(-1.050925838094E2,7.831263559221E0,
-1.672979226301E2));
#2646=CARTESIAN_POINT('',(-1.050714046192E2,7.693421353884E0,
-1.671497722509E2));
#2647=CARTESIAN_POINT('',(-1.050322542371E2,7.507945925299E0,
-1.669669003521E2));
#2648=CARTESIAN_POINT('',(-1.049875502434E2,7.337043635225E0,
-1.668042578614E2));
#2649=CARTESIAN_POINT('',(-1.049393509429E2,7.172553087245E0,
-1.666511239847E2));
#2650=CARTESIAN_POINT('',(-1.048886568643E2,7.007839284726E0,
-1.665002642489E2));
#2651=CARTESIAN_POINT('',(-1.048398553677E2,6.848313036726E0,
-1.663571207679E2));
#2652=CARTESIAN_POINT('',(-1.047941293532E2,6.695402868098E0,
-1.662211471669E2));
#2653=CARTESIAN_POINT('',(-1.047527986370E2,6.546158909107E0,
-1.660923342542E2));
#2654=CARTESIAN_POINT('',(-1.047140620790E2,6.397520830741E0,
-1.659655146876E2));
#2655=CARTESIAN_POINT('',(-1.046770244706E2,6.240562566125E0,
-1.658350292596E2));
#2656=CARTESIAN_POINT('',(-1.046398439187E2,6.066178072310E0,
-1.656922603670E2));
#2657=CARTESIAN_POINT('',(-1.046034866171E2,5.866947016006E0,
-1.655340155371E2));
#2658=CARTESIAN_POINT('',(-1.045701396573E2,5.646161769394E0,
-1.653636404974E2));
#2659=CARTESIAN_POINT('',(-1.045418177328E2,5.406959062169E0,
-1.651846806466E2));
#2660=CARTESIAN_POINT('',(-1.045190522556E2,5.140576982524E0,
-1.649918763377E2));
#2661=CARTESIAN_POINT('',(-1.045038154223E2,4.847228827947E0,
-1.647852185988E2));
#2662=CARTESIAN_POINT('',(-1.044999534144E2,4.630313720215E0,
-1.646379588056E2));
#2663=CARTESIAN_POINT('',(-1.044999957328E2,4.514801729034E0,
-1.645629770021E2));
#2665=CARTESIAN_POINT('',(-1.055853408776E2,8.238944700153E0,
-1.682112133317E2));
#2666=CARTESIAN_POINT('',(-1.055222909817E2,8.197079230882E0,
-1.681234916506E2));
#2667=CARTESIAN_POINT('',(-1.054022724545E2,8.116900182055E0,
-1.679440317300E2));
#2668=CARTESIAN_POINT('',(-1.052410306917E2,8.005400487606E0,
-1.676658603781E2));
#2669=CARTESIAN_POINT('',(-1.051450096613E2,7.935609644834E0,
-1.674749577869E2));
#2670=CARTESIAN_POINT('',(-1.050998228039E2,7.901906253542E0,
-1.673786077874E2));
#2672=CARTESIAN_POINT('',(-1.065E2,8.911851505592E0,-1.663688075562E2));
#2673=DIRECTION('',(0.E0,-7.071067811865E-1,7.071067811865E-1));
#2674=DIRECTION('',(7.000437283153E-1,-5.049449368230E-1,-5.049449368230E-1));
#2675=AXIS2_PLACEMENT_3D('',#2672,#2673,#2674);
#2677=CARTESIAN_POINT('',(-1.048653547421E2,9.033817305709E0,
-1.681204573017E2));
#2678=CARTESIAN_POINT('',(-1.046437293030E2,9.057036888825E0,
-1.676990766001E2));
#2679=CARTESIAN_POINT('',(-1.045E2,9.167790950627E0,-1.672882804962E2));
#2680=CARTESIAN_POINT('',(-1.045E2,9.440058410099E0,-1.668970144607E2));
#2682=CARTESIAN_POINT('',(-1.042133517353E2,6.352460242848E0,
-1.700976974121E2));
#2683=DIRECTION('',(-7.900118815159E-1,3.739574336298E-2,-6.119499860626E-1));
#2684=DIRECTION('',(-6.123783234423E-1,3.106643238956E-9,7.905648543782E-1));
#2685=AXIS2_PLACEMENT_3D('',#2682,#2683,#2684);
#2687=CARTESIAN_POINT('',(-1.043827905040E2,6.356425121157E0,
-1.702248904859E2));
#2688=DIRECTION('',(-8.087352934196E-1,1.662649013433E-6,-5.881727851360E-1));
#2689=DIRECTION('',(-5.881727851368E-1,-3.520147136745E-13,8.087352934208E-1));
#2690=AXIS2_PLACEMENT_3D('',#2687,#2688,#2689);
#2692=DIRECTION('',(1.877291681625E-14,-7.071067811865E-1,7.071067811866E-1));
#2693=VECTOR('',#2692,2.270961117172E0);
#2694=CARTESIAN_POINT('',(-1.083719886811E2,1.035794615520E1,
-1.723568677348E2));
#2695=LINE('',#2694,#2693);
#2696=CARTESIAN_POINT('',(-1.083719886811E2,8.752134149436E0,
-1.707510557290E2));
#2697=CARTESIAN_POINT('',(-1.083719772610E2,8.670580145448E0,
-1.706694934195E2));
#2698=CARTESIAN_POINT('',(-1.083518732273E2,8.528764295050E0,
-1.705130564537E2));
#2699=CARTESIAN_POINT('',(-1.082775776927E2,8.379421169780E0,
-1.703096802123E2));
#2700=CARTESIAN_POINT('',(-1.081613957774E2,8.276278971852E0,
-1.701220420760E2));
#2701=CARTESIAN_POINT('',(-1.080367887145E2,8.242921576820E0,
-1.699980613625E2));
#2702=CARTESIAN_POINT('',(-1.079601603788E2,8.242909557733E0,
-1.699423196447E2));
#2704=DIRECTION('',(8.087360843062E-1,6.292627019692E-12,5.881716976709E-1));
#2705=VECTOR('',#2704,2.726938528997E0);
#2706=CARTESIAN_POINT('',(-1.079601603788E2,8.242909557733E0,
-1.699423196447E2));
#2707=LINE('',#2706,#2705);
#2708=CARTESIAN_POINT('',(-1.057547867907E2,8.242909557750E0,
-1.683384115807E2));
#2709=CARTESIAN_POINT('',(-1.057357504391E2,8.242909557706E0,
-1.683245669612E2));
#2710=CARTESIAN_POINT('',(-1.056978170460E2,8.242615957483E0,
-1.682966854388E2));
#2711=CARTESIAN_POINT('',(-1.056413344459E2,8.241294548091E0,
-1.682542857748E2));
#2712=CARTESIAN_POINT('',(-1.056039588372E2,8.239825994807E0,
-1.682256349606E2));
#2713=CARTESIAN_POINT('',(-1.055853408776E2,8.238944700153E0,
-1.682112133317E2));
#2715=DIRECTION('',(-6.579783981020E-9,7.071067787937E-1,-7.071067835794E-1));
#2716=VECTOR('',#2715,2.474476123034E-1);
#2717=CARTESIAN_POINT('',(-1.055853408776E2,8.238944700153E0,
-1.682112133317E2));
#2718=LINE('',#2717,#2716);
#2719=DIRECTION('',(4.479546293064E-1,-4.479546293065E-1,7.737398142566E-1));
#2720=VECTOR('',#2719,2.977849336357E0);
#2721=CARTESIAN_POINT('',(-1.069192822748E2,9.747857979807E0,
-1.706902658093E2));
#2722=LINE('',#2721,#2720);
#2723=DIRECTION('',(-6.334025395372E-1,2.660079132016E-1,-7.266643055923E-1));
#2724=VECTOR('',#2723,2.293496340200E0);
#2725=CARTESIAN_POINT('',(-1.069192822748E2,9.747857979807E0,
-1.706902658093E2));
#2726=LINE('',#2725,#2724);
#2727=CARTESIAN_POINT('',(-1.070000000011E2,6.865658011194E0,
-1.726375484647E2));
#2728=DIRECTION('',(5.867590942333E-6,7.071089148406E-1,-7.071046475017E-1));
#2729=DIRECTION('',(-9.999999999828E-1,4.149170874731E-6,-4.148855812976E-6));
#2730=AXIS2_PLACEMENT_3D('',#2727,#2728,#2729);
#2732=CARTESIAN_POINT('',(-1.065881716977E2,6.356425121165E0,
-1.718288040813E2));
#2733=DIRECTION('',(-8.087360843032E-1,0.E0,-5.881716976750E-1));
#2734=DIRECTION('',(-5.881716976750E-1,0.E0,8.087360843032E-1));
#2735=AXIS2_PLACEMENT_3D('',#2732,#2733,#2734);
#2737=CARTESIAN_POINT('',(-1.048653547421E2,9.033817305709E0,
-1.681204573017E2));
#2738=CARTESIAN_POINT('',(-1.055146245058E2,9.194982264813E0,
-1.690255674264E2));
#2739=CARTESIAN_POINT('',(-1.062063878691E2,9.448466137562E0,
-1.698724053084E2));
#2740=CARTESIAN_POINT('',(-1.069192822748E2,9.747857979807E0,
-1.706902658093E2));
#2742=CARTESIAN_POINT('',(-1.055853408792E2,8.413916584209E0,
-1.683861852169E2));
#2743=CARTESIAN_POINT('',(-1.054415333773E2,8.497112562448E0,
-1.683647939210E2));
#2744=CARTESIAN_POINT('',(-1.051733383384E2,8.687429841047E0,
-1.682974750405E2));
#2745=CARTESIAN_POINT('',(-1.049574561803E2,8.914365530089E0,
-1.681857691788E2));
#2746=CARTESIAN_POINT('',(-1.048653547421E2,9.033817305709E0,
-1.681204573017E2));
#2748=DIRECTION('',(7.071067811865E-1,-6.746721124228E-1,2.117015368837E-1));
#2749=VECTOR('',#2748,2.828427124567E0);
#2750=CARTESIAN_POINT('',(-1.120000000002E2,9.981959975923E0,
-1.801554422145E2));
#2751=LINE('',#2750,#2749);
#2752=CARTESIAN_POINT('',(-1.13E2,2.076363407816E1,-1.835385626009E2));
#2753=DIRECTION('',(-1.E0,0.E0,0.E0));
#2754=DIRECTION('',(0.E0,-9.541304515440E-1,2.993911846338E-1));
#2755=AXIS2_PLACEMENT_3D('',#2752,#2753,#2754);
#2757=CARTESIAN_POINT('',(-1.12E2,2.076363407816E1,-1.835385626009E2));
#2758=DIRECTION('',(-1.E0,0.E0,0.E0));
#2759=DIRECTION('',(0.E0,-9.541304515440E-1,2.993911846338E-1));
#2760=AXIS2_PLACEMENT_3D('',#2757,#2758,#2759);
#2762=DIRECTION('',(7.071067811865E-1,6.746721125254E-1,-2.117015365568E-1));
#2763=VECTOR('',#2762,2.828427124485E0);
#2764=CARTESIAN_POINT('',(-1.149999999995E2,8.073699072311E0,
-1.795566598479E2));
#2765=LINE('',#2764,#2763);
#2766=DIRECTION('',(7.071067811865E-1,6.746721060177E-1,-2.117015572961E-1));
#2767=VECTOR('',#2766,2.828427121494E0);
#2768=CARTESIAN_POINT('',(-1.150000000018E2,2.317836003125E0,
-1.979000330290E2));
#2769=LINE('',#2768,#2767);
#2770=DIRECTION('',(2.322303596397E-10,-2.993911848554E-1,-9.541304514745E-1));
#2771=VECTOR('',#2770,1.922522566051E1);
#2772=CARTESIAN_POINT('',(-1.370000000003E2,9.981959975511E0,
-1.801554422162E2));
#2773=LINE('',#2772,#2771);
#2774=DIRECTION('',(1.E0,0.E0,0.E0));
#2775=VECTOR('',#2774,9.999999993506E-1);
#2776=CARTESIAN_POINT('',(-1.379999999997E2,9.981959975511E0,
-1.801554422162E2));
#2777=LINE('',#2776,#2775);
#2778=DIRECTION('',(2.322318379948E-10,2.993911848554E-1,9.541304514745E-1));
#2779=VECTOR('',#2778,1.922522566051E1);
#2780=CARTESIAN_POINT('',(-1.380000000041E2,4.226096885901E0,
-1.984988154554E2));
#2781=LINE('',#2780,#2779);
#2782=DIRECTION('',(-1.E0,0.E0,0.E0));
#2783=VECTOR('',#2782,1.000000008280E0);
#2784=CARTESIAN_POINT('',(-1.369999999959E2,4.226096885901E0,
-1.984988154554E2));
#2785=LINE('',#2784,#2783);
#2786=DIRECTION('',(2.322318379948E-10,2.993911848554E-1,9.541304514745E-1));
#2787=VECTOR('',#2786,1.922522566051E1);
#2788=CARTESIAN_POINT('',(-1.130000000041E2,4.226096885901E0,
-1.984988154554E2));
#2789=LINE('',#2788,#2787);
#2790=DIRECTION('',(-1.E0,5.530370745614E-9,-4.449873292427E-9));
#2791=VECTOR('',#2790,1.000000014889E0);
#2792=CARTESIAN_POINT('',(-1.119999999893E2,4.226096880370E0,
-1.984988154509E2));
#2793=LINE('',#2792,#2791);
#2794=DIRECTION('',(-5.706864430229E-10,2.993911851783E-1,9.541304513732E-1));
#2795=VECTOR('',#2794,1.922522565962E1);
#2796=CARTESIAN_POINT('',(-1.119999999893E2,4.226096880370E0,
-1.984988154509E2));
#2797=LINE('',#2796,#2795);
#2798=DIRECTION('',(1.E0,4.121911703106E-10,1.654399285140E-9));
#2799=VECTOR('',#2798,9.999999994526E-1);
#2800=CARTESIAN_POINT('',(-1.129999999997E2,9.981959975511E0,
-1.801554422162E2));
#2801=LINE('',#2800,#2799);
#2802=DIRECTION('',(-7.071067811865E-1,6.746721125254E-1,-2.117015365569E-1));
#2803=VECTOR('',#2802,2.828427124485E0);
#2804=CARTESIAN_POINT('',(-1.350000000005E2,8.073699072311E0,
-1.795566598479E2));
#2805=LINE('',#2804,#2803);
#2806=DIRECTION('',(-7.071067811866E-1,6.746721060177E-1,-2.117015572961E-1));
#2807=VECTOR('',#2806,2.828427121494E0);
#2808=CARTESIAN_POINT('',(-1.349999999982E2,2.317836003125E0,
-1.979000330290E2));
#2809=LINE('',#2808,#2807);
#2810=CARTESIAN_POINT('',(-1.37E2,1.363705567831E0,-1.976006417988E2));
#2811=DIRECTION('',(-1.E0,0.E0,0.E0));
#2812=DIRECTION('',(0.E0,9.541304515440E-1,-2.993911846338E-1));
#2813=AXIS2_PLACEMENT_3D('',#2810,#2811,#2812);
#2815=CARTESIAN_POINT('',(-1.38E2,1.363705567831E0,-1.976006417988E2));
#2816=DIRECTION('',(1.E0,0.E0,0.E0));
#2817=DIRECTION('',(0.E0,0.E0,-1.E0));
#2818=AXIS2_PLACEMENT_3D('',#2815,#2816,#2817);
#2820=DIRECTION('',(7.071067811865E-1,1.305174230666E-8,-7.071067811866E-1));
#2821=VECTOR('',#2820,2.828427119044E0);
#2822=CARTESIAN_POINT('',(-1.400000000032E2,1.363705597363E0,
-1.986006417955E2));
#2823=LINE('',#2822,#2821);
#2824=CARTESIAN_POINT('',(-1.4E2,1.363705567831E0,-1.976006417988E2));
#2825=DIRECTION('',(1.E0,0.E0,0.E0));
#2826=DIRECTION('',(0.E0,-4.352074256531E-14,-1.E0));
#2827=AXIS2_PLACEMENT_3D('',#2824,#2825,#2826);
#2829=DIRECTION('',(1.222126556118E-10,2.993911847504E-1,9.541304515074E-1));
#2830=VECTOR('',#2829,1.922522559903E1);
#2831=CARTESIAN_POINT('',(-1.400000000018E2,2.317836003125E0,
-1.979000330290E2));
#2832=LINE('',#2831,#2830);
#2833=CARTESIAN_POINT('',(-1.4E2,2.076363407816E1,-1.835385626009E2));
#2834=DIRECTION('',(-1.E0,0.E0,0.E0));
#2835=DIRECTION('',(0.E0,-9.541304515440E-1,2.993911846338E-1));
#2836=AXIS2_PLACEMENT_3D('',#2833,#2834,#2835);
#2838=DIRECTION('',(-1.002977136757E-10,5.711809607639E-1,8.208241651297E-1));
#2839=VECTOR('',#2838,6.267654028629E0);
#2840=CARTESIAN_POINT('',(-1.399999999995E2,9.846672679314E0,
-1.759418558273E2));
#2841=LINE('',#2840,#2839);
#2842=CARTESIAN_POINT('',(-1.4E2,1.08E1,-1.689694348688E2));
#2843=DIRECTION('',(1.E0,0.E0,0.E0));
#2844=DIRECTION('',(0.E0,8.208241650724E-1,-5.711809608462E-1));
#2845=AXIS2_PLACEMENT_3D('',#2842,#2843,#2844);
#2847=DIRECTION('',(-8.143088533900E-10,-8.143134855290E-10,1.E0));
#2848=VECTOR('',#2847,5.368793115897E0);
#2849=CARTESIAN_POINT('',(-1.400000000002E2,1.399999999978E1,
-1.689694348690E2));
#2850=LINE('',#2849,#2848);
#2851=CARTESIAN_POINT('',(-1.4E2,1.3E1,-1.636006417988E2));
#2852=DIRECTION('',(1.E0,0.E0,0.E0));
#2853=DIRECTION('',(0.E0,1.E0,0.E0));
#2854=AXIS2_PLACEMENT_3D('',#2851,#2852,#2853);
#2856=DIRECTION('',(1.663335784066E-9,-1.E0,-1.663342297271E-9));
#2857=VECTOR('',#2856,4.363705634279E0);
#2858=CARTESIAN_POINT('',(-1.380000000073E2,1.363705634279E0,
-2.006006417915E2));
#2859=LINE('',#2858,#2857);
#2860=DIRECTION('',(-7.392552889016E-10,1.E0,7.392618021066E-10));
#2861=VECTOR('',#2860,4.363705597363E0);
#2862=CARTESIAN_POINT('',(-1.4E2,-3.E0,-1.986006417988E2));
#2863=LINE('',#2862,#2861);
#2864=DIRECTION('',(7.071067811865E-1,6.746721060177E-1,-2.117015572961E-1));
#2865=VECTOR('',#2864,2.828427121494E0);
#2866=CARTESIAN_POINT('',(-1.400000000018E2,2.317836003125E0,
-1.979000330290E2));
#2867=LINE('',#2866,#2865);
#2868=DIRECTION('',(7.071067811865E-1,6.746721125254E-1,-2.117015365568E-1));
#2869=VECTOR('',#2868,2.828427124485E0);
#2870=CARTESIAN_POINT('',(-1.399999999995E2,8.073699072311E0,
-1.795566598479E2));
#2871=LINE('',#2870,#2869);
#2872=DIRECTION('',(7.071067811865E-1,5.804103337663E-1,-4.038859300066E-1));
#2873=VECTOR('',#2872,2.828427124510E0);
#2874=CARTESIAN_POINT('',(-1.399999999995E2,9.846672679314E0,
-1.759418558273E2));
#2875=LINE('',#2874,#2873);
#2876=DIRECTION('',(7.071067811865E-1,5.804103333640E-1,-4.038859305847E-1));
#2877=VECTOR('',#2876,2.828427124694E0);
#2878=CARTESIAN_POINT('',(-1.400000000002E2,1.342663732912E1,
-1.707972139419E2));
#2879=LINE('',#2878,#2877);
#2880=CARTESIAN_POINT('',(-1.360682856584E2,1.6E1,-1.689694348688E2));
#2881=CARTESIAN_POINT('',(-1.366485373950E2,1.6E1,-1.699853156077E2));
#2882=CARTESIAN_POINT('',(-1.37E2,1.573651996644E1,-1.709792797321E2));
#2883=CARTESIAN_POINT('',(-1.37E2,1.506828565838E1,-1.719395758652E2));
#2885=CARTESIAN_POINT('',(-1.38E2,1.08E1,-1.689694348688E2));
#2886=DIRECTION('',(1.E0,0.E0,0.E0));
#2887=DIRECTION('',(0.E0,8.208241650724E-1,-5.711809608462E-1));
#2888=AXIS2_PLACEMENT_3D('',#2885,#2886,#2887);
#2890=DIRECTION('',(7.071067811865E-1,7.071067811866E-1,-1.941387923360E-11));
#2891=VECTOR('',#2890,2.828427124678E0);
#2892=CARTESIAN_POINT('',(-1.400000000002E2,1.399999999978E1,
-1.689694348690E2));
#2893=LINE('',#2892,#2891);
#2894=DIRECTION('',(7.071067811865E-1,7.071067811865E-1,2.017831585875E-8));
#2895=VECTOR('',#2894,2.828427116626E0);
#2896=CARTESIAN_POINT('',(-1.400000000046E2,1.399999999541E1,
-1.636006417531E2));
#2897=LINE('',#2896,#2895);
#2898=CARTESIAN_POINT('',(-1.38E2,1.3E1,-1.636006417988E2));
#2899=DIRECTION('',(1.E0,0.E0,0.E0));
#2900=DIRECTION('',(0.E0,1.E0,0.E0));
#2901=AXIS2_PLACEMENT_3D('',#2898,#2899,#2900);
#2903=CARTESIAN_POINT('',(-1.35E2,1.6E1,-1.636006417988E2));
#2904=CARTESIAN_POINT('',(-1.35E2,1.6E1,-1.633027341476E2));
#2905=CARTESIAN_POINT('',(-1.350369608741E2,1.591076855656E1,
-1.627001142118E2));
#2906=CARTESIAN_POINT('',(-1.352064531756E2,1.550157794339E1,
-1.618580888029E2));
#2907=CARTESIAN_POINT('',(-1.354788259066E2,1.484401200229E1,
-1.611704031071E2));
#2908=CARTESIAN_POINT('',(-1.358347594996E2,1.398471229483E1,
-1.607111147671E2));
#2909=CARTESIAN_POINT('',(-1.361048957325E2,1.333254573764E1,
-1.606006417988E2));
#2910=CARTESIAN_POINT('',(-1.362426406871E2,1.3E1,-1.606006417988E2));
#2912=DIRECTION('',(6.903279831613E-1,-6.903279831613E-1,2.165514980989E-1));
#2913=VECTOR('',#2912,7.967227367509E0);
#2914=CARTESIAN_POINT('',(-1.35E2,1.6E1,-1.659456870448E2));
#2915=LINE('',#2914,#2913);
#2916=DIRECTION('',(7.071067811865E-1,-7.071067811865E-1,0.E0));
#2917=VECTOR('',#2916,7.778174593052E0);
#2918=CARTESIAN_POINT('',(-1.35E2,1.6E1,-1.636006417988E2));
#2919=LINE('',#2918,#2917);
#2920=DIRECTION('',(1.234585762591E-10,-1.E0,1.234585762591E-10));
#2921=VECTOR('',#2920,1.600000005651E1);
#2922=CARTESIAN_POINT('',(-1.400000000020E2,1.300000005651E1,
-1.626006418007E2));
#2923=LINE('',#2922,#2921);
#2924=DIRECTION('',(7.071067811865E-1,2.497471905944E-8,7.071067811865E-1));
#2925=VECTOR('',#2924,2.828427121254E0);
#2926=CARTESIAN_POINT('',(-1.400000000020E2,1.300000005651E1,
-1.626006418007E2));
#2927=LINE('',#2926,#2925);
#2928=DIRECTION('',(-2.777795749106E-10,1.E0,-2.777795749106E-10));
#2929=VECTOR('',#2928,1.600000012715E1);
#2930=CARTESIAN_POINT('',(-1.38E2,-3.E0,-1.606006417988E2));
#2931=LINE('',#2930,#2929);
#2932=DIRECTION('',(-7.071067811865E-1,0.E0,-7.071067811865E-1));
#2933=VECTOR('',#2932,2.828427124746E0);
#2934=CARTESIAN_POINT('',(-1.35E2,0.E0,-1.986006417988E2));
#2935=LINE('',#2934,#2933);
#2936=DIRECTION('',(-7.071067811865E-1,1.305173225807E-8,-7.071067811865E-1));
#2937=VECTOR('',#2936,2.828427119044E0);
#2938=CARTESIAN_POINT('',(-1.349999999968E2,1.363705597364E0,
-1.986006417955E2));
#2939=LINE('',#2938,#2937);
#2940=DIRECTION('',(7.071067811866E-1,-6.746721061700E-1,2.117015568107E-1));
#2941=VECTOR('',#2940,2.828427116301E0);
#2942=CARTESIAN_POINT('',(-1.119999999893E2,4.226096880370E0,
-1.984988154509E2));
#2943=LINE('',#2942,#2941);
#2944=CARTESIAN_POINT('',(-1.166473136988E2,6.356425147657E0,
-1.694025954724E2));
#2945=CARTESIAN_POINT('',(-1.165423225088E2,6.356423159419E0,
-1.694789521431E2));
#2946=CARTESIAN_POINT('',(-1.163450189563E2,6.360371749211E0,
-1.696381758721E2));
#2947=CARTESIAN_POINT('',(-1.160886025316E2,6.375992751571E0,
-1.698871787443E2));
#2948=CARTESIAN_POINT('',(-1.158625362474E2,6.400234343248E0,
-1.701485063958E2));
#2949=CARTESIAN_POINT('',(-1.156624072336E2,6.432748329014E0,
-1.704241366179E2));
#2950=CARTESIAN_POINT('',(-1.154849036082E2,6.473969199077E0,
-1.707181089899E2));
#2951=CARTESIAN_POINT('',(-1.153292671467E2,6.524837902537E0,
-1.710347826969E2));
#2952=CARTESIAN_POINT('',(-1.151966690745E2,6.586894781483E0,
-1.713794552361E2));
#2953=CARTESIAN_POINT('',(-1.150909235970E2,6.662231535962E0,
-1.717577794069E2));
#2954=CARTESIAN_POINT('',(-1.150188923776E2,6.753197634539E0,
-1.721736049754E2));
#2955=CARTESIAN_POINT('',(-1.150000000661E2,6.825775258482E0,
-1.724791671749E2));
#2956=CARTESIAN_POINT('',(-1.15E2,6.865649707479E0,-1.726375401447E2));
#2958=DIRECTION('',(0.E0,-1.E0,-3.044929283023E-9));
#2959=VECTOR('',#2958,6.865649707479E0);
#2960=CARTESIAN_POINT('',(-1.15E2,6.865649707479E0,-1.726375401447E2));
#2961=LINE('',#2960,#2959);
#2962=CARTESIAN_POINT('',(-1.184118212159E2,6.356425121282E0,
-1.718288092351E2));
#2963=DIRECTION('',(-8.087309305110E-1,-1.083451170620E-5,5.881787839742E-1));
#2964=DIRECTION('',(5.881787840088E-1,8.770317805329E-11,8.087309305585E-1));
#2965=AXIS2_PLACEMENT_3D('',#2962,#2963,#2964);
#2967=DIRECTION('',(8.087360842432E-1,-3.028521460954E-6,5.881716977498E-1));
#2968=VECTOR('',#2967,2.726937806578E0);
#2969=CARTESIAN_POINT('',(-1.333526862111E2,6.356433379755E0,
-1.694025954071E2));
#2970=LINE('',#2969,#2968);
#2971=DIRECTION('',(-8.087360843032E-1,0.E0,-5.881716976751E-1));
#2972=VECTOR('',#2971,2.726938520742E0);
#2973=CARTESIAN_POINT('',(-1.311473132093E2,0.E0,-1.677986877692E2));
#2974=LINE('',#2973,#2972);
#2975=DIRECTION('',(-3.011578613413E-10,-1.E0,-2.190238991573E-10));
#2976=VECTOR('',#2975,6.356425121165E0);
#2977=CARTESIAN_POINT('',(-1.311473132074E2,6.356425121165E0,
-1.677986877678E2));
#2978=LINE('',#2977,#2976);
#2979=CARTESIAN_POINT('',(-1.315881716977E2,6.356425121165E0,
-1.718288040813E2));
#2980=DIRECTION('',(-8.087360843032E-1,0.E0,-5.881716976750E-1));
#2981=DIRECTION('',(-5.881716976751E-1,0.E0,8.087360843032E-1));
#2982=AXIS2_PLACEMENT_3D('',#2979,#2980,#2981);
#2984=DIRECTION('',(1.251527787750E-14,-7.071067811865E-1,7.071067811866E-1));
#2985=VECTOR('',#2984,2.270961117172E0);
#2986=CARTESIAN_POINT('',(-1.333719886811E2,1.035794615520E1,
-1.723568677348E2));
#2987=LINE('',#2986,#2985);
#2988=CARTESIAN_POINT('',(-1.333719886811E2,8.752134149436E0,
-1.707510557290E2));
#2989=CARTESIAN_POINT('',(-1.333719772610E2,8.670580145448E0,
-1.706694934195E2));
#2990=CARTESIAN_POINT('',(-1.333518732273E2,8.528764295050E0,
-1.705130564537E2));
#2991=CARTESIAN_POINT('',(-1.332775776927E2,8.379421169780E0,
-1.703096802123E2));
#2992=CARTESIAN_POINT('',(-1.331613957774E2,8.276278971852E0,
-1.701220420760E2));
#2993=CARTESIAN_POINT('',(-1.330367887145E2,8.242921576820E0,
-1.699980613625E2));
#2994=CARTESIAN_POINT('',(-1.329601603788E2,8.242909557733E0,
-1.699423196447E2));
#2996=DIRECTION('',(8.087360843062E-1,6.292627019692E-12,5.881716976709E-1));
#2997=VECTOR('',#2996,2.726938528997E0);
#2998=CARTESIAN_POINT('',(-1.329601603788E2,8.242909557733E0,
-1.699423196447E2));
#2999=LINE('',#2998,#2997);
#3000=CARTESIAN_POINT('',(-1.307547867907E2,8.242909557750E0,
-1.683384115807E2));
#3001=CARTESIAN_POINT('',(-1.307357504391E2,8.242909557706E0,
-1.683245669612E2));
#3002=CARTESIAN_POINT('',(-1.306978170460E2,8.242615957483E0,
-1.682966854388E2));
#3003=CARTESIAN_POINT('',(-1.306413344459E2,8.241294548091E0,
-1.682542857748E2));
#3004=CARTESIAN_POINT('',(-1.306039588372E2,8.239825994807E0,
-1.682256349606E2));
#3005=CARTESIAN_POINT('',(-1.305853408776E2,8.238944700153E0,
-1.682112133317E2));
#3007=DIRECTION('',(-6.579841410771E-9,7.071067787937E-1,-7.071067835794E-1));
#3008=VECTOR('',#3007,2.474476123034E-1);
#3009=CARTESIAN_POINT('',(-1.305853408776E2,8.238944700153E0,
-1.682112133317E2));
#3010=LINE('',#3009,#3008);
#3011=DIRECTION('',(4.479546293064E-1,-4.479546293065E-1,7.737398142566E-1));
#3012=VECTOR('',#3011,2.977849336357E0);
#3013=CARTESIAN_POINT('',(-1.319192822748E2,9.747857979807E0,
-1.706902658093E2));
#3014=LINE('',#3013,#3012);
#3015=DIRECTION('',(-6.334025395372E-1,2.660079132016E-1,-7.266643055923E-1));
#3016=VECTOR('',#3015,2.293496340200E0);
#3017=CARTESIAN_POINT('',(-1.319192822748E2,9.747857979807E0,
-1.706902658093E2));
#3018=LINE('',#3017,#3016);
#3019=CARTESIAN_POINT('',(-1.320000000011E2,6.865658011194E0,
-1.726375484647E2));
#3020=DIRECTION('',(5.867590942055E-6,7.071089148406E-1,-7.071046475017E-1));
#3021=DIRECTION('',(-9.999999999828E-1,4.149170875915E-6,-4.148855812976E-6));
#3022=AXIS2_PLACEMENT_3D('',#3019,#3020,#3021);
#3024=CARTESIAN_POINT('',(-1.349999999994E2,6.865696731327E0,
-1.726375193056E2));
#3025=CARTESIAN_POINT('',(-1.349999886681E2,6.782089371893E0,
-1.723144557789E2));
#3026=CARTESIAN_POINT('',(-1.349196697561E2,6.643314628736E0,
-1.716841993371E2));
#3027=CARTESIAN_POINT('',(-1.346218649351E2,6.491881870996E0,
-1.708720812316E2));
#3028=CARTESIAN_POINT('',(-1.341594895288E2,6.392546555715E0,
-1.701227146499E2));
#3029=CARTESIAN_POINT('',(-1.336548863044E2,6.356143827207E0,
-1.696222967955E2));
#3030=CARTESIAN_POINT('',(-1.333526862111E2,6.356433379755E0,
-1.694025954071E2));
#3032=DIRECTION('',(-9.119080208204E-8,-1.E0,-6.626980122141E-8));
#3033=VECTOR('',#3032,6.356433379755E0);
#3034=CARTESIAN_POINT('',(-1.333526862111E2,6.356433379755E0,
-1.694025954071E2));
#3035=LINE('',#3034,#3033);
#3036=CARTESIAN_POINT('',(-1.298653547421E2,9.033817305709E0,
-1.681204573017E2));
#3037=CARTESIAN_POINT('',(-1.305146245058E2,9.194982264813E0,
-1.690255674264E2));
#3038=CARTESIAN_POINT('',(-1.312063878691E2,9.448466137562E0,
-1.698724053084E2));
#3039=CARTESIAN_POINT('',(-1.319192822748E2,9.747857979807E0,
-1.706902658093E2));
#3041=CARTESIAN_POINT('',(-1.305853408792E2,8.413916584209E0,
-1.683861852169E2));
#3042=CARTESIAN_POINT('',(-1.304415333773E2,8.497112562448E0,
-1.683647939210E2));
#3043=CARTESIAN_POINT('',(-1.301733383384E2,8.687429841047E0,
-1.682974750405E2));
#3044=CARTESIAN_POINT('',(-1.299574561803E2,8.914365530089E0,
-1.681857691788E2));
#3045=CARTESIAN_POINT('',(-1.298653547421E2,9.033817305709E0,
-1.681204573017E2));
#3047=CARTESIAN_POINT('',(4.499995732815E0,4.514801729034E0,-1.645629770021E2));
#3048=CARTESIAN_POINT('',(4.499998720770E0,4.593651902444E0,-1.645795487887E2));
#3049=CARTESIAN_POINT('',(4.500000593706E0,4.775820068045E0,-1.646179036341E2));
#3050=CARTESIAN_POINT('',(4.499999840874E0,5.103594541114E0,-1.646900970012E2));
#3051=CARTESIAN_POINT('',(4.500000042796E0,5.481756441117E0,-1.647772596734E2));
#3052=CARTESIAN_POINT('',(4.499999987940E0,5.898645370157E0,-1.648808723487E2));
#3053=CARTESIAN_POINT('',(4.500000005443E0,6.342168535660E0,-1.650028093273E2));
#3054=CARTESIAN_POINT('',(4.499999990288E0,6.805065197135E0,-1.651472256261E2));
#3055=CARTESIAN_POINT('',(4.500000033404E0,7.272083785652E0,-1.653194384429E2));
#3056=CARTESIAN_POINT('',(4.499999876096E0,7.703827525860E0,-1.655128823264E2));
#3057=CARTESIAN_POINT('',(4.500000462213E0,8.073446966140E0,-1.657145277440E2));
#3058=CARTESIAN_POINT('',(4.499998275051E0,8.392561146016E0,-1.659236782136E2));
#3059=CARTESIAN_POINT('',(4.500006437583E0,8.669264089793E0,-1.661393818512E2));
#3060=CARTESIAN_POINT('',(4.499986128938E0,8.834423817835E0,-1.662914615172E2));
#3061=CARTESIAN_POINT('',(4.499983236971E0,8.911816686214E0,-1.663688532323E2));
#3063=DIRECTION('',(2.244077637094E-5,7.071606588138E-1,-7.070528990977E-1));
#3064=VECTOR('',#3063,7.469896936451E-1);
#3065=CARTESIAN_POINT('',(4.499983236971E0,8.911816686214E0,-1.663688532323E2));
#3066=LINE('',#3065,#3064);
#3067=DIRECTION('',(-1.264735057485E-14,5.711809608462E-1,8.208241650724E-1));
#3068=VECTOR('',#3067,7.022644105926E-1);
#3069=CARTESIAN_POINT('',(4.5E0,9.440058410099E0,-1.668970144607E2));
#3070=LINE('',#3069,#3068);
#3071=CARTESIAN_POINT('',(4.5E0,1.05E1,-1.642203720226E2));
#3072=CARTESIAN_POINT('',(4.5E0,1.05E1,-1.649893303438E2));
#3073=CARTESIAN_POINT('',(4.5E0,1.028039282364E1,-1.656893992903E2));
#3074=CARTESIAN_POINT('',(4.5E0,9.841178470909E0,-1.663205788623E2));
#3076=DIRECTION('',(0.E0,0.E0,1.E0));
#3077=VECTOR('',#3076,6.197302238619E-1);
#3078=CARTESIAN_POINT('',(4.5E0,1.05E1,-1.642203720226E2));
#3079=LINE('',#3078,#3077);
#3080=CARTESIAN_POINT('',(4.5E0,6.257359312881E0,-1.606006417988E2));
#3081=CARTESIAN_POINT('',(4.5E0,7.464466094067E0,-1.606006417988E2));
#3082=CARTESIAN_POINT('',(4.5E0,8.831591545878E0,-1.610441765187E2));
#3083=CARTESIAN_POINT('',(4.5E0,1.010299086534E1,-1.621869907616E2));
#3084=CARTESIAN_POINT('',(4.5E0,1.05E1,-1.629970884082E2));
#3085=CARTESIAN_POINT('',(4.5E0,1.05E1,-1.636006417988E2));
#3087=DIRECTION('',(9.451544040925E-7,-9.999999855904E-1,-1.697593558955E-4));
#3088=VECTOR('',#3087,4.514801794090E0);
#3089=CARTESIAN_POINT('',(4.499995732815E0,4.514801729034E0,-1.645629770021E2));
#3090=LINE('',#3089,#3088);
#3091=CARTESIAN_POINT('',(5.099822803941E0,7.901906253542E0,-1.673786077874E2));
#3092=CARTESIAN_POINT('',(5.092583809385E0,7.831263559221E0,-1.672979226301E2));
#3093=CARTESIAN_POINT('',(5.071404619204E0,7.693421353884E0,-1.671497722509E2));
#3094=CARTESIAN_POINT('',(5.032254237141E0,7.507945925299E0,-1.669669003521E2));
#3095=CARTESIAN_POINT('',(4.987550243429E0,7.337043635225E0,-1.668042578614E2));
#3096=CARTESIAN_POINT('',(4.939350942945E0,7.172553087245E0,-1.666511239847E2));
#3097=CARTESIAN_POINT('',(4.888656864265E0,7.007839284726E0,-1.665002642489E2));
#3098=CARTESIAN_POINT('',(4.839855367686E0,6.848313036726E0,-1.663571207679E2));
#3099=CARTESIAN_POINT('',(4.794129353225E0,6.695402868098E0,-1.662211471669E2));
#3100=CARTESIAN_POINT('',(4.752798636984E0,6.546158909107E0,-1.660923342542E2));
#3101=CARTESIAN_POINT('',(4.714062079036E0,6.397520830741E0,-1.659655146876E2));
#3102=CARTESIAN_POINT('',(4.677024470621E0,6.240562566125E0,-1.658350292596E2));
#3103=CARTESIAN_POINT('',(4.639843918730E0,6.066178072310E0,-1.656922603670E2));
#3104=CARTESIAN_POINT('',(4.603486617125E0,5.866947016006E0,-1.655340155371E2));
#3105=CARTESIAN_POINT('',(4.570139657310E0,5.646161769394E0,-1.653636404974E2));
#3106=CARTESIAN_POINT('',(4.541817732800E0,5.406959062169E0,-1.651846806466E2));
#3107=CARTESIAN_POINT('',(4.519052255553E0,5.140576982524E0,-1.649918763377E2));
#3108=CARTESIAN_POINT('',(4.503815422325E0,4.847228827947E0,-1.647852185988E2));
#3109=CARTESIAN_POINT('',(4.499953414419E0,4.630313720215E0,-1.646379588056E2));
#3110=CARTESIAN_POINT('',(4.499995732815E0,4.514801729034E0,-1.645629770021E2));
#3112=CARTESIAN_POINT('',(2.999526088731E0,6.387126793082E0,-1.688932684431E2));
#3113=DIRECTION('',(-6.169141785957E-1,7.164410827398E-2,7.837627306764E-1));
#3114=DIRECTION('',(7.857817561282E-1,-5.191853379535E-6,6.185038655572E-1));
#3115=AXIS2_PLACEMENT_3D('',#3112,#3113,#3114);
#3117=CARTESIAN_POINT('',(6.147313207386E0,6.356425121165E0,-1.677986877678E2));
#3118=CARTESIAN_POINT('',(6.136435661334E0,6.356425120903E0,-1.677907768251E2));
#3119=CARTESIAN_POINT('',(6.114758844547E0,6.356131510187E0,-1.677748440938E2));
#3120=CARTESIAN_POINT('',(6.082483511344E0,6.354810142505E0,-1.677506160430E2));
#3121=CARTESIAN_POINT('',(6.061125443714E0,6.353341502171E0,-1.677342437054E2));
#3122=CARTESIAN_POINT('',(6.050486969894E0,6.352460264710E0,-1.677260030537E2));
#3124=CARTESIAN_POINT('',(6.050486969894E0,6.352460264710E0,-1.677260030537E2));
#3125=CARTESIAN_POINT('',(5.960463753586E0,6.345010951958E0,-1.676562701636E2));
#3126=CARTESIAN_POINT('',(5.788990906420E0,6.339195828064E0,-1.675111111891E2));
#3127=CARTESIAN_POINT('',(5.558517903227E0,6.352891031751E0,-1.672807405724E2));
#3128=CARTESIAN_POINT('',(5.421339709544E0,6.374035428676E0,-1.671196614031E2));
#3129=CARTESIAN_POINT('',(5.356867029265E0,6.387122432978E0,-1.670377513399E2));
#3131=CARTESIAN_POINT('',(5.356867029265E0,6.387122432978E0,-1.670377513399E2));
#3132=CARTESIAN_POINT('',(5.344178149075E0,6.389793180804E0,-1.670216292258E2));
#3133=CARTESIAN_POINT('',(5.313995161778E0,6.392449914492E0,-1.669828344213E2));
#3134=CARTESIAN_POINT('',(5.252805405644E0,6.384296463912E0,-1.669003932777E2));
#3135=CARTESIAN_POINT('',(5.184051321396E0,6.360965391968E0,-1.668020300027E2));
#3136=CARTESIAN_POINT('',(5.109774004394E0,6.321116617523E0,-1.666881796484E2));
#3137=CARTESIAN_POINT('',(5.033112632555E0,6.264154130674E0,-1.665608279399E2));
#3138=CARTESIAN_POINT('',(4.960122763747E0,6.193258736091E0,-1.664283496193E2));
#3139=CARTESIAN_POINT('',(4.893708194829E0,6.113691502094E0,-1.662963061843E2));
#3140=CARTESIAN_POINT('',(4.833047015326E0,6.025419192320E0,-1.661639180621E2));
#3141=CARTESIAN_POINT('',(4.776049248673E0,5.926531061120E0,-1.660266062944E2));
#3142=CARTESIAN_POINT('',(4.720015080232E0,5.809836542639E0,-1.658757883087E2));
#3143=CARTESIAN_POINT('',(4.663768356666E0,5.666513597301E0,-1.657020362396E2));
#3144=CARTESIAN_POINT('',(4.611465912701E0,5.495875295058E0,-1.655089107586E2));
#3145=CARTESIAN_POINT('',(4.566753739547E0,5.301565322762E0,-1.653024326130E2));
#3146=CARTESIAN_POINT('',(4.530630726401E0,5.075993065909E0,-1.650762999046E2));
#3147=CARTESIAN_POINT('',(4.506229578827E0,4.818323569623E0,-1.648319636316E2));
#3148=CARTESIAN_POINT('',(4.499943762829E0,4.621761900389E0,-1.646524020902E2));
#3149=CARTESIAN_POINT('',(4.499995732815E0,4.514801729034E0,-1.645629770021E2));
#3151=CARTESIAN_POINT('',(8.5E0,0.E0,-1.645637434320E2));
#3152=DIRECTION('',(0.E0,-1.E0,0.E0));
#3153=DIRECTION('',(-1.E0,0.E0,0.E0));
#3154=AXIS2_PLACEMENT_3D('',#3151,#3152,#3153);
#3156=CARTESIAN_POINT('',(4.382790504042E0,6.356425121157E0,-1.702248904859E2));
#3157=DIRECTION('',(-8.087352934196E-1,-1.662649013433E-6,5.881727851360E-1));
#3158=DIRECTION('',(5.881727851368E-1,-3.520147136745E-13,8.087352934208E-1));
#3159=AXIS2_PLACEMENT_3D('',#3156,#3157,#3158);
#3161=CARTESIAN_POINT('',(6.588171697675E0,6.356425121165E0,-1.718288040813E2));
#3162=DIRECTION('',(-8.087360843032E-1,0.E0,5.881716976750E-1));
#3163=DIRECTION('',(5.881716976750E-1,0.E0,8.087360843032E-1));
#3164=AXIS2_PLACEMENT_3D('',#3161,#3162,#3163);
#3166=DIRECTION('',(-8.087360842432E-1,-3.028521461931E-6,5.881716977498E-1));
#3167=VECTOR('',#3166,2.726937806578E0);
#3168=CARTESIAN_POINT('',(8.352686211052E0,6.356433379755E0,-1.694025954071E2));
#3169=LINE('',#3168,#3167);
#3170=DIRECTION('',(3.011578613413E-10,-1.E0,-2.190194278218E-10));
#3171=VECTOR('',#3170,6.356425121165E0);
#3172=CARTESIAN_POINT('',(6.147313207386E0,6.356425121165E0,-1.677986877678E2));
#3173=LINE('',#3172,#3171);
#3174=DIRECTION('',(8.087360843032E-1,0.E0,-5.881716976751E-1));
#3175=VECTOR('',#3174,2.726938520742E0);
#3176=CARTESIAN_POINT('',(6.147313209300E0,0.E0,-1.677986877692E2));
#3177=LINE('',#3176,#3175);
#3178=DIRECTION('',(1.E0,0.E0,0.E0));
#3179=VECTOR('',#3178,2.4E1);
#3180=CARTESIAN_POINT('',(-1.2E1,0.E0,-2.006006417988E2));
#3181=LINE('',#3180,#3179);
#3182=DIRECTION('',(0.E0,0.E0,-1.E0));
#3183=VECTOR('',#3182,2.596310163319E1);
#3184=CARTESIAN_POINT('',(1.E1,0.E0,-1.726375401656E2));
#3185=LINE('',#3184,#3183);
#3186=CARTESIAN_POINT('',(6.E0,0.E0,-1.726375401656E2));
#3187=DIRECTION('',(0.E0,1.E0,0.E0));
#3188=DIRECTION('',(5.881716976751E-1,0.E0,8.087360843032E-1));
#3189=AXIS2_PLACEMENT_3D('',#3186,#3187,#3188);
#3191=DIRECTION('',(0.E0,0.E0,-1.E0));
#3192=VECTOR('',#3191,3.963101633187E0);
#3193=CARTESIAN_POINT('',(4.5E0,0.E0,-1.606006417988E2));
#3194=LINE('',#3193,#3192);
#3195=DIRECTION('',(0.E0,0.E0,1.E0));
#3196=VECTOR('',#3195,3.963101633187E0);
#3197=CARTESIAN_POINT('',(-4.5E0,0.E0,-1.645637434320E2));
#3198=LINE('',#3197,#3196);
#3199=CARTESIAN_POINT('',(-6.E0,0.E0,-1.726375401656E2));
#3200=DIRECTION('',(0.E0,1.E0,0.E0));
#3201=DIRECTION('',(-1.E0,0.E0,0.E0));
#3202=AXIS2_PLACEMENT_3D('',#3199,#3200,#3201);
#3204=DIRECTION('',(0.E0,0.E0,1.E0));
#3205=VECTOR('',#3204,2.596310163319E1);
#3206=CARTESIAN_POINT('',(-1.E1,0.E0,-1.986006417988E2));
#3207=LINE('',#3206,#3205);
#3208=DIRECTION('',(7.071067811866E-1,1.305173225807E-8,-7.071067811865E-1));
#3209=VECTOR('',#3208,2.828427119044E0);
#3210=CARTESIAN_POINT('',(9.999999996774E0,1.363705597364E0,-1.986006417955E2));
#3211=LINE('',#3210,#3209);
#3212=DIRECTION('',(7.071067811866E-1,0.E0,-7.071067811865E-1));
#3213=VECTOR('',#3212,2.828427124746E0);
#3214=CARTESIAN_POINT('',(1.E1,0.E0,-1.986006417988E2));
#3215=LINE('',#3214,#3213);
#3216=DIRECTION('',(7.071067811865E-1,6.746721060177E-1,-2.117015572961E-1));
#3217=VECTOR('',#3216,2.828427121494E0);
#3218=CARTESIAN_POINT('',(9.999999998160E0,2.317836003125E0,-1.979000330290E2));
#3219=LINE('',#3218,#3217);
#3220=DIRECTION('',(-1.318167756156E-10,-7.070990736181E-1,7.071144886710E-1));
#3221=VECTOR('',#3220,4.403389339291E0);
#3222=CARTESIAN_POINT('',(1.E1,9.979329253920E0,-1.757512197066E2));
#3223=LINE('',#3222,#3221);
#3224=DIRECTION('',(8.454264146974E-11,-9.999999999954E-1,-3.038296296714E-6));
#3225=VECTOR('',#3224,6.865696731359E0);
#3226=CARTESIAN_POINT('',(9.999999999420E0,6.865696731327E0,-1.726375193056E2));
#3227=LINE('',#3226,#3225);
#3228=DIRECTION('',(2.365553894953E-9,-1.E0,-2.365534356020E-9));
#3229=VECTOR('',#3228,1.363705597364E0);
#3230=CARTESIAN_POINT('',(9.999999996774E0,1.363705597364E0,-1.986006417955E2));
#3231=LINE('',#3230,#3229);
#3232=CARTESIAN_POINT('',(1.E1,1.363705567831E0,-1.976006417988E2));
#3233=DIRECTION('',(-1.E0,0.E0,0.E0));
#3234=DIRECTION('',(0.E0,9.541304515440E-1,-2.993911846338E-1));
#3235=AXIS2_PLACEMENT_3D('',#3232,#3233,#3234);
#3237=DIRECTION('',(-1.222123784202E-10,-2.993911847504E-1,-9.541304515074E-1));
#3238=VECTOR('',#3237,1.922522559903E1);
#3239=CARTESIAN_POINT('',(1.000000000051E1,8.073699072311E0,-1.795566598479E2));
#3240=LINE('',#3239,#3238);
#3241=CARTESIAN_POINT('',(1.E1,2.076363407816E1,-1.835385626009E2));
#3242=DIRECTION('',(1.E0,0.E0,0.E0));
#3243=DIRECTION('',(0.E0,-8.208241650724E-1,5.711809608462E-1));
#3244=AXIS2_PLACEMENT_3D('',#3241,#3242,#3243);
#3246=DIRECTION('',(-1.980145670317E-9,5.711809592209E-1,8.208241662034E-1));
#3247=VECTOR('',#3246,2.322496442931E-1);
#3248=CARTESIAN_POINT('',(1.000000000046E1,9.846672679314E0,-1.759418558273E2));
#3249=LINE('',#3248,#3247);
#3250=CARTESIAN_POINT('',(8.371988681140E0,1.035794615520E1,-1.723568677348E2));
#3251=CARTESIAN_POINT('',(8.839665879677E0,1.055435495982E1,-1.728934054111E2));
#3252=CARTESIAN_POINT('',(9.578508006768E0,1.068743586804E1,-1.739956937310E2));
#3253=CARTESIAN_POINT('',(1.E1,1.040106471431E1,-1.751451584390E2));
#3254=CARTESIAN_POINT('',(1.E1,9.979329253920E0,-1.757512197066E2));
#3256=DIRECTION('',(-4.675551059613E-11,5.711809608078E-1,8.208241650991E-1));
#3257=VECTOR('',#3256,6.267654024442E0);
#3258=CARTESIAN_POINT('',(1.200000000029E1,1.148832101068E1,-1.770842177469E2));
#3259=LINE('',#3258,#3257);
#3260=DIRECTION('',(-6.903279831613E-1,-6.903279831613E-1,2.165514980989E-1));
#3261=VECTOR('',#3260,8.921587534214E0);
#3262=CARTESIAN_POINT('',(1.065882152909E1,1.6E1,-1.682525620082E2));
#3263=LINE('',#3262,#3261);
#3264=DIRECTION('',(7.071067811865E-1,5.804103337663E-1,-4.038859300066E-1));
#3265=VECTOR('',#3264,2.828427124510E0);
#3266=CARTESIAN_POINT('',(1.000000000046E1,9.846672679314E0,-1.759418558273E2));
#3267=LINE('',#3266,#3265);
#3268=DIRECTION('',(7.071067811865E-1,6.746721125254E-1,-2.117015365569E-1));
#3269=VECTOR('',#3268,2.828427124485E0);
#3270=CARTESIAN_POINT('',(1.000000000051E1,8.073699072311E0,-1.795566598479E2));
#3271=LINE('',#3270,#3269);
#3272=DIRECTION('',(-2.322301748453E-10,2.993911848554E-1,9.541304514745E-1));
#3273=VECTOR('',#3272,1.922522566051E1);
#3274=CARTESIAN_POINT('',(-1.199999999586E1,4.226096885901E0,
-1.984988154554E2));
#3275=LINE('',#3274,#3273);
#3276=DIRECTION('',(-1.E0,4.121929466674E-10,1.654427706849E-9));
#3277=VECTOR('',#3276,9.999999994526E-1);
#3278=CARTESIAN_POINT('',(-1.200000000032E1,9.981959975511E0,
-1.801554422162E2));
#3279=LINE('',#3278,#3277);
#3280=DIRECTION('',(5.706870898033E-10,2.993911851783E-1,9.541304513732E-1));
#3281=VECTOR('',#3280,1.922522565962E1);
#3282=CARTESIAN_POINT('',(-1.300000001075E1,4.226096880370E0,
-1.984988154509E2));
#3283=LINE('',#3282,#3281);
#3284=DIRECTION('',(1.E0,5.530369857436E-9,-4.449873292427E-9));
#3285=VECTOR('',#3284,1.000000014889E0);
#3286=CARTESIAN_POINT('',(-1.300000001075E1,4.226096880370E0,
-1.984988154509E2));
#3287=LINE('',#3286,#3285);
#3288=DIRECTION('',(-2.322302672425E-10,-2.993911848554E-1,-9.541304514745E-1));
#3289=VECTOR('',#3288,1.922522566051E1);
#3290=CARTESIAN_POINT('',(1.200000000032E1,9.981959975511E0,-1.801554422162E2));
#3291=LINE('',#3290,#3289);
#3292=DIRECTION('',(1.E0,0.E0,2.842170919507E-14));
#3293=VECTOR('',#3292,1.000000008280E0);
#3294=CARTESIAN_POINT('',(1.199999999586E1,4.226096885901E0,-1.984988154554E2));
#3295=LINE('',#3294,#3293);
#3296=DIRECTION('',(-2.322301748453E-10,2.993911848554E-1,9.541304514745E-1));
#3297=VECTOR('',#3296,1.922522566051E1);
#3298=CARTESIAN_POINT('',(1.300000000414E1,4.226096885901E0,-1.984988154554E2));
#3299=LINE('',#3298,#3297);
#3300=DIRECTION('',(-1.E0,0.E0,0.E0));
#3301=VECTOR('',#3300,9.999999993506E-1);
#3302=CARTESIAN_POINT('',(1.299999999968E1,9.981959975511E0,-1.801554422162E2));
#3303=LINE('',#3302,#3301);
#3304=DIRECTION('',(-7.071067811865E-1,6.746721060177E-1,-2.117015572961E-1));
#3305=VECTOR('',#3304,2.828427121494E0);
#3306=CARTESIAN_POINT('',(-9.999999998160E0,2.317836003125E0,
-1.979000330290E2));
#3307=LINE('',#3306,#3305);
#3308=DIRECTION('',(0.E0,7.071067794248E-1,-7.071067829483E-1));
#3309=VECTOR('',#3308,4.403407854432E0);
#3310=CARTESIAN_POINT('',(-1.E1,6.865649707479E0,-1.726375401447E2));
#3311=LINE('',#3310,#3309);
#3312=DIRECTION('',(-1.980099779436E-9,-5.711809592210E-1,-8.208241662033E-1));
#3313=VECTOR('',#3312,2.322496442930E-1);
#3314=CARTESIAN_POINT('',(-1.E1,9.979329253920E0,-1.757512197066E2));
#3315=LINE('',#3314,#3313);
#3316=CARTESIAN_POINT('',(-1.E1,2.076363407815E1,-1.835385626009E2));
#3317=DIRECTION('',(-1.E0,0.E0,0.E0));
#3318=DIRECTION('',(0.E0,-9.541304515440E-1,2.993911846338E-1));
#3319=AXIS2_PLACEMENT_3D('',#3316,#3317,#3318);
#3321=DIRECTION('',(-1.222129328034E-10,2.993911847504E-1,9.541304515074E-1));
#3322=VECTOR('',#3321,1.922522559903E1);
#3323=CARTESIAN_POINT('',(-9.999999998160E0,2.317836003125E0,
-1.979000330290E2));
#3324=LINE('',#3323,#3322);
#3325=CARTESIAN_POINT('',(-1.E1,1.363705567831E0,-1.976006417988E2));
#3326=DIRECTION('',(1.E0,0.E0,0.E0));
#3327=DIRECTION('',(0.E0,2.708944180085E-14,-1.E0));
#3328=AXIS2_PLACEMENT_3D('',#3325,#3326,#3327);
#3330=DIRECTION('',(2.365553894953E-9,1.E0,2.365534356020E-9));
#3331=VECTOR('',#3330,1.363705597363E0);
#3332=CARTESIAN_POINT('',(-1.E1,0.E0,-1.986006417988E2));
#3333=LINE('',#3332,#3331);
#3334=CARTESIAN_POINT('',(-7.E0,6.865649702834E0,-1.726375401555E2));
#3335=DIRECTION('',(0.E0,7.071067811865E-1,-7.071067811865E-1));
#3336=DIRECTION('',(-1.E0,0.E0,0.E0));
#3337=AXIS2_PLACEMENT_3D('',#3334,#3335,#3336);
#3339=DIRECTION('',(0.E0,7.071067811865E-1,-7.071067811866E-1));
#3340=VECTOR('',#3339,2.270961117172E0);
#3341=CARTESIAN_POINT('',(-8.371988681140E0,8.752134149436E0,
-1.707510557290E2));
#3342=LINE('',#3341,#3340);
#3343=CARTESIAN_POINT('',(-7.960160378815E0,8.242909557733E0,
-1.699423196447E2));
#3344=CARTESIAN_POINT('',(-7.986473201914E0,8.242909814192E0,
-1.699614564998E2));
#3345=CARTESIAN_POINT('',(-8.035703774637E0,8.246841803174E0,
-1.700011925417E2));
#3346=CARTESIAN_POINT('',(-8.099846211108E0,8.262471588902E0,
-1.700634713721E2));
#3347=CARTESIAN_POINT('',(-8.156352679411E0,8.286700585871E0,
-1.701287959824E2));
#3348=CARTESIAN_POINT('',(-8.206387638215E0,8.319221075712E0,
-1.701977055332E2));
#3349=CARTESIAN_POINT('',(-8.250762820727E0,8.360440912738E0,
-1.702711982302E2));
#3350=CARTESIAN_POINT('',(-8.289672128059E0,8.411311631468E0,
-1.703503666270E2));
#3351=CARTESIAN_POINT('',(-8.322821423078E0,8.473371830952E0,
-1.704365354047E2));
#3352=CARTESIAN_POINT('',(-8.349257977785E0,8.548722913849E0,
-1.705311130728E2));
#3353=CARTESIAN_POINT('',(-8.367265509272E0,8.639597546516E0,
-1.706350840920E2));
#3354=CARTESIAN_POINT('',(-8.371988331987E0,8.712511095781E0,
-1.707114324214E2));
#3355=CARTESIAN_POINT('',(-8.371988681140E0,8.752134149436E0,
-1.707510557290E2));
#3357=DIRECTION('',(-8.087360843053E-1,-4.348817600700E-12,-5.881716976722E-1));
#3358=VECTOR('',#3357,2.726938526446E0);
#3359=CARTESIAN_POINT('',(-5.754786792796E0,8.242909557745E0,
-1.683384115822E2));
#3360=LINE('',#3359,#3358);
#3361=CARTESIAN_POINT('',(-5.585340877681E0,8.238944700092E0,
-1.682112133317E2));
#3362=CARTESIAN_POINT('',(-5.603958837315E0,8.239825994742E0,
-1.682256349606E2));
#3363=CARTESIAN_POINT('',(-5.641334446104E0,8.241294548125E0,
-1.682542857750E2));
#3364=CARTESIAN_POINT('',(-5.697817045017E0,8.242615957462E0,
-1.682966854381E2));
#3365=CARTESIAN_POINT('',(-5.735750441113E0,8.242909557733E0,
-1.683245669627E2));
#3366=CARTESIAN_POINT('',(-5.754786792796E0,8.242909557745E0,
-1.683384115822E2));
#3368=DIRECTION('',(1.161809157798E-9,-7.071067807640E-1,7.071067816090E-1));
#3369=VECTOR('',#3368,1.341667861624E0);
#3370=CARTESIAN_POINT('',(-5.585340879240E0,9.187647142579E0,
-1.691599157753E2));
#3371=LINE('',#3370,#3369);
#3372=DIRECTION('',(-6.334025395372E-1,2.660079132016E-1,-7.266643055923E-1));
#3373=VECTOR('',#3372,4.399489468318E0);
#3374=CARTESIAN_POINT('',(-5.585340879240E0,9.187647142579E0,
-1.691599157753E2));
#3375=LINE('',#3374,#3373);
#3376=CARTESIAN_POINT('',(-6.588178784074E0,6.356425121282E0,
-1.718288092351E2));
#3377=DIRECTION('',(-8.087309305110E-1,1.083451170620E-5,-5.881787839742E-1));
#3378=DIRECTION('',(-5.881787840088E-1,8.770317805329E-11,8.087309305585E-1));
#3379=AXIS2_PLACEMENT_3D('',#3376,#3377,#3378);
#3381=CARTESIAN_POINT('',(-8.352686301192E0,6.356425147657E0,
-1.694025954724E2));
#3382=CARTESIAN_POINT('',(-8.457677491157E0,6.356423159419E0,
-1.694789521431E2));
#3383=CARTESIAN_POINT('',(-8.654981043688E0,6.360371749211E0,
-1.696381758721E2));
#3384=CARTESIAN_POINT('',(-8.911397468408E0,6.375992751571E0,
-1.698871787443E2));
#3385=CARTESIAN_POINT('',(-9.137463752597E0,6.400234343248E0,
-1.701485063958E2));
#3386=CARTESIAN_POINT('',(-9.337592766376E0,6.432748329014E0,
-1.704241366179E2));
#3387=CARTESIAN_POINT('',(-9.515096391804E0,6.473969199077E0,
-1.707181089899E2));
#3388=CARTESIAN_POINT('',(-9.670732853313E0,6.524837902537E0,
-1.710347826969E2));
#3389=CARTESIAN_POINT('',(-9.803330925526E0,6.586894781483E0,
-1.713794552361E2));
#3390=CARTESIAN_POINT('',(-9.909076403050E0,6.662231535962E0,
-1.717577794069E2));
#3391=CARTESIAN_POINT('',(-9.981107622393E0,6.753197634539E0,
-1.721736049754E2));
#3392=CARTESIAN_POINT('',(-9.999999933918E0,6.825775258482E0,
-1.724791671749E2));
#3393=CARTESIAN_POINT('',(-1.E1,6.865649707479E0,-1.726375401447E2));
#3395=DIRECTION('',(0.E0,-1.E0,-3.044929283023E-9));
#3396=VECTOR('',#3395,6.865649707479E0);
#3397=CARTESIAN_POINT('',(-1.E1,6.865649707479E0,-1.726375401447E2));
#3398=LINE('',#3397,#3396);
#3399=DIRECTION('',(-8.087360843023E-1,9.714683540752E-9,-5.881716976762E-1));
#3400=VECTOR('',#3399,2.726937917142E0);
#3401=CARTESIAN_POINT('',(-6.147313207947E0,6.356425121165E0,
-1.677986877682E2));
#3402=LINE('',#3401,#3400);
#3403=DIRECTION('',(-7.701004889574E-8,-1.E0,-5.600652661707E-8));
#3404=VECTOR('',#3403,6.356425147657E0);
#3405=CARTESIAN_POINT('',(-8.352686301192E0,6.356425147657E0,
-1.694025954724E2));
#3406=LINE('',#3405,#3404);
#3407=DIRECTION('',(8.087360843032E-1,0.E0,5.881716976750E-1));
#3408=VECTOR('',#3407,2.726938520742E0);
#3409=CARTESIAN_POINT('',(-8.352686790700E0,0.E0,-1.694025958284E2));
#3410=LINE('',#3409,#3408);
#3411=CARTESIAN_POINT('',(-4.382798116275E0,6.356425121165E0,
-1.702248960221E2));
#3412=DIRECTION('',(-8.087360843032E-1,0.E0,-5.881716976750E-1));
#3413=DIRECTION('',(-5.881716976750E-1,0.E0,8.087360843032E-1));
#3414=AXIS2_PLACEMENT_3D('',#3411,#3412,#3413);
#3416=CARTESIAN_POINT('',(-4.213355130999E0,6.352460403577E0,
-1.700977000425E2));
#3417=DIRECTION('',(-7.900122750647E-1,3.739513340898E-2,-6.119495152742E-1));
#3418=DIRECTION('',(-6.123778390146E-1,-1.980521139681E-8,7.905652296198E-1));
#3419=AXIS2_PLACEMENT_3D('',#3416,#3417,#3418);
#3421=CARTESIAN_POINT('',(-6.050486969820E0,6.352460264704E0,
-1.677260030536E2));
#3422=CARTESIAN_POINT('',(-6.061125443641E0,6.353341502167E0,
-1.677342437053E2));
#3423=CARTESIAN_POINT('',(-6.082483511452E0,6.354810142508E0,
-1.677506160430E2));
#3424=CARTESIAN_POINT('',(-6.114758844277E0,6.356131510179E0,
-1.677748440936E2));
#3425=CARTESIAN_POINT('',(-6.136435661893E0,6.356425120919E0,
-1.677907768255E2));
#3426=CARTESIAN_POINT('',(-6.147313207947E0,6.356425121165E0,
-1.677986877682E2));
#3428=DIRECTION('',(-2.129006846198E-10,-1.E0,-1.548378777543E-10));
#3429=VECTOR('',#3428,6.356425121165E0);
#3430=CARTESIAN_POINT('',(-6.147313207947E0,6.356425121165E0,
-1.677986877682E2));
#3431=LINE('',#3430,#3429);
#3432=CARTESIAN_POINT('',(-8.5E0,0.E0,-1.645637434320E2));
#3433=DIRECTION('',(0.E0,-1.E0,0.E0));
#3434=DIRECTION('',(5.881716976750E-1,0.E0,-8.087360843032E-1));
#3435=AXIS2_PLACEMENT_3D('',#3432,#3433,#3434);
#3437=CARTESIAN_POINT('',(-4.499999991254E0,4.517180069623E0,
-1.645637351077E2));
#3438=CARTESIAN_POINT('',(-4.500024076736E0,4.606777820029E0,
-1.646468670921E2));
#3439=CARTESIAN_POINT('',(-4.505012318673E0,4.781344423177E0,
-1.648009347805E2));
#3440=CARTESIAN_POINT('',(-4.523515941400E0,5.010361790674E0,
-1.650127683577E2));
#3441=CARTESIAN_POINT('',(-4.550947835937E0,5.210887445270E0,
-1.652097509815E2));
#3442=CARTESIAN_POINT('',(-4.585399403200E0,5.386709188458E0,
-1.653923117447E2));
#3443=CARTESIAN_POINT('',(-4.624542420067E0,5.539414943021E0,
-1.655585446529E2));
#3444=CARTESIAN_POINT('',(-4.666158488240E0,5.670435211944E0,
-1.657078465791E2));
#3445=CARTESIAN_POINT('',(-4.709673725390E0,5.784243896430E0,
-1.658443252414E2));
#3446=CARTESIAN_POINT('',(-4.755904160914E0,5.886357086020E0,
-1.659736958432E2));
#3447=CARTESIAN_POINT('',(-4.806508498651E0,5.981207309289E0,
-1.661014466270E2));
#3448=CARTESIAN_POINT('',(-4.862599302536E0,6.069985088206E0,
-1.662298671827E2));
#3449=CARTESIAN_POINT('',(-4.923829049646E0,6.151330155991E0,
-1.663575276426E2));
#3450=CARTESIAN_POINT('',(-4.989183367721E0,6.223089970562E0,
-1.664822706180E2));
#3451=CARTESIAN_POINT('',(-5.058507846261E0,6.284547013519E0,
-1.666039885971E2));
#3452=CARTESIAN_POINT('',(-5.131302625563E0,6.334186082933E0,
-1.667220477801E2));
#3453=CARTESIAN_POINT('',(-5.209504350617E0,6.372164704189E0,
-1.668396496275E2));
#3454=CARTESIAN_POINT('',(-5.293026732497E0,6.392497853653E0,
-1.669555699972E2));
#3455=CARTESIAN_POINT('',(-5.336933111943E0,6.391146054989E0,
-1.670124240227E2));
#3456=CARTESIAN_POINT('',(-5.356801195469E0,6.387182397613E0,
-1.670376676982E2));
#3458=CARTESIAN_POINT('',(-5.356801195469E0,6.387182397613E0,
-1.670376676982E2));
#3459=CARTESIAN_POINT('',(-5.421278879652E0,6.374088108903E0,
-1.671195886160E2));
#3460=CARTESIAN_POINT('',(-5.558464366317E0,6.352876018509E0,
-1.672806837134E2));
#3461=CARTESIAN_POINT('',(-5.788958300799E0,6.339201641439E0,
-1.675110826650E2));
#3462=CARTESIAN_POINT('',(-5.960451747184E0,6.345008664802E0,
-1.676562608792E2));
#3463=CARTESIAN_POINT('',(-6.050486969820E0,6.352460264704E0,
-1.677260030536E2));
#3465=CARTESIAN_POINT('',(-4.500000000398E0,8.911752071838E0,
-1.663688057963E2));
#3466=CARTESIAN_POINT('',(-4.500000000398E0,8.742533884601E0,
-1.661995580049E2));
#3467=CARTESIAN_POINT('',(-4.499999999815E0,8.381943063729E0,
-1.658986916236E2));
#3468=CARTESIAN_POINT('',(-4.500000000051E0,7.760229532492E0,
-1.655316012635E2));
#3469=CARTESIAN_POINT('',(-4.499999999982E0,7.161850178473E0,
-1.652730760298E2));
#3470=CARTESIAN_POINT('',(-4.500000000022E0,6.607803240456E0,
-1.650819900820E2));
#3471=CARTESIAN_POINT('',(-4.499999999932E0,6.108415330610E0,
-1.649366550204E2));
#3472=CARTESIAN_POINT('',(-4.500000000252E0,5.659176436878E0,
-1.648202995306E2));
#3473=CARTESIAN_POINT('',(-4.499999999059E0,5.248758532326E0,
-1.647224419001E2));
#3474=CARTESIAN_POINT('',(-4.500000003511E0,4.870020798249E0,
-1.646388997684E2));
#3475=CARTESIAN_POINT('',(-4.499999992435E0,4.631601216719E0,
-1.645887969262E2));
#3476=CARTESIAN_POINT('',(-4.499999991254E0,4.517180069623E0,
-1.645637351077E2));
#3478=DIRECTION('',(1.936121097420E-9,9.999999999983E-1,1.842800464151E-6));
#3479=VECTOR('',#3478,4.517180069631E0);
#3480=CARTESIAN_POINT('',(-4.5E0,0.E0,-1.645637434320E2));
#3481=LINE('',#3480,#3479);
#3482=CARTESIAN_POINT('',(-4.5E0,1.05E1,-1.636006417988E2));
#3483=CARTESIAN_POINT('',(-4.5E0,1.05E1,-1.629970884082E2));
#3484=CARTESIAN_POINT('',(-4.5E0,1.010299086534E1,-1.621869907616E2));
#3485=CARTESIAN_POINT('',(-4.5E0,8.831591545878E0,-1.610441765187E2));
#3486=CARTESIAN_POINT('',(-4.5E0,7.464466094067E0,-1.606006417988E2));
#3487=CARTESIAN_POINT('',(-4.5E0,6.257359312881E0,-1.606006417988E2));
#3489=CARTESIAN_POINT('',(-4.5E0,9.841178470909E0,-1.663205788623E2));
#3490=CARTESIAN_POINT('',(-4.5E0,1.028039282364E1,-1.656893992903E2));
#3491=CARTESIAN_POINT('',(-4.5E0,1.05E1,-1.649893303438E2));
#3492=CARTESIAN_POINT('',(-4.5E0,1.05E1,-1.642203720226E2));
#3494=DIRECTION('',(0.E0,5.711809608462E-1,8.208241650724E-1));
#3495=VECTOR('',#3494,7.022644105925E-1);
#3496=CARTESIAN_POINT('',(-4.5E0,9.440058410099E0,-1.668970144607E2));
#3497=LINE('',#3496,#3495);
#3498=DIRECTION('',(-5.324251309313E-10,-7.071721495059E-1,7.070414068237E-1));
#3499=VECTOR('',#3498,7.470689260461E-1);
#3500=CARTESIAN_POINT('',(-4.5E0,9.440058410099E0,-1.668970144607E2));
#3501=LINE('',#3500,#3499);
#3502=CARTESIAN_POINT('',(-4.499999991254E0,4.517180069623E0,
-1.645637351077E2));
#3503=CARTESIAN_POINT('',(-4.500023366424E0,4.616111382807E0,
-1.646324470509E2));
#3504=CARTESIAN_POINT('',(-4.503128327289E0,4.807829937117E0,
-1.647618335694E2));
#3505=CARTESIAN_POINT('',(-4.514797329256E0,5.067712106272E0,
-1.649401847500E2));
#3506=CARTESIAN_POINT('',(-4.532168435194E0,5.302984081370E0,
-1.651082062786E2));
#3507=CARTESIAN_POINT('',(-4.554141312127E0,5.516631088075E0,
-1.652660021017E2));
#3508=CARTESIAN_POINT('',(-4.579347506599E0,5.708808140146E0,
-1.654121538131E2));
#3509=CARTESIAN_POINT('',(-4.606456309115E0,5.881078005685E0,
-1.655460491220E2));
#3510=CARTESIAN_POINT('',(-4.634747695543E0,6.037439664301E0,
-1.656698463963E2));
#3511=CARTESIAN_POINT('',(-4.664485056660E0,6.183322891970E0,
-1.657877836902E2));
#3512=CARTESIAN_POINT('',(-4.696479953408E0,6.325010951252E0,
-1.659046478684E2));
#3513=CARTESIAN_POINT('',(-4.731595396690E0,6.466853059254E0,
-1.660240695129E2));
#3514=CARTESIAN_POINT('',(-4.770151148268E0,6.609766180480E0,
-1.661471597156E2));
#3515=CARTESIAN_POINT('',(-4.811662371417E0,6.753761157246E0,
-1.662733837015E2));
#3516=CARTESIAN_POINT('',(-4.855711545946E0,6.900108865223E0,
-1.664035263512E2));
#3517=CARTESIAN_POINT('',(-4.902109226915E0,7.051050811971E0,
-1.665397596004E2));
#3518=CARTESIAN_POINT('',(-4.950792176175E0,7.211151924261E0,
-1.666864906732E2));
#3519=CARTESIAN_POINT('',(-5.003755933838E0,7.393233244018E0,
-1.668576524559E2));
#3520=CARTESIAN_POINT('',(-5.055774525790E0,7.613498212396E0,
-1.670666626924E2));
#3521=CARTESIAN_POINT('',(-5.090915647290E0,7.801475779982E0,
-1.672657777479E2));
#3522=CARTESIAN_POINT('',(-5.099773842775E0,7.901880442283E0,
-1.673784728763E2));
#3524=CARTESIAN_POINT('',(-6.500000414999E0,8.911725906383E0,
-1.663687796113E2));
#3525=DIRECTION('',(0.E0,-7.070739647507E-1,7.071395960995E-1));
#3526=DIRECTION('',(7.001110639466E-1,-5.049216871187E-1,-5.048748241067E-1));
#3527=AXIS2_PLACEMENT_3D('',#3524,#3525,#3526);
#3529=CARTESIAN_POINT('',(-2.999401812944E0,6.387182429806E0,
-1.688931105470E2));
#3530=DIRECTION('',(-6.168918961201E-1,-7.163924918963E-2,-7.837807132591E-1));
#3531=DIRECTION('',(-7.857997405455E-1,-4.550146034211E-9,6.184810164901E-1));
#3532=AXIS2_PLACEMENT_3D('',#3529,#3530,#3531);
#3534=CARTESIAN_POINT('',(-5.099773842775E0,7.901880442283E0,
-1.673784728763E2));
#3535=CARTESIAN_POINT('',(-5.144949307852E0,7.935645480928E0,
-1.674748767840E2));
#3536=CARTESIAN_POINT('',(-5.240947315799E0,8.005408082016E0,
-1.676657946345E2));
#3537=CARTESIAN_POINT('',(-5.402279199728E0,8.116857893493E0,
-1.679439926590E2));
#3538=CARTESIAN_POINT('',(-5.522271443426E0,8.197084324520E0,
-1.681234832107E2));
#3539=CARTESIAN_POINT('',(-5.585340877681E0,8.238944700092E0,
-1.682112133317E2));
#3541=CARTESIAN_POINT('',(-1.E1,9.979329253920E0,-1.757512197066E2));
#3542=CARTESIAN_POINT('',(-1.E1,1.040106471431E1,-1.751451584390E2));
#3543=CARTESIAN_POINT('',(-9.578508006768E0,1.068743586804E1,
-1.739956937310E2));
#3544=CARTESIAN_POINT('',(-8.839665879677E0,1.055435495982E1,
-1.728934054111E2));
#3545=CARTESIAN_POINT('',(-8.371988681140E0,1.035794615520E1,
-1.723568677348E2));
#3547=CARTESIAN_POINT('',(-4.5E0,9.440058410099E0,-1.668970144607E2));
#3548=CARTESIAN_POINT('',(-4.5E0,9.158901436503E0,-1.673010553058E2));
#3549=CARTESIAN_POINT('',(-4.780994662154E0,8.967987334022E0,
-1.680673651112E2));
#3550=CARTESIAN_POINT('',(-5.273556080216E0,9.056707939498E0,
-1.688022239911E2));
#3551=CARTESIAN_POINT('',(-5.585340879240E0,9.187647142579E0,
-1.691599157753E2));
#3553=DIRECTION('',(-6.903279831613E-1,6.903279831613E-1,-2.165514980989E-1));
#3554=VECTOR('',#3553,8.921587534214E0);
#3555=CARTESIAN_POINT('',(-4.5E0,9.841178470909E0,-1.663205788623E2));
#3556=LINE('',#3555,#3554);
#3557=DIRECTION('',(-7.071067811865E-1,5.804103337663E-1,-4.038859300066E-1));
#3558=VECTOR('',#3557,2.828427124510E0);
#3559=CARTESIAN_POINT('',(-1.000000000046E1,9.846672679314E0,
-1.759418558273E2));
#3560=LINE('',#3559,#3558);
#3561=DIRECTION('',(-6.903279831613E-1,6.903279831613E-1,-2.165514980989E-1));
#3562=VECTOR('',#3561,7.967227367509E0);
#3563=CARTESIAN_POINT('',(-4.5E0,1.05E1,-1.642203720226E2));
#3564=LINE('',#3563,#3562);
#3565=DIRECTION('',(0.E0,0.E0,1.E0));
#3566=VECTOR('',#3565,6.197302238619E-1);
#3567=CARTESIAN_POINT('',(-4.5E0,1.05E1,-1.642203720226E2));
#3568=LINE('',#3567,#3566);
#3569=DIRECTION('',(-7.071067811865E-1,7.071067811865E-1,0.E0));
#3570=VECTOR('',#3569,7.778174593052E0);
#3571=CARTESIAN_POINT('',(-4.5E0,1.05E1,-1.636006417988E2));
#3572=LINE('',#3571,#3570);
#3573=CARTESIAN_POINT('',(-1.E1,1.6E1,-1.636006417988E2));
#3574=CARTESIAN_POINT('',(-1.E1,1.6E1,-1.633027341476E2));
#3575=CARTESIAN_POINT('',(-1.003696087406E1,1.591076855656E1,
-1.627001142118E2));
#3576=CARTESIAN_POINT('',(-1.020645317563E1,1.550157794339E1,
-1.618580888029E2));
#3577=CARTESIAN_POINT('',(-1.047882590659E1,1.484401200229E1,
-1.611704031071E2));
#3578=CARTESIAN_POINT('',(-1.083475949956E1,1.398471229483E1,
-1.607111147671E2));
#3579=CARTESIAN_POINT('',(-1.110489573248E1,1.333254573764E1,
-1.606006417988E2));
#3580=CARTESIAN_POINT('',(-1.124264068712E1,1.3E1,-1.606006417988E2));
#3582=DIRECTION('',(-1.E0,0.E0,0.E0));
#3583=VECTOR('',#3582,2.514718625761E0);
#3584=CARTESIAN_POINT('',(-1.124264068712E1,1.3E1,-1.606006417988E2));
#3585=LINE('',#3584,#3583);
#3586=CARTESIAN_POINT('',(-1.5E1,1.6E1,-1.636006417988E2));
#3587=CARTESIAN_POINT('',(-1.5E1,1.6E1,-1.633027341476E2));
#3588=CARTESIAN_POINT('',(-1.496303912594E1,1.591076855656E1,
-1.627001142118E2));
#3589=CARTESIAN_POINT('',(-1.479354682437E1,1.550157794339E1,
-1.618580888029E2));
#3590=CARTESIAN_POINT('',(-1.452117409341E1,1.484401200229E1,
-1.611704031071E2));
#3591=CARTESIAN_POINT('',(-1.416524050044E1,1.398471229483E1,
-1.607111147671E2));
#3592=CARTESIAN_POINT('',(-1.389510426752E1,1.333254573764E1,
-1.606006417988E2));
#3593=CARTESIAN_POINT('',(-1.375735931288E1,1.3E1,-1.606006417988E2));
#3595=DIRECTION('',(1.E0,0.E0,0.E0));
#3596=VECTOR('',#3595,5.E0);
#3597=CARTESIAN_POINT('',(-1.5E1,1.6E1,-1.636006417988E2));
#3598=LINE('',#3597,#3596);
#3599=DIRECTION('',(9.451544040925E-7,-9.999999855904E-1,-1.697593558955E-4));
#3600=VECTOR('',#3599,4.514801794090E0);
#3601=CARTESIAN_POINT('',(-2.050000426718E1,4.514801729034E0,
-1.645629770021E2));
#3602=LINE('',#3601,#3600);
#3603=CARTESIAN_POINT('',(-2.050000426718E1,4.514801729034E0,
-1.645629770021E2));
#3604=CARTESIAN_POINT('',(-2.050000127923E1,4.593651902444E0,
-1.645795487887E2));
#3605=CARTESIAN_POINT('',(-2.049999940629E1,4.775820068045E0,
-1.646179036341E2));
#3606=CARTESIAN_POINT('',(-2.050000015913E1,5.103594541114E0,
-1.646900970012E2));
#3607=CARTESIAN_POINT('',(-2.049999995720E1,5.481756441117E0,
-1.647772596734E2));
#3608=CARTESIAN_POINT('',(-2.050000001206E1,5.898645370157E0,
-1.648808723487E2));
#3609=CARTESIAN_POINT('',(-2.049999999456E1,6.342168535660E0,
-1.650028093273E2));
#3610=CARTESIAN_POINT('',(-2.050000000971E1,6.805065197135E0,
-1.651472256261E2));
#3611=CARTESIAN_POINT('',(-2.049999996660E1,7.272083785652E0,
-1.653194384429E2));
#3612=CARTESIAN_POINT('',(-2.050000012390E1,7.703827525860E0,
-1.655128823264E2));
#3613=CARTESIAN_POINT('',(-2.049999953779E1,8.073446966140E0,
-1.657145277440E2));
#3614=CARTESIAN_POINT('',(-2.050000172495E1,8.392561146016E0,
-1.659236782136E2));
#3615=CARTESIAN_POINT('',(-2.049999356242E1,8.669264089793E0,
-1.661393818512E2));
#3616=CARTESIAN_POINT('',(-2.050001387106E1,8.834423817835E0,
-1.662914615172E2));
#3617=CARTESIAN_POINT('',(-2.050001676303E1,8.911816686214E0,
-1.663688532323E2));
#3619=DIRECTION('',(2.244077636856E-5,7.071606588138E-1,-7.070528990977E-1));
#3620=VECTOR('',#3619,7.469896936451E-1);
#3621=CARTESIAN_POINT('',(-2.050001676303E1,8.911816686214E0,
-1.663688532323E2));
#3622=LINE('',#3621,#3620);
#3623=DIRECTION('',(-1.517682068981E-14,5.711809608462E-1,8.208241650724E-1));
#3624=VECTOR('',#3623,7.022644105926E-1);
#3625=CARTESIAN_POINT('',(-2.05E1,9.440058410099E0,-1.668970144607E2));
#3626=LINE('',#3625,#3624);
#3627=CARTESIAN_POINT('',(-2.05E1,1.05E1,-1.642203720226E2));
#3628=CARTESIAN_POINT('',(-2.05E1,1.05E1,-1.649893303438E2));
#3629=CARTESIAN_POINT('',(-2.05E1,1.028039282364E1,-1.656893992903E2));
#3630=CARTESIAN_POINT('',(-2.05E1,9.841178470909E0,-1.663205788623E2));
#3632=DIRECTION('',(0.E0,0.E0,1.E0));
#3633=VECTOR('',#3632,6.197302238619E-1);
#3634=CARTESIAN_POINT('',(-2.05E1,1.05E1,-1.642203720226E2));
#3635=LINE('',#3634,#3633);
#3636=CARTESIAN_POINT('',(-2.05E1,6.257359312881E0,-1.606006417988E2));
#3637=CARTESIAN_POINT('',(-2.05E1,7.464466094067E0,-1.606006417988E2));
#3638=CARTESIAN_POINT('',(-2.05E1,8.831591545878E0,-1.610441765187E2));
#3639=CARTESIAN_POINT('',(-2.05E1,1.010299086534E1,-1.621869907616E2));
#3640=CARTESIAN_POINT('',(-2.05E1,1.05E1,-1.629970884082E2));
#3641=CARTESIAN_POINT('',(-2.05E1,1.05E1,-1.636006417988E2));
#3643=CARTESIAN_POINT('',(-1.885268679261E1,6.356425121165E0,
-1.677986877678E2));
#3644=CARTESIAN_POINT('',(-1.886356433867E1,6.356425120903E0,
-1.677907768251E2));
#3645=CARTESIAN_POINT('',(-1.888524115545E1,6.356131510187E0,
-1.677748440938E2));
#3646=CARTESIAN_POINT('',(-1.891751648866E1,6.354810142505E0,
-1.677506160430E2));
#3647=CARTESIAN_POINT('',(-1.893887455629E1,6.353341502171E0,
-1.677342437054E2));
#3648=CARTESIAN_POINT('',(-1.894951303011E1,6.352460264710E0,
-1.677260030537E2));
#3650=CARTESIAN_POINT('',(-1.894951303011E1,6.352460264710E0,
-1.677260030537E2));
#3651=CARTESIAN_POINT('',(-1.903953624641E1,6.345010951958E0,
-1.676562701636E2));
#3652=CARTESIAN_POINT('',(-1.921100909358E1,6.339195828064E0,
-1.675111111891E2));
#3653=CARTESIAN_POINT('',(-1.944148209677E1,6.352891031751E0,
-1.672807405724E2));
#3654=CARTESIAN_POINT('',(-1.957866029046E1,6.374035428676E0,
-1.671196614031E2));
#3655=CARTESIAN_POINT('',(-1.964313297074E1,6.387122432978E0,
-1.670377513399E2));
#3657=CARTESIAN_POINT('',(-1.964313297074E1,6.387122432978E0,
-1.670377513399E2));
#3658=CARTESIAN_POINT('',(-1.965582185092E1,6.389793180804E0,
-1.670216292258E2));
#3659=CARTESIAN_POINT('',(-1.968600483822E1,6.392449914492E0,
-1.669828344213E2));
#3660=CARTESIAN_POINT('',(-1.974719459436E1,6.384296463912E0,
-1.669003932777E2));
#3661=CARTESIAN_POINT('',(-1.981594867860E1,6.360965391968E0,
-1.668020300027E2));
#3662=CARTESIAN_POINT('',(-1.989022599561E1,6.321116617523E0,
-1.666881796484E2));
#3663=CARTESIAN_POINT('',(-1.996688736745E1,6.264154130674E0,
-1.665608279399E2));
#3664=CARTESIAN_POINT('',(-2.003987723625E1,6.193258736091E0,
-1.664283496193E2));
#3665=CARTESIAN_POINT('',(-2.010629180517E1,6.113691502094E0,
-1.662963061843E2));
#3666=CARTESIAN_POINT('',(-2.016695298467E1,6.025419192320E0,
-1.661639180621E2));
#3667=CARTESIAN_POINT('',(-2.022395075133E1,5.926531061120E0,
-1.660266062944E2));
#3668=CARTESIAN_POINT('',(-2.027998491977E1,5.809836542639E0,
-1.658757883087E2));
#3669=CARTESIAN_POINT('',(-2.033623164333E1,5.666513597301E0,
-1.657020362396E2));
#3670=CARTESIAN_POINT('',(-2.038853408730E1,5.495875295058E0,
-1.655089107586E2));
#3671=CARTESIAN_POINT('',(-2.043324626045E1,5.301565322762E0,
-1.653024326130E2));
#3672=CARTESIAN_POINT('',(-2.046936927360E1,5.075993065909E0,
-1.650762999046E2));
#3673=CARTESIAN_POINT('',(-2.049377042117E1,4.818323569623E0,
-1.648319636316E2));
#3674=CARTESIAN_POINT('',(-2.050005623717E1,4.621761900389E0,
-1.646524020902E2));
#3675=CARTESIAN_POINT('',(-2.050000426718E1,4.514801729034E0,
-1.645629770021E2));
#3677=DIRECTION('',(-8.087360842432E-1,-3.028521461931E-6,5.881716977498E-1));
#3678=VECTOR('',#3677,2.726937806578E0);
#3679=CARTESIAN_POINT('',(-1.664731378895E1,6.356433379755E0,
-1.694025954071E2));
#3680=LINE('',#3679,#3678);
#3681=DIRECTION('',(3.011578613413E-10,-1.E0,-2.190194278218E-10));
#3682=VECTOR('',#3681,6.356425121165E0);
#3683=CARTESIAN_POINT('',(-1.885268679261E1,6.356425121165E0,
-1.677986877678E2));
#3684=LINE('',#3683,#3682);
#3685=CARTESIAN_POINT('',(-1.500000000058E1,6.865696731327E0,
-1.726375193056E2));
#3686=CARTESIAN_POINT('',(-1.500001133186E1,6.782089372598E0,
-1.723144557816E2));
#3687=CARTESIAN_POINT('',(-1.508033025135E1,6.643314763074E0,
-1.716841993189E2));
#3688=CARTESIAN_POINT('',(-1.537813504249E1,6.491881481917E0,
-1.708720812747E2));
#3689=CARTESIAN_POINT('',(-1.584051049686E1,6.392547111278E0,
-1.701227146109E2));
#3690=CARTESIAN_POINT('',(-1.634511370886E1,6.356143827220E0,
-1.696222967859E2));
#3691=CARTESIAN_POINT('',(-1.664731378895E1,6.356433379755E0,
-1.694025954071E2));
#3693=DIRECTION('',(9.119079761071E-8,-1.E0,-6.626979227875E-8));
#3694=VECTOR('',#3693,6.356433379755E0);
#3695=CARTESIAN_POINT('',(-1.664731378895E1,6.356433379755E0,
-1.694025954071E2));
#3696=LINE('',#3695,#3694);
#3697=DIRECTION('',(8.454264146974E-11,-9.999999999954E-1,-3.038296292574E-6));
#3698=VECTOR('',#3697,6.865696731359E0);
#3699=CARTESIAN_POINT('',(-1.500000000058E1,6.865696731327E0,
-1.726375193056E2));
#3700=LINE('',#3699,#3698);
#3701=DIRECTION('',(-1.583769917371E-9,1.E0,1.583789456305E-9));
#3702=VECTOR('',#3701,1.363705595108E0);
#3703=CARTESIAN_POINT('',(-1.5E1,0.E0,-1.986006417988E2));
#3704=LINE('',#3703,#3702);
#3705=CARTESIAN_POINT('',(-1.5E1,1.363705567831E0,-1.976006417988E2));
#3706=DIRECTION('',(1.E0,0.E0,0.E0));
#3707=DIRECTION('',(0.E0,1.114663916724E-13,-1.E0));
#3708=AXIS2_PLACEMENT_3D('',#3705,#3706,#3707);
#3710=DIRECTION('',(2.666672553885E-10,2.993911848882E-1,9.541304514642E-1));
#3711=VECTOR('',#3710,1.922522560055E1);
#3712=CARTESIAN_POINT('',(-1.500000000478E1,2.317836000667E0,
-1.979000330271E2));
#3713=LINE('',#3712,#3711);
#3714=CARTESIAN_POINT('',(-1.5E1,2.076363407815E1,-1.835385626008E2));
#3715=DIRECTION('',(-1.E0,0.E0,0.E0));
#3716=DIRECTION('',(0.E0,-9.541304515440E-1,2.993911846338E-1));
#3717=AXIS2_PLACEMENT_3D('',#3714,#3715,#3716);
#3719=DIRECTION('',(-1.489419224436E-9,5.711809596237E-1,8.208241659231E-1));
#3720=VECTOR('',#3719,2.322496360249E-1);
#3721=CARTESIAN_POINT('',(-1.499999999965E1,9.846672683943E0,
-1.759418558204E2));
#3722=LINE('',#3721,#3720);
#3723=DIRECTION('',(-1.318171790223E-10,-7.070990736181E-1,7.071144886710E-1));
#3724=VECTOR('',#3723,4.403389339291E0);
#3725=CARTESIAN_POINT('',(-1.5E1,9.979329253920E0,-1.757512197066E2));
#3726=LINE('',#3725,#3724);
#3727=DIRECTION('',(7.071067811866E-1,0.E0,-7.071067811865E-1));
#3728=VECTOR('',#3727,2.828427124746E0);
#3729=CARTESIAN_POINT('',(-1.5E1,0.E0,-1.986006417988E2));
#3730=LINE('',#3729,#3728);
#3731=DIRECTION('',(-7.071067811866E-1,-1.205480722269E-8,7.071067811865E-1));
#3732=VECTOR('',#3731,2.828427120928E0);
#3733=CARTESIAN_POINT('',(-1.300000000486E1,1.363705629204E0,
-2.006006417939E2));
#3734=LINE('',#3733,#3732);
#3735=CARTESIAN_POINT('',(-1.2E1,1.363705567831E0,-1.976006417988E2));
#3736=DIRECTION('',(1.E0,0.E0,0.E0));
#3737=DIRECTION('',(0.E0,0.E0,-1.E0));
#3738=AXIS2_PLACEMENT_3D('',#3735,#3736,#3737);
#3740=CARTESIAN_POINT('',(-1.3E1,1.363705567831E0,-1.976006417988E2));
#3741=DIRECTION('',(1.E0,0.E0,0.E0));
#3742=DIRECTION('',(0.E0,0.E0,-1.E0));
#3743=AXIS2_PLACEMENT_3D('',#3740,#3741,#3742);
#3745=DIRECTION('',(-7.071067811865E-1,1.305173555526E-8,-7.071067811865E-1));
#3746=VECTOR('',#3745,2.828427119044E0);
#3747=CARTESIAN_POINT('',(-9.999999996774E0,1.363705597363E0,
-1.986006417955E2));
#3748=LINE('',#3747,#3746);
#3749=DIRECTION('',(7.071067811865E-1,0.E0,7.071067811866E-1));
#3750=VECTOR('',#3749,2.828427124746E0);
#3751=CARTESIAN_POINT('',(-1.2E1,0.E0,-2.006006417988E2));
#3752=LINE('',#3751,#3750);
#3753=DIRECTION('',(-7.071067811865E-1,-6.746721061700E-1,2.117015568107E-1));
#3754=VECTOR('',#3753,2.828427116301E0);
#3755=CARTESIAN_POINT('',(-1.300000001075E1,4.226096880370E0,
-1.984988154509E2));
#3756=LINE('',#3755,#3754);
#3757=DIRECTION('',(-7.071067811865E-1,-6.746721124228E-1,2.117015368837E-1));
#3758=VECTOR('',#3757,2.828427124567E0);
#3759=CARTESIAN_POINT('',(-1.299999999978E1,9.981959975923E0,
-1.801554422145E2));
#3760=LINE('',#3759,#3758);
#3761=CARTESIAN_POINT('',(-1.2E1,2.076363407816E1,-1.835385626009E2));
#3762=DIRECTION('',(-1.E0,0.E0,0.E0));
#3763=DIRECTION('',(0.E0,-9.541304515440E-1,2.993911846338E-1));
#3764=AXIS2_PLACEMENT_3D('',#3761,#3762,#3763);
#3766=CARTESIAN_POINT('',(-1.3E1,2.076363407816E1,-1.835385626009E2));
#3767=DIRECTION('',(-1.E0,0.E0,0.E0));
#3768=DIRECTION('',(0.E0,-9.541304515440E-1,2.993911846338E-1));
#3769=AXIS2_PLACEMENT_3D('',#3766,#3767,#3768);
#3771=DIRECTION('',(-7.071067811865E-1,6.746721125254E-1,-2.117015365568E-1));
#3772=VECTOR('',#3771,2.828427124485E0);
#3773=CARTESIAN_POINT('',(-1.000000000051E1,8.073699072311E0,
-1.795566598479E2));
#3774=LINE('',#3773,#3772);
#3775=DIRECTION('',(-1.E0,0.E0,0.E0));
#3776=VECTOR('',#3775,9.999999994139E-1);
#3777=CARTESIAN_POINT('',(1.299999999971E1,1.148832101068E1,-1.770842177469E2));
#3778=LINE('',#3777,#3776);
#3779=DIRECTION('',(7.955927497801E-11,5.711809607809E-1,8.208241651178E-1));
#3780=VECTOR('',#3779,6.267654026637E0);
#3781=CARTESIAN_POINT('',(1.299999999971E1,1.148832101068E1,-1.770842177469E2));
#3782=LINE('',#3781,#3780);
#3783=DIRECTION('',(-1.E0,-1.084668354911E-9,-1.918692759833E-9));
#3784=VECTOR('',#3783,1.000000000206E0);
#3785=CARTESIAN_POINT('',(1.300000000021E1,1.506828565946E1,-1.719395758632E2));
#3786=LINE('',#3785,#3784);
#3787=DIRECTION('',(-1.E0,-3.019806626980E-14,-8.526512829121E-14));
#3788=VECTOR('',#3787,1.E0);
#3789=CARTESIAN_POINT('',(-1.2E1,1.506828565838E1,-1.719395758652E2));
#3790=LINE('',#3789,#3788);
#3791=DIRECTION('',(-3.516689157892E-11,5.711809608173E-1,8.208241650925E-1));
#3792=VECTOR('',#3791,6.267654019174E0);
#3793=CARTESIAN_POINT('',(-1.299999999978E1,1.148832101363E1,
-1.770842177425E2));
#3794=LINE('',#3793,#3792);
#3795=DIRECTION('',(-1.E0,2.949690271330E-9,4.366000896393E-9));
#3796=VECTOR('',#3795,9.999999994865E-1);
#3797=CARTESIAN_POINT('',(-1.200000000029E1,1.148832101068E1,
-1.770842177469E2));
#3798=LINE('',#3797,#3796);
#3799=DIRECTION('',(4.675381009687E-11,5.711809608078E-1,8.208241650991E-1));
#3800=VECTOR('',#3799,6.267654024442E0);
#3801=CARTESIAN_POINT('',(-1.200000000029E1,1.148832101068E1,
-1.770842177469E2));
#3802=LINE('',#3801,#3800);
#3803=CARTESIAN_POINT('',(1.2E1,2.076363407816E1,-1.835385626009E2));
#3804=DIRECTION('',(1.E0,0.E0,0.E0));
#3805=DIRECTION('',(0.E0,-8.208241650724E-1,5.711809608462E-1));
#3806=AXIS2_PLACEMENT_3D('',#3803,#3804,#3805);
#3808=CARTESIAN_POINT('',(1.3E1,2.076363407816E1,-1.835385626009E2));
#3809=DIRECTION('',(-1.E0,0.E0,0.E0));
#3810=DIRECTION('',(0.E0,-9.541304515440E-1,2.993911846338E-1));
#3811=AXIS2_PLACEMENT_3D('',#3808,#3809,#3810);
#3813=DIRECTION('',(-7.071067811865E-1,6.746721125254E-1,-2.117015365568E-1));
#3814=VECTOR('',#3813,2.828427124485E0);
#3815=CARTESIAN_POINT('',(1.499999999949E1,8.073699072311E0,-1.795566598479E2));
#3816=LINE('',#3815,#3814);
#3817=CARTESIAN_POINT('',(1.5E1,1.3E1,-1.636006417988E2));
#3818=DIRECTION('',(1.E0,0.E0,0.E0));
#3819=DIRECTION('',(0.E0,1.E0,0.E0));
#3820=AXIS2_PLACEMENT_3D('',#3817,#3818,#3819);
#3822=DIRECTION('',(8.143131546619E-10,-8.143134855290E-10,1.E0));
#3823=VECTOR('',#3822,5.368793115897E0);
#3824=CARTESIAN_POINT('',(1.500000000022E1,1.399999999978E1,-1.689694348690E2));
#3825=LINE('',#3824,#3823);
#3826=CARTESIAN_POINT('',(1.5E1,1.08E1,-1.689694348688E2));
#3827=DIRECTION('',(1.E0,0.E0,0.E0));
#3828=DIRECTION('',(0.E0,8.208241650724E-1,-5.711809608462E-1));
#3829=AXIS2_PLACEMENT_3D('',#3826,#3827,#3828);
#3831=DIRECTION('',(1.002914785117E-10,5.711809607639E-1,8.208241651297E-1));
#3832=VECTOR('',#3831,6.267654028629E0);
#3833=CARTESIAN_POINT('',(1.499999999954E1,9.846672679314E0,-1.759418558273E2));
#3834=LINE('',#3833,#3832);
#3835=CARTESIAN_POINT('',(1.5E1,2.076363407816E1,-1.835385626009E2));
#3836=DIRECTION('',(-1.E0,0.E0,0.E0));
#3837=DIRECTION('',(0.E0,-9.541304515440E-1,2.993911846338E-1));
#3838=AXIS2_PLACEMENT_3D('',#3835,#3836,#3837);
#3840=DIRECTION('',(-1.222125632146E-10,2.993911847504E-1,9.541304515074E-1));
#3841=VECTOR('',#3840,1.922522559903E1);
#3842=CARTESIAN_POINT('',(1.500000000184E1,2.317836003125E0,-1.979000330290E2));
#3843=LINE('',#3842,#3841);
#3844=CARTESIAN_POINT('',(1.5E1,1.363705567831E0,-1.976006417988E2));
#3845=DIRECTION('',(1.E0,0.E0,0.E0));
#3846=DIRECTION('',(0.E0,-4.352074256531E-14,-1.E0));
#3847=AXIS2_PLACEMENT_3D('',#3844,#3845,#3846);
#3849=DIRECTION('',(-1.663336598217E-9,-1.E0,-1.663342297271E-9));
#3850=VECTOR('',#3849,4.363705634279E0);
#3851=CARTESIAN_POINT('',(1.300000000726E1,1.363705634279E0,-2.006006417915E2));
#3852=LINE('',#3851,#3850);
#3853=DIRECTION('',(7.392613950313E-10,1.E0,7.392552889016E-10));
#3854=VECTOR('',#3853,4.363705597363E0);
#3855=CARTESIAN_POINT('',(1.5E1,-3.E0,-1.986006417988E2));
#3856=LINE('',#3855,#3854);
#3857=DIRECTION('',(-7.071067811865E-1,1.305174230666E-8,-7.071067811865E-1));
#3858=VECTOR('',#3857,2.828427119044E0);
#3859=CARTESIAN_POINT('',(1.500000000323E1,1.363705597363E0,-1.986006417955E2));
#3860=LINE('',#3859,#3858);
#3861=DIRECTION('',(-7.071067811865E-1,6.746721060177E-1,-2.117015572961E-1));
#3862=VECTOR('',#3861,2.828427121494E0);
#3863=CARTESIAN_POINT('',(1.500000000184E1,2.317836003125E0,-1.979000330290E2));
#3864=LINE('',#3863,#3862);
#3865=CARTESIAN_POINT('',(1.2E1,1.363705567831E0,-1.976006417988E2));
#3866=DIRECTION('',(-1.E0,0.E0,0.E0));
#3867=DIRECTION('',(0.E0,9.541304515440E-1,-2.993911846338E-1));
#3868=AXIS2_PLACEMENT_3D('',#3865,#3866,#3867);
#3870=CARTESIAN_POINT('',(1.3E1,1.363705567831E0,-1.976006417988E2));
#3871=DIRECTION('',(1.E0,0.E0,0.E0));
#3872=DIRECTION('',(0.E0,0.E0,-1.E0));
#3873=AXIS2_PLACEMENT_3D('',#3870,#3871,#3872);
#3875=DIRECTION('',(-1.234582431922E-10,-1.E0,1.234585762591E-10));
#3876=VECTOR('',#3875,1.600000005651E1);
#3877=CARTESIAN_POINT('',(1.500000000198E1,1.300000005651E1,-1.626006418007E2));
#3878=LINE('',#3877,#3876);
#3879=DIRECTION('',(2.777804630890E-10,1.E0,-2.777795749106E-10));
#3880=VECTOR('',#3879,1.600000012715E1);
#3881=CARTESIAN_POINT('',(1.3E1,-3.E0,-1.606006417988E2));
#3882=LINE('',#3881,#3880);
#3883=DIRECTION('',(-7.071067811865E-1,2.497471905944E-8,7.071067811866E-1));
#3884=VECTOR('',#3883,2.828427121254E0);
#3885=CARTESIAN_POINT('',(1.500000000198E1,1.300000005651E1,-1.626006418007E2));
#3886=LINE('',#3885,#3884);
#3887=DIRECTION('',(-7.071067811865E-1,7.071067811865E-1,2.017830581016E-8));
#3888=VECTOR('',#3887,2.828427116626E0);
#3889=CARTESIAN_POINT('',(1.500000000459E1,1.399999999541E1,-1.636006417531E2));
#3890=LINE('',#3889,#3888);
#3891=CARTESIAN_POINT('',(1.3E1,1.3E1,-1.636006417988E2));
#3892=DIRECTION('',(1.E0,0.E0,0.E0));
#3893=DIRECTION('',(0.E0,1.E0,0.E0));
#3894=AXIS2_PLACEMENT_3D('',#3891,#3892,#3893);
#3896=CARTESIAN_POINT('',(1.E1,1.6E1,-1.636006417988E2));
#3897=CARTESIAN_POINT('',(1.E1,1.6E1,-1.633027341476E2));
#3898=CARTESIAN_POINT('',(1.003696087406E1,1.591076855656E1,-1.627001142118E2));
#3899=CARTESIAN_POINT('',(1.020645317563E1,1.550157794339E1,-1.618580888029E2));
#3900=CARTESIAN_POINT('',(1.047882590659E1,1.484401200229E1,-1.611704031071E2));
#3901=CARTESIAN_POINT('',(1.083475949956E1,1.398471229483E1,-1.607111147671E2));
#3902=CARTESIAN_POINT('',(1.110489573248E1,1.333254573764E1,-1.606006417988E2));
#3903=CARTESIAN_POINT('',(1.124264068712E1,1.3E1,-1.606006417988E2));
#3905=DIRECTION('',(-6.903279831613E-1,-6.903279831613E-1,2.165514980989E-1));
#3906=VECTOR('',#3905,7.967227367509E0);
#3907=CARTESIAN_POINT('',(1.E1,1.6E1,-1.659456870448E2));
#3908=LINE('',#3907,#3906);
#3909=DIRECTION('',(-7.071067811865E-1,-7.071067811865E-1,0.E0));
#3910=VECTOR('',#3909,7.778174593052E0);
#3911=CARTESIAN_POINT('',(1.E1,1.6E1,-1.636006417988E2));
#3912=LINE('',#3911,#3910);
#3913=DIRECTION('',(-7.071067811865E-1,7.071067811865E-1,-1.941387923360E-11));
#3914=VECTOR('',#3913,2.828427124678E0);
#3915=CARTESIAN_POINT('',(1.500000000022E1,1.399999999978E1,-1.689694348690E2));
#3916=LINE('',#3915,#3914);
#3917=DIRECTION('',(-7.071067811865E-1,5.804103333640E-1,-4.038859305847E-1));
#3918=VECTOR('',#3917,2.828427124694E0);
#3919=CARTESIAN_POINT('',(1.500000000017E1,1.342663732912E1,-1.707972139419E2));
#3920=LINE('',#3919,#3918);
#3921=CARTESIAN_POINT('',(1.106828565838E1,1.6E1,-1.689694348688E2));
#3922=CARTESIAN_POINT('',(1.164853739498E1,1.6E1,-1.699853156077E2));
#3923=CARTESIAN_POINT('',(1.2E1,1.573651996644E1,-1.709792797321E2));
#3924=CARTESIAN_POINT('',(1.2E1,1.506828565838E1,-1.719395758652E2));
#3926=CARTESIAN_POINT('',(1.3E1,1.08E1,-1.689694348688E2));
#3927=DIRECTION('',(1.E0,0.E0,0.E0));
#3928=DIRECTION('',(0.E0,8.208241650724E-1,-5.711809608462E-1));
#3929=AXIS2_PLACEMENT_3D('',#3926,#3927,#3928);
#3931=DIRECTION('',(-7.071067811865E-1,5.804103337663E-1,-4.038859300066E-1));
#3932=VECTOR('',#3931,2.828427124510E0);
#3933=CARTESIAN_POINT('',(1.499999999954E1,9.846672679314E0,-1.759418558273E2));
#3934=LINE('',#3933,#3932);
#3935=DIRECTION('',(-1.E0,0.E0,0.E0));
#3936=VECTOR('',#3935,2.863428683247E0);
#3937=CARTESIAN_POINT('',(-1.106828565838E1,1.6E1,-1.689694348688E2));
#3938=LINE('',#3937,#3936);
#3939=CARTESIAN_POINT('',(-1.393171434162E1,1.6E1,-1.689694348688E2));
#3940=CARTESIAN_POINT('',(-1.335146260502E1,1.6E1,-1.699853156077E2));
#3941=CARTESIAN_POINT('',(-1.3E1,1.573651996644E1,-1.709792797321E2));
#3942=CARTESIAN_POINT('',(-1.3E1,1.506828565838E1,-1.719395758652E2));
#3944=CARTESIAN_POINT('',(-1.106828565838E1,1.6E1,-1.689694348688E2));
#3945=CARTESIAN_POINT('',(-1.164853739498E1,1.6E1,-1.699853156077E2));
#3946=CARTESIAN_POINT('',(-1.2E1,1.573651996644E1,-1.709792797321E2));
#3947=CARTESIAN_POINT('',(-1.2E1,1.506828565838E1,-1.719395758652E2));
#3949=CARTESIAN_POINT('',(-1.662801131886E1,1.035794615520E1,
-1.723568677348E2));
#3950=CARTESIAN_POINT('',(-1.616033412032E1,1.055435495982E1,
-1.728934054111E2));
#3951=CARTESIAN_POINT('',(-1.542149199323E1,1.068743586804E1,
-1.739956937310E2));
#3952=CARTESIAN_POINT('',(-1.5E1,1.040106471431E1,-1.751451584390E2));
#3953=CARTESIAN_POINT('',(-1.5E1,9.979329253920E0,-1.757512197066E2));
#3955=DIRECTION('',(-7.071067811865E-1,-5.804103331605E-1,4.038859308771E-1));
#3956=VECTOR('',#3955,2.828427124569E0);
#3957=CARTESIAN_POINT('',(-1.299999999978E1,1.148832101363E1,
-1.770842177425E2));
#3958=LINE('',#3957,#3956);
#3959=DIRECTION('',(-6.903279831613E-1,-6.903279831613E-1,2.165514980989E-1));
#3960=VECTOR('',#3959,8.921587534214E0);
#3961=CARTESIAN_POINT('',(-1.434117847091E1,1.6E1,-1.682525620082E2));
#3962=LINE('',#3961,#3960);
#3963=DIRECTION('',(0.E0,-7.071067811866E-1,7.071067811865E-1));
#3964=VECTOR('',#3963,2.270961117172E0);
#3965=CARTESIAN_POINT('',(-1.662801131886E1,1.035794615520E1,
-1.723568677348E2));
#3966=LINE('',#3965,#3964);
#3967=DIRECTION('',(6.334025395372E-1,2.660079132016E-1,-7.266643055923E-1));
#3968=VECTOR('',#3967,2.293496340200E0);
#3969=CARTESIAN_POINT('',(-1.808071772516E1,9.747857979807E0,
-1.706902658093E2));
#3970=LINE('',#3969,#3968);
#3971=DIRECTION('',(-4.479546293064E-1,-4.479546293065E-1,7.737398142566E-1));
#3972=VECTOR('',#3971,2.977849336357E0);
#3973=CARTESIAN_POINT('',(-1.808071772516E1,9.747857979807E0,
-1.706902658093E2));
#3974=LINE('',#3973,#3972);
#3975=DIRECTION('',(6.579870125646E-9,7.071067787937E-1,-7.071067835794E-1));
#3976=VECTOR('',#3975,2.474476123034E-1);
#3977=CARTESIAN_POINT('',(-1.941465912239E1,8.238944700153E0,
-1.682112133317E2));
#3978=LINE('',#3977,#3976);
#3979=CARTESIAN_POINT('',(-1.924521320927E1,8.242909557750E0,
-1.683384115807E2));
#3980=CARTESIAN_POINT('',(-1.926424956094E1,8.242909557706E0,
-1.683245669612E2));
#3981=CARTESIAN_POINT('',(-1.930218295404E1,8.242615957483E0,
-1.682966854388E2));
#3982=CARTESIAN_POINT('',(-1.935866555414E1,8.241294548091E0,
-1.682542857748E2));
#3983=CARTESIAN_POINT('',(-1.939604116276E1,8.239825994807E0,
-1.682256349606E2));
#3984=CARTESIAN_POINT('',(-1.941465912239E1,8.238944700153E0,
-1.682112133317E2));
#3986=DIRECTION('',(-8.087360843062E-1,6.292627019692E-12,5.881716976709E-1));
#3987=VECTOR('',#3986,2.726938528997E0);
#3988=CARTESIAN_POINT('',(-1.703983962118E1,8.242909557733E0,
-1.699423196447E2));
#3989=LINE('',#3988,#3987);
#3990=CARTESIAN_POINT('',(-1.662801131886E1,8.752134149436E0,
-1.707510557290E2));
#3991=CARTESIAN_POINT('',(-1.662802273899E1,8.670580145448E0,
-1.706694934195E2));
#3992=CARTESIAN_POINT('',(-1.664812677267E1,8.528764295050E0,
-1.705130564537E2));
#3993=CARTESIAN_POINT('',(-1.672242230727E1,8.379421169780E0,
-1.703096802123E2));
#3994=CARTESIAN_POINT('',(-1.683860422256E1,8.276278971852E0,
-1.701220420760E2));
#3995=CARTESIAN_POINT('',(-1.696321128548E1,8.242921576820E0,
-1.699980613625E2));
#3996=CARTESIAN_POINT('',(-1.703983962118E1,8.242909557733E0,
-1.699423196447E2));
#3998=CARTESIAN_POINT('',(-2.013464525788E1,9.033817305709E0,
-1.681204573017E2));
#3999=CARTESIAN_POINT('',(-1.948537549420E1,9.194982264813E0,
-1.690255674264E2));
#4000=CARTESIAN_POINT('',(-1.879361213087E1,9.448466137562E0,
-1.698724053084E2));
#4001=CARTESIAN_POINT('',(-1.808071772516E1,9.747857979807E0,
-1.706902658093E2));
#4003=CARTESIAN_POINT('',(-1.941465912076E1,8.413916584209E0,
-1.683861852169E2));
#4004=CARTESIAN_POINT('',(-1.955846662273E1,8.497112562448E0,
-1.683647939210E2));
#4005=CARTESIAN_POINT('',(-1.982666166161E1,8.687429841047E0,
-1.682974750405E2));
#4006=CARTESIAN_POINT('',(-2.004254381965E1,8.914365530089E0,
-1.681857691788E2));
#4007=CARTESIAN_POINT('',(-2.013464525788E1,9.033817305709E0,
-1.681204573017E2));
#4009=CARTESIAN_POINT('',(-1.941465912239E1,8.238944700153E0,
-1.682112133317E2));
#4010=CARTESIAN_POINT('',(-1.947770901833E1,8.197079230882E0,
-1.681234916506E2));
#4011=CARTESIAN_POINT('',(-1.959772754554E1,8.116900182055E0,
-1.679440317300E2));
#4012=CARTESIAN_POINT('',(-1.975896930831E1,8.005400487606E0,
-1.676658603781E2));
#4013=CARTESIAN_POINT('',(-1.985499033869E1,7.935609644834E0,
-1.674749577869E2));
#4014=CARTESIAN_POINT('',(-1.990017719606E1,7.901906253542E0,
-1.673786077874E2));
#4016=CARTESIAN_POINT('',(-2.013464525788E1,9.033817305709E0,
-1.681204573017E2));
#4017=CARTESIAN_POINT('',(-2.035627069700E1,9.057036888825E0,
-1.676990766001E2));
#4018=CARTESIAN_POINT('',(-2.05E1,9.167790950627E0,-1.672882804962E2));
#4019=CARTESIAN_POINT('',(-2.05E1,9.440058410099E0,-1.668970144607E2));
#4021=CARTESIAN_POINT('',(-1.85E1,8.911851505592E0,-1.663688075562E2));
#4022=DIRECTION('',(0.E0,7.071067811865E-1,-7.071067811865E-1));
#4023=DIRECTION('',(-7.000437283153E-1,-5.049449368230E-1,-5.049449368230E-1));
#4024=AXIS2_PLACEMENT_3D('',#4021,#4022,#4023);
#4026=CARTESIAN_POINT('',(-2.078664826474E1,6.352460242848E0,
-1.700976974121E2));
#4027=DIRECTION('',(-7.900118815159E-1,-3.739574336298E-2,6.119499860626E-1));
#4028=DIRECTION('',(6.123783234423E-1,3.106643535016E-9,7.905648543782E-1));
#4029=AXIS2_PLACEMENT_3D('',#4026,#4027,#4028);
#4031=CARTESIAN_POINT('',(-2.061720949596E1,6.356425121157E0,
-1.702248904859E2));
#4032=DIRECTION('',(-8.087352934196E-1,-1.662649013433E-6,5.881727851360E-1));
#4033=DIRECTION('',(5.881727851368E-1,-3.520147136745E-13,8.087352934208E-1));
#4034=AXIS2_PLACEMENT_3D('',#4031,#4032,#4033);
#4036=CARTESIAN_POINT('',(-1.841182830232E1,6.356425121165E0,
-1.718288040813E2));
#4037=DIRECTION('',(-8.087360843032E-1,0.E0,5.881716976750E-1));
#4038=DIRECTION('',(5.881716976750E-1,0.E0,8.087360843032E-1));
#4039=AXIS2_PLACEMENT_3D('',#4036,#4037,#4038);
#4041=CARTESIAN_POINT('',(-1.799999999887E1,6.865658011194E0,
-1.726375484647E2));
#4042=DIRECTION('',(5.867590942577E-6,-7.071089148406E-1,7.071046475017E-1));
#4043=DIRECTION('',(9.999999999828E-1,4.149170875027E-6,-4.148855812976E-6));
#4044=AXIS2_PLACEMENT_3D('',#4041,#4042,#4043);
#4046=CARTESIAN_POINT('',(-2.200047391127E1,6.387126793082E0,
-1.688932684431E2));
#4047=DIRECTION('',(-6.169141785957E-1,7.164410827398E-2,7.837627306764E-1));
#4048=DIRECTION('',(7.857817561282E-1,-5.191853379535E-6,6.185038655572E-1));
#4049=AXIS2_PLACEMENT_3D('',#4046,#4047,#4048);
#4051=CARTESIAN_POINT('',(-1.990017719606E1,7.901906253542E0,
-1.673786077874E2));
#4052=CARTESIAN_POINT('',(-1.990741619061E1,7.831263559221E0,
-1.672979226301E2));
#4053=CARTESIAN_POINT('',(-1.992859538080E1,7.693421353884E0,
-1.671497722509E2));
#4054=CARTESIAN_POINT('',(-1.996774576286E1,7.507945925299E0,
-1.669669003521E2));
#4055=CARTESIAN_POINT('',(-2.001244975657E1,7.337043635225E0,
-1.668042578614E2));
#4056=CARTESIAN_POINT('',(-2.006064905705E1,7.172553087245E0,
-1.666511239847E2));
#4057=CARTESIAN_POINT('',(-2.011134313573E1,7.007839284726E0,
-1.665002642489E2));
#4058=CARTESIAN_POINT('',(-2.016014463231E1,6.848313036726E0,
-1.663571207679E2));
#4059=CARTESIAN_POINT('',(-2.020587064678E1,6.695402868098E0,
-1.662211471669E2));
#4060=CARTESIAN_POINT('',(-2.024720136302E1,6.546158909107E0,
-1.660923342542E2));
#4061=CARTESIAN_POINT('',(-2.028593792096E1,6.397520830741E0,
-1.659655146876E2));
#4062=CARTESIAN_POINT('',(-2.032297552938E1,6.240562566125E0,
-1.658350292596E2));
#4063=CARTESIAN_POINT('',(-2.036015608127E1,6.066178072310E0,
-1.656922603670E2));
#4064=CARTESIAN_POINT('',(-2.039651338287E1,5.866947016006E0,
-1.655340155371E2));
#4065=CARTESIAN_POINT('',(-2.042986034269E1,5.646161769394E0,
-1.653636404974E2));
#4066=CARTESIAN_POINT('',(-2.045818226720E1,5.406959062169E0,
-1.651846806466E2));
#4067=CARTESIAN_POINT('',(-2.048094774445E1,5.140576982524E0,
-1.649918763377E2));
#4068=CARTESIAN_POINT('',(-2.049618457767E1,4.847228827947E0,
-1.647852185988E2));
#4069=CARTESIAN_POINT('',(-2.050004658558E1,4.630313720215E0,
-1.646379588056E2));
#4070=CARTESIAN_POINT('',(-2.050000426718E1,4.514801729034E0,
-1.645629770021E2));
#4072=DIRECTION('',(-6.903279831613E-1,-6.903279831613E-1,2.165514980989E-1));
#4073=VECTOR('',#4072,7.967227367509E0);
#4074=CARTESIAN_POINT('',(-1.5E1,1.6E1,-1.659456870448E2));
#4075=LINE('',#4074,#4073);
#4076=DIRECTION('',(-7.071067811865E-1,-7.071067811865E-1,0.E0));
#4077=VECTOR('',#4076,7.778174593052E0);
#4078=CARTESIAN_POINT('',(-1.5E1,1.6E1,-1.636006417988E2));
#4079=LINE('',#4078,#4077);
#4080=CARTESIAN_POINT('',(5.585340877612E0,8.238944700153E0,-1.682112133317E2));
#4081=CARTESIAN_POINT('',(5.522290981674E0,8.197079230882E0,-1.681234916506E2));
#4082=CARTESIAN_POINT('',(5.402272454463E0,8.116900182055E0,-1.679440317300E2));
#4083=CARTESIAN_POINT('',(5.241030691686E0,8.005400487606E0,-1.676658603781E2));
#4084=CARTESIAN_POINT('',(5.145009661307E0,7.935609644834E0,-1.674749577869E2));
#4085=CARTESIAN_POINT('',(5.099822803941E0,7.901906253542E0,-1.673786077874E2));
#4087=CARTESIAN_POINT('',(4.865354742117E0,9.033817305709E0,-1.681204573017E2));
#4088=CARTESIAN_POINT('',(4.643729302999E0,9.057036888825E0,-1.676990766001E2));
#4089=CARTESIAN_POINT('',(4.5E0,9.167790950627E0,-1.672882804962E2));
#4090=CARTESIAN_POINT('',(4.5E0,9.440058410099E0,-1.668970144607E2));
#4092=CARTESIAN_POINT('',(6.5E0,8.911851505592E0,-1.663688075562E2));
#4093=DIRECTION('',(0.E0,7.071067811865E-1,-7.071067811865E-1));
#4094=DIRECTION('',(-7.000437283153E-1,-5.049449368230E-1,-5.049449368230E-1));
#4095=AXIS2_PLACEMENT_3D('',#4092,#4093,#4094);
#4097=CARTESIAN_POINT('',(4.213351735262E0,6.352460242848E0,-1.700976974121E2));
#4098=DIRECTION('',(-7.900118815159E-1,-3.739574336298E-2,6.119499860626E-1));
#4099=DIRECTION('',(6.123783234423E-1,3.106643535016E-9,7.905648543782E-1));
#4100=AXIS2_PLACEMENT_3D('',#4097,#4098,#4099);
#4102=DIRECTION('',(0.E0,-7.071067811866E-1,7.071067811865E-1));
#4103=VECTOR('',#4102,2.270961117172E0);
#4104=CARTESIAN_POINT('',(8.371988681140E0,1.035794615520E1,-1.723568677348E2));
#4105=LINE('',#4104,#4103);
#4106=DIRECTION('',(6.334025395372E-1,2.660079132016E-1,-7.266643055923E-1));
#4107=VECTOR('',#4106,2.293496340200E0);
#4108=CARTESIAN_POINT('',(6.919282274838E0,9.747857979807E0,-1.706902658093E2));
#4109=LINE('',#4108,#4107);
#4110=DIRECTION('',(-4.479546293064E-1,-4.479546293065E-1,7.737398142566E-1));
#4111=VECTOR('',#4110,2.977849336357E0);
#4112=CARTESIAN_POINT('',(6.919282274838E0,9.747857979807E0,-1.706902658093E2));
#4113=LINE('',#4112,#4111);
#4114=DIRECTION('',(6.579859357568E-9,7.071067787937E-1,-7.071067835794E-1));
#4115=VECTOR('',#4114,2.474476123034E-1);
#4116=CARTESIAN_POINT('',(5.585340877612E0,8.238944700153E0,-1.682112133317E2));
#4117=LINE('',#4116,#4115);
#4118=CARTESIAN_POINT('',(5.754786790730E0,8.242909557750E0,-1.683384115807E2));
#4119=CARTESIAN_POINT('',(5.735750439063E0,8.242909557706E0,-1.683245669612E2));
#4120=CARTESIAN_POINT('',(5.697817045964E0,8.242615957483E0,-1.682966854388E2));
#4121=CARTESIAN_POINT('',(5.641334445864E0,8.241294548091E0,-1.682542857748E2));
#4122=CARTESIAN_POINT('',(5.603958837244E0,8.239825994807E0,-1.682256349606E2));
#4123=CARTESIAN_POINT('',(5.585340877612E0,8.238944700153E0,-1.682112133317E2));
#4125=DIRECTION('',(-8.087360843062E-1,6.292627019692E-12,5.881716976709E-1));
#4126=VECTOR('',#4125,2.726938528997E0);
#4127=CARTESIAN_POINT('',(7.960160378815E0,8.242909557733E0,-1.699423196447E2));
#4128=LINE('',#4127,#4126);
#4129=CARTESIAN_POINT('',(8.371988681140E0,8.752134149436E0,-1.707510557290E2));
#4130=CARTESIAN_POINT('',(8.371977261006E0,8.670580145448E0,-1.706694934195E2));
#4131=CARTESIAN_POINT('',(8.351873227332E0,8.528764295050E0,-1.705130564537E2));
#4132=CARTESIAN_POINT('',(8.277577692732E0,8.379421169780E0,-1.703096802123E2));
#4133=CARTESIAN_POINT('',(8.161395777442E0,8.276278971852E0,-1.701220420760E2));
#4134=CARTESIAN_POINT('',(8.036788714517E0,8.242921576820E0,-1.699980613625E2));
#4135=CARTESIAN_POINT('',(7.960160378815E0,8.242909557733E0,-1.699423196447E2));
#4137=CARTESIAN_POINT('',(4.865354742117E0,9.033817305709E0,-1.681204573017E2));
#4138=CARTESIAN_POINT('',(5.514624505802E0,9.194982264813E0,-1.690255674264E2));
#4139=CARTESIAN_POINT('',(6.206387869132E0,9.448466137562E0,-1.698724053084E2));
#4140=CARTESIAN_POINT('',(6.919282274838E0,9.747857979807E0,-1.706902658093E2));
#4142=CARTESIAN_POINT('',(5.585340879240E0,8.413916584209E0,-1.683861852169E2));
#4143=CARTESIAN_POINT('',(5.441533377270E0,8.497112562448E0,-1.683647939210E2));
#4144=CARTESIAN_POINT('',(5.173338338388E0,8.687429841047E0,-1.682974750405E2));
#4145=CARTESIAN_POINT('',(4.957456180346E0,8.914365530089E0,-1.681857691788E2));
#4146=CARTESIAN_POINT('',(4.865354742117E0,9.033817305709E0,-1.681204573017E2));
#4148=CARTESIAN_POINT('',(7.000000001127E0,6.865658011194E0,-1.726375484647E2));
#4149=DIRECTION('',(5.867590942299E-6,-7.071089148406E-1,7.071046475017E-1));
#4150=DIRECTION('',(9.999999999828E-1,4.149170875915E-6,-4.148855812976E-6));
#4151=AXIS2_PLACEMENT_3D('',#4148,#4149,#4150);
#4153=CARTESIAN_POINT('',(9.999999999420E0,6.865696731327E0,-1.726375193056E2));
#4154=CARTESIAN_POINT('',(9.999988668142E0,6.782089371893E0,-1.723144557789E2));
#4155=CARTESIAN_POINT('',(9.919669756146E0,6.643314628736E0,-1.716841993371E2));
#4156=CARTESIAN_POINT('',(9.621864935143E0,6.491881870996E0,-1.708720812316E2));
#4157=CARTESIAN_POINT('',(9.159489528799E0,6.392546555715E0,-1.701227146499E2));
#4158=CARTESIAN_POINT('',(8.654886304352E0,6.356143827207E0,-1.696222967955E2));
#4159=CARTESIAN_POINT('',(8.352686211052E0,6.356433379755E0,-1.694025954071E2));
#4161=DIRECTION('',(9.119080180259E-8,-1.E0,-6.626980122141E-8));
#4162=VECTOR('',#4161,6.356433379755E0);
#4163=CARTESIAN_POINT('',(8.352686211052E0,6.356433379755E0,-1.694025954071E2));
#4164=LINE('',#4163,#4162);
#4165=DIRECTION('',(-1.E0,0.E0,0.E0));
#4166=VECTOR('',#4165,2.514718625761E0);
#4167=CARTESIAN_POINT('',(-3.624264068712E1,1.3E1,-1.606006417988E2));
#4168=LINE('',#4167,#4166);
#4169=CARTESIAN_POINT('',(-4.E1,1.6E1,-1.636006417988E2));
#4170=CARTESIAN_POINT('',(-4.E1,1.6E1,-1.633027341476E2));
#4171=CARTESIAN_POINT('',(-3.996303912594E1,1.591076855656E1,
-1.627001142118E2));
#4172=CARTESIAN_POINT('',(-3.979354682437E1,1.550157794339E1,
-1.618580888029E2));
#4173=CARTESIAN_POINT('',(-3.952117409341E1,1.484401200229E1,
-1.611704031071E2));
#4174=CARTESIAN_POINT('',(-3.916524050044E1,1.398471229483E1,
-1.607111147671E2));
#4175=CARTESIAN_POINT('',(-3.889510426752E1,1.333254573764E1,
-1.606006417988E2));
#4176=CARTESIAN_POINT('',(-3.875735931288E1,1.3E1,-1.606006417988E2));
#4178=DIRECTION('',(1.E0,0.E0,0.E0));
#4179=VECTOR('',#4178,5.E0);
#4180=CARTESIAN_POINT('',(-4.E1,1.6E1,-1.636006417988E2));
#4181=LINE('',#4180,#4179);
#4182=DIRECTION('',(9.451544056663E-7,-9.999999855904E-1,-1.697593558955E-4));
#4183=VECTOR('',#4182,4.514801794090E0);
#4184=CARTESIAN_POINT('',(-4.550000426718E1,4.514801729034E0,
-1.645629770021E2));
#4185=LINE('',#4184,#4183);
#4186=CARTESIAN_POINT('',(-4.550000426718E1,4.514801729034E0,
-1.645629770021E2));
#4187=CARTESIAN_POINT('',(-4.550000127923E1,4.593651902444E0,
-1.645795487887E2));
#4188=CARTESIAN_POINT('',(-4.549999940629E1,4.775820068045E0,
-1.646179036341E2));
#4189=CARTESIAN_POINT('',(-4.550000015913E1,5.103594541114E0,
-1.646900970012E2));
#4190=CARTESIAN_POINT('',(-4.549999995720E1,5.481756441117E0,
-1.647772596734E2));
#4191=CARTESIAN_POINT('',(-4.550000001206E1,5.898645370157E0,
-1.648808723487E2));
#4192=CARTESIAN_POINT('',(-4.549999999456E1,6.342168535660E0,
-1.650028093273E2));
#4193=CARTESIAN_POINT('',(-4.550000000971E1,6.805065197135E0,
-1.651472256261E2));
#4194=CARTESIAN_POINT('',(-4.549999996660E1,7.272083785652E0,
-1.653194384429E2));
#4195=CARTESIAN_POINT('',(-4.550000012390E1,7.703827525860E0,
-1.655128823264E2));
#4196=CARTESIAN_POINT('',(-4.549999953779E1,8.073446966140E0,
-1.657145277440E2));
#4197=CARTESIAN_POINT('',(-4.550000172495E1,8.392561146016E0,
-1.659236782136E2));
#4198=CARTESIAN_POINT('',(-4.549999356242E1,8.669264089793E0,
-1.661393818512E2));
#4199=CARTESIAN_POINT('',(-4.550001387106E1,8.834423817835E0,
-1.662914615172E2));
#4200=CARTESIAN_POINT('',(-4.550001676303E1,8.911816686214E0,
-1.663688532323E2));
#4202=DIRECTION('',(2.244077637332E-5,7.071606588138E-1,-7.070528990977E-1));
#4203=VECTOR('',#4202,7.469896936451E-1);
#4204=CARTESIAN_POINT('',(-4.550001676303E1,8.911816686214E0,
-1.663688532323E2));
#4205=LINE('',#4204,#4203);
#4206=DIRECTION('',(-2.023576091975E-14,5.711809608462E-1,8.208241650724E-1));
#4207=VECTOR('',#4206,7.022644105926E-1);
#4208=CARTESIAN_POINT('',(-4.55E1,9.440058410099E0,-1.668970144607E2));
#4209=LINE('',#4208,#4207);
#4210=CARTESIAN_POINT('',(-4.55E1,1.05E1,-1.642203720226E2));
#4211=CARTESIAN_POINT('',(-4.55E1,1.05E1,-1.649893303438E2));
#4212=CARTESIAN_POINT('',(-4.55E1,1.028039282364E1,-1.656893992903E2));
#4213=CARTESIAN_POINT('',(-4.55E1,9.841178470909E0,-1.663205788623E2));
#4215=DIRECTION('',(0.E0,0.E0,1.E0));
#4216=VECTOR('',#4215,6.197302238619E-1);
#4217=CARTESIAN_POINT('',(-4.55E1,1.05E1,-1.642203720226E2));
#4218=LINE('',#4217,#4216);
#4219=CARTESIAN_POINT('',(-4.55E1,6.257359312881E0,-1.606006417988E2));
#4220=CARTESIAN_POINT('',(-4.55E1,7.464466094067E0,-1.606006417988E2));
#4221=CARTESIAN_POINT('',(-4.55E1,8.831591545878E0,-1.610441765187E2));
#4222=CARTESIAN_POINT('',(-4.55E1,1.010299086534E1,-1.621869907616E2));
#4223=CARTESIAN_POINT('',(-4.55E1,1.05E1,-1.629970884082E2));
#4224=CARTESIAN_POINT('',(-4.55E1,1.05E1,-1.636006417988E2));
#4226=CARTESIAN_POINT('',(-4.385268679261E1,6.356425121165E0,
-1.677986877678E2));
#4227=CARTESIAN_POINT('',(-4.386356433867E1,6.356425120903E0,
-1.677907768251E2));
#4228=CARTESIAN_POINT('',(-4.388524115545E1,6.356131510187E0,
-1.677748440938E2));
#4229=CARTESIAN_POINT('',(-4.391751648866E1,6.354810142505E0,
-1.677506160430E2));
#4230=CARTESIAN_POINT('',(-4.393887455629E1,6.353341502171E0,
-1.677342437054E2));
#4231=CARTESIAN_POINT('',(-4.394951303011E1,6.352460264710E0,
-1.677260030537E2));
#4233=CARTESIAN_POINT('',(-4.394951303011E1,6.352460264710E0,
-1.677260030537E2));
#4234=CARTESIAN_POINT('',(-4.403953624641E1,6.345010951958E0,
-1.676562701636E2));
#4235=CARTESIAN_POINT('',(-4.421100909358E1,6.339195828064E0,
-1.675111111891E2));
#4236=CARTESIAN_POINT('',(-4.444148209677E1,6.352891031751E0,
-1.672807405724E2));
#4237=CARTESIAN_POINT('',(-4.457866029046E1,6.374035428676E0,
-1.671196614031E2));
#4238=CARTESIAN_POINT('',(-4.464313297074E1,6.387122432978E0,
-1.670377513399E2));
#4240=CARTESIAN_POINT('',(-4.464313297074E1,6.387122432978E0,
-1.670377513399E2));
#4241=CARTESIAN_POINT('',(-4.465582185092E1,6.389793180804E0,
-1.670216292258E2));
#4242=CARTESIAN_POINT('',(-4.468600483822E1,6.392449914492E0,
-1.669828344213E2));
#4243=CARTESIAN_POINT('',(-4.474719459436E1,6.384296463912E0,
-1.669003932777E2));
#4244=CARTESIAN_POINT('',(-4.481594867860E1,6.360965391968E0,
-1.668020300027E2));
#4245=CARTESIAN_POINT('',(-4.489022599561E1,6.321116617523E0,
-1.666881796484E2));
#4246=CARTESIAN_POINT('',(-4.496688736745E1,6.264154130674E0,
-1.665608279399E2));
#4247=CARTESIAN_POINT('',(-4.503987723625E1,6.193258736091E0,
-1.664283496193E2));
#4248=CARTESIAN_POINT('',(-4.510629180517E1,6.113691502094E0,
-1.662963061843E2));
#4249=CARTESIAN_POINT('',(-4.516695298467E1,6.025419192320E0,
-1.661639180621E2));
#4250=CARTESIAN_POINT('',(-4.522395075133E1,5.926531061120E0,
-1.660266062944E2));
#4251=CARTESIAN_POINT('',(-4.527998491977E1,5.809836542639E0,
-1.658757883087E2));
#4252=CARTESIAN_POINT('',(-4.533623164333E1,5.666513597301E0,
-1.657020362396E2));
#4253=CARTESIAN_POINT('',(-4.538853408730E1,5.495875295058E0,
-1.655089107586E2));
#4254=CARTESIAN_POINT('',(-4.543324626045E1,5.301565322762E0,
-1.653024326130E2));
#4255=CARTESIAN_POINT('',(-4.546936927360E1,5.075993065909E0,
-1.650762999046E2));
#4256=CARTESIAN_POINT('',(-4.549377042117E1,4.818323569623E0,
-1.648319636316E2));
#4257=CARTESIAN_POINT('',(-4.550005623717E1,4.621761900389E0,
-1.646524020902E2));
#4258=CARTESIAN_POINT('',(-4.550000426718E1,4.514801729034E0,
-1.645629770021E2));
#4260=DIRECTION('',(-8.087360842432E-1,-3.028521461931E-6,5.881716977498E-1));
#4261=VECTOR('',#4260,2.726937806578E0);
#4262=CARTESIAN_POINT('',(-4.164731378895E1,6.356433379755E0,
-1.694025954071E2));
#4263=LINE('',#4262,#4261);
#4264=DIRECTION('',(3.011578613413E-10,-1.E0,-2.190194278218E-10));
#4265=VECTOR('',#4264,6.356425121165E0);
#4266=CARTESIAN_POINT('',(-4.385268679261E1,6.356425121165E0,
-1.677986877678E2));
#4267=LINE('',#4266,#4265);
#4268=CARTESIAN_POINT('',(-4.000000000058E1,6.865696731327E0,
-1.726375193056E2));
#4269=CARTESIAN_POINT('',(-4.000001133186E1,6.782089372598E0,
-1.723144557816E2));
#4270=CARTESIAN_POINT('',(-4.008033025135E1,6.643314763074E0,
-1.716841993189E2));
#4271=CARTESIAN_POINT('',(-4.037813504249E1,6.491881481917E0,
-1.708720812747E2));
#4272=CARTESIAN_POINT('',(-4.084051049686E1,6.392547111278E0,
-1.701227146109E2));
#4273=CARTESIAN_POINT('',(-4.134511370886E1,6.356143827220E0,
-1.696222967859E2));
#4274=CARTESIAN_POINT('',(-4.164731378895E1,6.356433379755E0,
-1.694025954071E2));
#4276=DIRECTION('',(9.119080208204E-8,-1.E0,-6.626980122141E-8));
#4277=VECTOR('',#4276,6.356433379755E0);
#4278=CARTESIAN_POINT('',(-4.164731378895E1,6.356433379755E0,
-1.694025954071E2));
#4279=LINE('',#4278,#4277);
#4280=DIRECTION('',(8.454238274045E-11,-9.999999999954E-1,-3.038296292574E-6));
#4281=VECTOR('',#4280,6.865696731359E0);
#4282=CARTESIAN_POINT('',(-4.000000000058E1,6.865696731327E0,
-1.726375193056E2));
#4283=LINE('',#4282,#4281);
#4284=DIRECTION('',(-1.583768614776E-9,1.E0,1.583789456305E-9));
#4285=VECTOR('',#4284,1.363705595108E0);
#4286=CARTESIAN_POINT('',(-4.E1,0.E0,-1.986006417988E2));
#4287=LINE('',#4286,#4285);
#4288=CARTESIAN_POINT('',(-4.E1,1.363705567831E0,-1.976006417988E2));
#4289=DIRECTION('',(1.E0,0.E0,0.E0));
#4290=DIRECTION('',(0.E0,1.114663916724E-13,-1.E0));
#4291=AXIS2_PLACEMENT_3D('',#4288,#4289,#4290);
#4293=DIRECTION('',(2.666675325801E-10,2.993911848882E-1,9.541304514642E-1));
#4294=VECTOR('',#4293,1.922522560055E1);
#4295=CARTESIAN_POINT('',(-4.000000000478E1,2.317836000667E0,
-1.979000330271E2));
#4296=LINE('',#4295,#4294);
#4297=CARTESIAN_POINT('',(-4.E1,2.076363407815E1,-1.835385626008E2));
#4298=DIRECTION('',(-1.E0,0.E0,0.E0));
#4299=DIRECTION('',(0.E0,-9.541304515440E-1,2.993911846338E-1));
#4300=AXIS2_PLACEMENT_3D('',#4297,#4298,#4299);
#4302=DIRECTION('',(-1.489403927475E-9,5.711809596237E-1,8.208241659231E-1));
#4303=VECTOR('',#4302,2.322496360249E-1);
#4304=CARTESIAN_POINT('',(-3.999999999965E1,9.846672683943E0,
-1.759418558204E2));
#4305=LINE('',#4304,#4303);
#4306=DIRECTION('',(-1.318171790223E-10,-7.070990736181E-1,7.071144886710E-1));
#4307=VECTOR('',#4306,4.403389339291E0);
#4308=CARTESIAN_POINT('',(-4.E1,9.979329253920E0,-1.757512197066E2));
#4309=LINE('',#4308,#4307);
#4310=DIRECTION('',(-7.071067811866E-1,-1.205480722269E-8,7.071067811865E-1));
#4311=VECTOR('',#4310,2.828427120928E0);
#4312=CARTESIAN_POINT('',(-3.800000000486E1,1.363705629204E0,
-2.006006417939E2));
#4313=LINE('',#4312,#4311);
#4314=CARTESIAN_POINT('',(-3.7E1,1.363705567831E0,-1.976006417988E2));
#4315=DIRECTION('',(1.E0,0.E0,0.E0));
#4316=DIRECTION('',(0.E0,0.E0,-1.E0));
#4317=AXIS2_PLACEMENT_3D('',#4314,#4315,#4316);
#4319=CARTESIAN_POINT('',(-3.8E1,1.363705567831E0,-1.976006417988E2));
#4320=DIRECTION('',(1.E0,0.E0,0.E0));
#4321=DIRECTION('',(0.E0,0.E0,-1.E0));
#4322=AXIS2_PLACEMENT_3D('',#4319,#4320,#4321);
#4324=DIRECTION('',(-7.071067811865E-1,1.305173555526E-8,-7.071067811865E-1));
#4325=VECTOR('',#4324,2.828427119044E0);
#4326=CARTESIAN_POINT('',(-3.499999999677E1,1.363705597363E0,
-1.986006417955E2));
#4327=LINE('',#4326,#4325);
#4328=DIRECTION('',(0.E0,7.071067794248E-1,-7.071067829483E-1));
#4329=VECTOR('',#4328,4.403407854432E0);
#4330=CARTESIAN_POINT('',(-3.5E1,6.865649707479E0,-1.726375401447E2));
#4331=LINE('',#4330,#4329);
#4332=DIRECTION('',(-1.980099779436E-9,-5.711809592210E-1,-8.208241662033E-1));
#4333=VECTOR('',#4332,2.322496442930E-1);
#4334=CARTESIAN_POINT('',(-3.5E1,9.979329253920E0,-1.757512197066E2));
#4335=LINE('',#4334,#4333);
#4336=CARTESIAN_POINT('',(-3.5E1,2.076363407815E1,-1.835385626009E2));
#4337=DIRECTION('',(-1.E0,0.E0,0.E0));
#4338=DIRECTION('',(0.E0,-9.541304515440E-1,2.993911846338E-1));
#4339=AXIS2_PLACEMENT_3D('',#4336,#4337,#4338);
#4341=DIRECTION('',(-1.222122860230E-10,2.993911847504E-1,9.541304515074E-1));
#4342=VECTOR('',#4341,1.922522559903E1);
#4343=CARTESIAN_POINT('',(-3.499999999816E1,2.317836003125E0,
-1.979000330290E2));
#4344=LINE('',#4343,#4342);
#4345=CARTESIAN_POINT('',(-3.5E1,1.363705567831E0,-1.976006417988E2));
#4346=DIRECTION('',(1.E0,0.E0,0.E0));
#4347=DIRECTION('',(0.E0,2.708944180085E-14,-1.E0));
#4348=AXIS2_PLACEMENT_3D('',#4345,#4346,#4347);
#4350=DIRECTION('',(2.365555197549E-9,1.E0,2.365576039078E-9));
#4351=VECTOR('',#4350,1.363705597363E0);
#4352=CARTESIAN_POINT('',(-3.5E1,0.E0,-1.986006417988E2));
#4353=LINE('',#4352,#4351);
#4354=CARTESIAN_POINT('',(-3.335268630119E1,6.356425147657E0,
-1.694025954724E2));
#4355=CARTESIAN_POINT('',(-3.345767749116E1,6.356423159419E0,
-1.694789521431E2));
#4356=CARTESIAN_POINT('',(-3.365498104369E1,6.360371749211E0,
-1.696381758721E2));
#4357=CARTESIAN_POINT('',(-3.391139746841E1,6.375992751571E0,
-1.698871787443E2));
#4358=CARTESIAN_POINT('',(-3.413746375260E1,6.400234343248E0,
-1.701485063958E2));
#4359=CARTESIAN_POINT('',(-3.433759276638E1,6.432748329014E0,
-1.704241366179E2));
#4360=CARTESIAN_POINT('',(-3.451509639180E1,6.473969199077E0,
-1.707181089899E2));
#4361=CARTESIAN_POINT('',(-3.467073285331E1,6.524837902537E0,
-1.710347826969E2));
#4362=CARTESIAN_POINT('',(-3.480333092553E1,6.586894781483E0,
-1.713794552361E2));
#4363=CARTESIAN_POINT('',(-3.490907640305E1,6.662231535962E0,
-1.717577794069E2));
#4364=CARTESIAN_POINT('',(-3.498110762239E1,6.753197634539E0,
-1.721736049754E2));
#4365=CARTESIAN_POINT('',(-3.499999993392E1,6.825775258482E0,
-1.724791671749E2));
#4366=CARTESIAN_POINT('',(-3.5E1,6.865649707479E0,-1.726375401447E2));
#4368=DIRECTION('',(0.E0,-1.E0,-3.044929283023E-9));
#4369=VECTOR('',#4368,6.865649707479E0);
#4370=CARTESIAN_POINT('',(-3.5E1,6.865649707479E0,-1.726375401447E2));
#4371=LINE('',#4370,#4369);
#4372=DIRECTION('',(-8.087360843023E-1,9.714683540752E-9,-5.881716976762E-1));
#4373=VECTOR('',#4372,2.726937917142E0);
#4374=CARTESIAN_POINT('',(-3.114731320795E1,6.356425121165E0,
-1.677986877682E2));
#4375=LINE('',#4374,#4373);
#4376=DIRECTION('',(-7.701004721899E-8,-1.E0,-5.600652661707E-8));
#4377=VECTOR('',#4376,6.356425147657E0);
#4378=CARTESIAN_POINT('',(-3.335268630119E1,6.356425147657E0,
-1.694025954724E2));
#4379=LINE('',#4378,#4377);
#4380=CARTESIAN_POINT('',(-2.949999999125E1,4.517180069623E0,
-1.645637351077E2));
#4381=CARTESIAN_POINT('',(-2.950002407674E1,4.606777820029E0,
-1.646468670921E2));
#4382=CARTESIAN_POINT('',(-2.950501231867E1,4.781344423177E0,
-1.648009347805E2));
#4383=CARTESIAN_POINT('',(-2.952351594140E1,5.010361790674E0,
-1.650127683577E2));
#4384=CARTESIAN_POINT('',(-2.955094783594E1,5.210887445270E0,
-1.652097509815E2));
#4385=CARTESIAN_POINT('',(-2.958539940320E1,5.386709188458E0,
-1.653923117447E2));
#4386=CARTESIAN_POINT('',(-2.962454242007E1,5.539414943021E0,
-1.655585446529E2));
#4387=CARTESIAN_POINT('',(-2.966615848824E1,5.670435211944E0,
-1.657078465791E2));
#4388=CARTESIAN_POINT('',(-2.970967372539E1,5.784243896430E0,
-1.658443252414E2));
#4389=CARTESIAN_POINT('',(-2.975590416091E1,5.886357086020E0,
-1.659736958432E2));
#4390=CARTESIAN_POINT('',(-2.980650849865E1,5.981207309289E0,
-1.661014466270E2));
#4391=CARTESIAN_POINT('',(-2.986259930254E1,6.069985088206E0,
-1.662298671827E2));
#4392=CARTESIAN_POINT('',(-2.992382904965E1,6.151330155991E0,
-1.663575276426E2));
#4393=CARTESIAN_POINT('',(-2.998918336772E1,6.223089970562E0,
-1.664822706180E2));
#4394=CARTESIAN_POINT('',(-3.005850784626E1,6.284547013519E0,
-1.666039885971E2));
#4395=CARTESIAN_POINT('',(-3.013130262556E1,6.334186082933E0,
-1.667220477801E2));
#4396=CARTESIAN_POINT('',(-3.020950435062E1,6.372164704189E0,
-1.668396496275E2));
#4397=CARTESIAN_POINT('',(-3.029302673250E1,6.392497853653E0,
-1.669555699972E2));
#4398=CARTESIAN_POINT('',(-3.033693311194E1,6.391146054989E0,
-1.670124240227E2));
#4399=CARTESIAN_POINT('',(-3.035680119547E1,6.387182397613E0,
-1.670376676982E2));
#4401=CARTESIAN_POINT('',(-3.035680119547E1,6.387182397613E0,
-1.670376676982E2));
#4402=CARTESIAN_POINT('',(-3.042127887965E1,6.374088108903E0,
-1.671195886160E2));
#4403=CARTESIAN_POINT('',(-3.055846436632E1,6.352876018509E0,
-1.672806837134E2));
#4404=CARTESIAN_POINT('',(-3.078895830080E1,6.339201641439E0,
-1.675110826650E2));
#4405=CARTESIAN_POINT('',(-3.096045174718E1,6.345008664802E0,
-1.676562608792E2));
#4406=CARTESIAN_POINT('',(-3.105048696982E1,6.352460264704E0,
-1.677260030536E2));
#4408=CARTESIAN_POINT('',(-3.105048696982E1,6.352460264704E0,
-1.677260030536E2));
#4409=CARTESIAN_POINT('',(-3.106112544364E1,6.353341502167E0,
-1.677342437053E2));
#4410=CARTESIAN_POINT('',(-3.108248351145E1,6.354810142508E0,
-1.677506160430E2));
#4411=CARTESIAN_POINT('',(-3.111475884428E1,6.356131510179E0,
-1.677748440936E2));
#4412=CARTESIAN_POINT('',(-3.113643566189E1,6.356425120919E0,
-1.677907768255E2));
#4413=CARTESIAN_POINT('',(-3.114731320795E1,6.356425121165E0,
-1.677986877682E2));
#4415=DIRECTION('',(-2.129026408291E-10,-1.E0,-1.548378777543E-10));
#4416=VECTOR('',#4415,6.356425121165E0);
#4417=CARTESIAN_POINT('',(-3.114731320795E1,6.356425121165E0,
-1.677986877682E2));
#4418=LINE('',#4417,#4416);
#4419=CARTESIAN_POINT('',(-2.949999999125E1,4.517180069623E0,
-1.645637351077E2));
#4420=CARTESIAN_POINT('',(-2.950002336642E1,4.616111382807E0,
-1.646324470509E2));
#4421=CARTESIAN_POINT('',(-2.950312832729E1,4.807829937117E0,
-1.647618335694E2));
#4422=CARTESIAN_POINT('',(-2.951479732926E1,5.067712106272E0,
-1.649401847500E2));
#4423=CARTESIAN_POINT('',(-2.953216843519E1,5.302984081370E0,
-1.651082062786E2));
#4424=CARTESIAN_POINT('',(-2.955414131213E1,5.516631088075E0,
-1.652660021017E2));
#4425=CARTESIAN_POINT('',(-2.957934750660E1,5.708808140146E0,
-1.654121538131E2));
#4426=CARTESIAN_POINT('',(-2.960645630912E1,5.881078005685E0,
-1.655460491220E2));
#4427=CARTESIAN_POINT('',(-2.963474769554E1,6.037439664301E0,
-1.656698463963E2));
#4428=CARTESIAN_POINT('',(-2.966448505666E1,6.183322891970E0,
-1.657877836902E2));
#4429=CARTESIAN_POINT('',(-2.969647995341E1,6.325010951252E0,
-1.659046478684E2));
#4430=CARTESIAN_POINT('',(-2.973159539669E1,6.466853059254E0,
-1.660240695129E2));
#4431=CARTESIAN_POINT('',(-2.977015114827E1,6.609766180480E0,
-1.661471597156E2));
#4432=CARTESIAN_POINT('',(-2.981166237142E1,6.753761157246E0,
-1.662733837015E2));
#4433=CARTESIAN_POINT('',(-2.985571154595E1,6.900108865223E0,
-1.664035263512E2));
#4434=CARTESIAN_POINT('',(-2.990210922691E1,7.051050811971E0,
-1.665397596004E2));
#4435=CARTESIAN_POINT('',(-2.995079217617E1,7.211151924261E0,
-1.666864906732E2));
#4436=CARTESIAN_POINT('',(-3.000375593384E1,7.393233244018E0,
-1.668576524559E2));
#4437=CARTESIAN_POINT('',(-3.005577452579E1,7.613498212396E0,
-1.670666626924E2));
#4438=CARTESIAN_POINT('',(-3.009091564729E1,7.801475779982E0,
-1.672657777479E2));
#4439=CARTESIAN_POINT('',(-3.009977384278E1,7.901880442283E0,
-1.673784728763E2));
#4441=CARTESIAN_POINT('',(-3.150000041500E1,8.911725906383E0,
-1.663687796113E2));
#4442=DIRECTION('',(0.E0,-7.070739647507E-1,7.071395960995E-1));
#4443=DIRECTION('',(7.001110639466E-1,-5.049216871187E-1,-5.048748241067E-1));
#4444=AXIS2_PLACEMENT_3D('',#4441,#4442,#4443);
#4446=CARTESIAN_POINT('',(-3.009977384278E1,7.901880442283E0,
-1.673784728763E2));
#4447=CARTESIAN_POINT('',(-3.014494930785E1,7.935645480928E0,
-1.674748767840E2));
#4448=CARTESIAN_POINT('',(-3.024094731580E1,8.005408082016E0,
-1.676657946345E2));
#4449=CARTESIAN_POINT('',(-3.040227919973E1,8.116857893493E0,
-1.679439926590E2));
#4450=CARTESIAN_POINT('',(-3.052227144343E1,8.197084324520E0,
-1.681234832107E2));
#4451=CARTESIAN_POINT('',(-3.058534087768E1,8.238944700092E0,
-1.682112133317E2));
#4453=CARTESIAN_POINT('',(-2.799940181294E1,6.387182429806E0,
-1.688931105470E2));
#4454=DIRECTION('',(-6.168918961201E-1,-7.163924918963E-2,-7.837807132591E-1));
#4455=DIRECTION('',(-7.857997405455E-1,-4.550146034211E-9,6.184810164901E-1));
#4456=AXIS2_PLACEMENT_3D('',#4453,#4454,#4455);
#4458=CARTESIAN_POINT('',(-2.921335513100E1,6.352460403577E0,
-1.700977000425E2));
#4459=DIRECTION('',(-7.900122750647E-1,3.739513340898E-2,-6.119495152742E-1));
#4460=DIRECTION('',(-6.123778390146E-1,-1.980521139681E-8,7.905652296198E-1));
#4461=AXIS2_PLACEMENT_3D('',#4458,#4459,#4460);
#4463=DIRECTION('',(0.E0,7.071067811865E-1,-7.071067811866E-1));
#4464=VECTOR('',#4463,2.270961117172E0);
#4465=CARTESIAN_POINT('',(-3.337198868114E1,8.752134149436E0,
-1.707510557290E2));
#4466=LINE('',#4465,#4464);
#4467=CARTESIAN_POINT('',(-3.296016037882E1,8.242909557733E0,
-1.699423196447E2));
#4468=CARTESIAN_POINT('',(-3.298647320191E1,8.242909814192E0,
-1.699614564998E2));
#4469=CARTESIAN_POINT('',(-3.303570377464E1,8.246841803174E0,
-1.700011925417E2));
#4470=CARTESIAN_POINT('',(-3.309984621111E1,8.262471588902E0,
-1.700634713721E2));
#4471=CARTESIAN_POINT('',(-3.315635267941E1,8.286700585871E0,
-1.701287959824E2));
#4472=CARTESIAN_POINT('',(-3.320638763821E1,8.319221075712E0,
-1.701977055332E2));
#4473=CARTESIAN_POINT('',(-3.325076282073E1,8.360440912738E0,
-1.702711982302E2));
#4474=CARTESIAN_POINT('',(-3.328967212806E1,8.411311631468E0,
-1.703503666270E2));
#4475=CARTESIAN_POINT('',(-3.332282142308E1,8.473371830952E0,
-1.704365354047E2));
#4476=CARTESIAN_POINT('',(-3.334925797778E1,8.548722913849E0,
-1.705311130728E2));
#4477=CARTESIAN_POINT('',(-3.336726550927E1,8.639597546516E0,
-1.706350840920E2));
#4478=CARTESIAN_POINT('',(-3.337198833199E1,8.712511095781E0,
-1.707114324214E2));
#4479=CARTESIAN_POINT('',(-3.337198868114E1,8.752134149436E0,
-1.707510557290E2));
#4481=DIRECTION('',(-8.087360843053E-1,-4.348817600700E-12,-5.881716976722E-1));
#4482=VECTOR('',#4481,2.726938526446E0);
#4483=CARTESIAN_POINT('',(-3.075478679280E1,8.242909557745E0,
-1.683384115822E2));
#4484=LINE('',#4483,#4482);
#4485=CARTESIAN_POINT('',(-3.058534087768E1,8.238944700092E0,
-1.682112133317E2));
#4486=CARTESIAN_POINT('',(-3.060395883732E1,8.239825994742E0,
-1.682256349606E2));
#4487=CARTESIAN_POINT('',(-3.064133444610E1,8.241294548125E0,
-1.682542857750E2));
#4488=CARTESIAN_POINT('',(-3.069781704502E1,8.242615957462E0,
-1.682966854381E2));
#4489=CARTESIAN_POINT('',(-3.073575044111E1,8.242909557733E0,
-1.683245669627E2));
#4490=CARTESIAN_POINT('',(-3.075478679280E1,8.242909557745E0,
-1.683384115822E2));
#4492=DIRECTION('',(1.161807833807E-9,-7.071067807640E-1,7.071067816090E-1));
#4493=VECTOR('',#4492,1.341667861624E0);
#4494=CARTESIAN_POINT('',(-3.058534087924E1,9.187647142579E0,
-1.691599157753E2));
#4495=LINE('',#4494,#4493);
#4496=DIRECTION('',(-6.334025395372E-1,2.660079132016E-1,-7.266643055923E-1));
#4497=VECTOR('',#4496,4.399489468318E0);
#4498=CARTESIAN_POINT('',(-3.058534087924E1,9.187647142579E0,
-1.691599157753E2));
#4499=LINE('',#4498,#4497);
#4500=CARTESIAN_POINT('',(-3.2E1,6.865649702834E0,-1.726375401555E2));
#4501=DIRECTION('',(0.E0,7.071067811865E-1,-7.071067811865E-1));
#4502=DIRECTION('',(-1.E0,0.E0,0.E0));
#4503=AXIS2_PLACEMENT_3D('',#4500,#4501,#4502);
#4505=CARTESIAN_POINT('',(-3.5E1,9.979329253920E0,-1.757512197066E2));
#4506=CARTESIAN_POINT('',(-3.5E1,1.040106471431E1,-1.751451584390E2));
#4507=CARTESIAN_POINT('',(-3.457850800677E1,1.068743586804E1,
-1.739956937310E2));
#4508=CARTESIAN_POINT('',(-3.383966587968E1,1.055435495982E1,
-1.728934054111E2));
#4509=CARTESIAN_POINT('',(-3.337198868114E1,1.035794615520E1,
-1.723568677348E2));
#4511=CARTESIAN_POINT('',(-2.95E1,9.440058410099E0,-1.668970144607E2));
#4512=CARTESIAN_POINT('',(-2.95E1,9.158901436503E0,-1.673010553058E2));
#4513=CARTESIAN_POINT('',(-2.978099466215E1,8.967987334022E0,
-1.680673651112E2));
#4514=CARTESIAN_POINT('',(-3.027355608022E1,9.056707939498E0,
-1.688022239911E2));
#4515=CARTESIAN_POINT('',(-3.058534087924E1,9.187647142579E0,
-1.691599157753E2));
#4517=DIRECTION('',(-6.903279831613E-1,6.903279831613E-1,-2.165514980989E-1));
#4518=VECTOR('',#4517,8.921587534214E0);
#4519=CARTESIAN_POINT('',(-2.95E1,9.841178470909E0,-1.663205788623E2));
#4520=LINE('',#4519,#4518);
#4521=DIRECTION('',(-7.071067811865E-1,5.804103337663E-1,-4.038859300066E-1));
#4522=VECTOR('',#4521,2.828427124510E0);
#4523=CARTESIAN_POINT('',(-3.500000000046E1,9.846672679314E0,
-1.759418558273E2));
#4524=LINE('',#4523,#4522);
#4525=DIRECTION('',(-6.903279831613E-1,6.903279831613E-1,-2.165514980989E-1));
#4526=VECTOR('',#4525,7.967227367509E0);
#4527=CARTESIAN_POINT('',(-2.95E1,1.05E1,-1.642203720226E2));
#4528=LINE('',#4527,#4526);
#4529=DIRECTION('',(0.E0,0.E0,1.E0));
#4530=VECTOR('',#4529,6.197302238619E-1);
#4531=CARTESIAN_POINT('',(-2.95E1,1.05E1,-1.642203720226E2));
#4532=LINE('',#4531,#4530);
#4533=DIRECTION('',(-7.071067811865E-1,7.071067811865E-1,0.E0));
#4534=VECTOR('',#4533,7.778174593052E0);
#4535=CARTESIAN_POINT('',(-2.95E1,1.05E1,-1.636006417988E2));
#4536=LINE('',#4535,#4534);
#4537=CARTESIAN_POINT('',(-3.5E1,1.6E1,-1.636006417988E2));
#4538=CARTESIAN_POINT('',(-3.5E1,1.6E1,-1.633027341476E2));
#4539=CARTESIAN_POINT('',(-3.503696087406E1,1.591076855656E1,
-1.627001142118E2));
#4540=CARTESIAN_POINT('',(-3.520645317563E1,1.550157794339E1,
-1.618580888029E2));
#4541=CARTESIAN_POINT('',(-3.547882590659E1,1.484401200229E1,
-1.611704031071E2));
#4542=CARTESIAN_POINT('',(-3.583475949956E1,1.398471229483E1,
-1.607111147671E2));
#4543=CARTESIAN_POINT('',(-3.610489573248E1,1.333254573764E1,
-1.606006417988E2));
#4544=CARTESIAN_POINT('',(-3.624264068712E1,1.3E1,-1.606006417988E2));
#4546=DIRECTION('',(-1.E0,0.E0,0.E0));
#4547=VECTOR('',#4546,2.863428683247E0);
#4548=CARTESIAN_POINT('',(-3.606828565838E1,1.6E1,-1.689694348688E2));
#4549=LINE('',#4548,#4547);
#4550=CARTESIAN_POINT('',(-3.893171434162E1,1.6E1,-1.689694348688E2));
#4551=CARTESIAN_POINT('',(-3.835146260502E1,1.6E1,-1.699853156077E2));
#4552=CARTESIAN_POINT('',(-3.8E1,1.573651996644E1,-1.709792797321E2));
#4553=CARTESIAN_POINT('',(-3.8E1,1.506828565838E1,-1.719395758652E2));
#4555=CARTESIAN_POINT('',(-3.606828565838E1,1.6E1,-1.689694348688E2));
#4556=CARTESIAN_POINT('',(-3.664853739498E1,1.6E1,-1.699853156077E2));
#4557=CARTESIAN_POINT('',(-3.7E1,1.573651996644E1,-1.709792797321E2));
#4558=CARTESIAN_POINT('',(-3.7E1,1.506828565838E1,-1.719395758652E2));
#4560=DIRECTION('',(-6.903279831613E-1,-6.903279831613E-1,2.165514980989E-1));
#4561=VECTOR('',#4560,8.921587534214E0);
#4562=CARTESIAN_POINT('',(-3.934117847091E1,1.6E1,-1.682525620082E2));
#4563=LINE('',#4562,#4561);
#4564=CARTESIAN_POINT('',(-4.162801131886E1,1.035794615520E1,
-1.723568677348E2));
#4565=CARTESIAN_POINT('',(-4.116033412032E1,1.055435495982E1,
-1.728934054111E2));
#4566=CARTESIAN_POINT('',(-4.042149199323E1,1.068743586804E1,
-1.739956937310E2));
#4567=CARTESIAN_POINT('',(-4.E1,1.040106471431E1,-1.751451584390E2));
#4568=CARTESIAN_POINT('',(-4.E1,9.979329253920E0,-1.757512197066E2));
#4570=DIRECTION('',(-7.071067811865E-1,-5.804103331605E-1,4.038859308771E-1));
#4571=VECTOR('',#4570,2.828427124569E0);
#4572=CARTESIAN_POINT('',(-3.799999999978E1,1.148832101363E1,
-1.770842177425E2));
#4573=LINE('',#4572,#4571);
#4574=DIRECTION('',(-1.E0,-1.421085471520E-14,-5.684341886081E-14));
#4575=VECTOR('',#4574,1.E0);
#4576=CARTESIAN_POINT('',(-3.7E1,1.506828565838E1,-1.719395758652E2));
#4577=LINE('',#4576,#4575);
#4578=DIRECTION('',(-3.516859207818E-11,5.711809608173E-1,8.208241650925E-1));
#4579=VECTOR('',#4578,6.267654019174E0);
#4580=CARTESIAN_POINT('',(-3.799999999978E1,1.148832101363E1,
-1.770842177425E2));
#4581=LINE('',#4580,#4579);
#4582=DIRECTION('',(-1.E0,2.949693824044E-9,4.366029318103E-9));
#4583=VECTOR('',#4582,9.999999994865E-1);
#4584=CARTESIAN_POINT('',(-3.700000000029E1,1.148832101068E1,
-1.770842177469E2));
#4585=LINE('',#4584,#4583);
#4586=DIRECTION('',(4.675352668033E-11,5.711809608078E-1,8.208241650991E-1));
#4587=VECTOR('',#4586,6.267654024442E0);
#4588=CARTESIAN_POINT('',(-3.700000000029E1,1.148832101068E1,
-1.770842177469E2));
#4589=LINE('',#4588,#4587);
#4590=CARTESIAN_POINT('',(-3.7E1,2.076363407816E1,-1.835385626009E2));
#4591=DIRECTION('',(-1.E0,0.E0,0.E0));
#4592=DIRECTION('',(0.E0,-9.541304515440E-1,2.993911846338E-1));
#4593=AXIS2_PLACEMENT_3D('',#4590,#4591,#4592);
#4595=CARTESIAN_POINT('',(-3.8E1,2.076363407816E1,-1.835385626009E2));
#4596=DIRECTION('',(-1.E0,0.E0,0.E0));
#4597=DIRECTION('',(0.E0,-9.541304515440E-1,2.993911846338E-1));
#4598=AXIS2_PLACEMENT_3D('',#4595,#4596,#4597);
#4600=DIRECTION('',(-7.071067811865E-1,6.746721125254E-1,-2.117015365568E-1));
#4601=VECTOR('',#4600,2.828427124485E0);
#4602=CARTESIAN_POINT('',(-3.500000000051E1,8.073699072311E0,
-1.795566598479E2));
#4603=LINE('',#4602,#4601);
#4604=DIRECTION('',(-7.071067811865E-1,6.746721060177E-1,-2.117015572961E-1));
#4605=VECTOR('',#4604,2.828427121494E0);
#4606=CARTESIAN_POINT('',(-3.499999999816E1,2.317836003125E0,
-1.979000330290E2));
#4607=LINE('',#4606,#4605);
#4608=DIRECTION('',(-2.322299900510E-10,2.993911848554E-1,9.541304514745E-1));
#4609=VECTOR('',#4608,1.922522566051E1);
#4610=CARTESIAN_POINT('',(-3.699999999586E1,4.226096885901E0,
-1.984988154554E2));
#4611=LINE('',#4610,#4609);
#4612=DIRECTION('',(-1.E0,4.121929466674E-10,1.654427706849E-9));
#4613=VECTOR('',#4612,9.999999994526E-1);
#4614=CARTESIAN_POINT('',(-3.700000000032E1,9.981959975511E0,
-1.801554422162E2));
#4615=LINE('',#4614,#4613);
#4616=DIRECTION('',(5.706871822005E-10,2.993911851783E-1,9.541304513732E-1));
#4617=VECTOR('',#4616,1.922522565962E1);
#4618=CARTESIAN_POINT('',(-3.800000001075E1,4.226096880370E0,
-1.984988154509E2));
#4619=LINE('',#4618,#4617);
#4620=DIRECTION('',(1.E0,5.530369857436E-9,-4.449873292427E-9));
#4621=VECTOR('',#4620,1.000000014889E0);
#4622=CARTESIAN_POINT('',(-3.800000001075E1,4.226096880370E0,
-1.984988154509E2));
#4623=LINE('',#4622,#4621);
#4624=DIRECTION('',(-7.071067811865E-1,-6.746721061700E-1,2.117015568107E-1));
#4625=VECTOR('',#4624,2.828427116301E0);
#4626=CARTESIAN_POINT('',(-3.800000001075E1,4.226096880370E0,
-1.984988154509E2));
#4627=LINE('',#4626,#4625);
#4628=DIRECTION('',(-7.071067811865E-1,-6.746721124228E-1,2.117015368837E-1));
#4629=VECTOR('',#4628,2.828427124567E0);
#4630=CARTESIAN_POINT('',(-3.799999999978E1,9.981959975923E0,
-1.801554422145E2));
#4631=LINE('',#4630,#4629);
#4632=DIRECTION('',(-6.903279831613E-1,-6.903279831613E-1,2.165514980989E-1));
#4633=VECTOR('',#4632,7.967227367509E0);
#4634=CARTESIAN_POINT('',(-4.E1,1.6E1,-1.659456870448E2));
#4635=LINE('',#4634,#4633);
#4636=DIRECTION('',(-7.071067811865E-1,-7.071067811865E-1,0.E0));
#4637=VECTOR('',#4636,7.778174593052E0);
#4638=CARTESIAN_POINT('',(-4.E1,1.6E1,-1.636006417988E2));
#4639=LINE('',#4638,#4637);
#4640=CARTESIAN_POINT('',(-4.441465912239E1,8.238944700153E0,
-1.682112133317E2));
#4641=CARTESIAN_POINT('',(-4.447770901833E1,8.197079230882E0,
-1.681234916506E2));
#4642=CARTESIAN_POINT('',(-4.459772754554E1,8.116900182055E0,
-1.679440317300E2));
#4643=CARTESIAN_POINT('',(-4.475896930831E1,8.005400487606E0,
-1.676658603781E2));
#4644=CARTESIAN_POINT('',(-4.485499033869E1,7.935609644834E0,
-1.674749577869E2));
#4645=CARTESIAN_POINT('',(-4.490017719606E1,7.901906253542E0,
-1.673786077874E2));
#4647=CARTESIAN_POINT('',(-4.513464525788E1,9.033817305709E0,
-1.681204573017E2));
#4648=CARTESIAN_POINT('',(-4.535627069700E1,9.057036888825E0,
-1.676990766001E2));
#4649=CARTESIAN_POINT('',(-4.55E1,9.167790950627E0,-1.672882804962E2));
#4650=CARTESIAN_POINT('',(-4.55E1,9.440058410099E0,-1.668970144607E2));
#4652=CARTESIAN_POINT('',(-4.35E1,8.911851505592E0,-1.663688075562E2));
#4653=DIRECTION('',(0.E0,7.071067811865E-1,-7.071067811865E-1));
#4654=DIRECTION('',(-7.000437283153E-1,-5.049449368230E-1,-5.049449368230E-1));
#4655=AXIS2_PLACEMENT_3D('',#4652,#4653,#4654);
#4657=CARTESIAN_POINT('',(-4.578664826474E1,6.352460242848E0,
-1.700976974121E2));
#4658=DIRECTION('',(-7.900118815159E-1,-3.739574336298E-2,6.119499860626E-1));
#4659=DIRECTION('',(6.123783234423E-1,3.106643535016E-9,7.905648543782E-1));
#4660=AXIS2_PLACEMENT_3D('',#4657,#4658,#4659);
#4662=CARTESIAN_POINT('',(-4.561720949596E1,6.356425121157E0,
-1.702248904859E2));
#4663=DIRECTION('',(-8.087352934196E-1,-1.662649013433E-6,5.881727851360E-1));
#4664=DIRECTION('',(5.881727851368E-1,-3.520147136745E-13,8.087352934208E-1));
#4665=AXIS2_PLACEMENT_3D('',#4662,#4663,#4664);
#4667=CARTESIAN_POINT('',(-4.341182830232E1,6.356425121165E0,
-1.718288040813E2));
#4668=DIRECTION('',(-8.087360843032E-1,0.E0,5.881716976750E-1));
#4669=DIRECTION('',(5.881716976750E-1,0.E0,8.087360843032E-1));
#4670=AXIS2_PLACEMENT_3D('',#4667,#4668,#4669);
#4672=CARTESIAN_POINT('',(-4.299999999887E1,6.865658011194E0,
-1.726375484647E2));
#4673=DIRECTION('',(5.867590942679E-6,-7.071089148406E-1,7.071046475017E-1));
#4674=DIRECTION('',(9.999999999828E-1,4.149170875027E-6,-4.148855812976E-6));
#4675=AXIS2_PLACEMENT_3D('',#4672,#4673,#4674);
#4677=DIRECTION('',(0.E0,-7.071067811866E-1,7.071067811865E-1));
#4678=VECTOR('',#4677,2.270961117172E0);
#4679=CARTESIAN_POINT('',(-4.162801131886E1,1.035794615520E1,
-1.723568677348E2));
#4680=LINE('',#4679,#4678);
#4681=DIRECTION('',(6.334025395372E-1,2.660079132016E-1,-7.266643055923E-1));
#4682=VECTOR('',#4681,2.293496340200E0);
#4683=CARTESIAN_POINT('',(-4.308071772516E1,9.747857979807E0,
-1.706902658093E2));
#4684=LINE('',#4683,#4682);
#4685=DIRECTION('',(-4.479546293064E-1,-4.479546293065E-1,7.737398142566E-1));
#4686=VECTOR('',#4685,2.977849336357E0);
#4687=CARTESIAN_POINT('',(-4.308071772516E1,9.747857979807E0,
-1.706902658093E2));
#4688=LINE('',#4687,#4686);
#4689=DIRECTION('',(6.579841410771E-9,7.071067787937E-1,-7.071067835794E-1));
#4690=VECTOR('',#4689,2.474476123034E-1);
#4691=CARTESIAN_POINT('',(-4.441465912239E1,8.238944700153E0,
-1.682112133317E2));
#4692=LINE('',#4691,#4690);
#4693=CARTESIAN_POINT('',(-4.424521320927E1,8.242909557750E0,
-1.683384115807E2));
#4694=CARTESIAN_POINT('',(-4.426424956094E1,8.242909557706E0,
-1.683245669612E2));
#4695=CARTESIAN_POINT('',(-4.430218295404E1,8.242615957483E0,
-1.682966854388E2));
#4696=CARTESIAN_POINT('',(-4.435866555414E1,8.241294548091E0,
-1.682542857748E2));
#4697=CARTESIAN_POINT('',(-4.439604116276E1,8.239825994807E0,
-1.682256349606E2));
#4698=CARTESIAN_POINT('',(-4.441465912239E1,8.238944700153E0,
-1.682112133317E2));
#4700=DIRECTION('',(-8.087360843062E-1,6.292627019692E-12,5.881716976709E-1));
#4701=VECTOR('',#4700,2.726938528997E0);
#4702=CARTESIAN_POINT('',(-4.203983962118E1,8.242909557733E0,
-1.699423196447E2));
#4703=LINE('',#4702,#4701);
#4704=CARTESIAN_POINT('',(-4.162801131886E1,8.752134149436E0,
-1.707510557290E2));
#4705=CARTESIAN_POINT('',(-4.162802273899E1,8.670580145448E0,
-1.706694934195E2));
#4706=CARTESIAN_POINT('',(-4.164812677267E1,8.528764295050E0,
-1.705130564537E2));
#4707=CARTESIAN_POINT('',(-4.172242230727E1,8.379421169780E0,
-1.703096802123E2));
#4708=CARTESIAN_POINT('',(-4.183860422256E1,8.276278971852E0,
-1.701220420760E2));
#4709=CARTESIAN_POINT('',(-4.196321128548E1,8.242921576820E0,
-1.699980613625E2));
#4710=CARTESIAN_POINT('',(-4.203983962118E1,8.242909557733E0,
-1.699423196447E2));
#4712=CARTESIAN_POINT('',(-4.513464525788E1,9.033817305709E0,
-1.681204573017E2));
#4713=CARTESIAN_POINT('',(-4.448537549420E1,9.194982264813E0,
-1.690255674264E2));
#4714=CARTESIAN_POINT('',(-4.379361213087E1,9.448466137562E0,
-1.698724053084E2));
#4715=CARTESIAN_POINT('',(-4.308071772516E1,9.747857979807E0,
-1.706902658093E2));
#4717=CARTESIAN_POINT('',(-4.441465912076E1,8.413916584209E0,
-1.683861852169E2));
#4718=CARTESIAN_POINT('',(-4.455846662273E1,8.497112562448E0,
-1.683647939210E2));
#4719=CARTESIAN_POINT('',(-4.482666166161E1,8.687429841047E0,
-1.682974750405E2));
#4720=CARTESIAN_POINT('',(-4.504254381965E1,8.914365530089E0,
-1.681857691788E2));
#4721=CARTESIAN_POINT('',(-4.513464525788E1,9.033817305709E0,
-1.681204573017E2));
#4723=CARTESIAN_POINT('',(-4.700047391127E1,6.387126793082E0,
-1.688932684431E2));
#4724=DIRECTION('',(-6.169141785957E-1,7.164410827398E-2,7.837627306764E-1));
#4725=DIRECTION('',(7.857817561282E-1,-5.191853379535E-6,6.185038655572E-1));
#4726=AXIS2_PLACEMENT_3D('',#4723,#4724,#4725);
#4728=CARTESIAN_POINT('',(-4.490017719606E1,7.901906253542E0,
-1.673786077874E2));
#4729=CARTESIAN_POINT('',(-4.490741619061E1,7.831263559221E0,
-1.672979226301E2));
#4730=CARTESIAN_POINT('',(-4.492859538080E1,7.693421353884E0,
-1.671497722509E2));
#4731=CARTESIAN_POINT('',(-4.496774576286E1,7.507945925299E0,
-1.669669003521E2));
#4732=CARTESIAN_POINT('',(-4.501244975657E1,7.337043635225E0,
-1.668042578614E2));
#4733=CARTESIAN_POINT('',(-4.506064905705E1,7.172553087245E0,
-1.666511239847E2));
#4734=CARTESIAN_POINT('',(-4.511134313573E1,7.007839284726E0,
-1.665002642489E2));
#4735=CARTESIAN_POINT('',(-4.516014463231E1,6.848313036726E0,
-1.663571207679E2));
#4736=CARTESIAN_POINT('',(-4.520587064678E1,6.695402868098E0,
-1.662211471669E2));
#4737=CARTESIAN_POINT('',(-4.524720136302E1,6.546158909107E0,
-1.660923342542E2));
#4738=CARTESIAN_POINT('',(-4.528593792096E1,6.397520830741E0,
-1.659655146876E2));
#4739=CARTESIAN_POINT('',(-4.532297552938E1,6.240562566125E0,
-1.658350292596E2));
#4740=CARTESIAN_POINT('',(-4.536015608127E1,6.066178072310E0,
-1.656922603670E2));
#4741=CARTESIAN_POINT('',(-4.539651338287E1,5.866947016006E0,
-1.655340155371E2));
#4742=CARTESIAN_POINT('',(-4.542986034269E1,5.646161769394E0,
-1.653636404974E2));
#4743=CARTESIAN_POINT('',(-4.545818226720E1,5.406959062169E0,
-1.651846806466E2));
#4744=CARTESIAN_POINT('',(-4.548094774445E1,5.140576982524E0,
-1.649918763377E2));
#4745=CARTESIAN_POINT('',(-4.549618457767E1,4.847228827947E0,
-1.647852185988E2));
#4746=CARTESIAN_POINT('',(-4.550004658558E1,4.630313720215E0,
-1.646379588056E2));
#4747=CARTESIAN_POINT('',(-4.550000426718E1,4.514801729034E0,
-1.645629770021E2));
#4749=CARTESIAN_POINT('',(-3.158817878407E1,6.356425121282E0,
-1.718288092351E2));
#4750=DIRECTION('',(-8.087309305110E-1,1.083451170620E-5,-5.881787839742E-1));
#4751=DIRECTION('',(-5.881787840088E-1,8.770317805329E-11,8.087309305585E-1));
#4752=AXIS2_PLACEMENT_3D('',#4749,#4750,#4751);
#4754=CARTESIAN_POINT('',(-2.938279811627E1,6.356425121165E0,
-1.702248960221E2));
#4755=DIRECTION('',(-8.087360843032E-1,0.E0,-5.881716976750E-1));
#4756=DIRECTION('',(-5.881716976750E-1,0.E0,8.087360843032E-1));
#4757=AXIS2_PLACEMENT_3D('',#4754,#4755,#4756);
#4759=CARTESIAN_POINT('',(-4.5E0,0.E0,-1.606006417988E2));
#4760=CARTESIAN_POINT('',(4.5E0,0.E0,-1.606006417988E2));
#4761=VERTEX_POINT('',#4759);
#4762=VERTEX_POINT('',#4760);
#4763=CARTESIAN_POINT('',(-1.E1,0.E0,-1.726375401656E2));
#4764=CARTESIAN_POINT('',(-8.352686790700E0,0.E0,-1.694025958284E2));
#4765=VERTEX_POINT('',#4763);
#4766=VERTEX_POINT('',#4764);
#4767=CARTESIAN_POINT('',(8.352686790700E0,0.E0,-1.694025958284E2));
#4768=CARTESIAN_POINT('',(1.E1,0.E0,-1.726375401656E2));
#4769=VERTEX_POINT('',#4767);
#4770=VERTEX_POINT('',#4768);
#4771=CARTESIAN_POINT('',(-4.5E0,0.E0,-1.645637434320E2));
#4772=VERTEX_POINT('',#4771);
#4773=CARTESIAN_POINT('',(4.5E0,0.E0,-1.645637434320E2));
#4774=VERTEX_POINT('',#4773);
#4775=CARTESIAN_POINT('',(-6.147313209300E0,0.E0,-1.677986877692E2));
#4776=VERTEX_POINT('',#4775);
#4777=CARTESIAN_POINT('',(6.147313209300E0,0.E0,-1.677986877692E2));
#4778=VERTEX_POINT('',#4777);
#4779=VERTEX_POINT('',#3482);
#4780=VERTEX_POINT('',#3487);
#4781=CARTESIAN_POINT('',(-1.124264068712E1,1.3E1,-1.606006417988E2));
#4782=VERTEX_POINT('',#4781);
#4783=CARTESIAN_POINT('',(-1.E1,1.6E1,-1.636006417988E2));
#4784=VERTEX_POINT('',#4783);
#4785=VERTEX_POINT('',#3080);
#4786=VERTEX_POINT('',#3085);
#4787=CARTESIAN_POINT('',(1.E1,1.6E1,-1.636006417988E2));
#4788=VERTEX_POINT('',#4787);
#4789=CARTESIAN_POINT('',(1.124264068712E1,1.3E1,-1.606006417988E2));
#4790=VERTEX_POINT('',#4789);
#4791=CARTESIAN_POINT('',(-4.5E0,9.440058410099E0,-1.668970144607E2));
#4792=CARTESIAN_POINT('',(-4.500000000398E0,8.911752071838E0,
-1.663688057963E2));
#4793=VERTEX_POINT('',#4791);
#4794=VERTEX_POINT('',#4792);
#4795=VERTEX_POINT('',#117);
#4796=VERTEX_POINT('',#122);
#4797=CARTESIAN_POINT('',(-3.624264068712E1,1.3E1,-1.606006417988E2));
#4798=VERTEX_POINT('',#4797);
#4799=CARTESIAN_POINT('',(-3.5E1,1.6E1,-1.636006417988E2));
#4800=VERTEX_POINT('',#4799);
#4801=VERTEX_POINT('',#3636);
#4802=VERTEX_POINT('',#3641);
#4803=CARTESIAN_POINT('',(-1.5E1,1.6E1,-1.636006417988E2));
#4804=VERTEX_POINT('',#4803);
#4805=CARTESIAN_POINT('',(-1.375735931288E1,1.3E1,-1.606006417988E2));
#4806=VERTEX_POINT('',#4805);
#4807=CARTESIAN_POINT('',(-2.95E1,9.440058410099E0,-1.668970144607E2));
#4808=CARTESIAN_POINT('',(-2.950000000040E1,8.911752071838E0,
-1.663688057963E2));
#4809=VERTEX_POINT('',#4807);
#4810=VERTEX_POINT('',#4808);
#4811=VERTEX_POINT('',#1392);
#4812=VERTEX_POINT('',#1397);
#4813=CARTESIAN_POINT('',(-6.124264068712E1,1.3E1,-1.606006417988E2));
#4814=VERTEX_POINT('',#4813);
#4815=CARTESIAN_POINT('',(-6.E1,1.6E1,-1.636006417988E2));
#4816=VERTEX_POINT('',#4815);
#4817=VERTEX_POINT('',#4219);
#4818=VERTEX_POINT('',#4224);
#4819=CARTESIAN_POINT('',(-4.E1,1.6E1,-1.636006417988E2));
#4820=VERTEX_POINT('',#4819);
#4821=CARTESIAN_POINT('',(-3.875735931288E1,1.3E1,-1.606006417988E2));
#4822=VERTEX_POINT('',#4821);
#4823=CARTESIAN_POINT('',(-5.45E1,9.440058410099E0,-1.668970144607E2));
#4824=CARTESIAN_POINT('',(-5.450000000040E1,8.911752071838E0,
-1.663688057963E2));
#4825=VERTEX_POINT('',#4823);
#4826=VERTEX_POINT('',#4824);
#4827=CARTESIAN_POINT('',(-2.95E1,0.E0,-1.606006417988E2));
#4828=CARTESIAN_POINT('',(-2.95E1,0.E0,-1.645637434320E2));
#4829=VERTEX_POINT('',#4827);
#4830=VERTEX_POINT('',#4828);
#4831=CARTESIAN_POINT('',(-2.05E1,0.E0,-1.606006417988E2));
#4832=CARTESIAN_POINT('',(-2.05E1,0.E0,-1.645637434320E2));
#4833=VERTEX_POINT('',#4831);
#4834=VERTEX_POINT('',#4832);
#4835=CARTESIAN_POINT('',(-3.335268679070E1,0.E0,-1.694025958284E2));
#4836=CARTESIAN_POINT('',(-3.114731320930E1,0.E0,-1.677986877692E2));
#4837=VERTEX_POINT('',#4835);
#4838=VERTEX_POINT('',#4836);
#4839=CARTESIAN_POINT('',(-1.664731320930E1,0.E0,-1.694025958284E2));
#4840=CARTESIAN_POINT('',(-1.885268679070E1,0.E0,-1.677986877692E2));
#4841=VERTEX_POINT('',#4839);
#4842=VERTEX_POINT('',#4840);
#4843=CARTESIAN_POINT('',(-3.5E1,0.E0,-1.726375401656E2));
#4844=VERTEX_POINT('',#4843);
#4845=CARTESIAN_POINT('',(-1.5E1,0.E0,-1.726375401656E2));
#4846=VERTEX_POINT('',#4845);
#4847=CARTESIAN_POINT('',(-5.45E1,0.E0,-1.606006417988E2));
#4848=CARTESIAN_POINT('',(-5.45E1,0.E0,-1.645637434320E2));
#4849=VERTEX_POINT('',#4847);
#4850=VERTEX_POINT('',#4848);
#4851=CARTESIAN_POINT('',(-4.55E1,0.E0,-1.606006417988E2));
#4852=CARTESIAN_POINT('',(-4.55E1,0.E0,-1.645637434320E2));
#4853=VERTEX_POINT('',#4851);
#4854=VERTEX_POINT('',#4852);
#4855=CARTESIAN_POINT('',(-5.835268679070E1,0.E0,-1.694025958284E2));
#4856=CARTESIAN_POINT('',(-5.614731320930E1,0.E0,-1.677986877692E2));
#4857=VERTEX_POINT('',#4855);
#4858=VERTEX_POINT('',#4856);
#4859=CARTESIAN_POINT('',(-4.164731320930E1,0.E0,-1.694025958284E2));
#4860=CARTESIAN_POINT('',(-4.385268679070E1,0.E0,-1.677986877692E2));
#4861=VERTEX_POINT('',#4859);
#4862=VERTEX_POINT('',#4860);
#4863=CARTESIAN_POINT('',(-6.E1,0.E0,-1.726375401656E2));
#4864=VERTEX_POINT('',#4863);
#4865=CARTESIAN_POINT('',(-4.E1,0.E0,-1.726375401656E2));
#4866=VERTEX_POINT('',#4865);
#4867=CARTESIAN_POINT('',(-1.200000000029E1,1.148832101068E1,
-1.770842177469E2));
#4868=CARTESIAN_POINT('',(-1.2E1,1.506828565838E1,-1.719395758652E2));
#4869=VERTEX_POINT('',#4867);
#4870=VERTEX_POINT('',#4868);
#4871=CARTESIAN_POINT('',(-1.E1,8.073699072620E0,-1.795566598452E2));
#4872=CARTESIAN_POINT('',(-1.E1,9.846672682692E0,-1.759418558216E2));
#4873=VERTEX_POINT('',#4871);
#4874=VERTEX_POINT('',#4872);
#4875=CARTESIAN_POINT('',(-1.2E1,9.981959975708E0,-1.801554422145E2));
#4876=VERTEX_POINT('',#4875);
#4877=CARTESIAN_POINT('',(-9.999999998160E0,2.317836003125E0,
-1.979000330290E2));
#4878=VERTEX_POINT('',#4877);
#4879=CARTESIAN_POINT('',(-1.199999999586E1,4.226096885901E0,
-1.984988154554E2));
#4880=VERTEX_POINT('',#4879);
#4881=CARTESIAN_POINT('',(-1.E1,1.363705567831E0,-1.986006417988E2));
#4882=VERTEX_POINT('',#4881);
#4883=CARTESIAN_POINT('',(-1.2E1,1.363705567831E0,-2.006006417988E2));
#4884=VERTEX_POINT('',#4883);
#4885=CARTESIAN_POINT('',(-1.E1,0.E0,-1.986006417988E2));
#4886=VERTEX_POINT('',#4885);
#4887=CARTESIAN_POINT('',(-1.2E1,0.E0,-2.006006417988E2));
#4888=VERTEX_POINT('',#4887);
#4889=VERTEX_POINT('',#3944);
#4890=CARTESIAN_POINT('',(-1.299999999978E1,9.981959975923E0,
-1.801554422145E2));
#4891=VERTEX_POINT('',#4890);
#4892=CARTESIAN_POINT('',(-1.299999999978E1,1.148832101363E1,
-1.770842177425E2));
#4893=VERTEX_POINT('',#4892);
#4894=CARTESIAN_POINT('',(-1.300000001075E1,4.226096880370E0,
-1.984988154509E2));
#4895=VERTEX_POINT('',#4894);
#4896=CARTESIAN_POINT('',(-1.300000000486E1,1.363705629204E0,
-2.006006417939E2));
#4897=VERTEX_POINT('',#4896);
#4898=CARTESIAN_POINT('',(1.199999999274E1,1.363705634279E0,-2.006006417915E2));
#4899=CARTESIAN_POINT('',(1.2E1,0.E0,-2.006006417988E2));
#4900=VERTEX_POINT('',#4898);
#4901=VERTEX_POINT('',#4899);
#4902=CARTESIAN_POINT('',(9.999999996774E0,1.363705597364E0,-1.986006417955E2));
#4903=CARTESIAN_POINT('',(1.E1,0.E0,-1.986006417988E2));
#4904=VERTEX_POINT('',#4902);
#4905=VERTEX_POINT('',#4903);
#4906=CARTESIAN_POINT('',(1.E1,2.317836019375E0,-1.979000329834E2));
#4907=VERTEX_POINT('',#4906);
#4908=CARTESIAN_POINT('',(1.2E1,4.226096922463E0,-1.984988153527E2));
#4909=VERTEX_POINT('',#4908);
#4910=CARTESIAN_POINT('',(1.000000000051E1,8.073699072311E0,-1.795566598479E2));
#4911=VERTEX_POINT('',#4910);
#4912=CARTESIAN_POINT('',(1.200000000032E1,9.981959975511E0,-1.801554422162E2));
#4913=VERTEX_POINT('',#4912);
#4914=CARTESIAN_POINT('',(1.E1,9.846672682692E0,-1.759418558216E2));
#4915=VERTEX_POINT('',#4914);
#4916=CARTESIAN_POINT('',(1.2E1,1.148832101284E1,-1.770842177433E2));
#4917=VERTEX_POINT('',#4916);
#4918=CARTESIAN_POINT('',(1.299999999968E1,9.981959975511E0,-1.801554422162E2));
#4919=VERTEX_POINT('',#4918);
#4920=CARTESIAN_POINT('',(1.299999999971E1,1.148832101068E1,-1.770842177469E2));
#4921=VERTEX_POINT('',#4920);
#4922=CARTESIAN_POINT('',(1.300000000414E1,4.226096885901E0,-1.984988154554E2));
#4923=VERTEX_POINT('',#4922);
#4924=CARTESIAN_POINT('',(1.300000000726E1,1.363705634279E0,-2.006006417915E2));
#4925=VERTEX_POINT('',#4924);
#4926=VERTEX_POINT('',#3551);
#4927=VERTEX_POINT('',#3921);
#4928=VERTEX_POINT('',#3924);
#4929=VERTEX_POINT('',#4087);
#4930=VERTEX_POINT('',#4090);
#4931=VERTEX_POINT('',#4140);
#4932=CARTESIAN_POINT('',(4.499983236971E0,8.911816686214E0,-1.663688532323E2));
#4933=VERTEX_POINT('',#4932);
#4934=CARTESIAN_POINT('',(5.585340879240E0,8.413916584209E0,-1.683861852169E2));
#4935=VERTEX_POINT('',#4934);
#4936=VERTEX_POINT('',#585);
#4937=VERTEX_POINT('',#588);
#4938=CARTESIAN_POINT('',(-4.5E0,9.841178470909E0,-1.663205788623E2));
#4939=VERTEX_POINT('',#4938);
#4940=VERTEX_POINT('',#3492);
#4941=VERTEX_POINT('',#3071);
#4942=VERTEX_POINT('',#3074);
#4943=CARTESIAN_POINT('',(1.065882152909E1,1.6E1,-1.682525620082E2));
#4944=VERTEX_POINT('',#4943);
#4945=VERTEX_POINT('',#546);
#4946=CARTESIAN_POINT('',(-8.371988681140E0,8.752134149436E0,
-1.707510557290E2));
#4947=CARTESIAN_POINT('',(-8.371988681140E0,1.035794615520E1,
-1.723568677348E2));
#4948=VERTEX_POINT('',#4946);
#4949=VERTEX_POINT('',#4947);
#4950=CARTESIAN_POINT('',(-1.E1,6.865649707479E0,-1.726375401447E2));
#4951=CARTESIAN_POINT('',(-1.E1,9.979329253920E0,-1.757512197066E2));
#4952=VERTEX_POINT('',#4950);
#4953=VERTEX_POINT('',#4951);
#4954=VERTEX_POINT('',#3381);
#4955=VERTEX_POINT('',#3343);
#4956=CARTESIAN_POINT('',(-6.147313207947E0,6.356425121165E0,
-1.677986877682E2));
#4957=VERTEX_POINT('',#4956);
#4958=CARTESIAN_POINT('',(-5.754786792796E0,8.242909557745E0,
-1.683384115822E2));
#4959=VERTEX_POINT('',#4958);
#4960=VERTEX_POINT('',#3421);
#4961=VERTEX_POINT('',#3361);
#4962=VERTEX_POINT('',#3458);
#4963=VERTEX_POINT('',#3534);
#4964=VERTEX_POINT('',#3502);
#4965=CARTESIAN_POINT('',(8.371988681140E0,1.035794615520E1,-1.723568677348E2));
#4966=CARTESIAN_POINT('',(8.371988681140E0,8.752134149436E0,-1.707510557290E2));
#4967=VERTEX_POINT('',#4965);
#4968=VERTEX_POINT('',#4966);
#4969=CARTESIAN_POINT('',(1.E1,9.979329253920E0,-1.757512197066E2));
#4970=CARTESIAN_POINT('',(9.999999999420E0,6.865696731327E0,-1.726375193056E2));
#4971=VERTEX_POINT('',#4969);
#4972=VERTEX_POINT('',#4970);
#4973=VERTEX_POINT('',#4159);
#4974=VERTEX_POINT('',#4135);
#4975=CARTESIAN_POINT('',(6.147313207386E0,6.356425121165E0,-1.677986877678E2));
#4976=VERTEX_POINT('',#4975);
#4977=CARTESIAN_POINT('',(5.754786790730E0,8.242909557750E0,-1.683384115807E2));
#4978=VERTEX_POINT('',#4977);
#4979=VERTEX_POINT('',#3122);
#4980=VERTEX_POINT('',#4123);
#4981=VERTEX_POINT('',#3129);
#4982=VERTEX_POINT('',#4085);
#4983=VERTEX_POINT('',#3149);
#4984=CARTESIAN_POINT('',(-3.700000000029E1,1.148832101068E1,
-1.770842177469E2));
#4985=CARTESIAN_POINT('',(-3.7E1,1.506828565838E1,-1.719395758652E2));
#4986=VERTEX_POINT('',#4984);
#4987=VERTEX_POINT('',#4985);
#4988=CARTESIAN_POINT('',(-3.5E1,8.073699072620E0,-1.795566598452E2));
#4989=CARTESIAN_POINT('',(-3.5E1,9.846672682692E0,-1.759418558216E2));
#4990=VERTEX_POINT('',#4988);
#4991=VERTEX_POINT('',#4989);
#4992=CARTESIAN_POINT('',(-3.7E1,9.981959975708E0,-1.801554422145E2));
#4993=VERTEX_POINT('',#4992);
#4994=CARTESIAN_POINT('',(-3.499999999816E1,2.317836003125E0,
-1.979000330290E2));
#4995=VERTEX_POINT('',#4994);
#4996=CARTESIAN_POINT('',(-3.699999999586E1,4.226096885901E0,
-1.984988154554E2));
#4997=VERTEX_POINT('',#4996);
#4998=CARTESIAN_POINT('',(-3.5E1,1.363705567831E0,-1.986006417988E2));
#4999=VERTEX_POINT('',#4998);
#5000=CARTESIAN_POINT('',(-3.7E1,1.363705567831E0,-2.006006417988E2));
#5001=VERTEX_POINT('',#5000);
#5002=VERTEX_POINT('',#4555);
#5003=CARTESIAN_POINT('',(-3.799999999978E1,9.981959975923E0,
-1.801554422145E2));
#5004=VERTEX_POINT('',#5003);
#5005=CARTESIAN_POINT('',(-3.799999999978E1,1.148832101363E1,
-1.770842177425E2));
#5006=VERTEX_POINT('',#5005);
#5007=CARTESIAN_POINT('',(-3.800000001075E1,4.226096880370E0,
-1.984988154509E2));
#5008=VERTEX_POINT('',#5007);
#5009=CARTESIAN_POINT('',(-3.800000000486E1,1.363705629204E0,
-2.006006417939E2));
#5010=VERTEX_POINT('',#5009);
#5011=VERTEX_POINT('',#4515);
#5012=VERTEX_POINT('',#4016);
#5013=VERTEX_POINT('',#4019);
#5014=VERTEX_POINT('',#4001);
#5015=CARTESIAN_POINT('',(-2.050001676303E1,8.911816686214E0,
-1.663688532323E2));
#5016=VERTEX_POINT('',#5015);
#5017=CARTESIAN_POINT('',(-1.941465912076E1,8.413916584209E0,
-1.683861852169E2));
#5018=VERTEX_POINT('',#5017);
#5019=VERTEX_POINT('',#611);
#5020=VERTEX_POINT('',#614);
#5021=CARTESIAN_POINT('',(-2.95E1,9.841178470909E0,-1.663205788623E2));
#5022=VERTEX_POINT('',#5021);
#5023=VERTEX_POINT('',#127);
#5024=VERTEX_POINT('',#3627);
#5025=VERTEX_POINT('',#3630);
#5026=CARTESIAN_POINT('',(-1.434117847091E1,1.6E1,-1.682525620082E2));
#5027=VERTEX_POINT('',#5026);
#5028=VERTEX_POINT('',#575);
#5029=CARTESIAN_POINT('',(-1.393171434162E1,1.6E1,-1.689694348688E2));
#5030=VERTEX_POINT('',#5029);
#5031=CARTESIAN_POINT('',(-3.337198868114E1,8.752134149436E0,
-1.707510557290E2));
#5032=CARTESIAN_POINT('',(-3.337198868114E1,1.035794615520E1,
-1.723568677348E2));
#5033=VERTEX_POINT('',#5031);
#5034=VERTEX_POINT('',#5032);
#5035=CARTESIAN_POINT('',(-3.5E1,6.865649707479E0,-1.726375401447E2));
#5036=CARTESIAN_POINT('',(-3.5E1,9.979329253920E0,-1.757512197066E2));
#5037=VERTEX_POINT('',#5035);
#5038=VERTEX_POINT('',#5036);
#5039=VERTEX_POINT('',#4354);
#5040=VERTEX_POINT('',#4467);
#5041=CARTESIAN_POINT('',(-3.114731320795E1,6.356425121165E0,
-1.677986877682E2));
#5042=VERTEX_POINT('',#5041);
#5043=CARTESIAN_POINT('',(-3.075478679280E1,8.242909557745E0,
-1.683384115822E2));
#5044=VERTEX_POINT('',#5043);
#5045=VERTEX_POINT('',#4408);
#5046=VERTEX_POINT('',#4485);
#5047=VERTEX_POINT('',#4401);
#5048=VERTEX_POINT('',#4446);
#5049=VERTEX_POINT('',#4419);
#5050=CARTESIAN_POINT('',(-1.662801131886E1,1.035794615520E1,
-1.723568677348E2));
#5051=CARTESIAN_POINT('',(-1.662801131886E1,8.752134149436E0,
-1.707510557290E2));
#5052=VERTEX_POINT('',#5050);
#5053=VERTEX_POINT('',#5051);
#5054=VERTEX_POINT('',#3996);
#5055=CARTESIAN_POINT('',(-1.664731378895E1,6.356433379755E0,
-1.694025954071E2));
#5056=CARTESIAN_POINT('',(-1.885268679261E1,6.356425121165E0,
-1.677986877678E2));
#5057=VERTEX_POINT('',#5055);
#5058=VERTEX_POINT('',#5056);
#5059=CARTESIAN_POINT('',(-1.924521320927E1,8.242909557750E0,
-1.683384115807E2));
#5060=VERTEX_POINT('',#5059);
#5061=VERTEX_POINT('',#3648);
#5062=VERTEX_POINT('',#3984);
#5063=VERTEX_POINT('',#3655);
#5064=VERTEX_POINT('',#4014);
#5065=VERTEX_POINT('',#3675);
#5066=CARTESIAN_POINT('',(-6.200000000029E1,1.148832101068E1,
-1.770842177469E2));
#5067=CARTESIAN_POINT('',(-6.2E1,1.506828565838E1,-1.719395758652E2));
#5068=VERTEX_POINT('',#5066);
#5069=VERTEX_POINT('',#5067);
#5070=CARTESIAN_POINT('',(-6.E1,8.073699072620E0,-1.795566598452E2));
#5071=CARTESIAN_POINT('',(-6.E1,9.846672682692E0,-1.759418558216E2));
#5072=VERTEX_POINT('',#5070);
#5073=VERTEX_POINT('',#5071);
#5074=CARTESIAN_POINT('',(-6.2E1,9.981959975708E0,-1.801554422145E2));
#5075=VERTEX_POINT('',#5074);
#5076=CARTESIAN_POINT('',(-5.999999999816E1,2.317836003125E0,
-1.979000330290E2));
#5077=VERTEX_POINT('',#5076);
#5078=CARTESIAN_POINT('',(-6.199999999586E1,4.226096885901E0,
-1.984988154554E2));
#5079=VERTEX_POINT('',#5078);
#5080=CARTESIAN_POINT('',(-6.E1,1.363705567831E0,-1.986006417988E2));
#5081=VERTEX_POINT('',#5080);
#5082=CARTESIAN_POINT('',(-6.2E1,1.363705567831E0,-2.006006417988E2));
#5083=VERTEX_POINT('',#5082);
#5084=VERTEX_POINT('',#435);
#5085=VERTEX_POINT('',#1451);
#5086=VERTEX_POINT('',#4647);
#5087=VERTEX_POINT('',#4650);
#5088=VERTEX_POINT('',#4715);
#5089=CARTESIAN_POINT('',(-4.550001676303E1,8.911816686214E0,
-1.663688532323E2));
#5090=VERTEX_POINT('',#5089);
#5091=CARTESIAN_POINT('',(-4.441465912076E1,8.413916584209E0,
-1.683861852169E2));
#5092=VERTEX_POINT('',#5091);
#5093=VERTEX_POINT('',#534);
#5094=VERTEX_POINT('',#537);
#5095=CARTESIAN_POINT('',(-5.45E1,9.841178470909E0,-1.663205788623E2));
#5096=VERTEX_POINT('',#5095);
#5097=VERTEX_POINT('',#1402);
#5098=VERTEX_POINT('',#4210);
#5099=VERTEX_POINT('',#4213);
#5100=CARTESIAN_POINT('',(-3.934117847091E1,1.6E1,-1.682525620082E2));
#5101=VERTEX_POINT('',#5100);
#5102=VERTEX_POINT('',#601);
#5103=CARTESIAN_POINT('',(-3.893171434162E1,1.6E1,-1.689694348688E2));
#5104=VERTEX_POINT('',#5103);
#5105=CARTESIAN_POINT('',(-5.837198868114E1,8.752134149436E0,
-1.707510557290E2));
#5106=CARTESIAN_POINT('',(-5.837198868114E1,1.035794615520E1,
-1.723568677348E2));
#5107=VERTEX_POINT('',#5105);
#5108=VERTEX_POINT('',#5106);
#5109=CARTESIAN_POINT('',(-6.E1,6.865649707479E0,-1.726375401447E2));
#5110=CARTESIAN_POINT('',(-6.E1,9.979329253920E0,-1.757512197066E2));
#5111=VERTEX_POINT('',#5109);
#5112=VERTEX_POINT('',#5110);
#5113=VERTEX_POINT('',#1487);
#5114=VERTEX_POINT('',#1600);
#5115=CARTESIAN_POINT('',(-5.614731320795E1,6.356425121165E0,
-1.677986877682E2));
#5116=VERTEX_POINT('',#5115);
#5117=CARTESIAN_POINT('',(-5.575478679280E1,8.242909557745E0,
-1.683384115822E2));
#5118=VERTEX_POINT('',#5117);
#5119=VERTEX_POINT('',#1541);
#5120=VERTEX_POINT('',#1618);
#5121=VERTEX_POINT('',#1534);
#5122=VERTEX_POINT('',#1579);
#5123=VERTEX_POINT('',#1552);
#5124=CARTESIAN_POINT('',(-4.162801131886E1,1.035794615520E1,
-1.723568677348E2));
#5125=CARTESIAN_POINT('',(-4.162801131886E1,8.752134149436E0,
-1.707510557290E2));
#5126=VERTEX_POINT('',#5124);
#5127=VERTEX_POINT('',#5125);
#5128=VERTEX_POINT('',#4710);
#5129=CARTESIAN_POINT('',(-4.164731378895E1,6.356433379755E0,
-1.694025954071E2));
#5130=CARTESIAN_POINT('',(-4.385268679261E1,6.356425121165E0,
-1.677986877678E2));
#5131=VERTEX_POINT('',#5129);
#5132=VERTEX_POINT('',#5130);
#5133=CARTESIAN_POINT('',(-4.424521320927E1,8.242909557750E0,
-1.683384115807E2));
#5134=VERTEX_POINT('',#5133);
#5135=VERTEX_POINT('',#4231);
#5136=VERTEX_POINT('',#4698);
#5137=VERTEX_POINT('',#4238);
#5138=VERTEX_POINT('',#4645);
#5139=VERTEX_POINT('',#4258);
#5140=CARTESIAN_POINT('',(-3.5E1,0.E0,-1.986006417988E2));
#5141=VERTEX_POINT('',#5140);
#5142=CARTESIAN_POINT('',(-3.7E1,0.E0,-2.006006417988E2));
#5143=VERTEX_POINT('',#5142);
#5144=CARTESIAN_POINT('',(-1.500000000058E1,6.865696731327E0,
-1.726375193056E2));
#5145=VERTEX_POINT('',#5144);
#5146=CARTESIAN_POINT('',(-1.5E1,9.979329253920E0,-1.757512197066E2));
#5147=VERTEX_POINT('',#5146);
#5148=CARTESIAN_POINT('',(-1.3E1,1.506828565838E1,-1.719395758652E2));
#5149=VERTEX_POINT('',#5148);
#5150=CARTESIAN_POINT('',(-6.E1,0.E0,-1.986006417988E2));
#5151=VERTEX_POINT('',#5150);
#5152=CARTESIAN_POINT('',(-6.2E1,0.E0,-2.006006417988E2));
#5153=VERTEX_POINT('',#5152);
#5154=CARTESIAN_POINT('',(-4.000000000058E1,6.865696731327E0,
-1.726375193056E2));
#5155=VERTEX_POINT('',#5154);
#5156=CARTESIAN_POINT('',(-4.E1,9.979329253920E0,-1.757512197066E2));
#5157=VERTEX_POINT('',#5156);
#5158=CARTESIAN_POINT('',(-3.8E1,1.506828565838E1,-1.719395758652E2));
#5159=VERTEX_POINT('',#5158);
#5160=CARTESIAN_POINT('',(-4.E1,0.E0,-1.986006417988E2));
#5161=VERTEX_POINT('',#5160);
#5162=CARTESIAN_POINT('',(-1.5E1,8.073699072620E0,-1.795566598452E2));
#5163=CARTESIAN_POINT('',(-1.5E1,9.846672682693E0,-1.759418558216E2));
#5164=VERTEX_POINT('',#5162);
#5165=VERTEX_POINT('',#5163);
#5166=CARTESIAN_POINT('',(-1.500000000478E1,2.317836000667E0,
-1.979000330271E2));
#5167=VERTEX_POINT('',#5166);
#5168=CARTESIAN_POINT('',(-1.5E1,1.363705567831E0,-1.986006417988E2));
#5169=VERTEX_POINT('',#5168);
#5170=CARTESIAN_POINT('',(-1.3E1,0.E0,-2.006006417988E2));
#5171=VERTEX_POINT('',#5170);
#5172=CARTESIAN_POINT('',(-1.5E1,0.E0,-1.986006417988E2));
#5173=VERTEX_POINT('',#5172);
#5174=CARTESIAN_POINT('',(1.5E1,1.4E1,-1.636006417988E2));
#5175=CARTESIAN_POINT('',(1.5E1,1.3E1,-1.626006417988E2));
#5176=VERTEX_POINT('',#5174);
#5177=VERTEX_POINT('',#5175);
#5178=CARTESIAN_POINT('',(1.3E1,1.6E1,-1.636006417988E2));
#5179=CARTESIAN_POINT('',(1.3E1,1.3E1,-1.606006417988E2));
#5180=VERTEX_POINT('',#5178);
#5181=VERTEX_POINT('',#5179);
#5182=CARTESIAN_POINT('',(1.500000000022E1,1.399999999978E1,-1.689694348690E2));
#5183=VERTEX_POINT('',#5182);
#5184=CARTESIAN_POINT('',(1.300000000027E1,1.599999999973E1,-1.689694348691E2));
#5185=VERTEX_POINT('',#5184);
#5186=CARTESIAN_POINT('',(1.5E1,1.342663732823E1,-1.707972139435E2));
#5187=VERTEX_POINT('',#5186);
#5188=CARTESIAN_POINT('',(1.3E1,1.506828565838E1,-1.719395758652E2));
#5189=VERTEX_POINT('',#5188);
#5190=CARTESIAN_POINT('',(1.499999999954E1,9.846672679314E0,-1.759418558273E2));
#5191=VERTEX_POINT('',#5190);
#5192=CARTESIAN_POINT('',(1.5E1,8.073699072620E0,-1.795566598452E2));
#5193=VERTEX_POINT('',#5192);
#5194=CARTESIAN_POINT('',(1.500000000184E1,2.317836003125E0,-1.979000330290E2));
#5195=VERTEX_POINT('',#5194);
#5196=CARTESIAN_POINT('',(1.5E1,1.363705567831E0,-1.986006417988E2));
#5197=VERTEX_POINT('',#5196);
#5198=CARTESIAN_POINT('',(-4.E1,8.073699072620E0,-1.795566598452E2));
#5199=CARTESIAN_POINT('',(-4.E1,9.846672682693E0,-1.759418558216E2));
#5200=VERTEX_POINT('',#5198);
#5201=VERTEX_POINT('',#5199);
#5202=CARTESIAN_POINT('',(-4.000000000478E1,2.317836000667E0,
-1.979000330271E2));
#5203=VERTEX_POINT('',#5202);
#5204=CARTESIAN_POINT('',(-4.E1,1.363705567831E0,-1.986006417988E2));
#5205=VERTEX_POINT('',#5204);
#5206=CARTESIAN_POINT('',(-3.8E1,0.E0,-2.006006417988E2));
#5207=VERTEX_POINT('',#5206);
#5208=CARTESIAN_POINT('',(1.3E1,-3.E0,-2.006006417988E2));
#5209=CARTESIAN_POINT('',(1.5E1,-3.E0,-1.986006417988E2));
#5210=VERTEX_POINT('',#5208);
#5211=VERTEX_POINT('',#5209);
#5212=CARTESIAN_POINT('',(1.5E1,-3.E0,-1.626006417988E2));
#5213=CARTESIAN_POINT('',(1.3E1,-3.E0,-1.606006417988E2));
#5214=VERTEX_POINT('',#5212);
#5215=VERTEX_POINT('',#5213);
#5216=CARTESIAN_POINT('',(-1.205E2,0.E0,-1.606006417988E2));
#5217=CARTESIAN_POINT('',(-1.295E2,0.E0,-1.606006417988E2));
#5218=VERTEX_POINT('',#5216);
#5219=VERTEX_POINT('',#5217);
#5220=CARTESIAN_POINT('',(-1.15E2,0.E0,-1.726375401656E2));
#5221=CARTESIAN_POINT('',(-1.166473132093E2,0.E0,-1.694025958284E2));
#5222=VERTEX_POINT('',#5220);
#5223=VERTEX_POINT('',#5221);
#5224=CARTESIAN_POINT('',(-1.333526867907E2,0.E0,-1.694025958284E2));
#5225=CARTESIAN_POINT('',(-1.35E2,0.E0,-1.726375401656E2));
#5226=VERTEX_POINT('',#5224);
#5227=VERTEX_POINT('',#5225);
#5228=CARTESIAN_POINT('',(-1.205E2,0.E0,-1.645637434320E2));
#5229=VERTEX_POINT('',#5228);
#5230=CARTESIAN_POINT('',(-1.295E2,0.E0,-1.645637434320E2));
#5231=VERTEX_POINT('',#5230);
#5232=CARTESIAN_POINT('',(-1.188526867907E2,0.E0,-1.677986877692E2));
#5233=VERTEX_POINT('',#5232);
#5234=CARTESIAN_POINT('',(-1.311473132093E2,0.E0,-1.677986877692E2));
#5235=VERTEX_POINT('',#5234);
#5236=VERTEX_POINT('',#2483);
#5237=VERTEX_POINT('',#2488);
#5238=CARTESIAN_POINT('',(-1.137573593129E2,1.3E1,-1.606006417988E2));
#5239=VERTEX_POINT('',#5238);
#5240=CARTESIAN_POINT('',(-1.15E2,1.6E1,-1.636006417988E2));
#5241=VERTEX_POINT('',#5240);
#5242=VERTEX_POINT('',#640);
#5243=VERTEX_POINT('',#645);
#5244=CARTESIAN_POINT('',(-1.35E2,1.6E1,-1.636006417988E2));
#5245=VERTEX_POINT('',#5244);
#5246=CARTESIAN_POINT('',(-1.362426406871E2,1.3E1,-1.606006417988E2));
#5247=VERTEX_POINT('',#5246);
#5248=CARTESIAN_POINT('',(-1.205E2,9.440058410099E0,-1.668970144607E2));
#5249=CARTESIAN_POINT('',(-1.204999999996E2,8.911752071838E0,
-1.663688057963E2));
#5250=VERTEX_POINT('',#5248);
#5251=VERTEX_POINT('',#5249);
#5252=VERTEX_POINT('',#1856);
#5253=VERTEX_POINT('',#1861);
#5254=CARTESIAN_POINT('',(-8.875735931288E1,1.3E1,-1.606006417988E2));
#5255=VERTEX_POINT('',#5254);
#5256=CARTESIAN_POINT('',(-9.E1,1.6E1,-1.636006417988E2));
#5257=VERTEX_POINT('',#5256);
#5258=VERTEX_POINT('',#2387);
#5259=VERTEX_POINT('',#2392);
#5260=CARTESIAN_POINT('',(-1.1E2,1.6E1,-1.636006417988E2));
#5261=VERTEX_POINT('',#5260);
#5262=CARTESIAN_POINT('',(-1.112426406871E2,1.3E1,-1.606006417988E2));
#5263=VERTEX_POINT('',#5262);
#5264=CARTESIAN_POINT('',(-9.55E1,9.440058410099E0,-1.668970144607E2));
#5265=CARTESIAN_POINT('',(-9.549999999960E1,8.911752071838E0,
-1.663688057963E2));
#5266=VERTEX_POINT('',#5264);
#5267=VERTEX_POINT('',#5265);
#5268=VERTEX_POINT('',#1224);
#5269=VERTEX_POINT('',#1229);
#5270=CARTESIAN_POINT('',(-6.375735931288E1,1.3E1,-1.606006417988E2));
#5271=VERTEX_POINT('',#5270);
#5272=CARTESIAN_POINT('',(-6.5E1,1.6E1,-1.636006417988E2));
#5273=VERTEX_POINT('',#5272);
#5274=VERTEX_POINT('',#1756);
#5275=VERTEX_POINT('',#1761);
#5276=CARTESIAN_POINT('',(-8.5E1,1.6E1,-1.636006417988E2));
#5277=VERTEX_POINT('',#5276);
#5278=CARTESIAN_POINT('',(-8.624264068712E1,1.3E1,-1.606006417988E2));
#5279=VERTEX_POINT('',#5278);
#5280=CARTESIAN_POINT('',(-7.05E1,9.440058410099E0,-1.668970144607E2));
#5281=CARTESIAN_POINT('',(-7.049999999960E1,8.911752071838E0,
-1.663688057963E2));
#5282=VERTEX_POINT('',#5280);
#5283=VERTEX_POINT('',#5281);
#5284=CARTESIAN_POINT('',(-9.55E1,0.E0,-1.606006417988E2));
#5285=CARTESIAN_POINT('',(-9.55E1,0.E0,-1.645637434320E2));
#5286=VERTEX_POINT('',#5284);
#5287=VERTEX_POINT('',#5285);
#5288=CARTESIAN_POINT('',(-1.045E2,0.E0,-1.606006417988E2));
#5289=CARTESIAN_POINT('',(-1.045E2,0.E0,-1.645637434320E2));
#5290=VERTEX_POINT('',#5288);
#5291=VERTEX_POINT('',#5289);
#5292=CARTESIAN_POINT('',(-9.164731320930E1,0.E0,-1.694025958284E2));
#5293=CARTESIAN_POINT('',(-9.385268679070E1,0.E0,-1.677986877692E2));
#5294=VERTEX_POINT('',#5292);
#5295=VERTEX_POINT('',#5293);
#5296=CARTESIAN_POINT('',(-1.083526867907E2,0.E0,-1.694025958284E2));
#5297=CARTESIAN_POINT('',(-1.061473132093E2,0.E0,-1.677986877692E2));
#5298=VERTEX_POINT('',#5296);
#5299=VERTEX_POINT('',#5297);
#5300=CARTESIAN_POINT('',(-9.E1,0.E0,-1.726375401656E2));
#5301=VERTEX_POINT('',#5300);
#5302=CARTESIAN_POINT('',(-1.1E2,0.E0,-1.726375401656E2));
#5303=VERTEX_POINT('',#5302);
#5304=CARTESIAN_POINT('',(-7.05E1,0.E0,-1.606006417988E2));
#5305=CARTESIAN_POINT('',(-7.05E1,0.E0,-1.645637434320E2));
#5306=VERTEX_POINT('',#5304);
#5307=VERTEX_POINT('',#5305);
#5308=CARTESIAN_POINT('',(-7.95E1,0.E0,-1.606006417988E2));
#5309=CARTESIAN_POINT('',(-7.95E1,0.E0,-1.645637434320E2));
#5310=VERTEX_POINT('',#5308);
#5311=VERTEX_POINT('',#5309);
#5312=CARTESIAN_POINT('',(-6.664731320930E1,0.E0,-1.694025958284E2));
#5313=CARTESIAN_POINT('',(-6.885268679070E1,0.E0,-1.677986877692E2));
#5314=VERTEX_POINT('',#5312);
#5315=VERTEX_POINT('',#5313);
#5316=CARTESIAN_POINT('',(-8.335268679070E1,0.E0,-1.694025958284E2));
#5317=CARTESIAN_POINT('',(-8.114731320930E1,0.E0,-1.677986877692E2));
#5318=VERTEX_POINT('',#5316);
#5319=VERTEX_POINT('',#5317);
#5320=CARTESIAN_POINT('',(-6.5E1,0.E0,-1.726375401656E2));
#5321=VERTEX_POINT('',#5320);
#5322=CARTESIAN_POINT('',(-8.5E1,0.E0,-1.726375401656E2));
#5323=VERTEX_POINT('',#5322);
#5324=CARTESIAN_POINT('',(-1.129999999997E2,1.148832101068E1,
-1.770842177469E2));
#5325=CARTESIAN_POINT('',(-1.13E2,1.506828565838E1,-1.719395758652E2));
#5326=VERTEX_POINT('',#5324);
#5327=VERTEX_POINT('',#5325);
#5328=CARTESIAN_POINT('',(-1.15E2,8.073699072620E0,-1.795566598452E2));
#5329=CARTESIAN_POINT('',(-1.15E2,9.846672682692E0,-1.759418558216E2));
#5330=VERTEX_POINT('',#5328);
#5331=VERTEX_POINT('',#5329);
#5332=CARTESIAN_POINT('',(-1.13E2,9.981959975708E0,-1.801554422145E2));
#5333=VERTEX_POINT('',#5332);
#5334=CARTESIAN_POINT('',(-1.150000000018E2,2.317836003125E0,
-1.979000330290E2));
#5335=VERTEX_POINT('',#5334);
#5336=CARTESIAN_POINT('',(-1.130000000041E2,4.226096885901E0,
-1.984988154554E2));
#5337=VERTEX_POINT('',#5336);
#5338=CARTESIAN_POINT('',(-1.15E2,1.363705567831E0,-1.986006417988E2));
#5339=VERTEX_POINT('',#5338);
#5340=CARTESIAN_POINT('',(-1.13E2,1.363705567831E0,-2.006006417988E2));
#5341=VERTEX_POINT('',#5340);
#5342=CARTESIAN_POINT('',(-1.15E2,0.E0,-1.986006417988E2));
#5343=VERTEX_POINT('',#5342);
#5344=CARTESIAN_POINT('',(-1.13E2,0.E0,-2.006006417988E2));
#5345=VERTEX_POINT('',#5344);
#5346=VERTEX_POINT('',#846);
#5347=CARTESIAN_POINT('',(-1.120000000002E2,9.981959975923E0,
-1.801554422145E2));
#5348=VERTEX_POINT('',#5347);
#5349=CARTESIAN_POINT('',(-1.120000000002E2,1.148832101363E1,
-1.770842177425E2));
#5350=VERTEX_POINT('',#5349);
#5351=CARTESIAN_POINT('',(-1.119999999893E2,4.226096880370E0,
-1.984988154509E2));
#5352=VERTEX_POINT('',#5351);
#5353=CARTESIAN_POINT('',(-1.119999999951E2,1.363705629204E0,
-2.006006417939E2));
#5354=VERTEX_POINT('',#5353);
#5355=CARTESIAN_POINT('',(-1.369999999927E2,1.363705634279E0,
-2.006006417915E2));
#5356=CARTESIAN_POINT('',(-1.37E2,0.E0,-2.006006417988E2));
#5357=VERTEX_POINT('',#5355);
#5358=VERTEX_POINT('',#5356);
#5359=CARTESIAN_POINT('',(-1.349999999968E2,1.363705597364E0,
-1.986006417955E2));
#5360=CARTESIAN_POINT('',(-1.35E2,0.E0,-1.986006417988E2));
#5361=VERTEX_POINT('',#5359);
#5362=VERTEX_POINT('',#5360);
#5363=CARTESIAN_POINT('',(-1.35E2,2.317836019375E0,-1.979000329834E2));
#5364=VERTEX_POINT('',#5363);
#5365=CARTESIAN_POINT('',(-1.37E2,4.226096922463E0,-1.984988153527E2));
#5366=VERTEX_POINT('',#5365);
#5367=CARTESIAN_POINT('',(-1.350000000005E2,8.073699072311E0,
-1.795566598479E2));
#5368=VERTEX_POINT('',#5367);
#5369=CARTESIAN_POINT('',(-1.370000000003E2,9.981959975511E0,
-1.801554422162E2));
#5370=VERTEX_POINT('',#5369);
#5371=CARTESIAN_POINT('',(-1.35E2,9.846672682692E0,-1.759418558216E2));
#5372=VERTEX_POINT('',#5371);
#5373=CARTESIAN_POINT('',(-1.37E2,1.148832101284E1,-1.770842177433E2));
#5374=VERTEX_POINT('',#5373);
#5375=CARTESIAN_POINT('',(-1.379999999997E2,9.981959975511E0,
-1.801554422162E2));
#5376=VERTEX_POINT('',#5375);
#5377=CARTESIAN_POINT('',(-1.379999999997E2,1.148832101068E1,
-1.770842177469E2));
#5378=VERTEX_POINT('',#5377);
#5379=CARTESIAN_POINT('',(-1.380000000041E2,4.226096885901E0,
-1.984988154554E2));
#5380=VERTEX_POINT('',#5379);
#5381=CARTESIAN_POINT('',(-1.380000000073E2,1.363705634279E0,
-2.006006417915E2));
#5382=VERTEX_POINT('',#5381);
#5383=VERTEX_POINT('',#868);
#5384=VERTEX_POINT('',#2880);
#5385=VERTEX_POINT('',#2883);
#5386=VERTEX_POINT('',#751);
#5387=VERTEX_POINT('',#754);
#5388=VERTEX_POINT('',#3039);
#5389=CARTESIAN_POINT('',(-1.294999832370E2,8.911816686214E0,
-1.663688532323E2));
#5390=VERTEX_POINT('',#5389);
#5391=CARTESIAN_POINT('',(-1.305853408792E2,8.413916584209E0,
-1.683861852169E2));
#5392=VERTEX_POINT('',#5391);
#5393=VERTEX_POINT('',#469);
#5394=VERTEX_POINT('',#472);
#5395=CARTESIAN_POINT('',(-1.205E2,9.841178470909E0,-1.663205788623E2));
#5396=VERTEX_POINT('',#5395);
#5397=VERTEX_POINT('',#2481);
#5398=VERTEX_POINT('',#651);
#5399=VERTEX_POINT('',#654);
#5400=CARTESIAN_POINT('',(-1.356588215291E2,1.6E1,-1.682525620082E2));
#5401=VERTEX_POINT('',#5400);
#5402=VERTEX_POINT('',#443);
#5403=CARTESIAN_POINT('',(-1.166280113189E2,8.752134149436E0,
-1.707510557290E2));
#5404=CARTESIAN_POINT('',(-1.166280113189E2,1.035794615520E1,
-1.723568677348E2));
#5405=VERTEX_POINT('',#5403);
#5406=VERTEX_POINT('',#5404);
#5407=CARTESIAN_POINT('',(-1.15E2,6.865649707479E0,-1.726375401447E2));
#5408=CARTESIAN_POINT('',(-1.15E2,9.979329253920E0,-1.757512197066E2));
#5409=VERTEX_POINT('',#5407);
#5410=VERTEX_POINT('',#5408);
#5411=VERTEX_POINT('',#2944);
#5412=VERTEX_POINT('',#930);
#5413=CARTESIAN_POINT('',(-1.188526867921E2,6.356425121165E0,
-1.677986877682E2));
#5414=VERTEX_POINT('',#5413);
#5415=CARTESIAN_POINT('',(-1.192452132072E2,8.242909557745E0,
-1.683384115822E2));
#5416=VERTEX_POINT('',#5415);
#5417=VERTEX_POINT('',#956);
#5418=VERTEX_POINT('',#919);
#5419=VERTEX_POINT('',#963);
#5420=VERTEX_POINT('',#944);
#5421=VERTEX_POINT('',#2494);
#5422=CARTESIAN_POINT('',(-1.333719886811E2,1.035794615520E1,
-1.723568677348E2));
#5423=CARTESIAN_POINT('',(-1.333719886811E2,8.752134149436E0,
-1.707510557290E2));
#5424=VERTEX_POINT('',#5422);
#5425=VERTEX_POINT('',#5423);
#5426=CARTESIAN_POINT('',(-1.35E2,9.979329253920E0,-1.757512197066E2));
#5427=CARTESIAN_POINT('',(-1.349999999994E2,6.865696731327E0,
-1.726375193056E2));
#5428=VERTEX_POINT('',#5426);
#5429=VERTEX_POINT('',#5427);
#5430=VERTEX_POINT('',#3030);
#5431=VERTEX_POINT('',#2994);
#5432=CARTESIAN_POINT('',(-1.311473132074E2,6.356425121165E0,
-1.677986877678E2));
#5433=VERTEX_POINT('',#5432);
#5434=CARTESIAN_POINT('',(-1.307547867907E2,8.242909557750E0,
-1.683384115807E2));
#5435=VERTEX_POINT('',#5434);
#5436=VERTEX_POINT('',#695);
#5437=VERTEX_POINT('',#3005);
#5438=VERTEX_POINT('',#727);
#5439=VERTEX_POINT('',#744);
#5440=VERTEX_POINT('',#720);
#5441=CARTESIAN_POINT('',(-8.799999999971E1,1.148832101068E1,
-1.770842177469E2));
#5442=CARTESIAN_POINT('',(-8.8E1,1.506828565838E1,-1.719395758652E2));
#5443=VERTEX_POINT('',#5441);
#5444=VERTEX_POINT('',#5442);
#5445=CARTESIAN_POINT('',(-9.E1,8.073699072620E0,-1.795566598452E2));
#5446=CARTESIAN_POINT('',(-9.E1,9.846672682693E0,-1.759418558216E2));
#5447=VERTEX_POINT('',#5445);
#5448=VERTEX_POINT('',#5446);
#5449=CARTESIAN_POINT('',(-8.8E1,9.981959975708E0,-1.801554422145E2));
#5450=VERTEX_POINT('',#5449);
#5451=CARTESIAN_POINT('',(-9.000000000184E1,2.317836003125E0,
-1.979000330290E2));
#5452=VERTEX_POINT('',#5451);
#5453=CARTESIAN_POINT('',(-8.800000000414E1,4.226096885901E0,
-1.984988154554E2));
#5454=VERTEX_POINT('',#5453);
#5455=CARTESIAN_POINT('',(-9.E1,1.363705567831E0,-1.986006417988E2));
#5456=VERTEX_POINT('',#5455);
#5457=CARTESIAN_POINT('',(-8.8E1,1.363705567831E0,-2.006006417988E2));
#5458=VERTEX_POINT('',#5457);
#5459=VERTEX_POINT('',#2188);
#5460=CARTESIAN_POINT('',(-8.700000000022E1,9.981959975923E0,
-1.801554422145E2));
#5461=VERTEX_POINT('',#5460);
#5462=CARTESIAN_POINT('',(-8.700000000022E1,1.148832101363E1,
-1.770842177425E2));
#5463=VERTEX_POINT('',#5462);
#5464=CARTESIAN_POINT('',(-8.699999998925E1,4.226096880370E0,
-1.984988154509E2));
#5465=VERTEX_POINT('',#5464);
#5466=CARTESIAN_POINT('',(-8.699999999514E1,1.363705629204E0,
-2.006006417939E2));
#5467=VERTEX_POINT('',#5466);
#5468=VERTEX_POINT('',#2210);
#5469=VERTEX_POINT('',#2677);
#5470=VERTEX_POINT('',#2680);
#5471=VERTEX_POINT('',#2740);
#5472=CARTESIAN_POINT('',(-1.044999832370E2,8.911816686214E0,
-1.663688532323E2));
#5473=VERTEX_POINT('',#5472);
#5474=CARTESIAN_POINT('',(-1.055853408792E2,8.413916584209E0,
-1.683861852169E2));
#5475=VERTEX_POINT('',#5474);
#5476=VERTEX_POINT('',#495);
#5477=VERTEX_POINT('',#498);
#5478=CARTESIAN_POINT('',(-9.55E1,9.841178470909E0,-1.663205788623E2));
#5479=VERTEX_POINT('',#5478);
#5480=VERTEX_POINT('',#1854);
#5481=VERTEX_POINT('',#2398);
#5482=VERTEX_POINT('',#2401);
#5483=CARTESIAN_POINT('',(-1.106588215291E2,1.6E1,-1.682525620082E2));
#5484=VERTEX_POINT('',#5483);
#5485=VERTEX_POINT('',#485);
#5486=CARTESIAN_POINT('',(-1.110682856584E2,1.6E1,-1.689694348688E2));
#5487=VERTEX_POINT('',#5486);
#5488=CARTESIAN_POINT('',(-9.162801131886E1,8.752134149436E0,
-1.707510557290E2));
#5489=CARTESIAN_POINT('',(-9.162801131886E1,1.035794615520E1,
-1.723568677348E2));
#5490=VERTEX_POINT('',#5488);
#5491=VERTEX_POINT('',#5489);
#5492=CARTESIAN_POINT('',(-9.E1,6.865649707479E0,-1.726375401447E2));
#5493=CARTESIAN_POINT('',(-9.E1,9.979329253920E0,-1.757512197066E2));
#5494=VERTEX_POINT('',#5492);
#5495=VERTEX_POINT('',#5493);
#5496=VERTEX_POINT('',#1914);
#5497=VERTEX_POINT('',#2327);
#5498=CARTESIAN_POINT('',(-9.385268679205E1,6.356425121165E0,
-1.677986877682E2));
#5499=VERTEX_POINT('',#5498);
#5500=CARTESIAN_POINT('',(-9.424521320720E1,8.242909557745E0,
-1.683384115822E2));
#5501=VERTEX_POINT('',#5500);
#5502=VERTEX_POINT('',#1867);
#5503=VERTEX_POINT('',#2316);
#5504=VERTEX_POINT('',#1874);
#5505=VERTEX_POINT('',#2272);
#5506=VERTEX_POINT('',#2341);
#5507=CARTESIAN_POINT('',(-1.083719886811E2,1.035794615520E1,
-1.723568677348E2));
#5508=CARTESIAN_POINT('',(-1.083719886811E2,8.752134149436E0,
-1.707510557290E2));
#5509=VERTEX_POINT('',#5507);
#5510=VERTEX_POINT('',#5508);
#5511=VERTEX_POINT('',#2702);
#5512=CARTESIAN_POINT('',(-1.083526862111E2,6.356433379755E0,
-1.694025954071E2));
#5513=CARTESIAN_POINT('',(-1.061473132074E2,6.356425121165E0,
-1.677986877678E2));
#5514=VERTEX_POINT('',#5512);
#5515=VERTEX_POINT('',#5513);
#5516=CARTESIAN_POINT('',(-1.057547867907E2,8.242909557750E0,
-1.683384115807E2));
#5517=VERTEX_POINT('',#5516);
#5518=VERTEX_POINT('',#2637);
#5519=VERTEX_POINT('',#2713);
#5520=VERTEX_POINT('',#2630);
#5521=VERTEX_POINT('',#2670);
#5522=VERTEX_POINT('',#2623);
#5523=CARTESIAN_POINT('',(-6.299999999971E1,1.148832101068E1,
-1.770842177469E2));
#5524=CARTESIAN_POINT('',(-6.3E1,1.506828565838E1,-1.719395758652E2));
#5525=VERTEX_POINT('',#5523);
#5526=VERTEX_POINT('',#5524);
#5527=CARTESIAN_POINT('',(-6.5E1,8.073699072620E0,-1.795566598452E2));
#5528=CARTESIAN_POINT('',(-6.5E1,9.846672682692E0,-1.759418558216E2));
#5529=VERTEX_POINT('',#5527);
#5530=VERTEX_POINT('',#5528);
#5531=CARTESIAN_POINT('',(-6.3E1,9.981959975708E0,-1.801554422145E2));
#5532=VERTEX_POINT('',#5531);
#5533=CARTESIAN_POINT('',(-6.500000000184E1,2.317836003125E0,
-1.979000330290E2));
#5534=VERTEX_POINT('',#5533);
#5535=CARTESIAN_POINT('',(-6.300000000414E1,4.226096885901E0,
-1.984988154554E2));
#5536=VERTEX_POINT('',#5535);
#5537=CARTESIAN_POINT('',(-6.5E1,1.363705567831E0,-1.986006417988E2));
#5538=VERTEX_POINT('',#5537);
#5539=CARTESIAN_POINT('',(-6.3E1,1.363705567831E0,-2.006006417988E2));
#5540=VERTEX_POINT('',#5539);
#5541=VERTEX_POINT('',#426);
#5542=VERTEX_POINT('',#1346);
#5543=VERTEX_POINT('',#2094);
#5544=VERTEX_POINT('',#2097);
#5545=VERTEX_POINT('',#2371);
#5546=CARTESIAN_POINT('',(-7.949998323697E1,8.911816686214E0,
-1.663688532323E2));
#5547=VERTEX_POINT('',#5546);
#5548=CARTESIAN_POINT('',(-8.058534087924E1,8.413916584209E0,
-1.683861852169E2));
#5549=VERTEX_POINT('',#5548);
#5550=VERTEX_POINT('',#521);
#5551=VERTEX_POINT('',#524);
#5552=CARTESIAN_POINT('',(-7.05E1,9.841178470909E0,-1.663205788623E2));
#5553=VERTEX_POINT('',#5552);
#5554=VERTEX_POINT('',#1222);
#5555=VERTEX_POINT('',#1767);
#5556=VERTEX_POINT('',#1770);
#5557=CARTESIAN_POINT('',(-8.565882152909E1,1.6E1,-1.682525620082E2));
#5558=VERTEX_POINT('',#5557);
#5559=VERTEX_POINT('',#511);
#5560=CARTESIAN_POINT('',(-8.606828565838E1,1.6E1,-1.689694348688E2));
#5561=VERTEX_POINT('',#5560);
#5562=CARTESIAN_POINT('',(-6.662801131886E1,8.752134149436E0,
-1.707510557290E2));
#5563=CARTESIAN_POINT('',(-6.662801131886E1,1.035794615520E1,
-1.723568677348E2));
#5564=VERTEX_POINT('',#5562);
#5565=VERTEX_POINT('',#5563);
#5566=CARTESIAN_POINT('',(-6.5E1,6.865649707479E0,-1.726375401447E2));
#5567=CARTESIAN_POINT('',(-6.5E1,9.979329253920E0,-1.757512197066E2));
#5568=VERTEX_POINT('',#5566);
#5569=VERTEX_POINT('',#5567);
#5570=VERTEX_POINT('',#1282);
#5571=VERTEX_POINT('',#1715);
#5572=CARTESIAN_POINT('',(-6.885268679205E1,6.356425121165E0,
-1.677986877682E2));
#5573=VERTEX_POINT('',#5572);
#5574=CARTESIAN_POINT('',(-6.924521320720E1,8.242909557745E0,
-1.683384115822E2));
#5575=VERTEX_POINT('',#5574);
#5576=VERTEX_POINT('',#1235);
#5577=VERTEX_POINT('',#1704);
#5578=VERTEX_POINT('',#1242);
#5579=VERTEX_POINT('',#1660);
#5580=VERTEX_POINT('',#1729);
#5581=CARTESIAN_POINT('',(-8.337198868114E1,1.035794615520E1,
-1.723568677348E2));
#5582=CARTESIAN_POINT('',(-8.337198868114E1,8.752134149436E0,
-1.707510557290E2));
#5583=VERTEX_POINT('',#5581);
#5584=VERTEX_POINT('',#5582);
#5585=VERTEX_POINT('',#2119);
#5586=CARTESIAN_POINT('',(-8.335268621105E1,6.356433379755E0,
-1.694025954071E2));
#5587=CARTESIAN_POINT('',(-8.114731320739E1,6.356425121165E0,
-1.677986877678E2));
#5588=VERTEX_POINT('',#5586);
#5589=VERTEX_POINT('',#5587);
#5590=CARTESIAN_POINT('',(-8.075478679073E1,8.242909557750E0,
-1.683384115807E2));
#5591=VERTEX_POINT('',#5590);
#5592=VERTEX_POINT('',#2054);
#5593=VERTEX_POINT('',#2130);
#5594=VERTEX_POINT('',#2047);
#5595=VERTEX_POINT('',#2087);
#5596=VERTEX_POINT('',#2040);
#5597=CARTESIAN_POINT('',(-9.E1,0.E0,-1.986006417988E2));
#5598=VERTEX_POINT('',#5597);
#5599=CARTESIAN_POINT('',(-8.8E1,0.E0,-2.006006417988E2));
#5600=VERTEX_POINT('',#5599);
#5601=CARTESIAN_POINT('',(-1.099999999994E2,6.865696731327E0,
-1.726375193056E2));
#5602=VERTEX_POINT('',#5601);
#5603=CARTESIAN_POINT('',(-1.1E2,9.979329253920E0,-1.757512197066E2));
#5604=VERTEX_POINT('',#5603);
#5605=CARTESIAN_POINT('',(-1.12E2,1.506828565838E1,-1.719395758652E2));
#5606=VERTEX_POINT('',#5605);
#5607=CARTESIAN_POINT('',(-6.5E1,0.E0,-1.986006417988E2));
#5608=VERTEX_POINT('',#5607);
#5609=CARTESIAN_POINT('',(-6.3E1,0.E0,-2.006006417988E2));
#5610=VERTEX_POINT('',#5609);
#5611=CARTESIAN_POINT('',(-8.499999999942E1,6.865696731327E0,
-1.726375193056E2));
#5612=VERTEX_POINT('',#5611);
#5613=CARTESIAN_POINT('',(-8.5E1,9.979329253920E0,-1.757512197066E2));
#5614=VERTEX_POINT('',#5613);
#5615=CARTESIAN_POINT('',(-8.7E1,1.506828565838E1,-1.719395758652E2));
#5616=VERTEX_POINT('',#5615);
#5617=CARTESIAN_POINT('',(-8.5E1,0.E0,-1.986006417988E2));
#5618=VERTEX_POINT('',#5617);
#5619=CARTESIAN_POINT('',(-1.1E2,8.073699072620E0,-1.795566598452E2));
#5620=CARTESIAN_POINT('',(-1.1E2,9.846672682693E0,-1.759418558216E2));
#5621=VERTEX_POINT('',#5619);
#5622=VERTEX_POINT('',#5620);
#5623=CARTESIAN_POINT('',(-1.099999999952E2,2.317836000667E0,
-1.979000330271E2));
#5624=VERTEX_POINT('',#5623);
#5625=CARTESIAN_POINT('',(-1.1E2,1.363705567831E0,-1.986006417988E2));
#5626=VERTEX_POINT('',#5625);
#5627=CARTESIAN_POINT('',(-1.12E2,0.E0,-2.006006417988E2));
#5628=VERTEX_POINT('',#5627);
#5629=CARTESIAN_POINT('',(-1.1E2,0.E0,-1.986006417988E2));
#5630=VERTEX_POINT('',#5629);
#5631=CARTESIAN_POINT('',(-1.4E2,1.4E1,-1.636006417988E2));
#5632=CARTESIAN_POINT('',(-1.4E2,1.3E1,-1.626006417988E2));
#5633=VERTEX_POINT('',#5631);
#5634=VERTEX_POINT('',#5632);
#5635=CARTESIAN_POINT('',(-1.38E2,1.6E1,-1.636006417988E2));
#5636=CARTESIAN_POINT('',(-1.38E2,1.3E1,-1.606006417988E2));
#5637=VERTEX_POINT('',#5635);
#5638=VERTEX_POINT('',#5636);
#5639=CARTESIAN_POINT('',(-1.400000000002E2,1.399999999978E1,
-1.689694348690E2));
#5640=VERTEX_POINT('',#5639);
#5641=CARTESIAN_POINT('',(-1.380000000003E2,1.599999999973E1,
-1.689694348691E2));
#5642=VERTEX_POINT('',#5641);
#5643=CARTESIAN_POINT('',(-1.4E2,1.342663732823E1,-1.707972139435E2));
#5644=VERTEX_POINT('',#5643);
#5645=CARTESIAN_POINT('',(-1.38E2,1.506828565838E1,-1.719395758652E2));
#5646=VERTEX_POINT('',#5645);
#5647=CARTESIAN_POINT('',(-1.399999999995E2,9.846672679314E0,
-1.759418558273E2));
#5648=VERTEX_POINT('',#5647);
#5649=CARTESIAN_POINT('',(-1.4E2,8.073699072620E0,-1.795566598452E2));
#5650=VERTEX_POINT('',#5649);
#5651=CARTESIAN_POINT('',(-1.400000000018E2,2.317836003125E0,
-1.979000330290E2));
#5652=VERTEX_POINT('',#5651);
#5653=CARTESIAN_POINT('',(-1.4E2,1.363705567831E0,-1.986006417988E2));
#5654=VERTEX_POINT('',#5653);
#5655=CARTESIAN_POINT('',(-8.5E1,8.073699072620E0,-1.795566598452E2));
#5656=CARTESIAN_POINT('',(-8.5E1,9.846672682693E0,-1.759418558216E2));
#5657=VERTEX_POINT('',#5655);
#5658=VERTEX_POINT('',#5656);
#5659=CARTESIAN_POINT('',(-8.499999999522E1,2.317836000667E0,
-1.979000330271E2));
#5660=VERTEX_POINT('',#5659);
#5661=CARTESIAN_POINT('',(-8.5E1,1.363705567831E0,-1.986006417988E2));
#5662=VERTEX_POINT('',#5661);
#5663=CARTESIAN_POINT('',(-8.7E1,0.E0,-2.006006417988E2));
#5664=VERTEX_POINT('',#5663);
#5665=CARTESIAN_POINT('',(-1.38E2,-3.E0,-2.006006417988E2));
#5666=CARTESIAN_POINT('',(-1.4E2,-3.E0,-1.986006417988E2));
#5667=VERTEX_POINT('',#5665);
#5668=VERTEX_POINT('',#5666);
#5669=CARTESIAN_POINT('',(-1.4E2,-3.E0,-1.626006417988E2));
#5670=CARTESIAN_POINT('',(-1.38E2,-3.E0,-1.606006417988E2));
#5671=VERTEX_POINT('',#5669);
#5672=VERTEX_POINT('',#5670);
#5673=CARTESIAN_POINT('',(0.E0,0.E0,0.E0));
#5674=DIRECTION('',(0.E0,1.E0,0.E0));
#5675=DIRECTION('',(1.E0,0.E0,0.E0));
#5676=AXIS2_PLACEMENT_3D('',#5673,#5674,#5675);
#5677=PLANE('',#5676);
#5679=ORIENTED_EDGE('',*,*,#5678,.T.);
#5681=ORIENTED_EDGE('',*,*,#5680,.T.);
#5683=ORIENTED_EDGE('',*,*,#5682,.F.);
#5685=ORIENTED_EDGE('',*,*,#5684,.F.);
#5687=ORIENTED_EDGE('',*,*,#5686,.F.);
#5689=ORIENTED_EDGE('',*,*,#5688,.T.);
#5691=ORIENTED_EDGE('',*,*,#5690,.T.);
#5693=ORIENTED_EDGE('',*,*,#5692,.F.);
#5695=ORIENTED_EDGE('',*,*,#5694,.F.);
#5697=ORIENTED_EDGE('',*,*,#5696,.T.);
#5699=ORIENTED_EDGE('',*,*,#5698,.T.);
#5701=ORIENTED_EDGE('',*,*,#5700,.F.);
#5703=ORIENTED_EDGE('',*,*,#5702,.F.);
#5705=ORIENTED_EDGE('',*,*,#5704,.T.);
#5706=EDGE_LOOP('',(#5679,#5681,#5683,#5685,#5687,#5689,#5691,#5693,#5695,#5697,
#5699,#5701,#5703,#5705));
#5707=FACE_OUTER_BOUND('',#5706,.F.);
#5708=ADVANCED_FACE('',(#5707),#5677,.T.);
#5709=CARTESIAN_POINT('',(0.E0,0.E0,0.E0));
#5710=DIRECTION('',(0.E0,1.E0,0.E0));
#5711=DIRECTION('',(1.E0,0.E0,0.E0));
#5712=AXIS2_PLACEMENT_3D('',#5709,#5710,#5711);
#5713=PLANE('',#5712);
#5715=ORIENTED_EDGE('',*,*,#5714,.T.);
#5717=ORIENTED_EDGE('',*,*,#5716,.T.);
#5719=ORIENTED_EDGE('',*,*,#5718,.F.);
#5721=ORIENTED_EDGE('',*,*,#5720,.F.);
#5723=ORIENTED_EDGE('',*,*,#5722,.F.);
#5725=ORIENTED_EDGE('',*,*,#5724,.T.);
#5727=ORIENTED_EDGE('',*,*,#5726,.T.);
#5729=ORIENTED_EDGE('',*,*,#5728,.T.);
#5731=ORIENTED_EDGE('',*,*,#5730,.T.);
#5733=ORIENTED_EDGE('',*,*,#5732,.T.);
#5735=ORIENTED_EDGE('',*,*,#5734,.T.);
#5737=ORIENTED_EDGE('',*,*,#5736,.F.);
#5739=ORIENTED_EDGE('',*,*,#5738,.F.);
#5741=ORIENTED_EDGE('',*,*,#5740,.T.);
#5742=EDGE_LOOP('',(#5715,#5717,#5719,#5721,#5723,#5725,#5727,#5729,#5731,#5733,
#5735,#5737,#5739,#5741));
#5743=FACE_OUTER_BOUND('',#5742,.F.);
#5744=ADVANCED_FACE('',(#5743),#5713,.T.);
#5745=CARTESIAN_POINT('',(-2.95E1,1.6E1,-1.875208923591E2));
#5746=DIRECTION('',(-1.E0,0.E0,0.E0));
#5747=DIRECTION('',(0.E0,0.E0,1.E0));
#5748=AXIS2_PLACEMENT_3D('',#5745,#5746,#5747);
#5749=PLANE('',#5748);
#5750=ORIENTED_EDGE('',*,*,#5678,.F.);
#5752=ORIENTED_EDGE('',*,*,#5751,.F.);
#5754=ORIENTED_EDGE('',*,*,#5753,.F.);
#5756=ORIENTED_EDGE('',*,*,#5755,.F.);
#5758=ORIENTED_EDGE('',*,*,#5757,.F.);
#5760=ORIENTED_EDGE('',*,*,#5759,.F.);
#5762=ORIENTED_EDGE('',*,*,#5761,.T.);
#5764=ORIENTED_EDGE('',*,*,#5763,.T.);
#5766=ORIENTED_EDGE('',*,*,#5765,.F.);
#5767=EDGE_LOOP('',(#5750,#5752,#5754,#5756,#5758,#5760,#5762,#5764,#5766));
#5768=FACE_OUTER_BOUND('',#5767,.F.);
#5769=ADVANCED_FACE('',(#5768),#5749,.F.);
#5770=CARTESIAN_POINT('',(-1.5E2,0.E0,-1.606006417988E2));
#5771=DIRECTION('',(0.E0,0.E0,1.E0));
#5772=DIRECTION('',(1.E0,0.E0,0.E0));
#5773=AXIS2_PLACEMENT_3D('',#5770,#5771,#5772);
#5774=PLANE('',#5773);
#5776=ORIENTED_EDGE('',*,*,#5775,.T.);
#5778=ORIENTED_EDGE('',*,*,#5777,.T.);
#5780=ORIENTED_EDGE('',*,*,#5779,.F.);
#5782=ORIENTED_EDGE('',*,*,#5781,.T.);
#5784=ORIENTED_EDGE('',*,*,#5783,.T.);
#5786=ORIENTED_EDGE('',*,*,#5785,.F.);
#5788=ORIENTED_EDGE('',*,*,#5787,.F.);
#5790=ORIENTED_EDGE('',*,*,#5789,.T.);
#5792=ORIENTED_EDGE('',*,*,#5791,.T.);
#5794=ORIENTED_EDGE('',*,*,#5793,.T.);
#5796=ORIENTED_EDGE('',*,*,#5795,.T.);
#5798=ORIENTED_EDGE('',*,*,#5797,.T.);
#5800=ORIENTED_EDGE('',*,*,#5799,.F.);
#5802=ORIENTED_EDGE('',*,*,#5801,.T.);
#5804=ORIENTED_EDGE('',*,*,#5803,.T.);
#5806=ORIENTED_EDGE('',*,*,#5805,.T.);
#5808=ORIENTED_EDGE('',*,*,#5807,.T.);
#5810=ORIENTED_EDGE('',*,*,#5809,.T.);
#5812=ORIENTED_EDGE('',*,*,#5811,.F.);
#5814=ORIENTED_EDGE('',*,*,#5813,.T.);
#5816=ORIENTED_EDGE('',*,*,#5815,.F.);
#5818=ORIENTED_EDGE('',*,*,#5817,.F.);
#5820=ORIENTED_EDGE('',*,*,#5819,.T.);
#5821=ORIENTED_EDGE('',*,*,#5740,.F.);
#5823=ORIENTED_EDGE('',*,*,#5822,.F.);
#5825=ORIENTED_EDGE('',*,*,#5824,.F.);
#5827=ORIENTED_EDGE('',*,*,#5826,.F.);
#5829=ORIENTED_EDGE('',*,*,#5828,.F.);
#5830=ORIENTED_EDGE('',*,*,#5751,.T.);
#5831=ORIENTED_EDGE('',*,*,#5704,.F.);
#5833=ORIENTED_EDGE('',*,*,#5832,.F.);
#5835=ORIENTED_EDGE('',*,*,#5834,.F.);
#5837=ORIENTED_EDGE('',*,*,#5836,.F.);
#5839=ORIENTED_EDGE('',*,*,#5838,.F.);
#5841=ORIENTED_EDGE('',*,*,#5840,.T.);
#5843=ORIENTED_EDGE('',*,*,#5842,.T.);
#5845=ORIENTED_EDGE('',*,*,#5844,.F.);
#5847=ORIENTED_EDGE('',*,*,#5846,.F.);
#5849=ORIENTED_EDGE('',*,*,#5848,.T.);
#5851=ORIENTED_EDGE('',*,*,#5850,.F.);
#5852=EDGE_LOOP('',(#5776,#5778,#5780,#5782,#5784,#5786,#5788,#5790,#5792,#5794,
#5796,#5798,#5800,#5802,#5804,#5806,#5808,#5810,#5812,#5814,#5816,#5818,#5820,
#5821,#5823,#5825,#5827,#5829,#5830,#5831,#5833,#5835,#5837,#5839,#5841,#5843,
#5845,#5847,#5849,#5851));
#5853=FACE_OUTER_BOUND('',#5852,.F.);
#5854=ADVANCED_FACE('',(#5853),#5774,.T.);
#5855=CARTESIAN_POINT('',(0.E0,-3.E0,0.E0));
#5856=DIRECTION('',(0.E0,1.E0,0.E0));
#5857=DIRECTION('',(1.E0,0.E0,0.E0));
#5858=AXIS2_PLACEMENT_3D('',#5855,#5856,#5857);
#5859=PLANE('',#5858);
#5861=ORIENTED_EDGE('',*,*,#5860,.F.);
#5863=ORIENTED_EDGE('',*,*,#5862,.T.);
#5865=ORIENTED_EDGE('',*,*,#5864,.F.);
#5867=ORIENTED_EDGE('',*,*,#5866,.T.);
#5868=ORIENTED_EDGE('',*,*,#5775,.F.);
#5870=ORIENTED_EDGE('',*,*,#5869,.F.);
#5872=ORIENTED_EDGE('',*,*,#5871,.T.);
#5874=ORIENTED_EDGE('',*,*,#5873,.F.);
#5875=EDGE_LOOP('',(#5861,#5863,#5865,#5867,#5868,#5870,#5872,#5874));
#5876=FACE_OUTER_BOUND('',#5875,.F.);
#5877=ADVANCED_FACE('',(#5876),#5859,.F.);
#5878=CARTESIAN_POINT('',(1.5E2,0.E0,-2.006006417988E2));
#5879=DIRECTION('',(0.E0,0.E0,-1.E0));
#5880=DIRECTION('',(-1.E0,0.E0,0.E0));
#5881=AXIS2_PLACEMENT_3D('',#5878,#5879,#5880);
#5882=PLANE('',#5881);
#5884=ORIENTED_EDGE('',*,*,#5883,.F.);
#5886=ORIENTED_EDGE('',*,*,#5885,.F.);
#5888=ORIENTED_EDGE('',*,*,#5887,.T.);
#5890=ORIENTED_EDGE('',*,*,#5889,.T.);
#5892=ORIENTED_EDGE('',*,*,#5891,.T.);
#5894=ORIENTED_EDGE('',*,*,#5893,.F.);
#5896=ORIENTED_EDGE('',*,*,#5895,.T.);
#5898=ORIENTED_EDGE('',*,*,#5897,.T.);
#5900=ORIENTED_EDGE('',*,*,#5899,.T.);
#5902=ORIENTED_EDGE('',*,*,#5901,.F.);
#5904=ORIENTED_EDGE('',*,*,#5903,.T.);
#5906=ORIENTED_EDGE('',*,*,#5905,.F.);
#5908=ORIENTED_EDGE('',*,*,#5907,.T.);
#5910=ORIENTED_EDGE('',*,*,#5909,.T.);
#5911=ORIENTED_EDGE('',*,*,#5860,.T.);
#5913=ORIENTED_EDGE('',*,*,#5912,.F.);
#5915=ORIENTED_EDGE('',*,*,#5914,.F.);
#5917=ORIENTED_EDGE('',*,*,#5916,.T.);
#5919=ORIENTED_EDGE('',*,*,#5918,.F.);
#5921=ORIENTED_EDGE('',*,*,#5920,.T.);
#5923=ORIENTED_EDGE('',*,*,#5922,.F.);
#5925=ORIENTED_EDGE('',*,*,#5924,.F.);
#5926=ORIENTED_EDGE('',*,*,#5690,.F.);
#5928=ORIENTED_EDGE('',*,*,#5927,.T.);
#5930=ORIENTED_EDGE('',*,*,#5929,.F.);
#5932=ORIENTED_EDGE('',*,*,#5931,.F.);
#5933=ORIENTED_EDGE('',*,*,#5726,.F.);
#5935=ORIENTED_EDGE('',*,*,#5934,.T.);
#5936=EDGE_LOOP('',(#5884,#5886,#5888,#5890,#5892,#5894,#5896,#5898,#5900,#5902,
#5904,#5906,#5908,#5910,#5911,#5913,#5915,#5917,#5919,#5921,#5923,#5925,#5926,
#5928,#5930,#5932,#5933,#5935));
#5937=FACE_OUTER_BOUND('',#5936,.F.);
#5938=ADVANCED_FACE('',(#5937),#5882,.T.);
#5939=CARTESIAN_POINT('',(-4.069253882083E2,1.363705567831E0,
-1.976006417988E2));
#5940=DIRECTION('',(1.E0,0.E0,0.E0));
#5941=DIRECTION('',(0.E0,0.E0,-1.E0));
#5942=AXIS2_PLACEMENT_3D('',#5939,#5940,#5941);
#5943=CYLINDRICAL_SURFACE('',#5942,3.E0);
#5945=ORIENTED_EDGE('',*,*,#5944,.T.);
#5947=ORIENTED_EDGE('',*,*,#5946,.F.);
#5948=ORIENTED_EDGE('',*,*,#5883,.T.);
#5950=ORIENTED_EDGE('',*,*,#5949,.T.);
#5951=EDGE_LOOP('',(#5945,#5947,#5948,#5950));
#5952=FACE_OUTER_BOUND('',#5951,.F.);
#5953=ADVANCED_FACE('',(#5952),#5943,.T.);
#5954=CARTESIAN_POINT('',(-3.5E1,1.05E1,-1.785044992754E2));
#5955=DIRECTION('',(0.E0,-9.541304515440E-1,2.993911846338E-1));
#5956=DIRECTION('',(0.E0,-2.993911846338E-1,-9.541304515440E-1));
#5957=AXIS2_PLACEMENT_3D('',#5954,#5955,#5956);
#5958=PLANE('',#5957);
#5960=ORIENTED_EDGE('',*,*,#5959,.F.);
#5962=ORIENTED_EDGE('',*,*,#5961,.F.);
#5963=ORIENTED_EDGE('',*,*,#5944,.F.);
#5965=ORIENTED_EDGE('',*,*,#5964,.T.);
#5966=EDGE_LOOP('',(#5960,#5962,#5963,#5965));
#5967=FACE_OUTER_BOUND('',#5966,.F.);
#5968=ADVANCED_FACE('',(#5967),#5958,.F.);
#5969=CARTESIAN_POINT('',(3.040837147709E2,2.076363407816E1,-1.835385626009E2));
#5970=DIRECTION('',(-1.E0,0.E0,0.E0));
#5971=DIRECTION('',(0.E0,-9.541304515440E-1,2.993911846338E-1));
#5972=AXIS2_PLACEMENT_3D('',#5969,#5970,#5971);
#5973=CYLINDRICAL_SURFACE('',#5972,1.13E1);
#5975=ORIENTED_EDGE('',*,*,#5974,.T.);
#5977=ORIENTED_EDGE('',*,*,#5976,.F.);
#5978=ORIENTED_EDGE('',*,*,#5959,.T.);
#5980=ORIENTED_EDGE('',*,*,#5979,.T.);
#5981=EDGE_LOOP('',(#5975,#5977,#5978,#5980));
#5982=FACE_OUTER_BOUND('',#5981,.F.);
#5983=ADVANCED_FACE('',(#5982),#5973,.F.);
#5984=CARTESIAN_POINT('',(-3.5E1,1.6E1,-1.706006417988E2));
#5985=DIRECTION('',(0.E0,-8.208241650724E-1,5.711809608462E-1));
#5986=DIRECTION('',(0.E0,-5.711809608462E-1,-8.208241650724E-1));
#5987=AXIS2_PLACEMENT_3D('',#5984,#5985,#5986);
#5988=PLANE('',#5987);
#5990=ORIENTED_EDGE('',*,*,#5989,.F.);
#5992=ORIENTED_EDGE('',*,*,#5991,.F.);
#5993=ORIENTED_EDGE('',*,*,#5974,.F.);
#5995=ORIENTED_EDGE('',*,*,#5994,.T.);
#5996=EDGE_LOOP('',(#5990,#5992,#5993,#5995));
#5997=FACE_OUTER_BOUND('',#5996,.F.);
#5998=ADVANCED_FACE('',(#5997),#5988,.F.);
#5999=CARTESIAN_POINT('',(3.040837147709E2,1.08E1,-1.689694348688E2));
#6000=DIRECTION('',(-1.E0,0.E0,0.E0));
#6001=DIRECTION('',(0.E0,1.E0,0.E0));
#6002=AXIS2_PLACEMENT_3D('',#5999,#6000,#6001);
#6003=CYLINDRICAL_SURFACE('',#6002,5.2E0);
#6005=ORIENTED_EDGE('',*,*,#6004,.T.);
#6007=ORIENTED_EDGE('',*,*,#6006,.T.);
#6008=ORIENTED_EDGE('',*,*,#5989,.T.);
#6010=ORIENTED_EDGE('',*,*,#6009,.F.);
#6011=EDGE_LOOP('',(#6005,#6007,#6008,#6010));
#6012=FACE_OUTER_BOUND('',#6011,.F.);
#6013=ADVANCED_FACE('',(#6012),#6003,.T.);
#6014=CARTESIAN_POINT('',(0.E0,1.6E1,0.E0));
#6015=DIRECTION('',(0.E0,1.E0,0.E0));
#6016=DIRECTION('',(1.E0,0.E0,0.E0));
#6017=AXIS2_PLACEMENT_3D('',#6014,#6015,#6016);
#6018=PLANE('',#6017);
#6020=ORIENTED_EDGE('',*,*,#6019,.T.);
#6022=ORIENTED_EDGE('',*,*,#6021,.T.);
#6024=ORIENTED_EDGE('',*,*,#6023,.T.);
#6026=ORIENTED_EDGE('',*,*,#6025,.F.);
#6028=ORIENTED_EDGE('',*,*,#6027,.T.);
#6030=ORIENTED_EDGE('',*,*,#6029,.T.);
#6031=EDGE_LOOP('',(#6020,#6022,#6024,#6026,#6028,#6030));
#6032=FACE_OUTER_BOUND('',#6031,.F.);
#6033=ADVANCED_FACE('',(#6032),#6018,.T.);
#6034=CARTESIAN_POINT('',(0.E0,1.6E1,0.E0));
#6035=DIRECTION('',(0.E0,1.E0,0.E0));
#6036=DIRECTION('',(1.E0,0.E0,0.E0));
#6037=AXIS2_PLACEMENT_3D('',#6034,#6035,#6036);
#6038=PLANE('',#6037);
#6040=ORIENTED_EDGE('',*,*,#6039,.T.);
#6042=ORIENTED_EDGE('',*,*,#6041,.T.);
#6044=ORIENTED_EDGE('',*,*,#6043,.T.);
#6046=ORIENTED_EDGE('',*,*,#6045,.T.);
#6048=ORIENTED_EDGE('',*,*,#6047,.T.);
#6050=ORIENTED_EDGE('',*,*,#6049,.T.);
#6052=ORIENTED_EDGE('',*,*,#6051,.T.);
#6054=ORIENTED_EDGE('',*,*,#6053,.T.);
#6055=EDGE_LOOP('',(#6040,#6042,#6044,#6046,#6048,#6050,#6052,#6054));
#6056=FACE_OUTER_BOUND('',#6055,.F.);
#6057=ADVANCED_FACE('',(#6056),#6038,.T.);
#6058=CARTESIAN_POINT('',(0.E0,1.6E1,0.E0));
#6059=DIRECTION('',(0.E0,1.E0,0.E0));
#6060=DIRECTION('',(1.E0,0.E0,0.E0));
#6061=AXIS2_PLACEMENT_3D('',#6058,#6059,#6060);
#6062=PLANE('',#6061);
#6064=ORIENTED_EDGE('',*,*,#6063,.T.);
#6066=ORIENTED_EDGE('',*,*,#6065,.T.);
#6068=ORIENTED_EDGE('',*,*,#6067,.T.);
#6070=ORIENTED_EDGE('',*,*,#6069,.T.);
#6072=ORIENTED_EDGE('',*,*,#6071,.T.);
#6074=ORIENTED_EDGE('',*,*,#6073,.T.);
#6076=ORIENTED_EDGE('',*,*,#6075,.T.);
#6078=ORIENTED_EDGE('',*,*,#6077,.T.);
#6079=EDGE_LOOP('',(#6064,#6066,#6068,#6070,#6072,#6074,#6076,#6078));
#6080=FACE_OUTER_BOUND('',#6079,.F.);
#6081=ADVANCED_FACE('',(#6080),#6062,.T.);
#6082=CARTESIAN_POINT('',(0.E0,1.6E1,0.E0));
#6083=DIRECTION('',(0.E0,1.E0,0.E0));
#6084=DIRECTION('',(1.E0,0.E0,0.E0));
#6085=AXIS2_PLACEMENT_3D('',#6082,#6083,#6084);
#6086=PLANE('',#6085);
#6088=ORIENTED_EDGE('',*,*,#6087,.F.);
#6090=ORIENTED_EDGE('',*,*,#6089,.T.);
#6092=ORIENTED_EDGE('',*,*,#6091,.T.);
#6094=ORIENTED_EDGE('',*,*,#6093,.T.);
#6095=ORIENTED_EDGE('',*,*,#6004,.F.);
#6097=ORIENTED_EDGE('',*,*,#6096,.F.);
#6099=ORIENTED_EDGE('',*,*,#6098,.F.);
#6101=ORIENTED_EDGE('',*,*,#6100,.F.);
#6102=EDGE_LOOP('',(#6088,#6090,#6092,#6094,#6095,#6097,#6099,#6101));
#6103=FACE_OUTER_BOUND('',#6102,.F.);
#6104=ADVANCED_FACE('',(#6103),#6086,.T.);
#6105=CARTESIAN_POINT('',(0.E0,1.6E1,0.E0));
#6106=DIRECTION('',(0.E0,1.E0,0.E0));
#6107=DIRECTION('',(1.E0,0.E0,0.E0));
#6108=AXIS2_PLACEMENT_3D('',#6105,#6106,#6107);
#6109=PLANE('',#6108);
#6111=ORIENTED_EDGE('',*,*,#6110,.F.);
#6113=ORIENTED_EDGE('',*,*,#6112,.F.);
#6115=ORIENTED_EDGE('',*,*,#6114,.F.);
#6117=ORIENTED_EDGE('',*,*,#6116,.T.);
#6119=ORIENTED_EDGE('',*,*,#6118,.F.);
#6121=ORIENTED_EDGE('',*,*,#6120,.F.);
#6122=EDGE_LOOP('',(#6111,#6113,#6115,#6117,#6119,#6121));
#6123=FACE_OUTER_BOUND('',#6122,.F.);
#6124=ADVANCED_FACE('',(#6123),#6109,.T.);
#6125=CARTESIAN_POINT('',(0.E0,1.6E1,0.E0));
#6126=DIRECTION('',(0.E0,1.E0,0.E0));
#6127=DIRECTION('',(1.E0,0.E0,0.E0));
#6128=AXIS2_PLACEMENT_3D('',#6125,#6126,#6127);
#6129=PLANE('',#6128);
#6131=ORIENTED_EDGE('',*,*,#6130,.F.);
#6133=ORIENTED_EDGE('',*,*,#6132,.F.);
#6135=ORIENTED_EDGE('',*,*,#6134,.F.);
#6137=ORIENTED_EDGE('',*,*,#6136,.F.);
#6139=ORIENTED_EDGE('',*,*,#6138,.F.);
#6141=ORIENTED_EDGE('',*,*,#6140,.F.);
#6143=ORIENTED_EDGE('',*,*,#6142,.F.);
#6145=ORIENTED_EDGE('',*,*,#6144,.F.);
#6146=EDGE_LOOP('',(#6131,#6133,#6135,#6137,#6139,#6141,#6143,#6145));
#6147=FACE_OUTER_BOUND('',#6146,.F.);
#6148=ADVANCED_FACE('',(#6147),#6129,.T.);
#6149=CARTESIAN_POINT('',(0.E0,1.6E1,0.E0));
#6150=DIRECTION('',(0.E0,1.E0,0.E0));
#6151=DIRECTION('',(1.E0,0.E0,0.E0));
#6152=AXIS2_PLACEMENT_3D('',#6149,#6150,#6151);
#6153=PLANE('',#6152);
#6155=ORIENTED_EDGE('',*,*,#6154,.F.);
#6157=ORIENTED_EDGE('',*,*,#6156,.F.);
#6159=ORIENTED_EDGE('',*,*,#6158,.F.);
#6161=ORIENTED_EDGE('',*,*,#6160,.F.);
#6163=ORIENTED_EDGE('',*,*,#6162,.F.);
#6165=ORIENTED_EDGE('',*,*,#6164,.F.);
#6167=ORIENTED_EDGE('',*,*,#6166,.F.);
#6169=ORIENTED_EDGE('',*,*,#6168,.F.);
#6170=EDGE_LOOP('',(#6155,#6157,#6159,#6161,#6163,#6165,#6167,#6169));
#6171=FACE_OUTER_BOUND('',#6170,.F.);
#6172=ADVANCED_FACE('',(#6171),#6153,.T.);
#6173=CARTESIAN_POINT('',(-1.709040116177E2,4.455010109332E1,
-1.760551096719E2));
#6174=DIRECTION('',(-6.903279831613E-1,6.903279831613E-1,-2.165514980989E-1));
#6175=DIRECTION('',(7.071067811865E-1,7.071067811865E-1,0.E0));
#6176=AXIS2_PLACEMENT_3D('',#6173,#6174,#6175);
#6177=CYLINDRICAL_SURFACE('',#6176,5.2E0);
#6179=ORIENTED_EDGE('',*,*,#6178,.F.);
#6181=ORIENTED_EDGE('',*,*,#6180,.F.);
#6182=ORIENTED_EDGE('',*,*,#6019,.F.);
#6184=ORIENTED_EDGE('',*,*,#6183,.T.);
#6185=EDGE_LOOP('',(#6179,#6181,#6182,#6184));
#6186=FACE_OUTER_BOUND('',#6185,.F.);
#6187=ADVANCED_FACE('',(#6186),#6177,.T.);
#6188=CARTESIAN_POINT('',(-1.295E2,1.6E1,-1.490542138302E2));
#6189=DIRECTION('',(1.E0,0.E0,0.E0));
#6190=DIRECTION('',(0.E0,0.E0,-1.E0));
#6191=AXIS2_PLACEMENT_3D('',#6188,#6189,#6190);
#6192=PLANE('',#6191);
#6194=ORIENTED_EDGE('',*,*,#6193,.F.);
#6196=ORIENTED_EDGE('',*,*,#6195,.T.);
#6198=ORIENTED_EDGE('',*,*,#6197,.F.);
#6199=ORIENTED_EDGE('',*,*,#5783,.F.);
#6201=ORIENTED_EDGE('',*,*,#6200,.T.);
#6203=ORIENTED_EDGE('',*,*,#6202,.F.);
#6204=ORIENTED_EDGE('',*,*,#6178,.T.);
#6206=ORIENTED_EDGE('',*,*,#6205,.F.);
#6208=ORIENTED_EDGE('',*,*,#6207,.F.);
#6209=EDGE_LOOP('',(#6194,#6196,#6198,#6199,#6201,#6203,#6204,#6206,#6208));
#6210=FACE_OUTER_BOUND('',#6209,.F.);
#6211=ADVANCED_FACE('',(#6210),#6192,.T.);
#6212=CARTESIAN_POINT('',(-1.310927701739E2,4.802444876045E0,
-1.626227295010E2));
#6213=CARTESIAN_POINT('',(-1.310714099307E2,4.833852735063E0,
-1.626338395219E2));
#6214=CARTESIAN_POINT('',(-1.310113262639E2,4.944801405099E0,
-1.626708147235E2));
#6215=CARTESIAN_POINT('',(-1.309039850815E2,5.212473582884E0,
-1.627573651553E2));
#6216=CARTESIAN_POINT('',(-1.307628972224E2,5.538457982957E0,
-1.628797578480E2));
#6217=CARTESIAN_POINT('',(-1.305995176854E2,5.918043234232E0,
-1.630417861956E2));
#6218=CARTESIAN_POINT('',(-1.304220583323E2,6.342454600626E0,
-1.632506917671E2));
#6219=CARTESIAN_POINT('',(-1.302371694900E2,6.789458837370E0,
-1.635111560430E2));
#6220=CARTESIAN_POINT('',(-1.300575379567E2,7.254671406151E0,
-1.638284853868E2));
#6221=CARTESIAN_POINT('',(-1.298985743284E2,7.709079143576E0,
-1.641944608820E2));
#6222=CARTESIAN_POINT('',(-1.297737863710E2,8.126301868539E0,
-1.645859198773E2));
#6223=CARTESIAN_POINT('',(-1.296854817850E2,8.486322430598E0,
-1.649733682362E2));
#6224=CARTESIAN_POINT('',(-1.296252955951E2,8.786061826269E0,
-1.653415082177E2));
#6225=CARTESIAN_POINT('',(-1.295841160288E2,9.036304358349E0,
-1.656918783566E2));
#6226=CARTESIAN_POINT('',(-1.295545378248E2,9.249136140673E0,
-1.660362018106E2));
#6227=CARTESIAN_POINT('',(-1.295405016876E2,9.370761041801E0,
-1.662671752877E2));
#6228=CARTESIAN_POINT('',(-1.295347609107E2,9.427143926359E0,
-1.663844289775E2));
#6229=CARTESIAN_POINT('',(-1.299456755884E2,4.748389636831E0,
-1.628550875089E2));
#6230=CARTESIAN_POINT('',(-1.299269156562E2,4.780095932075E0,
-1.628790821337E2));
#6231=CARTESIAN_POINT('',(-1.298747494797E2,4.888055969903E0,
-1.629514222612E2));
#6232=CARTESIAN_POINT('',(-1.297846560063E2,5.138321540025E0,
-1.630985634987E2));
#6233=CARTESIAN_POINT('',(-1.296723001129E2,5.443713392440E0,
-1.633010467891E2));
#6234=CARTESIAN_POINT('',(-1.295513339915E2,5.795932876333E0,
-1.635550050835E2));
#6235=CARTESIAN_POINT('',(-1.294324429891E2,6.183077779531E0,
-1.638617850359E2));
#6236=CARTESIAN_POINT('',(-1.293250715069E2,6.583330364512E0,
-1.642217894876E2));
#6237=CARTESIAN_POINT('',(-1.292415762323E2,6.985804176940E0,
-1.646299348776E2));
#6238=CARTESIAN_POINT('',(-1.291919523125E2,7.361253623172E0,
-1.650664346682E2));
#6239=CARTESIAN_POINT('',(-1.291778195775E2,7.685431744909E0,
-1.654971180156E2));
#6240=CARTESIAN_POINT('',(-1.291892907687E2,7.947269254903E0,
-1.658909087604E2));
#6241=CARTESIAN_POINT('',(-1.292143249635E2,8.152045579921E0,
-1.662398146720E2));
#6242=CARTESIAN_POINT('',(-1.292455446906E2,8.313251161914E0,
-1.665520144504E2));
#6243=CARTESIAN_POINT('',(-1.292802251696E2,8.442901037410E0,
-1.668437200136E2));
#6244=CARTESIAN_POINT('',(-1.293050291508E2,8.512770967723E0,
-1.670305543544E2));
#6245=CARTESIAN_POINT('',(-1.293178994900E2,8.544239821239E0,
-1.671233242399E2));
#6246=CARTESIAN_POINT('',(-1.293032650360E2,4.531399651572E0,
-1.638106281249E2));
#6247=CARTESIAN_POINT('',(-1.292951973813E2,4.570543499214E0,
-1.638433985581E2));
#6248=CARTESIAN_POINT('',(-1.292735285399E2,4.687513942650E0,
-1.639374088451E2));
#6249=CARTESIAN_POINT('',(-1.292400966910E2,4.917221178177E0,
-1.641131646735E2));
#6250=CARTESIAN_POINT('',(-1.292065022977E2,5.207018753961E0,
-1.643512316591E2));
#6251=CARTESIAN_POINT('',(-1.291832059184E2,5.536989110031E0,
-1.646387603547E2));
#6252=CARTESIAN_POINT('',(-1.291792400969E2,5.892467252037E0,
-1.649707417611E2));
#6253=CARTESIAN_POINT('',(-1.292032699797E2,6.256183812392E0,
-1.653433341452E2));
#6254=CARTESIAN_POINT('',(-1.292621633346E2,6.609863219348E0,
-1.657431258527E2));
#6255=CARTESIAN_POINT('',(-1.293557023008E2,6.927534089073E0,
-1.661464227348E2));
#6256=CARTESIAN_POINT('',(-1.294715053657E2,7.187618442229E0,
-1.665199999467E2));
#6257=CARTESIAN_POINT('',(-1.295901064510E2,7.386318296680E0,
-1.668414495572E2));
#6258=CARTESIAN_POINT('',(-1.297003306518E2,7.534552573812E0,
-1.671116876967E2));
#6259=CARTESIAN_POINT('',(-1.297998012545E2,7.646654071931E0,
-1.673427503713E2));
#6260=CARTESIAN_POINT('',(-1.298921708863E2,7.734681110376E0,
-1.675512185612E2));
#6261=CARTESIAN_POINT('',(-1.299502524293E2,7.781379181573E0,
-1.676807439661E2));
#6262=CARTESIAN_POINT('',(-1.299786603033E2,7.802370069670E0,
-1.677442012297E2));
#6263=CARTESIAN_POINT('',(-1.295418846593E2,4.278595098433E0,
-1.649295628720E2));
#6264=CARTESIAN_POINT('',(-1.295463373455E2,4.327958441269E0,
-1.649618591487E2));
#6265=CARTESIAN_POINT('',(-1.295598792986E2,4.460659723382E0,
-1.650511497057E2));
#6266=CARTESIAN_POINT('',(-1.295893286659E2,4.678700675135E0,
-1.652067805011E2));
#6267=CARTESIAN_POINT('',(-1.296383841181E2,4.967037907594E0,
-1.654150781298E2));
#6268=CARTESIAN_POINT('',(-1.297107955216E2,5.292910077833E0,
-1.656581509884E2));
#6269=CARTESIAN_POINT('',(-1.298107845972E2,5.640872635825E0,
-1.659278970454E2));
#6270=CARTESIAN_POINT('',(-1.299431204219E2,5.999672855445E0,
-1.662187506758E2));
#6271=CARTESIAN_POINT('',(-1.301072386329E2,6.347087644645E0,
-1.665159128459E2));
#6272=CARTESIAN_POINT('',(-1.302938939320E2,6.662008325015E0,
-1.668017310187E2));
#6273=CARTESIAN_POINT('',(-1.304827925246E2,6.924498072887E0,
-1.670553263408E2));
#6274=CARTESIAN_POINT('',(-1.306531172534E2,7.132093873149E0,
-1.672681312154E2));
#6275=CARTESIAN_POINT('',(-1.307985938532E2,7.295331396738E0,
-1.674463541605E2));
#6276=CARTESIAN_POINT('',(-1.309221832091E2,7.427028534264E0,
-1.676008458870E2));
#6277=CARTESIAN_POINT('',(-1.310318761786E2,7.539375891434E0,
-1.677442205304E2));
#6278=CARTESIAN_POINT('',(-1.310981775893E2,7.605060085295E0,
-1.678368407405E2));
#6279=CARTESIAN_POINT('',(-1.311299469958E2,7.636147425230E0,
-1.678833289042E2));
#6280=(BOUNDED_SURFACE()B_SPLINE_SURFACE(3,3,((#6212,#6213,#6214,#6215,#6216,
#6217,#6218,#6219,#6220,#6221,#6222,#6223,#6224,#6225,#6226,#6227,#6228),(#6229,
#6230,#6231,#6232,#6233,#6234,#6235,#6236,#6237,#6238,#6239,#6240,#6241,#6242,
#6243,#6244,#6245),(#6246,#6247,#6248,#6249,#6250,#6251,#6252,#6253,#6254,#6255,
#6256,#6257,#6258,#6259,#6260,#6261,#6262),(#6263,#6264,#6265,#6266,#6267,#6268,
#6269,#6270,#6271,#6272,#6273,#6274,#6275,#6276,#6277,#6278,#6279)),
.UNSPECIFIED.,.F.,.F.,.F.)B_SPLINE_SURFACE_WITH_KNOTS((4,4),(4,1,1,1,1,1,1,1,1,
1,1,1,1,1,4),(0.E0,1.E0),(-3.264583668666E-2,0.E0,5.919134498118E-2,
1.318227566528E-1,2.155704685865E-1,3.080811537604E-1,4.070060664642E-1,
5.100696069980E-1,6.132835954959E-1,7.093833269478E-1,7.939254587938E-1,
8.686953148682E-1,9.364410231866E-1,1.E0,1.064191527043E0),.UNSPECIFIED.)GEOMETRIC_REPRESENTATION_ITEM()RATIONAL_B_SPLINE_SURFACE(((1.171589302482E0,
1.171589302482E0,1.171589302482E0,1.171589302482E0,1.171589302482E0,
1.171589302482E0,1.171589302482E0,1.171589302482E0,1.171589302482E0,
1.171589302482E0,1.171589302482E0,1.171589302482E0,1.171589302482E0,
1.171589302482E0,1.171589302482E0,1.171589302482E0,1.171589302482E0),(
9.428035658394E-1,9.428035658394E-1,9.428035658394E-1,9.428035658394E-1,
9.428035658394E-1,9.428035658394E-1,9.428035658394E-1,9.428035658394E-1,
9.428035658394E-1,9.428035658394E-1,9.428035658394E-1,9.428035658394E-1,
9.428035658394E-1,9.428035658394E-1,9.428035658394E-1,9.428035658394E-1,
9.428035658394E-1),(9.428035658394E-1,9.428035658394E-1,9.428035658394E-1,
9.428035658394E-1,9.428035658394E-1,9.428035658394E-1,9.428035658394E-1,
9.428035658394E-1,9.428035658394E-1,9.428035658394E-1,9.428035658394E-1,
9.428035658394E-1,9.428035658394E-1,9.428035658394E-1,9.428035658394E-1,
9.428035658394E-1,9.428035658394E-1),(1.171589302482E0,1.171589302482E0,
1.171589302482E0,1.171589302482E0,1.171589302482E0,1.171589302482E0,
1.171589302482E0,1.171589302482E0,1.171589302482E0,1.171589302482E0,
1.171589302482E0,1.171589302482E0,1.171589302482E0,1.171589302482E0,
1.171589302482E0,1.171589302482E0,1.171589302482E0)))REPRESENTATION_ITEM('')SURFACE());
#6282=ORIENTED_EDGE('',*,*,#6281,.T.);
#6283=ORIENTED_EDGE('',*,*,#6193,.T.);
#6285=ORIENTED_EDGE('',*,*,#6284,.F.);
#6286=EDGE_LOOP('',(#6282,#6283,#6285));
#6287=FACE_OUTER_BOUND('',#6286,.F.);
#6288=ADVANCED_FACE('',(#6287),#6280,.T.);
#6289=CARTESIAN_POINT('',(-1.300422074382E2,8.259289157969E0,
-1.677389946589E2));
#6290=CARTESIAN_POINT('',(-1.300007516884E2,8.272556222768E0,
-1.676880403328E2));
#6291=CARTESIAN_POINT('',(-1.299069472908E2,8.292852680404E0,
-1.675736062413E2));
#6292=CARTESIAN_POINT('',(-1.297529918778E2,8.301375384031E0,
-1.673773564328E2));
#6293=CARTESIAN_POINT('',(-1.296027508115E2,8.285895108914E0,
-1.671704701096E2));
#6294=CARTESIAN_POINT('',(-1.294623073963E2,8.248841254889E0,
-1.669574896462E2));
#6295=CARTESIAN_POINT('',(-1.293318117806E2,8.191972194898E0,
-1.667368138112E2));
#6296=CARTESIAN_POINT('',(-1.292119826167E2,8.116517902920E0,
-1.665082028770E2));
#6297=CARTESIAN_POINT('',(-1.291086627108E2,8.027145088321E0,
-1.662824682819E2));
#6298=CARTESIAN_POINT('',(-1.290190114224E2,7.926552359390E0,
-1.660579011405E2));
#6299=CARTESIAN_POINT('',(-1.289432042158E2,7.816110466084E0,
-1.658366104679E2));
#6300=CARTESIAN_POINT('',(-1.288776002978E2,7.692798449779E0,
-1.656098049239E2));
#6301=CARTESIAN_POINT('',(-1.288209896480E2,7.550438728924E0,
-1.653685197196E2));
#6302=CARTESIAN_POINT('',(-1.287744420259E2,7.384129103163E0,
-1.651064031665E2));
#6303=CARTESIAN_POINT('',(-1.287401832615E2,7.187635183013E0,
-1.648185046728E2));
#6304=CARTESIAN_POINT('',(-1.287244290237E2,6.965732687138E0,
-1.645177642249E2));
#6305=CARTESIAN_POINT('',(-1.287280703839E2,6.709106587414E0,
-1.641921732951E2));
#6306=CARTESIAN_POINT('',(-1.287580111334E2,6.431931664087E0,
-1.638694228060E2));
#6307=CARTESIAN_POINT('',(-1.288073006432E2,6.125703746095E0,
-1.635205689237E2));
#6308=CARTESIAN_POINT('',(-1.288562037646E2,5.863288992915E0,
-1.632474743782E2));
#6309=CARTESIAN_POINT('',(-1.288828090681E2,5.727837523569E0,
-1.631137521586E2));
#6310=CARTESIAN_POINT('',(-1.304066157688E2,7.594353093706E0,
-1.673061111928E2));
#6311=CARTESIAN_POINT('',(-1.303785703712E2,7.603952001838E0,
-1.672715526626E2));
#6312=CARTESIAN_POINT('',(-1.303132156878E2,7.619433811185E0,
-1.671916976626E2));
#6313=CARTESIAN_POINT('',(-1.302010441878E2,7.626568884240E0,
-1.670485980766E2));
#6314=CARTESIAN_POINT('',(-1.300867778692E2,7.613606470608E0,
-1.668917578050E2));
#6315=CARTESIAN_POINT('',(-1.299766898136E2,7.581145950182E0,
-1.667264370031E2));
#6316=CARTESIAN_POINT('',(-1.298718488969E2,7.530113281138E0,
-1.665523074027E2));
#6317=CARTESIAN_POINT('',(-1.297737895485E2,7.461554697692E0,
-1.663702596274E2));
#6318=CARTESIAN_POINT('',(-1.296871229419E2,7.379053342235E0,
-1.661882808729E2));
#6319=CARTESIAN_POINT('',(-1.296107844809E2,7.285758872020E0,
-1.660065894745E2));
#6320=CARTESIAN_POINT('',(-1.295447590972E2,7.182540801005E0,
-1.658263780987E2));
#6321=CARTESIAN_POINT('',(-1.294862160355E2,7.066675346417E0,
-1.656407724199E2));
#6322=CARTESIAN_POINT('',(-1.294338956406E2,6.932073389232E0,
-1.654421452604E2));
#6323=CARTESIAN_POINT('',(-1.293885454439E2,6.773900066099E0,
-1.652250730056E2));
#6324=CARTESIAN_POINT('',(-1.293522692542E2,6.586959909298E0,
-1.649863473246E2));
#6325=CARTESIAN_POINT('',(-1.293297673446E2,6.373814873986E0,
-1.647343949265E2));
#6326=CARTESIAN_POINT('',(-1.293223354669E2,6.127741606457E0,
-1.644615801977E2));
#6327=CARTESIAN_POINT('',(-1.293351331551E2,5.856578486024E0,
-1.641850463797E2));
#6328=CARTESIAN_POINT('',(-1.293648737632E2,5.564437078454E0,
-1.638931668001E2));
#6329=CARTESIAN_POINT('',(-1.293976770328E2,5.326921582975E0,
-1.636754707331E2));
#6330=CARTESIAN_POINT('',(-1.294158998955E2,5.207445228707E0,
-1.635716198889E2));
#6331=CARTESIAN_POINT('',(-1.304997238925E2,6.763128087414E0,
-1.670562861621E2));
#6332=CARTESIAN_POINT('',(-1.304879165054E2,6.768141496710E0,
-1.670415403285E2));
#6333=CARTESIAN_POINT('',(-1.304561356845E2,6.777604597989E0,
-1.670024298405E2));
#6334=CARTESIAN_POINT('',(-1.303908568766E2,6.783005018208E0,
-1.669189170718E2));
#6335=CARTESIAN_POINT('',(-1.303143221343E2,6.773190139416E0,
-1.668148835327E2));
#6336=CARTESIAN_POINT('',(-1.302340303798E2,6.746471665413E0,
-1.666974681864E2));
#6337=CARTESIAN_POINT('',(-1.301526094764E2,6.702734967160E0,
-1.665682326707E2));
#6338=CARTESIAN_POINT('',(-1.300730655530E2,6.642796588986E0,
-1.664299223147E2));
#6339=CARTESIAN_POINT('',(-1.299988224095E2,6.568885125063E0,
-1.662874152910E2));
#6340=CARTESIAN_POINT('',(-1.299313616708E2,6.484714081103E0,
-1.661438980055E2));
#6341=CARTESIAN_POINT('',(-1.298703758057E2,6.390526384665E0,
-1.659993454839E2));
#6342=CARTESIAN_POINT('',(-1.298138451523E2,6.283969747333E0,
-1.658487767572E2));
#6343=CARTESIAN_POINT('',(-1.297602463451E2,6.159065635553E0,
-1.656854630549E2));
#6344=CARTESIAN_POINT('',(-1.297099477416E2,6.011063362791E0,
-1.655045844435E2));
#6345=CARTESIAN_POINT('',(-1.296651814608E2,5.836066199350E0,
-1.653051072247E2));
#6346=CARTESIAN_POINT('',(-1.296290414910E2,5.633868713138E0,
-1.650898420493E2));
#6347=CARTESIAN_POINT('',(-1.296036334753E2,5.400987357553E0,
-1.648566737031E2));
#6348=CARTESIAN_POINT('',(-1.295922306531E2,5.137339487330E0,
-1.646092396709E2));
#6349=CARTESIAN_POINT('',(-1.295966364063E2,4.862807381382E0,
-1.643605538450E2));
#6350=CARTESIAN_POINT('',(-1.296098094104E2,4.656145465612E0,
-1.641944333758E2));
#6351=CARTESIAN_POINT('',(-1.296179807198E2,4.556419109107E0,
-1.641203339342E2));
#6352=CARTESIAN_POINT('',(-1.303050793404E2,5.912493948555E0,
-1.670336643563E2));
#6353=CARTESIAN_POINT('',(-1.303094683198E2,5.912814787458E0,
-1.670386471606E2));
#6354=CARTESIAN_POINT('',(-1.303104529135E2,5.916118643629E0,
-1.670392469345E2));
#6355=CARTESIAN_POINT('',(-1.302888895052E2,5.919743906807E0,
-1.670112284186E2));
#6356=CARTESIAN_POINT('',(-1.302451758914E2,5.913150057902E0,
-1.669534311940E2));
#6357=CARTESIAN_POINT('',(-1.301888562892E2,5.892307707304E0,
-1.668757020679E2));
#6358=CARTESIAN_POINT('',(-1.301244823304E2,5.856037341012E0,
-1.667817755755E2));
#6359=CARTESIAN_POINT('',(-1.300569277139E2,5.804920450201E0,
-1.666766483732E2));
#6360=CARTESIAN_POINT('',(-1.299886829364E2,5.739799452074E0,
-1.665623542040E2));
#6361=CARTESIAN_POINT('',(-1.299240960958E2,5.664964866689E0,
-1.664455639279E2));
#6362=CARTESIAN_POINT('',(-1.298625169480E2,5.580018404384E0,
-1.663249487974E2));
#6363=CARTESIAN_POINT('',(-1.298025946565E2,5.482987945513E0,
-1.661970629810E2));
#6364=CARTESIAN_POINT('',(-1.297423746688E2,5.368008124163E0,
-1.660554781606E2));
#6365=CARTESIAN_POINT('',(-1.296818562240E2,5.230414396149E0,
-1.658955470185E2));
#6366=CARTESIAN_POINT('',(-1.296236274095E2,5.067639095374E0,
-1.657184585974E2));
#6367=CARTESIAN_POINT('',(-1.295693688748E2,4.876644783911E0,
-1.655212970814E2));
#6368=CARTESIAN_POINT('',(-1.295222582557E2,4.657263371869E0,
-1.653076396714E2));
#6369=CARTESIAN_POINT('',(-1.294838737725E2,4.401306233210E0,
-1.650670465254E2));
#6370=CARTESIAN_POINT('',(-1.294616354582E2,4.144794606683E0,
-1.648401414457E2));
#6371=CARTESIAN_POINT('',(-1.294551165062E2,3.969488677835E0,
-1.647126601399E2));
#6372=CARTESIAN_POINT('',(-1.294533432876E2,3.889797321320E0,
-1.646629349711E2));
#6373=(BOUNDED_SURFACE()B_SPLINE_SURFACE(3,3,((#6289,#6290,#6291,#6292,#6293,
#6294,#6295,#6296,#6297,#6298,#6299,#6300,#6301,#6302,#6303,#6304,#6305,#6306,
#6307,#6308,#6309),(#6310,#6311,#6312,#6313,#6314,#6315,#6316,#6317,#6318,#6319,
#6320,#6321,#6322,#6323,#6324,#6325,#6326,#6327,#6328,#6329,#6330),(#6331,#6332,
#6333,#6334,#6335,#6336,#6337,#6338,#6339,#6340,#6341,#6342,#6343,#6344,#6345,
#6346,#6347,#6348,#6349,#6350,#6351),(#6352,#6353,#6354,#6355,#6356,#6357,#6358,
#6359,#6360,#6361,#6362,#6363,#6364,#6365,#6366,#6367,#6368,#6369,#6370,#6371,
#6372)),.UNSPECIFIED.,.F.,.F.,.F.)B_SPLINE_SURFACE_WITH_KNOTS((4,4),(4,1,1,1,1,
1,1,1,1,1,1,1,1,1,1,1,1,1,4),(0.E0,1.E0),(-4.712988589510E-2,0.E0,
4.644710124334E-2,9.176535131498E-2,1.379113580717E-1,1.864403335653E-1,
2.374578170691E-1,2.888848564200E-1,3.395548561507E-1,3.899743398837E-1,
4.421103746456E-1,4.991414162070E-1,5.638850657492E-1,6.359908191741E-1,
7.143916518203E-1,8.006036435709E-1,8.954147094439E-1,1.E0,1.084503357828E0),
.UNSPECIFIED.)GEOMETRIC_REPRESENTATION_ITEM()RATIONAL_B_SPLINE_SURFACE(((
1.046217393059E0,1.046217393059E0,1.046217393059E0,1.046217393059E0,
1.046217393059E0,1.046217393059E0,1.046217393059E0,1.046217393059E0,
1.046217393059E0,1.046217393059E0,1.046217393059E0,1.046217393059E0,
1.046217393059E0,1.046217393059E0,1.046217393059E0,1.046217393059E0,
1.046217393059E0,1.046217393059E0,1.046217393059E0,1.046217393059E0,
1.046217393059E0),(9.845942023135E-1,9.845942023135E-1,9.845942023135E-1,
9.845942023135E-1,9.845942023135E-1,9.845942023135E-1,9.845942023135E-1,
9.845942023135E-1,9.845942023135E-1,9.845942023135E-1,9.845942023135E-1,
9.845942023135E-1,9.845942023135E-1,9.845942023135E-1,9.845942023135E-1,
9.845942023135E-1,9.845942023135E-1,9.845942023135E-1,9.845942023135E-1,
9.845942023135E-1,9.845942023135E-1),(9.845942023135E-1,9.845942023135E-1,
9.845942023135E-1,9.845942023135E-1,9.845942023135E-1,9.845942023135E-1,
9.845942023135E-1,9.845942023135E-1,9.845942023135E-1,9.845942023135E-1,
9.845942023135E-1,9.845942023135E-1,9.845942023135E-1,9.845942023135E-1,
9.845942023135E-1,9.845942023135E-1,9.845942023135E-1,9.845942023135E-1,
9.845942023135E-1,9.845942023135E-1,9.845942023135E-1),(1.046217393059E0,
1.046217393059E0,1.046217393059E0,1.046217393059E0,1.046217393059E0,
1.046217393059E0,1.046217393059E0,1.046217393059E0,1.046217393059E0,
1.046217393059E0,1.046217393059E0,1.046217393059E0,1.046217393059E0,
1.046217393059E0,1.046217393059E0,1.046217393059E0,1.046217393059E0,
1.046217393059E0,1.046217393059E0,1.046217393059E0,1.046217393059E0)))REPRESENTATION_ITEM('')SURFACE());
#6375=ORIENTED_EDGE('',*,*,#6374,.T.);
#6376=ORIENTED_EDGE('',*,*,#6281,.F.);
#6378=ORIENTED_EDGE('',*,*,#6377,.F.);
#6379=EDGE_LOOP('',(#6375,#6376,#6378));
#6380=FACE_OUTER_BOUND('',#6379,.F.);
#6381=ADVANCED_FACE('',(#6380),#6373,.F.);
#6382=CARTESIAN_POINT('',(-1.335E2,4.07684E1,-1.645637434320E2));
#6383=DIRECTION('',(0.E0,1.E0,0.E0));
#6384=DIRECTION('',(1.E0,0.E0,0.E0));
#6385=AXIS2_PLACEMENT_3D('',#6382,#6383,#6384);
#6386=CYLINDRICAL_SURFACE('',#6385,4.E0);
#6388=ORIENTED_EDGE('',*,*,#6387,.F.);
#6390=ORIENTED_EDGE('',*,*,#6389,.T.);
#6392=ORIENTED_EDGE('',*,*,#6391,.F.);
#6393=ORIENTED_EDGE('',*,*,#6195,.F.);
#6394=ORIENTED_EDGE('',*,*,#6374,.F.);
#6396=ORIENTED_EDGE('',*,*,#6395,.F.);
#6397=EDGE_LOOP('',(#6388,#6390,#6392,#6393,#6394,#6396));
#6398=FACE_OUTER_BOUND('',#6397,.F.);
#6399=ADVANCED_FACE('',(#6398),#6386,.T.);
#6400=CARTESIAN_POINT('',(-1.305660077162E2,8.587814870770E0,
-1.686059659032E2));
#6401=CARTESIAN_POINT('',(-1.305647411768E2,8.587816346098E0,
-1.686050463727E2));
#6402=CARTESIAN_POINT('',(-1.305423810993E2,8.587829372314E0,
-1.685887985296E2));
#6403=CARTESIAN_POINT('',(-1.304991485803E2,8.587407579970E0,
-1.685569023168E2));
#6404=CARTESIAN_POINT('',(-1.304368393807E2,8.585565005062E0,
-1.685096017042E2));
#6405=CARTESIAN_POINT('',(-1.303945258900E2,8.583457326158E0,
-1.684765581071E2));
#6406=CARTESIAN_POINT('',(-1.303728848177E2,8.582143496325E0,
-1.684594041867E2));
#6407=CARTESIAN_POINT('',(-1.303716607604E2,8.582068423853E0,
-1.684584331129E2));
#6408=CARTESIAN_POINT('',(-1.310203989680E2,7.892349847450E0,
-1.679794957889E2));
#6409=CARTESIAN_POINT('',(-1.310193993256E2,7.892351192737E0,
-1.679787699883E2));
#6410=CARTESIAN_POINT('',(-1.310017509956E2,7.892363070867E0,
-1.679659455422E2));
#6411=CARTESIAN_POINT('',(-1.309676224250E2,7.891978449441E0,
-1.679407781684E2));
#6412=CARTESIAN_POINT('',(-1.309184158558E2,7.890298186533E0,
-1.679034775396E2));
#6413=CARTESIAN_POINT('',(-1.308849862128E2,7.888376020976E0,
-1.678774333242E2));
#6414=CARTESIAN_POINT('',(-1.308678845823E2,7.887177745347E0,
-1.678639163539E2));
#6415=CARTESIAN_POINT('',(-1.308669172704E2,7.887109275439E0,
-1.678631511764E2));
#6416=CARTESIAN_POINT('',(-1.312238996008E2,6.911534704588E0,
-1.676980762438E2));
#6417=CARTESIAN_POINT('',(-1.312231548300E2,6.911535866479E0,
-1.676975353853E2));
#6418=CARTESIAN_POINT('',(-1.312100057075E2,6.911546125462E0,
-1.676879793893E2));
#6419=CARTESIAN_POINT('',(-1.311845618855E2,6.911213926225E0,
-1.676692480448E2));
#6420=CARTESIAN_POINT('',(-1.311478285886E2,6.909762572122E0,
-1.676415423356E2));
#6421=CARTESIAN_POINT('',(-1.311228363444E2,6.908102036256E0,
-1.676222329318E2));
#6422=CARTESIAN_POINT('',(-1.311100401492E2,6.907066726860E0,
-1.676122201399E2));
#6423=CARTESIAN_POINT('',(-1.311093163285E2,6.907007568554E0,
-1.676116533570E2));
#6424=CARTESIAN_POINT('',(-1.311269918564E2,5.884030946016E0,
-1.678301850155E2));
#6425=CARTESIAN_POINT('',(-1.311264279139E2,5.884031915781E0,
-1.678297753093E2));
#6426=CARTESIAN_POINT('',(-1.311164706680E2,5.884040478542E0,
-1.678225375052E2));
#6427=CARTESIAN_POINT('',(-1.310971791371E2,5.883763196888E0,
-1.678083833033E2));
#6428=CARTESIAN_POINT('',(-1.310692546359E2,5.882551648073E0,
-1.677875327201E2));
#6429=CARTESIAN_POINT('',(-1.310502002717E2,5.881165195955E0,
-1.677730547776E2));
#6430=CARTESIAN_POINT('',(-1.310404278648E2,5.880300610285E0,
-1.677655607215E2));
#6431=CARTESIAN_POINT('',(-1.310398750325E2,5.880251206831E0,
-1.677651365562E2));
#6432=(BOUNDED_SURFACE()B_SPLINE_SURFACE(3,3,((#6400,#6401,#6402,#6403,#6404,
#6405,#6406,#6407),(#6408,#6409,#6410,#6411,#6412,#6413,#6414,#6415),(#6416,
#6417,#6418,#6419,#6420,#6421,#6422,#6423),(#6424,#6425,#6426,#6427,#6428,#6429,
#6430,#6431)),.UNSPECIFIED.,.F.,.F.,.F.)B_SPLINE_SURFACE_WITH_KNOTS((4,4),(4,1,
1,1,1,4),(0.E0,1.E0),(-1.999996447727E-2,0.E0,3.331933593713E-1,
6.664947093955E-1,1.E0,1.020002253514E0),.UNSPECIFIED.)GEOMETRIC_REPRESENTATION_ITEM()RATIONAL_B_SPLINE_SURFACE(((1.064772720030E0,1.064772720030E0,
1.064772720030E0,1.064772720030E0,1.064772720030E0,1.064772720030E0,
1.064772720030E0,1.064772720030E0),(9.784090933232E-1,9.784090933232E-1,
9.784090933232E-1,9.784090933232E-1,9.784090933232E-1,9.784090933232E-1,
9.784090933232E-1,9.784090933232E-1),(9.784090933232E-1,9.784090933232E-1,
9.784090933232E-1,9.784090933232E-1,9.784090933232E-1,9.784090933232E-1,
9.784090933232E-1,9.784090933232E-1),(1.064772720030E0,1.064772720030E0,
1.064772720030E0,1.064772720030E0,1.064772720030E0,1.064772720030E0,
1.064772720030E0,1.064772720030E0)))REPRESENTATION_ITEM('')SURFACE());
#6433=ORIENTED_EDGE('',*,*,#6387,.T.);
#6435=ORIENTED_EDGE('',*,*,#6434,.T.);
#6437=ORIENTED_EDGE('',*,*,#6436,.F.);
#6439=ORIENTED_EDGE('',*,*,#6438,.F.);
#6440=EDGE_LOOP('',(#6433,#6435,#6437,#6439));
#6441=FACE_OUTER_BOUND('',#6440,.F.);
#6442=ADVANCED_FACE('',(#6441),#6432,.F.);
#6443=CARTESIAN_POINT('',(-1.305662157152E2,8.602353510429E0,
-1.686092362544E2));
#6444=CARTESIAN_POINT('',(-1.305023305012E2,8.593603941847E0,
-1.685619158978E2));
#6445=CARTESIAN_POINT('',(-1.303545811071E2,8.578126894741E0,
-1.684475751632E2));
#6446=CARTESIAN_POINT('',(-1.301283917601E2,8.571070176032E0,
-1.682533855394E2));
#6447=CARTESIAN_POINT('',(-1.298934857094E2,8.582569292369E0,
-1.680253913388E2));
#6448=CARTESIAN_POINT('',(-1.296863325760E2,8.608493163588E0,
-1.677974660368E2));
#6449=CARTESIAN_POINT('',(-1.295606861525E2,8.633192808674E0,
-1.676418959798E2));
#6450=CARTESIAN_POINT('',(-1.295062332735E2,8.645695673291E0,
-1.675705956588E2));
#6451=CARTESIAN_POINT('',(-1.310416492050E2,7.908713187345E0,
-1.679965414129E2));
#6452=CARTESIAN_POINT('',(-1.309838912090E2,7.899345018975E0,
-1.679546459277E2));
#6453=CARTESIAN_POINT('',(-1.308508942908E2,7.882869812776E0,
-1.678532609673E2));
#6454=CARTESIAN_POINT('',(-1.306493372251E2,7.875438413904E0,
-1.676808660351E2));
#6455=CARTESIAN_POINT('',(-1.304423392695E2,7.887554856461E0,
-1.674787392264E2));
#6456=CARTESIAN_POINT('',(-1.302617569240E2,7.914665601244E0,
-1.672773115898E2));
#6457=CARTESIAN_POINT('',(-1.301532517486E2,7.940338498655E0,
-1.671403392144E2));
#6458=CARTESIAN_POINT('',(-1.301064184068E2,7.953307713710E0,
-1.670776821559E2));
#6459=CARTESIAN_POINT('',(-1.312948898806E2,6.930471397360E0,
-1.677486130716E2));
#6460=CARTESIAN_POINT('',(-1.312326699743E2,6.920230816958E0,
-1.677055052753E2));
#6461=CARTESIAN_POINT('',(-1.310907275671E2,6.902347905778E0,
-1.676008311768E2));
#6462=CARTESIAN_POINT('',(-1.308803103617E2,6.894388095017E0,
-1.674223575922E2));
#6463=CARTESIAN_POINT('',(-1.306696035834E2,6.907375153490E0,
-1.672137518801E2));
#6464=CARTESIAN_POINT('',(-1.304903776872E2,6.936159747503E0,
-1.670073537676E2));
#6465=CARTESIAN_POINT('',(-1.303851152526E2,6.963205223849E0,
-1.668681969704E2));
#6466=CARTESIAN_POINT('',(-1.303401377907E2,6.976832133493E0,
-1.668048212089E2));
#6467=CARTESIAN_POINT('',(-1.312643167340E2,5.905663539266E0,
-1.679257795891E2));
#6468=CARTESIAN_POINT('',(-1.311881315048E2,5.894509018451E0,
-1.678751172905E2));
#6469=CARTESIAN_POINT('',(-1.310157223482E2,5.875151393001E0,
-1.677517094874E2));
#6470=CARTESIAN_POINT('',(-1.307651085183E2,5.866638016995E0,
-1.675407630234E2));
#6471=CARTESIAN_POINT('',(-1.305199784664E2,5.880537134267E0,
-1.672949086233E2));
#6472=CARTESIAN_POINT('',(-1.303165646163E2,5.911075255744E0,
-1.670532813586E2));
#6473=CARTESIAN_POINT('',(-1.301998573597E2,5.939558648249E0,
-1.668916895710E2));
#6474=CARTESIAN_POINT('',(-1.301505205296E2,5.953874559927E0,
-1.668184080229E2));
#6475=(BOUNDED_SURFACE()B_SPLINE_SURFACE(3,3,((#6443,#6444,#6445,#6446,#6447,
#6448,#6449,#6450),(#6451,#6452,#6453,#6454,#6455,#6456,#6457,#6458),(#6459,
#6460,#6461,#6462,#6463,#6464,#6465,#6466),(#6467,#6468,#6469,#6470,#6471,#6472,
#6473,#6474)),.UNSPECIFIED.,.F.,.F.,.F.)B_SPLINE_SURFACE_WITH_KNOTS((4,4),(4,1,
1,1,1,4),(0.E0,1.E0),(-2.591968726356E-1,0.E0,3.420302806729E-1,
6.747278301304E-1,1.E0,1.261698678076E0),.UNSPECIFIED.)GEOMETRIC_REPRESENTATION_ITEM()RATIONAL_B_SPLINE_SURFACE(((1.064772739812E0,1.064772739812E0,
1.064772739812E0,1.064772739812E0,1.064772739812E0,1.064772739812E0,
1.064772739812E0,1.064772739812E0),(9.784090867293E-1,9.784090867293E-1,
9.784090867293E-1,9.784090867293E-1,9.784090867293E-1,9.784090867293E-1,
9.784090867293E-1,9.784090867293E-1),(9.784090867293E-1,9.784090867293E-1,
9.784090867293E-1,9.784090867293E-1,9.784090867293E-1,9.784090867293E-1,
9.784090867293E-1,9.784090867293E-1),(1.064772739812E0,1.064772739812E0,
1.064772739812E0,1.064772739812E0,1.064772739812E0,1.064772739812E0,
1.064772739812E0,1.064772739812E0)))REPRESENTATION_ITEM('')SURFACE());
#6476=ORIENTED_EDGE('',*,*,#6395,.T.);
#6477=ORIENTED_EDGE('',*,*,#6377,.T.);
#6479=ORIENTED_EDGE('',*,*,#6478,.F.);
#6480=ORIENTED_EDGE('',*,*,#6434,.F.);
#6481=EDGE_LOOP('',(#6476,#6477,#6479,#6480));
#6482=FACE_OUTER_BOUND('',#6481,.F.);
#6483=ADVANCED_FACE('',(#6482),#6475,.F.);
#6484=CARTESIAN_POINT('',(-1.315E2,7.494955969208E0,-1.649519120199E2));
#6485=DIRECTION('',(0.E0,-7.071067811865E-1,7.071067811865E-1));
#6486=DIRECTION('',(4.573295603800E-1,-6.288281455225E-1,-6.288281455225E-1));
#6487=AXIS2_PLACEMENT_3D('',#6484,#6485,#6486);
#6488=CYLINDRICAL_SURFACE('',#6487,2.E0);
#6489=ORIENTED_EDGE('',*,*,#6478,.T.);
#6490=ORIENTED_EDGE('',*,*,#6284,.T.);
#6491=ORIENTED_EDGE('',*,*,#6207,.T.);
#6493=ORIENTED_EDGE('',*,*,#6492,.F.);
#6495=ORIENTED_EDGE('',*,*,#6494,.F.);
#6497=ORIENTED_EDGE('',*,*,#6496,.F.);
#6498=EDGE_LOOP('',(#6489,#6490,#6491,#6493,#6495,#6497));
#6499=FACE_OUTER_BOUND('',#6498,.F.);
#6500=ADVANCED_FACE('',(#6499),#6488,.T.);
#6501=CARTESIAN_POINT('',(-1.359999645332E2,1.118370961437E1,
-1.757711433914E2));
#6502=DIRECTION('',(-7.071067811865E-1,-5.804103332845E-1,4.038859306990E-1));
#6503=DIRECTION('',(-7.071067811865E-1,5.804103332845E-1,-4.038859306990E-1));
#6504=AXIS2_PLACEMENT_3D('',#6501,#6502,#6503);
#6505=PLANE('',#6504);
#6507=ORIENTED_EDGE('',*,*,#6506,.F.);
#6509=ORIENTED_EDGE('',*,*,#6508,.F.);
#6511=ORIENTED_EDGE('',*,*,#6510,.F.);
#6512=ORIENTED_EDGE('',*,*,#6492,.T.);
#6513=ORIENTED_EDGE('',*,*,#6205,.T.);
#6514=ORIENTED_EDGE('',*,*,#6183,.F.);
#6515=ORIENTED_EDGE('',*,*,#6029,.F.);
#6517=ORIENTED_EDGE('',*,*,#6516,.T.);
#6519=ORIENTED_EDGE('',*,*,#6518,.F.);
#6521=ORIENTED_EDGE('',*,*,#6520,.F.);
#6523=ORIENTED_EDGE('',*,*,#6522,.T.);
#6524=EDGE_LOOP('',(#6507,#6509,#6511,#6512,#6513,#6514,#6515,#6517,#6519,#6521,
#6523));
#6525=FACE_OUTER_BOUND('',#6524,.F.);
#6526=ADVANCED_FACE('',(#6525),#6505,.F.);
#6527=CARTESIAN_POINT('',(-1.32E2,4.455010109332E1,-2.103219915460E2));
#6528=DIRECTION('',(0.E0,7.071067811865E-1,-7.071067811865E-1));
#6529=DIRECTION('',(-1.E0,0.E0,0.E0));
#6530=AXIS2_PLACEMENT_3D('',#6527,#6528,#6529);
#6531=CYLINDRICAL_SURFACE('',#6530,3.E0);
#6532=ORIENTED_EDGE('',*,*,#6506,.T.);
#6534=ORIENTED_EDGE('',*,*,#6533,.T.);
#6536=ORIENTED_EDGE('',*,*,#6535,.T.);
#6538=ORIENTED_EDGE('',*,*,#6537,.F.);
#6539=EDGE_LOOP('',(#6532,#6534,#6536,#6538));
#6540=FACE_OUTER_BOUND('',#6539,.F.);
#6541=ADVANCED_FACE('',(#6540),#6531,.F.);
#6542=CARTESIAN_POINT('',(-1.35E2,1.6E1,-1.706006417988E2));
#6543=DIRECTION('',(1.E0,0.E0,0.E0));
#6544=DIRECTION('',(0.E0,0.E0,-1.E0));
#6545=AXIS2_PLACEMENT_3D('',#6542,#6543,#6544);
#6546=PLANE('',#6545);
#6547=ORIENTED_EDGE('',*,*,#6533,.F.);
#6548=ORIENTED_EDGE('',*,*,#6522,.F.);
#6550=ORIENTED_EDGE('',*,*,#6549,.T.);
#6552=ORIENTED_EDGE('',*,*,#6551,.T.);
#6554=ORIENTED_EDGE('',*,*,#6553,.T.);
#6556=ORIENTED_EDGE('',*,*,#6555,.T.);
#6558=ORIENTED_EDGE('',*,*,#6557,.F.);
#6560=ORIENTED_EDGE('',*,*,#6559,.F.);
#6561=EDGE_LOOP('',(#6547,#6548,#6550,#6552,#6554,#6556,#6558,#6560));
#6562=FACE_OUTER_BOUND('',#6561,.F.);
#6563=ADVANCED_FACE('',(#6562),#6546,.T.);
#6564=CARTESIAN_POINT('',(-1.360000000005E2,2.076363407816E1,
-1.835385626009E2));
#6565=DIRECTION('',(1.E0,0.E0,0.E0));
#6566=DIRECTION('',(0.E0,0.E0,1.E0));
#6567=AXIS2_PLACEMENT_3D('',#6564,#6565,#6566);
#6568=CONICAL_SURFACE('',#6567,1.229999999947E1,4.5E1);
#6569=ORIENTED_EDGE('',*,*,#6549,.F.);
#6570=ORIENTED_EDGE('',*,*,#6520,.T.);
#6572=ORIENTED_EDGE('',*,*,#6571,.T.);
#6574=ORIENTED_EDGE('',*,*,#6573,.F.);
#6575=EDGE_LOOP('',(#6569,#6570,#6572,#6574));
#6576=FACE_OUTER_BOUND('',#6575,.F.);
#6577=ADVANCED_FACE('',(#6576),#6568,.F.);
#6578=CARTESIAN_POINT('',(-4.790837147709E2,2.076363407816E1,
-1.835385626009E2));
#6579=DIRECTION('',(-1.E0,0.E0,0.E0));
#6580=DIRECTION('',(0.E0,-9.541304515440E-1,2.993911846338E-1));
#6581=AXIS2_PLACEMENT_3D('',#6578,#6579,#6580);
#6582=CYLINDRICAL_SURFACE('',#6581,1.13E1);
#6583=ORIENTED_EDGE('',*,*,#6571,.F.);
#6585=ORIENTED_EDGE('',*,*,#6584,.F.);
#6587=ORIENTED_EDGE('',*,*,#6586,.F.);
#6589=ORIENTED_EDGE('',*,*,#6588,.T.);
#6590=EDGE_LOOP('',(#6583,#6585,#6587,#6589));
#6591=FACE_OUTER_BOUND('',#6590,.F.);
#6592=ADVANCED_FACE('',(#6591),#6582,.F.);
#6593=CARTESIAN_POINT('',(-1.4E2,1.6E1,-1.706006417988E2));
#6594=DIRECTION('',(0.E0,8.208241650724E-1,-5.711809608462E-1));
#6595=DIRECTION('',(0.E0,-5.711809608462E-1,-8.208241650724E-1));
#6596=AXIS2_PLACEMENT_3D('',#6593,#6594,#6595);
#6597=PLANE('',#6596);
#6599=ORIENTED_EDGE('',*,*,#6598,.F.);
#6601=ORIENTED_EDGE('',*,*,#6600,.F.);
#6603=ORIENTED_EDGE('',*,*,#6602,.T.);
#6605=ORIENTED_EDGE('',*,*,#6604,.T.);
#6606=EDGE_LOOP('',(#6599,#6601,#6603,#6605));
#6607=FACE_OUTER_BOUND('',#6606,.F.);
#6608=ADVANCED_FACE('',(#6607),#6597,.T.);
#6609=CARTESIAN_POINT('',(-1.4E2,1.6E1,-1.706006417988E2));
#6610=DIRECTION('',(0.E0,8.208241650724E-1,-5.711809608462E-1));
#6611=DIRECTION('',(0.E0,-5.711809608462E-1,-8.208241650724E-1));
#6612=AXIS2_PLACEMENT_3D('',#6609,#6610,#6611);
#6613=PLANE('',#6612);
#6614=ORIENTED_EDGE('',*,*,#6518,.T.);
#6616=ORIENTED_EDGE('',*,*,#6615,.F.);
#6618=ORIENTED_EDGE('',*,*,#6617,.F.);
#6619=ORIENTED_EDGE('',*,*,#6584,.T.);
#6620=EDGE_LOOP('',(#6614,#6616,#6618,#6619));
#6621=FACE_OUTER_BOUND('',#6620,.F.);
#6622=ADVANCED_FACE('',(#6621),#6613,.T.);
#6623=CARTESIAN_POINT('',(-4.790837147709E2,1.08E1,-1.689694348688E2));
#6624=DIRECTION('',(-1.E0,0.E0,0.E0));
#6625=DIRECTION('',(0.E0,1.E0,0.E0));
#6626=AXIS2_PLACEMENT_3D('',#6623,#6624,#6625);
#6627=CYLINDRICAL_SURFACE('',#6626,5.2E0);
#6628=ORIENTED_EDGE('',*,*,#6047,.F.);
#6630=ORIENTED_EDGE('',*,*,#6629,.T.);
#6631=ORIENTED_EDGE('',*,*,#6598,.T.);
#6633=ORIENTED_EDGE('',*,*,#6632,.F.);
#6634=EDGE_LOOP('',(#6628,#6630,#6631,#6633));
#6635=FACE_OUTER_BOUND('',#6634,.F.);
#6636=ADVANCED_FACE('',(#6635),#6627,.T.);
#6637=CARTESIAN_POINT('',(-1.140000072687E2,1.118372116804E1,
-1.757711761561E2));
#6638=DIRECTION('',(7.071067811865E-1,-5.804103332845E-1,4.038859306990E-1));
#6639=DIRECTION('',(7.071067811865E-1,5.804103332845E-1,-4.038859306990E-1));
#6640=AXIS2_PLACEMENT_3D('',#6637,#6638,#6639);
#6641=PLANE('',#6640);
#6643=ORIENTED_EDGE('',*,*,#6642,.T.);
#6645=ORIENTED_EDGE('',*,*,#6644,.T.);
#6646=ORIENTED_EDGE('',*,*,#6600,.T.);
#6647=ORIENTED_EDGE('',*,*,#6629,.F.);
#6648=ORIENTED_EDGE('',*,*,#6045,.F.);
#6650=ORIENTED_EDGE('',*,*,#6649,.F.);
#6652=ORIENTED_EDGE('',*,*,#6651,.F.);
#6654=ORIENTED_EDGE('',*,*,#6653,.T.);
#6656=ORIENTED_EDGE('',*,*,#6655,.T.);
#6658=ORIENTED_EDGE('',*,*,#6657,.F.);
#6659=EDGE_LOOP('',(#6643,#6645,#6646,#6647,#6648,#6650,#6652,#6654,#6656,
#6658));
#6660=FACE_OUTER_BOUND('',#6659,.F.);
#6661=ADVANCED_FACE('',(#6660),#6641,.F.);
#6662=CARTESIAN_POINT('',(-1.15E2,1.6E1,-2.145566473324E2));
#6663=DIRECTION('',(-1.E0,0.E0,0.E0));
#6664=DIRECTION('',(0.E0,0.E0,1.E0));
#6665=AXIS2_PLACEMENT_3D('',#6662,#6663,#6664);
#6666=PLANE('',#6665);
#6668=ORIENTED_EDGE('',*,*,#6667,.F.);
#6670=ORIENTED_EDGE('',*,*,#6669,.T.);
#6672=ORIENTED_EDGE('',*,*,#6671,.F.);
#6674=ORIENTED_EDGE('',*,*,#6673,.T.);
#6676=ORIENTED_EDGE('',*,*,#6675,.T.);
#6678=ORIENTED_EDGE('',*,*,#6677,.T.);
#6680=ORIENTED_EDGE('',*,*,#6679,.T.);
#6681=ORIENTED_EDGE('',*,*,#6642,.F.);
#6682=EDGE_LOOP('',(#6668,#6670,#6672,#6674,#6676,#6678,#6680,#6681));
#6683=FACE_OUTER_BOUND('',#6682,.F.);
#6684=ADVANCED_FACE('',(#6683),#6666,.T.);
#6685=CARTESIAN_POINT('',(-1.18E2,6.331217921313E0,-1.721031083740E2));
#6686=DIRECTION('',(0.E0,-7.071067811865E-1,7.071067811865E-1));
#6687=DIRECTION('',(1.E0,0.E0,0.E0));
#6688=AXIS2_PLACEMENT_3D('',#6685,#6686,#6687);
#6689=CYLINDRICAL_SURFACE('',#6688,3.E0);
#6691=ORIENTED_EDGE('',*,*,#6690,.F.);
#6693=ORIENTED_EDGE('',*,*,#6692,.F.);
#6694=ORIENTED_EDGE('',*,*,#6667,.T.);
#6695=ORIENTED_EDGE('',*,*,#6657,.T.);
#6696=EDGE_LOOP('',(#6691,#6693,#6694,#6695));
#6697=FACE_OUTER_BOUND('',#6696,.F.);
#6698=ADVANCED_FACE('',(#6697),#6689,.F.);
#6699=CARTESIAN_POINT('',(-1.15E2,7.417711987293E0,-1.706006417988E2));
#6700=DIRECTION('',(-4.573295603800E-1,-6.288281455225E-1,-6.288281455225E-1));
#6701=DIRECTION('',(-8.892972917999E-1,3.233808333818E-1,3.233808333818E-1));
#6702=AXIS2_PLACEMENT_3D('',#6699,#6700,#6701);
#6703=PLANE('',#6702);
#6704=ORIENTED_EDGE('',*,*,#6690,.T.);
#6705=ORIENTED_EDGE('',*,*,#6655,.F.);
#6707=ORIENTED_EDGE('',*,*,#6706,.T.);
#6709=ORIENTED_EDGE('',*,*,#6708,.T.);
#6711=ORIENTED_EDGE('',*,*,#6710,.T.);
#6713=ORIENTED_EDGE('',*,*,#6712,.T.);
#6714=EDGE_LOOP('',(#6704,#6705,#6707,#6709,#6711,#6713));
#6715=FACE_OUTER_BOUND('',#6714,.F.);
#6716=ADVANCED_FACE('',(#6715),#6703,.T.);
#6717=CARTESIAN_POINT('',(-1.185E2,4.455010109332E1,-2.020070571440E2));
#6718=DIRECTION('',(0.E0,7.071067811865E-1,-7.071067811865E-1));
#6719=DIRECTION('',(-4.573295603800E-1,-6.288281455225E-1,-6.288281455225E-1));
#6720=AXIS2_PLACEMENT_3D('',#6717,#6718,#6719);
#6721=CYLINDRICAL_SURFACE('',#6720,2.E0);
#6723=ORIENTED_EDGE('',*,*,#6722,.T.);
#6724=ORIENTED_EDGE('',*,*,#6706,.F.);
#6725=ORIENTED_EDGE('',*,*,#6653,.F.);
#6727=ORIENTED_EDGE('',*,*,#6726,.T.);
#6729=ORIENTED_EDGE('',*,*,#6728,.F.);
#6730=EDGE_LOOP('',(#6723,#6724,#6725,#6727,#6729));
#6731=FACE_OUTER_BOUND('',#6730,.F.);
#6732=ADVANCED_FACE('',(#6731),#6721,.T.);
#6733=CARTESIAN_POINT('',(-1.204938854851E2,8.645707248379E0,
-1.675704394214E2));
#6734=CARTESIAN_POINT('',(-1.204394116672E2,8.633245981301E0,
-1.676417750200E2));
#6735=CARTESIAN_POINT('',(-1.203137412919E2,8.608563819579E0,
-1.677973824459E2));
#6736=CARTESIAN_POINT('',(-1.201065705358E2,8.582555761522E0,
-1.680253336639E2));
#6737=CARTESIAN_POINT('',(-1.198716364496E2,8.571075457178E0,
-1.682533611290E2));
#6738=CARTESIAN_POINT('',(-1.196452399447E2,8.578127726219E0,
-1.684477297150E2));
#6739=CARTESIAN_POINT('',(-1.194972836880E2,8.593649074045E0,
-1.685622143210E2));
#6740=CARTESIAN_POINT('',(-1.194332021051E2,8.602448725192E0,
-1.686096664829E2));
#6741=CARTESIAN_POINT('',(-1.198936841152E2,7.953320999679E0,
-1.670775442525E2));
#6742=CARTESIAN_POINT('',(-1.198468343271E2,7.940393056034E0,
-1.671402300991E2));
#6743=CARTESIAN_POINT('',(-1.197383096971E2,7.914737190361E0,
-1.672772346458E2));
#6744=CARTESIAN_POINT('',(-1.195577093260E2,7.887541406697E0,
-1.674786890940E2));
#6745=CARTESIAN_POINT('',(-1.193506881190E2,7.875443706769E0,
-1.676808440522E2));
#6746=CARTESIAN_POINT('',(-1.191489461542E2,7.882870853085E0,
-1.678533983353E2));
#6747=CARTESIAN_POINT('',(-1.190157617180E2,7.899392780331E0,
-1.679549103661E2));
#6748=CARTESIAN_POINT('',(-1.189578253216E2,7.908814204786E0,
-1.679969217956E2));
#6749=CARTESIAN_POINT('',(-1.196599616015E2,6.976847830626E0,
-1.668046803136E2));
#6750=CARTESIAN_POINT('',(-1.196149720953E2,6.963261732450E0,
-1.668680799939E2));
#6751=CARTESIAN_POINT('',(-1.195096937261E2,6.936232650911E0,
-1.670072677635E2));
#6752=CARTESIAN_POINT('',(-1.193304436319E2,6.907361816378E0,
-1.672137024821E2));
#6753=CARTESIAN_POINT('',(-1.191197165892E2,6.894393402706E0,
-1.674223341237E2));
#6754=CARTESIAN_POINT('',(-1.189091056588E2,6.902349238900E0,
-1.676009737826E2));
#6755=CARTESIAN_POINT('',(-1.187669601151E2,6.920282284520E0,
-1.677057779118E2));
#6756=CARTESIAN_POINT('',(-1.187045460501E2,6.930580596628E0,
-1.677490032571E2));
#6757=CARTESIAN_POINT('',(-1.198495896023E2,5.953892786575E0,
-1.668182435393E2));
#6758=CARTESIAN_POINT('',(-1.198002439681E2,5.939617204531E0,
-1.668915469419E2));
#6759=CARTESIAN_POINT('',(-1.196835224631E2,5.911149539586E0,
-1.670531727933E2));
#6760=CARTESIAN_POINT('',(-1.194800739751E2,5.880523918758E0,
-1.672948529741E2));
#6761=CARTESIAN_POINT('',(-1.192349241222E2,5.866643343806E0,
-1.675407345192E2));
#6762=CARTESIAN_POINT('',(-1.189840788042E2,5.875153036463E0,
-1.677518784791E2));
#6763=CARTESIAN_POINT('',(-1.188114197296E2,5.894564372224E0,
-1.678754383146E2));
#6764=CARTESIAN_POINT('',(-1.187349946916E2,5.905781313410E0,
-1.679262368421E2));
#6765=(BOUNDED_SURFACE()B_SPLINE_SURFACE(3,3,((#6733,#6734,#6735,#6736,#6737,
#6738,#6739,#6740),(#6741,#6742,#6743,#6744,#6745,#6746,#6747,#6748),(#6749,
#6750,#6751,#6752,#6753,#6754,#6755,#6756),(#6757,#6758,#6759,#6760,#6761,#6762,
#6763,#6764)),.UNSPECIFIED.,.F.,.F.,.F.)B_SPLINE_SURFACE_WITH_KNOTS((4,4),(4,1,
1,1,1,4),(0.E0,1.E0),(-2.617596541870E-1,0.E0,3.252664760489E-1,
6.579636758437E-1,1.E0,1.259953092543E0),.UNSPECIFIED.)GEOMETRIC_REPRESENTATION_ITEM()RATIONAL_B_SPLINE_SURFACE(((1.064772741198E0,1.064772741198E0,
1.064772741198E0,1.064772741198E0,1.064772741198E0,1.064772741198E0,
1.064772741198E0,1.064772741198E0),(9.784090862672E-1,9.784090862672E-1,
9.784090862672E-1,9.784090862672E-1,9.784090862672E-1,9.784090862672E-1,
9.784090862672E-1,9.784090862672E-1),(9.784090862672E-1,9.784090862672E-1,
9.784090862672E-1,9.784090862672E-1,9.784090862672E-1,9.784090862672E-1,
9.784090862672E-1,9.784090862672E-1),(1.064772741198E0,1.064772741198E0,
1.064772741198E0,1.064772741198E0,1.064772741198E0,1.064772741198E0,
1.064772741198E0,1.064772741198E0)))REPRESENTATION_ITEM('')SURFACE());
#6767=ORIENTED_EDGE('',*,*,#6766,.T.);
#6769=ORIENTED_EDGE('',*,*,#6768,.T.);
#6770=ORIENTED_EDGE('',*,*,#6722,.F.);
#6772=ORIENTED_EDGE('',*,*,#6771,.F.);
#6773=EDGE_LOOP('',(#6767,#6769,#6770,#6772));
#6774=FACE_OUTER_BOUND('',#6773,.F.);
#6775=ADVANCED_FACE('',(#6774),#6765,.F.);
#6776=CARTESIAN_POINT('',(-1.165E2,-2.77684E1,-1.645637434320E2));
#6777=DIRECTION('',(0.E0,-1.E0,0.E0));
#6778=DIRECTION('',(-1.E0,0.E0,0.E0));
#6779=AXIS2_PLACEMENT_3D('',#6776,#6777,#6778);
#6780=CYLINDRICAL_SURFACE('',#6779,4.E0);
#6782=ORIENTED_EDGE('',*,*,#6781,.F.);
#6783=ORIENTED_EDGE('',*,*,#6766,.F.);
#6785=ORIENTED_EDGE('',*,*,#6784,.F.);
#6787=ORIENTED_EDGE('',*,*,#6786,.F.);
#6789=ORIENTED_EDGE('',*,*,#6788,.F.);
#6791=ORIENTED_EDGE('',*,*,#6790,.F.);
#6792=EDGE_LOOP('',(#6782,#6783,#6785,#6787,#6789,#6791));
#6793=FACE_OUTER_BOUND('',#6792,.F.);
#6794=ADVANCED_FACE('',(#6793),#6780,.T.);
#6795=CARTESIAN_POINT('',(-1.196283388259E2,8.582068449217E0,
-1.684584334411E2));
#6796=CARTESIAN_POINT('',(-1.196271149064E2,8.582143513067E0,
-1.684594044054E2));
#6797=CARTESIAN_POINT('',(-1.196054739711E2,8.583457333068E0,
-1.684765582155E2));
#6798=CARTESIAN_POINT('',(-1.195631606193E2,8.585565005053E0,
-1.685096017042E2));
#6799=CARTESIAN_POINT('',(-1.195008514196E2,8.587407579962E0,
-1.685569023168E2));
#6800=CARTESIAN_POINT('',(-1.194576188977E2,8.587829372335E0,
-1.685887985317E2));
#6801=CARTESIAN_POINT('',(-1.194352588173E2,8.587816346087E0,
-1.686050463770E2));
#6802=CARTESIAN_POINT('',(-1.194339922749E2,8.587814870752E0,
-1.686059659097E2));
#6803=CARTESIAN_POINT('',(-1.191330824027E2,7.887109298571E0,
-1.678631514350E2));
#6804=CARTESIAN_POINT('',(-1.191321151997E2,7.887177760616E0,
-1.678639165262E2));
#6805=CARTESIAN_POINT('',(-1.191150136775E2,7.888376027276E0,
-1.678774334097E2));
#6806=CARTESIAN_POINT('',(-1.190815841442E2,7.890298186524E0,
-1.679034775396E2));
#6807=CARTESIAN_POINT('',(-1.190323775750E2,7.891978449433E0,
-1.679407781684E2));
#6808=CARTESIAN_POINT('',(-1.189982490021E2,7.892363070886E0,
-1.679659455440E2));
#6809=CARTESIAN_POINT('',(-1.189806006697E2,7.892351192727E0,
-1.679787699917E2));
#6810=CARTESIAN_POINT('',(-1.189796010249E2,7.892349847433E0,
-1.679794957940E2));
#6811=CARTESIAN_POINT('',(-1.188906834268E2,6.907007588543E0,
-1.676116535486E2));
#6812=CARTESIAN_POINT('',(-1.188899596877E2,6.907066740054E0,
-1.676122202675E2));
#6813=CARTESIAN_POINT('',(-1.188771635736E2,6.908102041702E0,
-1.676222329952E2));
#6814=CARTESIAN_POINT('',(-1.188521714114E2,6.909762572117E0,
-1.676415423356E2));
#6815=CARTESIAN_POINT('',(-1.188154381145E2,6.911213926221E0,
-1.676692480448E2));
#6816=CARTESIAN_POINT('',(-1.187899942908E2,6.911546125480E0,
-1.676879793905E2));
#6817=CARTESIAN_POINT('',(-1.187768451665E2,6.911535866472E0,
-1.676975353878E2));
#6818=CARTESIAN_POINT('',(-1.187761003939E2,6.911534704576E0,
-1.676980762476E2));
#6819=CARTESIAN_POINT('',(-1.189601247806E2,5.880251223527E0,
-1.677651366996E2));
#6820=CARTESIAN_POINT('',(-1.189595720106E2,5.880300621307E0,
-1.677655608170E2));
#6821=CARTESIAN_POINT('',(-1.189497996658E2,5.881165200505E0,
-1.677730548251E2));
#6822=CARTESIAN_POINT('',(-1.189307453641E2,5.882551648073E0,
-1.677875327201E2));
#6823=CARTESIAN_POINT('',(-1.189028208629E2,5.883763196888E0,
-1.678083833033E2));
#6824=CARTESIAN_POINT('',(-1.188835293307E2,5.884040478561E0,
-1.678225375062E2));
#6825=CARTESIAN_POINT('',(-1.188735720834E2,5.884031915779E0,
-1.678297753112E2));
#6826=CARTESIAN_POINT('',(-1.188730081396E2,5.884030946009E0,
-1.678301850184E2));
#6827=(BOUNDED_SURFACE()B_SPLINE_SURFACE(3,3,((#6795,#6796,#6797,#6798,#6799,
#6800,#6801,#6802),(#6803,#6804,#6805,#6806,#6807,#6808,#6809,#6810),(#6811,
#6812,#6813,#6814,#6815,#6816,#6817,#6818),(#6819,#6820,#6821,#6822,#6823,#6824,
#6825,#6826)),.UNSPECIFIED.,.F.,.F.,.F.)B_SPLINE_SURFACE_WITH_KNOTS((4,4),(4,1,
1,1,1,4),(0.E0,1.E0),(-2.000000014349E-2,0.E0,3.335052906035E-1,
6.668066406278E-1,1.E0,1.020000011367E0),.UNSPECIFIED.)GEOMETRIC_REPRESENTATION_ITEM()RATIONAL_B_SPLINE_SURFACE(((1.064772720030E0,1.064772720030E0,
1.064772720030E0,1.064772720030E0,1.064772720030E0,1.064772720030E0,
1.064772720030E0,1.064772720030E0),(9.784090933233E-1,9.784090933233E-1,
9.784090933233E-1,9.784090933233E-1,9.784090933233E-1,9.784090933233E-1,
9.784090933233E-1,9.784090933233E-1),(9.784090933233E-1,9.784090933233E-1,
9.784090933233E-1,9.784090933233E-1,9.784090933233E-1,9.784090933233E-1,
9.784090933233E-1,9.784090933233E-1),(1.064772720030E0,1.064772720030E0,
1.064772720030E0,1.064772720030E0,1.064772720030E0,1.064772720030E0,
1.064772720030E0,1.064772720030E0)))REPRESENTATION_ITEM('')SURFACE());
#6828=ORIENTED_EDGE('',*,*,#6781,.T.);
#6830=ORIENTED_EDGE('',*,*,#6829,.T.);
#6831=ORIENTED_EDGE('',*,*,#6708,.F.);
#6832=ORIENTED_EDGE('',*,*,#6768,.F.);
#6833=EDGE_LOOP('',(#6828,#6830,#6831,#6832));
#6834=FACE_OUTER_BOUND('',#6833,.F.);
#6835=ADVANCED_FACE('',(#6834),#6827,.F.);
#6836=CARTESIAN_POINT('',(-1.210494161582E2,6.356425121165E0,
-1.699105583679E2));
#6837=DIRECTION('',(-8.087360843032E-1,0.E0,5.881716976750E-1));
#6838=DIRECTION('',(5.881716976750E-1,0.E0,8.087360843032E-1));
#6839=AXIS2_PLACEMENT_3D('',#6836,#6837,#6838);
#6840=CYLINDRICAL_SURFACE('',#6839,3.E0);
#6842=ORIENTED_EDGE('',*,*,#6841,.T.);
#6844=ORIENTED_EDGE('',*,*,#6843,.T.);
#6845=ORIENTED_EDGE('',*,*,#6710,.F.);
#6846=ORIENTED_EDGE('',*,*,#6829,.F.);
#6847=EDGE_LOOP('',(#6842,#6844,#6845,#6846));
#6848=FACE_OUTER_BOUND('',#6847,.F.);
#6849=ADVANCED_FACE('',(#6848),#6840,.F.);
#6850=CARTESIAN_POINT('',(-1.1775E2,8.E0,-1.686006417988E2));
#6851=DIRECTION('',(5.881716976750E-1,0.E0,8.087360843032E-1));
#6852=DIRECTION('',(-8.087360843032E-1,0.E0,5.881716976750E-1));
#6853=AXIS2_PLACEMENT_3D('',#6850,#6851,#6852);
#6854=PLANE('',#6853);
#6855=ORIENTED_EDGE('',*,*,#6841,.F.);
#6856=ORIENTED_EDGE('',*,*,#6790,.T.);
#6858=ORIENTED_EDGE('',*,*,#6857,.F.);
#6860=ORIENTED_EDGE('',*,*,#6859,.F.);
#6861=EDGE_LOOP('',(#6855,#6856,#6858,#6860));
#6862=FACE_OUTER_BOUND('',#6861,.F.);
#6863=ADVANCED_FACE('',(#6862),#6854,.F.);
#6864=CARTESIAN_POINT('',(-1.25E2,0.E0,0.E0));
#6865=DIRECTION('',(0.E0,-1.E0,0.E0));
#6866=DIRECTION('',(-1.E0,0.E0,0.E0));
#6867=AXIS2_PLACEMENT_3D('',#6864,#6865,#6866);
#6868=PLANE('',#6867);
#6869=ORIENTED_EDGE('',*,*,#5903,.F.);
#6871=ORIENTED_EDGE('',*,*,#6870,.T.);
#6872=ORIENTED_EDGE('',*,*,#6671,.T.);
#6874=ORIENTED_EDGE('',*,*,#6873,.T.);
#6875=ORIENTED_EDGE('',*,*,#6857,.T.);
#6876=ORIENTED_EDGE('',*,*,#6788,.T.);
#6878=ORIENTED_EDGE('',*,*,#6877,.T.);
#6879=ORIENTED_EDGE('',*,*,#5785,.T.);
#6880=ORIENTED_EDGE('',*,*,#6197,.T.);
#6881=ORIENTED_EDGE('',*,*,#6391,.T.);
#6883=ORIENTED_EDGE('',*,*,#6882,.T.);
#6885=ORIENTED_EDGE('',*,*,#6884,.T.);
#6886=ORIENTED_EDGE('',*,*,#6557,.T.);
#6888=ORIENTED_EDGE('',*,*,#6887,.T.);
#6889=EDGE_LOOP('',(#6869,#6871,#6872,#6874,#6875,#6876,#6878,#6879,#6880,#6881,
#6883,#6885,#6886,#6888));
#6890=FACE_OUTER_BOUND('',#6889,.F.);
#6891=ADVANCED_FACE('',(#6890),#6868,.F.);
#6892=CARTESIAN_POINT('',(-1.14E2,6.818527839154E-1,-1.996006417988E2));
#6893=DIRECTION('',(7.071067811865E-1,0.E0,7.071067811865E-1));
#6894=DIRECTION('',(7.071067811865E-1,0.E0,-7.071067811865E-1));
#6895=AXIS2_PLACEMENT_3D('',#6892,#6893,#6894);
#6896=PLANE('',#6895);
#6897=ORIENTED_EDGE('',*,*,#6673,.F.);
#6898=ORIENTED_EDGE('',*,*,#6870,.F.);
#6899=ORIENTED_EDGE('',*,*,#5901,.T.);
#6901=ORIENTED_EDGE('',*,*,#6900,.F.);
#6902=EDGE_LOOP('',(#6897,#6898,#6899,#6901));
#6903=FACE_OUTER_BOUND('',#6902,.F.);
#6904=ADVANCED_FACE('',(#6903),#6896,.F.);
#6905=CARTESIAN_POINT('',(-1.140000000034E2,1.363705567831E0,
-1.976006417988E2));
#6906=DIRECTION('',(1.E0,0.E0,0.E0));
#6907=DIRECTION('',(0.E0,0.E0,1.E0));
#6908=AXIS2_PLACEMENT_3D('',#6905,#6906,#6907);
#6909=CONICAL_SURFACE('',#6908,1.999999996559E0,4.5E1);
#6910=ORIENTED_EDGE('',*,*,#6675,.F.);
#6911=ORIENTED_EDGE('',*,*,#6900,.T.);
#6913=ORIENTED_EDGE('',*,*,#6912,.T.);
#6915=ORIENTED_EDGE('',*,*,#6914,.F.);
#6916=EDGE_LOOP('',(#6910,#6911,#6913,#6915));
#6917=FACE_OUTER_BOUND('',#6916,.F.);
#6918=ADVANCED_FACE('',(#6917),#6909,.T.);
#6919=CARTESIAN_POINT('',(2.319253882083E2,1.363705567831E0,-1.976006417988E2));
#6920=DIRECTION('',(1.E0,0.E0,0.E0));
#6921=DIRECTION('',(0.E0,0.E0,-1.E0));
#6922=AXIS2_PLACEMENT_3D('',#6919,#6920,#6921);
#6923=CYLINDRICAL_SURFACE('',#6922,3.E0);
#6924=ORIENTED_EDGE('',*,*,#6912,.F.);
#6925=ORIENTED_EDGE('',*,*,#5899,.F.);
#6927=ORIENTED_EDGE('',*,*,#6926,.T.);
#6929=ORIENTED_EDGE('',*,*,#6928,.T.);
#6930=EDGE_LOOP('',(#6924,#6925,#6927,#6929));
#6931=FACE_OUTER_BOUND('',#6930,.F.);
#6932=ADVANCED_FACE('',(#6931),#6923,.T.);
#6933=CARTESIAN_POINT('',(-1.109999999949E2,1.363705567831E0,
-1.976006417988E2));
#6934=DIRECTION('',(-1.E0,0.E0,0.E0));
#6935=DIRECTION('',(0.E0,0.E0,1.E0));
#6936=AXIS2_PLACEMENT_3D('',#6933,#6934,#6935);
#6937=CONICAL_SURFACE('',#6936,1.999999994904E0,4.5E1);
#6938=ORIENTED_EDGE('',*,*,#6926,.F.);
#6940=ORIENTED_EDGE('',*,*,#6939,.T.);
#6942=ORIENTED_EDGE('',*,*,#6941,.T.);
#6944=ORIENTED_EDGE('',*,*,#6943,.F.);
#6945=EDGE_LOOP('',(#6938,#6940,#6942,#6944));
#6946=FACE_OUTER_BOUND('',#6945,.F.);
#6947=ADVANCED_FACE('',(#6946),#6937,.T.);
#6948=CARTESIAN_POINT('',(-1.11E2,6.818527839154E-1,-1.996006417988E2));
#6949=DIRECTION('',(-7.071067811865E-1,0.E0,7.071067811865E-1));
#6950=DIRECTION('',(7.071067811865E-1,0.E0,7.071067811865E-1));
#6951=AXIS2_PLACEMENT_3D('',#6948,#6949,#6950);
#6952=PLANE('',#6951);
#6953=ORIENTED_EDGE('',*,*,#5897,.F.);
#6955=ORIENTED_EDGE('',*,*,#6954,.F.);
#6957=ORIENTED_EDGE('',*,*,#6956,.T.);
#6958=ORIENTED_EDGE('',*,*,#6939,.F.);
#6959=EDGE_LOOP('',(#6953,#6955,#6957,#6958));
#6960=FACE_OUTER_BOUND('',#6959,.F.);
#6961=ADVANCED_FACE('',(#6960),#6952,.F.);
#6962=CARTESIAN_POINT('',(-1.25E2,0.E0,0.E0));
#6963=DIRECTION('',(0.E0,-1.E0,0.E0));
#6964=DIRECTION('',(-1.E0,0.E0,0.E0));
#6965=AXIS2_PLACEMENT_3D('',#6962,#6963,#6964);
#6966=PLANE('',#6965);
#6968=ORIENTED_EDGE('',*,*,#6967,.F.);
#6969=ORIENTED_EDGE('',*,*,#5809,.F.);
#6971=ORIENTED_EDGE('',*,*,#6970,.T.);
#6973=ORIENTED_EDGE('',*,*,#6972,.T.);
#6975=ORIENTED_EDGE('',*,*,#6974,.F.);
#6977=ORIENTED_EDGE('',*,*,#6976,.F.);
#6979=ORIENTED_EDGE('',*,*,#6978,.F.);
#6981=ORIENTED_EDGE('',*,*,#6980,.F.);
#6982=ORIENTED_EDGE('',*,*,#5887,.F.);
#6984=ORIENTED_EDGE('',*,*,#6983,.F.);
#6986=ORIENTED_EDGE('',*,*,#6985,.T.);
#6988=ORIENTED_EDGE('',*,*,#6987,.T.);
#6990=ORIENTED_EDGE('',*,*,#6989,.T.);
#6992=ORIENTED_EDGE('',*,*,#6991,.F.);
#6993=EDGE_LOOP('',(#6968,#6969,#6971,#6973,#6975,#6977,#6979,#6981,#6982,#6984,
#6986,#6988,#6990,#6992));
#6994=FACE_OUTER_BOUND('',#6993,.F.);
#6995=ADVANCED_FACE('',(#6994),#6966,.F.);
#6996=CARTESIAN_POINT('',(-1.25E2,0.E0,0.E0));
#6997=DIRECTION('',(0.E0,-1.E0,0.E0));
#6998=DIRECTION('',(-1.E0,0.E0,0.E0));
#6999=AXIS2_PLACEMENT_3D('',#6996,#6997,#6998);
#7000=PLANE('',#6999);
#7002=ORIENTED_EDGE('',*,*,#7001,.F.);
#7003=ORIENTED_EDGE('',*,*,#5797,.F.);
#7005=ORIENTED_EDGE('',*,*,#7004,.T.);
#7007=ORIENTED_EDGE('',*,*,#7006,.T.);
#7009=ORIENTED_EDGE('',*,*,#7008,.F.);
#7011=ORIENTED_EDGE('',*,*,#7010,.F.);
#7013=ORIENTED_EDGE('',*,*,#7012,.T.);
#7014=ORIENTED_EDGE('',*,*,#6954,.T.);
#7015=ORIENTED_EDGE('',*,*,#5895,.F.);
#7017=ORIENTED_EDGE('',*,*,#7016,.F.);
#7019=ORIENTED_EDGE('',*,*,#7018,.T.);
#7021=ORIENTED_EDGE('',*,*,#7020,.T.);
#7023=ORIENTED_EDGE('',*,*,#7022,.T.);
#7025=ORIENTED_EDGE('',*,*,#7024,.F.);
#7026=EDGE_LOOP('',(#7002,#7003,#7005,#7007,#7009,#7011,#7013,#7014,#7015,#7017,
#7019,#7021,#7023,#7025));
#7027=FACE_OUTER_BOUND('',#7026,.F.);
#7028=ADVANCED_FACE('',(#7027),#7000,.F.);
#7029=CARTESIAN_POINT('',(-7.05E1,1.6E1,-1.875208923591E2));
#7030=DIRECTION('',(-1.E0,0.E0,0.E0));
#7031=DIRECTION('',(0.E0,0.E0,1.E0));
#7032=AXIS2_PLACEMENT_3D('',#7029,#7030,#7031);
#7033=PLANE('',#7032);
#7034=ORIENTED_EDGE('',*,*,#6967,.T.);
#7036=ORIENTED_EDGE('',*,*,#7035,.T.);
#7038=ORIENTED_EDGE('',*,*,#7037,.F.);
#7040=ORIENTED_EDGE('',*,*,#7039,.F.);
#7042=ORIENTED_EDGE('',*,*,#7041,.T.);
#7044=ORIENTED_EDGE('',*,*,#7043,.T.);
#7046=ORIENTED_EDGE('',*,*,#7045,.T.);
#7048=ORIENTED_EDGE('',*,*,#7047,.T.);
#7049=ORIENTED_EDGE('',*,*,#5811,.T.);
#7050=EDGE_LOOP('',(#7034,#7036,#7038,#7040,#7042,#7044,#7046,#7048,#7049));
#7051=FACE_OUTER_BOUND('',#7050,.F.);
#7052=ADVANCED_FACE('',(#7051),#7033,.T.);
#7053=CARTESIAN_POINT('',(-6.65E1,-2.77684E1,-1.645637434320E2));
#7054=DIRECTION('',(0.E0,-1.E0,0.E0));
#7055=DIRECTION('',(-1.E0,0.E0,0.E0));
#7056=AXIS2_PLACEMENT_3D('',#7053,#7054,#7055);
#7057=CYLINDRICAL_SURFACE('',#7056,4.E0);
#7058=ORIENTED_EDGE('',*,*,#6991,.T.);
#7060=ORIENTED_EDGE('',*,*,#7059,.F.);
#7062=ORIENTED_EDGE('',*,*,#7061,.F.);
#7064=ORIENTED_EDGE('',*,*,#7063,.F.);
#7066=ORIENTED_EDGE('',*,*,#7065,.F.);
#7067=ORIENTED_EDGE('',*,*,#7035,.F.);
#7068=EDGE_LOOP('',(#7058,#7060,#7062,#7064,#7066,#7067));
#7069=FACE_OUTER_BOUND('',#7068,.F.);
#7070=ADVANCED_FACE('',(#7069),#7057,.T.);
#7071=CARTESIAN_POINT('',(-6.775E1,8.E0,-1.686006417988E2));
#7072=DIRECTION('',(5.881716976750E-1,0.E0,8.087360843032E-1));
#7073=DIRECTION('',(-8.087360843032E-1,0.E0,5.881716976750E-1));
#7074=AXIS2_PLACEMENT_3D('',#7071,#7072,#7073);
#7075=PLANE('',#7074);
#7076=ORIENTED_EDGE('',*,*,#6989,.F.);
#7078=ORIENTED_EDGE('',*,*,#7077,.F.);
#7080=ORIENTED_EDGE('',*,*,#7079,.F.);
#7081=ORIENTED_EDGE('',*,*,#7059,.T.);
#7082=EDGE_LOOP('',(#7076,#7078,#7080,#7081));
#7083=FACE_OUTER_BOUND('',#7082,.F.);
#7084=ADVANCED_FACE('',(#7083),#7075,.F.);
#7085=CARTESIAN_POINT('',(-6.9E1,-2.77684E1,-1.726375401656E2));
#7086=DIRECTION('',(0.E0,-1.E0,0.E0));
#7087=DIRECTION('',(1.E0,0.E0,0.E0));
#7088=AXIS2_PLACEMENT_3D('',#7085,#7086,#7087);
#7089=CYLINDRICAL_SURFACE('',#7088,4.E0);
#7090=ORIENTED_EDGE('',*,*,#6987,.F.);
#7092=ORIENTED_EDGE('',*,*,#7091,.F.);
#7094=ORIENTED_EDGE('',*,*,#7093,.F.);
#7095=ORIENTED_EDGE('',*,*,#7077,.T.);
#7096=EDGE_LOOP('',(#7090,#7092,#7094,#7095));
#7097=FACE_OUTER_BOUND('',#7096,.F.);
#7098=ADVANCED_FACE('',(#7097),#7089,.F.);
#7099=CARTESIAN_POINT('',(-6.5E1,1.6E1,-2.145566473324E2));
#7100=DIRECTION('',(-1.E0,0.E0,0.E0));
#7101=DIRECTION('',(0.E0,0.E0,1.E0));
#7102=AXIS2_PLACEMENT_3D('',#7099,#7100,#7101);
#7103=PLANE('',#7102);
#7104=ORIENTED_EDGE('',*,*,#6985,.F.);
#7106=ORIENTED_EDGE('',*,*,#7105,.T.);
#7108=ORIENTED_EDGE('',*,*,#7107,.T.);
#7110=ORIENTED_EDGE('',*,*,#7109,.T.);
#7112=ORIENTED_EDGE('',*,*,#7111,.T.);
#7114=ORIENTED_EDGE('',*,*,#7113,.F.);
#7116=ORIENTED_EDGE('',*,*,#7115,.F.);
#7117=ORIENTED_EDGE('',*,*,#7091,.T.);
#7118=EDGE_LOOP('',(#7104,#7106,#7108,#7110,#7112,#7114,#7116,#7117));
#7119=FACE_OUTER_BOUND('',#7118,.F.);
#7120=ADVANCED_FACE('',(#7119),#7103,.T.);
#7121=CARTESIAN_POINT('',(-6.4E1,6.818527839154E-1,-1.996006417988E2));
#7122=DIRECTION('',(7.071067811865E-1,0.E0,7.071067811865E-1));
#7123=DIRECTION('',(7.071067811865E-1,0.E0,-7.071067811865E-1));
#7124=AXIS2_PLACEMENT_3D('',#7121,#7122,#7123);
#7125=PLANE('',#7124);
#7126=ORIENTED_EDGE('',*,*,#6983,.T.);
#7127=ORIENTED_EDGE('',*,*,#5885,.T.);
#7129=ORIENTED_EDGE('',*,*,#7128,.F.);
#7130=ORIENTED_EDGE('',*,*,#7105,.F.);
#7131=EDGE_LOOP('',(#7126,#7127,#7129,#7130));
#7132=FACE_OUTER_BOUND('',#7131,.F.);
#7133=ADVANCED_FACE('',(#7132),#7125,.F.);
#7134=CARTESIAN_POINT('',(-6.400000000344E1,1.363705567831E0,
-1.976006417988E2));
#7135=DIRECTION('',(1.E0,0.E0,0.E0));
#7136=DIRECTION('',(0.E0,0.E0,1.E0));
#7137=AXIS2_PLACEMENT_3D('',#7134,#7135,#7136);
#7138=CONICAL_SURFACE('',#7137,1.999999996559E0,4.5E1);
#7139=ORIENTED_EDGE('',*,*,#7107,.F.);
#7140=ORIENTED_EDGE('',*,*,#7128,.T.);
#7141=ORIENTED_EDGE('',*,*,#5946,.T.);
#7143=ORIENTED_EDGE('',*,*,#7142,.F.);
#7144=EDGE_LOOP('',(#7139,#7140,#7141,#7143));
#7145=FACE_OUTER_BOUND('',#7144,.F.);
#7146=ADVANCED_FACE('',(#7145),#7138,.T.);
#7147=CARTESIAN_POINT('',(-6.4E1,6.149897997541E0,-1.890277375989E2));
#7148=DIRECTION('',(7.071067811865E-1,-6.746721124234E-1,2.117015368820E-1));
#7149=DIRECTION('',(7.071067811865E-1,6.746721124234E-1,-2.117015368820E-1));
#7150=AXIS2_PLACEMENT_3D('',#7147,#7148,#7149);
#7151=PLANE('',#7150);
#7152=ORIENTED_EDGE('',*,*,#7109,.F.);
#7153=ORIENTED_EDGE('',*,*,#7142,.T.);
#7154=ORIENTED_EDGE('',*,*,#5961,.T.);
#7156=ORIENTED_EDGE('',*,*,#7155,.F.);
#7157=EDGE_LOOP('',(#7152,#7153,#7154,#7156));
#7158=FACE_OUTER_BOUND('',#7157,.F.);
#7159=ADVANCED_FACE('',(#7158),#7151,.F.);
#7160=CARTESIAN_POINT('',(-6.399999999947E1,2.076363407815E1,
-1.835385626009E2));
#7161=DIRECTION('',(-1.E0,0.E0,0.E0));
#7162=DIRECTION('',(0.E0,0.E0,1.E0));
#7163=AXIS2_PLACEMENT_3D('',#7160,#7161,#7162);
#7164=CONICAL_SURFACE('',#7163,1.229999999947E1,4.5E1);
#7165=ORIENTED_EDGE('',*,*,#7111,.F.);
#7166=ORIENTED_EDGE('',*,*,#7155,.T.);
#7167=ORIENTED_EDGE('',*,*,#5976,.T.);
#7169=ORIENTED_EDGE('',*,*,#7168,.F.);
#7170=EDGE_LOOP('',(#7165,#7166,#7167,#7169));
#7171=FACE_OUTER_BOUND('',#7170,.F.);
#7172=ADVANCED_FACE('',(#7171),#7164,.F.);
#7173=CARTESIAN_POINT('',(-6.400000726868E1,1.118372116804E1,
-1.757711761561E2));
#7174=DIRECTION('',(7.071067811865E-1,-5.804103332845E-1,4.038859306990E-1));
#7175=DIRECTION('',(7.071067811865E-1,5.804103332845E-1,-4.038859306990E-1));
#7176=AXIS2_PLACEMENT_3D('',#7173,#7174,#7175);
#7177=PLANE('',#7176);
#7178=ORIENTED_EDGE('',*,*,#7113,.T.);
#7179=ORIENTED_EDGE('',*,*,#7168,.T.);
#7180=ORIENTED_EDGE('',*,*,#5991,.T.);
#7181=ORIENTED_EDGE('',*,*,#6006,.F.);
#7182=ORIENTED_EDGE('',*,*,#6093,.F.);
#7184=ORIENTED_EDGE('',*,*,#7183,.F.);
#7185=ORIENTED_EDGE('',*,*,#7041,.F.);
#7187=ORIENTED_EDGE('',*,*,#7186,.T.);
#7189=ORIENTED_EDGE('',*,*,#7188,.T.);
#7191=ORIENTED_EDGE('',*,*,#7190,.F.);
#7192=EDGE_LOOP('',(#7178,#7179,#7180,#7181,#7182,#7184,#7185,#7187,#7189,
#7191));
#7193=FACE_OUTER_BOUND('',#7192,.F.);
#7194=ADVANCED_FACE('',(#7193),#7177,.F.);
#7195=CARTESIAN_POINT('',(-1.035545422388E2,-2.990845276318E1,
-1.526979348547E2));
#7196=DIRECTION('',(-6.903279831613E-1,-6.903279831613E-1,2.165514980989E-1));
#7197=DIRECTION('',(-7.071067811865E-1,7.071067811865E-1,0.E0));
#7198=AXIS2_PLACEMENT_3D('',#7195,#7196,#7197);
#7199=CYLINDRICAL_SURFACE('',#7198,5.2E0);
#7200=ORIENTED_EDGE('',*,*,#6091,.F.);
#7202=ORIENTED_EDGE('',*,*,#7201,.F.);
#7203=ORIENTED_EDGE('',*,*,#7043,.F.);
#7204=ORIENTED_EDGE('',*,*,#7183,.T.);
#7205=EDGE_LOOP('',(#7200,#7202,#7203,#7204));
#7206=FACE_OUTER_BOUND('',#7205,.F.);
#7207=ADVANCED_FACE('',(#7206),#7199,.T.);
#7208=CARTESIAN_POINT('',(-6.775E1,1.325E1,-1.636006417988E2));
#7209=DIRECTION('',(7.071067811865E-1,-7.071067811865E-1,0.E0));
#7210=DIRECTION('',(-7.071067811865E-1,-7.071067811865E-1,0.E0));
#7211=AXIS2_PLACEMENT_3D('',#7208,#7209,#7210);
#7212=PLANE('',#7211);
#7213=ORIENTED_EDGE('',*,*,#7201,.T.);
#7214=ORIENTED_EDGE('',*,*,#6089,.F.);
#7216=ORIENTED_EDGE('',*,*,#7215,.F.);
#7217=ORIENTED_EDGE('',*,*,#7045,.F.);
#7218=EDGE_LOOP('',(#7213,#7214,#7216,#7217));
#7219=FACE_OUTER_BOUND('',#7218,.F.);
#7220=ADVANCED_FACE('',(#7219),#7212,.F.);
#7221=CARTESIAN_POINT('',(-1.045257593129E2,-2.77684E1,-1.636006417988E2));
#7222=DIRECTION('',(-7.071067811865E-1,-7.071067811865E-1,0.E0));
#7223=DIRECTION('',(0.E0,0.E0,1.E0));
#7224=AXIS2_PLACEMENT_3D('',#7221,#7222,#7223);
#7225=CYLINDRICAL_SURFACE('',#7224,3.E0);
#7226=ORIENTED_EDGE('',*,*,#7047,.F.);
#7227=ORIENTED_EDGE('',*,*,#7215,.T.);
#7229=ORIENTED_EDGE('',*,*,#7228,.T.);
#7230=ORIENTED_EDGE('',*,*,#5813,.F.);
#7231=EDGE_LOOP('',(#7226,#7227,#7229,#7230));
#7232=FACE_OUTER_BOUND('',#7231,.F.);
#7233=ADVANCED_FACE('',(#7232),#7225,.T.);
#7234=CARTESIAN_POINT('',(-4.080158864294E2,1.3E1,-1.636006417988E2));
#7235=DIRECTION('',(1.E0,0.E0,0.E0));
#7236=DIRECTION('',(0.E0,1.E0,0.E0));
#7237=AXIS2_PLACEMENT_3D('',#7234,#7235,#7236);
#7238=CYLINDRICAL_SURFACE('',#7237,3.E0);
#7239=ORIENTED_EDGE('',*,*,#5815,.T.);
#7240=ORIENTED_EDGE('',*,*,#7228,.F.);
#7241=ORIENTED_EDGE('',*,*,#6087,.T.);
#7243=ORIENTED_EDGE('',*,*,#7242,.T.);
#7244=EDGE_LOOP('',(#7239,#7240,#7241,#7243));
#7245=FACE_OUTER_BOUND('',#7244,.F.);
#7246=ADVANCED_FACE('',(#7245),#7238,.T.);
#7247=CARTESIAN_POINT('',(-2.047424068712E1,-2.77684E1,-1.636006417988E2));
#7248=DIRECTION('',(-7.071067811865E-1,7.071067811865E-1,0.E0));
#7249=DIRECTION('',(0.E0,0.E0,1.E0));
#7250=AXIS2_PLACEMENT_3D('',#7247,#7248,#7249);
#7251=CYLINDRICAL_SURFACE('',#7250,3.E0);
#7253=ORIENTED_EDGE('',*,*,#7252,.T.);
#7254=ORIENTED_EDGE('',*,*,#5817,.T.);
#7255=ORIENTED_EDGE('',*,*,#7242,.F.);
#7257=ORIENTED_EDGE('',*,*,#7256,.F.);
#7258=EDGE_LOOP('',(#7253,#7254,#7255,#7257));
#7259=FACE_OUTER_BOUND('',#7258,.F.);
#7260=ADVANCED_FACE('',(#7259),#7251,.T.);
#7261=CARTESIAN_POINT('',(-5.45E1,1.6E1,-1.875208923591E2));
#7262=DIRECTION('',(-1.E0,0.E0,0.E0));
#7263=DIRECTION('',(0.E0,0.E0,1.E0));
#7264=AXIS2_PLACEMENT_3D('',#7261,#7262,#7263);
#7265=PLANE('',#7264);
#7266=ORIENTED_EDGE('',*,*,#5714,.F.);
#7267=ORIENTED_EDGE('',*,*,#5819,.F.);
#7268=ORIENTED_EDGE('',*,*,#7252,.F.);
#7270=ORIENTED_EDGE('',*,*,#7269,.F.);
#7272=ORIENTED_EDGE('',*,*,#7271,.F.);
#7274=ORIENTED_EDGE('',*,*,#7273,.F.);
#7276=ORIENTED_EDGE('',*,*,#7275,.T.);
#7278=ORIENTED_EDGE('',*,*,#7277,.T.);
#7280=ORIENTED_EDGE('',*,*,#7279,.F.);
#7281=EDGE_LOOP('',(#7266,#7267,#7268,#7270,#7272,#7274,#7276,#7278,#7280));
#7282=FACE_OUTER_BOUND('',#7281,.F.);
#7283=ADVANCED_FACE('',(#7282),#7265,.F.);
#7284=CARTESIAN_POINT('',(-5.725E1,1.325E1,-1.636006417988E2));
#7285=DIRECTION('',(7.071067811865E-1,7.071067811865E-1,0.E0));
#7286=DIRECTION('',(7.071067811865E-1,-7.071067811865E-1,0.E0));
#7287=AXIS2_PLACEMENT_3D('',#7284,#7285,#7286);
#7288=PLANE('',#7287);
#7290=ORIENTED_EDGE('',*,*,#7289,.F.);
#7291=ORIENTED_EDGE('',*,*,#7269,.T.);
#7292=ORIENTED_EDGE('',*,*,#7256,.T.);
#7293=ORIENTED_EDGE('',*,*,#6100,.T.);
#7294=EDGE_LOOP('',(#7290,#7291,#7292,#7293));
#7295=FACE_OUTER_BOUND('',#7294,.F.);
#7296=ADVANCED_FACE('',(#7295),#7288,.T.);
#7297=CARTESIAN_POINT('',(-2.144545776116E1,-2.990845276318E1,
-1.526979348547E2));
#7298=DIRECTION('',(-6.903279831613E-1,6.903279831613E-1,-2.165514980989E-1));
#7299=DIRECTION('',(7.071067811865E-1,7.071067811865E-1,0.E0));
#7300=AXIS2_PLACEMENT_3D('',#7297,#7298,#7299);
#7301=CYLINDRICAL_SURFACE('',#7300,5.2E0);
#7302=ORIENTED_EDGE('',*,*,#6098,.T.);
#7304=ORIENTED_EDGE('',*,*,#7303,.F.);
#7305=ORIENTED_EDGE('',*,*,#7271,.T.);
#7306=ORIENTED_EDGE('',*,*,#7289,.T.);
#7307=EDGE_LOOP('',(#7302,#7304,#7305,#7306));
#7308=FACE_OUTER_BOUND('',#7307,.F.);
#7309=ADVANCED_FACE('',(#7308),#7301,.T.);
#7310=CARTESIAN_POINT('',(-6.099999273132E1,1.118372116804E1,
-1.757711761561E2));
#7311=DIRECTION('',(7.071067811865E-1,5.804103332845E-1,-4.038859306990E-1));
#7312=DIRECTION('',(-7.071067811865E-1,5.804103332845E-1,-4.038859306990E-1));
#7313=AXIS2_PLACEMENT_3D('',#7310,#7311,#7312);
#7314=PLANE('',#7313);
#7316=ORIENTED_EDGE('',*,*,#7315,.F.);
#7318=ORIENTED_EDGE('',*,*,#7317,.T.);
#7320=ORIENTED_EDGE('',*,*,#7319,.F.);
#7322=ORIENTED_EDGE('',*,*,#7321,.F.);
#7323=ORIENTED_EDGE('',*,*,#7273,.T.);
#7324=ORIENTED_EDGE('',*,*,#7303,.T.);
#7325=ORIENTED_EDGE('',*,*,#6096,.T.);
#7326=ORIENTED_EDGE('',*,*,#6009,.T.);
#7327=ORIENTED_EDGE('',*,*,#5994,.F.);
#7329=ORIENTED_EDGE('',*,*,#7328,.F.);
#7330=EDGE_LOOP('',(#7316,#7318,#7320,#7322,#7323,#7324,#7325,#7326,#7327,
#7329));
#7331=FACE_OUTER_BOUND('',#7330,.F.);
#7332=ADVANCED_FACE('',(#7331),#7314,.T.);
#7333=CARTESIAN_POINT('',(-6.E1,1.6E1,-2.145566473324E2));
#7334=DIRECTION('',(-1.E0,0.E0,0.E0));
#7335=DIRECTION('',(0.E0,0.E0,1.E0));
#7336=AXIS2_PLACEMENT_3D('',#7333,#7334,#7335);
#7337=PLANE('',#7336);
#7338=ORIENTED_EDGE('',*,*,#5722,.T.);
#7340=ORIENTED_EDGE('',*,*,#7339,.F.);
#7342=ORIENTED_EDGE('',*,*,#7341,.T.);
#7343=ORIENTED_EDGE('',*,*,#7315,.T.);
#7345=ORIENTED_EDGE('',*,*,#7344,.F.);
#7347=ORIENTED_EDGE('',*,*,#7346,.F.);
#7349=ORIENTED_EDGE('',*,*,#7348,.F.);
#7351=ORIENTED_EDGE('',*,*,#7350,.F.);
#7352=EDGE_LOOP('',(#7338,#7340,#7342,#7343,#7345,#7347,#7349,#7351));
#7353=FACE_OUTER_BOUND('',#7352,.F.);
#7354=ADVANCED_FACE('',(#7353),#7337,.F.);
#7355=CARTESIAN_POINT('',(-5.6E1,-2.77684E1,-1.726375401656E2));
#7356=DIRECTION('',(0.E0,1.E0,0.E0));
#7357=DIRECTION('',(-1.E0,0.E0,0.E0));
#7358=AXIS2_PLACEMENT_3D('',#7355,#7356,#7357);
#7359=CYLINDRICAL_SURFACE('',#7358,4.E0);
#7360=ORIENTED_EDGE('',*,*,#5720,.T.);
#7362=ORIENTED_EDGE('',*,*,#7361,.F.);
#7364=ORIENTED_EDGE('',*,*,#7363,.T.);
#7365=ORIENTED_EDGE('',*,*,#7339,.T.);
#7366=EDGE_LOOP('',(#7360,#7362,#7364,#7365));
#7367=FACE_OUTER_BOUND('',#7366,.F.);
#7368=ADVANCED_FACE('',(#7367),#7359,.F.);
#7369=CARTESIAN_POINT('',(-5.725E1,8.E0,-1.686006417988E2));
#7370=DIRECTION('',(5.881716976750E-1,0.E0,-8.087360843032E-1));
#7371=DIRECTION('',(8.087360843032E-1,0.E0,5.881716976750E-1));
#7372=AXIS2_PLACEMENT_3D('',#7369,#7370,#7371);
#7373=PLANE('',#7372);
#7374=ORIENTED_EDGE('',*,*,#5718,.T.);
#7376=ORIENTED_EDGE('',*,*,#7375,.F.);
#7378=ORIENTED_EDGE('',*,*,#7377,.T.);
#7379=ORIENTED_EDGE('',*,*,#7361,.T.);
#7380=EDGE_LOOP('',(#7374,#7376,#7378,#7379));
#7381=FACE_OUTER_BOUND('',#7380,.F.);
#7382=ADVANCED_FACE('',(#7381),#7373,.T.);
#7383=CARTESIAN_POINT('',(-5.85E1,-2.77684E1,-1.645637434320E2));
#7384=DIRECTION('',(0.E0,1.E0,0.E0));
#7385=DIRECTION('',(1.E0,0.E0,0.E0));
#7386=AXIS2_PLACEMENT_3D('',#7383,#7384,#7385);
#7387=CYLINDRICAL_SURFACE('',#7386,4.E0);
#7388=ORIENTED_EDGE('',*,*,#5716,.F.);
#7389=ORIENTED_EDGE('',*,*,#7279,.T.);
#7391=ORIENTED_EDGE('',*,*,#7390,.T.);
#7393=ORIENTED_EDGE('',*,*,#7392,.T.);
#7395=ORIENTED_EDGE('',*,*,#7394,.T.);
#7396=ORIENTED_EDGE('',*,*,#7375,.T.);
#7397=EDGE_LOOP('',(#7388,#7389,#7391,#7393,#7395,#7396));
#7398=FACE_OUTER_BOUND('',#7397,.F.);
#7399=ADVANCED_FACE('',(#7398),#7387,.T.);
#7400=CARTESIAN_POINT('',(-5.448876271668E1,4.186286410842E0,
-1.645580225433E2));
#7401=CARTESIAN_POINT('',(-5.448872961471E1,4.228802216490E0,
-1.646030329092E2));
#7402=CARTESIAN_POINT('',(-5.449069242289E1,4.358661979459E0,
-1.647324495322E2));
#7403=CARTESIAN_POINT('',(-5.450229127051E1,4.569335963605E0,
-1.649182360251E2));
#7404=CARTESIAN_POINT('',(-5.452658740930E1,4.796860828321E0,
-1.651253518268E2));
#7405=CARTESIAN_POINT('',(-5.455885926435E1,4.995522378567E0,
-1.653172735258E2));
#7406=CARTESIAN_POINT('',(-5.459710490537E1,5.168634949580E0,
-1.654937686013E2));
#7407=CARTESIAN_POINT('',(-5.463948175574E1,5.319633488924E0,
-1.656552094389E2));
#7408=CARTESIAN_POINT('',(-5.468400153389E1,5.450308622518E0,
-1.658009159478E2));
#7409=CARTESIAN_POINT('',(-5.473014335001E1,5.564300028463E0,
-1.659344129958E2));
#7410=CARTESIAN_POINT('',(-5.477854568643E1,5.666252745672E0,
-1.660603930291E2));
#7411=CARTESIAN_POINT('',(-5.483036649908E1,5.759645034883E0,
-1.661829840254E2));
#7412=CARTESIAN_POINT('',(-5.488645189681E1,5.845843778535E0,
-1.663042870134E2));
#7413=CARTESIAN_POINT('',(-5.494691575126E1,5.924566294601E0,
-1.664243186396E2));
#7414=CARTESIAN_POINT('',(-5.501082820987E1,5.994138373870E0,
-1.665412654224E2));
#7415=CARTESIAN_POINT('',(-5.507790649856E1,6.053560390822E0,
-1.666549009385E2));
#7416=CARTESIAN_POINT('',(-5.514816652497E1,6.102002338574E0,
-1.667655151938E2));
#7417=CARTESIAN_POINT('',(-5.522197074523E1,6.137778729348E0,
-1.668737101625E2));
#7418=CARTESIAN_POINT('',(-5.529453284498E1,6.156009750615E0,
-1.669729654696E2));
#7419=CARTESIAN_POINT('',(-5.535713495810E1,6.150645131E0,-1.670535323658E2));
#7420=CARTESIAN_POINT('',(-5.534522975177E1,6.141914375620E0,
-1.670384725381E2));
#7421=CARTESIAN_POINT('',(-5.530243245564E1,6.146125424688E0,
-1.669849993266E2));
#7422=CARTESIAN_POINT('',(-5.456224675579E1,4.876878038432E0,
-1.641830979751E2));
#7423=CARTESIAN_POINT('',(-5.455885921823E1,4.909938142026E0,
-1.642126637863E2));
#7424=CARTESIAN_POINT('',(-5.454914451965E1,5.020008743662E0,
-1.643089749495E2));
#7425=CARTESIAN_POINT('',(-5.454017824342E1,5.230165183143E0,
-1.644911587331E2));
#7426=CARTESIAN_POINT('',(-5.454391198846E1,5.471063622568E0,
-1.647183497110E2));
#7427=CARTESIAN_POINT('',(-5.455887737019E1,5.680407899208E0,
-1.649282232849E2));
#7428=CARTESIAN_POINT('',(-5.458279773343E1,5.863190307232E0,
-1.651225981696E2));
#7429=CARTESIAN_POINT('',(-5.461307971224E1,6.021927307791E0,
-1.652996308417E2));
#7430=CARTESIAN_POINT('',(-5.464841410100E1,6.160712232702E0,
-1.654626640082E2));
#7431=CARTESIAN_POINT('',(-5.468786760549E1,6.282758373117E0,
-1.656144418261E2));
#7432=CARTESIAN_POINT('',(-5.473165186588E1,6.392664551770E0,
-1.657595854997E2));
#7433=CARTESIAN_POINT('',(-5.478075538352E1,6.493974690945E0,
-1.659024976058E2));
#7434=CARTESIAN_POINT('',(-5.483605820142E1,6.588009054422E0,
-1.660453715164E2));
#7435=CARTESIAN_POINT('',(-5.489782899590E1,6.674394698711E0,
-1.661881625773E2));
#7436=CARTESIAN_POINT('',(-5.496638861490E1,6.751894501210E0,
-1.663307671358E2));
#7437=CARTESIAN_POINT('',(-5.504179588663E1,6.819106158563E0,
-1.664726988966E2));
#7438=CARTESIAN_POINT('',(-5.512545981748E1,6.875149747942E0,
-1.666157582225E2));
#7439=CARTESIAN_POINT('',(-5.521958007862E1,6.917897983056E0,
-1.667621555498E2));
#7440=CARTESIAN_POINT('',(-5.532527243752E1,6.941569353481E0,
-1.669114579522E2));
#7441=CARTESIAN_POINT('',(-5.544643442423E1,6.935925644829E0,
-1.670673618729E2));
#7442=CARTESIAN_POINT('',(-5.549313042151E1,6.913176560853E0,
-1.671218791915E2));
#7443=CARTESIAN_POINT('',(-5.548640478501E1,6.901690786768E0,
-1.671188316910E2));
#7444=CARTESIAN_POINT('',(-5.433670444122E1,5.537674493879E0,
-1.638154783631E2));
#7445=CARTESIAN_POINT('',(-5.433002948553E1,5.561692511158E0,
-1.638332696247E2));
#7446=CARTESIAN_POINT('',(-5.430902470615E1,5.652839139027E0,
-1.639067833622E2));
#7447=CARTESIAN_POINT('',(-5.428077948407E1,5.862500349662E0,
-1.640992184174E2));
#7448=CARTESIAN_POINT('',(-5.426617868633E1,6.116195713526E0,
-1.643614301145E2));
#7449=CARTESIAN_POINT('',(-5.426658955436E1,6.335762091996E0,
-1.646031181688E2));
#7450=CARTESIAN_POINT('',(-5.427931791915E1,6.527797386870E0,
-1.648280928027E2));
#7451=CARTESIAN_POINT('',(-5.430089851504E1,6.693939176770E0,
-1.650323680958E2));
#7452=CARTESIAN_POINT('',(-5.433053968183E1,6.840484209876E0,
-1.652231757972E2));
#7453=CARTESIAN_POINT('',(-5.436686562887E1,6.970237775618E0,
-1.654027569539E2));
#7454=CARTESIAN_POINT('',(-5.440971734915E1,7.087754473326E0,
-1.655760110320E2));
#7455=CARTESIAN_POINT('',(-5.446000328195E1,7.196641055592E0,
-1.657479156824E2));
#7456=CARTESIAN_POINT('',(-5.451869945561E1,7.298173177672E0,
-1.659209105371E2));
#7457=CARTESIAN_POINT('',(-5.458623459065E1,7.391891526567E0,
-1.660948921454E2));
#7458=CARTESIAN_POINT('',(-5.466408536756E1,7.476977219702E0,
-1.662712967698E2));
#7459=CARTESIAN_POINT('',(-5.475262416933E1,7.551642638807E0,
-1.664493668316E2));
#7460=CARTESIAN_POINT('',(-5.485462542894E1,7.614960097411E0,
-1.666324032797E2));
#7461=CARTESIAN_POINT('',(-5.497411486514E1,7.664379560463E0,
-1.668242363465E2));
#7462=CARTESIAN_POINT('',(-5.511763310112E1,7.693256699623E0,
-1.670299108783E2));
#7463=CARTESIAN_POINT('',(-5.530078520463E1,7.687345935873E0,
-1.672655670089E2));
#7464=CARTESIAN_POINT('',(-5.540398575322E1,7.651182974475E0,
-1.673871035303E2));
#7465=CARTESIAN_POINT('',(-5.542941052992E1,7.624677202805E0,
-1.674294714018E2));
#7466=CARTESIAN_POINT('',(-5.384498927865E1,6.072421200093E0,
-1.635087128297E2));
#7467=CARTESIAN_POINT('',(-5.383557278237E1,6.089127857667E0,
-1.635201146806E2));
#7468=CARTESIAN_POINT('',(-5.380530991199E1,6.164972250276E0,
-1.635844598017E2));
#7469=CARTESIAN_POINT('',(-5.376188017981E1,6.374232685140E0,
-1.637995068633E2));
#7470=CARTESIAN_POINT('',(-5.373384338206E1,6.638284265735E0,
-1.641065835474E2));
#7471=CARTESIAN_POINT('',(-5.372457177179E1,6.866123124242E0,
-1.643893144476E2));
#7472=CARTESIAN_POINT('',(-5.373087169417E1,7.065646538785E0,
-1.646531514740E2));
#7473=CARTESIAN_POINT('',(-5.374841187825E1,7.237780831307E0,
-1.648923518922E2));
#7474=CARTESIAN_POINT('',(-5.377668129078E1,7.390605917305E0,
-1.651173362426E2));
#7475=CARTESIAN_POINT('',(-5.381389600860E1,7.526596901067E0,
-1.653301933478E2));
#7476=CARTESIAN_POINT('',(-5.385963656266E1,7.650272593080E0,
-1.655364099065E2));
#7477=CARTESIAN_POINT('',(-5.391483238488E1,7.765290592866E0,
-1.657417553520E2));
#7478=CARTESIAN_POINT('',(-5.398060355847E1,7.872890455164E0,
-1.659490336205E2));
#7479=CARTESIAN_POINT('',(-5.405752077488E1,7.972542970387E0,
-1.661580935336E2));
#7480=CARTESIAN_POINT('',(-5.414795331549E1,8.063767726691E0,
-1.663715170447E2));
#7481=CARTESIAN_POINT('',(-5.425251339670E1,8.144465280510E0,
-1.665883033970E2));
#7482=CARTESIAN_POINT('',(-5.437511431178E1,8.213669291506E0,
-1.668130257716E2));
#7483=CARTESIAN_POINT('',(-5.452133066935E1,8.268487605095E0,
-1.670509095853E2));
#7484=CARTESIAN_POINT('',(-5.470186051334E1,8.301577636933E0,
-1.673110698629E2));
#7485=CARTESIAN_POINT('',(-5.494140321823E1,8.295450752467E0,
-1.676192763241E2));
#7486=CARTESIAN_POINT('',(-5.509078095931E1,8.248432290403E0,
-1.677955117872E2));
#7487=CARTESIAN_POINT('',(-5.513975172934E1,8.209771226967E0,
-1.678716692846E2));
#7488=(BOUNDED_SURFACE()B_SPLINE_SURFACE(3,3,((#7400,#7401,#7402,#7403,#7404,
#7405,#7406,#7407,#7408,#7409,#7410,#7411,#7412,#7413,#7414,#7415,#7416,#7417,
#7418,#7419,#7420,#7421),(#7422,#7423,#7424,#7425,#7426,#7427,#7428,#7429,#7430,
#7431,#7432,#7433,#7434,#7435,#7436,#7437,#7438,#7439,#7440,#7441,#7442,#7443),(
#7444,#7445,#7446,#7447,#7448,#7449,#7450,#7451,#7452,#7453,#7454,#7455,#7456,
#7457,#7458,#7459,#7460,#7461,#7462,#7463,#7464,#7465),(#7466,#7467,#7468,#7469,
#7470,#7471,#7472,#7473,#7474,#7475,#7476,#7477,#7478,#7479,#7480,#7481,#7482,
#7483,#7484,#7485,#7486,#7487)),.UNSPECIFIED.,.F.,.F.,.F.)B_SPLINE_SURFACE_WITH_KNOTS((4,4),(4,1,1,1,1,1,1,1,1,1,1,1,1,1,1,1,1,1,1,4),(0.E0,1.E0),(
-4.545388233177E-2,0.E0,9.174301943909E-2,1.747061862689E-1,2.503883988504E-1,
3.195202431767E-1,3.820732716644E-1,4.383632939989E-1,4.898580805869E-1,
5.386696836359E-1,5.867676018318E-1,6.351033824586E-1,6.835296122026E-1,
7.317352081879E-1,7.798866091724E-1,8.286699494461E-1,8.802657838034E-1,
9.365954791003E-1,1.E0,1.092964166359E0),.UNSPECIFIED.)GEOMETRIC_REPRESENTATION_ITEM()RATIONAL_B_SPLINE_SURFACE(((1.037792373583E0,1.037792373583E0,
1.037792373583E0,1.037792373583E0,1.037792373583E0,1.037792373583E0,
1.037792373583E0,1.037792373583E0,1.037792373583E0,1.037792373583E0,
1.037792373583E0,1.037792373583E0,1.037792373583E0,1.037792373583E0,
1.037792373583E0,1.037792373583E0,1.037792373583E0,1.037792373583E0,
1.037792373583E0,1.037792373583E0,1.037792373583E0,1.037792373583E0),(
9.874025421391E-1,9.874025421391E-1,9.874025421391E-1,9.874025421391E-1,
9.874025421391E-1,9.874025421391E-1,9.874025421391E-1,9.874025421391E-1,
9.874025421391E-1,9.874025421391E-1,9.874025421391E-1,9.874025421391E-1,
9.874025421391E-1,9.874025421391E-1,9.874025421391E-1,9.874025421391E-1,
9.874025421391E-1,9.874025421391E-1,9.874025421391E-1,9.874025421391E-1,
9.874025421391E-1,9.874025421391E-1),(9.874025421391E-1,9.874025421391E-1,
9.874025421391E-1,9.874025421391E-1,9.874025421391E-1,9.874025421391E-1,
9.874025421391E-1,9.874025421391E-1,9.874025421391E-1,9.874025421391E-1,
9.874025421391E-1,9.874025421391E-1,9.874025421391E-1,9.874025421391E-1,
9.874025421391E-1,9.874025421391E-1,9.874025421391E-1,9.874025421391E-1,
9.874025421391E-1,9.874025421391E-1,9.874025421391E-1,9.874025421391E-1),(
1.037792373583E0,1.037792373583E0,1.037792373583E0,1.037792373583E0,
1.037792373583E0,1.037792373583E0,1.037792373583E0,1.037792373583E0,
1.037792373583E0,1.037792373583E0,1.037792373583E0,1.037792373583E0,
1.037792373583E0,1.037792373583E0,1.037792373583E0,1.037792373583E0,
1.037792373583E0,1.037792373583E0,1.037792373583E0,1.037792373583E0,
1.037792373583E0,1.037792373583E0)))REPRESENTATION_ITEM('')SURFACE());
#7490=ORIENTED_EDGE('',*,*,#7489,.T.);
#7492=ORIENTED_EDGE('',*,*,#7491,.F.);
#7493=ORIENTED_EDGE('',*,*,#7390,.F.);
#7494=EDGE_LOOP('',(#7490,#7492,#7493));
#7495=FACE_OUTER_BOUND('',#7494,.F.);
#7496=ADVANCED_FACE('',(#7495),#7488,.F.);
#7497=CARTESIAN_POINT('',(-5.547450985644E1,7.824358207737E0,
-1.677212419661E2));
#7498=CARTESIAN_POINT('',(-5.547450990683E1,7.784443155474E0,
-1.676736322622E2));
#7499=CARTESIAN_POINT('',(-5.547450995730E1,7.639974344996E0,
-1.675161397752E2));
#7500=CARTESIAN_POINT('',(-5.547450962339E1,7.343157886669E0,
-1.672736374673E2));
#7501=CARTESIAN_POINT('',(-5.547450973638E1,6.898385191110E0,
-1.670244688589E2));
#7502=CARTESIAN_POINT('',(-5.547450970705E1,6.400129101771E0,
-1.668223304334E2));
#7503=CARTESIAN_POINT('',(-5.547450971724E1,5.899191665311E0,
-1.666610945765E2));
#7504=CARTESIAN_POINT('',(-5.547450970438E1,5.421533009351E0,
-1.665309641179E2));
#7505=CARTESIAN_POINT('',(-5.547450974082E1,4.976742479771E0,
-1.664217281810E2));
#7506=CARTESIAN_POINT('',(-5.547450962357E1,4.569474679418E0,
-1.663303539896E2));
#7507=CARTESIAN_POINT('',(-5.547450999866E1,4.194255414304E0,
-1.662516007650E2));
#7508=CARTESIAN_POINT('',(-5.547426594030E1,3.891631910434E0,
-1.661837128281E2));
#7509=CARTESIAN_POINT('',(-5.547411116257E1,3.731874676506E0,
-1.661461231302E2));
#7510=CARTESIAN_POINT('',(-5.469434482408E1,8.181017534675E0,
-1.674216035556E2));
#7511=CARTESIAN_POINT('',(-5.469434483413E1,8.132355381837E0,
-1.673634340942E2));
#7512=CARTESIAN_POINT('',(-5.469434484420E1,7.956730318635E0,
-1.671719813253E2));
#7513=CARTESIAN_POINT('',(-5.469434477756E1,7.602320494318E0,
-1.668835278653E2));
#7514=CARTESIAN_POINT('',(-5.469434480027E1,7.096177837266E0,
-1.666013529689E2));
#7515=CARTESIAN_POINT('',(-5.469434479383E1,6.556685029450E0,
-1.663830685068E2));
#7516=CARTESIAN_POINT('',(-5.469434479777E1,6.030472471030E0,
-1.662138881189E2));
#7517=CARTESIAN_POINT('',(-5.469434478920E1,5.537619679227E0,
-1.660796711689E2));
#7518=CARTESIAN_POINT('',(-5.469434481553E1,5.083342985625E0,
-1.659681199195E2));
#7519=CARTESIAN_POINT('',(-5.469434473026E1,4.667671274668E0,
-1.658748629978E2));
#7520=CARTESIAN_POINT('',(-5.469434500317E1,4.288648346720E0,
-1.657953367635E2));
#7521=CARTESIAN_POINT('',(-5.469418341906E1,4.001695533848E0,
-1.657306788995E2));
#7522=CARTESIAN_POINT('',(-5.469408395315E1,3.855323480164E0,
-1.656958323340E2));
#7523=CARTESIAN_POINT('',(-5.434247441979E1,8.822340938678E0,
-1.668828117427E2));
#7524=CARTESIAN_POINT('',(-5.434247441164E1,8.757950274366E0,
-1.668056543588E2));
#7525=CARTESIAN_POINT('',(-5.434247440349E1,8.526301906729E0,
-1.665531362485E2));
#7526=CARTESIAN_POINT('',(-5.434247445743E1,8.068331146988E0,
-1.661820561835E2));
#7527=CARTESIAN_POINT('',(-5.434247443930E1,7.451836707059E0,
-1.658405313602E2));
#7528=CARTESIAN_POINT('',(-5.434247444359E1,6.838194506065E0,
-1.655932140637E2));
#7529=CARTESIAN_POINT('',(-5.434247444339E1,6.266533739711E0,
-1.654097482969E2));
#7530=CARTESIAN_POINT('',(-5.434247444090E1,5.746359764406E0,
-1.652681832632E2));
#7531=CARTESIAN_POINT('',(-5.434247444951E1,5.275025619777E0,
-1.651524687578E2));
#7532=CARTESIAN_POINT('',(-5.434247442141E1,4.844242500964E0,
-1.650558264234E2));
#7533=CARTESIAN_POINT('',(-5.434247451140E1,4.458380054709E0,
-1.649749102095E2));
#7534=CARTESIAN_POINT('',(-5.434242811644E1,4.199852034543E0,
-1.649162476813E2));
#7535=CARTESIAN_POINT('',(-5.434240098050E1,4.077750528653E0,
-1.648864870363E2));
#7536=CARTESIAN_POINT('',(-5.455599550649E1,9.498453961034E0,
-1.663147923023E2));
#7537=CARTESIAN_POINT('',(-5.455599550939E1,9.417481566874E0,
-1.662176169656E2));
#7538=CARTESIAN_POINT('',(-5.455599551229E1,9.126770820650E0,
-1.659007209263E2));
#7539=CARTESIAN_POINT('',(-5.455599549313E1,8.559621296171E0,
-1.654425320434E2));
#7540=CARTESIAN_POINT('',(-5.455599549951E1,7.826788863618E0,
-1.650384377611E2));
#7541=CARTESIAN_POINT('',(-5.455599549819E1,7.134974916490E0,
-1.647605126974E2));
#7542=CARTESIAN_POINT('',(-5.455599549759E1,6.515400531151E0,
-1.645619866184E2));
#7543=CARTESIAN_POINT('',(-5.455599550061E1,5.966423290851E0,
-1.644126748924E2));
#7544=CARTESIAN_POINT('',(-5.455599549077E1,5.477106386362E0,
-1.642925712884E2));
#7545=CARTESIAN_POINT('',(-5.455599552276E1,5.030392117096E0,
-1.641923598943E2));
#7546=CARTESIAN_POINT('',(-5.455599542035E1,4.637319131875E0,
-1.641099782990E2));
#7547=CARTESIAN_POINT('',(-5.455605204907E1,4.408895048235E0,
-1.640577404478E2));
#7548=CARTESIAN_POINT('',(-5.455608607985E1,4.312493089884E0,
-1.640334269189E2));
#7549=(BOUNDED_SURFACE()B_SPLINE_SURFACE(3,3,((#7497,#7498,#7499,#7500,#7501,
#7502,#7503,#7504,#7505,#7506,#7507,#7508,#7509),(#7510,#7511,#7512,#7513,#7514,
#7515,#7516,#7517,#7518,#7519,#7520,#7521,#7522),(#7523,#7524,#7525,#7526,#7527,
#7528,#7529,#7530,#7531,#7532,#7533,#7534,#7535),(#7536,#7537,#7538,#7539,#7540,
#7541,#7542,#7543,#7544,#7545,#7546,#7547,#7548)),.UNSPECIFIED.,.F.,.F.,.F.)B_SPLINE_SURFACE_WITH_KNOTS((4,4),(4,1,1,1,1,1,1,1,1,1,4),(0.E0,1.E0),(
-6.297745640745E-2,0.E0,1.521735115184E-1,3.086946178954E-1,4.559666398163E-1,
5.894551632077E-1,7.079783540625E-1,8.141278115948E-1,9.105734588468E-1,1.E0,
1.073267685528E0),.UNSPECIFIED.)GEOMETRIC_REPRESENTATION_ITEM()RATIONAL_B_SPLINE_SURFACE(((1.107917591476E0,1.107917591476E0,1.107917591476E0,1.107917591476E0,
1.107917591476E0,1.107917591476E0,1.107917591476E0,1.107917591476E0,
1.107917591476E0,1.107917591476E0,1.107917591476E0,1.107917591476E0,
1.107917591476E0),(9.640274695080E-1,9.640274695080E-1,9.640274695080E-1,
9.640274695080E-1,9.640274695080E-1,9.640274695080E-1,9.640274695080E-1,
9.640274695080E-1,9.640274695080E-1,9.640274695080E-1,9.640274695080E-1,
9.640274695080E-1,9.640274695080E-1),(9.640274695080E-1,9.640274695080E-1,
9.640274695080E-1,9.640274695080E-1,9.640274695080E-1,9.640274695080E-1,
9.640274695080E-1,9.640274695080E-1,9.640274695080E-1,9.640274695080E-1,
9.640274695080E-1,9.640274695080E-1,9.640274695080E-1),(1.107917591476E0,
1.107917591476E0,1.107917591476E0,1.107917591476E0,1.107917591476E0,
1.107917591476E0,1.107917591476E0,1.107917591476E0,1.107917591476E0,
1.107917591476E0,1.107917591476E0,1.107917591476E0,1.107917591476E0)))REPRESENTATION_ITEM('')SURFACE());
#7550=ORIENTED_EDGE('',*,*,#7489,.F.);
#7551=ORIENTED_EDGE('',*,*,#7277,.F.);
#7553=ORIENTED_EDGE('',*,*,#7552,.F.);
#7554=EDGE_LOOP('',(#7550,#7551,#7553));
#7555=FACE_OUTER_BOUND('',#7554,.F.);
#7556=ADVANCED_FACE('',(#7555),#7549,.T.);
#7557=CARTESIAN_POINT('',(-5.65E1,4.455010109332E1,-2.020070571440E2));
#7558=DIRECTION('',(0.E0,-7.071067811865E-1,7.071067811865E-1));
#7559=DIRECTION('',(4.573295603800E-1,-6.288281455225E-1,-6.288281455225E-1));
#7560=AXIS2_PLACEMENT_3D('',#7557,#7558,#7559);
#7561=CYLINDRICAL_SURFACE('',#7560,2.E0);
#7563=ORIENTED_EDGE('',*,*,#7562,.F.);
#7564=ORIENTED_EDGE('',*,*,#7552,.T.);
#7565=ORIENTED_EDGE('',*,*,#7275,.F.);
#7566=ORIENTED_EDGE('',*,*,#7321,.T.);
#7568=ORIENTED_EDGE('',*,*,#7567,.T.);
#7569=EDGE_LOOP('',(#7563,#7564,#7565,#7566,#7568));
#7570=FACE_OUTER_BOUND('',#7569,.F.);
#7571=ADVANCED_FACE('',(#7570),#7561,.T.);
#7572=CARTESIAN_POINT('',(-5.515041039768E1,5.953892786575E0,
-1.668182435393E2));
#7573=CARTESIAN_POINT('',(-5.519975603192E1,5.939617204531E0,
-1.668915469419E2));
#7574=CARTESIAN_POINT('',(-5.531647753689E1,5.911149539586E0,
-1.670531727933E2));
#7575=CARTESIAN_POINT('',(-5.551992602487E1,5.880523918758E0,
-1.672948529741E2));
#7576=CARTESIAN_POINT('',(-5.576507587781E1,5.866643343806E0,
-1.675407345192E2));
#7577=CARTESIAN_POINT('',(-5.601592119576E1,5.875153036463E0,
-1.677518784791E2));
#7578=CARTESIAN_POINT('',(-5.618858027036E1,5.894564372224E0,
-1.678754383146E2));
#7579=CARTESIAN_POINT('',(-5.626500530844E1,5.905781313410E0,
-1.679262368421E2));
#7580=CARTESIAN_POINT('',(-5.534003839847E1,6.976847830626E0,
-1.668046803136E2));
#7581=CARTESIAN_POINT('',(-5.538502790466E1,6.963261732450E0,
-1.668680799939E2));
#7582=CARTESIAN_POINT('',(-5.549030627394E1,6.936232650911E0,
-1.670072677635E2));
#7583=CARTESIAN_POINT('',(-5.566955636810E1,6.907361816378E0,
-1.672137024821E2));
#7584=CARTESIAN_POINT('',(-5.588028341076E1,6.894393402706E0,
-1.674223341237E2));
#7585=CARTESIAN_POINT('',(-5.609089434118E1,6.902349238900E0,
-1.676009737826E2));
#7586=CARTESIAN_POINT('',(-5.623303988495E1,6.920282284520E0,
-1.677057779118E2));
#7587=CARTESIAN_POINT('',(-5.629545394985E1,6.930580596628E0,
-1.677490032571E2));
#7588=CARTESIAN_POINT('',(-5.510631588477E1,7.953320999679E0,
-1.670775442525E2));
#7589=CARTESIAN_POINT('',(-5.515316567287E1,7.940393056034E0,
-1.671402300991E2));
#7590=CARTESIAN_POINT('',(-5.526169030295E1,7.914737190361E0,
-1.672772346458E2));
#7591=CARTESIAN_POINT('',(-5.544229067402E1,7.887541406697E0,
-1.674786890940E2));
#7592=CARTESIAN_POINT('',(-5.564931188097E1,7.875443706769E0,
-1.676808440522E2));
#7593=CARTESIAN_POINT('',(-5.585105384578E1,7.882870853085E0,
-1.678533983353E2));
#7594=CARTESIAN_POINT('',(-5.598423828199E1,7.899392780331E0,
-1.679549103661E2));
#7595=CARTESIAN_POINT('',(-5.604217467839E1,7.908814204786E0,
-1.679969217956E2));
#7596=CARTESIAN_POINT('',(-5.450611451494E1,8.645707248379E0,
-1.675704394214E2));
#7597=CARTESIAN_POINT('',(-5.456058833282E1,8.633245981301E0,
-1.676417750200E2));
#7598=CARTESIAN_POINT('',(-5.468625870814E1,8.608563819579E0,
-1.677973824459E2));
#7599=CARTESIAN_POINT('',(-5.489342946422E1,8.582555761522E0,
-1.680253336639E2));
#7600=CARTESIAN_POINT('',(-5.512836355036E1,8.571075457178E0,
-1.682533611290E2));
#7601=CARTESIAN_POINT('',(-5.535476005532E1,8.578127726219E0,
-1.684477297150E2));
#7602=CARTESIAN_POINT('',(-5.550271631199E1,8.593649074045E0,
-1.685622143210E2));
#7603=CARTESIAN_POINT('',(-5.556679789486E1,8.602448725192E0,
-1.686096664829E2));
#7604=(BOUNDED_SURFACE()B_SPLINE_SURFACE(3,3,((#7572,#7573,#7574,#7575,#7576,
#7577,#7578,#7579),(#7580,#7581,#7582,#7583,#7584,#7585,#7586,#7587),(#7588,
#7589,#7590,#7591,#7592,#7593,#7594,#7595),(#7596,#7597,#7598,#7599,#7600,#7601,
#7602,#7603)),.UNSPECIFIED.,.F.,.F.,.F.)B_SPLINE_SURFACE_WITH_KNOTS((4,4),(4,1,
1,1,1,4),(0.E0,1.E0),(-2.617596541870E-1,0.E0,3.252664760489E-1,
6.579636758437E-1,1.E0,1.259953092543E0),.UNSPECIFIED.)GEOMETRIC_REPRESENTATION_ITEM()RATIONAL_B_SPLINE_SURFACE(((1.064772741198E0,1.064772741198E0,
1.064772741198E0,1.064772741198E0,1.064772741198E0,1.064772741198E0,
1.064772741198E0,1.064772741198E0),(9.784090862672E-1,9.784090862672E-1,
9.784090862672E-1,9.784090862672E-1,9.784090862672E-1,9.784090862672E-1,
9.784090862672E-1,9.784090862672E-1),(9.784090862672E-1,9.784090862672E-1,
9.784090862672E-1,9.784090862672E-1,9.784090862672E-1,9.784090862672E-1,
9.784090862672E-1,9.784090862672E-1),(1.064772741198E0,1.064772741198E0,
1.064772741198E0,1.064772741198E0,1.064772741198E0,1.064772741198E0,
1.064772741198E0,1.064772741198E0)))REPRESENTATION_ITEM('')SURFACE());
#7605=ORIENTED_EDGE('',*,*,#7392,.F.);
#7606=ORIENTED_EDGE('',*,*,#7491,.T.);
#7607=ORIENTED_EDGE('',*,*,#7562,.T.);
#7609=ORIENTED_EDGE('',*,*,#7608,.F.);
#7610=EDGE_LOOP('',(#7605,#7606,#7607,#7609));
#7611=FACE_OUTER_BOUND('',#7610,.F.);
#7612=ADVANCED_FACE('',(#7611),#7604,.F.);
#7613=CARTESIAN_POINT('',(-5.603987521936E1,5.880251223527E0,
-1.677651366996E2));
#7614=CARTESIAN_POINT('',(-5.604042798941E1,5.880300621307E0,
-1.677655608170E2));
#7615=CARTESIAN_POINT('',(-5.605020033420E1,5.881165200505E0,
-1.677730548251E2));
#7616=CARTESIAN_POINT('',(-5.606925463592E1,5.882551648073E0,
-1.677875327201E2));
#7617=CARTESIAN_POINT('',(-5.609717913712E1,5.883763196888E0,
-1.678083833033E2));
#7618=CARTESIAN_POINT('',(-5.611647066928E1,5.884040478561E0,
-1.678225375062E2));
#7619=CARTESIAN_POINT('',(-5.612642791658E1,5.884031915779E0,
-1.678297753112E2));
#7620=CARTESIAN_POINT('',(-5.612699186037E1,5.884030946009E0,
-1.678301850184E2));
#7621=CARTESIAN_POINT('',(-5.610931657316E1,6.907007588543E0,
-1.676116535486E2));
#7622=CARTESIAN_POINT('',(-5.611004031234E1,6.907066740054E0,
-1.676122202675E2));
#7623=CARTESIAN_POINT('',(-5.612283642637E1,6.908102041702E0,
-1.676222329952E2));
#7624=CARTESIAN_POINT('',(-5.614782858856E1,6.909762572117E0,
-1.676415423356E2));
#7625=CARTESIAN_POINT('',(-5.618456188550E1,6.911213926221E0,
-1.676692480448E2));
#7626=CARTESIAN_POINT('',(-5.621000570921E1,6.911546125480E0,
-1.676879793905E2));
#7627=CARTESIAN_POINT('',(-5.622315483345E1,6.911535866472E0,
-1.676975353878E2));
#7628=CARTESIAN_POINT('',(-5.622389960608E1,6.911534704576E0,
-1.676980762476E2));
#7629=CARTESIAN_POINT('',(-5.586691759732E1,7.887109298571E0,
-1.678631514350E2));
#7630=CARTESIAN_POINT('',(-5.586788480029E1,7.887177760616E0,
-1.678639165262E2));
#7631=CARTESIAN_POINT('',(-5.588498632248E1,7.888376027276E0,
-1.678774334097E2));
#7632=CARTESIAN_POINT('',(-5.591841585583E1,7.890298186524E0,
-1.679034775396E2));
#7633=CARTESIAN_POINT('',(-5.596762242499E1,7.891978449433E0,
-1.679407781684E2));
#7634=CARTESIAN_POINT('',(-5.600175099790E1,7.892363070885E0,
-1.679659455440E2));
#7635=CARTESIAN_POINT('',(-5.601939933026E1,7.892351192727E0,
-1.679787699917E2));
#7636=CARTESIAN_POINT('',(-5.602039897507E1,7.892349847433E0,
-1.679794957940E2));
#7637=CARTESIAN_POINT('',(-5.537166117412E1,8.582068449217E0,
-1.684584334411E2));
#7638=CARTESIAN_POINT('',(-5.537288509355E1,8.582143513067E0,
-1.684594044054E2));
#7639=CARTESIAN_POINT('',(-5.539452602891E1,8.583457333068E0,
-1.684765582155E2));
#7640=CARTESIAN_POINT('',(-5.543683938071E1,8.585565005053E0,
-1.685096017042E2));
#7641=CARTESIAN_POINT('',(-5.549914858036E1,8.587407579962E0,
-1.685569023168E2));
#7642=CARTESIAN_POINT('',(-5.554238110226E1,8.587829372335E0,
-1.685887985317E2));
#7643=CARTESIAN_POINT('',(-5.556474118271E1,8.587816346087E0,
-1.686050463770E2));
#7644=CARTESIAN_POINT('',(-5.556600772508E1,8.587814870752E0,
-1.686059659097E2));
#7645=(BOUNDED_SURFACE()B_SPLINE_SURFACE(3,3,((#7613,#7614,#7615,#7616,#7617,
#7618,#7619,#7620),(#7621,#7622,#7623,#7624,#7625,#7626,#7627,#7628),(#7629,
#7630,#7631,#7632,#7633,#7634,#7635,#7636),(#7637,#7638,#7639,#7640,#7641,#7642,
#7643,#7644)),.UNSPECIFIED.,.F.,.F.,.F.)B_SPLINE_SURFACE_WITH_KNOTS((4,4),(4,1,
1,1,1,4),(0.E0,1.E0),(-2.000000014349E-2,0.E0,3.335052906035E-1,
6.668066406278E-1,1.E0,1.020000011367E0),.UNSPECIFIED.)GEOMETRIC_REPRESENTATION_ITEM()RATIONAL_B_SPLINE_SURFACE(((1.064772720030E0,1.064772720030E0,
1.064772720030E0,1.064772720030E0,1.064772720030E0,1.064772720030E0,
1.064772720030E0,1.064772720030E0),(9.784090933233E-1,9.784090933233E-1,
9.784090933233E-1,9.784090933233E-1,9.784090933233E-1,9.784090933233E-1,
9.784090933233E-1,9.784090933233E-1),(9.784090933233E-1,9.784090933233E-1,
9.784090933233E-1,9.784090933233E-1,9.784090933233E-1,9.784090933233E-1,
9.784090933233E-1,9.784090933233E-1),(1.064772720030E0,1.064772720030E0,
1.064772720030E0,1.064772720030E0,1.064772720030E0,1.064772720030E0,
1.064772720030E0,1.064772720030E0)))REPRESENTATION_ITEM('')SURFACE());
#7646=ORIENTED_EDGE('',*,*,#7394,.F.);
#7647=ORIENTED_EDGE('',*,*,#7608,.T.);
#7649=ORIENTED_EDGE('',*,*,#7648,.T.);
#7651=ORIENTED_EDGE('',*,*,#7650,.F.);
#7652=EDGE_LOOP('',(#7646,#7647,#7649,#7651));
#7653=FACE_OUTER_BOUND('',#7652,.F.);
#7654=ADVANCED_FACE('',(#7653),#7645,.F.);
#7655=CARTESIAN_POINT('',(-6.E1,7.417711987293E0,-1.706006417988E2));
#7656=DIRECTION('',(-4.573295603800E-1,6.288281455225E-1,6.288281455225E-1));
#7657=DIRECTION('',(8.892972917999E-1,3.233808333818E-1,3.233808333818E-1));
#7658=AXIS2_PLACEMENT_3D('',#7655,#7656,#7657);
#7659=PLANE('',#7658);
#7661=ORIENTED_EDGE('',*,*,#7660,.F.);
#7663=ORIENTED_EDGE('',*,*,#7662,.F.);
#7665=ORIENTED_EDGE('',*,*,#7664,.F.);
#7666=ORIENTED_EDGE('',*,*,#7648,.F.);
#7667=ORIENTED_EDGE('',*,*,#7567,.F.);
#7668=ORIENTED_EDGE('',*,*,#7319,.T.);
#7669=EDGE_LOOP('',(#7661,#7663,#7665,#7666,#7667,#7668));
#7670=FACE_OUTER_BOUND('',#7669,.F.);
#7671=ADVANCED_FACE('',(#7670),#7659,.F.);
#7672=CARTESIAN_POINT('',(-5.7E1,6.331217921313E0,-1.721031083740E2));
#7673=DIRECTION('',(0.E0,7.071067811865E-1,-7.071067811865E-1));
#7674=DIRECTION('',(-1.E0,0.E0,0.E0));
#7675=AXIS2_PLACEMENT_3D('',#7672,#7673,#7674);
#7676=CYLINDRICAL_SURFACE('',#7675,3.E0);
#7677=ORIENTED_EDGE('',*,*,#7660,.T.);
#7678=ORIENTED_EDGE('',*,*,#7317,.F.);
#7679=ORIENTED_EDGE('',*,*,#7341,.F.);
#7681=ORIENTED_EDGE('',*,*,#7680,.T.);
#7682=EDGE_LOOP('',(#7677,#7678,#7679,#7681));
#7683=FACE_OUTER_BOUND('',#7682,.F.);
#7684=ADVANCED_FACE('',(#7683),#7676,.F.);
#7685=CARTESIAN_POINT('',(-5.681553734683E1,4.992358758660E0,
-1.691435593550E2));
#7686=CARTESIAN_POINT('',(-5.722833101586E1,4.811200596846E0,
-1.692626147707E2));
#7687=CARTESIAN_POINT('',(-5.782395130201E1,4.698319198399E0,
-1.695829117622E2));
#7688=CARTESIAN_POINT('',(-5.847755903348E1,4.747929367771E0,
-1.701078730090E2));
#7689=CARTESIAN_POINT('',(-5.882571877438E1,4.832096536082E0,
-1.704452472616E2));
#7690=CARTESIAN_POINT('',(-5.911468729947E1,4.956422739460E0,
-1.707797323923E2));
#7691=CARTESIAN_POINT('',(-5.935191060955E1,5.111876299796E0,
-1.711077119963E2));
#7692=CARTESIAN_POINT('',(-5.954445636925E1,5.292915551577E0,
-1.714287845279E2));
#7693=CARTESIAN_POINT('',(-5.969788848964E1,5.496759921358E0,
-1.717442158943E2));
#7694=CARTESIAN_POINT('',(-5.981595250783E1,5.722633528883E0,
-1.720559542423E2));
#7695=CARTESIAN_POINT('',(-5.990055599502E1,5.971134488051E0,
-1.723659850104E2));
#7696=CARTESIAN_POINT('',(-5.995190598487E1,6.243604867077E0,
-1.726758008366E2));
#7697=CARTESIAN_POINT('',(-5.997211863294E1,6.602367542372E0,
-1.730492636195E2));
#7698=CARTESIAN_POINT('',(-5.994624547656E1,6.868149374840E0,
-1.732962286110E2));
#7699=CARTESIAN_POINT('',(-5.991992155476E1,7.033068077635E0,
-1.734420026434E2));
#7700=CARTESIAN_POINT('',(-5.748047341148E1,6.251683145898E0,
-1.685538991582E2));
#7701=CARTESIAN_POINT('',(-5.783760425972E1,6.095983322571E0,
-1.686579308609E2));
#7702=CARTESIAN_POINT('',(-5.835086925613E1,5.998737758340E0,
-1.689339689304E2));
#7703=CARTESIAN_POINT('',(-5.891413448332E1,6.041476735585E0,
-1.693863553456E2));
#7704=CARTESIAN_POINT('',(-5.921453151802E1,6.114075351493E0,
-1.696774245322E2));
#7705=CARTESIAN_POINT('',(-5.946439783671E1,6.221545809099E0,
-1.699666159488E2));
#7706=CARTESIAN_POINT('',(-5.967013399387E1,6.356323281388E0,
-1.702510197173E2));
#7707=CARTESIAN_POINT('',(-5.983774511266E1,6.513863374396E0,
-1.705304588057E2));
#7708=CARTESIAN_POINT('',(-5.997189701202E1,6.692020869288E0,
-1.708061813184E2));
#7709=CARTESIAN_POINT('',(-6.007564676126E1,6.890409672026E0,
-1.710800244842E2));
#7710=CARTESIAN_POINT('',(-6.015041311762E1,7.109866636439E0,
-1.713538569805E2));
#7711=CARTESIAN_POINT('',(-6.019607711171E1,7.351898337510E0,
-1.716290988591E2));
#7712=CARTESIAN_POINT('',(-6.021419876846E1,7.672495535478E0,
-1.719628754438E2));
#7713=CARTESIAN_POINT('',(-6.019100254299E1,7.911800679772E0,
-1.721853106059E2));
#7714=CARTESIAN_POINT('',(-6.016704656820E1,8.060867101319E0,
-1.723169545003E2));
#7715=CARTESIAN_POINT('',(-5.783212188008E1,7.680443990482E0,
-1.689597115472E2));
#7716=CARTESIAN_POINT('',(-5.803676208810E1,7.594488356893E0,
-1.690225851558E2));
#7717=CARTESIAN_POINT('',(-5.832441130224E1,7.540077818558E0,
-1.691773740459E2));
#7718=CARTESIAN_POINT('',(-5.864017943672E1,7.563992875784E0,
-1.694309386555E2));
#7719=CARTESIAN_POINT('',(-5.880972852762E1,7.604898955504E0,
-1.695951531650E2));
#7720=CARTESIAN_POINT('',(-5.895247270619E1,7.666192388166E0,
-1.697602605457E2));
#7721=CARTESIAN_POINT('',(-5.907194848276E1,7.744326847066E0,
-1.699252864785E2));
#7722=CARTESIAN_POINT('',(-5.917125010333E1,7.837490005615E0,
-1.700906689974E2));
#7723=CARTESIAN_POINT('',(-5.925258302577E1,7.945277225675E0,
-1.702576074338E2));
#7724=CARTESIAN_POINT('',(-5.931711823278E1,8.068370248956E0,
-1.704276351531E2));
#7725=CARTESIAN_POINT('',(-5.936493535521E1,8.208259967374E0,
-1.706023009605E2));
#7726=CARTESIAN_POINT('',(-5.939502232461E1,8.366903629131E0,
-1.707828260546E2));
#7727=CARTESIAN_POINT('',(-5.940741562261E1,8.582944895703E0,
-1.710078806288E2));
#7728=CARTESIAN_POINT('',(-5.939155296204E1,8.749716038430E0,
-1.711631152911E2));
#7729=CARTESIAN_POINT('',(-5.937408407777E1,8.855354468332E0,
-1.712560490779E2));
#7730=CARTESIAN_POINT('',(-5.770235723142E1,8.595541028548E0,
-1.701669748626E2));
#7731=CARTESIAN_POINT('',(-5.773058579058E1,8.590270265137E0,
-1.701822339603E2));
#7732=CARTESIAN_POINT('',(-5.775722716778E1,8.585414227563E0,
-1.701967534698E2));
#7733=CARTESIAN_POINT('',(-5.778667366214E1,8.587552480891E0,
-1.702203073554E2));
#7734=CARTESIAN_POINT('',(-5.780484886228E1,8.591794457444E0,
-1.702377676593E2));
#7735=CARTESIAN_POINT('',(-5.782366678978E1,8.599667135247E0,
-1.702593261026E2));
#7736=CARTESIAN_POINT('',(-5.784335063192E1,8.612273064833E0,
-1.702862475537E2));
#7737=CARTESIAN_POINT('',(-5.786362713202E1,8.630960562846E0,
-1.703196815973E2));
#7738=CARTESIAN_POINT('',(-5.788385543324E1,8.657338614479E0,
-1.703607711407E2));
#7739=CARTESIAN_POINT('',(-5.790302456373E1,8.693324307198E0,
-1.704106980192E2));
#7740=CARTESIAN_POINT('',(-5.791966496093E1,8.741165169108E0,
-1.704706409882E2));
#7741=CARTESIAN_POINT('',(-5.793173135801E1,8.803339818152E0,
-1.705415911988E2));
#7742=CARTESIAN_POINT('',(-5.793749769707E1,8.898423600201E0,
-1.706408686819E2));
#7743=CARTESIAN_POINT('',(-5.793011900820E1,8.981282426764E0,
-1.707183611893E2));
#7744=CARTESIAN_POINT('',(-5.792015483591E1,9.036680372388E0,
-1.707665124642E2));
#7745=(BOUNDED_SURFACE()B_SPLINE_SURFACE(3,3,((#7685,#7686,#7687,#7688,#7689,
#7690,#7691,#7692,#7693,#7694,#7695,#7696,#7697,#7698,#7699),(#7700,#7701,#7702,
#7703,#7704,#7705,#7706,#7707,#7708,#7709,#7710,#7711,#7712,#7713,#7714),(#7715,
#7716,#7717,#7718,#7719,#7720,#7721,#7722,#7723,#7724,#7725,#7726,#7727,#7728,
#7729),(#7730,#7731,#7732,#7733,#7734,#7735,#7736,#7737,#7738,#7739,#7740,#7741,
#7742,#7743,#7744)),.UNSPECIFIED.,.F.,.F.,.F.)B_SPLINE_SURFACE_WITH_KNOTS((4,4),
(4,1,1,1,1,1,1,1,1,1,1,1,4),(0.E0,1.E0),(-2.771486706156E-1,0.E0,
9.768608047001E-2,1.903285156845E-1,2.801004604337E-1,3.691249175197E-1,
4.594505436782E-1,5.530265203157E-1,6.518696170487E-1,7.580267815400E-1,
8.734567308789E-1,1.E0,1.216493905821E0),.UNSPECIFIED.)GEOMETRIC_REPRESENTATION_ITEM()RATIONAL_B_SPLINE_SURFACE(((1.135752779458E0,1.135752779458E0,
1.135752779458E0,1.135752779458E0,1.135752779458E0,1.135752779458E0,
1.135752779458E0,1.135752779458E0,1.135752779458E0,1.135752779458E0,
1.135752779458E0,1.135752779458E0,1.135752779458E0,1.135752779458E0,
1.135752779458E0),(9.547490735141E-1,9.547490735141E-1,9.547490735141E-1,
9.547490735141E-1,9.547490735141E-1,9.547490735141E-1,9.547490735141E-1,
9.547490735141E-1,9.547490735141E-1,9.547490735141E-1,9.547490735141E-1,
9.547490735141E-1,9.547490735141E-1,9.547490735141E-1,9.547490735141E-1),(
9.547490735141E-1,9.547490735141E-1,9.547490735141E-1,9.547490735141E-1,
9.547490735141E-1,9.547490735141E-1,9.547490735141E-1,9.547490735141E-1,
9.547490735141E-1,9.547490735141E-1,9.547490735141E-1,9.547490735141E-1,
9.547490735141E-1,9.547490735141E-1,9.547490735141E-1),(1.135752779458E0,
1.135752779458E0,1.135752779458E0,1.135752779458E0,1.135752779458E0,
1.135752779458E0,1.135752779458E0,1.135752779458E0,1.135752779458E0,
1.135752779458E0,1.135752779458E0,1.135752779458E0,1.135752779458E0,
1.135752779458E0,1.135752779458E0)))REPRESENTATION_ITEM('')SURFACE());
#7746=ORIENTED_EDGE('',*,*,#7363,.F.);
#7748=ORIENTED_EDGE('',*,*,#7747,.T.);
#7749=ORIENTED_EDGE('',*,*,#7662,.T.);
#7750=ORIENTED_EDGE('',*,*,#7680,.F.);
#7751=EDGE_LOOP('',(#7746,#7748,#7749,#7750));
#7752=FACE_OUTER_BOUND('',#7751,.F.);
#7753=ADVANCED_FACE('',(#7752),#7745,.F.);
#7754=CARTESIAN_POINT('',(-5.395058384184E1,6.356425121165E0,
-1.699105583679E2));
#7755=DIRECTION('',(-8.087360843032E-1,0.E0,-5.881716976750E-1));
#7756=DIRECTION('',(-5.881716976750E-1,0.E0,8.087360843032E-1));
#7757=AXIS2_PLACEMENT_3D('',#7754,#7755,#7756);
#7758=CYLINDRICAL_SURFACE('',#7757,3.E0);
#7759=ORIENTED_EDGE('',*,*,#7377,.F.);
#7760=ORIENTED_EDGE('',*,*,#7650,.T.);
#7761=ORIENTED_EDGE('',*,*,#7664,.T.);
#7762=ORIENTED_EDGE('',*,*,#7747,.F.);
#7763=EDGE_LOOP('',(#7759,#7760,#7761,#7762));
#7764=FACE_OUTER_BOUND('',#7763,.F.);
#7765=ADVANCED_FACE('',(#7764),#7758,.F.);
#7766=CARTESIAN_POINT('',(-6.100000000053E1,2.076363407815E1,
-1.835385626009E2));
#7767=DIRECTION('',(1.E0,0.E0,0.E0));
#7768=DIRECTION('',(0.E0,0.E0,-1.E0));
#7769=AXIS2_PLACEMENT_3D('',#7766,#7767,#7768);
#7770=CONICAL_SURFACE('',#7769,1.229999999947E1,4.5E1);
#7771=ORIENTED_EDGE('',*,*,#7344,.T.);
#7772=ORIENTED_EDGE('',*,*,#7328,.T.);
#7773=ORIENTED_EDGE('',*,*,#5979,.F.);
#7775=ORIENTED_EDGE('',*,*,#7774,.F.);
#7776=EDGE_LOOP('',(#7771,#7772,#7773,#7775));
#7777=FACE_OUTER_BOUND('',#7776,.F.);
#7778=ADVANCED_FACE('',(#7777),#7770,.F.);
#7779=CARTESIAN_POINT('',(-6.1E1,6.149897997541E0,-1.890277375989E2));
#7780=DIRECTION('',(7.071067811865E-1,6.746721124234E-1,-2.117015368820E-1));
#7781=DIRECTION('',(-7.071067811865E-1,6.746721124234E-1,-2.117015368820E-1));
#7782=AXIS2_PLACEMENT_3D('',#7779,#7780,#7781);
#7783=PLANE('',#7782);
#7784=ORIENTED_EDGE('',*,*,#7346,.T.);
#7785=ORIENTED_EDGE('',*,*,#7774,.T.);
#7786=ORIENTED_EDGE('',*,*,#5964,.F.);
#7788=ORIENTED_EDGE('',*,*,#7787,.F.);
#7789=EDGE_LOOP('',(#7784,#7785,#7786,#7788));
#7790=FACE_OUTER_BOUND('',#7789,.F.);
#7791=ADVANCED_FACE('',(#7790),#7783,.T.);
#7792=CARTESIAN_POINT('',(-6.099999999656E1,1.363705567831E0,
-1.976006417988E2));
#7793=DIRECTION('',(-1.E0,0.E0,0.E0));
#7794=DIRECTION('',(0.E0,0.E0,-1.E0));
#7795=AXIS2_PLACEMENT_3D('',#7792,#7793,#7794);
#7796=CONICAL_SURFACE('',#7795,1.999999996559E0,4.5E1);
#7797=ORIENTED_EDGE('',*,*,#7348,.T.);
#7798=ORIENTED_EDGE('',*,*,#7787,.T.);
#7799=ORIENTED_EDGE('',*,*,#5949,.F.);
#7801=ORIENTED_EDGE('',*,*,#7800,.F.);
#7802=EDGE_LOOP('',(#7797,#7798,#7799,#7801));
#7803=FACE_OUTER_BOUND('',#7802,.F.);
#7804=ADVANCED_FACE('',(#7803),#7796,.T.);
#7805=CARTESIAN_POINT('',(-6.1E1,6.818527839154E-1,-1.996006417988E2));
#7806=DIRECTION('',(7.071067811865E-1,0.E0,-7.071067811865E-1));
#7807=DIRECTION('',(-7.071067811865E-1,0.E0,-7.071067811865E-1));
#7808=AXIS2_PLACEMENT_3D('',#7805,#7806,#7807);
#7809=PLANE('',#7808);
#7810=ORIENTED_EDGE('',*,*,#5724,.F.);
#7811=ORIENTED_EDGE('',*,*,#7350,.T.);
#7812=ORIENTED_EDGE('',*,*,#7800,.T.);
#7813=ORIENTED_EDGE('',*,*,#5934,.F.);
#7814=EDGE_LOOP('',(#7810,#7811,#7812,#7813));
#7815=FACE_OUTER_BOUND('',#7814,.F.);
#7816=ADVANCED_FACE('',(#7815),#7809,.T.);
#7817=CARTESIAN_POINT('',(-6.85E1,4.455010109332E1,-2.020070571440E2));
#7818=DIRECTION('',(0.E0,7.071067811865E-1,-7.071067811865E-1));
#7819=DIRECTION('',(-4.573295603800E-1,-6.288281455225E-1,-6.288281455225E-1));
#7820=AXIS2_PLACEMENT_3D('',#7817,#7818,#7819);
#7821=CYLINDRICAL_SURFACE('',#7820,2.E0);
#7823=ORIENTED_EDGE('',*,*,#7822,.T.);
#7825=ORIENTED_EDGE('',*,*,#7824,.F.);
#7826=ORIENTED_EDGE('',*,*,#7186,.F.);
#7827=ORIENTED_EDGE('',*,*,#7039,.T.);
#7829=ORIENTED_EDGE('',*,*,#7828,.F.);
#7830=EDGE_LOOP('',(#7823,#7825,#7826,#7827,#7829));
#7831=FACE_OUTER_BOUND('',#7830,.F.);
#7832=ADVANCED_FACE('',(#7831),#7821,.T.);
#7833=CARTESIAN_POINT('',(-7.049388548506E1,8.645707248379E0,
-1.675704394214E2));
#7834=CARTESIAN_POINT('',(-7.043941166718E1,8.633245981301E0,
-1.676417750200E2));
#7835=CARTESIAN_POINT('',(-7.031374129186E1,8.608563819579E0,
-1.677973824459E2));
#7836=CARTESIAN_POINT('',(-7.010657053578E1,8.582555761522E0,
-1.680253336639E2));
#7837=CARTESIAN_POINT('',(-6.987163644964E1,8.571075457178E0,
-1.682533611290E2));
#7838=CARTESIAN_POINT('',(-6.964523994468E1,8.578127726219E0,
-1.684477297150E2));
#7839=CARTESIAN_POINT('',(-6.949728368801E1,8.593649074044E0,
-1.685622143210E2));
#7840=CARTESIAN_POINT('',(-6.943320210514E1,8.602448725192E0,
-1.686096664829E2));
#7841=CARTESIAN_POINT('',(-6.989368411523E1,7.953320999679E0,
-1.670775442525E2));
#7842=CARTESIAN_POINT('',(-6.984683432713E1,7.940393056034E0,
-1.671402300991E2));
#7843=CARTESIAN_POINT('',(-6.973830969705E1,7.914737190361E0,
-1.672772346458E2));
#7844=CARTESIAN_POINT('',(-6.955770932598E1,7.887541406697E0,
-1.674786890940E2));
#7845=CARTESIAN_POINT('',(-6.935068811903E1,7.875443706769E0,
-1.676808440522E2));
#7846=CARTESIAN_POINT('',(-6.914894615422E1,7.882870853085E0,
-1.678533983353E2));
#7847=CARTESIAN_POINT('',(-6.901576171801E1,7.899392780331E0,
-1.679549103661E2));
#7848=CARTESIAN_POINT('',(-6.895782532161E1,7.908814204786E0,
-1.679969217956E2));
#7849=CARTESIAN_POINT('',(-6.965996160153E1,6.976847830626E0,
-1.668046803136E2));
#7850=CARTESIAN_POINT('',(-6.961497209534E1,6.963261732450E0,
-1.668680799939E2));
#7851=CARTESIAN_POINT('',(-6.950969372606E1,6.936232650911E0,
-1.670072677635E2));
#7852=CARTESIAN_POINT('',(-6.933044363190E1,6.907361816378E0,
-1.672137024821E2));
#7853=CARTESIAN_POINT('',(-6.911971658924E1,6.894393402706E0,
-1.674223341237E2));
#7854=CARTESIAN_POINT('',(-6.890910565882E1,6.902349238900E0,
-1.676009737826E2));
#7855=CARTESIAN_POINT('',(-6.876696011505E1,6.920282284520E0,
-1.677057779118E2));
#7856=CARTESIAN_POINT('',(-6.870454605015E1,6.930580596628E0,
-1.677490032571E2));
#7857=CARTESIAN_POINT('',(-6.984958960232E1,5.953892786575E0,
-1.668182435393E2));
#7858=CARTESIAN_POINT('',(-6.980024396808E1,5.939617204531E0,
-1.668915469419E2));
#7859=CARTESIAN_POINT('',(-6.968352246311E1,5.911149539586E0,
-1.670531727933E2));
#7860=CARTESIAN_POINT('',(-6.948007397513E1,5.880523918758E0,
-1.672948529741E2));
#7861=CARTESIAN_POINT('',(-6.923492412219E1,5.866643343806E0,
-1.675407345192E2));
#7862=CARTESIAN_POINT('',(-6.898407880424E1,5.875153036463E0,
-1.677518784791E2));
#7863=CARTESIAN_POINT('',(-6.881141972964E1,5.894564372224E0,
-1.678754383146E2));
#7864=CARTESIAN_POINT('',(-6.873499469156E1,5.905781313410E0,
-1.679262368421E2));
#7865=(BOUNDED_SURFACE()B_SPLINE_SURFACE(3,3,((#7833,#7834,#7835,#7836,#7837,
#7838,#7839,#7840),(#7841,#7842,#7843,#7844,#7845,#7846,#7847,#7848),(#7849,
#7850,#7851,#7852,#7853,#7854,#7855,#7856),(#7857,#7858,#7859,#7860,#7861,#7862,
#7863,#7864)),.UNSPECIFIED.,.F.,.F.,.F.)B_SPLINE_SURFACE_WITH_KNOTS((4,4),(4,1,
1,1,1,4),(0.E0,1.E0),(-2.617596541869E-1,0.E0,3.252664760489E-1,
6.579636758437E-1,1.E0,1.259953092543E0),.UNSPECIFIED.)GEOMETRIC_REPRESENTATION_ITEM()RATIONAL_B_SPLINE_SURFACE(((1.064772741198E0,1.064772741198E0,
1.064772741198E0,1.064772741198E0,1.064772741198E0,1.064772741198E0,
1.064772741198E0,1.064772741198E0),(9.784090862672E-1,9.784090862672E-1,
9.784090862672E-1,9.784090862672E-1,9.784090862672E-1,9.784090862672E-1,
9.784090862672E-1,9.784090862672E-1),(9.784090862672E-1,9.784090862672E-1,
9.784090862672E-1,9.784090862672E-1,9.784090862672E-1,9.784090862672E-1,
9.784090862672E-1,9.784090862672E-1),(1.064772741198E0,1.064772741198E0,
1.064772741198E0,1.064772741198E0,1.064772741198E0,1.064772741198E0,
1.064772741198E0,1.064772741198E0)))REPRESENTATION_ITEM('')SURFACE());
#7866=ORIENTED_EDGE('',*,*,#7063,.T.);
#7868=ORIENTED_EDGE('',*,*,#7867,.T.);
#7869=ORIENTED_EDGE('',*,*,#7822,.F.);
#7871=ORIENTED_EDGE('',*,*,#7870,.F.);
#7872=EDGE_LOOP('',(#7866,#7868,#7869,#7871));
#7873=FACE_OUTER_BOUND('',#7872,.F.);
#7874=ADVANCED_FACE('',(#7873),#7865,.F.);
#7875=CARTESIAN_POINT('',(-6.962833882588E1,8.582068449217E0,
-1.684584334411E2));
#7876=CARTESIAN_POINT('',(-6.962711490645E1,8.582143513067E0,
-1.684594044054E2));
#7877=CARTESIAN_POINT('',(-6.960547397109E1,8.583457333068E0,
-1.684765582155E2));
#7878=CARTESIAN_POINT('',(-6.956316061929E1,8.585565005053E0,
-1.685096017042E2));
#7879=CARTESIAN_POINT('',(-6.950085141964E1,8.587407579962E0,
-1.685569023168E2));
#7880=CARTESIAN_POINT('',(-6.945761889774E1,8.587829372335E0,
-1.685887985317E2));
#7881=CARTESIAN_POINT('',(-6.943525881729E1,8.587816346087E0,
-1.686050463770E2));
#7882=CARTESIAN_POINT('',(-6.943399227492E1,8.587814870752E0,
-1.686059659097E2));
#7883=CARTESIAN_POINT('',(-6.913308240268E1,7.887109298571E0,
-1.678631514350E2));
#7884=CARTESIAN_POINT('',(-6.913211519971E1,7.887177760616E0,
-1.678639165262E2));
#7885=CARTESIAN_POINT('',(-6.911501367752E1,7.888376027276E0,
-1.678774334097E2));
#7886=CARTESIAN_POINT('',(-6.908158414417E1,7.890298186524E0,
-1.679034775396E2));
#7887=CARTESIAN_POINT('',(-6.903237757501E1,7.891978449433E0,
-1.679407781684E2));
#7888=CARTESIAN_POINT('',(-6.899824900210E1,7.892363070886E0,
-1.679659455440E2));
#7889=CARTESIAN_POINT('',(-6.898060066974E1,7.892351192727E0,
-1.679787699917E2));
#7890=CARTESIAN_POINT('',(-6.897960102493E1,7.892349847433E0,
-1.679794957940E2));
#7891=CARTESIAN_POINT('',(-6.889068342684E1,6.907007588543E0,
-1.676116535486E2));
#7892=CARTESIAN_POINT('',(-6.888995968766E1,6.907066740054E0,
-1.676122202675E2));
#7893=CARTESIAN_POINT('',(-6.887716357363E1,6.908102041702E0,
-1.676222329952E2));
#7894=CARTESIAN_POINT('',(-6.885217141144E1,6.909762572117E0,
-1.676415423356E2));
#7895=CARTESIAN_POINT('',(-6.881543811450E1,6.911213926221E0,
-1.676692480448E2));
#7896=CARTESIAN_POINT('',(-6.878999429079E1,6.911546125480E0,
-1.676879793905E2));
#7897=CARTESIAN_POINT('',(-6.877684516655E1,6.911535866472E0,
-1.676975353878E2));
#7898=CARTESIAN_POINT('',(-6.877610039392E1,6.911534704576E0,
-1.676980762476E2));
#7899=CARTESIAN_POINT('',(-6.896012478064E1,5.880251223527E0,
-1.677651366996E2));
#7900=CARTESIAN_POINT('',(-6.895957201059E1,5.880300621307E0,
-1.677655608170E2));
#7901=CARTESIAN_POINT('',(-6.894979966580E1,5.881165200505E0,
-1.677730548251E2));
#7902=CARTESIAN_POINT('',(-6.893074536408E1,5.882551648073E0,
-1.677875327201E2));
#7903=CARTESIAN_POINT('',(-6.890282086288E1,5.883763196888E0,
-1.678083833033E2));
#7904=CARTESIAN_POINT('',(-6.888352933072E1,5.884040478561E0,
-1.678225375062E2));
#7905=CARTESIAN_POINT('',(-6.887357208342E1,5.884031915779E0,
-1.678297753112E2));
#7906=CARTESIAN_POINT('',(-6.887300813963E1,5.884030946009E0,
-1.678301850184E2));
#7907=(BOUNDED_SURFACE()B_SPLINE_SURFACE(3,3,((#7875,#7876,#7877,#7878,#7879,
#7880,#7881,#7882),(#7883,#7884,#7885,#7886,#7887,#7888,#7889,#7890),(#7891,
#7892,#7893,#7894,#7895,#7896,#7897,#7898),(#7899,#7900,#7901,#7902,#7903,#7904,
#7905,#7906)),.UNSPECIFIED.,.F.,.F.,.F.)B_SPLINE_SURFACE_WITH_KNOTS((4,4),(4,1,
1,1,1,4),(0.E0,1.E0),(-2.000000014349E-2,0.E0,3.335052906035E-1,
6.668066406278E-1,1.E0,1.020000011367E0),.UNSPECIFIED.)GEOMETRIC_REPRESENTATION_ITEM()RATIONAL_B_SPLINE_SURFACE(((1.064772720030E0,1.064772720030E0,
1.064772720030E0,1.064772720030E0,1.064772720030E0,1.064772720030E0,
1.064772720030E0,1.064772720030E0),(9.784090933233E-1,9.784090933233E-1,
9.784090933233E-1,9.784090933233E-1,9.784090933233E-1,9.784090933233E-1,
9.784090933233E-1,9.784090933233E-1),(9.784090933233E-1,9.784090933233E-1,
9.784090933233E-1,9.784090933233E-1,9.784090933233E-1,9.784090933233E-1,
9.784090933233E-1,9.784090933233E-1),(1.064772720030E0,1.064772720030E0,
1.064772720030E0,1.064772720030E0,1.064772720030E0,1.064772720030E0,
1.064772720030E0,1.064772720030E0)))REPRESENTATION_ITEM('')SURFACE());
#7908=ORIENTED_EDGE('',*,*,#7061,.T.);
#7910=ORIENTED_EDGE('',*,*,#7909,.T.);
#7912=ORIENTED_EDGE('',*,*,#7911,.F.);
#7913=ORIENTED_EDGE('',*,*,#7867,.F.);
#7914=EDGE_LOOP('',(#7908,#7910,#7912,#7913));
#7915=FACE_OUTER_BOUND('',#7914,.F.);
#7916=ADVANCED_FACE('',(#7915),#7907,.F.);
#7917=CARTESIAN_POINT('',(-7.104941615816E1,6.356425121165E0,
-1.699105583679E2));
#7918=DIRECTION('',(-8.087360843032E-1,0.E0,5.881716976750E-1));
#7919=DIRECTION('',(5.881716976750E-1,0.E0,8.087360843032E-1));
#7920=AXIS2_PLACEMENT_3D('',#7917,#7918,#7919);
#7921=CYLINDRICAL_SURFACE('',#7920,3.E0);
#7922=ORIENTED_EDGE('',*,*,#7079,.T.);
#7924=ORIENTED_EDGE('',*,*,#7923,.T.);
#7926=ORIENTED_EDGE('',*,*,#7925,.F.);
#7927=ORIENTED_EDGE('',*,*,#7909,.F.);
#7928=EDGE_LOOP('',(#7922,#7924,#7926,#7927));
#7929=FACE_OUTER_BOUND('',#7928,.F.);
#7930=ADVANCED_FACE('',(#7929),#7921,.F.);
#7931=CARTESIAN_POINT('',(-6.728193910059E1,8.448227515280E0,
-1.699864677654E2));
#7932=CARTESIAN_POINT('',(-6.722646192914E1,8.430494135259E0,
-1.700090814192E2));
#7933=CARTESIAN_POINT('',(-6.715950517935E1,8.417983890113E0,
-1.700452669921E2));
#7934=CARTESIAN_POINT('',(-6.708583333245E1,8.423485797089E0,
-1.701043484241E2));
#7935=CARTESIAN_POINT('',(-6.704427686193E1,8.433390925360E0,
-1.701444764400E2));
#7936=CARTESIAN_POINT('',(-6.700631723721E1,8.449514993855E0,
-1.701882075083E2));
#7937=CARTESIAN_POINT('',(-6.697121949384E1,8.472242485712E0,
-1.702364606317E2));
#7938=CARTESIAN_POINT('',(-6.693873674272E1,8.502433523384E0,
-1.702902754883E2));
#7939=CARTESIAN_POINT('',(-6.690907019781E1,8.541386067018E0,
-1.703508037010E2));
#7940=CARTESIAN_POINT('',(-6.688289380539E1,8.590826392090E0,
-1.704192814024E2));
#7941=CARTESIAN_POINT('',(-6.686143783902E1,8.652885156384E0,
-1.704969445058E2));
#7942=CARTESIAN_POINT('',(-6.684658797729E1,8.729960446868E0,
-1.705848196958E2));
#7943=CARTESIAN_POINT('',(-6.683979803556E1,8.843727369292E0,
-1.707035247576E2));
#7944=CARTESIAN_POINT('',(-6.684848716201E1,8.939547325034E0,
-1.707930253487E2));
#7945=CARTESIAN_POINT('',(-6.685961051506E1,9.002705435513E0,
-1.708480937479E2));
#7946=CARTESIAN_POINT('',(-6.721230128667E1,7.512614883438E0,
-1.689203606973E2));
#7947=CARTESIAN_POINT('',(-6.699044017752E1,7.418782977615E0,
-1.689878823254E2));
#7948=CARTESIAN_POINT('',(-6.667731197613E1,7.359535042409E0,
-1.691563639913E2));
#7949=CARTESIAN_POINT('',(-6.633359377890E1,7.385575901356E0,
-1.694323817209E2));
#7950=CARTESIAN_POINT('',(-6.614926791547E1,7.430061046857E0,
-1.696109220398E2));
#7951=CARTESIAN_POINT('',(-6.599442634010E1,7.496569291259E0,
-1.697900423390E2));
#7952=CARTESIAN_POINT('',(-6.586520910344E1,7.581100495112E0,
-1.699685497150E2));
#7953=CARTESIAN_POINT('',(-6.575819323160E1,7.681533797071E0,
-1.701468127419E2));
#7954=CARTESIAN_POINT('',(-6.567089541598E1,7.797267993703E0,
-1.703260362590E2));
#7955=CARTESIAN_POINT('',(-6.560193167648E1,7.928864235093E0,
-1.705077879473E2));
#7956=CARTESIAN_POINT('',(-6.555107115353E1,8.077739552066E0,
-1.706936527355E2));
#7957=CARTESIAN_POINT('',(-6.551922505714E1,8.245800297902E0,
-1.708848742787E2));
#7958=CARTESIAN_POINT('',(-6.550618485058E1,8.473649157087E0,
-1.711222069245E2));
#7959=CARTESIAN_POINT('',(-6.552287569704E1,8.648611627935E0,
-1.712850305979E2));
#7960=CARTESIAN_POINT('',(-6.554107717411E1,8.759154418847E0,
-1.713823359510E2));
#7961=CARTESIAN_POINT('',(-6.756320647303E1,6.168957682939E0,
-1.685926341444E2));
#7962=CARTESIAN_POINT('',(-6.720241911446E1,6.011585492383E0,
-1.686976527601E2));
#7963=CARTESIAN_POINT('',(-6.668374417003E1,5.913312804690E0,
-1.689765982138E2));
#7964=CARTESIAN_POINT('',(-6.611454431189E1,5.956503152968E0,
-1.694337520953E2));
#7965=CARTESIAN_POINT('',(-6.581100972818E1,6.029861711162E0,
-1.697278630780E2));
#7966=CARTESIAN_POINT('',(-6.555857477177E1,6.138439428649E0,
-1.700200298547E2));
#7967=CARTESIAN_POINT('',(-6.535077021243E1,6.274575120452E0,
-1.703072961351E2));
#7968=CARTESIAN_POINT('',(-6.518152112829E1,6.433658881483E0,
-1.705894701391E2));
#7969=CARTESIAN_POINT('',(-6.504610270441E1,6.613503756243E0,
-1.708678011403E2));
#7970=CARTESIAN_POINT('',(-6.494141264580E1,6.813698045496E0,
-1.711441336540E2));
#7971=CARTESIAN_POINT('',(-6.486600008484E1,7.035062920164E0,
-1.714203440276E2));
#7972=CARTESIAN_POINT('',(-6.481996257569E1,7.279094148721E0,
-1.716978570810E2));
#7973=CARTESIAN_POINT('',(-6.480170356099E1,7.602198450349E0,
-1.720342406660E2));
#7974=CARTESIAN_POINT('',(-6.482507563499E1,7.843242857623E0,
-1.722582872013E2));
#7975=CARTESIAN_POINT('',(-6.484918716105E1,7.993350621115E0,
-1.723908593095E2));
#7976=CARTESIAN_POINT('',(-6.818446265317E1,4.992358758659E0,
-1.691435593550E2));
#7977=CARTESIAN_POINT('',(-6.777166898414E1,4.811200596847E0,
-1.692626147707E2));
#7978=CARTESIAN_POINT('',(-6.717604869800E1,4.698319198399E0,
-1.695829117622E2));
#7979=CARTESIAN_POINT('',(-6.652244096652E1,4.747929367771E0,
-1.701078730090E2));
#7980=CARTESIAN_POINT('',(-6.617428122562E1,4.832096536082E0,
-1.704452472616E2));
#7981=CARTESIAN_POINT('',(-6.588531270053E1,4.956422739460E0,
-1.707797323923E2));
#7982=CARTESIAN_POINT('',(-6.564808939045E1,5.111876299796E0,
-1.711077119963E2));
#7983=CARTESIAN_POINT('',(-6.545554363075E1,5.292915551577E0,
-1.714287845279E2));
#7984=CARTESIAN_POINT('',(-6.530211151036E1,5.496759921358E0,
-1.717442158943E2));
#7985=CARTESIAN_POINT('',(-6.518404749217E1,5.722633528883E0,
-1.720559542423E2));
#7986=CARTESIAN_POINT('',(-6.509944400498E1,5.971134488051E0,
-1.723659850104E2));
#7987=CARTESIAN_POINT('',(-6.504809401513E1,6.243604867077E0,
-1.726758008366E2));
#7988=CARTESIAN_POINT('',(-6.502788136706E1,6.602367542372E0,
-1.730492636195E2));
#7989=CARTESIAN_POINT('',(-6.505375452344E1,6.868149374840E0,
-1.732962286110E2));
#7990=CARTESIAN_POINT('',(-6.508007844524E1,7.033068077635E0,
-1.734420026434E2));
#7991=(BOUNDED_SURFACE()B_SPLINE_SURFACE(3,3,((#7931,#7932,#7933,#7934,#7935,
#7936,#7937,#7938,#7939,#7940,#7941,#7942,#7943,#7944,#7945),(#7946,#7947,#7948,
#7949,#7950,#7951,#7952,#7953,#7954,#7955,#7956,#7957,#7958,#7959,#7960),(#7961,
#7962,#7963,#7964,#7965,#7966,#7967,#7968,#7969,#7970,#7971,#7972,#7973,#7974,
#7975),(#7976,#7977,#7978,#7979,#7980,#7981,#7982,#7983,#7984,#7985,#7986,#7987,
#7988,#7989,#7990)),.UNSPECIFIED.,.F.,.F.,.F.)B_SPLINE_SURFACE_WITH_KNOTS((4,4),
(4,1,1,1,1,1,1,1,1,1,1,1,4),(0.E0,1.E0),(-2.771486706161E-1,0.E0,
9.768608047001E-2,1.903285156845E-1,2.801004604337E-1,3.691249175197E-1,
4.594505436782E-1,5.530265203157E-1,6.518696170487E-1,7.580267815400E-1,
8.734567308789E-1,1.E0,1.216493905821E0),.UNSPECIFIED.)GEOMETRIC_REPRESENTATION_ITEM()RATIONAL_B_SPLINE_SURFACE(((1.119824926465E0,1.119824926465E0,
1.119824926465E0,1.119824926465E0,1.119824926465E0,1.119824926465E0,
1.119824926465E0,1.119824926465E0,1.119824926465E0,1.119824926465E0,
1.119824926465E0,1.119824926465E0,1.119824926465E0,1.119824926465E0,
1.119824926465E0),(9.600583578451E-1,9.600583578451E-1,9.600583578451E-1,
9.600583578451E-1,9.600583578451E-1,9.600583578451E-1,9.600583578451E-1,
9.600583578451E-1,9.600583578451E-1,9.600583578451E-1,9.600583578451E-1,
9.600583578451E-1,9.600583578451E-1,9.600583578451E-1,9.600583578451E-1),(
9.600583578451E-1,9.600583578451E-1,9.600583578451E-1,9.600583578451E-1,
9.600583578451E-1,9.600583578451E-1,9.600583578451E-1,9.600583578451E-1,
9.600583578451E-1,9.600583578451E-1,9.600583578451E-1,9.600583578451E-1,
9.600583578451E-1,9.600583578451E-1,9.600583578451E-1),(1.119824926465E0,
1.119824926465E0,1.119824926465E0,1.119824926465E0,1.119824926465E0,
1.119824926465E0,1.119824926465E0,1.119824926465E0,1.119824926465E0,
1.119824926465E0,1.119824926465E0,1.119824926465E0,1.119824926465E0,
1.119824926465E0,1.119824926465E0)))REPRESENTATION_ITEM('')SURFACE());
#7992=ORIENTED_EDGE('',*,*,#7093,.T.);
#7994=ORIENTED_EDGE('',*,*,#7993,.T.);
#7996=ORIENTED_EDGE('',*,*,#7995,.F.);
#7997=ORIENTED_EDGE('',*,*,#7923,.F.);
#7998=EDGE_LOOP('',(#7992,#7994,#7996,#7997));
#7999=FACE_OUTER_BOUND('',#7998,.F.);
#8000=ADVANCED_FACE('',(#7999),#7991,.F.);
#8001=CARTESIAN_POINT('',(-6.8E1,6.331217921313E0,-1.721031083740E2));
#8002=DIRECTION('',(0.E0,-7.071067811865E-1,7.071067811865E-1));
#8003=DIRECTION('',(1.E0,0.E0,0.E0));
#8004=AXIS2_PLACEMENT_3D('',#8001,#8002,#8003);
#8005=CYLINDRICAL_SURFACE('',#8004,3.E0);
#8007=ORIENTED_EDGE('',*,*,#8006,.F.);
#8008=ORIENTED_EDGE('',*,*,#7993,.F.);
#8009=ORIENTED_EDGE('',*,*,#7115,.T.);
#8010=ORIENTED_EDGE('',*,*,#7190,.T.);
#8011=EDGE_LOOP('',(#8007,#8008,#8009,#8010));
#8012=FACE_OUTER_BOUND('',#8011,.F.);
#8013=ADVANCED_FACE('',(#8012),#8005,.F.);
#8014=CARTESIAN_POINT('',(-6.5E1,7.417711987293E0,-1.706006417988E2));
#8015=DIRECTION('',(-4.573295603800E-1,-6.288281455225E-1,-6.288281455225E-1));
#8016=DIRECTION('',(-8.892972917999E-1,3.233808333818E-1,3.233808333818E-1));
#8017=AXIS2_PLACEMENT_3D('',#8014,#8015,#8016);
#8018=PLANE('',#8017);
#8019=ORIENTED_EDGE('',*,*,#8006,.T.);
#8020=ORIENTED_EDGE('',*,*,#7188,.F.);
#8021=ORIENTED_EDGE('',*,*,#7824,.T.);
#8022=ORIENTED_EDGE('',*,*,#7911,.T.);
#8023=ORIENTED_EDGE('',*,*,#7925,.T.);
#8024=ORIENTED_EDGE('',*,*,#7995,.T.);
#8025=EDGE_LOOP('',(#8019,#8020,#8021,#8022,#8023,#8024));
#8026=FACE_OUTER_BOUND('',#8025,.F.);
#8027=ADVANCED_FACE('',(#8026),#8018,.T.);
#8028=CARTESIAN_POINT('',(-7.115501072135E1,6.072421200093E0,
-1.635087128297E2));
#8029=CARTESIAN_POINT('',(-7.116442721763E1,6.089127857667E0,
-1.635201146806E2));
#8030=CARTESIAN_POINT('',(-7.119469008801E1,6.164972250276E0,
-1.635844598017E2));
#8031=CARTESIAN_POINT('',(-7.123811982019E1,6.374232685140E0,
-1.637995068633E2));
#8032=CARTESIAN_POINT('',(-7.126615661794E1,6.638284265735E0,
-1.641065835474E2));
#8033=CARTESIAN_POINT('',(-7.127542822821E1,6.866123124242E0,
-1.643893144476E2));
#8034=CARTESIAN_POINT('',(-7.126912830583E1,7.065646538785E0,
-1.646531514740E2));
#8035=CARTESIAN_POINT('',(-7.125158812175E1,7.237780831307E0,
-1.648923518922E2));
#8036=CARTESIAN_POINT('',(-7.122331870922E1,7.390605917305E0,
-1.651173362426E2));
#8037=CARTESIAN_POINT('',(-7.118610399140E1,7.526596901067E0,
-1.653301933478E2));
#8038=CARTESIAN_POINT('',(-7.114036343734E1,7.650272593080E0,
-1.655364099065E2));
#8039=CARTESIAN_POINT('',(-7.108516761512E1,7.765290592866E0,
-1.657417553520E2));
#8040=CARTESIAN_POINT('',(-7.101939644153E1,7.872890455164E0,
-1.659490336205E2));
#8041=CARTESIAN_POINT('',(-7.094247922512E1,7.972542970387E0,
-1.661580935336E2));
#8042=CARTESIAN_POINT('',(-7.085204668451E1,8.063767726691E0,
-1.663715170447E2));
#8043=CARTESIAN_POINT('',(-7.074748660330E1,8.144465280510E0,
-1.665883033970E2));
#8044=CARTESIAN_POINT('',(-7.062488568822E1,8.213669291506E0,
-1.668130257716E2));
#8045=CARTESIAN_POINT('',(-7.047866933065E1,8.268487605095E0,
-1.670509095853E2));
#8046=CARTESIAN_POINT('',(-7.029813948666E1,8.301577636933E0,
-1.673110698629E2));
#8047=CARTESIAN_POINT('',(-7.005859678177E1,8.295450752467E0,
-1.676192763241E2));
#8048=CARTESIAN_POINT('',(-6.990921904069E1,8.248432290403E0,
-1.677955117872E2));
#8049=CARTESIAN_POINT('',(-6.986024827066E1,8.209771226967E0,
-1.678716692846E2));
#8050=CARTESIAN_POINT('',(-7.060965338147E1,5.479337920570E0,
-1.638489440204E2));
#8051=CARTESIAN_POINT('',(-7.061602925709E1,5.504153548506E0,
-1.638674323155E2));
#8052=CARTESIAN_POINT('',(-7.063602405305E1,5.596969527412E0,
-1.639419462754E2));
#8053=CARTESIAN_POINT('',(-7.066261276697E1,5.806674459467E0,
-1.641319145422E2));
#8054=CARTESIAN_POINT('',(-7.067574780495E1,6.059240043214E0,
-1.643892318293E2));
#8055=CARTESIAN_POINT('',(-7.067428065626E1,6.277903960514E0,
-1.646264424386E2));
#8056=CARTESIAN_POINT('',(-7.066085100001E1,6.469122361638E0,
-1.648471774975E2));
#8057=CARTESIAN_POINT('',(-7.063882962763E1,6.634610417603E0,
-1.650476427397E2));
#8058=CARTESIAN_POINT('',(-7.060903881345E1,6.780470347348E0,
-1.652347220431E2));
#8059=CARTESIAN_POINT('',(-7.057280982417E1,6.909543460851E0,
-1.654106730609E2));
#8060=CARTESIAN_POINT('',(-7.053027325247E1,7.026388261717E0,
-1.655803311969E2));
#8061=CARTESIAN_POINT('',(-7.048052294919E1,7.134605955548E0,
-1.657485877251E2));
#8062=CARTESIAN_POINT('',(-7.042259860123E1,7.235476135875E0,
-1.659178425345E2));
#8063=CARTESIAN_POINT('',(-7.035608697596E1,7.328547114857E0,
-1.660879973812E2));
#8064=CARTESIAN_POINT('',(-7.027960876848E1,7.412963085477E0,
-1.662603635422E2));
#8065=CARTESIAN_POINT('',(-7.019281775970E1,7.486970447103E0,
-1.664342099676E2));
#8066=CARTESIAN_POINT('',(-7.009306375715E1,7.549645730092E0,
-1.666126988157E2));
#8067=CARTESIAN_POINT('',(-6.997649001354E1,7.598476221887E0,
-1.667995081157E2));
#8068=CARTESIAN_POINT('',(-6.983700944690E1,7.626893768272E0,
-1.669992386899E2));
#8069=CARTESIAN_POINT('',(-6.966000910537E1,7.621006581557E0,
-1.672269801618E2));
#8070=CARTESIAN_POINT('',(-6.956184611782E1,7.586027868146E0,
-1.673425494677E2));
#8071=CARTESIAN_POINT('',(-6.953899001998E1,7.560848141239E0,
-1.673812311622E2));
#8072=CARTESIAN_POINT('',(-7.039276427905E1,4.737909916118E0,
-1.642603365760E2));
#8073=CARTESIAN_POINT('',(-7.039546110130E1,4.772871653125E0,
-1.642924034292E2));
#8074=CARTESIAN_POINT('',(-7.040280241229E1,4.886922135816E0,
-1.643935823194E2));
#8075=CARTESIAN_POINT('',(-7.040771095495E1,5.097182723782E0,
-1.645737233563E2));
#8076=CARTESIAN_POINT('',(-7.040011030980E1,5.335389921956E0,
-1.647936799268E2));
#8077=CARTESIAN_POINT('',(-7.038206749429E1,5.542584452208E0,
-1.649969836773E2));
#8078=CARTESIAN_POINT('',(-7.035577263599E1,5.723420943390E0,
-1.651850347385E2));
#8079=CARTESIAN_POINT('',(-7.032363700462E1,5.880600688953E0,
-1.653564399589E2));
#8080=CARTESIAN_POINT('',(-7.028707973979E1,6.017753633978E0,
-1.655137244935E2));
#8081=CARTESIAN_POINT('',(-7.024694147244E1,6.138178873913E0,
-1.656597403198E2));
#8082=CARTESIAN_POINT('',(-7.020293230180E1,6.246484531838E0,
-1.657990529838E2));
#8083=CARTESIAN_POINT('',(-7.015404621123E1,6.346201316588E0,
-1.659359467011E2));
#8084=CARTESIAN_POINT('',(-7.009942281925E1,6.438658873283E0,
-1.660725643585E2));
#8085=CARTESIAN_POINT('',(-7.003882700905E1,6.523502422266E0,
-1.662088736659E2));
#8086=CARTESIAN_POINT('',(-6.997218134670E1,6.599406883486E0,
-1.663444463261E2));
#8087=CARTESIAN_POINT('',(-6.989949305575E1,6.665050986762E0,
-1.664788529090E2));
#8088=CARTESIAN_POINT('',(-6.981964001658E1,6.719564854135E0,
-1.666135786558E2));
#8089=CARTESIAN_POINT('',(-6.973080602067E1,6.760910104970E0,
-1.667504940197E2));
#8090=CARTESIAN_POINT('',(-6.963301800760E1,6.783486682686E0,
-1.668880112110E2));
#8091=CARTESIAN_POINT('',(-6.952484359183E1,6.777899136724E0,
-1.670272062348E2));
#8092=CARTESIAN_POINT('',(-6.949002716127E1,6.757971041526E0,
-1.670676328149E2));
#8093=CARTESIAN_POINT('',(-6.950353368974E1,6.749644029321E0,
-1.670550108688E2));
#8094=CARTESIAN_POINT('',(-7.054267323251E1,3.979166364615E0,
-1.646701869731E2));
#8095=CARTESIAN_POINT('',(-7.054170275094E1,4.024518273984E0,
-1.647199248216E2));
#8096=CARTESIAN_POINT('',(-7.053624135888E1,4.160313501278E0,
-1.648595523628E2));
#8097=CARTESIAN_POINT('',(-7.051846201474E1,4.371142705350E0,
-1.650468544561E2));
#8098=CARTESIAN_POINT('',(-7.048795628547E1,4.594656620992E0,
-1.652484515785E2));
#8099=CARTESIAN_POINT('',(-7.045043023703E1,4.790114250636E0,
-1.654354541064E2));
#8100=CARTESIAN_POINT('',(-7.040780831676E1,4.960326682783E0,
-1.656070152330E2));
#8101=CARTESIAN_POINT('',(-7.036171280243E1,5.109004333769E0,
-1.657641712305E2));
#8102=CARTESIAN_POINT('',(-7.031433984181E1,5.237247211165E0,
-1.659050367677E2));
#8103=CARTESIAN_POINT('',(-7.026608815859E1,5.348822873341E0,
-1.660333786078E2));
#8104=CARTESIAN_POINT('',(-7.021619005337E1,5.448390220183E0,
-1.661539215668E2));
#8105=CARTESIAN_POINT('',(-7.016343414092E1,5.539407819481E0,
-1.662707211857E2));
#8106=CARTESIAN_POINT('',(-7.010698247244E1,5.623256535353E0,
-1.663858558126E2));
#8107=CARTESIAN_POINT('',(-7.004676722630E1,5.699680756630E0,
-1.664993604749E2));
#8108=CARTESIAN_POINT('',(-6.998409466043E1,5.766875184835E0,
-1.666089058309E2));
#8109=CARTESIAN_POINT('',(-6.991935042391E1,5.823960963972E0,
-1.667143426786E2));
#8110=CARTESIAN_POINT('',(-6.985293539278E1,5.870123057750E0,
-1.668155098017E2));
#8111=CARTESIAN_POINT('',(-6.978503595967E1,5.903808480836E0,
-1.669125293341E2));
#8112=CARTESIAN_POINT('',(-6.972221564221E1,5.920407854328E0,
-1.669970441496E2));
#8113=CARTESIAN_POINT('',(-6.967698742373E1,5.915126937981E0,
-1.670552596750E2));
#8114=CARTESIAN_POINT('',(-6.970645440654E1,5.910600503684E0,
-1.670193465905E2));
#8115=CARTESIAN_POINT('',(-6.976014531490E1,5.919519281213E0,
-1.669506598238E2));
#8116=(BOUNDED_SURFACE()B_SPLINE_SURFACE(3,3,((#8028,#8029,#8030,#8031,#8032,
#8033,#8034,#8035,#8036,#8037,#8038,#8039,#8040,#8041,#8042,#8043,#8044,#8045,
#8046,#8047,#8048,#8049),(#8050,#8051,#8052,#8053,#8054,#8055,#8056,#8057,#8058,
#8059,#8060,#8061,#8062,#8063,#8064,#8065,#8066,#8067,#8068,#8069,#8070,#8071),(
#8072,#8073,#8074,#8075,#8076,#8077,#8078,#8079,#8080,#8081,#8082,#8083,#8084,
#8085,#8086,#8087,#8088,#8089,#8090,#8091,#8092,#8093),(#8094,#8095,#8096,#8097,
#8098,#8099,#8100,#8101,#8102,#8103,#8104,#8105,#8106,#8107,#8108,#8109,#8110,
#8111,#8112,#8113,#8114,#8115)),.UNSPECIFIED.,.F.,.F.,.F.)B_SPLINE_SURFACE_WITH_KNOTS((4,4),(4,1,1,1,1,1,1,1,1,1,1,1,1,1,1,1,1,1,1,4),(0.E0,1.E0),(
-4.545388233177E-2,0.E0,9.174301943909E-2,1.747061862689E-1,2.503883988504E-1,
3.195202431767E-1,3.820732716644E-1,4.383632939989E-1,4.898580805869E-1,
5.386696836359E-1,5.867676018318E-1,6.351033824586E-1,6.835296122026E-1,
7.317352081879E-1,7.798866091724E-1,8.286699494461E-1,8.802657838034E-1,
9.365954791003E-1,1.E0,1.092964166359E0),.UNSPECIFIED.)GEOMETRIC_REPRESENTATION_ITEM()RATIONAL_B_SPLINE_SURFACE(((1.046223576068E0,1.046223576068E0,
1.046223576068E0,1.046223576068E0,1.046223576068E0,1.046223576068E0,
1.046223576068E0,1.046223576068E0,1.046223576068E0,1.046223576068E0,
1.046223576068E0,1.046223576068E0,1.046223576068E0,1.046223576068E0,
1.046223576068E0,1.046223576068E0,1.046223576068E0,1.046223576068E0,
1.046223576068E0,1.046223576068E0,1.046223576068E0,1.046223576068E0),(
9.845921413108E-1,9.845921413108E-1,9.845921413108E-1,9.845921413108E-1,
9.845921413108E-1,9.845921413108E-1,9.845921413108E-1,9.845921413108E-1,
9.845921413108E-1,9.845921413108E-1,9.845921413108E-1,9.845921413108E-1,
9.845921413108E-1,9.845921413108E-1,9.845921413108E-1,9.845921413108E-1,
9.845921413108E-1,9.845921413108E-1,9.845921413108E-1,9.845921413108E-1,
9.845921413108E-1,9.845921413108E-1),(9.845921413108E-1,9.845921413108E-1,
9.845921413108E-1,9.845921413108E-1,9.845921413108E-1,9.845921413108E-1,
9.845921413108E-1,9.845921413108E-1,9.845921413108E-1,9.845921413108E-1,
9.845921413108E-1,9.845921413108E-1,9.845921413108E-1,9.845921413108E-1,
9.845921413108E-1,9.845921413108E-1,9.845921413108E-1,9.845921413108E-1,
9.845921413108E-1,9.845921413108E-1,9.845921413108E-1,9.845921413108E-1),(
1.046223576068E0,1.046223576068E0,1.046223576068E0,1.046223576068E0,
1.046223576068E0,1.046223576068E0,1.046223576068E0,1.046223576068E0,
1.046223576068E0,1.046223576068E0,1.046223576068E0,1.046223576068E0,
1.046223576068E0,1.046223576068E0,1.046223576068E0,1.046223576068E0,
1.046223576068E0,1.046223576068E0,1.046223576068E0,1.046223576068E0,
1.046223576068E0,1.046223576068E0)))REPRESENTATION_ITEM('')SURFACE());
#8118=ORIENTED_EDGE('',*,*,#8117,.F.);
#8119=ORIENTED_EDGE('',*,*,#7065,.T.);
#8120=ORIENTED_EDGE('',*,*,#7870,.T.);
#8121=EDGE_LOOP('',(#8118,#8119,#8120));
#8122=FACE_OUTER_BOUND('',#8121,.F.);
#8123=ADVANCED_FACE('',(#8122),#8116,.F.);
#8124=CARTESIAN_POINT('',(-7.044400449351E1,9.498453961034E0,
-1.663147923023E2));
#8125=CARTESIAN_POINT('',(-7.044400449061E1,9.417481566874E0,
-1.662176169656E2));
#8126=CARTESIAN_POINT('',(-7.044400448771E1,9.126770820650E0,
-1.659007209263E2));
#8127=CARTESIAN_POINT('',(-7.044400450687E1,8.559621296171E0,
-1.654425320434E2));
#8128=CARTESIAN_POINT('',(-7.044400450049E1,7.826788863618E0,
-1.650384377611E2));
#8129=CARTESIAN_POINT('',(-7.044400450181E1,7.134974916490E0,
-1.647605126974E2));
#8130=CARTESIAN_POINT('',(-7.044400450241E1,6.515400531151E0,
-1.645619866184E2));
#8131=CARTESIAN_POINT('',(-7.044400449939E1,5.966423290851E0,
-1.644126748924E2));
#8132=CARTESIAN_POINT('',(-7.044400450923E1,5.477106386362E0,
-1.642925712884E2));
#8133=CARTESIAN_POINT('',(-7.044400447724E1,5.030392117096E0,
-1.641923598943E2));
#8134=CARTESIAN_POINT('',(-7.044400457965E1,4.637319131875E0,
-1.641099782990E2));
#8135=CARTESIAN_POINT('',(-7.044394795093E1,4.408895048235E0,
-1.640577404478E2));
#8136=CARTESIAN_POINT('',(-7.044391392015E1,4.312493089884E0,
-1.640334269189E2));
#8137=CARTESIAN_POINT('',(-7.065752558021E1,8.822340938678E0,
-1.668828117427E2));
#8138=CARTESIAN_POINT('',(-7.065752558836E1,8.757950274366E0,
-1.668056543588E2));
#8139=CARTESIAN_POINT('',(-7.065752559651E1,8.526301906729E0,
-1.665531362485E2));
#8140=CARTESIAN_POINT('',(-7.065752554257E1,8.068331146988E0,
-1.661820561835E2));
#8141=CARTESIAN_POINT('',(-7.065752556070E1,7.451836707059E0,
-1.658405313602E2));
#8142=CARTESIAN_POINT('',(-7.065752555641E1,6.838194506065E0,
-1.655932140637E2));
#8143=CARTESIAN_POINT('',(-7.065752555661E1,6.266533739711E0,
-1.654097482969E2));
#8144=CARTESIAN_POINT('',(-7.065752555910E1,5.746359764406E0,
-1.652681832632E2));
#8145=CARTESIAN_POINT('',(-7.065752555049E1,5.275025619777E0,
-1.651524687578E2));
#8146=CARTESIAN_POINT('',(-7.065752557859E1,4.844242500964E0,
-1.650558264234E2));
#8147=CARTESIAN_POINT('',(-7.065752548860E1,4.458380054709E0,
-1.649749102095E2));
#8148=CARTESIAN_POINT('',(-7.065757188356E1,4.199852034543E0,
-1.649162476813E2));
#8149=CARTESIAN_POINT('',(-7.065759901950E1,4.077750528653E0,
-1.648864870363E2));
#8150=CARTESIAN_POINT('',(-7.030565517592E1,8.181017534675E0,
-1.674216035556E2));
#8151=CARTESIAN_POINT('',(-7.030565516587E1,8.132355381837E0,
-1.673634340942E2));
#8152=CARTESIAN_POINT('',(-7.030565515580E1,7.956730318635E0,
-1.671719813253E2));
#8153=CARTESIAN_POINT('',(-7.030565522244E1,7.602320494318E0,
-1.668835278653E2));
#8154=CARTESIAN_POINT('',(-7.030565519973E1,7.096177837266E0,
-1.666013529689E2));
#8155=CARTESIAN_POINT('',(-7.030565520617E1,6.556685029450E0,
-1.663830685068E2));
#8156=CARTESIAN_POINT('',(-7.030565520223E1,6.030472471030E0,
-1.662138881189E2));
#8157=CARTESIAN_POINT('',(-7.030565521080E1,5.537619679227E0,
-1.660796711689E2));
#8158=CARTESIAN_POINT('',(-7.030565518447E1,5.083342985625E0,
-1.659681199195E2));
#8159=CARTESIAN_POINT('',(-7.030565526974E1,4.667671274668E0,
-1.658748629978E2));
#8160=CARTESIAN_POINT('',(-7.030565499683E1,4.288648346720E0,
-1.657953367635E2));
#8161=CARTESIAN_POINT('',(-7.030581658094E1,4.001695533848E0,
-1.657306788995E2));
#8162=CARTESIAN_POINT('',(-7.030591604685E1,3.855323480164E0,
-1.656958323340E2));
#8163=CARTESIAN_POINT('',(-6.952549014356E1,7.824358207737E0,
-1.677212419661E2));
#8164=CARTESIAN_POINT('',(-6.952549009317E1,7.784443155474E0,
-1.676736322622E2));
#8165=CARTESIAN_POINT('',(-6.952549004270E1,7.639974344996E0,
-1.675161397752E2));
#8166=CARTESIAN_POINT('',(-6.952549037661E1,7.343157886669E0,
-1.672736374673E2));
#8167=CARTESIAN_POINT('',(-6.952549026362E1,6.898385191110E0,
-1.670244688589E2));
#8168=CARTESIAN_POINT('',(-6.952549029295E1,6.400129101771E0,
-1.668223304334E2));
#8169=CARTESIAN_POINT('',(-6.952549028276E1,5.899191665311E0,
-1.666610945765E2));
#8170=CARTESIAN_POINT('',(-6.952549029562E1,5.421533009351E0,
-1.665309641179E2));
#8171=CARTESIAN_POINT('',(-6.952549025918E1,4.976742479771E0,
-1.664217281810E2));
#8172=CARTESIAN_POINT('',(-6.952549037643E1,4.569474679418E0,
-1.663303539896E2));
#8173=CARTESIAN_POINT('',(-6.952549000134E1,4.194255414304E0,
-1.662516007650E2));
#8174=CARTESIAN_POINT('',(-6.952573405970E1,3.891631910434E0,
-1.661837128281E2));
#8175=CARTESIAN_POINT('',(-6.952588883743E1,3.731874676506E0,
-1.661461231302E2));
#8176=(BOUNDED_SURFACE()B_SPLINE_SURFACE(3,3,((#8124,#8125,#8126,#8127,#8128,
#8129,#8130,#8131,#8132,#8133,#8134,#8135,#8136),(#8137,#8138,#8139,#8140,#8141,
#8142,#8143,#8144,#8145,#8146,#8147,#8148,#8149),(#8150,#8151,#8152,#8153,#8154,
#8155,#8156,#8157,#8158,#8159,#8160,#8161,#8162),(#8163,#8164,#8165,#8166,#8167,
#8168,#8169,#8170,#8171,#8172,#8173,#8174,#8175)),.UNSPECIFIED.,.F.,.F.,.F.)B_SPLINE_SURFACE_WITH_KNOTS((4,4),(4,1,1,1,1,1,1,1,1,1,4),(0.E0,1.E0),(
-6.297745640745E-2,0.E0,1.521735115184E-1,3.086946178954E-1,4.559666398163E-1,
5.894551632077E-1,7.079783540625E-1,8.141278115948E-1,9.105734588468E-1,1.E0,
1.073267685528E0),.UNSPECIFIED.)GEOMETRIC_REPRESENTATION_ITEM()RATIONAL_B_SPLINE_SURFACE(((1.107917591476E0,1.107917591476E0,1.107917591476E0,1.107917591476E0,
1.107917591476E0,1.107917591476E0,1.107917591476E0,1.107917591476E0,
1.107917591476E0,1.107917591476E0,1.107917591476E0,1.107917591476E0,
1.107917591476E0),(9.640274695080E-1,9.640274695080E-1,9.640274695080E-1,
9.640274695080E-1,9.640274695080E-1,9.640274695080E-1,9.640274695080E-1,
9.640274695080E-1,9.640274695080E-1,9.640274695080E-1,9.640274695080E-1,
9.640274695080E-1,9.640274695080E-1),(9.640274695080E-1,9.640274695080E-1,
9.640274695080E-1,9.640274695080E-1,9.640274695080E-1,9.640274695080E-1,
9.640274695080E-1,9.640274695080E-1,9.640274695080E-1,9.640274695080E-1,
9.640274695080E-1,9.640274695080E-1,9.640274695080E-1),(1.107917591476E0,
1.107917591476E0,1.107917591476E0,1.107917591476E0,1.107917591476E0,
1.107917591476E0,1.107917591476E0,1.107917591476E0,1.107917591476E0,
1.107917591476E0,1.107917591476E0,1.107917591476E0,1.107917591476E0)))REPRESENTATION_ITEM('')SURFACE());
#8177=ORIENTED_EDGE('',*,*,#8117,.T.);
#8178=ORIENTED_EDGE('',*,*,#7828,.T.);
#8179=ORIENTED_EDGE('',*,*,#7037,.T.);
#8180=EDGE_LOOP('',(#8177,#8178,#8179));
#8181=FACE_OUTER_BOUND('',#8180,.F.);
#8182=ADVANCED_FACE('',(#8181),#8176,.T.);
#8183=CARTESIAN_POINT('',(-7.95E1,1.6E1,-1.490542138302E2));
#8184=DIRECTION('',(1.E0,0.E0,0.E0));
#8185=DIRECTION('',(0.E0,0.E0,-1.E0));
#8186=AXIS2_PLACEMENT_3D('',#8183,#8184,#8185);
#8187=PLANE('',#8186);
#8188=ORIENTED_EDGE('',*,*,#6970,.F.);
#8189=ORIENTED_EDGE('',*,*,#5807,.F.);
#8191=ORIENTED_EDGE('',*,*,#8190,.T.);
#8193=ORIENTED_EDGE('',*,*,#8192,.F.);
#8195=ORIENTED_EDGE('',*,*,#8194,.T.);
#8197=ORIENTED_EDGE('',*,*,#8196,.F.);
#8199=ORIENTED_EDGE('',*,*,#8198,.F.);
#8201=ORIENTED_EDGE('',*,*,#8200,.F.);
#8203=ORIENTED_EDGE('',*,*,#8202,.T.);
#8204=EDGE_LOOP('',(#8188,#8189,#8191,#8193,#8195,#8197,#8199,#8201,#8203));
#8205=FACE_OUTER_BOUND('',#8204,.F.);
#8206=ADVANCED_FACE('',(#8205),#8187,.T.);
#8207=CARTESIAN_POINT('',(-1.140110406871E2,4.07684E1,-1.636006417988E2));
#8208=DIRECTION('',(-7.071067811865E-1,7.071067811865E-1,0.E0));
#8209=DIRECTION('',(0.E0,0.E0,1.E0));
#8210=AXIS2_PLACEMENT_3D('',#8207,#8208,#8209);
#8211=CYLINDRICAL_SURFACE('',#8210,3.E0);
#8212=ORIENTED_EDGE('',*,*,#8190,.F.);
#8213=ORIENTED_EDGE('',*,*,#5805,.F.);
#8215=ORIENTED_EDGE('',*,*,#8214,.F.);
#8217=ORIENTED_EDGE('',*,*,#8216,.T.);
#8218=EDGE_LOOP('',(#8212,#8213,#8215,#8217));
#8219=FACE_OUTER_BOUND('',#8218,.F.);
#8220=ADVANCED_FACE('',(#8219),#8211,.T.);
#8221=CARTESIAN_POINT('',(2.580158864294E2,1.3E1,-1.636006417988E2));
#8222=DIRECTION('',(1.E0,0.E0,0.E0));
#8223=DIRECTION('',(0.E0,1.E0,0.E0));
#8224=AXIS2_PLACEMENT_3D('',#8221,#8222,#8223);
#8225=CYLINDRICAL_SURFACE('',#8224,3.E0);
#8226=ORIENTED_EDGE('',*,*,#5803,.F.);
#8228=ORIENTED_EDGE('',*,*,#8227,.F.);
#8229=ORIENTED_EDGE('',*,*,#6063,.F.);
#8230=ORIENTED_EDGE('',*,*,#8214,.T.);
#8231=EDGE_LOOP('',(#8226,#8228,#8229,#8230));
#8232=FACE_OUTER_BOUND('',#8231,.F.);
#8233=ADVANCED_FACE('',(#8232),#8225,.T.);
#8234=CARTESIAN_POINT('',(-1.295257593129E2,-2.77684E1,-1.636006417988E2));
#8235=DIRECTION('',(-7.071067811865E-1,-7.071067811865E-1,0.E0));
#8236=DIRECTION('',(0.E0,0.E0,1.E0));
#8237=AXIS2_PLACEMENT_3D('',#8234,#8235,#8236);
#8238=CYLINDRICAL_SURFACE('',#8237,3.E0);
#8240=ORIENTED_EDGE('',*,*,#8239,.F.);
#8242=ORIENTED_EDGE('',*,*,#8241,.T.);
#8243=ORIENTED_EDGE('',*,*,#8227,.T.);
#8244=ORIENTED_EDGE('',*,*,#5801,.F.);
#8245=EDGE_LOOP('',(#8240,#8242,#8243,#8244));
#8246=FACE_OUTER_BOUND('',#8245,.F.);
#8247=ADVANCED_FACE('',(#8246),#8238,.T.);
#8248=CARTESIAN_POINT('',(-9.55E1,1.6E1,-1.875208923591E2));
#8249=DIRECTION('',(-1.E0,0.E0,0.E0));
#8250=DIRECTION('',(0.E0,0.E0,1.E0));
#8251=AXIS2_PLACEMENT_3D('',#8248,#8249,#8250);
#8252=PLANE('',#8251);
#8253=ORIENTED_EDGE('',*,*,#7001,.T.);
#8255=ORIENTED_EDGE('',*,*,#8254,.T.);
#8257=ORIENTED_EDGE('',*,*,#8256,.F.);
#8259=ORIENTED_EDGE('',*,*,#8258,.F.);
#8261=ORIENTED_EDGE('',*,*,#8260,.T.);
#8263=ORIENTED_EDGE('',*,*,#8262,.T.);
#8265=ORIENTED_EDGE('',*,*,#8264,.T.);
#8266=ORIENTED_EDGE('',*,*,#8239,.T.);
#8267=ORIENTED_EDGE('',*,*,#5799,.T.);
#8268=EDGE_LOOP('',(#8253,#8255,#8257,#8259,#8261,#8263,#8265,#8266,#8267));
#8269=FACE_OUTER_BOUND('',#8268,.F.);
#8270=ADVANCED_FACE('',(#8269),#8252,.T.);
#8271=CARTESIAN_POINT('',(-9.15E1,-2.77684E1,-1.645637434320E2));
#8272=DIRECTION('',(0.E0,-1.E0,0.E0));
#8273=DIRECTION('',(-1.E0,0.E0,0.E0));
#8274=AXIS2_PLACEMENT_3D('',#8271,#8272,#8273);
#8275=CYLINDRICAL_SURFACE('',#8274,4.E0);
#8276=ORIENTED_EDGE('',*,*,#7024,.T.);
#8278=ORIENTED_EDGE('',*,*,#8277,.F.);
#8280=ORIENTED_EDGE('',*,*,#8279,.F.);
#8282=ORIENTED_EDGE('',*,*,#8281,.F.);
#8284=ORIENTED_EDGE('',*,*,#8283,.F.);
#8285=ORIENTED_EDGE('',*,*,#8254,.F.);
#8286=EDGE_LOOP('',(#8276,#8278,#8280,#8282,#8284,#8285));
#8287=FACE_OUTER_BOUND('',#8286,.F.);
#8288=ADVANCED_FACE('',(#8287),#8275,.T.);
#8289=CARTESIAN_POINT('',(-9.275E1,8.E0,-1.686006417988E2));
#8290=DIRECTION('',(5.881716976750E-1,0.E0,8.087360843032E-1));
#8291=DIRECTION('',(-8.087360843032E-1,0.E0,5.881716976750E-1));
#8292=AXIS2_PLACEMENT_3D('',#8289,#8290,#8291);
#8293=PLANE('',#8292);
#8294=ORIENTED_EDGE('',*,*,#7022,.F.);
#8296=ORIENTED_EDGE('',*,*,#8295,.F.);
#8298=ORIENTED_EDGE('',*,*,#8297,.F.);
#8299=ORIENTED_EDGE('',*,*,#8277,.T.);
#8300=EDGE_LOOP('',(#8294,#8296,#8298,#8299));
#8301=FACE_OUTER_BOUND('',#8300,.F.);
#8302=ADVANCED_FACE('',(#8301),#8293,.F.);
#8303=CARTESIAN_POINT('',(-9.4E1,-2.77684E1,-1.726375401656E2));
#8304=DIRECTION('',(0.E0,-1.E0,0.E0));
#8305=DIRECTION('',(1.E0,0.E0,0.E0));
#8306=AXIS2_PLACEMENT_3D('',#8303,#8304,#8305);
#8307=CYLINDRICAL_SURFACE('',#8306,4.E0);
#8308=ORIENTED_EDGE('',*,*,#7020,.F.);
#8310=ORIENTED_EDGE('',*,*,#8309,.F.);
#8312=ORIENTED_EDGE('',*,*,#8311,.F.);
#8313=ORIENTED_EDGE('',*,*,#8295,.T.);
#8314=EDGE_LOOP('',(#8308,#8310,#8312,#8313));
#8315=FACE_OUTER_BOUND('',#8314,.F.);
#8316=ADVANCED_FACE('',(#8315),#8307,.F.);
#8317=CARTESIAN_POINT('',(-9.E1,1.6E1,-2.145566473324E2));
#8318=DIRECTION('',(-1.E0,0.E0,0.E0));
#8319=DIRECTION('',(0.E0,0.E0,1.E0));
#8320=AXIS2_PLACEMENT_3D('',#8317,#8318,#8319);
#8321=PLANE('',#8320);
#8322=ORIENTED_EDGE('',*,*,#7018,.F.);
#8324=ORIENTED_EDGE('',*,*,#8323,.T.);
#8326=ORIENTED_EDGE('',*,*,#8325,.T.);
#8328=ORIENTED_EDGE('',*,*,#8327,.T.);
#8330=ORIENTED_EDGE('',*,*,#8329,.T.);
#8332=ORIENTED_EDGE('',*,*,#8331,.F.);
#8334=ORIENTED_EDGE('',*,*,#8333,.F.);
#8335=ORIENTED_EDGE('',*,*,#8309,.T.);
#8336=EDGE_LOOP('',(#8322,#8324,#8326,#8328,#8330,#8332,#8334,#8335));
#8337=FACE_OUTER_BOUND('',#8336,.F.);
#8338=ADVANCED_FACE('',(#8337),#8321,.T.);
#8339=CARTESIAN_POINT('',(-8.9E1,6.818527839154E-1,-1.996006417988E2));
#8340=DIRECTION('',(7.071067811865E-1,0.E0,7.071067811865E-1));
#8341=DIRECTION('',(7.071067811865E-1,0.E0,-7.071067811865E-1));
#8342=AXIS2_PLACEMENT_3D('',#8339,#8340,#8341);
#8343=PLANE('',#8342);
#8344=ORIENTED_EDGE('',*,*,#7016,.T.);
#8345=ORIENTED_EDGE('',*,*,#5893,.T.);
#8347=ORIENTED_EDGE('',*,*,#8346,.F.);
#8348=ORIENTED_EDGE('',*,*,#8323,.F.);
#8349=EDGE_LOOP('',(#8344,#8345,#8347,#8348));
#8350=FACE_OUTER_BOUND('',#8349,.F.);
#8351=ADVANCED_FACE('',(#8350),#8343,.F.);
#8352=CARTESIAN_POINT('',(-8.900000000344E1,1.363705567831E0,
-1.976006417988E2));
#8353=DIRECTION('',(1.E0,0.E0,0.E0));
#8354=DIRECTION('',(0.E0,0.E0,1.E0));
#8355=AXIS2_PLACEMENT_3D('',#8352,#8353,#8354);
#8356=CONICAL_SURFACE('',#8355,1.999999996559E0,4.5E1);
#8357=ORIENTED_EDGE('',*,*,#8325,.F.);
#8358=ORIENTED_EDGE('',*,*,#8346,.T.);
#8360=ORIENTED_EDGE('',*,*,#8359,.T.);
#8362=ORIENTED_EDGE('',*,*,#8361,.F.);
#8363=EDGE_LOOP('',(#8357,#8358,#8360,#8362));
#8364=FACE_OUTER_BOUND('',#8363,.F.);
#8365=ADVANCED_FACE('',(#8364),#8356,.T.);
#8366=CARTESIAN_POINT('',(2.569253882083E2,1.363705567831E0,-1.976006417988E2));
#8367=DIRECTION('',(1.E0,0.E0,0.E0));
#8368=DIRECTION('',(0.E0,0.E0,-1.E0));
#8369=AXIS2_PLACEMENT_3D('',#8366,#8367,#8368);
#8370=CYLINDRICAL_SURFACE('',#8369,3.E0);
#8371=ORIENTED_EDGE('',*,*,#8359,.F.);
#8372=ORIENTED_EDGE('',*,*,#5891,.F.);
#8374=ORIENTED_EDGE('',*,*,#8373,.T.);
#8376=ORIENTED_EDGE('',*,*,#8375,.T.);
#8377=EDGE_LOOP('',(#8371,#8372,#8374,#8376));
#8378=FACE_OUTER_BOUND('',#8377,.F.);
#8379=ADVANCED_FACE('',(#8378),#8370,.T.);
#8380=CARTESIAN_POINT('',(-8.599999999490E1,1.363705567831E0,
-1.976006417988E2));
#8381=DIRECTION('',(-1.E0,0.E0,0.E0));
#8382=DIRECTION('',(0.E0,0.E0,1.E0));
#8383=AXIS2_PLACEMENT_3D('',#8380,#8381,#8382);
#8384=CONICAL_SURFACE('',#8383,1.999999994904E0,4.5E1);
#8385=ORIENTED_EDGE('',*,*,#8373,.F.);
#8387=ORIENTED_EDGE('',*,*,#8386,.T.);
#8389=ORIENTED_EDGE('',*,*,#8388,.T.);
#8391=ORIENTED_EDGE('',*,*,#8390,.F.);
#8392=EDGE_LOOP('',(#8385,#8387,#8389,#8391));
#8393=FACE_OUTER_BOUND('',#8392,.F.);
#8394=ADVANCED_FACE('',(#8393),#8384,.T.);
#8395=CARTESIAN_POINT('',(-8.6E1,6.818527839154E-1,-1.996006417988E2));
#8396=DIRECTION('',(-7.071067811865E-1,0.E0,7.071067811865E-1));
#8397=DIRECTION('',(7.071067811865E-1,0.E0,7.071067811865E-1));
#8398=AXIS2_PLACEMENT_3D('',#8395,#8396,#8397);
#8399=PLANE('',#8398);
#8400=ORIENTED_EDGE('',*,*,#6980,.T.);
#8402=ORIENTED_EDGE('',*,*,#8401,.T.);
#8403=ORIENTED_EDGE('',*,*,#8386,.F.);
#8404=ORIENTED_EDGE('',*,*,#5889,.F.);
#8405=EDGE_LOOP('',(#8400,#8402,#8403,#8404));
#8406=FACE_OUTER_BOUND('',#8405,.F.);
#8407=ADVANCED_FACE('',(#8406),#8399,.F.);
#8408=CARTESIAN_POINT('',(-8.5E1,0.E0,-2.006006417988E2));
#8409=DIRECTION('',(-1.E0,0.E0,0.E0));
#8410=DIRECTION('',(0.E0,0.E0,1.E0));
#8411=AXIS2_PLACEMENT_3D('',#8408,#8409,#8410);
#8412=PLANE('',#8411);
#8414=ORIENTED_EDGE('',*,*,#8413,.F.);
#8416=ORIENTED_EDGE('',*,*,#8415,.F.);
#8418=ORIENTED_EDGE('',*,*,#8417,.F.);
#8420=ORIENTED_EDGE('',*,*,#8419,.F.);
#8422=ORIENTED_EDGE('',*,*,#8421,.F.);
#8423=ORIENTED_EDGE('',*,*,#8388,.F.);
#8424=ORIENTED_EDGE('',*,*,#8401,.F.);
#8425=ORIENTED_EDGE('',*,*,#6978,.T.);
#8426=EDGE_LOOP('',(#8414,#8416,#8418,#8420,#8422,#8423,#8424,#8425));
#8427=FACE_OUTER_BOUND('',#8426,.F.);
#8428=ADVANCED_FACE('',(#8427),#8412,.F.);
#8429=CARTESIAN_POINT('',(-8.1E1,4.07684E1,-1.726375401656E2));
#8430=DIRECTION('',(0.E0,1.E0,0.E0));
#8431=DIRECTION('',(-1.E0,0.E0,0.E0));
#8432=AXIS2_PLACEMENT_3D('',#8429,#8430,#8431);
#8433=CYLINDRICAL_SURFACE('',#8432,4.E0);
#8434=ORIENTED_EDGE('',*,*,#6976,.T.);
#8436=ORIENTED_EDGE('',*,*,#8435,.F.);
#8438=ORIENTED_EDGE('',*,*,#8437,.F.);
#8439=ORIENTED_EDGE('',*,*,#8413,.T.);
#8440=EDGE_LOOP('',(#8434,#8436,#8438,#8439));
#8441=FACE_OUTER_BOUND('',#8440,.F.);
#8442=ADVANCED_FACE('',(#8441),#8433,.F.);
#8443=CARTESIAN_POINT('',(-8.225E1,8.E0,-1.686006417988E2));
#8444=DIRECTION('',(-5.881716976750E-1,0.E0,8.087360843032E-1));
#8445=DIRECTION('',(8.087360843032E-1,0.E0,5.881716976750E-1));
#8446=AXIS2_PLACEMENT_3D('',#8443,#8444,#8445);
#8447=PLANE('',#8446);
#8448=ORIENTED_EDGE('',*,*,#6974,.T.);
#8450=ORIENTED_EDGE('',*,*,#8449,.F.);
#8452=ORIENTED_EDGE('',*,*,#8451,.F.);
#8453=ORIENTED_EDGE('',*,*,#8435,.T.);
#8454=EDGE_LOOP('',(#8448,#8450,#8452,#8453));
#8455=FACE_OUTER_BOUND('',#8454,.F.);
#8456=ADVANCED_FACE('',(#8455),#8447,.F.);
#8457=CARTESIAN_POINT('',(-8.35E1,4.07684E1,-1.645637434320E2));
#8458=DIRECTION('',(0.E0,1.E0,0.E0));
#8459=DIRECTION('',(1.E0,0.E0,0.E0));
#8460=AXIS2_PLACEMENT_3D('',#8457,#8458,#8459);
#8461=CYLINDRICAL_SURFACE('',#8460,4.E0);
#8462=ORIENTED_EDGE('',*,*,#6972,.F.);
#8463=ORIENTED_EDGE('',*,*,#8202,.F.);
#8465=ORIENTED_EDGE('',*,*,#8464,.F.);
#8467=ORIENTED_EDGE('',*,*,#8466,.F.);
#8469=ORIENTED_EDGE('',*,*,#8468,.F.);
#8470=ORIENTED_EDGE('',*,*,#8449,.T.);
#8471=EDGE_LOOP('',(#8462,#8463,#8465,#8467,#8469,#8470));
#8472=FACE_OUTER_BOUND('',#8471,.F.);
#8473=ADVANCED_FACE('',(#8472),#8461,.T.);
#8474=CARTESIAN_POINT('',(-8.004220743821E1,8.259289157969E0,
-1.677389946589E2));
#8475=CARTESIAN_POINT('',(-8.000075168844E1,8.272556222768E0,
-1.676880403328E2));
#8476=CARTESIAN_POINT('',(-7.990694729077E1,8.292852680404E0,
-1.675736062413E2));
#8477=CARTESIAN_POINT('',(-7.975299187783E1,8.301375384031E0,
-1.673773564328E2));
#8478=CARTESIAN_POINT('',(-7.960275081146E1,8.285895108914E0,
-1.671704701096E2));
#8479=CARTESIAN_POINT('',(-7.946230739626E1,8.248841254889E0,
-1.669574896462E2));
#8480=CARTESIAN_POINT('',(-7.933181178065E1,8.191972194898E0,
-1.667368138112E2));
#8481=CARTESIAN_POINT('',(-7.921198261670E1,8.116517902920E0,
-1.665082028770E2));
#8482=CARTESIAN_POINT('',(-7.910866271085E1,8.027145088321E0,
-1.662824682819E2));
#8483=CARTESIAN_POINT('',(-7.901901142236E1,7.926552359390E0,
-1.660579011405E2));
#8484=CARTESIAN_POINT('',(-7.894320421583E1,7.816110466084E0,
-1.658366104679E2));
#8485=CARTESIAN_POINT('',(-7.887760029777E1,7.692798449779E0,
-1.656098049239E2));
#8486=CARTESIAN_POINT('',(-7.882098964797E1,7.550438728924E0,
-1.653685197196E2));
#8487=CARTESIAN_POINT('',(-7.877444202590E1,7.384129103163E0,
-1.651064031665E2));
#8488=CARTESIAN_POINT('',(-7.874018326148E1,7.187635183013E0,
-1.648185046728E2));
#8489=CARTESIAN_POINT('',(-7.872442902366E1,6.965732687138E0,
-1.645177642249E2));
#8490=CARTESIAN_POINT('',(-7.872807038389E1,6.709106587414E0,
-1.641921732951E2));
#8491=CARTESIAN_POINT('',(-7.875801113338E1,6.431931664087E0,
-1.638694228060E2));
#8492=CARTESIAN_POINT('',(-7.880730064322E1,6.125703746095E0,
-1.635205689237E2));
#8493=CARTESIAN_POINT('',(-7.885620376456E1,5.863288992915E0,
-1.632474743782E2));
#8494=CARTESIAN_POINT('',(-7.888280906813E1,5.727837523569E0,
-1.631137521586E2));
#8495=CARTESIAN_POINT('',(-8.040661576882E1,7.594353093706E0,
-1.673061111928E2));
#8496=CARTESIAN_POINT('',(-8.037857037121E1,7.603952001838E0,
-1.672715526626E2));
#8497=CARTESIAN_POINT('',(-8.031321568776E1,7.619433811185E0,
-1.671916976626E2));
#8498=CARTESIAN_POINT('',(-8.020104418785E1,7.626568884240E0,
-1.670485980766E2));
#8499=CARTESIAN_POINT('',(-8.008677786921E1,7.613606470608E0,
-1.668917578050E2));
#8500=CARTESIAN_POINT('',(-7.997668981357E1,7.581145950182E0,
-1.667264370031E2));
#8501=CARTESIAN_POINT('',(-7.987184889695E1,7.530113281139E0,
-1.665523074027E2));
#8502=CARTESIAN_POINT('',(-7.977378954851E1,7.461554697692E0,
-1.663702596274E2));
#8503=CARTESIAN_POINT('',(-7.968712294187E1,7.379053342235E0,
-1.661882808729E2));
#8504=CARTESIAN_POINT('',(-7.961078448091E1,7.285758872020E0,
-1.660065894745E2));
#8505=CARTESIAN_POINT('',(-7.954475909717E1,7.182540801005E0,
-1.658263780987E2));
#8506=CARTESIAN_POINT('',(-7.948621603552E1,7.066675346417E0,
-1.656407724199E2));
#8507=CARTESIAN_POINT('',(-7.943389564063E1,6.932073389232E0,
-1.654421452604E2));
#8508=CARTESIAN_POINT('',(-7.938854544394E1,6.773900066099E0,
-1.652250730056E2));
#8509=CARTESIAN_POINT('',(-7.935226925419E1,6.586959909298E0,
-1.649863473246E2));
#8510=CARTESIAN_POINT('',(-7.932976734456E1,6.373814873986E0,
-1.647343949265E2));
#8511=CARTESIAN_POINT('',(-7.932233546687E1,6.127741606457E0,
-1.644615801977E2));
#8512=CARTESIAN_POINT('',(-7.933513315510E1,5.856578486023E0,
-1.641850463797E2));
#8513=CARTESIAN_POINT('',(-7.936487376320E1,5.564437078454E0,
-1.638931668001E2));
#8514=CARTESIAN_POINT('',(-7.939767703281E1,5.326921582975E0,
-1.636754707331E2));
#8515=CARTESIAN_POINT('',(-7.941589989554E1,5.207445228707E0,
-1.635716198889E2));
#8516=CARTESIAN_POINT('',(-8.049972389246E1,6.763128087414E0,
-1.670562861621E2));
#8517=CARTESIAN_POINT('',(-8.048791650539E1,6.768141496710E0,
-1.670415403285E2));
#8518=CARTESIAN_POINT('',(-8.045613568453E1,6.777604597989E0,
-1.670024298405E2));
#8519=CARTESIAN_POINT('',(-8.039085687660E1,6.783005018208E0,
-1.669189170718E2));
#8520=CARTESIAN_POINT('',(-8.031432213426E1,6.773190139416E0,
-1.668148835327E2));
#8521=CARTESIAN_POINT('',(-8.023403037983E1,6.746471665413E0,
-1.666974681864E2));
#8522=CARTESIAN_POINT('',(-8.015260947635E1,6.702734967160E0,
-1.665682326707E2));
#8523=CARTESIAN_POINT('',(-8.007306555305E1,6.642796588986E0,
-1.664299223147E2));
#8524=CARTESIAN_POINT('',(-7.999882240953E1,6.568885125063E0,
-1.662874152910E2));
#8525=CARTESIAN_POINT('',(-7.993136167075E1,6.484714081103E0,
-1.661438980055E2));
#8526=CARTESIAN_POINT('',(-7.987037580566E1,6.390526384665E0,
-1.659993454839E2));
#8527=CARTESIAN_POINT('',(-7.981384515228E1,6.283969747333E0,
-1.658487767572E2));
#8528=CARTESIAN_POINT('',(-7.976024634507E1,6.159065635553E0,
-1.656854630549E2));
#8529=CARTESIAN_POINT('',(-7.970994774161E1,6.011063362791E0,
-1.655045844435E2));
#8530=CARTESIAN_POINT('',(-7.966518146081E1,5.836066199350E0,
-1.653051072247E2));
#8531=CARTESIAN_POINT('',(-7.962904149097E1,5.633868713138E0,
-1.650898420493E2));
#8532=CARTESIAN_POINT('',(-7.960363347535E1,5.400987357553E0,
-1.648566737031E2));
#8533=CARTESIAN_POINT('',(-7.959223065314E1,5.137339487330E0,
-1.646092396709E2));
#8534=CARTESIAN_POINT('',(-7.959663640634E1,4.862807381382E0,
-1.643605538450E2));
#8535=CARTESIAN_POINT('',(-7.960980941040E1,4.656145465612E0,
-1.641944333758E2));
#8536=CARTESIAN_POINT('',(-7.961798071977E1,4.556419109107E0,
-1.641203339342E2));
#8537=CARTESIAN_POINT('',(-8.030507934035E1,5.912493948555E0,
-1.670336643563E2));
#8538=CARTESIAN_POINT('',(-8.030946831983E1,5.912814787458E0,
-1.670386471606E2));
#8539=CARTESIAN_POINT('',(-8.031045291346E1,5.916118643629E0,
-1.670392469345E2));
#8540=CARTESIAN_POINT('',(-8.028888950516E1,5.919743906807E0,
-1.670112284186E2));
#8541=CARTESIAN_POINT('',(-8.024517589145E1,5.913150057902E0,
-1.669534311940E2));
#8542=CARTESIAN_POINT('',(-8.018885628917E1,5.892307707304E0,
-1.668757020679E2));
#8543=CARTESIAN_POINT('',(-8.012448233044E1,5.856037341012E0,
-1.667817755755E2));
#8544=CARTESIAN_POINT('',(-8.005692771390E1,5.804920450201E0,
-1.666766483732E2));
#8545=CARTESIAN_POINT('',(-7.998868293636E1,5.739799452074E0,
-1.665623542040E2));
#8546=CARTESIAN_POINT('',(-7.992409609578E1,5.664964866689E0,
-1.664455639279E2));
#8547=CARTESIAN_POINT('',(-7.986251694800E1,5.580018404384E0,
-1.663249487974E2));
#8548=CARTESIAN_POINT('',(-7.980259465653E1,5.482987945513E0,
-1.661970629810E2));
#8549=CARTESIAN_POINT('',(-7.974237466883E1,5.368008124163E0,
-1.660554781606E2));
#8550=CARTESIAN_POINT('',(-7.968185622395E1,5.230414396149E0,
-1.658955470185E2));
#8551=CARTESIAN_POINT('',(-7.962362740946E1,5.067639095374E0,
-1.657184585974E2));
#8552=CARTESIAN_POINT('',(-7.956936887483E1,4.876644783911E0,
-1.655212970814E2));
#8553=CARTESIAN_POINT('',(-7.952225825565E1,4.657263371869E0,
-1.653076396714E2));
#8554=CARTESIAN_POINT('',(-7.948387377250E1,4.401306233210E0,
-1.650670465254E2));
#8555=CARTESIAN_POINT('',(-7.946163545815E1,4.144794606683E0,
-1.648401414457E2));
#8556=CARTESIAN_POINT('',(-7.945511650625E1,3.969488677835E0,
-1.647126601399E2));
#8557=CARTESIAN_POINT('',(-7.945334328763E1,3.889797321320E0,
-1.646629349711E2));
#8558=(BOUNDED_SURFACE()B_SPLINE_SURFACE(3,3,((#8474,#8475,#8476,#8477,#8478,
#8479,#8480,#8481,#8482,#8483,#8484,#8485,#8486,#8487,#8488,#8489,#8490,#8491,
#8492,#8493,#8494),(#8495,#8496,#8497,#8498,#8499,#8500,#8501,#8502,#8503,#8504,
#8505,#8506,#8507,#8508,#8509,#8510,#8511,#8512,#8513,#8514,#8515),(#8516,#8517,
#8518,#8519,#8520,#8521,#8522,#8523,#8524,#8525,#8526,#8527,#8528,#8529,#8530,
#8531,#8532,#8533,#8534,#8535,#8536),(#8537,#8538,#8539,#8540,#8541,#8542,#8543,
#8544,#8545,#8546,#8547,#8548,#8549,#8550,#8551,#8552,#8553,#8554,#8555,#8556,
#8557)),.UNSPECIFIED.,.F.,.F.,.F.)B_SPLINE_SURFACE_WITH_KNOTS((4,4),(4,1,1,1,1,
1,1,1,1,1,1,1,1,1,1,1,1,1,4),(0.E0,1.E0),(-4.712988589510E-2,0.E0,
4.644710124334E-2,9.176535131498E-2,1.379113580717E-1,1.864403335653E-1,
2.374578170691E-1,2.888848564200E-1,3.395548561507E-1,3.899743398837E-1,
4.421103746456E-1,4.991414162070E-1,5.638850657492E-1,6.359908191741E-1,
7.143916518203E-1,8.006036435709E-1,8.954147094439E-1,1.E0,1.084503357828E0),
.UNSPECIFIED.)GEOMETRIC_REPRESENTATION_ITEM()RATIONAL_B_SPLINE_SURFACE(((
1.046217393059E0,1.046217393059E0,1.046217393059E0,1.046217393059E0,
1.046217393059E0,1.046217393059E0,1.046217393059E0,1.046217393059E0,
1.046217393059E0,1.046217393059E0,1.046217393059E0,1.046217393059E0,
1.046217393059E0,1.046217393059E0,1.046217393059E0,1.046217393059E0,
1.046217393059E0,1.046217393059E0,1.046217393059E0,1.046217393059E0,
1.046217393059E0),(9.845942023135E-1,9.845942023135E-1,9.845942023135E-1,
9.845942023135E-1,9.845942023135E-1,9.845942023135E-1,9.845942023135E-1,
9.845942023135E-1,9.845942023135E-1,9.845942023135E-1,9.845942023135E-1,
9.845942023135E-1,9.845942023135E-1,9.845942023135E-1,9.845942023135E-1,
9.845942023135E-1,9.845942023135E-1,9.845942023135E-1,9.845942023135E-1,
9.845942023135E-1,9.845942023135E-1),(9.845942023135E-1,9.845942023135E-1,
9.845942023135E-1,9.845942023135E-1,9.845942023135E-1,9.845942023135E-1,
9.845942023135E-1,9.845942023135E-1,9.845942023135E-1,9.845942023135E-1,
9.845942023135E-1,9.845942023135E-1,9.845942023135E-1,9.845942023135E-1,
9.845942023135E-1,9.845942023135E-1,9.845942023135E-1,9.845942023135E-1,
9.845942023135E-1,9.845942023135E-1,9.845942023135E-1),(1.046217393059E0,
1.046217393059E0,1.046217393059E0,1.046217393059E0,1.046217393059E0,
1.046217393059E0,1.046217393059E0,1.046217393059E0,1.046217393059E0,
1.046217393059E0,1.046217393059E0,1.046217393059E0,1.046217393059E0,
1.046217393059E0,1.046217393059E0,1.046217393059E0,1.046217393059E0,
1.046217393059E0,1.046217393059E0,1.046217393059E0,1.046217393059E0)))REPRESENTATION_ITEM('')SURFACE());
#8559=ORIENTED_EDGE('',*,*,#8464,.T.);
#8561=ORIENTED_EDGE('',*,*,#8560,.F.);
#8563=ORIENTED_EDGE('',*,*,#8562,.F.);
#8564=EDGE_LOOP('',(#8559,#8561,#8563));
#8565=FACE_OUTER_BOUND('',#8564,.F.);
#8566=ADVANCED_FACE('',(#8565),#8558,.F.);
#8567=CARTESIAN_POINT('',(-8.109277017392E1,4.802444876045E0,
-1.626227295010E2));
#8568=CARTESIAN_POINT('',(-8.107140993070E1,4.833852735063E0,
-1.626338395219E2));
#8569=CARTESIAN_POINT('',(-8.101132626386E1,4.944801405099E0,
-1.626708147235E2));
#8570=CARTESIAN_POINT('',(-8.090398508153E1,5.212473582884E0,
-1.627573651553E2));
#8571=CARTESIAN_POINT('',(-8.076289722245E1,5.538457982957E0,
-1.628797578480E2));
#8572=CARTESIAN_POINT('',(-8.059951768542E1,5.918043234232E0,
-1.630417861956E2));
#8573=CARTESIAN_POINT('',(-8.042205833234E1,6.342454600626E0,
-1.632506917671E2));
#8574=CARTESIAN_POINT('',(-8.023716948998E1,6.789458837370E0,
-1.635111560430E2));
#8575=CARTESIAN_POINT('',(-8.005753795669E1,7.254671406151E0,
-1.638284853868E2));
#8576=CARTESIAN_POINT('',(-7.989857432839E1,7.709079143576E0,
-1.641944608820E2));
#8577=CARTESIAN_POINT('',(-7.977378637096E1,8.126301868539E0,
-1.645859198773E2));
#8578=CARTESIAN_POINT('',(-7.968548178500E1,8.486322430598E0,
-1.649733682362E2));
#8579=CARTESIAN_POINT('',(-7.962529559514E1,8.786061826269E0,
-1.653415082177E2));
#8580=CARTESIAN_POINT('',(-7.958411602883E1,9.036304358349E0,
-1.656918783566E2));
#8581=CARTESIAN_POINT('',(-7.955453782479E1,9.249136140673E0,
-1.660362018106E2));
#8582=CARTESIAN_POINT('',(-7.954050168760E1,9.370761041801E0,
-1.662671752877E2));
#8583=CARTESIAN_POINT('',(-7.953476091074E1,9.427143926359E0,
-1.663844289775E2));
#8584=CARTESIAN_POINT('',(-7.994567558835E1,4.748389636831E0,
-1.628550875089E2));
#8585=CARTESIAN_POINT('',(-7.992691565618E1,4.780095932075E0,
-1.628790821337E2));
#8586=CARTESIAN_POINT('',(-7.987474947973E1,4.888055969903E0,
-1.629514222612E2));
#8587=CARTESIAN_POINT('',(-7.978465600632E1,5.138321540025E0,
-1.630985634987E2));
#8588=CARTESIAN_POINT('',(-7.967230011294E1,5.443713392440E0,
-1.633010467891E2));
#8589=CARTESIAN_POINT('',(-7.955133399150E1,5.795932876333E0,
-1.635550050835E2));
#8590=CARTESIAN_POINT('',(-7.943244298907E1,6.183077779531E0,
-1.638617850359E2));
#8591=CARTESIAN_POINT('',(-7.932507150687E1,6.583330364512E0,
-1.642217894876E2));
#8592=CARTESIAN_POINT('',(-7.924157623228E1,6.985804176940E0,
-1.646299348776E2));
#8593=CARTESIAN_POINT('',(-7.919195231250E1,7.361253623172E0,
-1.650664346682E2));
#8594=CARTESIAN_POINT('',(-7.917781957752E1,7.685431744909E0,
-1.654971180156E2));
#8595=CARTESIAN_POINT('',(-7.918929076868E1,7.947269254903E0,
-1.658909087604E2));
#8596=CARTESIAN_POINT('',(-7.921432496355E1,8.152045579921E0,
-1.662398146720E2));
#8597=CARTESIAN_POINT('',(-7.924554469064E1,8.313251161914E0,
-1.665520144504E2));
#8598=CARTESIAN_POINT('',(-7.928022516957E1,8.442901037410E0,
-1.668437200136E2));
#8599=CARTESIAN_POINT('',(-7.930502915079E1,8.512770967723E0,
-1.670305543544E2));
#8600=CARTESIAN_POINT('',(-7.931789949001E1,8.544239821239E0,
-1.671233242399E2));
#8601=CARTESIAN_POINT('',(-7.930326503604E1,4.531399651572E0,
-1.638106281249E2));
#8602=CARTESIAN_POINT('',(-7.929519738135E1,4.570543499214E0,
-1.638433985581E2));
#8603=CARTESIAN_POINT('',(-7.927352853995E1,4.687513942650E0,
-1.639374088451E2));
#8604=CARTESIAN_POINT('',(-7.924009669095E1,4.917221178177E0,
-1.641131646735E2));
#8605=CARTESIAN_POINT('',(-7.920650229768E1,5.207018753961E0,
-1.643512316591E2));
#8606=CARTESIAN_POINT('',(-7.918320591842E1,5.536989110031E0,
-1.646387603547E2));
#8607=CARTESIAN_POINT('',(-7.917924009687E1,5.892467252037E0,
-1.649707417611E2));
#8608=CARTESIAN_POINT('',(-7.920326997966E1,6.256183812392E0,
-1.653433341452E2));
#8609=CARTESIAN_POINT('',(-7.926216333463E1,6.609863219348E0,
-1.657431258527E2));
#8610=CARTESIAN_POINT('',(-7.935570230080E1,6.927534089073E0,
-1.661464227348E2));
#8611=CARTESIAN_POINT('',(-7.947150536569E1,7.187618442229E0,
-1.665199999467E2));
#8612=CARTESIAN_POINT('',(-7.959010645096E1,7.386318296680E0,
-1.668414495572E2));
#8613=CARTESIAN_POINT('',(-7.970033065183E1,7.534552573812E0,
-1.671116876967E2));
#8614=CARTESIAN_POINT('',(-7.979980125448E1,7.646654071931E0,
-1.673427503713E2));
#8615=CARTESIAN_POINT('',(-7.989217088627E1,7.734681110376E0,
-1.675512185612E2));
#8616=CARTESIAN_POINT('',(-7.995025242927E1,7.781379181573E0,
-1.676807439661E2));
#8617=CARTESIAN_POINT('',(-7.997866030328E1,7.802370069670E0,
-1.677442012297E2));
#8618=CARTESIAN_POINT('',(-7.954188465926E1,4.278595098433E0,
-1.649295628720E2));
#8619=CARTESIAN_POINT('',(-7.954633734548E1,4.327958441269E0,
-1.649618591487E2));
#8620=CARTESIAN_POINT('',(-7.955987929856E1,4.460659723382E0,
-1.650511497057E2));
#8621=CARTESIAN_POINT('',(-7.958932866587E1,4.678700675135E0,
-1.652067805011E2));
#8622=CARTESIAN_POINT('',(-7.963838411810E1,4.967037907594E0,
-1.654150781298E2));
#8623=CARTESIAN_POINT('',(-7.971079552163E1,5.292910077833E0,
-1.656581509884E2));
#8624=CARTESIAN_POINT('',(-7.981078459722E1,5.640872635825E0,
-1.659278970454E2));
#8625=CARTESIAN_POINT('',(-7.994312042191E1,5.999672855445E0,
-1.662187506758E2));
#8626=CARTESIAN_POINT('',(-8.010723863286E1,6.347087644645E0,
-1.665159128459E2));
#8627=CARTESIAN_POINT('',(-8.029389393197E1,6.662008325015E0,
-1.668017310187E2));
#8628=CARTESIAN_POINT('',(-8.048279252459E1,6.924498072887E0,
-1.670553263408E2));
#8629=CARTESIAN_POINT('',(-8.065311725342E1,7.132093873149E0,
-1.672681312154E2));
#8630=CARTESIAN_POINT('',(-8.079859385323E1,7.295331396738E0,
-1.674463541605E2));
#8631=CARTESIAN_POINT('',(-8.092218320905E1,7.427028534264E0,
-1.676008458870E2));
#8632=CARTESIAN_POINT('',(-8.103187617855E1,7.539375891434E0,
-1.677442205304E2));
#8633=CARTESIAN_POINT('',(-8.109817758929E1,7.605060085295E0,
-1.678368407405E2));
#8634=CARTESIAN_POINT('',(-8.112994699582E1,7.636147425230E0,
-1.678833289042E2));
#8635=(BOUNDED_SURFACE()B_SPLINE_SURFACE(3,3,((#8567,#8568,#8569,#8570,#8571,
#8572,#8573,#8574,#8575,#8576,#8577,#8578,#8579,#8580,#8581,#8582,#8583),(#8584,
#8585,#8586,#8587,#8588,#8589,#8590,#8591,#8592,#8593,#8594,#8595,#8596,#8597,
#8598,#8599,#8600),(#8601,#8602,#8603,#8604,#8605,#8606,#8607,#8608,#8609,#8610,
#8611,#8612,#8613,#8614,#8615,#8616,#8617),(#8618,#8619,#8620,#8621,#8622,#8623,
#8624,#8625,#8626,#8627,#8628,#8629,#8630,#8631,#8632,#8633,#8634)),
.UNSPECIFIED.,.F.,.F.,.F.)B_SPLINE_SURFACE_WITH_KNOTS((4,4),(4,1,1,1,1,1,1,1,1,
1,1,1,1,1,4),(0.E0,1.E0),(-3.264583668666E-2,0.E0,5.919134498118E-2,
1.318227566528E-1,2.155704685865E-1,3.080811537604E-1,4.070060664642E-1,
5.100696069980E-1,6.132835954959E-1,7.093833269478E-1,7.939254587938E-1,
8.686953148682E-1,9.364410231866E-1,1.E0,1.064191527043E0),.UNSPECIFIED.)GEOMETRIC_REPRESENTATION_ITEM()RATIONAL_B_SPLINE_SURFACE(((1.171589302482E0,
1.171589302482E0,1.171589302482E0,1.171589302482E0,1.171589302482E0,
1.171589302482E0,1.171589302482E0,1.171589302482E0,1.171589302482E0,
1.171589302482E0,1.171589302482E0,1.171589302482E0,1.171589302482E0,
1.171589302482E0,1.171589302482E0,1.171589302482E0,1.171589302482E0),(
9.428035658394E-1,9.428035658394E-1,9.428035658394E-1,9.428035658394E-1,
9.428035658394E-1,9.428035658394E-1,9.428035658394E-1,9.428035658394E-1,
9.428035658394E-1,9.428035658394E-1,9.428035658394E-1,9.428035658394E-1,
9.428035658394E-1,9.428035658394E-1,9.428035658394E-1,9.428035658394E-1,
9.428035658394E-1),(9.428035658394E-1,9.428035658394E-1,9.428035658394E-1,
9.428035658394E-1,9.428035658394E-1,9.428035658394E-1,9.428035658394E-1,
9.428035658394E-1,9.428035658394E-1,9.428035658394E-1,9.428035658394E-1,
9.428035658394E-1,9.428035658394E-1,9.428035658394E-1,9.428035658394E-1,
9.428035658394E-1,9.428035658394E-1),(1.171589302482E0,1.171589302482E0,
1.171589302482E0,1.171589302482E0,1.171589302482E0,1.171589302482E0,
1.171589302482E0,1.171589302482E0,1.171589302482E0,1.171589302482E0,
1.171589302482E0,1.171589302482E0,1.171589302482E0,1.171589302482E0,
1.171589302482E0,1.171589302482E0,1.171589302482E0)))REPRESENTATION_ITEM('')SURFACE());
#8636=ORIENTED_EDGE('',*,*,#8560,.T.);
#8637=ORIENTED_EDGE('',*,*,#8200,.T.);
#8639=ORIENTED_EDGE('',*,*,#8638,.F.);
#8640=EDGE_LOOP('',(#8636,#8637,#8639));
#8641=FACE_OUTER_BOUND('',#8640,.F.);
#8642=ADVANCED_FACE('',(#8641),#8635,.T.);
#8643=CARTESIAN_POINT('',(-8.15E1,7.494955969208E0,-1.649519120199E2));
#8644=DIRECTION('',(0.E0,-7.071067811865E-1,7.071067811865E-1));
#8645=DIRECTION('',(4.573295603800E-1,-6.288281455225E-1,-6.288281455225E-1));
#8646=AXIS2_PLACEMENT_3D('',#8643,#8644,#8645);
#8647=CYLINDRICAL_SURFACE('',#8646,2.E0);
#8649=ORIENTED_EDGE('',*,*,#8648,.T.);
#8650=ORIENTED_EDGE('',*,*,#8638,.T.);
#8651=ORIENTED_EDGE('',*,*,#8198,.T.);
#8653=ORIENTED_EDGE('',*,*,#8652,.F.);
#8655=ORIENTED_EDGE('',*,*,#8654,.F.);
#8657=ORIENTED_EDGE('',*,*,#8656,.F.);
#8658=EDGE_LOOP('',(#8649,#8650,#8651,#8653,#8655,#8657));
#8659=FACE_OUTER_BOUND('',#8658,.F.);
#8660=ADVANCED_FACE('',(#8659),#8647,.T.);
#8661=CARTESIAN_POINT('',(-8.056621571524E1,8.602353510429E0,
-1.686092362544E2));
#8662=CARTESIAN_POINT('',(-8.050233050120E1,8.593603941847E0,
-1.685619158978E2));
#8663=CARTESIAN_POINT('',(-8.035458110707E1,8.578126894741E0,
-1.684475751632E2));
#8664=CARTESIAN_POINT('',(-8.012839176009E1,8.571070176032E0,
-1.682533855394E2));
#8665=CARTESIAN_POINT('',(-7.989348570937E1,8.582569292369E0,
-1.680253913388E2));
#8666=CARTESIAN_POINT('',(-7.968633257602E1,8.608493163588E0,
-1.677974660368E2));
#8667=CARTESIAN_POINT('',(-7.956068615249E1,8.633192808675E0,
-1.676418959798E2));
#8668=CARTESIAN_POINT('',(-7.950623327345E1,8.645695673291E0,
-1.675705956588E2));
#8669=CARTESIAN_POINT('',(-8.104164920503E1,7.908713187345E0,
-1.679965414129E2));
#8670=CARTESIAN_POINT('',(-8.098389120903E1,7.899345018976E0,
-1.679546459277E2));
#8671=CARTESIAN_POINT('',(-8.085089429077E1,7.882869812776E0,
-1.678532609673E2));
#8672=CARTESIAN_POINT('',(-8.064933722506E1,7.875438413904E0,
-1.676808660351E2));
#8673=CARTESIAN_POINT('',(-8.044233926947E1,7.887554856461E0,
-1.674787392264E2));
#8674=CARTESIAN_POINT('',(-8.026175692402E1,7.914665601244E0,
-1.672773115898E2));
#8675=CARTESIAN_POINT('',(-8.015325174861E1,7.940338498655E0,
-1.671403392144E2));
#8676=CARTESIAN_POINT('',(-8.010641840678E1,7.953307713710E0,
-1.670776821559E2));
#8677=CARTESIAN_POINT('',(-8.129488988062E1,6.930471397360E0,
-1.677486130716E2));
#8678=CARTESIAN_POINT('',(-8.123266997430E1,6.920230816958E0,
-1.677055052753E2));
#8679=CARTESIAN_POINT('',(-8.109072756715E1,6.902347905778E0,
-1.676008311768E2));
#8680=CARTESIAN_POINT('',(-8.088031036171E1,6.894388095017E0,
-1.674223575922E2));
#8681=CARTESIAN_POINT('',(-8.066960358336E1,6.907375153490E0,
-1.672137518801E2));
#8682=CARTESIAN_POINT('',(-8.049037768718E1,6.936159747503E0,
-1.670073537676E2));
#8683=CARTESIAN_POINT('',(-8.038511525259E1,6.963205223849E0,
-1.668681969704E2));
#8684=CARTESIAN_POINT('',(-8.034013779071E1,6.976832133493E0,
-1.668048212089E2));
#8685=CARTESIAN_POINT('',(-8.126431673398E1,5.905663539266E0,
-1.679257795891E2));
#8686=CARTESIAN_POINT('',(-8.118813150481E1,5.894509018451E0,
-1.678751172905E2));
#8687=CARTESIAN_POINT('',(-8.101572234819E1,5.875151393001E0,
-1.677517094874E2));
#8688=CARTESIAN_POINT('',(-8.076510851826E1,5.866638016995E0,
-1.675407630234E2));
#8689=CARTESIAN_POINT('',(-8.051997846640E1,5.880537134267E0,
-1.672949086233E2));
#8690=CARTESIAN_POINT('',(-8.031656461634E1,5.911075255744E0,
-1.670532813586E2));
#8691=CARTESIAN_POINT('',(-8.019985735974E1,5.939558648249E0,
-1.668916895710E2));
#8692=CARTESIAN_POINT('',(-8.015052052959E1,5.953874559927E0,
-1.668184080229E2));
#8693=(BOUNDED_SURFACE()B_SPLINE_SURFACE(3,3,((#8661,#8662,#8663,#8664,#8665,
#8666,#8667,#8668),(#8669,#8670,#8671,#8672,#8673,#8674,#8675,#8676),(#8677,
#8678,#8679,#8680,#8681,#8682,#8683,#8684),(#8685,#8686,#8687,#8688,#8689,#8690,
#8691,#8692)),.UNSPECIFIED.,.F.,.F.,.F.)B_SPLINE_SURFACE_WITH_KNOTS((4,4),(4,1,
1,1,1,4),(0.E0,1.E0),(-2.591968726356E-1,0.E0,3.420302806729E-1,
6.747278301304E-1,1.E0,1.261698678076E0),.UNSPECIFIED.)GEOMETRIC_REPRESENTATION_ITEM()RATIONAL_B_SPLINE_SURFACE(((1.064772739812E0,1.064772739812E0,
1.064772739812E0,1.064772739812E0,1.064772739812E0,1.064772739812E0,
1.064772739812E0,1.064772739812E0),(9.784090867293E-1,9.784090867293E-1,
9.784090867293E-1,9.784090867293E-1,9.784090867293E-1,9.784090867293E-1,
9.784090867293E-1,9.784090867293E-1),(9.784090867293E-1,9.784090867293E-1,
9.784090867293E-1,9.784090867293E-1,9.784090867293E-1,9.784090867293E-1,
9.784090867293E-1,9.784090867293E-1),(1.064772739812E0,1.064772739812E0,
1.064772739812E0,1.064772739812E0,1.064772739812E0,1.064772739812E0,
1.064772739812E0,1.064772739812E0)))REPRESENTATION_ITEM('')SURFACE());
#8694=ORIENTED_EDGE('',*,*,#8466,.T.);
#8695=ORIENTED_EDGE('',*,*,#8562,.T.);
#8696=ORIENTED_EDGE('',*,*,#8648,.F.);
#8698=ORIENTED_EDGE('',*,*,#8697,.F.);
#8699=EDGE_LOOP('',(#8694,#8695,#8696,#8698));
#8700=FACE_OUTER_BOUND('',#8699,.F.);
#8701=ADVANCED_FACE('',(#8700),#8693,.F.);
#8702=CARTESIAN_POINT('',(-8.056600771616E1,8.587814870770E0,
-1.686059659032E2));
#8703=CARTESIAN_POINT('',(-8.056474117676E1,8.587816346098E0,
-1.686050463727E2));
#8704=CARTESIAN_POINT('',(-8.054238109932E1,8.587829372313E0,
-1.685887985296E2));
#8705=CARTESIAN_POINT('',(-8.049914858034E1,8.587407579970E0,
-1.685569023168E2));
#8706=CARTESIAN_POINT('',(-8.043683938073E1,8.585565005062E0,
-1.685096017042E2));
#8707=CARTESIAN_POINT('',(-8.039452589004E1,8.583457326158E0,
-1.684765581071E2));
#8708=CARTESIAN_POINT('',(-8.037288481766E1,8.582143496325E0,
-1.684594041867E2));
#8709=CARTESIAN_POINT('',(-8.037166076043E1,8.582068423853E0,
-1.684584331129E2));
#8710=CARTESIAN_POINT('',(-8.102039896803E1,7.892349847450E0,
-1.679794957889E2));
#8711=CARTESIAN_POINT('',(-8.101939932557E1,7.892351192737E0,
-1.679787699883E2));
#8712=CARTESIAN_POINT('',(-8.100175099558E1,7.892363070867E0,
-1.679659455422E2));
#8713=CARTESIAN_POINT('',(-8.096762242498E1,7.891978449441E0,
-1.679407781684E2));
#8714=CARTESIAN_POINT('',(-8.091841585585E1,7.890298186533E0,
-1.679034775396E2));
#8715=CARTESIAN_POINT('',(-8.088498621276E1,7.888376020976E0,
-1.678774333242E2));
#8716=CARTESIAN_POINT('',(-8.086788458227E1,7.887177745347E0,
-1.678639163539E2));
#8717=CARTESIAN_POINT('',(-8.086691727040E1,7.887109275439E0,
-1.678631511764E2));
#8718=CARTESIAN_POINT('',(-8.122389960084E1,6.911534704588E0,
-1.676980762438E2));
#8719=CARTESIAN_POINT('',(-8.122315482996E1,6.911535866479E0,
-1.676975353853E2));
#8720=CARTESIAN_POINT('',(-8.121000570748E1,6.911546125462E0,
-1.676879793893E2));
#8721=CARTESIAN_POINT('',(-8.118456188549E1,6.911213926225E0,
-1.676692480448E2));
#8722=CARTESIAN_POINT('',(-8.114782858857E1,6.909762572122E0,
-1.676415423356E2));
#8723=CARTESIAN_POINT('',(-8.112283634435E1,6.908102036256E0,
-1.676222329318E2));
#8724=CARTESIAN_POINT('',(-8.111004014921E1,6.907066726860E0,
-1.676122201399E2));
#8725=CARTESIAN_POINT('',(-8.110931632853E1,6.907007568554E0,
-1.676116533570E2));
#8726=CARTESIAN_POINT('',(-8.112699185640E1,5.884030946016E0,
-1.678301850155E2));
#8727=CARTESIAN_POINT('',(-8.112642791393E1,5.884031915781E0,
-1.678297753093E2));
#8728=CARTESIAN_POINT('',(-8.111647066797E1,5.884040478542E0,
-1.678225375052E2));
#8729=CARTESIAN_POINT('',(-8.109717913712E1,5.883763196888E0,
-1.678083833033E2));
#8730=CARTESIAN_POINT('',(-8.106925463593E1,5.882551648073E0,
-1.677875327201E2));
#8731=CARTESIAN_POINT('',(-8.105020027167E1,5.881165195955E0,
-1.677730547776E2));
#8732=CARTESIAN_POINT('',(-8.104042786482E1,5.880300610285E0,
-1.677655607215E2));
#8733=CARTESIAN_POINT('',(-8.103987503253E1,5.880251206831E0,
-1.677651365562E2));
#8734=(BOUNDED_SURFACE()B_SPLINE_SURFACE(3,3,((#8702,#8703,#8704,#8705,#8706,
#8707,#8708,#8709),(#8710,#8711,#8712,#8713,#8714,#8715,#8716,#8717),(#8718,
#8719,#8720,#8721,#8722,#8723,#8724,#8725),(#8726,#8727,#8728,#8729,#8730,#8731,
#8732,#8733)),.UNSPECIFIED.,.F.,.F.,.F.)B_SPLINE_SURFACE_WITH_KNOTS((4,4),(4,1,
1,1,1,4),(0.E0,1.E0),(-1.999996447727E-2,0.E0,3.331933593713E-1,
6.664947093955E-1,1.E0,1.020002253514E0),.UNSPECIFIED.)GEOMETRIC_REPRESENTATION_ITEM()RATIONAL_B_SPLINE_SURFACE(((1.064772720030E0,1.064772720030E0,
1.064772720030E0,1.064772720030E0,1.064772720030E0,1.064772720030E0,
1.064772720030E0,1.064772720030E0),(9.784090933232E-1,9.784090933232E-1,
9.784090933232E-1,9.784090933232E-1,9.784090933232E-1,9.784090933232E-1,
9.784090933232E-1,9.784090933232E-1),(9.784090933232E-1,9.784090933232E-1,
9.784090933232E-1,9.784090933232E-1,9.784090933232E-1,9.784090933232E-1,
9.784090933232E-1,9.784090933232E-1),(1.064772720030E0,1.064772720030E0,
1.064772720030E0,1.064772720030E0,1.064772720030E0,1.064772720030E0,
1.064772720030E0,1.064772720030E0)))REPRESENTATION_ITEM('')SURFACE());
#8735=ORIENTED_EDGE('',*,*,#8468,.T.);
#8736=ORIENTED_EDGE('',*,*,#8697,.T.);
#8738=ORIENTED_EDGE('',*,*,#8737,.F.);
#8740=ORIENTED_EDGE('',*,*,#8739,.F.);
#8741=EDGE_LOOP('',(#8735,#8736,#8738,#8740));
#8742=FACE_OUTER_BOUND('',#8741,.F.);
#8743=ADVANCED_FACE('',(#8742),#8734,.F.);
#8744=CARTESIAN_POINT('',(-8.5E1,7.417711987293E0,-1.706006417988E2));
#8745=DIRECTION('',(4.573295603800E-1,-6.288281455225E-1,-6.288281455225E-1));
#8746=DIRECTION('',(-8.892972917999E-1,-3.233808333818E-1,-3.233808333818E-1));
#8747=AXIS2_PLACEMENT_3D('',#8744,#8745,#8746);
#8748=PLANE('',#8747);
#8750=ORIENTED_EDGE('',*,*,#8749,.T.);
#8752=ORIENTED_EDGE('',*,*,#8751,.T.);
#8754=ORIENTED_EDGE('',*,*,#8753,.T.);
#8755=ORIENTED_EDGE('',*,*,#8737,.T.);
#8756=ORIENTED_EDGE('',*,*,#8656,.T.);
#8758=ORIENTED_EDGE('',*,*,#8757,.F.);
#8760=ORIENTED_EDGE('',*,*,#8759,.T.);
#8761=EDGE_LOOP('',(#8750,#8752,#8754,#8755,#8756,#8758,#8760));
#8762=FACE_OUTER_BOUND('',#8761,.F.);
#8763=ADVANCED_FACE('',(#8762),#8748,.T.);
#8764=CARTESIAN_POINT('',(-8.2E1,4.455010109332E1,-2.103219915460E2));
#8765=DIRECTION('',(0.E0,7.071067811865E-1,-7.071067811865E-1));
#8766=DIRECTION('',(-1.E0,0.E0,0.E0));
#8767=AXIS2_PLACEMENT_3D('',#8764,#8765,#8766);
#8768=CYLINDRICAL_SURFACE('',#8767,3.E0);
#8769=ORIENTED_EDGE('',*,*,#8415,.T.);
#8771=ORIENTED_EDGE('',*,*,#8770,.T.);
#8772=ORIENTED_EDGE('',*,*,#8749,.F.);
#8774=ORIENTED_EDGE('',*,*,#8773,.T.);
#8775=EDGE_LOOP('',(#8769,#8771,#8772,#8774));
#8776=FACE_OUTER_BOUND('',#8775,.F.);
#8777=ADVANCED_FACE('',(#8776),#8768,.F.);
#8778=CARTESIAN_POINT('',(-8.314154627551E1,8.994438007887E0,
-1.708406676225E2));
#8779=CARTESIAN_POINT('',(-8.315194380301E1,8.934300788078E0,
-1.707880922409E2));
#8780=CARTESIAN_POINT('',(-8.316329823323E1,8.804963507392E0,
-1.706670127276E2));
#8781=CARTESIAN_POINT('',(-8.314199036638E1,8.639551461192E0,
-1.704861040510E2));
#8782=CARTESIAN_POINT('',(-8.308025988256E1,8.513559550307E0,
-1.703152172428E2));
#8783=CARTESIAN_POINT('',(-8.298813386434E1,8.437386156553E0,
-1.701720431085E2));
#8784=CARTESIAN_POINT('',(-8.287092326148E1,8.412502670443E0,
-1.700619155476E2));
#8785=CARTESIAN_POINT('',(-8.277468932753E1,8.430107007575E0,
-1.700095315691E2));
#8786=CARTESIAN_POINT('',(-8.272254594053E1,8.446152774206E0,
-1.699876548725E2));
#8787=CARTESIAN_POINT('',(-8.446207765300E1,8.743834302592E0,
-1.713693164904E2));
#8788=CARTESIAN_POINT('',(-8.447811528920E1,8.638882318521E0,
-1.712760282418E2));
#8789=CARTESIAN_POINT('',(-8.449944567265E1,8.402494762993E0,
-1.710551536924E2));
#8790=CARTESIAN_POINT('',(-8.445945818591E1,8.057467934165E0,
-1.706810450550E2));
#8791=CARTESIAN_POINT('',(-8.430734232490E1,7.728587458509E0,
-1.702415348623E2));
#8792=CARTESIAN_POINT('',(-8.400284213011E1,7.457262939052E0,
-1.697487556557E2));
#8793=CARTESIAN_POINT('',(-8.346972832442E1,7.330069701497E0,
-1.692338432867E2));
#8794=CARTESIAN_POINT('',(-8.300972199491E1,7.421083837795E0,
-1.689903073652E2));
#8795=CARTESIAN_POINT('',(-8.277348874033E1,7.528584025064E0,
-1.689260015492E2));
#8796=CARTESIAN_POINT('',(-8.515567470084E1,7.972172369595E0,
-1.723731419215E2));
#8797=CARTESIAN_POINT('',(-8.517642174234E1,7.829800736374E0,
-1.722458590457E2));
#8798=CARTESIAN_POINT('',(-8.520608189559E1,7.504027823318E0,
-1.719416571532E2));
#8799=CARTESIAN_POINT('',(-8.515049720927E1,7.009025372416E0,
-1.714062294759E2));
#8800=CARTESIAN_POINT('',(-8.492291092777E1,6.510736019227E0,
-1.707424228271E2));
#8801=CARTESIAN_POINT('',(-8.444108151332E1,6.076463266629E0,
-1.699577286821E2));
#8802=CARTESIAN_POINT('',(-8.356069483480E1,5.863842936756E0,
-1.691048271315E2));
#8803=CARTESIAN_POINT('',(-8.279694406668E1,6.016153143094E0,
-1.687016822338E2));
#8804=CARTESIAN_POINT('',(-8.240699856188E1,6.200016385930E0,
-1.686019487458E2));
#8805=CARTESIAN_POINT('',(-8.492548566770E1,7.009714854854E0,
-1.734225178984E2));
#8806=CARTESIAN_POINT('',(-8.494799583850E1,6.853333877420E0,
-1.732825079542E2));
#8807=CARTESIAN_POINT('',(-8.498077453014E1,6.494096453883E0,
-1.729471095792E2));
#8808=CARTESIAN_POINT('',(-8.491935049090E1,5.942945424338E0,
-1.723512865211E2));
#8809=CARTESIAN_POINT('',(-8.466350923847E1,5.381231978945E0,
-1.716035067103E2));
#8810=CARTESIAN_POINT('',(-8.411529047689E1,4.885953900568E0,
-1.707095240780E2));
#8811=CARTESIAN_POINT('',(-8.310489014721E1,4.641350974159E0,
-1.697300845482E2));
#8812=CARTESIAN_POINT('',(-8.222742210783E1,4.816609491439E0,
-1.692671844914E2));
#8813=CARTESIAN_POINT('',(-8.177992908797E1,5.029061894111E0,
-1.691541874251E2));
#8814=(BOUNDED_SURFACE()B_SPLINE_SURFACE(3,3,((#8778,#8779,#8780,#8781,#8782,
#8783,#8784,#8785,#8786),(#8787,#8788,#8789,#8790,#8791,#8792,#8793,#8794,
#8795),(#8796,#8797,#8798,#8799,#8800,#8801,#8802,#8803,#8804),(#8805,#8806,
#8807,#8808,#8809,#8810,#8811,#8812,#8813)),.UNSPECIFIED.,.F.,.F.,.F.)B_SPLINE_SURFACE_WITH_KNOTS((4,4),(4,1,1,1,1,1,4),(0.E0,1.E0),(-2.075576025525E-1,0.E0,
2.581381516247E-1,4.930392947788E-1,7.295649637269E-1,1.E0,1.276116270823E0),
.UNSPECIFIED.)GEOMETRIC_REPRESENTATION_ITEM()RATIONAL_B_SPLINE_SURFACE(((
1.119817309864E0,1.119817309864E0,1.119817309864E0,1.119817309864E0,
1.119817309864E0,1.119817309864E0,1.119817309864E0,1.119817309864E0,
1.119817309864E0),(9.600608967120E-1,9.600608967120E-1,9.600608967120E-1,
9.600608967120E-1,9.600608967120E-1,9.600608967120E-1,9.600608967120E-1,
9.600608967120E-1,9.600608967120E-1),(9.600608967120E-1,9.600608967120E-1,
9.600608967120E-1,9.600608967120E-1,9.600608967120E-1,9.600608967120E-1,
9.600608967120E-1,9.600608967120E-1,9.600608967120E-1),(1.119817309864E0,
1.119817309864E0,1.119817309864E0,1.119817309864E0,1.119817309864E0,
1.119817309864E0,1.119817309864E0,1.119817309864E0,1.119817309864E0)))REPRESENTATION_ITEM('')SURFACE());
#8815=ORIENTED_EDGE('',*,*,#8437,.T.);
#8817=ORIENTED_EDGE('',*,*,#8816,.T.);
#8818=ORIENTED_EDGE('',*,*,#8751,.F.);
#8819=ORIENTED_EDGE('',*,*,#8770,.F.);
#8820=EDGE_LOOP('',(#8815,#8817,#8818,#8819));
#8821=FACE_OUTER_BOUND('',#8820,.F.);
#8822=ADVANCED_FACE('',(#8821),#8814,.F.);
#8823=CARTESIAN_POINT('',(-8.205935927451E1,6.356425121165E0,
-1.721714859553E2));
#8824=DIRECTION('',(-8.087360843032E-1,0.E0,-5.881716976750E-1));
#8825=DIRECTION('',(-5.881716976750E-1,0.E0,8.087360843032E-1));
#8826=AXIS2_PLACEMENT_3D('',#8823,#8824,#8825);
#8827=CYLINDRICAL_SURFACE('',#8826,3.E0);
#8828=ORIENTED_EDGE('',*,*,#8451,.T.);
#8829=ORIENTED_EDGE('',*,*,#8739,.T.);
#8830=ORIENTED_EDGE('',*,*,#8753,.F.);
#8831=ORIENTED_EDGE('',*,*,#8816,.F.);
#8832=EDGE_LOOP('',(#8828,#8829,#8830,#8831));
#8833=FACE_OUTER_BOUND('',#8832,.F.);
#8834=ADVANCED_FACE('',(#8833),#8827,.F.);
#8835=CARTESIAN_POINT('',(-8.6E1,1.245747917053E1,-1.739407158434E2));
#8836=DIRECTION('',(-7.071067811865E-1,-5.804103332845E-1,4.038859306990E-1));
#8837=DIRECTION('',(7.071067811865E-1,-5.804103332845E-1,4.038859306990E-1));
#8838=AXIS2_PLACEMENT_3D('',#8835,#8836,#8837);
#8839=PLANE('',#8838);
#8841=ORIENTED_EDGE('',*,*,#8840,.F.);
#8843=ORIENTED_EDGE('',*,*,#8842,.T.);
#8844=ORIENTED_EDGE('',*,*,#8417,.T.);
#8845=ORIENTED_EDGE('',*,*,#8773,.F.);
#8846=ORIENTED_EDGE('',*,*,#8759,.F.);
#8848=ORIENTED_EDGE('',*,*,#8847,.F.);
#8849=ORIENTED_EDGE('',*,*,#8652,.T.);
#8850=ORIENTED_EDGE('',*,*,#8196,.T.);
#8852=ORIENTED_EDGE('',*,*,#8851,.F.);
#8853=ORIENTED_EDGE('',*,*,#6073,.F.);
#8855=ORIENTED_EDGE('',*,*,#8854,.T.);
#8856=EDGE_LOOP('',(#8841,#8843,#8844,#8845,#8846,#8848,#8849,#8850,#8852,#8853,
#8855));
#8857=FACE_OUTER_BOUND('',#8856,.F.);
#8858=ADVANCED_FACE('',(#8857),#8839,.F.);
#8859=CARTESIAN_POINT('',(-1.15E2,1.6E1,-1.706006417988E2));
#8860=DIRECTION('',(0.E0,8.208241650724E-1,-5.711809608462E-1));
#8861=DIRECTION('',(0.E0,-5.711809608462E-1,-8.208241650724E-1));
#8862=AXIS2_PLACEMENT_3D('',#8859,#8860,#8861);
#8863=PLANE('',#8862);
#8865=ORIENTED_EDGE('',*,*,#8864,.F.);
#8867=ORIENTED_EDGE('',*,*,#8866,.F.);
#8869=ORIENTED_EDGE('',*,*,#8868,.T.);
#8870=ORIENTED_EDGE('',*,*,#8840,.T.);
#8871=EDGE_LOOP('',(#8865,#8867,#8869,#8870));
#8872=FACE_OUTER_BOUND('',#8871,.F.);
#8873=ADVANCED_FACE('',(#8872),#8863,.T.);
#8874=CARTESIAN_POINT('',(-4.540837147709E2,1.08E1,-1.689694348688E2));
#8875=DIRECTION('',(-1.E0,0.E0,0.E0));
#8876=DIRECTION('',(0.E0,1.E0,0.E0));
#8877=AXIS2_PLACEMENT_3D('',#8874,#8875,#8876);
#8878=CYLINDRICAL_SURFACE('',#8877,5.2E0);
#8879=ORIENTED_EDGE('',*,*,#6071,.F.);
#8881=ORIENTED_EDGE('',*,*,#8880,.T.);
#8882=ORIENTED_EDGE('',*,*,#8864,.T.);
#8883=ORIENTED_EDGE('',*,*,#8854,.F.);
#8884=EDGE_LOOP('',(#8879,#8881,#8882,#8883));
#8885=FACE_OUTER_BOUND('',#8884,.F.);
#8886=ADVANCED_FACE('',(#8885),#8878,.T.);
#8887=CARTESIAN_POINT('',(-8.900000726868E1,1.118372116804E1,
-1.757711761561E2));
#8888=DIRECTION('',(7.071067811865E-1,-5.804103332845E-1,4.038859306990E-1));
#8889=DIRECTION('',(7.071067811865E-1,5.804103332845E-1,-4.038859306990E-1));
#8890=AXIS2_PLACEMENT_3D('',#8887,#8888,#8889);
#8891=PLANE('',#8890);
#8892=ORIENTED_EDGE('',*,*,#8331,.T.);
#8894=ORIENTED_EDGE('',*,*,#8893,.T.);
#8895=ORIENTED_EDGE('',*,*,#8866,.T.);
#8896=ORIENTED_EDGE('',*,*,#8880,.F.);
#8897=ORIENTED_EDGE('',*,*,#6069,.F.);
#8899=ORIENTED_EDGE('',*,*,#8898,.F.);
#8900=ORIENTED_EDGE('',*,*,#8260,.F.);
#8902=ORIENTED_EDGE('',*,*,#8901,.T.);
#8904=ORIENTED_EDGE('',*,*,#8903,.T.);
#8906=ORIENTED_EDGE('',*,*,#8905,.F.);
#8907=EDGE_LOOP('',(#8892,#8894,#8895,#8896,#8897,#8899,#8900,#8902,#8904,
#8906));
#8908=FACE_OUTER_BOUND('',#8907,.F.);
#8909=ADVANCED_FACE('',(#8908),#8891,.F.);
#8910=CARTESIAN_POINT('',(-8.899999999947E1,2.076363407815E1,
-1.835385626009E2));
#8911=DIRECTION('',(-1.E0,0.E0,0.E0));
#8912=DIRECTION('',(0.E0,0.E0,1.E0));
#8913=AXIS2_PLACEMENT_3D('',#8910,#8911,#8912);
#8914=CONICAL_SURFACE('',#8913,1.229999999947E1,4.5E1);
#8915=ORIENTED_EDGE('',*,*,#8329,.F.);
#8917=ORIENTED_EDGE('',*,*,#8916,.T.);
#8919=ORIENTED_EDGE('',*,*,#8918,.T.);
#8920=ORIENTED_EDGE('',*,*,#8893,.F.);
#8921=EDGE_LOOP('',(#8915,#8917,#8919,#8920));
#8922=FACE_OUTER_BOUND('',#8921,.F.);
#8923=ADVANCED_FACE('',(#8922),#8914,.F.);
#8924=CARTESIAN_POINT('',(-8.9E1,6.149897997541E0,-1.890277375989E2));
#8925=DIRECTION('',(7.071067811865E-1,-6.746721124234E-1,2.117015368820E-1));
#8926=DIRECTION('',(7.071067811865E-1,6.746721124234E-1,-2.117015368820E-1));
#8927=AXIS2_PLACEMENT_3D('',#8924,#8925,#8926);
#8928=PLANE('',#8927);
#8929=ORIENTED_EDGE('',*,*,#8327,.F.);
#8930=ORIENTED_EDGE('',*,*,#8361,.T.);
#8932=ORIENTED_EDGE('',*,*,#8931,.T.);
#8933=ORIENTED_EDGE('',*,*,#8916,.F.);
#8934=EDGE_LOOP('',(#8929,#8930,#8932,#8933));
#8935=FACE_OUTER_BOUND('',#8934,.F.);
#8936=ADVANCED_FACE('',(#8935),#8928,.F.);
#8937=CARTESIAN_POINT('',(-1.15E2,1.05E1,-1.785044992754E2));
#8938=DIRECTION('',(0.E0,9.541304515440E-1,-2.993911846338E-1));
#8939=DIRECTION('',(0.E0,-2.993911846338E-1,-9.541304515440E-1));
#8940=AXIS2_PLACEMENT_3D('',#8937,#8938,#8939);
#8941=PLANE('',#8940);
#8942=ORIENTED_EDGE('',*,*,#8931,.F.);
#8943=ORIENTED_EDGE('',*,*,#8375,.F.);
#8945=ORIENTED_EDGE('',*,*,#8944,.T.);
#8947=ORIENTED_EDGE('',*,*,#8946,.F.);
#8948=EDGE_LOOP('',(#8942,#8943,#8945,#8947));
#8949=FACE_OUTER_BOUND('',#8948,.F.);
#8950=ADVANCED_FACE('',(#8949),#8941,.T.);
#8951=CARTESIAN_POINT('',(-8.6E1,6.149897997541E0,-1.890277375989E2));
#8952=DIRECTION('',(-7.071067811865E-1,-6.746721124234E-1,2.117015368820E-1));
#8953=DIRECTION('',(7.071067811865E-1,-6.746721124234E-1,2.117015368820E-1));
#8954=AXIS2_PLACEMENT_3D('',#8951,#8952,#8953);
#8955=PLANE('',#8954);
#8956=ORIENTED_EDGE('',*,*,#8944,.F.);
#8957=ORIENTED_EDGE('',*,*,#8390,.T.);
#8958=ORIENTED_EDGE('',*,*,#8421,.T.);
#8960=ORIENTED_EDGE('',*,*,#8959,.F.);
#8961=EDGE_LOOP('',(#8956,#8957,#8958,#8960));
#8962=FACE_OUTER_BOUND('',#8961,.F.);
#8963=ADVANCED_FACE('',(#8962),#8955,.F.);
#8964=CARTESIAN_POINT('',(-8.600000000036E1,2.076363407815E1,
-1.835385626008E2));
#8965=DIRECTION('',(1.E0,0.E0,0.E0));
#8966=DIRECTION('',(0.E0,0.E0,1.E0));
#8967=AXIS2_PLACEMENT_3D('',#8964,#8965,#8966);
#8968=CONICAL_SURFACE('',#8967,1.229999999964E1,4.5E1);
#8970=ORIENTED_EDGE('',*,*,#8969,.F.);
#8971=ORIENTED_EDGE('',*,*,#8959,.T.);
#8972=ORIENTED_EDGE('',*,*,#8419,.T.);
#8973=ORIENTED_EDGE('',*,*,#8842,.F.);
#8974=EDGE_LOOP('',(#8970,#8971,#8972,#8973));
#8975=FACE_OUTER_BOUND('',#8974,.F.);
#8976=ADVANCED_FACE('',(#8975),#8968,.F.);
#8977=CARTESIAN_POINT('',(-4.540837147709E2,2.076363407816E1,
-1.835385626009E2));
#8978=DIRECTION('',(-1.E0,0.E0,0.E0));
#8979=DIRECTION('',(0.E0,-9.541304515440E-1,2.993911846338E-1));
#8980=AXIS2_PLACEMENT_3D('',#8977,#8978,#8979);
#8981=CYLINDRICAL_SURFACE('',#8980,1.13E1);
#8982=ORIENTED_EDGE('',*,*,#8918,.F.);
#8983=ORIENTED_EDGE('',*,*,#8946,.T.);
#8984=ORIENTED_EDGE('',*,*,#8969,.T.);
#8985=ORIENTED_EDGE('',*,*,#8868,.F.);
#8986=EDGE_LOOP('',(#8982,#8983,#8984,#8985));
#8987=FACE_OUTER_BOUND('',#8986,.F.);
#8988=ADVANCED_FACE('',(#8987),#8981,.F.);
#8989=CARTESIAN_POINT('',(-1.285545422388E2,-2.990845276318E1,
-1.526979348547E2));
#8990=DIRECTION('',(-6.903279831613E-1,-6.903279831613E-1,2.165514980989E-1));
#8991=DIRECTION('',(-7.071067811865E-1,7.071067811865E-1,0.E0));
#8992=AXIS2_PLACEMENT_3D('',#8989,#8990,#8991);
#8993=CYLINDRICAL_SURFACE('',#8992,5.2E0);
#8994=ORIENTED_EDGE('',*,*,#6067,.F.);
#8996=ORIENTED_EDGE('',*,*,#8995,.F.);
#8997=ORIENTED_EDGE('',*,*,#8262,.F.);
#8998=ORIENTED_EDGE('',*,*,#8898,.T.);
#8999=EDGE_LOOP('',(#8994,#8996,#8997,#8998));
#9000=FACE_OUTER_BOUND('',#8999,.F.);
#9001=ADVANCED_FACE('',(#9000),#8993,.T.);
#9002=CARTESIAN_POINT('',(-9.275E1,1.325E1,-1.636006417988E2));
#9003=DIRECTION('',(7.071067811865E-1,-7.071067811865E-1,0.E0));
#9004=DIRECTION('',(-7.071067811865E-1,-7.071067811865E-1,0.E0));
#9005=AXIS2_PLACEMENT_3D('',#9002,#9003,#9004);
#9006=PLANE('',#9005);
#9007=ORIENTED_EDGE('',*,*,#8995,.T.);
#9008=ORIENTED_EDGE('',*,*,#6065,.F.);
#9009=ORIENTED_EDGE('',*,*,#8241,.F.);
#9010=ORIENTED_EDGE('',*,*,#8264,.F.);
#9011=EDGE_LOOP('',(#9007,#9008,#9009,#9010));
#9012=FACE_OUTER_BOUND('',#9011,.F.);
#9013=ADVANCED_FACE('',(#9012),#9006,.F.);
#9014=CARTESIAN_POINT('',(-9.35E1,4.455010109332E1,-2.020070571440E2));
#9015=DIRECTION('',(0.E0,7.071067811865E-1,-7.071067811865E-1));
#9016=DIRECTION('',(-4.573295603800E-1,-6.288281455225E-1,-6.288281455225E-1));
#9017=AXIS2_PLACEMENT_3D('',#9014,#9015,#9016);
#9018=CYLINDRICAL_SURFACE('',#9017,2.E0);
#9020=ORIENTED_EDGE('',*,*,#9019,.T.);
#9022=ORIENTED_EDGE('',*,*,#9021,.F.);
#9023=ORIENTED_EDGE('',*,*,#8901,.F.);
#9024=ORIENTED_EDGE('',*,*,#8258,.T.);
#9026=ORIENTED_EDGE('',*,*,#9025,.F.);
#9027=EDGE_LOOP('',(#9020,#9022,#9023,#9024,#9026));
#9028=FACE_OUTER_BOUND('',#9027,.F.);
#9029=ADVANCED_FACE('',(#9028),#9018,.T.);
#9030=CARTESIAN_POINT('',(-9.549388548506E1,8.645707248379E0,
-1.675704394214E2));
#9031=CARTESIAN_POINT('',(-9.543941166718E1,8.633245981301E0,
-1.676417750200E2));
#9032=CARTESIAN_POINT('',(-9.531374129186E1,8.608563819579E0,
-1.677973824459E2));
#9033=CARTESIAN_POINT('',(-9.510657053578E1,8.582555761522E0,
-1.680253336639E2));
#9034=CARTESIAN_POINT('',(-9.487163644964E1,8.571075457178E0,
-1.682533611290E2));
#9035=CARTESIAN_POINT('',(-9.464523994468E1,8.578127726219E0,
-1.684477297150E2));
#9036=CARTESIAN_POINT('',(-9.449728368801E1,8.593649074045E0,
-1.685622143210E2));
#9037=CARTESIAN_POINT('',(-9.443320210514E1,8.602448725192E0,
-1.686096664829E2));
#9038=CARTESIAN_POINT('',(-9.489368411523E1,7.953320999679E0,
-1.670775442525E2));
#9039=CARTESIAN_POINT('',(-9.484683432713E1,7.940393056034E0,
-1.671402300991E2));
#9040=CARTESIAN_POINT('',(-9.473830969705E1,7.914737190361E0,
-1.672772346458E2));
#9041=CARTESIAN_POINT('',(-9.455770932598E1,7.887541406697E0,
-1.674786890940E2));
#9042=CARTESIAN_POINT('',(-9.435068811903E1,7.875443706769E0,
-1.676808440522E2));
#9043=CARTESIAN_POINT('',(-9.414894615422E1,7.882870853085E0,
-1.678533983353E2));
#9044=CARTESIAN_POINT('',(-9.401576171801E1,7.899392780331E0,
-1.679549103661E2));
#9045=CARTESIAN_POINT('',(-9.395782532161E1,7.908814204786E0,
-1.679969217956E2));
#9046=CARTESIAN_POINT('',(-9.465996160153E1,6.976847830626E0,
-1.668046803136E2));
#9047=CARTESIAN_POINT('',(-9.461497209534E1,6.963261732450E0,
-1.668680799939E2));
#9048=CARTESIAN_POINT('',(-9.450969372606E1,6.936232650911E0,
-1.670072677635E2));
#9049=CARTESIAN_POINT('',(-9.433044363190E1,6.907361816378E0,
-1.672137024821E2));
#9050=CARTESIAN_POINT('',(-9.411971658924E1,6.894393402706E0,
-1.674223341237E2));
#9051=CARTESIAN_POINT('',(-9.390910565882E1,6.902349238900E0,
-1.676009737826E2));
#9052=CARTESIAN_POINT('',(-9.376696011505E1,6.920282284520E0,
-1.677057779118E2));
#9053=CARTESIAN_POINT('',(-9.370454605015E1,6.930580596628E0,
-1.677490032571E2));
#9054=CARTESIAN_POINT('',(-9.484958960232E1,5.953892786575E0,
-1.668182435393E2));
#9055=CARTESIAN_POINT('',(-9.480024396808E1,5.939617204531E0,
-1.668915469419E2));
#9056=CARTESIAN_POINT('',(-9.468352246311E1,5.911149539586E0,
-1.670531727933E2));
#9057=CARTESIAN_POINT('',(-9.448007397513E1,5.880523918758E0,
-1.672948529741E2));
#9058=CARTESIAN_POINT('',(-9.423492412219E1,5.866643343806E0,
-1.675407345192E2));
#9059=CARTESIAN_POINT('',(-9.398407880424E1,5.875153036463E0,
-1.677518784791E2));
#9060=CARTESIAN_POINT('',(-9.381141972964E1,5.894564372224E0,
-1.678754383146E2));
#9061=CARTESIAN_POINT('',(-9.373499469156E1,5.905781313410E0,
-1.679262368421E2));
#9062=(BOUNDED_SURFACE()B_SPLINE_SURFACE(3,3,((#9030,#9031,#9032,#9033,#9034,
#9035,#9036,#9037),(#9038,#9039,#9040,#9041,#9042,#9043,#9044,#9045),(#9046,
#9047,#9048,#9049,#9050,#9051,#9052,#9053),(#9054,#9055,#9056,#9057,#9058,#9059,
#9060,#9061)),.UNSPECIFIED.,.F.,.F.,.F.)B_SPLINE_SURFACE_WITH_KNOTS((4,4),(4,1,
1,1,1,4),(0.E0,1.E0),(-2.617596541870E-1,0.E0,3.252664760489E-1,
6.579636758437E-1,1.E0,1.259953092543E0),.UNSPECIFIED.)GEOMETRIC_REPRESENTATION_ITEM()RATIONAL_B_SPLINE_SURFACE(((1.064772741198E0,1.064772741198E0,
1.064772741198E0,1.064772741198E0,1.064772741198E0,1.064772741198E0,
1.064772741198E0,1.064772741198E0),(9.784090862672E-1,9.784090862672E-1,
9.784090862672E-1,9.784090862672E-1,9.784090862672E-1,9.784090862672E-1,
9.784090862672E-1,9.784090862672E-1),(9.784090862672E-1,9.784090862672E-1,
9.784090862672E-1,9.784090862672E-1,9.784090862672E-1,9.784090862672E-1,
9.784090862672E-1,9.784090862672E-1),(1.064772741198E0,1.064772741198E0,
1.064772741198E0,1.064772741198E0,1.064772741198E0,1.064772741198E0,
1.064772741198E0,1.064772741198E0)))REPRESENTATION_ITEM('')SURFACE());
#9063=ORIENTED_EDGE('',*,*,#8281,.T.);
#9065=ORIENTED_EDGE('',*,*,#9064,.T.);
#9066=ORIENTED_EDGE('',*,*,#9019,.F.);
#9068=ORIENTED_EDGE('',*,*,#9067,.F.);
#9069=EDGE_LOOP('',(#9063,#9065,#9066,#9068));
#9070=FACE_OUTER_BOUND('',#9069,.F.);
#9071=ADVANCED_FACE('',(#9070),#9062,.F.);
#9072=CARTESIAN_POINT('',(-9.462833882588E1,8.582068449217E0,
-1.684584334411E2));
#9073=CARTESIAN_POINT('',(-9.462711490645E1,8.582143513067E0,
-1.684594044054E2));
#9074=CARTESIAN_POINT('',(-9.460547397109E1,8.583457333068E0,
-1.684765582155E2));
#9075=CARTESIAN_POINT('',(-9.456316061929E1,8.585565005053E0,
-1.685096017042E2));
#9076=CARTESIAN_POINT('',(-9.450085141964E1,8.587407579962E0,
-1.685569023168E2));
#9077=CARTESIAN_POINT('',(-9.445761889774E1,8.587829372335E0,
-1.685887985317E2));
#9078=CARTESIAN_POINT('',(-9.443525881729E1,8.587816346087E0,
-1.686050463770E2));
#9079=CARTESIAN_POINT('',(-9.443399227492E1,8.587814870752E0,
-1.686059659097E2));
#9080=CARTESIAN_POINT('',(-9.413308240268E1,7.887109298571E0,
-1.678631514350E2));
#9081=CARTESIAN_POINT('',(-9.413211519971E1,7.887177760616E0,
-1.678639165262E2));
#9082=CARTESIAN_POINT('',(-9.411501367752E1,7.888376027276E0,
-1.678774334097E2));
#9083=CARTESIAN_POINT('',(-9.408158414417E1,7.890298186524E0,
-1.679034775396E2));
#9084=CARTESIAN_POINT('',(-9.403237757501E1,7.891978449433E0,
-1.679407781684E2));
#9085=CARTESIAN_POINT('',(-9.399824900210E1,7.892363070886E0,
-1.679659455440E2));
#9086=CARTESIAN_POINT('',(-9.398060066974E1,7.892351192727E0,
-1.679787699917E2));
#9087=CARTESIAN_POINT('',(-9.397960102493E1,7.892349847433E0,
-1.679794957940E2));
#9088=CARTESIAN_POINT('',(-9.389068342684E1,6.907007588543E0,
-1.676116535486E2));
#9089=CARTESIAN_POINT('',(-9.388995968766E1,6.907066740054E0,
-1.676122202675E2));
#9090=CARTESIAN_POINT('',(-9.387716357363E1,6.908102041702E0,
-1.676222329952E2));
#9091=CARTESIAN_POINT('',(-9.385217141144E1,6.909762572117E0,
-1.676415423356E2));
#9092=CARTESIAN_POINT('',(-9.381543811450E1,6.911213926221E0,
-1.676692480448E2));
#9093=CARTESIAN_POINT('',(-9.378999429079E1,6.911546125480E0,
-1.676879793905E2));
#9094=CARTESIAN_POINT('',(-9.377684516655E1,6.911535866472E0,
-1.676975353878E2));
#9095=CARTESIAN_POINT('',(-9.377610039392E1,6.911534704576E0,
-1.676980762476E2));
#9096=CARTESIAN_POINT('',(-9.396012478064E1,5.880251223527E0,
-1.677651366996E2));
#9097=CARTESIAN_POINT('',(-9.395957201059E1,5.880300621307E0,
-1.677655608170E2));
#9098=CARTESIAN_POINT('',(-9.394979966580E1,5.881165200505E0,
-1.677730548251E2));
#9099=CARTESIAN_POINT('',(-9.393074536408E1,5.882551648073E0,
-1.677875327201E2));
#9100=CARTESIAN_POINT('',(-9.390282086288E1,5.883763196888E0,
-1.678083833033E2));
#9101=CARTESIAN_POINT('',(-9.388352933072E1,5.884040478561E0,
-1.678225375062E2));
#9102=CARTESIAN_POINT('',(-9.387357208342E1,5.884031915779E0,
-1.678297753112E2));
#9103=CARTESIAN_POINT('',(-9.387300813963E1,5.884030946009E0,
-1.678301850184E2));
#9104=(BOUNDED_SURFACE()B_SPLINE_SURFACE(3,3,((#9072,#9073,#9074,#9075,#9076,
#9077,#9078,#9079),(#9080,#9081,#9082,#9083,#9084,#9085,#9086,#9087),(#9088,
#9089,#9090,#9091,#9092,#9093,#9094,#9095),(#9096,#9097,#9098,#9099,#9100,#9101,
#9102,#9103)),.UNSPECIFIED.,.F.,.F.,.F.)B_SPLINE_SURFACE_WITH_KNOTS((4,4),(4,1,
1,1,1,4),(0.E0,1.E0),(-2.000000014349E-2,0.E0,3.335052906035E-1,
6.668066406278E-1,1.E0,1.020000011367E0),.UNSPECIFIED.)GEOMETRIC_REPRESENTATION_ITEM()RATIONAL_B_SPLINE_SURFACE(((1.064772720030E0,1.064772720030E0,
1.064772720030E0,1.064772720030E0,1.064772720030E0,1.064772720030E0,
1.064772720030E0,1.064772720030E0),(9.784090933233E-1,9.784090933233E-1,
9.784090933233E-1,9.784090933233E-1,9.784090933233E-1,9.784090933233E-1,
9.784090933233E-1,9.784090933233E-1),(9.784090933233E-1,9.784090933233E-1,
9.784090933233E-1,9.784090933233E-1,9.784090933233E-1,9.784090933233E-1,
9.784090933233E-1,9.784090933233E-1),(1.064772720030E0,1.064772720030E0,
1.064772720030E0,1.064772720030E0,1.064772720030E0,1.064772720030E0,
1.064772720030E0,1.064772720030E0)))REPRESENTATION_ITEM('')SURFACE());
#9105=ORIENTED_EDGE('',*,*,#8279,.T.);
#9107=ORIENTED_EDGE('',*,*,#9106,.T.);
#9109=ORIENTED_EDGE('',*,*,#9108,.F.);
#9110=ORIENTED_EDGE('',*,*,#9064,.F.);
#9111=EDGE_LOOP('',(#9105,#9107,#9109,#9110));
#9112=FACE_OUTER_BOUND('',#9111,.F.);
#9113=ADVANCED_FACE('',(#9112),#9104,.F.);
#9114=CARTESIAN_POINT('',(-9.604941615816E1,6.356425121165E0,
-1.699105583679E2));
#9115=DIRECTION('',(-8.087360843032E-1,0.E0,5.881716976750E-1));
#9116=DIRECTION('',(5.881716976750E-1,0.E0,8.087360843032E-1));
#9117=AXIS2_PLACEMENT_3D('',#9114,#9115,#9116);
#9118=CYLINDRICAL_SURFACE('',#9117,3.E0);
#9119=ORIENTED_EDGE('',*,*,#8297,.T.);
#9121=ORIENTED_EDGE('',*,*,#9120,.T.);
#9123=ORIENTED_EDGE('',*,*,#9122,.F.);
#9124=ORIENTED_EDGE('',*,*,#9106,.F.);
#9125=EDGE_LOOP('',(#9119,#9121,#9123,#9124));
#9126=FACE_OUTER_BOUND('',#9125,.F.);
#9127=ADVANCED_FACE('',(#9126),#9118,.F.);
#9128=CARTESIAN_POINT('',(-9.228193910059E1,8.448227515280E0,
-1.699864677654E2));
#9129=CARTESIAN_POINT('',(-9.222646192914E1,8.430494135259E0,
-1.700090814192E2));
#9130=CARTESIAN_POINT('',(-9.215950517935E1,8.417983890113E0,
-1.700452669921E2));
#9131=CARTESIAN_POINT('',(-9.208583333245E1,8.423485797089E0,
-1.701043484241E2));
#9132=CARTESIAN_POINT('',(-9.204427686193E1,8.433390925360E0,
-1.701444764400E2));
#9133=CARTESIAN_POINT('',(-9.200631723721E1,8.449514993855E0,
-1.701882075083E2));
#9134=CARTESIAN_POINT('',(-9.197121949384E1,8.472242485712E0,
-1.702364606317E2));
#9135=CARTESIAN_POINT('',(-9.193873674272E1,8.502433523384E0,
-1.702902754883E2));
#9136=CARTESIAN_POINT('',(-9.190907019781E1,8.541386067018E0,
-1.703508037010E2));
#9137=CARTESIAN_POINT('',(-9.188289380539E1,8.590826392090E0,
-1.704192814024E2));
#9138=CARTESIAN_POINT('',(-9.186143783902E1,8.652885156384E0,
-1.704969445058E2));
#9139=CARTESIAN_POINT('',(-9.184658797729E1,8.729960446868E0,
-1.705848196958E2));
#9140=CARTESIAN_POINT('',(-9.183979803556E1,8.843727369292E0,
-1.707035247576E2));
#9141=CARTESIAN_POINT('',(-9.184848716201E1,8.939547325034E0,
-1.707930253487E2));
#9142=CARTESIAN_POINT('',(-9.185961051506E1,9.002705435513E0,
-1.708480937479E2));
#9143=CARTESIAN_POINT('',(-9.221230128667E1,7.512614883439E0,
-1.689203606973E2));
#9144=CARTESIAN_POINT('',(-9.199044017752E1,7.418782977615E0,
-1.689878823254E2));
#9145=CARTESIAN_POINT('',(-9.167731197613E1,7.359535042409E0,
-1.691563639913E2));
#9146=CARTESIAN_POINT('',(-9.133359377890E1,7.385575901356E0,
-1.694323817209E2));
#9147=CARTESIAN_POINT('',(-9.114926791547E1,7.430061046857E0,
-1.696109220398E2));
#9148=CARTESIAN_POINT('',(-9.099442634010E1,7.496569291259E0,
-1.697900423390E2));
#9149=CARTESIAN_POINT('',(-9.086520910344E1,7.581100495112E0,
-1.699685497150E2));
#9150=CARTESIAN_POINT('',(-9.075819323160E1,7.681533797071E0,
-1.701468127419E2));
#9151=CARTESIAN_POINT('',(-9.067089541598E1,7.797267993703E0,
-1.703260362590E2));
#9152=CARTESIAN_POINT('',(-9.060193167648E1,7.928864235093E0,
-1.705077879473E2));
#9153=CARTESIAN_POINT('',(-9.055107115353E1,8.077739552066E0,
-1.706936527355E2));
#9154=CARTESIAN_POINT('',(-9.051922505714E1,8.245800297902E0,
-1.708848742787E2));
#9155=CARTESIAN_POINT('',(-9.050618485058E1,8.473649157087E0,
-1.711222069245E2));
#9156=CARTESIAN_POINT('',(-9.052287569704E1,8.648611627935E0,
-1.712850305979E2));
#9157=CARTESIAN_POINT('',(-9.054107717411E1,8.759154418847E0,
-1.713823359510E2));
#9158=CARTESIAN_POINT('',(-9.256320647303E1,6.168957682940E0,
-1.685926341444E2));
#9159=CARTESIAN_POINT('',(-9.220241911446E1,6.011585492384E0,
-1.686976527601E2));
#9160=CARTESIAN_POINT('',(-9.168374417003E1,5.913312804690E0,
-1.689765982138E2));
#9161=CARTESIAN_POINT('',(-9.111454431189E1,5.956503152968E0,
-1.694337520953E2));
#9162=CARTESIAN_POINT('',(-9.081100972818E1,6.029861711162E0,
-1.697278630780E2));
#9163=CARTESIAN_POINT('',(-9.055857477177E1,6.138439428649E0,
-1.700200298547E2));
#9164=CARTESIAN_POINT('',(-9.035077021243E1,6.274575120452E0,
-1.703072961351E2));
#9165=CARTESIAN_POINT('',(-9.018152112829E1,6.433658881483E0,
-1.705894701391E2));
#9166=CARTESIAN_POINT('',(-9.004610270441E1,6.613503756243E0,
-1.708678011403E2));
#9167=CARTESIAN_POINT('',(-8.994141264580E1,6.813698045496E0,
-1.711441336540E2));
#9168=CARTESIAN_POINT('',(-8.986600008484E1,7.035062920164E0,
-1.714203440276E2));
#9169=CARTESIAN_POINT('',(-8.981996257569E1,7.279094148721E0,
-1.716978570810E2));
#9170=CARTESIAN_POINT('',(-8.980170356099E1,7.602198450349E0,
-1.720342406660E2));
#9171=CARTESIAN_POINT('',(-8.982507563499E1,7.843242857623E0,
-1.722582872013E2));
#9172=CARTESIAN_POINT('',(-8.984918716106E1,7.993350621114E0,
-1.723908593095E2));
#9173=CARTESIAN_POINT('',(-9.318446265317E1,4.992358758660E0,
-1.691435593550E2));
#9174=CARTESIAN_POINT('',(-9.277166898414E1,4.811200596849E0,
-1.692626147707E2));
#9175=CARTESIAN_POINT('',(-9.217604869800E1,4.698319198399E0,
-1.695829117622E2));
#9176=CARTESIAN_POINT('',(-9.152244096652E1,4.747929367771E0,
-1.701078730090E2));
#9177=CARTESIAN_POINT('',(-9.117428122562E1,4.832096536082E0,
-1.704452472616E2));
#9178=CARTESIAN_POINT('',(-9.088531270053E1,4.956422739460E0,
-1.707797323923E2));
#9179=CARTESIAN_POINT('',(-9.064808939045E1,5.111876299796E0,
-1.711077119963E2));
#9180=CARTESIAN_POINT('',(-9.045554363075E1,5.292915551577E0,
-1.714287845279E2));
#9181=CARTESIAN_POINT('',(-9.030211151036E1,5.496759921358E0,
-1.717442158943E2));
#9182=CARTESIAN_POINT('',(-9.018404749217E1,5.722633528883E0,
-1.720559542423E2));
#9183=CARTESIAN_POINT('',(-9.009944400498E1,5.971134488051E0,
-1.723659850104E2));
#9184=CARTESIAN_POINT('',(-9.004809401513E1,6.243604867077E0,
-1.726758008366E2));
#9185=CARTESIAN_POINT('',(-9.002788136706E1,6.602367542372E0,
-1.730492636195E2));
#9186=CARTESIAN_POINT('',(-9.005375452344E1,6.868149374840E0,
-1.732962286110E2));
#9187=CARTESIAN_POINT('',(-9.008007844524E1,7.033068077635E0,
-1.734420026434E2));
#9188=(BOUNDED_SURFACE()B_SPLINE_SURFACE(3,3,((#9128,#9129,#9130,#9131,#9132,
#9133,#9134,#9135,#9136,#9137,#9138,#9139,#9140,#9141,#9142),(#9143,#9144,#9145,
#9146,#9147,#9148,#9149,#9150,#9151,#9152,#9153,#9154,#9155,#9156,#9157),(#9158,
#9159,#9160,#9161,#9162,#9163,#9164,#9165,#9166,#9167,#9168,#9169,#9170,#9171,
#9172),(#9173,#9174,#9175,#9176,#9177,#9178,#9179,#9180,#9181,#9182,#9183,#9184,
#9185,#9186,#9187)),.UNSPECIFIED.,.F.,.F.,.F.)B_SPLINE_SURFACE_WITH_KNOTS((4,4),
(4,1,1,1,1,1,1,1,1,1,1,1,4),(0.E0,1.E0),(-2.771486706160E-1,0.E0,
9.768608047001E-2,1.903285156845E-1,2.801004604337E-1,3.691249175197E-1,
4.594505436782E-1,5.530265203157E-1,6.518696170487E-1,7.580267815400E-1,
8.734567308789E-1,1.E0,1.216493905821E0),.UNSPECIFIED.)GEOMETRIC_REPRESENTATION_ITEM()RATIONAL_B_SPLINE_SURFACE(((1.119824926465E0,1.119824926465E0,
1.119824926465E0,1.119824926465E0,1.119824926465E0,1.119824926465E0,
1.119824926465E0,1.119824926465E0,1.119824926465E0,1.119824926465E0,
1.119824926465E0,1.119824926465E0,1.119824926465E0,1.119824926465E0,
1.119824926465E0),(9.600583578451E-1,9.600583578451E-1,9.600583578451E-1,
9.600583578451E-1,9.600583578451E-1,9.600583578451E-1,9.600583578451E-1,
9.600583578451E-1,9.600583578451E-1,9.600583578451E-1,9.600583578451E-1,
9.600583578451E-1,9.600583578451E-1,9.600583578451E-1,9.600583578451E-1),(
9.600583578451E-1,9.600583578451E-1,9.600583578451E-1,9.600583578451E-1,
9.600583578451E-1,9.600583578451E-1,9.600583578451E-1,9.600583578451E-1,
9.600583578451E-1,9.600583578451E-1,9.600583578451E-1,9.600583578451E-1,
9.600583578451E-1,9.600583578451E-1,9.600583578451E-1),(1.119824926465E0,
1.119824926465E0,1.119824926465E0,1.119824926465E0,1.119824926465E0,
1.119824926465E0,1.119824926465E0,1.119824926465E0,1.119824926465E0,
1.119824926465E0,1.119824926465E0,1.119824926465E0,1.119824926465E0,
1.119824926465E0,1.119824926465E0)))REPRESENTATION_ITEM('')SURFACE());
#9189=ORIENTED_EDGE('',*,*,#8311,.T.);
#9191=ORIENTED_EDGE('',*,*,#9190,.T.);
#9193=ORIENTED_EDGE('',*,*,#9192,.F.);
#9194=ORIENTED_EDGE('',*,*,#9120,.F.);
#9195=EDGE_LOOP('',(#9189,#9191,#9193,#9194));
#9196=FACE_OUTER_BOUND('',#9195,.F.);
#9197=ADVANCED_FACE('',(#9196),#9188,.F.);
#9198=CARTESIAN_POINT('',(-9.3E1,6.331217921313E0,-1.721031083740E2));
#9199=DIRECTION('',(0.E0,-7.071067811865E-1,7.071067811865E-1));
#9200=DIRECTION('',(1.E0,0.E0,0.E0));
#9201=AXIS2_PLACEMENT_3D('',#9198,#9199,#9200);
#9202=CYLINDRICAL_SURFACE('',#9201,3.E0);
#9204=ORIENTED_EDGE('',*,*,#9203,.F.);
#9205=ORIENTED_EDGE('',*,*,#9190,.F.);
#9206=ORIENTED_EDGE('',*,*,#8333,.T.);
#9207=ORIENTED_EDGE('',*,*,#8905,.T.);
#9208=EDGE_LOOP('',(#9204,#9205,#9206,#9207));
#9209=FACE_OUTER_BOUND('',#9208,.F.);
#9210=ADVANCED_FACE('',(#9209),#9202,.F.);
#9211=CARTESIAN_POINT('',(-9.E1,7.417711987293E0,-1.706006417988E2));
#9212=DIRECTION('',(-4.573295603800E-1,-6.288281455225E-1,-6.288281455225E-1));
#9213=DIRECTION('',(-8.892972917999E-1,3.233808333818E-1,3.233808333818E-1));
#9214=AXIS2_PLACEMENT_3D('',#9211,#9212,#9213);
#9215=PLANE('',#9214);
#9216=ORIENTED_EDGE('',*,*,#9203,.T.);
#9217=ORIENTED_EDGE('',*,*,#8903,.F.);
#9218=ORIENTED_EDGE('',*,*,#9021,.T.);
#9219=ORIENTED_EDGE('',*,*,#9108,.T.);
#9220=ORIENTED_EDGE('',*,*,#9122,.T.);
#9221=ORIENTED_EDGE('',*,*,#9192,.T.);
#9222=EDGE_LOOP('',(#9216,#9217,#9218,#9219,#9220,#9221));
#9223=FACE_OUTER_BOUND('',#9222,.F.);
#9224=ADVANCED_FACE('',(#9223),#9215,.T.);
#9225=CARTESIAN_POINT('',(-9.615501072135E1,6.072421200093E0,
-1.635087128297E2));
#9226=CARTESIAN_POINT('',(-9.616442721763E1,6.089127857667E0,
-1.635201146806E2));
#9227=CARTESIAN_POINT('',(-9.619469008801E1,6.164972250276E0,
-1.635844598017E2));
#9228=CARTESIAN_POINT('',(-9.623811982019E1,6.374232685140E0,
-1.637995068633E2));
#9229=CARTESIAN_POINT('',(-9.626615661794E1,6.638284265735E0,
-1.641065835474E2));
#9230=CARTESIAN_POINT('',(-9.627542822821E1,6.866123124242E0,
-1.643893144476E2));
#9231=CARTESIAN_POINT('',(-9.626912830583E1,7.065646538785E0,
-1.646531514740E2));
#9232=CARTESIAN_POINT('',(-9.625158812175E1,7.237780831307E0,
-1.648923518922E2));
#9233=CARTESIAN_POINT('',(-9.622331870922E1,7.390605917305E0,
-1.651173362426E2));
#9234=CARTESIAN_POINT('',(-9.618610399140E1,7.526596901067E0,
-1.653301933478E2));
#9235=CARTESIAN_POINT('',(-9.614036343734E1,7.650272593080E0,
-1.655364099065E2));
#9236=CARTESIAN_POINT('',(-9.608516761512E1,7.765290592866E0,
-1.657417553520E2));
#9237=CARTESIAN_POINT('',(-9.601939644153E1,7.872890455164E0,
-1.659490336205E2));
#9238=CARTESIAN_POINT('',(-9.594247922512E1,7.972542970387E0,
-1.661580935336E2));
#9239=CARTESIAN_POINT('',(-9.585204668451E1,8.063767726691E0,
-1.663715170447E2));
#9240=CARTESIAN_POINT('',(-9.574748660330E1,8.144465280510E0,
-1.665883033970E2));
#9241=CARTESIAN_POINT('',(-9.562488568822E1,8.213669291506E0,
-1.668130257716E2));
#9242=CARTESIAN_POINT('',(-9.547866933065E1,8.268487605095E0,
-1.670509095853E2));
#9243=CARTESIAN_POINT('',(-9.529813948666E1,8.301577636933E0,
-1.673110698629E2));
#9244=CARTESIAN_POINT('',(-9.505859678177E1,8.295450752467E0,
-1.676192763241E2));
#9245=CARTESIAN_POINT('',(-9.490921904069E1,8.248432290403E0,
-1.677955117872E2));
#9246=CARTESIAN_POINT('',(-9.486024827066E1,8.209771226967E0,
-1.678716692846E2));
#9247=CARTESIAN_POINT('',(-9.560965338147E1,5.479337920570E0,
-1.638489440204E2));
#9248=CARTESIAN_POINT('',(-9.561602925709E1,5.504153548506E0,
-1.638674323155E2));
#9249=CARTESIAN_POINT('',(-9.563602405305E1,5.596969527412E0,
-1.639419462754E2));
#9250=CARTESIAN_POINT('',(-9.566261276697E1,5.806674459467E0,
-1.641319145422E2));
#9251=CARTESIAN_POINT('',(-9.567574780495E1,6.059240043214E0,
-1.643892318293E2));
#9252=CARTESIAN_POINT('',(-9.567428065626E1,6.277903960514E0,
-1.646264424386E2));
#9253=CARTESIAN_POINT('',(-9.566085100001E1,6.469122361638E0,
-1.648471774975E2));
#9254=CARTESIAN_POINT('',(-9.563882962763E1,6.634610417603E0,
-1.650476427397E2));
#9255=CARTESIAN_POINT('',(-9.560903881345E1,6.780470347348E0,
-1.652347220431E2));
#9256=CARTESIAN_POINT('',(-9.557280982417E1,6.909543460851E0,
-1.654106730609E2));
#9257=CARTESIAN_POINT('',(-9.553027325247E1,7.026388261717E0,
-1.655803311969E2));
#9258=CARTESIAN_POINT('',(-9.548052294919E1,7.134605955548E0,
-1.657485877251E2));
#9259=CARTESIAN_POINT('',(-9.542259860123E1,7.235476135875E0,
-1.659178425345E2));
#9260=CARTESIAN_POINT('',(-9.535608697596E1,7.328547114857E0,
-1.660879973812E2));
#9261=CARTESIAN_POINT('',(-9.527960876848E1,7.412963085477E0,
-1.662603635422E2));
#9262=CARTESIAN_POINT('',(-9.519281775970E1,7.486970447103E0,
-1.664342099676E2));
#9263=CARTESIAN_POINT('',(-9.509306375715E1,7.549645730092E0,
-1.666126988157E2));
#9264=CARTESIAN_POINT('',(-9.497649001354E1,7.598476221887E0,
-1.667995081157E2));
#9265=CARTESIAN_POINT('',(-9.483700944690E1,7.626893768272E0,
-1.669992386899E2));
#9266=CARTESIAN_POINT('',(-9.466000910537E1,7.621006581557E0,
-1.672269801618E2));
#9267=CARTESIAN_POINT('',(-9.456184611782E1,7.586027868146E0,
-1.673425494677E2));
#9268=CARTESIAN_POINT('',(-9.453899001998E1,7.560848141239E0,
-1.673812311622E2));
#9269=CARTESIAN_POINT('',(-9.539276427905E1,4.737909916118E0,
-1.642603365760E2));
#9270=CARTESIAN_POINT('',(-9.539546110130E1,4.772871653125E0,
-1.642924034292E2));
#9271=CARTESIAN_POINT('',(-9.540280241229E1,4.886922135816E0,
-1.643935823194E2));
#9272=CARTESIAN_POINT('',(-9.540771095495E1,5.097182723782E0,
-1.645737233563E2));
#9273=CARTESIAN_POINT('',(-9.540011030980E1,5.335389921956E0,
-1.647936799268E2));
#9274=CARTESIAN_POINT('',(-9.538206749429E1,5.542584452208E0,
-1.649969836773E2));
#9275=CARTESIAN_POINT('',(-9.535577263599E1,5.723420943390E0,
-1.651850347385E2));
#9276=CARTESIAN_POINT('',(-9.532363700462E1,5.880600688953E0,
-1.653564399589E2));
#9277=CARTESIAN_POINT('',(-9.528707973979E1,6.017753633978E0,
-1.655137244935E2));
#9278=CARTESIAN_POINT('',(-9.524694147244E1,6.138178873913E0,
-1.656597403198E2));
#9279=CARTESIAN_POINT('',(-9.520293230180E1,6.246484531838E0,
-1.657990529838E2));
#9280=CARTESIAN_POINT('',(-9.515404621123E1,6.346201316588E0,
-1.659359467011E2));
#9281=CARTESIAN_POINT('',(-9.509942281925E1,6.438658873283E0,
-1.660725643585E2));
#9282=CARTESIAN_POINT('',(-9.503882700905E1,6.523502422266E0,
-1.662088736659E2));
#9283=CARTESIAN_POINT('',(-9.497218134670E1,6.599406883486E0,
-1.663444463261E2));
#9284=CARTESIAN_POINT('',(-9.489949305575E1,6.665050986762E0,
-1.664788529090E2));
#9285=CARTESIAN_POINT('',(-9.481964001658E1,6.719564854135E0,
-1.666135786558E2));
#9286=CARTESIAN_POINT('',(-9.473080602067E1,6.760910104970E0,
-1.667504940197E2));
#9287=CARTESIAN_POINT('',(-9.463301800760E1,6.783486682686E0,
-1.668880112110E2));
#9288=CARTESIAN_POINT('',(-9.452484359183E1,6.777899136724E0,
-1.670272062348E2));
#9289=CARTESIAN_POINT('',(-9.449002716127E1,6.757971041526E0,
-1.670676328149E2));
#9290=CARTESIAN_POINT('',(-9.450353368974E1,6.749644029321E0,
-1.670550108688E2));
#9291=CARTESIAN_POINT('',(-9.554267323251E1,3.979166364615E0,
-1.646701869731E2));
#9292=CARTESIAN_POINT('',(-9.554170275094E1,4.024518273984E0,
-1.647199248216E2));
#9293=CARTESIAN_POINT('',(-9.553624135888E1,4.160313501278E0,
-1.648595523628E2));
#9294=CARTESIAN_POINT('',(-9.551846201474E1,4.371142705350E0,
-1.650468544561E2));
#9295=CARTESIAN_POINT('',(-9.548795628547E1,4.594656620992E0,
-1.652484515785E2));
#9296=CARTESIAN_POINT('',(-9.545043023703E1,4.790114250636E0,
-1.654354541064E2));
#9297=CARTESIAN_POINT('',(-9.540780831676E1,4.960326682783E0,
-1.656070152330E2));
#9298=CARTESIAN_POINT('',(-9.536171280243E1,5.109004333769E0,
-1.657641712305E2));
#9299=CARTESIAN_POINT('',(-9.531433984181E1,5.237247211165E0,
-1.659050367677E2));
#9300=CARTESIAN_POINT('',(-9.526608815859E1,5.348822873341E0,
-1.660333786078E2));
#9301=CARTESIAN_POINT('',(-9.521619005337E1,5.448390220183E0,
-1.661539215668E2));
#9302=CARTESIAN_POINT('',(-9.516343414092E1,5.539407819481E0,
-1.662707211857E2));
#9303=CARTESIAN_POINT('',(-9.510698247244E1,5.623256535353E0,
-1.663858558126E2));
#9304=CARTESIAN_POINT('',(-9.504676722630E1,5.699680756630E0,
-1.664993604749E2));
#9305=CARTESIAN_POINT('',(-9.498409466043E1,5.766875184835E0,
-1.666089058309E2));
#9306=CARTESIAN_POINT('',(-9.491935042391E1,5.823960963972E0,
-1.667143426786E2));
#9307=CARTESIAN_POINT('',(-9.485293539278E1,5.870123057750E0,
-1.668155098017E2));
#9308=CARTESIAN_POINT('',(-9.478503595967E1,5.903808480836E0,
-1.669125293341E2));
#9309=CARTESIAN_POINT('',(-9.472221564221E1,5.920407854328E0,
-1.669970441496E2));
#9310=CARTESIAN_POINT('',(-9.467698742373E1,5.915126937981E0,
-1.670552596750E2));
#9311=CARTESIAN_POINT('',(-9.470645440654E1,5.910600503684E0,
-1.670193465905E2));
#9312=CARTESIAN_POINT('',(-9.476014531490E1,5.919519281213E0,
-1.669506598238E2));
#9313=(BOUNDED_SURFACE()B_SPLINE_SURFACE(3,3,((#9225,#9226,#9227,#9228,#9229,
#9230,#9231,#9232,#9233,#9234,#9235,#9236,#9237,#9238,#9239,#9240,#9241,#9242,
#9243,#9244,#9245,#9246),(#9247,#9248,#9249,#9250,#9251,#9252,#9253,#9254,#9255,
#9256,#9257,#9258,#9259,#9260,#9261,#9262,#9263,#9264,#9265,#9266,#9267,#9268),(
#9269,#9270,#9271,#9272,#9273,#9274,#9275,#9276,#9277,#9278,#9279,#9280,#9281,
#9282,#9283,#9284,#9285,#9286,#9287,#9288,#9289,#9290),(#9291,#9292,#9293,#9294,
#9295,#9296,#9297,#9298,#9299,#9300,#9301,#9302,#9303,#9304,#9305,#9306,#9307,
#9308,#9309,#9310,#9311,#9312)),.UNSPECIFIED.,.F.,.F.,.F.)B_SPLINE_SURFACE_WITH_KNOTS((4,4),(4,1,1,1,1,1,1,1,1,1,1,1,1,1,1,1,1,1,1,4),(0.E0,1.E0),(
-4.545388233177E-2,0.E0,9.174301943909E-2,1.747061862689E-1,2.503883988504E-1,
3.195202431767E-1,3.820732716644E-1,4.383632939989E-1,4.898580805869E-1,
5.386696836359E-1,5.867676018318E-1,6.351033824586E-1,6.835296122026E-1,
7.317352081879E-1,7.798866091724E-1,8.286699494461E-1,8.802657838034E-1,
9.365954791003E-1,1.E0,1.092964166359E0),.UNSPECIFIED.)GEOMETRIC_REPRESENTATION_ITEM()RATIONAL_B_SPLINE_SURFACE(((1.046223576068E0,1.046223576068E0,
1.046223576068E0,1.046223576068E0,1.046223576068E0,1.046223576068E0,
1.046223576068E0,1.046223576068E0,1.046223576068E0,1.046223576068E0,
1.046223576068E0,1.046223576068E0,1.046223576068E0,1.046223576068E0,
1.046223576068E0,1.046223576068E0,1.046223576068E0,1.046223576068E0,
1.046223576068E0,1.046223576068E0,1.046223576068E0,1.046223576068E0),(
9.845921413108E-1,9.845921413108E-1,9.845921413108E-1,9.845921413108E-1,
9.845921413108E-1,9.845921413108E-1,9.845921413108E-1,9.845921413108E-1,
9.845921413108E-1,9.845921413108E-1,9.845921413108E-1,9.845921413108E-1,
9.845921413108E-1,9.845921413108E-1,9.845921413108E-1,9.845921413108E-1,
9.845921413108E-1,9.845921413108E-1,9.845921413108E-1,9.845921413108E-1,
9.845921413108E-1,9.845921413108E-1),(9.845921413108E-1,9.845921413108E-1,
9.845921413108E-1,9.845921413108E-1,9.845921413108E-1,9.845921413108E-1,
9.845921413108E-1,9.845921413108E-1,9.845921413108E-1,9.845921413108E-1,
9.845921413108E-1,9.845921413108E-1,9.845921413108E-1,9.845921413108E-1,
9.845921413108E-1,9.845921413108E-1,9.845921413108E-1,9.845921413108E-1,
9.845921413108E-1,9.845921413108E-1,9.845921413108E-1,9.845921413108E-1),(
1.046223576068E0,1.046223576068E0,1.046223576068E0,1.046223576068E0,
1.046223576068E0,1.046223576068E0,1.046223576068E0,1.046223576068E0,
1.046223576068E0,1.046223576068E0,1.046223576068E0,1.046223576068E0,
1.046223576068E0,1.046223576068E0,1.046223576068E0,1.046223576068E0,
1.046223576068E0,1.046223576068E0,1.046223576068E0,1.046223576068E0,
1.046223576068E0,1.046223576068E0)))REPRESENTATION_ITEM('')SURFACE());
#9315=ORIENTED_EDGE('',*,*,#9314,.F.);
#9316=ORIENTED_EDGE('',*,*,#8283,.T.);
#9317=ORIENTED_EDGE('',*,*,#9067,.T.);
#9318=EDGE_LOOP('',(#9315,#9316,#9317));
#9319=FACE_OUTER_BOUND('',#9318,.F.);
#9320=ADVANCED_FACE('',(#9319),#9313,.F.);
#9321=CARTESIAN_POINT('',(-9.544400449351E1,9.498453961034E0,
-1.663147923023E2));
#9322=CARTESIAN_POINT('',(-9.544400449061E1,9.417481566874E0,
-1.662176169656E2));
#9323=CARTESIAN_POINT('',(-9.544400448771E1,9.126770820650E0,
-1.659007209263E2));
#9324=CARTESIAN_POINT('',(-9.544400450687E1,8.559621296171E0,
-1.654425320434E2));
#9325=CARTESIAN_POINT('',(-9.544400450049E1,7.826788863618E0,
-1.650384377611E2));
#9326=CARTESIAN_POINT('',(-9.544400450181E1,7.134974916490E0,
-1.647605126974E2));
#9327=CARTESIAN_POINT('',(-9.544400450241E1,6.515400531151E0,
-1.645619866184E2));
#9328=CARTESIAN_POINT('',(-9.544400449939E1,5.966423290851E0,
-1.644126748924E2));
#9329=CARTESIAN_POINT('',(-9.544400450923E1,5.477106386362E0,
-1.642925712884E2));
#9330=CARTESIAN_POINT('',(-9.544400447724E1,5.030392117096E0,
-1.641923598943E2));
#9331=CARTESIAN_POINT('',(-9.544400457965E1,4.637319131875E0,
-1.641099782990E2));
#9332=CARTESIAN_POINT('',(-9.544394795093E1,4.408895048235E0,
-1.640577404478E2));
#9333=CARTESIAN_POINT('',(-9.544391392015E1,4.312493089884E0,
-1.640334269189E2));
#9334=CARTESIAN_POINT('',(-9.565752558021E1,8.822340938678E0,
-1.668828117427E2));
#9335=CARTESIAN_POINT('',(-9.565752558836E1,8.757950274366E0,
-1.668056543588E2));
#9336=CARTESIAN_POINT('',(-9.565752559651E1,8.526301906729E0,
-1.665531362485E2));
#9337=CARTESIAN_POINT('',(-9.565752554257E1,8.068331146988E0,
-1.661820561835E2));
#9338=CARTESIAN_POINT('',(-9.565752556070E1,7.451836707059E0,
-1.658405313602E2));
#9339=CARTESIAN_POINT('',(-9.565752555641E1,6.838194506065E0,
-1.655932140637E2));
#9340=CARTESIAN_POINT('',(-9.565752555661E1,6.266533739711E0,
-1.654097482969E2));
#9341=CARTESIAN_POINT('',(-9.565752555910E1,5.746359764406E0,
-1.652681832632E2));
#9342=CARTESIAN_POINT('',(-9.565752555049E1,5.275025619777E0,
-1.651524687578E2));
#9343=CARTESIAN_POINT('',(-9.565752557859E1,4.844242500964E0,
-1.650558264234E2));
#9344=CARTESIAN_POINT('',(-9.565752548860E1,4.458380054709E0,
-1.649749102095E2));
#9345=CARTESIAN_POINT('',(-9.565757188356E1,4.199852034543E0,
-1.649162476813E2));
#9346=CARTESIAN_POINT('',(-9.565759901950E1,4.077750528653E0,
-1.648864870363E2));
#9347=CARTESIAN_POINT('',(-9.530565517592E1,8.181017534675E0,
-1.674216035556E2));
#9348=CARTESIAN_POINT('',(-9.530565516587E1,8.132355381837E0,
-1.673634340942E2));
#9349=CARTESIAN_POINT('',(-9.530565515580E1,7.956730318635E0,
-1.671719813253E2));
#9350=CARTESIAN_POINT('',(-9.530565522244E1,7.602320494318E0,
-1.668835278653E2));
#9351=CARTESIAN_POINT('',(-9.530565519973E1,7.096177837266E0,
-1.666013529689E2));
#9352=CARTESIAN_POINT('',(-9.530565520617E1,6.556685029450E0,
-1.663830685068E2));
#9353=CARTESIAN_POINT('',(-9.530565520223E1,6.030472471030E0,
-1.662138881189E2));
#9354=CARTESIAN_POINT('',(-9.530565521080E1,5.537619679227E0,
-1.660796711689E2));
#9355=CARTESIAN_POINT('',(-9.530565518447E1,5.083342985625E0,
-1.659681199195E2));
#9356=CARTESIAN_POINT('',(-9.530565526974E1,4.667671274668E0,
-1.658748629978E2));
#9357=CARTESIAN_POINT('',(-9.530565499683E1,4.288648346720E0,
-1.657953367635E2));
#9358=CARTESIAN_POINT('',(-9.530581658094E1,4.001695533848E0,
-1.657306788995E2));
#9359=CARTESIAN_POINT('',(-9.530591604685E1,3.855323480164E0,
-1.656958323340E2));
#9360=CARTESIAN_POINT('',(-9.452549014356E1,7.824358207737E0,
-1.677212419661E2));
#9361=CARTESIAN_POINT('',(-9.452549009317E1,7.784443155474E0,
-1.676736322622E2));
#9362=CARTESIAN_POINT('',(-9.452549004270E1,7.639974344996E0,
-1.675161397752E2));
#9363=CARTESIAN_POINT('',(-9.452549037661E1,7.343157886669E0,
-1.672736374673E2));
#9364=CARTESIAN_POINT('',(-9.452549026362E1,6.898385191110E0,
-1.670244688589E2));
#9365=CARTESIAN_POINT('',(-9.452549029295E1,6.400129101771E0,
-1.668223304334E2));
#9366=CARTESIAN_POINT('',(-9.452549028276E1,5.899191665311E0,
-1.666610945765E2));
#9367=CARTESIAN_POINT('',(-9.452549029562E1,5.421533009351E0,
-1.665309641179E2));
#9368=CARTESIAN_POINT('',(-9.452549025918E1,4.976742479771E0,
-1.664217281810E2));
#9369=CARTESIAN_POINT('',(-9.452549037643E1,4.569474679418E0,
-1.663303539896E2));
#9370=CARTESIAN_POINT('',(-9.452549000134E1,4.194255414304E0,
-1.662516007650E2));
#9371=CARTESIAN_POINT('',(-9.452573405970E1,3.891631910434E0,
-1.661837128281E2));
#9372=CARTESIAN_POINT('',(-9.452588883743E1,3.731874676506E0,
-1.661461231302E2));
#9373=(BOUNDED_SURFACE()B_SPLINE_SURFACE(3,3,((#9321,#9322,#9323,#9324,#9325,
#9326,#9327,#9328,#9329,#9330,#9331,#9332,#9333),(#9334,#9335,#9336,#9337,#9338,
#9339,#9340,#9341,#9342,#9343,#9344,#9345,#9346),(#9347,#9348,#9349,#9350,#9351,
#9352,#9353,#9354,#9355,#9356,#9357,#9358,#9359),(#9360,#9361,#9362,#9363,#9364,
#9365,#9366,#9367,#9368,#9369,#9370,#9371,#9372)),.UNSPECIFIED.,.F.,.F.,.F.)B_SPLINE_SURFACE_WITH_KNOTS((4,4),(4,1,1,1,1,1,1,1,1,1,4),(0.E0,1.E0),(
-6.297745640745E-2,0.E0,1.521735115184E-1,3.086946178954E-1,4.559666398163E-1,
5.894551632077E-1,7.079783540625E-1,8.141278115948E-1,9.105734588468E-1,1.E0,
1.073267685528E0),.UNSPECIFIED.)GEOMETRIC_REPRESENTATION_ITEM()RATIONAL_B_SPLINE_SURFACE(((1.107917591476E0,1.107917591476E0,1.107917591476E0,1.107917591476E0,
1.107917591476E0,1.107917591476E0,1.107917591476E0,1.107917591476E0,
1.107917591476E0,1.107917591476E0,1.107917591476E0,1.107917591476E0,
1.107917591476E0),(9.640274695080E-1,9.640274695080E-1,9.640274695080E-1,
9.640274695080E-1,9.640274695080E-1,9.640274695080E-1,9.640274695080E-1,
9.640274695080E-1,9.640274695080E-1,9.640274695080E-1,9.640274695080E-1,
9.640274695080E-1,9.640274695080E-1),(9.640274695080E-1,9.640274695080E-1,
9.640274695080E-1,9.640274695080E-1,9.640274695080E-1,9.640274695080E-1,
9.640274695080E-1,9.640274695080E-1,9.640274695080E-1,9.640274695080E-1,
9.640274695080E-1,9.640274695080E-1,9.640274695080E-1),(1.107917591476E0,
1.107917591476E0,1.107917591476E0,1.107917591476E0,1.107917591476E0,
1.107917591476E0,1.107917591476E0,1.107917591476E0,1.107917591476E0,
1.107917591476E0,1.107917591476E0,1.107917591476E0,1.107917591476E0)))REPRESENTATION_ITEM('')SURFACE());
#9374=ORIENTED_EDGE('',*,*,#9314,.T.);
#9375=ORIENTED_EDGE('',*,*,#9025,.T.);
#9376=ORIENTED_EDGE('',*,*,#8256,.T.);
#9377=EDGE_LOOP('',(#9374,#9375,#9376));
#9378=FACE_OUTER_BOUND('',#9377,.F.);
#9379=ADVANCED_FACE('',(#9378),#9373,.T.);
#9380=CARTESIAN_POINT('',(-8.429743904954E1,1.246901192480E1,
-1.719604691024E2));
#9381=DIRECTION('',(-4.479546293065E-1,4.479546293065E-1,-7.737398142566E-1));
#9382=DIRECTION('',(7.071067811865E-1,7.071067811865E-1,0.E0));
#9383=AXIS2_PLACEMENT_3D('',#9380,#9381,#9382);
#9384=CYLINDRICAL_SURFACE('',#9383,2.E0);
#9385=ORIENTED_EDGE('',*,*,#8847,.T.);
#9386=ORIENTED_EDGE('',*,*,#8757,.T.);
#9387=ORIENTED_EDGE('',*,*,#8654,.T.);
#9388=EDGE_LOOP('',(#9385,#9386,#9387));
#9389=FACE_OUTER_BOUND('',#9388,.F.);
#9390=ADVANCED_FACE('',(#9389),#9384,.T.);
#9391=CARTESIAN_POINT('',(-1.209040116177E2,4.455010109332E1,
-1.760551096719E2));
#9392=DIRECTION('',(-6.903279831613E-1,6.903279831613E-1,-2.165514980989E-1));
#9393=DIRECTION('',(7.071067811865E-1,7.071067811865E-1,0.E0));
#9394=AXIS2_PLACEMENT_3D('',#9391,#9392,#9393);
#9395=CYLINDRICAL_SURFACE('',#9394,5.2E0);
#9396=ORIENTED_EDGE('',*,*,#8194,.F.);
#9398=ORIENTED_EDGE('',*,*,#9397,.F.);
#9399=ORIENTED_EDGE('',*,*,#6075,.F.);
#9400=ORIENTED_EDGE('',*,*,#8851,.T.);
#9401=EDGE_LOOP('',(#9396,#9398,#9399,#9400));
#9402=FACE_OUTER_BOUND('',#9401,.F.);
#9403=ADVANCED_FACE('',(#9402),#9395,.T.);
#9404=CARTESIAN_POINT('',(-8.225E1,1.325E1,-1.636006417988E2));
#9405=DIRECTION('',(-7.071067811865E-1,-7.071067811865E-1,0.E0));
#9406=DIRECTION('',(7.071067811865E-1,-7.071067811865E-1,0.E0));
#9407=AXIS2_PLACEMENT_3D('',#9404,#9405,#9406);
#9408=PLANE('',#9407);
#9409=ORIENTED_EDGE('',*,*,#9397,.T.);
#9410=ORIENTED_EDGE('',*,*,#8192,.T.);
#9411=ORIENTED_EDGE('',*,*,#8216,.F.);
#9412=ORIENTED_EDGE('',*,*,#6077,.F.);
#9413=EDGE_LOOP('',(#9409,#9410,#9411,#9412));
#9414=FACE_OUTER_BOUND('',#9413,.F.);
#9415=ADVANCED_FACE('',(#9414),#9408,.F.);
#9416=CARTESIAN_POINT('',(-1.045E2,1.6E1,-1.490542138302E2));
#9417=DIRECTION('',(1.E0,0.E0,0.E0));
#9418=DIRECTION('',(0.E0,0.E0,-1.E0));
#9419=AXIS2_PLACEMENT_3D('',#9416,#9417,#9418);
#9420=PLANE('',#9419);
#9421=ORIENTED_EDGE('',*,*,#7004,.F.);
#9422=ORIENTED_EDGE('',*,*,#5795,.F.);
#9424=ORIENTED_EDGE('',*,*,#9423,.T.);
#9426=ORIENTED_EDGE('',*,*,#9425,.F.);
#9428=ORIENTED_EDGE('',*,*,#9427,.T.);
#9430=ORIENTED_EDGE('',*,*,#9429,.F.);
#9432=ORIENTED_EDGE('',*,*,#9431,.F.);
#9434=ORIENTED_EDGE('',*,*,#9433,.F.);
#9436=ORIENTED_EDGE('',*,*,#9435,.T.);
#9437=EDGE_LOOP('',(#9421,#9422,#9424,#9426,#9428,#9430,#9432,#9434,#9436));
#9438=FACE_OUTER_BOUND('',#9437,.F.);
#9439=ADVANCED_FACE('',(#9438),#9420,.T.);
#9440=CARTESIAN_POINT('',(-1.390110406871E2,4.07684E1,-1.636006417988E2));
#9441=DIRECTION('',(-7.071067811865E-1,7.071067811865E-1,0.E0));
#9442=DIRECTION('',(0.E0,0.E0,1.E0));
#9443=AXIS2_PLACEMENT_3D('',#9440,#9441,#9442);
#9444=CYLINDRICAL_SURFACE('',#9443,3.E0);
#9445=ORIENTED_EDGE('',*,*,#9423,.F.);
#9446=ORIENTED_EDGE('',*,*,#5793,.F.);
#9448=ORIENTED_EDGE('',*,*,#9447,.F.);
#9450=ORIENTED_EDGE('',*,*,#9449,.T.);
#9451=EDGE_LOOP('',(#9445,#9446,#9448,#9450));
#9452=FACE_OUTER_BOUND('',#9451,.F.);
#9453=ADVANCED_FACE('',(#9452),#9444,.T.);
#9454=CARTESIAN_POINT('',(2.330158864294E2,1.3E1,-1.636006417988E2));
#9455=DIRECTION('',(1.E0,0.E0,0.E0));
#9456=DIRECTION('',(0.E0,1.E0,0.E0));
#9457=AXIS2_PLACEMENT_3D('',#9454,#9455,#9456);
#9458=CYLINDRICAL_SURFACE('',#9457,3.E0);
#9459=ORIENTED_EDGE('',*,*,#5791,.F.);
#9461=ORIENTED_EDGE('',*,*,#9460,.F.);
#9462=ORIENTED_EDGE('',*,*,#6039,.F.);
#9463=ORIENTED_EDGE('',*,*,#9447,.T.);
#9464=EDGE_LOOP('',(#9459,#9461,#9462,#9463));
#9465=FACE_OUTER_BOUND('',#9464,.F.);
#9466=ADVANCED_FACE('',(#9465),#9458,.T.);
#9467=CARTESIAN_POINT('',(-1.545257593129E2,-2.77684E1,-1.636006417988E2));
#9468=DIRECTION('',(-7.071067811865E-1,-7.071067811865E-1,0.E0));
#9469=DIRECTION('',(0.E0,0.E0,1.E0));
#9470=AXIS2_PLACEMENT_3D('',#9467,#9468,#9469);
#9471=CYLINDRICAL_SURFACE('',#9470,3.E0);
#9473=ORIENTED_EDGE('',*,*,#9472,.F.);
#9475=ORIENTED_EDGE('',*,*,#9474,.T.);
#9476=ORIENTED_EDGE('',*,*,#9460,.T.);
#9477=ORIENTED_EDGE('',*,*,#5789,.F.);
#9478=EDGE_LOOP('',(#9473,#9475,#9476,#9477));
#9479=FACE_OUTER_BOUND('',#9478,.F.);
#9480=ADVANCED_FACE('',(#9479),#9471,.T.);
#9481=CARTESIAN_POINT('',(-1.205E2,1.6E1,-1.875208923591E2));
#9482=DIRECTION('',(-1.E0,0.E0,0.E0));
#9483=DIRECTION('',(0.E0,0.E0,1.E0));
#9484=AXIS2_PLACEMENT_3D('',#9481,#9482,#9483);
#9485=PLANE('',#9484);
#9487=ORIENTED_EDGE('',*,*,#9486,.F.);
#9488=ORIENTED_EDGE('',*,*,#6726,.F.);
#9489=ORIENTED_EDGE('',*,*,#6651,.T.);
#9491=ORIENTED_EDGE('',*,*,#9490,.T.);
#9493=ORIENTED_EDGE('',*,*,#9492,.T.);
#9494=ORIENTED_EDGE('',*,*,#9472,.T.);
#9495=ORIENTED_EDGE('',*,*,#5787,.T.);
#9496=ORIENTED_EDGE('',*,*,#6877,.F.);
#9497=ORIENTED_EDGE('',*,*,#6786,.T.);
#9498=EDGE_LOOP('',(#9487,#9488,#9489,#9491,#9493,#9494,#9495,#9496,#9497));
#9499=FACE_OUTER_BOUND('',#9498,.F.);
#9500=ADVANCED_FACE('',(#9499),#9485,.T.);
#9501=CARTESIAN_POINT('',(-1.204440044935E2,9.498453961034E0,
-1.663147923023E2));
#9502=CARTESIAN_POINT('',(-1.204440044906E2,9.417481566874E0,
-1.662176169656E2));
#9503=CARTESIAN_POINT('',(-1.204440044877E2,9.126770820650E0,
-1.659007209263E2));
#9504=CARTESIAN_POINT('',(-1.204440045069E2,8.559621296171E0,
-1.654425320434E2));
#9505=CARTESIAN_POINT('',(-1.204440045005E2,7.826788863618E0,
-1.650384377611E2));
#9506=CARTESIAN_POINT('',(-1.204440045018E2,7.134974916490E0,
-1.647605126974E2));
#9507=CARTESIAN_POINT('',(-1.204440045024E2,6.515400531151E0,
-1.645619866184E2));
#9508=CARTESIAN_POINT('',(-1.204440044994E2,5.966423290851E0,
-1.644126748924E2));
#9509=CARTESIAN_POINT('',(-1.204440045092E2,5.477106386362E0,
-1.642925712884E2));
#9510=CARTESIAN_POINT('',(-1.204440044772E2,5.030392117096E0,
-1.641923598943E2));
#9511=CARTESIAN_POINT('',(-1.204440045797E2,4.637319131875E0,
-1.641099782990E2));
#9512=CARTESIAN_POINT('',(-1.204439479509E2,4.408895048235E0,
-1.640577404478E2));
#9513=CARTESIAN_POINT('',(-1.204439139202E2,4.312493089884E0,
-1.640334269189E2));
#9514=CARTESIAN_POINT('',(-1.206575255802E2,8.822340938678E0,
-1.668828117427E2));
#9515=CARTESIAN_POINT('',(-1.206575255884E2,8.757950274366E0,
-1.668056543588E2));
#9516=CARTESIAN_POINT('',(-1.206575255965E2,8.526301906729E0,
-1.665531362485E2));
#9517=CARTESIAN_POINT('',(-1.206575255426E2,8.068331146988E0,
-1.661820561835E2));
#9518=CARTESIAN_POINT('',(-1.206575255607E2,7.451836707059E0,
-1.658405313602E2));
#9519=CARTESIAN_POINT('',(-1.206575255564E2,6.838194506065E0,
-1.655932140637E2));
#9520=CARTESIAN_POINT('',(-1.206575255566E2,6.266533739711E0,
-1.654097482969E2));
#9521=CARTESIAN_POINT('',(-1.206575255591E2,5.746359764406E0,
-1.652681832632E2));
#9522=CARTESIAN_POINT('',(-1.206575255505E2,5.275025619777E0,
-1.651524687578E2));
#9523=CARTESIAN_POINT('',(-1.206575255786E2,4.844242500964E0,
-1.650558264234E2));
#9524=CARTESIAN_POINT('',(-1.206575254886E2,4.458380054709E0,
-1.649749102095E2));
#9525=CARTESIAN_POINT('',(-1.206575718836E2,4.199852034543E0,
-1.649162476813E2));
#9526=CARTESIAN_POINT('',(-1.206575990195E2,4.077750528653E0,
-1.648864870363E2));
#9527=CARTESIAN_POINT('',(-1.203056551759E2,8.181017534675E0,
-1.674216035556E2));
#9528=CARTESIAN_POINT('',(-1.203056551659E2,8.132355381837E0,
-1.673634340942E2));
#9529=CARTESIAN_POINT('',(-1.203056551558E2,7.956730318635E0,
-1.671719813253E2));
#9530=CARTESIAN_POINT('',(-1.203056552224E2,7.602320494318E0,
-1.668835278653E2));
#9531=CARTESIAN_POINT('',(-1.203056551997E2,7.096177837266E0,
-1.666013529689E2));
#9532=CARTESIAN_POINT('',(-1.203056552062E2,6.556685029450E0,
-1.663830685068E2));
#9533=CARTESIAN_POINT('',(-1.203056552022E2,6.030472471030E0,
-1.662138881189E2));
#9534=CARTESIAN_POINT('',(-1.203056552108E2,5.537619679227E0,
-1.660796711689E2));
#9535=CARTESIAN_POINT('',(-1.203056551845E2,5.083342985625E0,
-1.659681199195E2));
#9536=CARTESIAN_POINT('',(-1.203056552697E2,4.667671274668E0,
-1.658748629978E2));
#9537=CARTESIAN_POINT('',(-1.203056549968E2,4.288648346720E0,
-1.657953367635E2));
#9538=CARTESIAN_POINT('',(-1.203058165809E2,4.001695533848E0,
-1.657306788995E2));
#9539=CARTESIAN_POINT('',(-1.203059160469E2,3.855323480164E0,
-1.656958323340E2));
#9540=CARTESIAN_POINT('',(-1.195254901436E2,7.824358207737E0,
-1.677212419661E2));
#9541=CARTESIAN_POINT('',(-1.195254900932E2,7.784443155474E0,
-1.676736322622E2));
#9542=CARTESIAN_POINT('',(-1.195254900427E2,7.639974344996E0,
-1.675161397752E2));
#9543=CARTESIAN_POINT('',(-1.195254903766E2,7.343157886669E0,
-1.672736374673E2));
#9544=CARTESIAN_POINT('',(-1.195254902636E2,6.898385191110E0,
-1.670244688589E2));
#9545=CARTESIAN_POINT('',(-1.195254902929E2,6.400129101771E0,
-1.668223304334E2));
#9546=CARTESIAN_POINT('',(-1.195254902828E2,5.899191665311E0,
-1.666610945765E2));
#9547=CARTESIAN_POINT('',(-1.195254902956E2,5.421533009351E0,
-1.665309641179E2));
#9548=CARTESIAN_POINT('',(-1.195254902592E2,4.976742479771E0,
-1.664217281810E2));
#9549=CARTESIAN_POINT('',(-1.195254903764E2,4.569474679418E0,
-1.663303539896E2));
#9550=CARTESIAN_POINT('',(-1.195254900013E2,4.194255414304E0,
-1.662516007650E2));
#9551=CARTESIAN_POINT('',(-1.195257340597E2,3.891631910434E0,
-1.661837128281E2));
#9552=CARTESIAN_POINT('',(-1.195258888374E2,3.731874676506E0,
-1.661461231302E2));
#9553=(BOUNDED_SURFACE()B_SPLINE_SURFACE(3,3,((#9501,#9502,#9503,#9504,#9505,
#9506,#9507,#9508,#9509,#9510,#9511,#9512,#9513),(#9514,#9515,#9516,#9517,#9518,
#9519,#9520,#9521,#9522,#9523,#9524,#9525,#9526),(#9527,#9528,#9529,#9530,#9531,
#9532,#9533,#9534,#9535,#9536,#9537,#9538,#9539),(#9540,#9541,#9542,#9543,#9544,
#9545,#9546,#9547,#9548,#9549,#9550,#9551,#9552)),.UNSPECIFIED.,.F.,.F.,.F.)B_SPLINE_SURFACE_WITH_KNOTS((4,4),(4,1,1,1,1,1,1,1,1,1,4),(0.E0,1.E0),(
-6.297745640745E-2,0.E0,1.521735115184E-1,3.086946178954E-1,4.559666398163E-1,
5.894551632077E-1,7.079783540625E-1,8.141278115948E-1,9.105734588468E-1,1.E0,
1.073267685528E0),.UNSPECIFIED.)GEOMETRIC_REPRESENTATION_ITEM()RATIONAL_B_SPLINE_SURFACE(((1.107917591476E0,1.107917591476E0,1.107917591476E0,1.107917591476E0,
1.107917591476E0,1.107917591476E0,1.107917591476E0,1.107917591476E0,
1.107917591476E0,1.107917591476E0,1.107917591476E0,1.107917591476E0,
1.107917591476E0),(9.640274695080E-1,9.640274695080E-1,9.640274695080E-1,
9.640274695080E-1,9.640274695080E-1,9.640274695080E-1,9.640274695080E-1,
9.640274695080E-1,9.640274695080E-1,9.640274695080E-1,9.640274695080E-1,
9.640274695080E-1,9.640274695080E-1),(9.640274695080E-1,9.640274695080E-1,
9.640274695080E-1,9.640274695080E-1,9.640274695080E-1,9.640274695080E-1,
9.640274695080E-1,9.640274695080E-1,9.640274695080E-1,9.640274695080E-1,
9.640274695080E-1,9.640274695080E-1,9.640274695080E-1),(1.107917591476E0,
1.107917591476E0,1.107917591476E0,1.107917591476E0,1.107917591476E0,
1.107917591476E0,1.107917591476E0,1.107917591476E0,1.107917591476E0,
1.107917591476E0,1.107917591476E0,1.107917591476E0,1.107917591476E0)))REPRESENTATION_ITEM('')SURFACE());
#9555=ORIENTED_EDGE('',*,*,#9554,.T.);
#9556=ORIENTED_EDGE('',*,*,#6728,.T.);
#9557=ORIENTED_EDGE('',*,*,#9486,.T.);
#9558=EDGE_LOOP('',(#9555,#9556,#9557));
#9559=FACE_OUTER_BOUND('',#9558,.F.);
#9560=ADVANCED_FACE('',(#9559),#9553,.T.);
#9561=CARTESIAN_POINT('',(-1.211550107213E2,6.072421200093E0,
-1.635087128297E2));
#9562=CARTESIAN_POINT('',(-1.211644272176E2,6.089127857667E0,
-1.635201146806E2));
#9563=CARTESIAN_POINT('',(-1.211946900880E2,6.164972250276E0,
-1.635844598017E2));
#9564=CARTESIAN_POINT('',(-1.212381198202E2,6.374232685140E0,
-1.637995068633E2));
#9565=CARTESIAN_POINT('',(-1.212661566179E2,6.638284265735E0,
-1.641065835474E2));
#9566=CARTESIAN_POINT('',(-1.212754282282E2,6.866123124242E0,
-1.643893144476E2));
#9567=CARTESIAN_POINT('',(-1.212691283058E2,7.065646538785E0,
-1.646531514740E2));
#9568=CARTESIAN_POINT('',(-1.212515881218E2,7.237780831307E0,
-1.648923518922E2));
#9569=CARTESIAN_POINT('',(-1.212233187092E2,7.390605917305E0,
-1.651173362426E2));
#9570=CARTESIAN_POINT('',(-1.211861039914E2,7.526596901067E0,
-1.653301933478E2));
#9571=CARTESIAN_POINT('',(-1.211403634373E2,7.650272593080E0,
-1.655364099065E2));
#9572=CARTESIAN_POINT('',(-1.210851676151E2,7.765290592866E0,
-1.657417553520E2));
#9573=CARTESIAN_POINT('',(-1.210193964415E2,7.872890455164E0,
-1.659490336205E2));
#9574=CARTESIAN_POINT('',(-1.209424792251E2,7.972542970387E0,
-1.661580935336E2));
#9575=CARTESIAN_POINT('',(-1.208520466845E2,8.063767726691E0,
-1.663715170447E2));
#9576=CARTESIAN_POINT('',(-1.207474866033E2,8.144465280510E0,
-1.665883033970E2));
#9577=CARTESIAN_POINT('',(-1.206248856882E2,8.213669291506E0,
-1.668130257716E2));
#9578=CARTESIAN_POINT('',(-1.204786693307E2,8.268487605095E0,
-1.670509095853E2));
#9579=CARTESIAN_POINT('',(-1.202981394867E2,8.301577636933E0,
-1.673110698629E2));
#9580=CARTESIAN_POINT('',(-1.200585967818E2,8.295450752467E0,
-1.676192763241E2));
#9581=CARTESIAN_POINT('',(-1.199092190407E2,8.248432290403E0,
-1.677955117872E2));
#9582=CARTESIAN_POINT('',(-1.198602482707E2,8.209771226967E0,
-1.678716692846E2));
#9583=CARTESIAN_POINT('',(-1.206096533815E2,5.479337920570E0,
-1.638489440204E2));
#9584=CARTESIAN_POINT('',(-1.206160292571E2,5.504153548506E0,
-1.638674323155E2));
#9585=CARTESIAN_POINT('',(-1.206360240531E2,5.596969527412E0,
-1.639419462754E2));
#9586=CARTESIAN_POINT('',(-1.206626127670E2,5.806674459467E0,
-1.641319145422E2));
#9587=CARTESIAN_POINT('',(-1.206757478050E2,6.059240043214E0,
-1.643892318293E2));
#9588=CARTESIAN_POINT('',(-1.206742806563E2,6.277903960514E0,
-1.646264424386E2));
#9589=CARTESIAN_POINT('',(-1.20660851E2,6.469122361638E0,-1.648471774975E2));
#9590=CARTESIAN_POINT('',(-1.206388296276E2,6.634610417603E0,
-1.650476427397E2));
#9591=CARTESIAN_POINT('',(-1.206090388134E2,6.780470347348E0,
-1.652347220431E2));
#9592=CARTESIAN_POINT('',(-1.205728098242E2,6.909543460851E0,
-1.654106730609E2));
#9593=CARTESIAN_POINT('',(-1.205302732525E2,7.026388261717E0,
-1.655803311969E2));
#9594=CARTESIAN_POINT('',(-1.204805229492E2,7.134605955548E0,
-1.657485877251E2));
#9595=CARTESIAN_POINT('',(-1.204225986012E2,7.235476135875E0,
-1.659178425345E2));
#9596=CARTESIAN_POINT('',(-1.203560869760E2,7.328547114857E0,
-1.660879973812E2));
#9597=CARTESIAN_POINT('',(-1.202796087685E2,7.412963085477E0,
-1.662603635422E2));
#9598=CARTESIAN_POINT('',(-1.201928177597E2,7.486970447103E0,
-1.664342099676E2));
#9599=CARTESIAN_POINT('',(-1.200930637572E2,7.549645730092E0,
-1.666126988157E2));
#9600=CARTESIAN_POINT('',(-1.199764900135E2,7.598476221887E0,
-1.667995081157E2));
#9601=CARTESIAN_POINT('',(-1.198370094469E2,7.626893768272E0,
-1.669992386899E2));
#9602=CARTESIAN_POINT('',(-1.196600091054E2,7.621006581557E0,
-1.672269801618E2));
#9603=CARTESIAN_POINT('',(-1.195618461178E2,7.586027868146E0,
-1.673425494677E2));
#9604=CARTESIAN_POINT('',(-1.195389900200E2,7.560848141239E0,
-1.673812311622E2));
#9605=CARTESIAN_POINT('',(-1.203927642791E2,4.737909916118E0,
-1.642603365760E2));
#9606=CARTESIAN_POINT('',(-1.203954611013E2,4.772871653125E0,
-1.642924034292E2));
#9607=CARTESIAN_POINT('',(-1.204028024123E2,4.886922135816E0,
-1.643935823194E2));
#9608=CARTESIAN_POINT('',(-1.204077109549E2,5.097182723782E0,
-1.645737233563E2));
#9609=CARTESIAN_POINT('',(-1.204001103098E2,5.335389921956E0,
-1.647936799268E2));
#9610=CARTESIAN_POINT('',(-1.203820674943E2,5.542584452208E0,
-1.649969836773E2));
#9611=CARTESIAN_POINT('',(-1.203557726360E2,5.723420943390E0,
-1.651850347385E2));
#9612=CARTESIAN_POINT('',(-1.203236370046E2,5.880600688953E0,
-1.653564399589E2));
#9613=CARTESIAN_POINT('',(-1.202870797398E2,6.017753633978E0,
-1.655137244935E2));
#9614=CARTESIAN_POINT('',(-1.202469414724E2,6.138178873913E0,
-1.656597403198E2));
#9615=CARTESIAN_POINT('',(-1.202029323018E2,6.246484531838E0,
-1.657990529838E2));
#9616=CARTESIAN_POINT('',(-1.201540462112E2,6.346201316588E0,
-1.659359467011E2));
#9617=CARTESIAN_POINT('',(-1.200994228193E2,6.438658873283E0,
-1.660725643585E2));
#9618=CARTESIAN_POINT('',(-1.200388270090E2,6.523502422266E0,
-1.662088736659E2));
#9619=CARTESIAN_POINT('',(-1.199721813467E2,6.599406883486E0,
-1.663444463261E2));
#9620=CARTESIAN_POINT('',(-1.198994930558E2,6.665050986762E0,
-1.664788529090E2));
#9621=CARTESIAN_POINT('',(-1.198196400166E2,6.719564854135E0,
-1.666135786558E2));
#9622=CARTESIAN_POINT('',(-1.197308060207E2,6.760910104970E0,
-1.667504940197E2));
#9623=CARTESIAN_POINT('',(-1.196330180076E2,6.783486682686E0,
-1.668880112110E2));
#9624=CARTESIAN_POINT('',(-1.195248435918E2,6.777899136724E0,
-1.670272062348E2));
#9625=CARTESIAN_POINT('',(-1.194900271613E2,6.757971041526E0,
-1.670676328149E2));
#9626=CARTESIAN_POINT('',(-1.195035336897E2,6.749644029320E0,
-1.670550108688E2));
#9627=CARTESIAN_POINT('',(-1.205426732325E2,3.979166364615E0,
-1.646701869731E2));
#9628=CARTESIAN_POINT('',(-1.205417027509E2,4.024518273984E0,
-1.647199248216E2));
#9629=CARTESIAN_POINT('',(-1.205362413589E2,4.160313501278E0,
-1.648595523628E2));
#9630=CARTESIAN_POINT('',(-1.205184620147E2,4.371142705350E0,
-1.650468544561E2));
#9631=CARTESIAN_POINT('',(-1.204879562855E2,4.594656620992E0,
-1.652484515785E2));
#9632=CARTESIAN_POINT('',(-1.204504302370E2,4.790114250636E0,
-1.654354541064E2));
#9633=CARTESIAN_POINT('',(-1.204078083168E2,4.960326682783E0,
-1.656070152330E2));
#9634=CARTESIAN_POINT('',(-1.203617128024E2,5.109004333769E0,
-1.657641712305E2));
#9635=CARTESIAN_POINT('',(-1.203143398418E2,5.237247211165E0,
-1.659050367677E2));
#9636=CARTESIAN_POINT('',(-1.202660881586E2,5.348822873341E0,
-1.660333786078E2));
#9637=CARTESIAN_POINT('',(-1.202161900534E2,5.448390220183E0,
-1.661539215668E2));
#9638=CARTESIAN_POINT('',(-1.201634341409E2,5.539407819481E0,
-1.662707211857E2));
#9639=CARTESIAN_POINT('',(-1.201069824724E2,5.623256535353E0,
-1.663858558126E2));
#9640=CARTESIAN_POINT('',(-1.200467672263E2,5.699680756630E0,
-1.664993604749E2));
#9641=CARTESIAN_POINT('',(-1.199840946604E2,5.766875184835E0,
-1.666089058309E2));
#9642=CARTESIAN_POINT('',(-1.199193504239E2,5.823960963972E0,
-1.667143426786E2));
#9643=CARTESIAN_POINT('',(-1.198529353928E2,5.870123057750E0,
-1.668155098017E2));
#9644=CARTESIAN_POINT('',(-1.197850359597E2,5.903808480836E0,
-1.669125293341E2));
#9645=CARTESIAN_POINT('',(-1.197222156422E2,5.920407854328E0,
-1.669970441496E2));
#9646=CARTESIAN_POINT('',(-1.196769874237E2,5.915126937981E0,
-1.670552596750E2));
#9647=CARTESIAN_POINT('',(-1.197064544065E2,5.910600503684E0,
-1.670193465905E2));
#9648=CARTESIAN_POINT('',(-1.197601453149E2,5.919519281213E0,
-1.669506598238E2));
#9649=(BOUNDED_SURFACE()B_SPLINE_SURFACE(3,3,((#9561,#9562,#9563,#9564,#9565,
#9566,#9567,#9568,#9569,#9570,#9571,#9572,#9573,#9574,#9575,#9576,#9577,#9578,
#9579,#9580,#9581,#9582),(#9583,#9584,#9585,#9586,#9587,#9588,#9589,#9590,#9591,
#9592,#9593,#9594,#9595,#9596,#9597,#9598,#9599,#9600,#9601,#9602,#9603,#9604),(
#9605,#9606,#9607,#9608,#9609,#9610,#9611,#9612,#9613,#9614,#9615,#9616,#9617,
#9618,#9619,#9620,#9621,#9622,#9623,#9624,#9625,#9626),(#9627,#9628,#9629,#9630,
#9631,#9632,#9633,#9634,#9635,#9636,#9637,#9638,#9639,#9640,#9641,#9642,#9643,
#9644,#9645,#9646,#9647,#9648)),.UNSPECIFIED.,.F.,.F.,.F.)B_SPLINE_SURFACE_WITH_KNOTS((4,4),(4,1,1,1,1,1,1,1,1,1,1,1,1,1,1,1,1,1,1,4),(0.E0,1.E0),(
-4.545388233177E-2,0.E0,9.174301943909E-2,1.747061862689E-1,2.503883988504E-1,
3.195202431767E-1,3.820732716644E-1,4.383632939989E-1,4.898580805869E-1,
5.386696836359E-1,5.867676018318E-1,6.351033824586E-1,6.835296122026E-1,
7.317352081879E-1,7.798866091724E-1,8.286699494461E-1,8.802657838034E-1,
9.365954791003E-1,1.E0,1.092964166359E0),.UNSPECIFIED.)GEOMETRIC_REPRESENTATION_ITEM()RATIONAL_B_SPLINE_SURFACE(((1.046223576068E0,1.046223576068E0,
1.046223576068E0,1.046223576068E0,1.046223576068E0,1.046223576068E0,
1.046223576068E0,1.046223576068E0,1.046223576068E0,1.046223576068E0,
1.046223576068E0,1.046223576068E0,1.046223576068E0,1.046223576068E0,
1.046223576068E0,1.046223576068E0,1.046223576068E0,1.046223576068E0,
1.046223576068E0,1.046223576068E0,1.046223576068E0,1.046223576068E0),(
9.845921413108E-1,9.845921413108E-1,9.845921413108E-1,9.845921413108E-1,
9.845921413108E-1,9.845921413108E-1,9.845921413108E-1,9.845921413108E-1,
9.845921413108E-1,9.845921413108E-1,9.845921413108E-1,9.845921413108E-1,
9.845921413108E-1,9.845921413108E-1,9.845921413108E-1,9.845921413108E-1,
9.845921413108E-1,9.845921413108E-1,9.845921413108E-1,9.845921413108E-1,
9.845921413108E-1,9.845921413108E-1),(9.845921413108E-1,9.845921413108E-1,
9.845921413108E-1,9.845921413108E-1,9.845921413108E-1,9.845921413108E-1,
9.845921413108E-1,9.845921413108E-1,9.845921413108E-1,9.845921413108E-1,
9.845921413108E-1,9.845921413108E-1,9.845921413108E-1,9.845921413108E-1,
9.845921413108E-1,9.845921413108E-1,9.845921413108E-1,9.845921413108E-1,
9.845921413108E-1,9.845921413108E-1,9.845921413108E-1,9.845921413108E-1),(
1.046223576068E0,1.046223576068E0,1.046223576068E0,1.046223576068E0,
1.046223576068E0,1.046223576068E0,1.046223576068E0,1.046223576068E0,
1.046223576068E0,1.046223576068E0,1.046223576068E0,1.046223576068E0,
1.046223576068E0,1.046223576068E0,1.046223576068E0,1.046223576068E0,
1.046223576068E0,1.046223576068E0,1.046223576068E0,1.046223576068E0,
1.046223576068E0,1.046223576068E0)))REPRESENTATION_ITEM('')SURFACE());
#9650=ORIENTED_EDGE('',*,*,#9554,.F.);
#9651=ORIENTED_EDGE('',*,*,#6784,.T.);
#9652=ORIENTED_EDGE('',*,*,#6771,.T.);
#9653=EDGE_LOOP('',(#9650,#9651,#9652));
#9654=FACE_OUTER_BOUND('',#9653,.F.);
#9655=ADVANCED_FACE('',(#9654),#9649,.F.);
#9656=CARTESIAN_POINT('',(-1.535545422388E2,-2.990845276318E1,
-1.526979348547E2));
#9657=DIRECTION('',(-6.903279831613E-1,-6.903279831613E-1,2.165514980989E-1));
#9658=DIRECTION('',(-7.071067811865E-1,7.071067811865E-1,0.E0));
#9659=AXIS2_PLACEMENT_3D('',#9656,#9657,#9658);
#9660=CYLINDRICAL_SURFACE('',#9659,5.2E0);
#9661=ORIENTED_EDGE('',*,*,#6043,.F.);
#9663=ORIENTED_EDGE('',*,*,#9662,.F.);
#9664=ORIENTED_EDGE('',*,*,#9490,.F.);
#9665=ORIENTED_EDGE('',*,*,#6649,.T.);
#9666=EDGE_LOOP('',(#9661,#9663,#9664,#9665));
#9667=FACE_OUTER_BOUND('',#9666,.F.);
#9668=ADVANCED_FACE('',(#9667),#9660,.T.);
#9669=CARTESIAN_POINT('',(-1.1775E2,1.325E1,-1.636006417988E2));
#9670=DIRECTION('',(7.071067811865E-1,-7.071067811865E-1,0.E0));
#9671=DIRECTION('',(-7.071067811865E-1,-7.071067811865E-1,0.E0));
#9672=AXIS2_PLACEMENT_3D('',#9669,#9670,#9671);
#9673=PLANE('',#9672);
#9674=ORIENTED_EDGE('',*,*,#9662,.T.);
#9675=ORIENTED_EDGE('',*,*,#6041,.F.);
#9676=ORIENTED_EDGE('',*,*,#9474,.F.);
#9677=ORIENTED_EDGE('',*,*,#9492,.F.);
#9678=EDGE_LOOP('',(#9674,#9675,#9676,#9677));
#9679=FACE_OUTER_BOUND('',#9678,.F.);
#9680=ADVANCED_FACE('',(#9679),#9673,.F.);
#9681=CARTESIAN_POINT('',(-1.0725E2,1.325E1,-1.636006417988E2));
#9682=DIRECTION('',(-7.071067811865E-1,-7.071067811865E-1,0.E0));
#9683=DIRECTION('',(7.071067811865E-1,-7.071067811865E-1,0.E0));
#9684=AXIS2_PLACEMENT_3D('',#9681,#9682,#9683);
#9685=PLANE('',#9684);
#9687=ORIENTED_EDGE('',*,*,#9686,.T.);
#9688=ORIENTED_EDGE('',*,*,#9425,.T.);
#9689=ORIENTED_EDGE('',*,*,#9449,.F.);
#9690=ORIENTED_EDGE('',*,*,#6053,.F.);
#9691=EDGE_LOOP('',(#9687,#9688,#9689,#9690));
#9692=FACE_OUTER_BOUND('',#9691,.F.);
#9693=ADVANCED_FACE('',(#9692),#9685,.F.);
#9694=CARTESIAN_POINT('',(-1.459040116177E2,4.455010109332E1,
-1.760551096719E2));
#9695=DIRECTION('',(-6.903279831613E-1,6.903279831613E-1,-2.165514980989E-1));
#9696=DIRECTION('',(7.071067811865E-1,7.071067811865E-1,0.E0));
#9697=AXIS2_PLACEMENT_3D('',#9694,#9695,#9696);
#9698=CYLINDRICAL_SURFACE('',#9697,5.2E0);
#9699=ORIENTED_EDGE('',*,*,#9427,.F.);
#9700=ORIENTED_EDGE('',*,*,#9686,.F.);
#9701=ORIENTED_EDGE('',*,*,#6051,.F.);
#9703=ORIENTED_EDGE('',*,*,#9702,.T.);
#9704=EDGE_LOOP('',(#9699,#9700,#9701,#9703));
#9705=FACE_OUTER_BOUND('',#9704,.F.);
#9706=ADVANCED_FACE('',(#9705),#9698,.T.);
#9707=CARTESIAN_POINT('',(-1.109999645332E2,1.118370961437E1,
-1.757711433914E2));
#9708=DIRECTION('',(-7.071067811865E-1,-5.804103332845E-1,4.038859306990E-1));
#9709=DIRECTION('',(-7.071067811865E-1,5.804103332845E-1,-4.038859306990E-1));
#9710=AXIS2_PLACEMENT_3D('',#9707,#9708,#9709);
#9711=PLANE('',#9710);
#9713=ORIENTED_EDGE('',*,*,#9712,.F.);
#9715=ORIENTED_EDGE('',*,*,#9714,.F.);
#9717=ORIENTED_EDGE('',*,*,#9716,.F.);
#9719=ORIENTED_EDGE('',*,*,#9718,.T.);
#9720=ORIENTED_EDGE('',*,*,#9429,.T.);
#9721=ORIENTED_EDGE('',*,*,#9702,.F.);
#9722=ORIENTED_EDGE('',*,*,#6049,.F.);
#9723=ORIENTED_EDGE('',*,*,#6632,.T.);
#9724=ORIENTED_EDGE('',*,*,#6604,.F.);
#9726=ORIENTED_EDGE('',*,*,#9725,.T.);
#9728=ORIENTED_EDGE('',*,*,#9727,.T.);
#9729=EDGE_LOOP('',(#9713,#9715,#9717,#9719,#9720,#9721,#9722,#9723,#9724,#9726,
#9728));
#9730=FACE_OUTER_BOUND('',#9729,.F.);
#9731=ADVANCED_FACE('',(#9730),#9711,.F.);
#9732=CARTESIAN_POINT('',(-1.07E2,4.455010109332E1,-2.103219915460E2));
#9733=DIRECTION('',(0.E0,7.071067811865E-1,-7.071067811865E-1));
#9734=DIRECTION('',(-1.E0,0.E0,0.E0));
#9735=AXIS2_PLACEMENT_3D('',#9732,#9733,#9734);
#9736=CYLINDRICAL_SURFACE('',#9735,3.E0);
#9738=ORIENTED_EDGE('',*,*,#9737,.T.);
#9740=ORIENTED_EDGE('',*,*,#9739,.T.);
#9742=ORIENTED_EDGE('',*,*,#9741,.F.);
#9743=ORIENTED_EDGE('',*,*,#9712,.T.);
#9744=EDGE_LOOP('',(#9738,#9740,#9742,#9743));
#9745=FACE_OUTER_BOUND('',#9744,.F.);
#9746=ADVANCED_FACE('',(#9745),#9736,.F.);
#9747=CARTESIAN_POINT('',(-1.1E2,0.E0,-2.006006417988E2));
#9748=DIRECTION('',(-1.E0,0.E0,0.E0));
#9749=DIRECTION('',(0.E0,0.E0,1.E0));
#9750=AXIS2_PLACEMENT_3D('',#9747,#9748,#9749);
#9751=PLANE('',#9750);
#9753=ORIENTED_EDGE('',*,*,#9752,.F.);
#9754=ORIENTED_EDGE('',*,*,#9737,.F.);
#9755=ORIENTED_EDGE('',*,*,#9727,.F.);
#9757=ORIENTED_EDGE('',*,*,#9756,.F.);
#9759=ORIENTED_EDGE('',*,*,#9758,.F.);
#9760=ORIENTED_EDGE('',*,*,#6941,.F.);
#9761=ORIENTED_EDGE('',*,*,#6956,.F.);
#9762=ORIENTED_EDGE('',*,*,#7012,.F.);
#9763=EDGE_LOOP('',(#9753,#9754,#9755,#9757,#9759,#9760,#9761,#9762));
#9764=FACE_OUTER_BOUND('',#9763,.F.);
#9765=ADVANCED_FACE('',(#9764),#9751,.F.);
#9766=CARTESIAN_POINT('',(-1.06E2,4.07684E1,-1.726375401656E2));
#9767=DIRECTION('',(0.E0,1.E0,0.E0));
#9768=DIRECTION('',(-1.E0,0.E0,0.E0));
#9769=AXIS2_PLACEMENT_3D('',#9766,#9767,#9768);
#9770=CYLINDRICAL_SURFACE('',#9769,4.E0);
#9771=ORIENTED_EDGE('',*,*,#7010,.T.);
#9773=ORIENTED_EDGE('',*,*,#9772,.F.);
#9775=ORIENTED_EDGE('',*,*,#9774,.F.);
#9776=ORIENTED_EDGE('',*,*,#9752,.T.);
#9777=EDGE_LOOP('',(#9771,#9773,#9775,#9776));
#9778=FACE_OUTER_BOUND('',#9777,.F.);
#9779=ADVANCED_FACE('',(#9778),#9770,.F.);
#9780=CARTESIAN_POINT('',(-1.0725E2,8.E0,-1.686006417988E2));
#9781=DIRECTION('',(-5.881716976750E-1,0.E0,8.087360843032E-1));
#9782=DIRECTION('',(8.087360843032E-1,0.E0,5.881716976750E-1));
#9783=AXIS2_PLACEMENT_3D('',#9780,#9781,#9782);
#9784=PLANE('',#9783);
#9785=ORIENTED_EDGE('',*,*,#7008,.T.);
#9787=ORIENTED_EDGE('',*,*,#9786,.F.);
#9789=ORIENTED_EDGE('',*,*,#9788,.F.);
#9790=ORIENTED_EDGE('',*,*,#9772,.T.);
#9791=EDGE_LOOP('',(#9785,#9787,#9789,#9790));
#9792=FACE_OUTER_BOUND('',#9791,.F.);
#9793=ADVANCED_FACE('',(#9792),#9784,.F.);
#9794=CARTESIAN_POINT('',(-1.085E2,4.07684E1,-1.645637434320E2));
#9795=DIRECTION('',(0.E0,1.E0,0.E0));
#9796=DIRECTION('',(1.E0,0.E0,0.E0));
#9797=AXIS2_PLACEMENT_3D('',#9794,#9795,#9796);
#9798=CYLINDRICAL_SURFACE('',#9797,4.E0);
#9799=ORIENTED_EDGE('',*,*,#7006,.F.);
#9800=ORIENTED_EDGE('',*,*,#9435,.F.);
#9802=ORIENTED_EDGE('',*,*,#9801,.F.);
#9804=ORIENTED_EDGE('',*,*,#9803,.F.);
#9806=ORIENTED_EDGE('',*,*,#9805,.F.);
#9807=ORIENTED_EDGE('',*,*,#9786,.T.);
#9808=EDGE_LOOP('',(#9799,#9800,#9802,#9804,#9806,#9807));
#9809=FACE_OUTER_BOUND('',#9808,.F.);
#9810=ADVANCED_FACE('',(#9809),#9798,.T.);
#9811=CARTESIAN_POINT('',(-1.050422074382E2,8.259289157970E0,
-1.677389946589E2));
#9812=CARTESIAN_POINT('',(-1.050007516884E2,8.272556222768E0,
-1.676880403328E2));
#9813=CARTESIAN_POINT('',(-1.049069472908E2,8.292852680404E0,
-1.675736062413E2));
#9814=CARTESIAN_POINT('',(-1.047529918778E2,8.301375384031E0,
-1.673773564328E2));
#9815=CARTESIAN_POINT('',(-1.046027508115E2,8.285895108914E0,
-1.671704701096E2));
#9816=CARTESIAN_POINT('',(-1.044623073963E2,8.248841254889E0,
-1.669574896462E2));
#9817=CARTESIAN_POINT('',(-1.043318117806E2,8.191972194898E0,
-1.667368138112E2));
#9818=CARTESIAN_POINT('',(-1.042119826167E2,8.116517902920E0,
-1.665082028770E2));
#9819=CARTESIAN_POINT('',(-1.041086627108E2,8.027145088321E0,
-1.662824682819E2));
#9820=CARTESIAN_POINT('',(-1.040190114224E2,7.926552359390E0,
-1.660579011405E2));
#9821=CARTESIAN_POINT('',(-1.039432042158E2,7.816110466084E0,
-1.658366104679E2));
#9822=CARTESIAN_POINT('',(-1.038776002978E2,7.692798449779E0,
-1.656098049239E2));
#9823=CARTESIAN_POINT('',(-1.038209896480E2,7.550438728924E0,
-1.653685197196E2));
#9824=CARTESIAN_POINT('',(-1.037744420259E2,7.384129103164E0,
-1.651064031665E2));
#9825=CARTESIAN_POINT('',(-1.037401832615E2,7.187635183013E0,
-1.648185046728E2));
#9826=CARTESIAN_POINT('',(-1.037244290237E2,6.965732687138E0,
-1.645177642249E2));
#9827=CARTESIAN_POINT('',(-1.037280703839E2,6.709106587414E0,
-1.641921732951E2));
#9828=CARTESIAN_POINT('',(-1.037580111334E2,6.431931664087E0,
-1.638694228060E2));
#9829=CARTESIAN_POINT('',(-1.038073006432E2,6.125703746095E0,
-1.635205689237E2));
#9830=CARTESIAN_POINT('',(-1.038562037646E2,5.863288992915E0,
-1.632474743782E2));
#9831=CARTESIAN_POINT('',(-1.038828090681E2,5.727837523569E0,
-1.631137521586E2));
#9832=CARTESIAN_POINT('',(-1.054066157688E2,7.594353093706E0,
-1.673061111928E2));
#9833=CARTESIAN_POINT('',(-1.053785703712E2,7.603952001838E0,
-1.672715526626E2));
#9834=CARTESIAN_POINT('',(-1.053132156878E2,7.619433811185E0,
-1.671916976626E2));
#9835=CARTESIAN_POINT('',(-1.052010441878E2,7.626568884240E0,
-1.670485980766E2));
#9836=CARTESIAN_POINT('',(-1.050867778692E2,7.613606470608E0,
-1.668917578050E2));
#9837=CARTESIAN_POINT('',(-1.049766898136E2,7.581145950182E0,
-1.667264370031E2));
#9838=CARTESIAN_POINT('',(-1.048718488969E2,7.530113281138E0,
-1.665523074027E2));
#9839=CARTESIAN_POINT('',(-1.047737895485E2,7.461554697692E0,
-1.663702596274E2));
#9840=CARTESIAN_POINT('',(-1.046871229419E2,7.379053342235E0,
-1.661882808729E2));
#9841=CARTESIAN_POINT('',(-1.046107844809E2,7.285758872020E0,
-1.660065894745E2));
#9842=CARTESIAN_POINT('',(-1.045447590972E2,7.182540801005E0,
-1.658263780987E2));
#9843=CARTESIAN_POINT('',(-1.044862160355E2,7.066675346417E0,
-1.656407724199E2));
#9844=CARTESIAN_POINT('',(-1.044338956406E2,6.932073389232E0,
-1.654421452604E2));
#9845=CARTESIAN_POINT('',(-1.043885454439E2,6.773900066099E0,
-1.652250730056E2));
#9846=CARTESIAN_POINT('',(-1.043522692542E2,6.586959909298E0,
-1.649863473246E2));
#9847=CARTESIAN_POINT('',(-1.043297673446E2,6.373814873986E0,
-1.647343949265E2));
#9848=CARTESIAN_POINT('',(-1.043223354669E2,6.127741606457E0,
-1.644615801977E2));
#9849=CARTESIAN_POINT('',(-1.043351331551E2,5.856578486023E0,
-1.641850463797E2));
#9850=CARTESIAN_POINT('',(-1.043648737632E2,5.564437078454E0,
-1.638931668001E2));
#9851=CARTESIAN_POINT('',(-1.043976770328E2,5.326921582975E0,
-1.636754707331E2));
#9852=CARTESIAN_POINT('',(-1.044158998955E2,5.207445228707E0,
-1.635716198889E2));
#9853=CARTESIAN_POINT('',(-1.054997238925E2,6.763128087414E0,
-1.670562861621E2));
#9854=CARTESIAN_POINT('',(-1.054879165054E2,6.768141496710E0,
-1.670415403285E2));
#9855=CARTESIAN_POINT('',(-1.054561356845E2,6.777604597989E0,
-1.670024298405E2));
#9856=CARTESIAN_POINT('',(-1.053908568766E2,6.783005018208E0,
-1.669189170718E2));
#9857=CARTESIAN_POINT('',(-1.053143221343E2,6.773190139416E0,
-1.668148835327E2));
#9858=CARTESIAN_POINT('',(-1.052340303798E2,6.746471665413E0,
-1.666974681864E2));
#9859=CARTESIAN_POINT('',(-1.051526094764E2,6.702734967160E0,
-1.665682326707E2));
#9860=CARTESIAN_POINT('',(-1.050730655530E2,6.642796588986E0,
-1.664299223147E2));
#9861=CARTESIAN_POINT('',(-1.049988224095E2,6.568885125063E0,
-1.662874152910E2));
#9862=CARTESIAN_POINT('',(-1.049313616708E2,6.484714081103E0,
-1.661438980055E2));
#9863=CARTESIAN_POINT('',(-1.048703758057E2,6.390526384665E0,
-1.659993454839E2));
#9864=CARTESIAN_POINT('',(-1.048138451523E2,6.283969747333E0,
-1.658487767572E2));
#9865=CARTESIAN_POINT('',(-1.047602463451E2,6.159065635553E0,
-1.656854630549E2));
#9866=CARTESIAN_POINT('',(-1.047099477416E2,6.011063362791E0,
-1.655045844435E2));
#9867=CARTESIAN_POINT('',(-1.046651814608E2,5.836066199350E0,
-1.653051072247E2));
#9868=CARTESIAN_POINT('',(-1.046290414910E2,5.633868713138E0,
-1.650898420493E2));
#9869=CARTESIAN_POINT('',(-1.046036334753E2,5.400987357553E0,
-1.648566737031E2));
#9870=CARTESIAN_POINT('',(-1.045922306531E2,5.137339487330E0,
-1.646092396709E2));
#9871=CARTESIAN_POINT('',(-1.045966364063E2,4.862807381382E0,
-1.643605538450E2));
#9872=CARTESIAN_POINT('',(-1.046098094104E2,4.656145465612E0,
-1.641944333758E2));
#9873=CARTESIAN_POINT('',(-1.046179807198E2,4.556419109107E0,
-1.641203339342E2));
#9874=CARTESIAN_POINT('',(-1.053050793404E2,5.912493948555E0,
-1.670336643563E2));
#9875=CARTESIAN_POINT('',(-1.053094683198E2,5.912814787458E0,
-1.670386471606E2));
#9876=CARTESIAN_POINT('',(-1.053104529135E2,5.916118643629E0,
-1.670392469345E2));
#9877=CARTESIAN_POINT('',(-1.052888895052E2,5.919743906807E0,
-1.670112284186E2));
#9878=CARTESIAN_POINT('',(-1.052451758914E2,5.913150057902E0,
-1.669534311940E2));
#9879=CARTESIAN_POINT('',(-1.051888562892E2,5.892307707304E0,
-1.668757020679E2));
#9880=CARTESIAN_POINT('',(-1.051244823304E2,5.856037341012E0,
-1.667817755755E2));
#9881=CARTESIAN_POINT('',(-1.050569277139E2,5.804920450201E0,
-1.666766483732E2));
#9882=CARTESIAN_POINT('',(-1.049886829364E2,5.739799452074E0,
-1.665623542040E2));
#9883=CARTESIAN_POINT('',(-1.049240960958E2,5.664964866689E0,
-1.664455639279E2));
#9884=CARTESIAN_POINT('',(-1.048625169480E2,5.580018404384E0,
-1.663249487974E2));
#9885=CARTESIAN_POINT('',(-1.048025946565E2,5.482987945513E0,
-1.661970629810E2));
#9886=CARTESIAN_POINT('',(-1.047423746688E2,5.368008124163E0,
-1.660554781606E2));
#9887=CARTESIAN_POINT('',(-1.046818562240E2,5.230414396149E0,
-1.658955470185E2));
#9888=CARTESIAN_POINT('',(-1.046236274095E2,5.067639095374E0,
-1.657184585974E2));
#9889=CARTESIAN_POINT('',(-1.045693688748E2,4.876644783911E0,
-1.655212970814E2));
#9890=CARTESIAN_POINT('',(-1.045222582557E2,4.657263371869E0,
-1.653076396714E2));
#9891=CARTESIAN_POINT('',(-1.044838737725E2,4.401306233210E0,
-1.650670465254E2));
#9892=CARTESIAN_POINT('',(-1.044616354582E2,4.144794606683E0,
-1.648401414457E2));
#9893=CARTESIAN_POINT('',(-1.044551165062E2,3.969488677835E0,
-1.647126601399E2));
#9894=CARTESIAN_POINT('',(-1.044533432876E2,3.889797321320E0,
-1.646629349711E2));
#9895=(BOUNDED_SURFACE()B_SPLINE_SURFACE(3,3,((#9811,#9812,#9813,#9814,#9815,
#9816,#9817,#9818,#9819,#9820,#9821,#9822,#9823,#9824,#9825,#9826,#9827,#9828,
#9829,#9830,#9831),(#9832,#9833,#9834,#9835,#9836,#9837,#9838,#9839,#9840,#9841,
#9842,#9843,#9844,#9845,#9846,#9847,#9848,#9849,#9850,#9851,#9852),(#9853,#9854,
#9855,#9856,#9857,#9858,#9859,#9860,#9861,#9862,#9863,#9864,#9865,#9866,#9867,
#9868,#9869,#9870,#9871,#9872,#9873),(#9874,#9875,#9876,#9877,#9878,#9879,#9880,
#9881,#9882,#9883,#9884,#9885,#9886,#9887,#9888,#9889,#9890,#9891,#9892,#9893,
#9894)),.UNSPECIFIED.,.F.,.F.,.F.)B_SPLINE_SURFACE_WITH_KNOTS((4,4),(4,1,1,1,1,
1,1,1,1,1,1,1,1,1,1,1,1,1,4),(0.E0,1.E0),(-4.712988589510E-2,0.E0,
4.644710124334E-2,9.176535131498E-2,1.379113580717E-1,1.864403335653E-1,
2.374578170691E-1,2.888848564200E-1,3.395548561507E-1,3.899743398837E-1,
4.421103746456E-1,4.991414162070E-1,5.638850657492E-1,6.359908191741E-1,
7.143916518203E-1,8.006036435709E-1,8.954147094439E-1,1.E0,1.084503357828E0),
.UNSPECIFIED.)GEOMETRIC_REPRESENTATION_ITEM()RATIONAL_B_SPLINE_SURFACE(((
1.046217393059E0,1.046217393059E0,1.046217393059E0,1.046217393059E0,
1.046217393059E0,1.046217393059E0,1.046217393059E0,1.046217393059E0,
1.046217393059E0,1.046217393059E0,1.046217393059E0,1.046217393059E0,
1.046217393059E0,1.046217393059E0,1.046217393059E0,1.046217393059E0,
1.046217393059E0,1.046217393059E0,1.046217393059E0,1.046217393059E0,
1.046217393059E0),(9.845942023135E-1,9.845942023135E-1,9.845942023135E-1,
9.845942023135E-1,9.845942023135E-1,9.845942023135E-1,9.845942023135E-1,
9.845942023135E-1,9.845942023135E-1,9.845942023135E-1,9.845942023135E-1,
9.845942023135E-1,9.845942023135E-1,9.845942023135E-1,9.845942023135E-1,
9.845942023135E-1,9.845942023135E-1,9.845942023135E-1,9.845942023135E-1,
9.845942023135E-1,9.845942023135E-1),(9.845942023135E-1,9.845942023135E-1,
9.845942023135E-1,9.845942023135E-1,9.845942023135E-1,9.845942023135E-1,
9.845942023135E-1,9.845942023135E-1,9.845942023135E-1,9.845942023135E-1,
9.845942023135E-1,9.845942023135E-1,9.845942023135E-1,9.845942023135E-1,
9.845942023135E-1,9.845942023135E-1,9.845942023135E-1,9.845942023135E-1,
9.845942023135E-1,9.845942023135E-1,9.845942023135E-1),(1.046217393059E0,
1.046217393059E0,1.046217393059E0,1.046217393059E0,1.046217393059E0,
1.046217393059E0,1.046217393059E0,1.046217393059E0,1.046217393059E0,
1.046217393059E0,1.046217393059E0,1.046217393059E0,1.046217393059E0,
1.046217393059E0,1.046217393059E0,1.046217393059E0,1.046217393059E0,
1.046217393059E0,1.046217393059E0,1.046217393059E0,1.046217393059E0)))REPRESENTATION_ITEM('')SURFACE());
#9896=ORIENTED_EDGE('',*,*,#9801,.T.);
#9898=ORIENTED_EDGE('',*,*,#9897,.F.);
#9900=ORIENTED_EDGE('',*,*,#9899,.F.);
#9901=EDGE_LOOP('',(#9896,#9898,#9900));
#9902=FACE_OUTER_BOUND('',#9901,.F.);
#9903=ADVANCED_FACE('',(#9902),#9895,.F.);
#9904=CARTESIAN_POINT('',(-1.060927701739E2,4.802444876045E0,
-1.626227295010E2));
#9905=CARTESIAN_POINT('',(-1.060714099307E2,4.833852735063E0,
-1.626338395219E2));
#9906=CARTESIAN_POINT('',(-1.060113262639E2,4.944801405099E0,
-1.626708147235E2));
#9907=CARTESIAN_POINT('',(-1.059039850815E2,5.212473582884E0,
-1.627573651553E2));
#9908=CARTESIAN_POINT('',(-1.057628972224E2,5.538457982957E0,
-1.628797578480E2));
#9909=CARTESIAN_POINT('',(-1.055995176854E2,5.918043234232E0,
-1.630417861956E2));
#9910=CARTESIAN_POINT('',(-1.054220583323E2,6.342454600626E0,
-1.632506917671E2));
#9911=CARTESIAN_POINT('',(-1.052371694900E2,6.789458837370E0,
-1.635111560430E2));
#9912=CARTESIAN_POINT('',(-1.050575379567E2,7.254671406151E0,
-1.638284853868E2));
#9913=CARTESIAN_POINT('',(-1.048985743284E2,7.709079143576E0,
-1.641944608820E2));
#9914=CARTESIAN_POINT('',(-1.047737863710E2,8.126301868539E0,
-1.645859198773E2));
#9915=CARTESIAN_POINT('',(-1.046854817850E2,8.486322430598E0,
-1.649733682362E2));
#9916=CARTESIAN_POINT('',(-1.046252955951E2,8.786061826269E0,
-1.653415082177E2));
#9917=CARTESIAN_POINT('',(-1.045841160288E2,9.036304358349E0,
-1.656918783566E2));
#9918=CARTESIAN_POINT('',(-1.045545378248E2,9.249136140673E0,
-1.660362018106E2));
#9919=CARTESIAN_POINT('',(-1.045405016876E2,9.370761041801E0,
-1.662671752877E2));
#9920=CARTESIAN_POINT('',(-1.045347609107E2,9.427143926359E0,
-1.663844289775E2));
#9921=CARTESIAN_POINT('',(-1.049456755884E2,4.748389636831E0,
-1.628550875089E2));
#9922=CARTESIAN_POINT('',(-1.049269156562E2,4.780095932075E0,
-1.628790821337E2));
#9923=CARTESIAN_POINT('',(-1.048747494797E2,4.888055969903E0,
-1.629514222612E2));
#9924=CARTESIAN_POINT('',(-1.047846560063E2,5.138321540025E0,
-1.630985634987E2));
#9925=CARTESIAN_POINT('',(-1.046723001129E2,5.443713392440E0,
-1.633010467891E2));
#9926=CARTESIAN_POINT('',(-1.045513339915E2,5.795932876333E0,
-1.635550050835E2));
#9927=CARTESIAN_POINT('',(-1.044324429891E2,6.183077779531E0,
-1.638617850359E2));
#9928=CARTESIAN_POINT('',(-1.043250715069E2,6.583330364512E0,
-1.642217894876E2));
#9929=CARTESIAN_POINT('',(-1.042415762323E2,6.985804176940E0,
-1.646299348776E2));
#9930=CARTESIAN_POINT('',(-1.041919523125E2,7.361253623172E0,
-1.650664346682E2));
#9931=CARTESIAN_POINT('',(-1.041778195775E2,7.685431744909E0,
-1.654971180156E2));
#9932=CARTESIAN_POINT('',(-1.041892907687E2,7.947269254903E0,
-1.658909087604E2));
#9933=CARTESIAN_POINT('',(-1.042143249635E2,8.152045579921E0,
-1.662398146720E2));
#9934=CARTESIAN_POINT('',(-1.042455446906E2,8.313251161914E0,
-1.665520144504E2));
#9935=CARTESIAN_POINT('',(-1.042802251696E2,8.442901037410E0,
-1.668437200136E2));
#9936=CARTESIAN_POINT('',(-1.043050291508E2,8.512770967723E0,
-1.670305543544E2));
#9937=CARTESIAN_POINT('',(-1.043178994900E2,8.544239821239E0,
-1.671233242399E2));
#9938=CARTESIAN_POINT('',(-1.043032650360E2,4.531399651572E0,
-1.638106281249E2));
#9939=CARTESIAN_POINT('',(-1.042951973813E2,4.570543499214E0,
-1.638433985581E2));
#9940=CARTESIAN_POINT('',(-1.042735285399E2,4.687513942650E0,
-1.639374088451E2));
#9941=CARTESIAN_POINT('',(-1.042400966910E2,4.917221178177E0,
-1.641131646735E2));
#9942=CARTESIAN_POINT('',(-1.042065022977E2,5.207018753961E0,
-1.643512316591E2));
#9943=CARTESIAN_POINT('',(-1.041832059184E2,5.536989110031E0,
-1.646387603547E2));
#9944=CARTESIAN_POINT('',(-1.041792400969E2,5.892467252037E0,
-1.649707417611E2));
#9945=CARTESIAN_POINT('',(-1.042032699797E2,6.256183812392E0,
-1.653433341452E2));
#9946=CARTESIAN_POINT('',(-1.042621633346E2,6.609863219348E0,
-1.657431258527E2));
#9947=CARTESIAN_POINT('',(-1.043557023008E2,6.927534089073E0,
-1.661464227348E2));
#9948=CARTESIAN_POINT('',(-1.044715053657E2,7.187618442229E0,
-1.665199999467E2));
#9949=CARTESIAN_POINT('',(-1.045901064510E2,7.386318296680E0,
-1.668414495572E2));
#9950=CARTESIAN_POINT('',(-1.047003306518E2,7.534552573812E0,
-1.671116876967E2));
#9951=CARTESIAN_POINT('',(-1.047998012545E2,7.646654071931E0,
-1.673427503713E2));
#9952=CARTESIAN_POINT('',(-1.048921708863E2,7.734681110376E0,
-1.675512185612E2));
#9953=CARTESIAN_POINT('',(-1.049502524293E2,7.781379181573E0,
-1.676807439661E2));
#9954=CARTESIAN_POINT('',(-1.049786603033E2,7.802370069670E0,
-1.677442012297E2));
#9955=CARTESIAN_POINT('',(-1.045418846593E2,4.278595098433E0,
-1.649295628720E2));
#9956=CARTESIAN_POINT('',(-1.045463373455E2,4.327958441269E0,
-1.649618591487E2));
#9957=CARTESIAN_POINT('',(-1.045598792986E2,4.460659723382E0,
-1.650511497057E2));
#9958=CARTESIAN_POINT('',(-1.045893286659E2,4.678700675135E0,
-1.652067805011E2));
#9959=CARTESIAN_POINT('',(-1.046383841181E2,4.967037907594E0,
-1.654150781298E2));
#9960=CARTESIAN_POINT('',(-1.047107955216E2,5.292910077833E0,
-1.656581509884E2));
#9961=CARTESIAN_POINT('',(-1.048107845972E2,5.640872635825E0,
-1.659278970454E2));
#9962=CARTESIAN_POINT('',(-1.049431204219E2,5.999672855445E0,
-1.662187506758E2));
#9963=CARTESIAN_POINT('',(-1.051072386329E2,6.347087644645E0,
-1.665159128459E2));
#9964=CARTESIAN_POINT('',(-1.052938939320E2,6.662008325015E0,
-1.668017310187E2));
#9965=CARTESIAN_POINT('',(-1.054827925246E2,6.924498072887E0,
-1.670553263408E2));
#9966=CARTESIAN_POINT('',(-1.056531172534E2,7.132093873149E0,
-1.672681312154E2));
#9967=CARTESIAN_POINT('',(-1.057985938532E2,7.295331396738E0,
-1.674463541605E2));
#9968=CARTESIAN_POINT('',(-1.059221832091E2,7.427028534264E0,
-1.676008458870E2));
#9969=CARTESIAN_POINT('',(-1.060318761786E2,7.539375891434E0,
-1.677442205304E2));
#9970=CARTESIAN_POINT('',(-1.060981775893E2,7.605060085295E0,
-1.678368407405E2));
#9971=CARTESIAN_POINT('',(-1.061299469958E2,7.636147425230E0,
-1.678833289042E2));
#9972=(BOUNDED_SURFACE()B_SPLINE_SURFACE(3,3,((#9904,#9905,#9906,#9907,#9908,
#9909,#9910,#9911,#9912,#9913,#9914,#9915,#9916,#9917,#9918,#9919,#9920),(#9921,
#9922,#9923,#9924,#9925,#9926,#9927,#9928,#9929,#9930,#9931,#9932,#9933,#9934,
#9935,#9936,#9937),(#9938,#9939,#9940,#9941,#9942,#9943,#9944,#9945,#9946,#9947,
#9948,#9949,#9950,#9951,#9952,#9953,#9954),(#9955,#9956,#9957,#9958,#9959,#9960,
#9961,#9962,#9963,#9964,#9965,#9966,#9967,#9968,#9969,#9970,#9971)),
.UNSPECIFIED.,.F.,.F.,.F.)B_SPLINE_SURFACE_WITH_KNOTS((4,4),(4,1,1,1,1,1,1,1,1,
1,1,1,1,1,4),(0.E0,1.E0),(-3.264583668666E-2,0.E0,5.919134498118E-2,
1.318227566528E-1,2.155704685865E-1,3.080811537604E-1,4.070060664642E-1,
5.100696069980E-1,6.132835954959E-1,7.093833269478E-1,7.939254587938E-1,
8.686953148682E-1,9.364410231866E-1,1.E0,1.064191527043E0),.UNSPECIFIED.)GEOMETRIC_REPRESENTATION_ITEM()RATIONAL_B_SPLINE_SURFACE(((1.171589302482E0,
1.171589302482E0,1.171589302482E0,1.171589302482E0,1.171589302482E0,
1.171589302482E0,1.171589302482E0,1.171589302482E0,1.171589302482E0,
1.171589302482E0,1.171589302482E0,1.171589302482E0,1.171589302482E0,
1.171589302482E0,1.171589302482E0,1.171589302482E0,1.171589302482E0),(
9.428035658394E-1,9.428035658394E-1,9.428035658394E-1,9.428035658394E-1,
9.428035658394E-1,9.428035658394E-1,9.428035658394E-1,9.428035658394E-1,
9.428035658394E-1,9.428035658394E-1,9.428035658394E-1,9.428035658394E-1,
9.428035658394E-1,9.428035658394E-1,9.428035658394E-1,9.428035658394E-1,
9.428035658394E-1),(9.428035658394E-1,9.428035658394E-1,9.428035658394E-1,
9.428035658394E-1,9.428035658394E-1,9.428035658394E-1,9.428035658394E-1,
9.428035658394E-1,9.428035658394E-1,9.428035658394E-1,9.428035658394E-1,
9.428035658394E-1,9.428035658394E-1,9.428035658394E-1,9.428035658394E-1,
9.428035658394E-1,9.428035658394E-1),(1.171589302482E0,1.171589302482E0,
1.171589302482E0,1.171589302482E0,1.171589302482E0,1.171589302482E0,
1.171589302482E0,1.171589302482E0,1.171589302482E0,1.171589302482E0,
1.171589302482E0,1.171589302482E0,1.171589302482E0,1.171589302482E0,
1.171589302482E0,1.171589302482E0,1.171589302482E0)))REPRESENTATION_ITEM('')SURFACE());
#9973=ORIENTED_EDGE('',*,*,#9897,.T.);
#9974=ORIENTED_EDGE('',*,*,#9433,.T.);
#9976=ORIENTED_EDGE('',*,*,#9975,.F.);
#9977=EDGE_LOOP('',(#9973,#9974,#9976));
#9978=FACE_OUTER_BOUND('',#9977,.F.);
#9979=ADVANCED_FACE('',(#9978),#9972,.T.);
#9980=CARTESIAN_POINT('',(-1.065E2,7.494955969208E0,-1.649519120199E2));
#9981=DIRECTION('',(0.E0,-7.071067811865E-1,7.071067811865E-1));
#9982=DIRECTION('',(4.573295603800E-1,-6.288281455225E-1,-6.288281455225E-1));
#9983=AXIS2_PLACEMENT_3D('',#9980,#9981,#9982);
#9984=CYLINDRICAL_SURFACE('',#9983,2.E0);
#9986=ORIENTED_EDGE('',*,*,#9985,.T.);
#9987=ORIENTED_EDGE('',*,*,#9975,.T.);
#9988=ORIENTED_EDGE('',*,*,#9431,.T.);
#9989=ORIENTED_EDGE('',*,*,#9718,.F.);
#9991=ORIENTED_EDGE('',*,*,#9990,.F.);
#9993=ORIENTED_EDGE('',*,*,#9992,.F.);
#9994=EDGE_LOOP('',(#9986,#9987,#9988,#9989,#9991,#9993));
#9995=FACE_OUTER_BOUND('',#9994,.F.);
#9996=ADVANCED_FACE('',(#9995),#9984,.T.);
#9997=CARTESIAN_POINT('',(-1.055662157152E2,8.602353510429E0,
-1.686092362544E2));
#9998=CARTESIAN_POINT('',(-1.055023305012E2,8.593603941847E0,
-1.685619158978E2));
#9999=CARTESIAN_POINT('',(-1.053545811071E2,8.578126894741E0,
-1.684475751632E2));
#10000=CARTESIAN_POINT('',(-1.051283917601E2,8.571070176032E0,
-1.682533855394E2));
#10001=CARTESIAN_POINT('',(-1.048934857094E2,8.582569292369E0,
-1.680253913388E2));
#10002=CARTESIAN_POINT('',(-1.046863325760E2,8.608493163588E0,
-1.677974660368E2));
#10003=CARTESIAN_POINT('',(-1.045606861525E2,8.633192808675E0,
-1.676418959798E2));
#10004=CARTESIAN_POINT('',(-1.045062332735E2,8.645695673291E0,
-1.675705956588E2));
#10005=CARTESIAN_POINT('',(-1.060416492050E2,7.908713187345E0,
-1.679965414129E2));
#10006=CARTESIAN_POINT('',(-1.059838912090E2,7.899345018975E0,
-1.679546459277E2));
#10007=CARTESIAN_POINT('',(-1.058508942908E2,7.882869812776E0,
-1.678532609673E2));
#10008=CARTESIAN_POINT('',(-1.056493372251E2,7.875438413904E0,
-1.676808660351E2));
#10009=CARTESIAN_POINT('',(-1.054423392695E2,7.887554856461E0,
-1.674787392264E2));
#10010=CARTESIAN_POINT('',(-1.052617569240E2,7.914665601244E0,
-1.672773115898E2));
#10011=CARTESIAN_POINT('',(-1.051532517486E2,7.940338498655E0,
-1.671403392144E2));
#10012=CARTESIAN_POINT('',(-1.051064184068E2,7.953307713710E0,
-1.670776821559E2));
#10013=CARTESIAN_POINT('',(-1.062948898806E2,6.930471397360E0,
-1.677486130716E2));
#10014=CARTESIAN_POINT('',(-1.062326699743E2,6.920230816958E0,
-1.677055052753E2));
#10015=CARTESIAN_POINT('',(-1.060907275671E2,6.902347905778E0,
-1.676008311768E2));
#10016=CARTESIAN_POINT('',(-1.058803103617E2,6.894388095017E0,
-1.674223575922E2));
#10017=CARTESIAN_POINT('',(-1.056696035834E2,6.907375153490E0,
-1.672137518801E2));
#10018=CARTESIAN_POINT('',(-1.054903776872E2,6.936159747503E0,
-1.670073537676E2));
#10019=CARTESIAN_POINT('',(-1.053851152526E2,6.963205223849E0,
-1.668681969704E2));
#10020=CARTESIAN_POINT('',(-1.053401377907E2,6.976832133493E0,
-1.668048212089E2));
#10021=CARTESIAN_POINT('',(-1.062643167340E2,5.905663539266E0,
-1.679257795891E2));
#10022=CARTESIAN_POINT('',(-1.061881315048E2,5.894509018451E0,
-1.678751172905E2));
#10023=CARTESIAN_POINT('',(-1.060157223482E2,5.875151393001E0,
-1.677517094874E2));
#10024=CARTESIAN_POINT('',(-1.057651085183E2,5.866638016995E0,
-1.675407630234E2));
#10025=CARTESIAN_POINT('',(-1.055199784664E2,5.880537134267E0,
-1.672949086233E2));
#10026=CARTESIAN_POINT('',(-1.053165646163E2,5.911075255744E0,
-1.670532813586E2));
#10027=CARTESIAN_POINT('',(-1.051998573597E2,5.939558648249E0,
-1.668916895710E2));
#10028=CARTESIAN_POINT('',(-1.051505205296E2,5.953874559927E0,
-1.668184080229E2));
#10029=(BOUNDED_SURFACE()B_SPLINE_SURFACE(3,3,((#9997,#9998,#9999,#10000,#10001,
#10002,#10003,#10004),(#10005,#10006,#10007,#10008,#10009,#10010,#10011,#10012),
(#10013,#10014,#10015,#10016,#10017,#10018,#10019,#10020),(#10021,#10022,#10023,
#10024,#10025,#10026,#10027,#10028)),.UNSPECIFIED.,.F.,.F.,.F.)B_SPLINE_SURFACE_WITH_KNOTS((4,4),(4,1,1,1,1,4),(0.E0,1.E0),(-2.591968726356E-1,0.E0,
3.420302806729E-1,6.747278301304E-1,1.E0,1.261698678076E0),.UNSPECIFIED.)GEOMETRIC_REPRESENTATION_ITEM()RATIONAL_B_SPLINE_SURFACE(((1.064772739812E0,
1.064772739812E0,1.064772739812E0,1.064772739812E0,1.064772739812E0,
1.064772739812E0,1.064772739812E0,1.064772739812E0),(9.784090867293E-1,
9.784090867293E-1,9.784090867293E-1,9.784090867293E-1,9.784090867293E-1,
9.784090867293E-1,9.784090867293E-1,9.784090867293E-1),(9.784090867293E-1,
9.784090867293E-1,9.784090867293E-1,9.784090867293E-1,9.784090867293E-1,
9.784090867293E-1,9.784090867293E-1,9.784090867293E-1),(1.064772739812E0,
1.064772739812E0,1.064772739812E0,1.064772739812E0,1.064772739812E0,
1.064772739812E0,1.064772739812E0,1.064772739812E0)))REPRESENTATION_ITEM('')SURFACE());
#10030=ORIENTED_EDGE('',*,*,#9803,.T.);
#10031=ORIENTED_EDGE('',*,*,#9899,.T.);
#10032=ORIENTED_EDGE('',*,*,#9985,.F.);
#10034=ORIENTED_EDGE('',*,*,#10033,.F.);
#10035=EDGE_LOOP('',(#10030,#10031,#10032,#10034));
#10036=FACE_OUTER_BOUND('',#10035,.F.);
#10037=ADVANCED_FACE('',(#10036),#10029,.F.);
#10038=CARTESIAN_POINT('',(-1.055660077162E2,8.587814870770E0,
-1.686059659032E2));
#10039=CARTESIAN_POINT('',(-1.055647411768E2,8.587816346098E0,
-1.686050463727E2));
#10040=CARTESIAN_POINT('',(-1.055423810993E2,8.587829372314E0,
-1.685887985296E2));
#10041=CARTESIAN_POINT('',(-1.054991485803E2,8.587407579970E0,
-1.685569023168E2));
#10042=CARTESIAN_POINT('',(-1.054368393807E2,8.585565005062E0,
-1.685096017042E2));
#10043=CARTESIAN_POINT('',(-1.053945258900E2,8.583457326158E0,
-1.684765581071E2));
#10044=CARTESIAN_POINT('',(-1.053728848177E2,8.582143496325E0,
-1.684594041867E2));
#10045=CARTESIAN_POINT('',(-1.053716607604E2,8.582068423853E0,
-1.684584331129E2));
#10046=CARTESIAN_POINT('',(-1.060203989680E2,7.892349847450E0,
-1.679794957889E2));
#10047=CARTESIAN_POINT('',(-1.060193993256E2,7.892351192737E0,
-1.679787699883E2));
#10048=CARTESIAN_POINT('',(-1.060017509956E2,7.892363070867E0,
-1.679659455422E2));
#10049=CARTESIAN_POINT('',(-1.059676224250E2,7.891978449441E0,
-1.679407781684E2));
#10050=CARTESIAN_POINT('',(-1.059184158558E2,7.890298186533E0,
-1.679034775396E2));
#10051=CARTESIAN_POINT('',(-1.058849862128E2,7.888376020976E0,
-1.678774333242E2));
#10052=CARTESIAN_POINT('',(-1.058678845823E2,7.887177745347E0,
-1.678639163539E2));
#10053=CARTESIAN_POINT('',(-1.058669172704E2,7.887109275439E0,
-1.678631511764E2));
#10054=CARTESIAN_POINT('',(-1.062238996008E2,6.911534704588E0,
-1.676980762438E2));
#10055=CARTESIAN_POINT('',(-1.062231548300E2,6.911535866479E0,
-1.676975353853E2));
#10056=CARTESIAN_POINT('',(-1.062100057075E2,6.911546125462E0,
-1.676879793893E2));
#10057=CARTESIAN_POINT('',(-1.061845618855E2,6.911213926225E0,
-1.676692480448E2));
#10058=CARTESIAN_POINT('',(-1.061478285886E2,6.909762572122E0,
-1.676415423356E2));
#10059=CARTESIAN_POINT('',(-1.061228363444E2,6.908102036256E0,
-1.676222329318E2));
#10060=CARTESIAN_POINT('',(-1.061100401492E2,6.907066726860E0,
-1.676122201399E2));
#10061=CARTESIAN_POINT('',(-1.061093163285E2,6.907007568554E0,
-1.676116533570E2));
#10062=CARTESIAN_POINT('',(-1.061269918564E2,5.884030946016E0,
-1.678301850155E2));
#10063=CARTESIAN_POINT('',(-1.061264279139E2,5.884031915781E0,
-1.678297753093E2));
#10064=CARTESIAN_POINT('',(-1.061164706680E2,5.884040478542E0,
-1.678225375052E2));
#10065=CARTESIAN_POINT('',(-1.060971791371E2,5.883763196888E0,
-1.678083833033E2));
#10066=CARTESIAN_POINT('',(-1.060692546359E2,5.882551648073E0,
-1.677875327201E2));
#10067=CARTESIAN_POINT('',(-1.060502002717E2,5.881165195955E0,
-1.677730547776E2));
#10068=CARTESIAN_POINT('',(-1.060404278648E2,5.880300610285E0,
-1.677655607215E2));
#10069=CARTESIAN_POINT('',(-1.060398750325E2,5.880251206831E0,
-1.677651365562E2));
#10070=(BOUNDED_SURFACE()B_SPLINE_SURFACE(3,3,((#10038,#10039,#10040,#10041,
#10042,#10043,#10044,#10045),(#10046,#10047,#10048,#10049,#10050,#10051,#10052,
#10053),(#10054,#10055,#10056,#10057,#10058,#10059,#10060,#10061),(#10062,
#10063,#10064,#10065,#10066,#10067,#10068,#10069)),.UNSPECIFIED.,.F.,.F.,.F.)B_SPLINE_SURFACE_WITH_KNOTS((4,4),(4,1,1,1,1,4),(0.E0,1.E0),(-1.999996447727E-2,
0.E0,3.331933593713E-1,6.664947093955E-1,1.E0,1.020002253514E0),.UNSPECIFIED.)GEOMETRIC_REPRESENTATION_ITEM()RATIONAL_B_SPLINE_SURFACE(((1.064772720030E0,
1.064772720030E0,1.064772720030E0,1.064772720030E0,1.064772720030E0,
1.064772720030E0,1.064772720030E0,1.064772720030E0),(9.784090933232E-1,
9.784090933232E-1,9.784090933232E-1,9.784090933232E-1,9.784090933232E-1,
9.784090933232E-1,9.784090933232E-1,9.784090933232E-1),(9.784090933232E-1,
9.784090933232E-1,9.784090933232E-1,9.784090933232E-1,9.784090933232E-1,
9.784090933232E-1,9.784090933232E-1,9.784090933232E-1),(1.064772720030E0,
1.064772720030E0,1.064772720030E0,1.064772720030E0,1.064772720030E0,
1.064772720030E0,1.064772720030E0,1.064772720030E0)))REPRESENTATION_ITEM('')SURFACE());
#10071=ORIENTED_EDGE('',*,*,#9805,.T.);
#10072=ORIENTED_EDGE('',*,*,#10033,.T.);
#10074=ORIENTED_EDGE('',*,*,#10073,.F.);
#10076=ORIENTED_EDGE('',*,*,#10075,.F.);
#10077=EDGE_LOOP('',(#10071,#10072,#10074,#10076));
#10078=FACE_OUTER_BOUND('',#10077,.F.);
#10079=ADVANCED_FACE('',(#10078),#10070,.F.);
#10080=CARTESIAN_POINT('',(-1.1E2,7.417711987293E0,-1.706006417988E2));
#10081=DIRECTION('',(4.573295603800E-1,-6.288281455225E-1,-6.288281455225E-1));
#10082=DIRECTION('',(-8.892972917999E-1,-3.233808333818E-1,-3.233808333818E-1));
#10083=AXIS2_PLACEMENT_3D('',#10080,#10081,#10082);
#10084=PLANE('',#10083);
#10085=ORIENTED_EDGE('',*,*,#9741,.T.);
#10087=ORIENTED_EDGE('',*,*,#10086,.T.);
#10089=ORIENTED_EDGE('',*,*,#10088,.T.);
#10090=ORIENTED_EDGE('',*,*,#10073,.T.);
#10091=ORIENTED_EDGE('',*,*,#9992,.T.);
#10093=ORIENTED_EDGE('',*,*,#10092,.F.);
#10094=ORIENTED_EDGE('',*,*,#9714,.T.);
#10095=EDGE_LOOP('',(#10085,#10087,#10089,#10090,#10091,#10093,#10094));
#10096=FACE_OUTER_BOUND('',#10095,.F.);
#10097=ADVANCED_FACE('',(#10096),#10084,.T.);
#10098=CARTESIAN_POINT('',(-1.081415462755E2,8.994438007887E0,
-1.708406676225E2));
#10099=CARTESIAN_POINT('',(-1.081519438030E2,8.934300788078E0,
-1.707880922409E2));
#10100=CARTESIAN_POINT('',(-1.081632982332E2,8.804963507392E0,
-1.706670127276E2));
#10101=CARTESIAN_POINT('',(-1.081419903664E2,8.639551461192E0,
-1.704861040510E2));
#10102=CARTESIAN_POINT('',(-1.080802598826E2,8.513559550307E0,
-1.703152172428E2));
#10103=CARTESIAN_POINT('',(-1.079881338643E2,8.437386156553E0,
-1.701720431085E2));
#10104=CARTESIAN_POINT('',(-1.078709232615E2,8.412502670443E0,
-1.700619155476E2));
#10105=CARTESIAN_POINT('',(-1.077746893275E2,8.430107007575E0,
-1.700095315691E2));
#10106=CARTESIAN_POINT('',(-1.077225459405E2,8.446152774206E0,
-1.699876548725E2));
#10107=CARTESIAN_POINT('',(-1.094620776530E2,8.743834302592E0,
-1.713693164904E2));
#10108=CARTESIAN_POINT('',(-1.094781152892E2,8.638882318521E0,
-1.712760282418E2));
#10109=CARTESIAN_POINT('',(-1.094994456726E2,8.402494762993E0,
-1.710551536924E2));
#10110=CARTESIAN_POINT('',(-1.094594581859E2,8.057467934165E0,
-1.706810450550E2));
#10111=CARTESIAN_POINT('',(-1.093073423249E2,7.728587458509E0,
-1.702415348623E2));
#10112=CARTESIAN_POINT('',(-1.090028421301E2,7.457262939052E0,
-1.697487556557E2));
#10113=CARTESIAN_POINT('',(-1.084697283244E2,7.330069701497E0,
-1.692338432867E2));
#10114=CARTESIAN_POINT('',(-1.080097219949E2,7.421083837795E0,
-1.689903073652E2));
#10115=CARTESIAN_POINT('',(-1.077734887403E2,7.528584025064E0,
-1.689260015492E2));
#10116=CARTESIAN_POINT('',(-1.101556747008E2,7.972172369595E0,
-1.723731419215E2));
#10117=CARTESIAN_POINT('',(-1.101764217423E2,7.829800736374E0,
-1.722458590457E2));
#10118=CARTESIAN_POINT('',(-1.102060818956E2,7.504027823318E0,
-1.719416571532E2));
#10119=CARTESIAN_POINT('',(-1.101504972093E2,7.009025372416E0,
-1.714062294759E2));
#10120=CARTESIAN_POINT('',(-1.099229109278E2,6.510736019227E0,
-1.707424228271E2));
#10121=CARTESIAN_POINT('',(-1.094410815133E2,6.076463266629E0,
-1.699577286821E2));
#10122=CARTESIAN_POINT('',(-1.085606948348E2,5.863842936756E0,
-1.691048271315E2));
#10123=CARTESIAN_POINT('',(-1.077969440667E2,6.016153143094E0,
-1.687016822338E2));
#10124=CARTESIAN_POINT('',(-1.074069985619E2,6.200016385930E0,
-1.686019487458E2));
#10125=CARTESIAN_POINT('',(-1.099254856677E2,7.009714854854E0,
-1.734225178984E2));
#10126=CARTESIAN_POINT('',(-1.099479958385E2,6.853333877420E0,
-1.732825079542E2));
#10127=CARTESIAN_POINT('',(-1.099807745301E2,6.494096453883E0,
-1.729471095792E2));
#10128=CARTESIAN_POINT('',(-1.099193504909E2,5.942945424338E0,
-1.723512865211E2));
#10129=CARTESIAN_POINT('',(-1.096635092385E2,5.381231978945E0,
-1.716035067103E2));
#10130=CARTESIAN_POINT('',(-1.091152904769E2,4.885953900568E0,
-1.707095240780E2));
#10131=CARTESIAN_POINT('',(-1.081048901472E2,4.641350974159E0,
-1.697300845482E2));
#10132=CARTESIAN_POINT('',(-1.072274221078E2,4.816609491439E0,
-1.692671844914E2));
#10133=CARTESIAN_POINT('',(-1.067799290880E2,5.029061894111E0,
-1.691541874251E2));
#10134=(BOUNDED_SURFACE()B_SPLINE_SURFACE(3,3,((#10098,#10099,#10100,#10101,
#10102,#10103,#10104,#10105,#10106),(#10107,#10108,#10109,#10110,#10111,#10112,
#10113,#10114,#10115),(#10116,#10117,#10118,#10119,#10120,#10121,#10122,#10123,
#10124),(#10125,#10126,#10127,#10128,#10129,#10130,#10131,#10132,#10133)),
.UNSPECIFIED.,.F.,.F.,.F.)B_SPLINE_SURFACE_WITH_KNOTS((4,4),(4,1,1,1,1,1,4),(
0.E0,1.E0),(-2.075576025525E-1,0.E0,2.581381516247E-1,4.930392947788E-1,
7.295649637269E-1,1.E0,1.276116270823E0),.UNSPECIFIED.)GEOMETRIC_REPRESENTATION_ITEM()RATIONAL_B_SPLINE_SURFACE(((1.119817309864E0,1.119817309864E0,
1.119817309864E0,1.119817309864E0,1.119817309864E0,1.119817309864E0,
1.119817309864E0,1.119817309864E0,1.119817309864E0),(9.600608967120E-1,
9.600608967120E-1,9.600608967120E-1,9.600608967120E-1,9.600608967120E-1,
9.600608967120E-1,9.600608967120E-1,9.600608967120E-1,9.600608967120E-1),(
9.600608967120E-1,9.600608967120E-1,9.600608967120E-1,9.600608967120E-1,
9.600608967120E-1,9.600608967120E-1,9.600608967120E-1,9.600608967120E-1,
9.600608967120E-1),(1.119817309864E0,1.119817309864E0,1.119817309864E0,
1.119817309864E0,1.119817309864E0,1.119817309864E0,1.119817309864E0,
1.119817309864E0,1.119817309864E0)))REPRESENTATION_ITEM('')SURFACE());
#10135=ORIENTED_EDGE('',*,*,#9774,.T.);
#10137=ORIENTED_EDGE('',*,*,#10136,.T.);
#10138=ORIENTED_EDGE('',*,*,#10086,.F.);
#10139=ORIENTED_EDGE('',*,*,#9739,.F.);
#10140=EDGE_LOOP('',(#10135,#10137,#10138,#10139));
#10141=FACE_OUTER_BOUND('',#10140,.F.);
#10142=ADVANCED_FACE('',(#10141),#10134,.F.);
#10143=CARTESIAN_POINT('',(-1.070593592745E2,6.356425121165E0,
-1.721714859553E2));
#10144=DIRECTION('',(-8.087360843032E-1,0.E0,-5.881716976750E-1));
#10145=DIRECTION('',(-5.881716976750E-1,0.E0,8.087360843032E-1));
#10146=AXIS2_PLACEMENT_3D('',#10143,#10144,#10145);
#10147=CYLINDRICAL_SURFACE('',#10146,3.E0);
#10148=ORIENTED_EDGE('',*,*,#9788,.T.);
#10149=ORIENTED_EDGE('',*,*,#10075,.T.);
#10150=ORIENTED_EDGE('',*,*,#10088,.F.);
#10151=ORIENTED_EDGE('',*,*,#10136,.F.);
#10152=EDGE_LOOP('',(#10148,#10149,#10150,#10151));
#10153=FACE_OUTER_BOUND('',#10152,.F.);
#10154=ADVANCED_FACE('',(#10153),#10147,.F.);
#10155=CARTESIAN_POINT('',(-1.092974390495E2,1.246901192480E1,
-1.719604691024E2));
#10156=DIRECTION('',(-4.479546293065E-1,4.479546293065E-1,-7.737398142566E-1));
#10157=DIRECTION('',(7.071067811865E-1,7.071067811865E-1,0.E0));
#10158=AXIS2_PLACEMENT_3D('',#10155,#10156,#10157);
#10159=CYLINDRICAL_SURFACE('',#10158,2.E0);
#10160=ORIENTED_EDGE('',*,*,#9716,.T.);
#10161=ORIENTED_EDGE('',*,*,#10092,.T.);
#10162=ORIENTED_EDGE('',*,*,#9990,.T.);
#10163=EDGE_LOOP('',(#10160,#10161,#10162));
#10164=FACE_OUTER_BOUND('',#10163,.F.);
#10165=ADVANCED_FACE('',(#10164),#10159,.T.);
#10166=CARTESIAN_POINT('',(-1.110000000004E2,2.076363407815E1,
-1.835385626008E2));
#10167=DIRECTION('',(1.E0,0.E0,0.E0));
#10168=DIRECTION('',(0.E0,0.E0,1.E0));
#10169=AXIS2_PLACEMENT_3D('',#10166,#10167,#10168);
#10170=CONICAL_SURFACE('',#10169,1.229999999964E1,4.5E1);
#10172=ORIENTED_EDGE('',*,*,#10171,.F.);
#10174=ORIENTED_EDGE('',*,*,#10173,.T.);
#10175=ORIENTED_EDGE('',*,*,#9756,.T.);
#10176=ORIENTED_EDGE('',*,*,#9725,.F.);
#10177=EDGE_LOOP('',(#10172,#10174,#10175,#10176));
#10178=FACE_OUTER_BOUND('',#10177,.F.);
#10179=ADVANCED_FACE('',(#10178),#10170,.F.);
#10180=CARTESIAN_POINT('',(-4.790837147709E2,2.076363407816E1,
-1.835385626009E2));
#10181=DIRECTION('',(-1.E0,0.E0,0.E0));
#10182=DIRECTION('',(0.E0,-9.541304515440E-1,2.993911846338E-1));
#10183=AXIS2_PLACEMENT_3D('',#10180,#10181,#10182);
#10184=CYLINDRICAL_SURFACE('',#10183,1.13E1);
#10186=ORIENTED_EDGE('',*,*,#10185,.F.);
#10188=ORIENTED_EDGE('',*,*,#10187,.T.);
#10189=ORIENTED_EDGE('',*,*,#10171,.T.);
#10190=ORIENTED_EDGE('',*,*,#6602,.F.);
#10191=EDGE_LOOP('',(#10186,#10188,#10189,#10190));
#10192=FACE_OUTER_BOUND('',#10191,.F.);
#10193=ADVANCED_FACE('',(#10192),#10184,.F.);
#10194=CARTESIAN_POINT('',(-1.139999999995E2,2.076363407815E1,
-1.835385626009E2));
#10195=DIRECTION('',(-1.E0,0.E0,0.E0));
#10196=DIRECTION('',(0.E0,0.E0,1.E0));
#10197=AXIS2_PLACEMENT_3D('',#10194,#10195,#10196);
#10198=CONICAL_SURFACE('',#10197,1.229999999947E1,4.5E1);
#10199=ORIENTED_EDGE('',*,*,#6679,.F.);
#10201=ORIENTED_EDGE('',*,*,#10200,.T.);
#10202=ORIENTED_EDGE('',*,*,#10185,.T.);
#10203=ORIENTED_EDGE('',*,*,#6644,.F.);
#10204=EDGE_LOOP('',(#10199,#10201,#10202,#10203));
#10205=FACE_OUTER_BOUND('',#10204,.F.);
#10206=ADVANCED_FACE('',(#10205),#10198,.F.);
#10207=CARTESIAN_POINT('',(-1.14E2,6.149897997541E0,-1.890277375989E2));
#10208=DIRECTION('',(7.071067811865E-1,-6.746721124234E-1,2.117015368820E-1));
#10209=DIRECTION('',(7.071067811865E-1,6.746721124234E-1,-2.117015368820E-1));
#10210=AXIS2_PLACEMENT_3D('',#10207,#10208,#10209);
#10211=PLANE('',#10210);
#10212=ORIENTED_EDGE('',*,*,#6677,.F.);
#10213=ORIENTED_EDGE('',*,*,#6914,.T.);
#10215=ORIENTED_EDGE('',*,*,#10214,.T.);
#10216=ORIENTED_EDGE('',*,*,#10200,.F.);
#10217=EDGE_LOOP('',(#10212,#10213,#10215,#10216));
#10218=FACE_OUTER_BOUND('',#10217,.F.);
#10219=ADVANCED_FACE('',(#10218),#10211,.F.);
#10220=CARTESIAN_POINT('',(-1.4E2,1.05E1,-1.785044992754E2));
#10221=DIRECTION('',(0.E0,9.541304515440E-1,-2.993911846338E-1));
#10222=DIRECTION('',(0.E0,-2.993911846338E-1,-9.541304515440E-1));
#10223=AXIS2_PLACEMENT_3D('',#10220,#10221,#10222);
#10224=PLANE('',#10223);
#10226=ORIENTED_EDGE('',*,*,#10225,.F.);
#10227=ORIENTED_EDGE('',*,*,#6588,.F.);
#10229=ORIENTED_EDGE('',*,*,#10228,.F.);
#10231=ORIENTED_EDGE('',*,*,#10230,.F.);
#10232=EDGE_LOOP('',(#10226,#10227,#10229,#10231));
#10233=FACE_OUTER_BOUND('',#10232,.F.);
#10234=ADVANCED_FACE('',(#10233),#10224,.T.);
#10235=CARTESIAN_POINT('',(-1.4E2,1.05E1,-1.785044992754E2));
#10236=DIRECTION('',(0.E0,9.541304515440E-1,-2.993911846338E-1));
#10237=DIRECTION('',(0.E0,-2.993911846338E-1,-9.541304515440E-1));
#10238=AXIS2_PLACEMENT_3D('',#10235,#10236,#10237);
#10239=PLANE('',#10238);
#10240=ORIENTED_EDGE('',*,*,#10214,.F.);
#10241=ORIENTED_EDGE('',*,*,#6928,.F.);
#10243=ORIENTED_EDGE('',*,*,#10242,.T.);
#10244=ORIENTED_EDGE('',*,*,#10187,.F.);
#10245=EDGE_LOOP('',(#10240,#10241,#10243,#10244));
#10246=FACE_OUTER_BOUND('',#10245,.F.);
#10247=ADVANCED_FACE('',(#10246),#10239,.T.);
#10248=CARTESIAN_POINT('',(-1.36E2,6.149897997541E0,-1.890277375989E2));
#10249=DIRECTION('',(-7.071067811865E-1,-6.746721124234E-1,2.117015368820E-1));
#10250=DIRECTION('',(-7.071067811865E-1,6.746721124234E-1,-2.117015368820E-1));
#10251=AXIS2_PLACEMENT_3D('',#10248,#10249,#10250);
#10252=PLANE('',#10251);
#10253=ORIENTED_EDGE('',*,*,#6551,.F.);
#10254=ORIENTED_EDGE('',*,*,#6573,.T.);
#10255=ORIENTED_EDGE('',*,*,#10225,.T.);
#10257=ORIENTED_EDGE('',*,*,#10256,.F.);
#10258=EDGE_LOOP('',(#10253,#10254,#10255,#10257));
#10259=FACE_OUTER_BOUND('',#10258,.F.);
#10260=ADVANCED_FACE('',(#10259),#10252,.F.);
#10261=CARTESIAN_POINT('',(-1.359999999966E2,1.363705567831E0,
-1.976006417988E2));
#10262=DIRECTION('',(-1.E0,0.E0,0.E0));
#10263=DIRECTION('',(0.E0,0.E0,1.E0));
#10264=AXIS2_PLACEMENT_3D('',#10261,#10262,#10263);
#10265=CONICAL_SURFACE('',#10264,1.999999996559E0,4.5E1);
#10266=ORIENTED_EDGE('',*,*,#6553,.F.);
#10267=ORIENTED_EDGE('',*,*,#10256,.T.);
#10269=ORIENTED_EDGE('',*,*,#10268,.T.);
#10271=ORIENTED_EDGE('',*,*,#10270,.F.);
#10272=EDGE_LOOP('',(#10266,#10267,#10269,#10271));
#10273=FACE_OUTER_BOUND('',#10272,.F.);
#10274=ADVANCED_FACE('',(#10273),#10265,.T.);
#10275=CARTESIAN_POINT('',(2.319253882083E2,1.363705567831E0,
-1.976006417988E2));
#10276=DIRECTION('',(1.E0,0.E0,0.E0));
#10277=DIRECTION('',(0.E0,0.E0,-1.E0));
#10278=AXIS2_PLACEMENT_3D('',#10275,#10276,#10277);
#10279=CYLINDRICAL_SURFACE('',#10278,3.E0);
#10280=ORIENTED_EDGE('',*,*,#10268,.F.);
#10281=ORIENTED_EDGE('',*,*,#10230,.T.);
#10283=ORIENTED_EDGE('',*,*,#10282,.F.);
#10284=ORIENTED_EDGE('',*,*,#5907,.F.);
#10285=EDGE_LOOP('',(#10280,#10281,#10283,#10284));
#10286=FACE_OUTER_BOUND('',#10285,.F.);
#10287=ADVANCED_FACE('',(#10286),#10279,.T.);
#10288=CARTESIAN_POINT('',(-1.390000000034E2,1.363705567831E0,
-1.976006417988E2));
#10289=DIRECTION('',(1.E0,0.E0,0.E0));
#10290=DIRECTION('',(0.E0,0.E0,1.E0));
#10291=AXIS2_PLACEMENT_3D('',#10288,#10289,#10290);
#10292=CONICAL_SURFACE('',#10291,1.999999996559E0,4.5E1);
#10294=ORIENTED_EDGE('',*,*,#10293,.F.);
#10296=ORIENTED_EDGE('',*,*,#10295,.T.);
#10297=ORIENTED_EDGE('',*,*,#10282,.T.);
#10299=ORIENTED_EDGE('',*,*,#10298,.F.);
#10300=EDGE_LOOP('',(#10294,#10296,#10297,#10299));
#10301=FACE_OUTER_BOUND('',#10300,.F.);
#10302=ADVANCED_FACE('',(#10301),#10292,.T.);
#10303=CARTESIAN_POINT('',(-1.4E2,0.E0,-1.606006417988E2));
#10304=DIRECTION('',(1.E0,0.E0,0.E0));
#10305=DIRECTION('',(0.E0,0.E0,-1.E0));
#10306=AXIS2_PLACEMENT_3D('',#10303,#10304,#10305);
#10307=PLANE('',#10306);
#10309=ORIENTED_EDGE('',*,*,#10308,.T.);
#10310=ORIENTED_EDGE('',*,*,#10293,.T.);
#10312=ORIENTED_EDGE('',*,*,#10311,.T.);
#10314=ORIENTED_EDGE('',*,*,#10313,.T.);
#10316=ORIENTED_EDGE('',*,*,#10315,.T.);
#10318=ORIENTED_EDGE('',*,*,#10317,.T.);
#10320=ORIENTED_EDGE('',*,*,#10319,.T.);
#10322=ORIENTED_EDGE('',*,*,#10321,.T.);
#10324=ORIENTED_EDGE('',*,*,#10323,.T.);
#10325=ORIENTED_EDGE('',*,*,#5864,.T.);
#10326=EDGE_LOOP('',(#10309,#10310,#10312,#10314,#10316,#10318,#10320,#10322,
#10324,#10325));
#10327=FACE_OUTER_BOUND('',#10326,.F.);
#10328=ADVANCED_FACE('',(#10327),#10307,.F.);
#10329=CARTESIAN_POINT('',(-1.39E2,6.818527839154E-1,-1.996006417988E2));
#10330=DIRECTION('',(7.071067811865E-1,0.E0,7.071067811865E-1));
#10331=DIRECTION('',(7.071067811865E-1,0.E0,-7.071067811865E-1));
#10332=AXIS2_PLACEMENT_3D('',#10329,#10330,#10331);
#10333=PLANE('',#10332);
#10334=ORIENTED_EDGE('',*,*,#5909,.F.);
#10335=ORIENTED_EDGE('',*,*,#10295,.F.);
#10336=ORIENTED_EDGE('',*,*,#10308,.F.);
#10337=ORIENTED_EDGE('',*,*,#5862,.F.);
#10338=EDGE_LOOP('',(#10334,#10335,#10336,#10337));
#10339=FACE_OUTER_BOUND('',#10338,.F.);
#10340=ADVANCED_FACE('',(#10339),#10333,.F.);
#10341=CARTESIAN_POINT('',(-1.39E2,6.149897997541E0,-1.890277375989E2));
#10342=DIRECTION('',(7.071067811865E-1,-6.746721124234E-1,2.117015368820E-1));
#10343=DIRECTION('',(7.071067811865E-1,6.746721124234E-1,-2.117015368820E-1));
#10344=AXIS2_PLACEMENT_3D('',#10341,#10342,#10343);
#10345=PLANE('',#10344);
#10346=ORIENTED_EDGE('',*,*,#10311,.F.);
#10347=ORIENTED_EDGE('',*,*,#10298,.T.);
#10348=ORIENTED_EDGE('',*,*,#10228,.T.);
#10350=ORIENTED_EDGE('',*,*,#10349,.F.);
#10351=EDGE_LOOP('',(#10346,#10347,#10348,#10350));
#10352=FACE_OUTER_BOUND('',#10351,.F.);
#10353=ADVANCED_FACE('',(#10352),#10345,.F.);
#10354=CARTESIAN_POINT('',(-1.389999999995E2,2.076363407816E1,
-1.835385626009E2));
#10355=DIRECTION('',(-1.E0,0.E0,0.E0));
#10356=DIRECTION('',(0.E0,0.E0,1.E0));
#10357=AXIS2_PLACEMENT_3D('',#10354,#10355,#10356);
#10358=CONICAL_SURFACE('',#10357,1.229999999947E1,4.5E1);
#10359=ORIENTED_EDGE('',*,*,#10313,.F.);
#10360=ORIENTED_EDGE('',*,*,#10349,.T.);
#10361=ORIENTED_EDGE('',*,*,#6586,.T.);
#10363=ORIENTED_EDGE('',*,*,#10362,.F.);
#10364=EDGE_LOOP('',(#10359,#10360,#10361,#10363));
#10365=FACE_OUTER_BOUND('',#10364,.F.);
#10366=ADVANCED_FACE('',(#10365),#10358,.F.);
#10367=CARTESIAN_POINT('',(-1.39E2,1.245747917053E1,-1.739407158434E2));
#10368=DIRECTION('',(7.071067811865E-1,-5.804103332845E-1,4.038859306990E-1));
#10369=DIRECTION('',(7.071067811865E-1,5.804103332845E-1,-4.038859306990E-1));
#10370=AXIS2_PLACEMENT_3D('',#10367,#10368,#10369);
#10371=PLANE('',#10370);
#10372=ORIENTED_EDGE('',*,*,#10315,.F.);
#10373=ORIENTED_EDGE('',*,*,#10362,.T.);
#10374=ORIENTED_EDGE('',*,*,#6617,.T.);
#10376=ORIENTED_EDGE('',*,*,#10375,.F.);
#10377=EDGE_LOOP('',(#10372,#10373,#10374,#10376));
#10378=FACE_OUTER_BOUND('',#10377,.F.);
#10379=ADVANCED_FACE('',(#10378),#10371,.F.);
#10380=CARTESIAN_POINT('',(-1.390000000003E2,1.08E1,-1.689694348688E2));
#10381=DIRECTION('',(1.E0,0.E0,0.E0));
#10382=DIRECTION('',(0.E0,0.E0,1.E0));
#10383=AXIS2_PLACEMENT_3D('',#10380,#10381,#10382);
#10384=CONICAL_SURFACE('',#10383,4.199999999745E0,4.5E1);
#10385=ORIENTED_EDGE('',*,*,#10317,.F.);
#10386=ORIENTED_EDGE('',*,*,#10375,.T.);
#10388=ORIENTED_EDGE('',*,*,#10387,.T.);
#10390=ORIENTED_EDGE('',*,*,#10389,.F.);
#10391=EDGE_LOOP('',(#10385,#10386,#10388,#10390));
#10392=FACE_OUTER_BOUND('',#10391,.F.);
#10393=ADVANCED_FACE('',(#10392),#10384,.T.);
#10394=CARTESIAN_POINT('',(-4.790837147709E2,1.08E1,-1.689694348688E2));
#10395=DIRECTION('',(-1.E0,0.E0,0.E0));
#10396=DIRECTION('',(0.E0,1.E0,0.E0));
#10397=AXIS2_PLACEMENT_3D('',#10394,#10395,#10396);
#10398=CYLINDRICAL_SURFACE('',#10397,5.2E0);
#10399=ORIENTED_EDGE('',*,*,#6516,.F.);
#10400=ORIENTED_EDGE('',*,*,#6027,.F.);
#10401=ORIENTED_EDGE('',*,*,#10387,.F.);
#10402=ORIENTED_EDGE('',*,*,#6615,.T.);
#10403=EDGE_LOOP('',(#10399,#10400,#10401,#10402));
#10404=FACE_OUTER_BOUND('',#10403,.F.);
#10405=ADVANCED_FACE('',(#10404),#10398,.T.);
#10406=CARTESIAN_POINT('',(-1.39E2,1.5E1,-1.662850383338E2));
#10407=DIRECTION('',(7.071067811865E-1,-7.071067811865E-1,0.E0));
#10408=DIRECTION('',(7.071067811865E-1,7.071067811865E-1,0.E0));
#10409=AXIS2_PLACEMENT_3D('',#10406,#10407,#10408);
#10410=PLANE('',#10409);
#10411=ORIENTED_EDGE('',*,*,#10319,.F.);
#10412=ORIENTED_EDGE('',*,*,#10389,.T.);
#10413=ORIENTED_EDGE('',*,*,#6025,.T.);
#10415=ORIENTED_EDGE('',*,*,#10414,.F.);
#10416=EDGE_LOOP('',(#10411,#10412,#10413,#10415));
#10417=FACE_OUTER_BOUND('',#10416,.F.);
#10418=ADVANCED_FACE('',(#10417),#10410,.F.);
#10419=CARTESIAN_POINT('',(-1.390000000049E2,1.3E1,-1.636006417988E2));
#10420=DIRECTION('',(1.E0,0.E0,0.E0));
#10421=DIRECTION('',(0.E0,0.E0,1.E0));
#10422=AXIS2_PLACEMENT_3D('',#10419,#10420,#10421);
#10423=CONICAL_SURFACE('',#10422,1.999999995100E0,4.5E1);
#10424=ORIENTED_EDGE('',*,*,#10321,.F.);
#10425=ORIENTED_EDGE('',*,*,#10414,.T.);
#10427=ORIENTED_EDGE('',*,*,#10426,.T.);
#10429=ORIENTED_EDGE('',*,*,#10428,.F.);
#10430=EDGE_LOOP('',(#10424,#10425,#10427,#10429));
#10431=FACE_OUTER_BOUND('',#10430,.F.);
#10432=ADVANCED_FACE('',(#10431),#10423,.T.);
#10433=CARTESIAN_POINT('',(2.330158864294E2,1.3E1,-1.636006417988E2));
#10434=DIRECTION('',(1.E0,0.E0,0.E0));
#10435=DIRECTION('',(0.E0,1.E0,0.E0));
#10436=AXIS2_PLACEMENT_3D('',#10433,#10434,#10435);
#10437=CYLINDRICAL_SURFACE('',#10436,3.E0);
#10438=ORIENTED_EDGE('',*,*,#10426,.F.);
#10439=ORIENTED_EDGE('',*,*,#6023,.F.);
#10441=ORIENTED_EDGE('',*,*,#10440,.T.);
#10442=ORIENTED_EDGE('',*,*,#5779,.T.);
#10443=EDGE_LOOP('',(#10438,#10439,#10441,#10442));
#10444=FACE_OUTER_BOUND('',#10443,.F.);
#10445=ADVANCED_FACE('',(#10444),#10437,.T.);
#10446=CARTESIAN_POINT('',(-1.640110406871E2,4.07684E1,-1.636006417988E2));
#10447=DIRECTION('',(-7.071067811865E-1,7.071067811865E-1,0.E0));
#10448=DIRECTION('',(0.E0,0.E0,1.E0));
#10449=AXIS2_PLACEMENT_3D('',#10446,#10447,#10448);
#10450=CYLINDRICAL_SURFACE('',#10449,3.E0);
#10451=ORIENTED_EDGE('',*,*,#6200,.F.);
#10452=ORIENTED_EDGE('',*,*,#5781,.F.);
#10453=ORIENTED_EDGE('',*,*,#10440,.F.);
#10455=ORIENTED_EDGE('',*,*,#10454,.T.);
#10456=EDGE_LOOP('',(#10451,#10452,#10453,#10455));
#10457=FACE_OUTER_BOUND('',#10456,.F.);
#10458=ADVANCED_FACE('',(#10457),#10450,.T.);
#10459=CARTESIAN_POINT('',(-1.3225E2,1.325E1,-1.636006417988E2));
#10460=DIRECTION('',(-7.071067811865E-1,-7.071067811865E-1,0.E0));
#10461=DIRECTION('',(7.071067811865E-1,-7.071067811865E-1,0.E0));
#10462=AXIS2_PLACEMENT_3D('',#10459,#10460,#10461);
#10463=PLANE('',#10462);
#10464=ORIENTED_EDGE('',*,*,#6180,.T.);
#10465=ORIENTED_EDGE('',*,*,#6202,.T.);
#10466=ORIENTED_EDGE('',*,*,#10454,.F.);
#10467=ORIENTED_EDGE('',*,*,#6021,.F.);
#10468=EDGE_LOOP('',(#10464,#10465,#10466,#10467));
#10469=FACE_OUTER_BOUND('',#10468,.F.);
#10470=ADVANCED_FACE('',(#10469),#10463,.F.);
#10471=CARTESIAN_POINT('',(-1.39E2,6.5E0,-1.616006417988E2));
#10472=DIRECTION('',(7.071067811865E-1,0.E0,-7.071067811865E-1));
#10473=DIRECTION('',(7.071067811865E-1,0.E0,7.071067811865E-1));
#10474=AXIS2_PLACEMENT_3D('',#10471,#10472,#10473);
#10475=PLANE('',#10474);
#10476=ORIENTED_EDGE('',*,*,#10323,.F.);
#10477=ORIENTED_EDGE('',*,*,#10428,.T.);
#10478=ORIENTED_EDGE('',*,*,#5777,.F.);
#10479=ORIENTED_EDGE('',*,*,#5866,.F.);
#10480=EDGE_LOOP('',(#10476,#10477,#10478,#10479));
#10481=FACE_OUTER_BOUND('',#10480,.F.);
#10482=ADVANCED_FACE('',(#10481),#10475,.F.);
#10483=CARTESIAN_POINT('',(-1.36E2,6.818527839155E-1,-1.996006417988E2));
#10484=DIRECTION('',(-7.071067811865E-1,0.E0,7.071067811865E-1));
#10485=DIRECTION('',(-7.071067811865E-1,0.E0,-7.071067811865E-1));
#10486=AXIS2_PLACEMENT_3D('',#10483,#10484,#10485);
#10487=PLANE('',#10486);
#10488=ORIENTED_EDGE('',*,*,#5905,.T.);
#10489=ORIENTED_EDGE('',*,*,#6887,.F.);
#10490=ORIENTED_EDGE('',*,*,#6555,.F.);
#10491=ORIENTED_EDGE('',*,*,#10270,.T.);
#10492=EDGE_LOOP('',(#10488,#10489,#10490,#10491));
#10493=FACE_OUTER_BOUND('',#10492,.F.);
#10494=ADVANCED_FACE('',(#10493),#10487,.F.);
#10495=CARTESIAN_POINT('',(-1.11E2,6.149897997541E0,-1.890277375989E2));
#10496=DIRECTION('',(-7.071067811865E-1,-6.746721124234E-1,2.117015368820E-1));
#10497=DIRECTION('',(7.071067811865E-1,-6.746721124234E-1,2.117015368820E-1));
#10498=AXIS2_PLACEMENT_3D('',#10495,#10496,#10497);
#10499=PLANE('',#10498);
#10500=ORIENTED_EDGE('',*,*,#10242,.F.);
#10501=ORIENTED_EDGE('',*,*,#6943,.T.);
#10502=ORIENTED_EDGE('',*,*,#9758,.T.);
#10503=ORIENTED_EDGE('',*,*,#10173,.F.);
#10504=EDGE_LOOP('',(#10500,#10501,#10502,#10503));
#10505=FACE_OUTER_BOUND('',#10504,.F.);
#10506=ADVANCED_FACE('',(#10505),#10499,.F.);
#10507=CARTESIAN_POINT('',(-1.19E2,-2.77684E1,-1.726375401656E2));
#10508=DIRECTION('',(0.E0,-1.E0,0.E0));
#10509=DIRECTION('',(1.E0,0.E0,0.E0));
#10510=AXIS2_PLACEMENT_3D('',#10507,#10508,#10509);
#10511=CYLINDRICAL_SURFACE('',#10510,4.E0);
#10513=ORIENTED_EDGE('',*,*,#10512,.F.);
#10514=ORIENTED_EDGE('',*,*,#6859,.T.);
#10515=ORIENTED_EDGE('',*,*,#6873,.F.);
#10516=ORIENTED_EDGE('',*,*,#6669,.F.);
#10517=EDGE_LOOP('',(#10513,#10514,#10515,#10516));
#10518=FACE_OUTER_BOUND('',#10517,.F.);
#10519=ADVANCED_FACE('',(#10518),#10511,.F.);
#10520=CARTESIAN_POINT('',(-1.172819391006E2,8.448227515280E0,
-1.699864677654E2));
#10521=CARTESIAN_POINT('',(-1.172264619291E2,8.430494135258E0,
-1.700090814192E2));
#10522=CARTESIAN_POINT('',(-1.171595051793E2,8.417983890113E0,
-1.700452669921E2));
#10523=CARTESIAN_POINT('',(-1.170858333324E2,8.423485797089E0,
-1.701043484241E2));
#10524=CARTESIAN_POINT('',(-1.170442768619E2,8.433390925360E0,
-1.701444764400E2));
#10525=CARTESIAN_POINT('',(-1.170063172372E2,8.449514993855E0,
-1.701882075083E2));
#10526=CARTESIAN_POINT('',(-1.169712194938E2,8.472242485712E0,
-1.702364606317E2));
#10527=CARTESIAN_POINT('',(-1.169387367427E2,8.502433523384E0,
-1.702902754883E2));
#10528=CARTESIAN_POINT('',(-1.169090701978E2,8.541386067018E0,
-1.703508037010E2));
#10529=CARTESIAN_POINT('',(-1.168828938054E2,8.590826392090E0,
-1.704192814024E2));
#10530=CARTESIAN_POINT('',(-1.168614378390E2,8.652885156384E0,
-1.704969445058E2));
#10531=CARTESIAN_POINT('',(-1.168465879773E2,8.729960446868E0,
-1.705848196958E2));
#10532=CARTESIAN_POINT('',(-1.168397980356E2,8.843727369292E0,
-1.707035247576E2));
#10533=CARTESIAN_POINT('',(-1.168484871620E2,8.939547325034E0,
-1.707930253487E2));
#10534=CARTESIAN_POINT('',(-1.168596105151E2,9.002705435513E0,
-1.708480937479E2));
#10535=CARTESIAN_POINT('',(-1.172123012867E2,7.512614883439E0,
-1.689203606973E2));
#10536=CARTESIAN_POINT('',(-1.169904401775E2,7.418782977615E0,
-1.689878823254E2));
#10537=CARTESIAN_POINT('',(-1.166773119761E2,7.359535042409E0,
-1.691563639913E2));
#10538=CARTESIAN_POINT('',(-1.163335937789E2,7.385575901356E0,
-1.694323817209E2));
#10539=CARTESIAN_POINT('',(-1.161492679155E2,7.430061046857E0,
-1.696109220398E2));
#10540=CARTESIAN_POINT('',(-1.159944263401E2,7.496569291259E0,
-1.697900423390E2));
#10541=CARTESIAN_POINT('',(-1.158652091034E2,7.581100495112E0,
-1.699685497150E2));
#10542=CARTESIAN_POINT('',(-1.157581932316E2,7.681533797071E0,
-1.701468127419E2));
#10543=CARTESIAN_POINT('',(-1.156708954160E2,7.797267993703E0,
-1.703260362590E2));
#10544=CARTESIAN_POINT('',(-1.156019316765E2,7.928864235093E0,
-1.705077879473E2));
#10545=CARTESIAN_POINT('',(-1.155510711535E2,8.077739552066E0,
-1.706936527355E2));
#10546=CARTESIAN_POINT('',(-1.155192250571E2,8.245800297902E0,
-1.708848742787E2));
#10547=CARTESIAN_POINT('',(-1.155061848506E2,8.473649157087E0,
-1.711222069245E2));
#10548=CARTESIAN_POINT('',(-1.155228756970E2,8.648611627935E0,
-1.712850305979E2));
#10549=CARTESIAN_POINT('',(-1.155410771741E2,8.759154418847E0,
-1.713823359510E2));
#10550=CARTESIAN_POINT('',(-1.175632064730E2,6.168957682940E0,
-1.685926341444E2));
#10551=CARTESIAN_POINT('',(-1.172024191145E2,6.011585492385E0,
-1.686976527601E2));
#10552=CARTESIAN_POINT('',(-1.166837441700E2,5.913312804690E0,
-1.689765982138E2));
#10553=CARTESIAN_POINT('',(-1.161145443119E2,5.956503152968E0,
-1.694337520953E2));
#10554=CARTESIAN_POINT('',(-1.158110097282E2,6.029861711162E0,
-1.697278630780E2));
#10555=CARTESIAN_POINT('',(-1.155585747718E2,6.138439428649E0,
-1.700200298547E2));
#10556=CARTESIAN_POINT('',(-1.153507702124E2,6.274575120452E0,
-1.703072961351E2));
#10557=CARTESIAN_POINT('',(-1.151815211283E2,6.433658881483E0,
-1.705894701391E2));
#10558=CARTESIAN_POINT('',(-1.150461027044E2,6.613503756243E0,
-1.708678011403E2));
#10559=CARTESIAN_POINT('',(-1.149414126458E2,6.813698045496E0,
-1.711441336540E2));
#10560=CARTESIAN_POINT('',(-1.148660000848E2,7.035062920164E0,
-1.714203440276E2));
#10561=CARTESIAN_POINT('',(-1.148199625757E2,7.279094148721E0,
-1.716978570810E2));
#10562=CARTESIAN_POINT('',(-1.148017035610E2,7.602198450349E0,
-1.720342406660E2));
#10563=CARTESIAN_POINT('',(-1.148250756350E2,7.843242857623E0,
-1.722582872013E2));
#10564=CARTESIAN_POINT('',(-1.148491871611E2,7.993350621115E0,
-1.723908593095E2));
#10565=CARTESIAN_POINT('',(-1.181844626532E2,4.992358758661E0,
-1.691435593550E2));
#10566=CARTESIAN_POINT('',(-1.177716689841E2,4.811200596849E0,
-1.692626147707E2));
#10567=CARTESIAN_POINT('',(-1.171760486980E2,4.698319198399E0,
-1.695829117622E2));
#10568=CARTESIAN_POINT('',(-1.165224409665E2,4.747929367771E0,
-1.701078730090E2));
#10569=CARTESIAN_POINT('',(-1.161742812256E2,4.832096536082E0,
-1.704452472616E2));
#10570=CARTESIAN_POINT('',(-1.158853127005E2,4.956422739460E0,
-1.707797323923E2));
#10571=CARTESIAN_POINT('',(-1.156480893905E2,5.111876299796E0,
-1.711077119963E2));
#10572=CARTESIAN_POINT('',(-1.154555436307E2,5.292915551577E0,
-1.714287845279E2));
#10573=CARTESIAN_POINT('',(-1.153021115104E2,5.496759921358E0,
-1.717442158943E2));
#10574=CARTESIAN_POINT('',(-1.151840474922E2,5.722633528883E0,
-1.720559542423E2));
#10575=CARTESIAN_POINT('',(-1.150994440050E2,5.971134488051E0,
-1.723659850104E2));
#10576=CARTESIAN_POINT('',(-1.150480940151E2,6.243604867077E0,
-1.726758008366E2));
#10577=CARTESIAN_POINT('',(-1.150278813671E2,6.602367542372E0,
-1.730492636195E2));
#10578=CARTESIAN_POINT('',(-1.150537545234E2,6.868149374840E0,
-1.732962286110E2));
#10579=CARTESIAN_POINT('',(-1.150800784452E2,7.033068077635E0,
-1.734420026434E2));
#10580=(BOUNDED_SURFACE()B_SPLINE_SURFACE(3,3,((#10520,#10521,#10522,#10523,
#10524,#10525,#10526,#10527,#10528,#10529,#10530,#10531,#10532,#10533,#10534),(
#10535,#10536,#10537,#10538,#10539,#10540,#10541,#10542,#10543,#10544,#10545,
#10546,#10547,#10548,#10549),(#10550,#10551,#10552,#10553,#10554,#10555,#10556,
#10557,#10558,#10559,#10560,#10561,#10562,#10563,#10564),(#10565,#10566,#10567,
#10568,#10569,#10570,#10571,#10572,#10573,#10574,#10575,#10576,#10577,#10578,
#10579)),.UNSPECIFIED.,.F.,.F.,.F.)B_SPLINE_SURFACE_WITH_KNOTS((4,4),(4,1,1,1,1,
1,1,1,1,1,1,1,4),(0.E0,1.E0),(-2.771486706160E-1,0.E0,9.768608047001E-2,
1.903285156845E-1,2.801004604337E-1,3.691249175197E-1,4.594505436782E-1,
5.530265203157E-1,6.518696170487E-1,7.580267815400E-1,8.734567308789E-1,1.E0,
1.216493905821E0),.UNSPECIFIED.)GEOMETRIC_REPRESENTATION_ITEM()RATIONAL_B_SPLINE_SURFACE(((1.119824926465E0,1.119824926465E0,1.119824926465E0,1.119824926465E0,
1.119824926465E0,1.119824926465E0,1.119824926465E0,1.119824926465E0,
1.119824926465E0,1.119824926465E0,1.119824926465E0,1.119824926465E0,
1.119824926465E0,1.119824926465E0,1.119824926465E0),(9.600583578451E-1,
9.600583578451E-1,9.600583578451E-1,9.600583578451E-1,9.600583578451E-1,
9.600583578451E-1,9.600583578451E-1,9.600583578451E-1,9.600583578451E-1,
9.600583578451E-1,9.600583578451E-1,9.600583578451E-1,9.600583578451E-1,
9.600583578451E-1,9.600583578451E-1),(9.600583578451E-1,9.600583578451E-1,
9.600583578451E-1,9.600583578451E-1,9.600583578451E-1,9.600583578451E-1,
9.600583578451E-1,9.600583578451E-1,9.600583578451E-1,9.600583578451E-1,
9.600583578451E-1,9.600583578451E-1,9.600583578451E-1,9.600583578451E-1,
9.600583578451E-1),(1.119824926465E0,1.119824926465E0,1.119824926465E0,
1.119824926465E0,1.119824926465E0,1.119824926465E0,1.119824926465E0,
1.119824926465E0,1.119824926465E0,1.119824926465E0,1.119824926465E0,
1.119824926465E0,1.119824926465E0,1.119824926465E0,1.119824926465E0)))REPRESENTATION_ITEM('')SURFACE());
#10581=ORIENTED_EDGE('',*,*,#10512,.T.);
#10582=ORIENTED_EDGE('',*,*,#6692,.T.);
#10583=ORIENTED_EDGE('',*,*,#6712,.F.);
#10584=ORIENTED_EDGE('',*,*,#6843,.F.);
#10585=EDGE_LOOP('',(#10581,#10582,#10583,#10584));
#10586=FACE_OUTER_BOUND('',#10585,.F.);
#10587=ADVANCED_FACE('',(#10586),#10580,.F.);
#10588=CARTESIAN_POINT('',(-1.3225E2,8.E0,-1.686006417988E2));
#10589=DIRECTION('',(-5.881716976750E-1,0.E0,8.087360843032E-1));
#10590=DIRECTION('',(8.087360843032E-1,0.E0,5.881716976750E-1));
#10591=AXIS2_PLACEMENT_3D('',#10588,#10589,#10590);
#10592=PLANE('',#10591);
#10594=ORIENTED_EDGE('',*,*,#10593,.F.);
#10596=ORIENTED_EDGE('',*,*,#10595,.T.);
#10597=ORIENTED_EDGE('',*,*,#6882,.F.);
#10598=ORIENTED_EDGE('',*,*,#6389,.F.);
#10599=EDGE_LOOP('',(#10594,#10596,#10597,#10598));
#10600=FACE_OUTER_BOUND('',#10599,.F.);
#10601=ADVANCED_FACE('',(#10600),#10592,.F.);
#10602=CARTESIAN_POINT('',(-1.320593592745E2,6.356425121165E0,
-1.721714859553E2));
#10603=DIRECTION('',(-8.087360843032E-1,0.E0,-5.881716976750E-1));
#10604=DIRECTION('',(-5.881716976750E-1,0.E0,8.087360843032E-1));
#10605=AXIS2_PLACEMENT_3D('',#10602,#10603,#10604);
#10606=CYLINDRICAL_SURFACE('',#10605,3.E0);
#10607=ORIENTED_EDGE('',*,*,#10593,.T.);
#10608=ORIENTED_EDGE('',*,*,#6438,.T.);
#10610=ORIENTED_EDGE('',*,*,#10609,.F.);
#10612=ORIENTED_EDGE('',*,*,#10611,.F.);
#10613=EDGE_LOOP('',(#10607,#10608,#10610,#10612));
#10614=FACE_OUTER_BOUND('',#10613,.F.);
#10615=ADVANCED_FACE('',(#10614),#10606,.F.);
#10616=CARTESIAN_POINT('',(-1.35E2,7.417711987293E0,-1.706006417988E2));
#10617=DIRECTION('',(4.573295603800E-1,-6.288281455225E-1,-6.288281455225E-1));
#10618=DIRECTION('',(-8.892972917999E-1,-3.233808333818E-1,-3.233808333818E-1));
#10619=AXIS2_PLACEMENT_3D('',#10616,#10617,#10618);
#10620=PLANE('',#10619);
#10621=ORIENTED_EDGE('',*,*,#6537,.T.);
#10623=ORIENTED_EDGE('',*,*,#10622,.T.);
#10624=ORIENTED_EDGE('',*,*,#10609,.T.);
#10625=ORIENTED_EDGE('',*,*,#6436,.T.);
#10626=ORIENTED_EDGE('',*,*,#6496,.T.);
#10628=ORIENTED_EDGE('',*,*,#10627,.F.);
#10629=ORIENTED_EDGE('',*,*,#6508,.T.);
#10630=EDGE_LOOP('',(#10621,#10623,#10624,#10625,#10626,#10628,#10629));
#10631=FACE_OUTER_BOUND('',#10630,.F.);
#10632=ADVANCED_FACE('',(#10631),#10620,.T.);
#10633=CARTESIAN_POINT('',(-1.331415462755E2,8.994438007887E0,
-1.708406676225E2));
#10634=CARTESIAN_POINT('',(-1.331519438030E2,8.934300788078E0,
-1.707880922409E2));
#10635=CARTESIAN_POINT('',(-1.331632982332E2,8.804963507392E0,
-1.706670127276E2));
#10636=CARTESIAN_POINT('',(-1.331419903664E2,8.639551461192E0,
-1.704861040510E2));
#10637=CARTESIAN_POINT('',(-1.330802598826E2,8.513559550307E0,
-1.703152172428E2));
#10638=CARTESIAN_POINT('',(-1.329881338643E2,8.437386156553E0,
-1.701720431085E2));
#10639=CARTESIAN_POINT('',(-1.328709232615E2,8.412502670443E0,
-1.700619155476E2));
#10640=CARTESIAN_POINT('',(-1.327746893275E2,8.430107007575E0,
-1.700095315691E2));
#10641=CARTESIAN_POINT('',(-1.327225459405E2,8.446152774206E0,
-1.699876548725E2));
#10642=CARTESIAN_POINT('',(-1.344620776530E2,8.743834302592E0,
-1.713693164904E2));
#10643=CARTESIAN_POINT('',(-1.344781152892E2,8.638882318521E0,
-1.712760282418E2));
#10644=CARTESIAN_POINT('',(-1.344994456726E2,8.402494762993E0,
-1.710551536924E2));
#10645=CARTESIAN_POINT('',(-1.344594581859E2,8.057467934165E0,
-1.706810450550E2));
#10646=CARTESIAN_POINT('',(-1.343073423249E2,7.728587458509E0,
-1.702415348623E2));
#10647=CARTESIAN_POINT('',(-1.340028421301E2,7.457262939052E0,
-1.697487556557E2));
#10648=CARTESIAN_POINT('',(-1.334697283244E2,7.330069701497E0,
-1.692338432867E2));
#10649=CARTESIAN_POINT('',(-1.330097219949E2,7.421083837795E0,
-1.689903073652E2));
#10650=CARTESIAN_POINT('',(-1.327734887403E2,7.528584025064E0,
-1.689260015492E2));
#10651=CARTESIAN_POINT('',(-1.351556747008E2,7.972172369595E0,
-1.723731419215E2));
#10652=CARTESIAN_POINT('',(-1.351764217423E2,7.829800736374E0,
-1.722458590457E2));
#10653=CARTESIAN_POINT('',(-1.352060818956E2,7.504027823318E0,
-1.719416571532E2));
#10654=CARTESIAN_POINT('',(-1.351504972093E2,7.009025372416E0,
-1.714062294759E2));
#10655=CARTESIAN_POINT('',(-1.349229109278E2,6.510736019227E0,
-1.707424228271E2));
#10656=CARTESIAN_POINT('',(-1.344410815133E2,6.076463266629E0,
-1.699577286821E2));
#10657=CARTESIAN_POINT('',(-1.335606948348E2,5.863842936756E0,
-1.691048271315E2));
#10658=CARTESIAN_POINT('',(-1.327969440667E2,6.016153143094E0,
-1.687016822338E2));
#10659=CARTESIAN_POINT('',(-1.324069985619E2,6.200016385930E0,
-1.686019487458E2));
#10660=CARTESIAN_POINT('',(-1.349254856677E2,7.009714854854E0,
-1.734225178984E2));
#10661=CARTESIAN_POINT('',(-1.349479958385E2,6.853333877420E0,
-1.732825079542E2));
#10662=CARTESIAN_POINT('',(-1.349807745301E2,6.494096453883E0,
-1.729471095792E2));
#10663=CARTESIAN_POINT('',(-1.349193504909E2,5.942945424338E0,
-1.723512865211E2));
#10664=CARTESIAN_POINT('',(-1.346635092385E2,5.381231978945E0,
-1.716035067103E2));
#10665=CARTESIAN_POINT('',(-1.341152904769E2,4.885953900568E0,
-1.707095240780E2));
#10666=CARTESIAN_POINT('',(-1.331048901472E2,4.641350974159E0,
-1.697300845482E2));
#10667=CARTESIAN_POINT('',(-1.322274221078E2,4.816609491439E0,
-1.692671844914E2));
#10668=CARTESIAN_POINT('',(-1.317799290880E2,5.029061894111E0,
-1.691541874251E2));
#10669=(BOUNDED_SURFACE()B_SPLINE_SURFACE(3,3,((#10633,#10634,#10635,#10636,
#10637,#10638,#10639,#10640,#10641),(#10642,#10643,#10644,#10645,#10646,#10647,
#10648,#10649,#10650),(#10651,#10652,#10653,#10654,#10655,#10656,#10657,#10658,
#10659),(#10660,#10661,#10662,#10663,#10664,#10665,#10666,#10667,#10668)),
.UNSPECIFIED.,.F.,.F.,.F.)B_SPLINE_SURFACE_WITH_KNOTS((4,4),(4,1,1,1,1,1,4),(
0.E0,1.E0),(-2.075576025525E-1,0.E0,2.581381516247E-1,4.930392947788E-1,
7.295649637269E-1,1.E0,1.276116270823E0),.UNSPECIFIED.)GEOMETRIC_REPRESENTATION_ITEM()RATIONAL_B_SPLINE_SURFACE(((1.119817309864E0,1.119817309864E0,
1.119817309864E0,1.119817309864E0,1.119817309864E0,1.119817309864E0,
1.119817309864E0,1.119817309864E0,1.119817309864E0),(9.600608967120E-1,
9.600608967120E-1,9.600608967120E-1,9.600608967120E-1,9.600608967120E-1,
9.600608967120E-1,9.600608967120E-1,9.600608967120E-1,9.600608967120E-1),(
9.600608967120E-1,9.600608967120E-1,9.600608967120E-1,9.600608967120E-1,
9.600608967120E-1,9.600608967120E-1,9.600608967120E-1,9.600608967120E-1,
9.600608967120E-1),(1.119817309864E0,1.119817309864E0,1.119817309864E0,
1.119817309864E0,1.119817309864E0,1.119817309864E0,1.119817309864E0,
1.119817309864E0,1.119817309864E0)))REPRESENTATION_ITEM('')SURFACE());
#10671=ORIENTED_EDGE('',*,*,#10670,.T.);
#10672=ORIENTED_EDGE('',*,*,#10611,.T.);
#10673=ORIENTED_EDGE('',*,*,#10622,.F.);
#10674=ORIENTED_EDGE('',*,*,#6535,.F.);
#10675=EDGE_LOOP('',(#10671,#10672,#10673,#10674));
#10676=FACE_OUTER_BOUND('',#10675,.F.);
#10677=ADVANCED_FACE('',(#10676),#10669,.F.);
#10678=CARTESIAN_POINT('',(-1.31E2,4.07684E1,-1.726375401656E2));
#10679=DIRECTION('',(0.E0,1.E0,0.E0));
#10680=DIRECTION('',(-1.E0,0.E0,0.E0));
#10681=AXIS2_PLACEMENT_3D('',#10678,#10679,#10680);
#10682=CYLINDRICAL_SURFACE('',#10681,4.E0);
#10683=ORIENTED_EDGE('',*,*,#10670,.F.);
#10684=ORIENTED_EDGE('',*,*,#6559,.T.);
#10685=ORIENTED_EDGE('',*,*,#6884,.F.);
#10686=ORIENTED_EDGE('',*,*,#10595,.F.);
#10687=EDGE_LOOP('',(#10683,#10684,#10685,#10686));
#10688=FACE_OUTER_BOUND('',#10687,.F.);
#10689=ADVANCED_FACE('',(#10688),#10682,.F.);
#10690=CARTESIAN_POINT('',(-1.342974390495E2,1.246901192480E1,
-1.719604691024E2));
#10691=DIRECTION('',(-4.479546293065E-1,4.479546293065E-1,-7.737398142566E-1));
#10692=DIRECTION('',(7.071067811865E-1,7.071067811865E-1,0.E0));
#10693=AXIS2_PLACEMENT_3D('',#10690,#10691,#10692);
#10694=CYLINDRICAL_SURFACE('',#10693,2.E0);
#10695=ORIENTED_EDGE('',*,*,#6510,.T.);
#10696=ORIENTED_EDGE('',*,*,#10627,.T.);
#10697=ORIENTED_EDGE('',*,*,#6494,.T.);
#10698=EDGE_LOOP('',(#10695,#10696,#10697));
#10699=FACE_OUTER_BOUND('',#10698,.F.);
#10700=ADVANCED_FACE('',(#10699),#10694,.T.);
#10701=CARTESIAN_POINT('',(4.590401161766E1,4.455010109332E1,
-1.760551096719E2));
#10702=DIRECTION('',(-6.903279831613E-1,-6.903279831613E-1,2.165514980989E-1));
#10703=DIRECTION('',(-7.071067811865E-1,7.071067811865E-1,0.E0));
#10704=AXIS2_PLACEMENT_3D('',#10701,#10702,#10703);
#10705=CYLINDRICAL_SURFACE('',#10704,5.2E0);
#10707=ORIENTED_EDGE('',*,*,#10706,.T.);
#10709=ORIENTED_EDGE('',*,*,#10708,.F.);
#10710=ORIENTED_EDGE('',*,*,#6110,.T.);
#10712=ORIENTED_EDGE('',*,*,#10711,.T.);
#10713=EDGE_LOOP('',(#10707,#10709,#10710,#10712));
#10714=FACE_OUTER_BOUND('',#10713,.F.);
#10715=ADVANCED_FACE('',(#10714),#10705,.T.);
#10716=CARTESIAN_POINT('',(4.5E0,1.6E1,-1.490542138302E2));
#10717=DIRECTION('',(1.E0,0.E0,0.E0));
#10718=DIRECTION('',(0.E0,0.E0,-1.E0));
#10719=AXIS2_PLACEMENT_3D('',#10716,#10717,#10718);
#10720=PLANE('',#10719);
#10722=ORIENTED_EDGE('',*,*,#10721,.T.);
#10724=ORIENTED_EDGE('',*,*,#10723,.T.);
#10726=ORIENTED_EDGE('',*,*,#10725,.T.);
#10727=ORIENTED_EDGE('',*,*,#10706,.F.);
#10729=ORIENTED_EDGE('',*,*,#10728,.T.);
#10731=ORIENTED_EDGE('',*,*,#10730,.F.);
#10732=ORIENTED_EDGE('',*,*,#5844,.T.);
#10734=ORIENTED_EDGE('',*,*,#10733,.T.);
#10736=ORIENTED_EDGE('',*,*,#10735,.F.);
#10737=EDGE_LOOP('',(#10722,#10724,#10726,#10727,#10729,#10731,#10732,#10734,
#10736));
#10738=FACE_OUTER_BOUND('',#10737,.F.);
#10739=ADVANCED_FACE('',(#10738),#10720,.F.);
#10740=CARTESIAN_POINT('',(4.541884659263E0,4.278595098433E0,
-1.649295628720E2));
#10741=CARTESIAN_POINT('',(4.546337345479E0,4.327958441269E0,
-1.649618591487E2));
#10742=CARTESIAN_POINT('',(4.559879298557E0,4.460659723382E0,
-1.650511497057E2));
#10743=CARTESIAN_POINT('',(4.589328665869E0,4.678700675135E0,
-1.652067805011E2));
#10744=CARTESIAN_POINT('',(4.638384118098E0,4.967037907594E0,
-1.654150781298E2));
#10745=CARTESIAN_POINT('',(4.710795521634E0,5.292910077833E0,
-1.656581509884E2));
#10746=CARTESIAN_POINT('',(4.810784597219E0,5.640872635825E0,
-1.659278970454E2));
#10747=CARTESIAN_POINT('',(4.943120421911E0,5.999672855445E0,
-1.662187506758E2));
#10748=CARTESIAN_POINT('',(5.107238632863E0,6.347087644645E0,
-1.665159128459E2));
#10749=CARTESIAN_POINT('',(5.293893931968E0,6.662008325015E0,
-1.668017310187E2));
#10750=CARTESIAN_POINT('',(5.482792524590E0,6.924498072887E0,
-1.670553263408E2));
#10751=CARTESIAN_POINT('',(5.653117253421E0,7.132093873149E0,
-1.672681312154E2));
#10752=CARTESIAN_POINT('',(5.798593853226E0,7.295331396738E0,
-1.674463541605E2));
#10753=CARTESIAN_POINT('',(5.922183209053E0,7.427028534264E0,
-1.676008458870E2));
#10754=CARTESIAN_POINT('',(6.031876178552E0,7.539375891434E0,
-1.677442205304E2));
#10755=CARTESIAN_POINT('',(6.098177589293E0,7.605060085295E0,
-1.678368407405E2));
#10756=CARTESIAN_POINT('',(6.129946995820E0,7.636147425230E0,
-1.678833289042E2));
#10757=CARTESIAN_POINT('',(4.303265036045E0,4.531399651572E0,
-1.638106281249E2));
#10758=CARTESIAN_POINT('',(4.295197381349E0,4.570543499214E0,
-1.638433985581E2));
#10759=CARTESIAN_POINT('',(4.273528539945E0,4.687513942650E0,
-1.639374088451E2));
#10760=CARTESIAN_POINT('',(4.240096690950E0,4.917221178177E0,
-1.641131646735E2));
#10761=CARTESIAN_POINT('',(4.206502297680E0,5.207018753961E0,
-1.643512316591E2));
#10762=CARTESIAN_POINT('',(4.183205918417E0,5.536989110031E0,
-1.646387603547E2));
#10763=CARTESIAN_POINT('',(4.179240096867E0,5.892467252037E0,
-1.649707417611E2));
#10764=CARTESIAN_POINT('',(4.203269979657E0,6.256183812392E0,
-1.653433341452E2));
#10765=CARTESIAN_POINT('',(4.262163334634E0,6.609863219348E0,
-1.657431258527E2));
#10766=CARTESIAN_POINT('',(4.355702300796E0,6.927534089073E0,
-1.661464227348E2));
#10767=CARTESIAN_POINT('',(4.471505365694E0,7.187618442229E0,
-1.665199999467E2));
#10768=CARTESIAN_POINT('',(4.590106450964E0,7.386318296680E0,
-1.668414495572E2));
#10769=CARTESIAN_POINT('',(4.700330651833E0,7.534552573812E0,
-1.671116876967E2));
#10770=CARTESIAN_POINT('',(4.799801254483E0,7.646654071931E0,
-1.673427503713E2));
#10771=CARTESIAN_POINT('',(4.892170886266E0,7.734681110376E0,
-1.675512185612E2));
#10772=CARTESIAN_POINT('',(4.950252429274E0,7.781379181573E0,
-1.676807439661E2));
#10773=CARTESIAN_POINT('',(4.978660303283E0,7.802370069670E0,
-1.677442012297E2));
#10774=CARTESIAN_POINT('',(4.945675588353E0,4.748389636831E0,
-1.628550875089E2));
#10775=CARTESIAN_POINT('',(4.926915656180E0,4.780095932075E0,
-1.628790821337E2));
#10776=CARTESIAN_POINT('',(4.874749479732E0,4.888055969903E0,
-1.629514222612E2));
#10777=CARTESIAN_POINT('',(4.784656006319E0,5.138321540025E0,
-1.630985634987E2));
#10778=CARTESIAN_POINT('',(4.672300112937E0,5.443713392440E0,
-1.633010467891E2));
#10779=CARTESIAN_POINT('',(4.551333991503E0,5.795932876333E0,
-1.635550050835E2));
#10780=CARTESIAN_POINT('',(4.432442989073E0,6.183077779531E0,
-1.638617850359E2));
#10781=CARTESIAN_POINT('',(4.325071506875E0,6.583330364512E0,
-1.642217894876E2));
#10782=CARTESIAN_POINT('',(4.241576232281E0,6.985804176940E0,
-1.646299348776E2));
#10783=CARTESIAN_POINT('',(4.191952312501E0,7.361253623172E0,
-1.650664346682E2));
#10784=CARTESIAN_POINT('',(4.177819577519E0,7.685431744909E0,
-1.654971180156E2));
#10785=CARTESIAN_POINT('',(4.189290768679E0,7.947269254903E0,
-1.658909087604E2));
#10786=CARTESIAN_POINT('',(4.214324963549E0,8.152045579921E0,
-1.662398146720E2));
#10787=CARTESIAN_POINT('',(4.245544690639E0,8.313251161914E0,
-1.665520144504E2));
#10788=CARTESIAN_POINT('',(4.280225169568E0,8.442901037410E0,
-1.668437200136E2));
#10789=CARTESIAN_POINT('',(4.305029150788E0,8.512770967723E0,
-1.670305543544E2));
#10790=CARTESIAN_POINT('',(4.317899490014E0,8.544239821239E0,
-1.671233242399E2));
#10791=CARTESIAN_POINT('',(6.092770173921E0,4.802444876045E0,
-1.626227295010E2));
#10792=CARTESIAN_POINT('',(6.071409930696E0,4.833852735063E0,
-1.626338395219E2));
#10793=CARTESIAN_POINT('',(6.011326263858E0,4.944801405099E0,
-1.626708147235E2));
#10794=CARTESIAN_POINT('',(5.903985081527E0,5.212473582884E0,
-1.627573651553E2));
#10795=CARTESIAN_POINT('',(5.762897222445E0,5.538457982957E0,
-1.628797578480E2));
#10796=CARTESIAN_POINT('',(5.599517685422E0,5.918043234232E0,
-1.630417861956E2));
#10797=CARTESIAN_POINT('',(5.422058332342E0,6.342454600626E0,
-1.632506917671E2));
#10798=CARTESIAN_POINT('',(5.237169489982E0,6.789458837370E0,
-1.635111560430E2));
#10799=CARTESIAN_POINT('',(5.057537956693E0,7.254671406151E0,
-1.638284853868E2));
#10800=CARTESIAN_POINT('',(4.898574328391E0,7.709079143576E0,
-1.641944608820E2));
#10801=CARTESIAN_POINT('',(4.773786370963E0,8.126301868539E0,
-1.645859198773E2));
#10802=CARTESIAN_POINT('',(4.685481784998E0,8.486322430598E0,
-1.649733682362E2));
#10803=CARTESIAN_POINT('',(4.625295595139E0,8.786061826269E0,
-1.653415082177E2));
#10804=CARTESIAN_POINT('',(4.584116028834E0,9.036304358349E0,
-1.656918783566E2));
#10805=CARTESIAN_POINT('',(4.554537824794E0,9.249136140673E0,
-1.660362018106E2));
#10806=CARTESIAN_POINT('',(4.540501687599E0,9.370761041801E0,
-1.662671752877E2));
#10807=CARTESIAN_POINT('',(4.534760910738E0,9.427143926358E0,
-1.663844289775E2));
#10808=(BOUNDED_SURFACE()B_SPLINE_SURFACE(3,3,((#10740,#10741,#10742,#10743,
#10744,#10745,#10746,#10747,#10748,#10749,#10750,#10751,#10752,#10753,#10754,
#10755,#10756),(#10757,#10758,#10759,#10760,#10761,#10762,#10763,#10764,#10765,
#10766,#10767,#10768,#10769,#10770,#10771,#10772,#10773),(#10774,#10775,#10776,
#10777,#10778,#10779,#10780,#10781,#10782,#10783,#10784,#10785,#10786,#10787,
#10788,#10789,#10790),(#10791,#10792,#10793,#10794,#10795,#10796,#10797,#10798,
#10799,#10800,#10801,#10802,#10803,#10804,#10805,#10806,#10807)),.UNSPECIFIED.,
.F.,.F.,.F.)B_SPLINE_SURFACE_WITH_KNOTS((4,4),(4,1,1,1,1,1,1,1,1,1,1,1,1,1,4),(
0.E0,1.E0),(-3.264583668666E-2,0.E0,5.919134498118E-2,1.318227566528E-1,
2.155704685865E-1,3.080811537604E-1,4.070060664642E-1,5.100696069980E-1,
6.132835954959E-1,7.093833269478E-1,7.939254587938E-1,8.686953148682E-1,
9.364410231866E-1,1.E0,1.064191527043E0),.UNSPECIFIED.)GEOMETRIC_REPRESENTATION_ITEM()RATIONAL_B_SPLINE_SURFACE(((1.171589302482E0,1.171589302482E0,
1.171589302482E0,1.171589302482E0,1.171589302482E0,1.171589302482E0,
1.171589302482E0,1.171589302482E0,1.171589302482E0,1.171589302482E0,
1.171589302482E0,1.171589302482E0,1.171589302482E0,1.171589302482E0,
1.171589302482E0,1.171589302482E0,1.171589302482E0),(9.428035658394E-1,
9.428035658394E-1,9.428035658394E-1,9.428035658394E-1,9.428035658394E-1,
9.428035658394E-1,9.428035658394E-1,9.428035658394E-1,9.428035658394E-1,
9.428035658394E-1,9.428035658394E-1,9.428035658394E-1,9.428035658394E-1,
9.428035658394E-1,9.428035658394E-1,9.428035658394E-1,9.428035658394E-1),(
9.428035658394E-1,9.428035658394E-1,9.428035658394E-1,9.428035658394E-1,
9.428035658394E-1,9.428035658394E-1,9.428035658394E-1,9.428035658394E-1,
9.428035658394E-1,9.428035658394E-1,9.428035658394E-1,9.428035658394E-1,
9.428035658394E-1,9.428035658394E-1,9.428035658394E-1,9.428035658394E-1,
9.428035658394E-1),(1.171589302482E0,1.171589302482E0,1.171589302482E0,
1.171589302482E0,1.171589302482E0,1.171589302482E0,1.171589302482E0,
1.171589302482E0,1.171589302482E0,1.171589302482E0,1.171589302482E0,
1.171589302482E0,1.171589302482E0,1.171589302482E0,1.171589302482E0,
1.171589302482E0,1.171589302482E0)))REPRESENTATION_ITEM('')SURFACE());
#10810=ORIENTED_EDGE('',*,*,#10809,.F.);
#10812=ORIENTED_EDGE('',*,*,#10811,.T.);
#10813=ORIENTED_EDGE('',*,*,#10721,.F.);
#10814=EDGE_LOOP('',(#10810,#10812,#10813));
#10815=FACE_OUTER_BOUND('',#10814,.F.);
#10816=ADVANCED_FACE('',(#10815),#10808,.T.);
#10817=CARTESIAN_POINT('',(5.350819883310E0,6.144714020086E0,
-1.670457853483E2));
#10818=CARTESIAN_POINT('',(5.350776577104E0,6.146315913889E0,
-1.670453683579E2));
#10819=CARTESIAN_POINT('',(5.342775704102E0,6.151301221903E0,
-1.670350767143E2));
#10820=CARTESIAN_POINT('',(5.309169153391E0,6.155411096591E0,
-1.669917685584E2));
#10821=CARTESIAN_POINT('',(5.256347734693E0,6.147937918070E0,
-1.669211499009E2));
#10822=CARTESIAN_POINT('',(5.193317482764E0,6.125491406840E0,
-1.668323483486E2));
#10823=CARTESIAN_POINT('',(5.124113225397E0,6.087182758680E0,
-1.667285113376E2));
#10824=CARTESIAN_POINT('',(5.053108044332E0,6.033657633432E0,
-1.666140299338E2));
#10825=CARTESIAN_POINT('',(4.983054414001E0,5.966136869644E0,
-1.664917230017E2));
#10826=CARTESIAN_POINT('',(4.917524549062E0,5.888753464527E0,
-1.663673215640E2));
#10827=CARTESIAN_POINT('',(4.855960657026E0,5.801284178421E0,
-1.662398513265E2));
#10828=CARTESIAN_POINT('',(4.796825201682E0,5.701653106968E0,
-1.661054371039E2));
#10829=CARTESIAN_POINT('',(4.738277227355E0,5.583963989897E0,
-1.659575527649E2));
#10830=CARTESIAN_POINT('',(4.680417223543E0,5.443528766467E0,
-1.657914925115E2));
#10831=CARTESIAN_POINT('',(4.625741831318E0,5.277416940983E0,
-1.656078385177E2));
#10832=CARTESIAN_POINT('',(4.576323415998E0,5.083364202962E0,
-1.654052388015E2));
#10833=CARTESIAN_POINT('',(4.535053167456E0,4.860297354712E0,
-1.651857176546E2));
#10834=CARTESIAN_POINT('',(4.503978043876E0,4.602240673897E0,
-1.649426717585E2));
#10835=CARTESIAN_POINT('',(4.488995155708E0,4.340809521067E0,
-1.647092485851E2));
#10836=CARTESIAN_POINT('',(4.487862157386E0,4.156937957823E0,
-1.645708581626E2));
#10837=CARTESIAN_POINT('',(4.488812477608E0,4.071772623825E0,
-1.645143239979E2));
#10838=CARTESIAN_POINT('',(5.478889763267E0,6.918937104946E0,
-1.671058325804E2));
#10839=CARTESIAN_POINT('',(5.464033733520E0,6.924810043325E0,
-1.670873665786E2));
#10840=CARTESIAN_POINT('',(5.425941085657E0,6.935401321673E0,
-1.670405955744E2));
#10841=CARTESIAN_POINT('',(5.351822646531E0,6.941126893989E0,
-1.669458495915E2));
#10842=CARTESIAN_POINT('',(5.268147759606E0,6.930722025354E0,
-1.668318266782E2));
#10843=CARTESIAN_POINT('',(5.182194793056E0,6.902927233140E0,
-1.667053227822E2));
#10844=CARTESIAN_POINT('',(5.096303215475E0,6.857822941237E0,
-1.665675480737E2));
#10845=CARTESIAN_POINT('',(5.013207509482E0,6.796268748206E0,
-1.664209043470E2));
#10846=CARTESIAN_POINT('',(4.936557328725E0,6.720747151586E0,
-1.662708564784E2));
#10847=CARTESIAN_POINT('',(4.867360063331E0,6.634865966485E0,
-1.661200397382E2));
#10848=CARTESIAN_POINT('',(4.805362496492E0,6.538985570982E0,
-1.659686567198E2));
#10849=CARTESIAN_POINT('',(4.748391050642E0,6.430684041881E0,
-1.658113668603E2));
#10850=CARTESIAN_POINT('',(4.694969909922E0,6.303962116931E0,
-1.656412657684E2));
#10851=CARTESIAN_POINT('',(4.645538726714E0,6.154053331067E0,
-1.654534151616E2));
#10852=CARTESIAN_POINT('',(4.602308189097E0,5.976817512570E0,
-1.652463736864E2));
#10853=CARTESIAN_POINT('',(4.568676063357E0,5.772567962408E0,
-1.650240049375E2));
#10854=CARTESIAN_POINT('',(4.546599018970E0,5.537213848156E0,
-1.647831594322E2));
#10855=CARTESIAN_POINT('',(4.539706616361E0,5.272157281440E0,
-1.645300032542E2));
#10856=CARTESIAN_POINT('',(4.548852892838E0,4.994324398970E0,
-1.642729594655E2));
#10857=CARTESIAN_POINT('',(4.565710119632E0,4.781876589368E0,
-1.640970064795E2));
#10858=CARTESIAN_POINT('',(4.575769528638E0,4.678446138836E0,
-1.640172594677E2));
#10859=CARTESIAN_POINT('',(5.370769951545E0,7.659760974524E0,
-1.673486927156E2));
#10860=CARTESIAN_POINT('',(5.341405415508E0,7.669720708857E0,
-1.673125213772E2));
#10861=CARTESIAN_POINT('',(5.273252214096E0,7.685676121544E0,
-1.672292649298E2));
#10862=CARTESIAN_POINT('',(5.156970548788E0,7.692947691896E0,
-1.670809371067E2));
#10863=CARTESIAN_POINT('',(5.039165495917E0,7.679737603348E0,
-1.669191739464E2));
#10864=CARTESIAN_POINT('',(4.926091469377E0,7.646825249681E0,
-1.667491649984E2));
#10865=CARTESIAN_POINT('',(4.818726972543E0,7.595218471361E0,
-1.665704567764E2));
#10866=CARTESIAN_POINT('',(4.718526188900E0,7.525981576560E0,
-1.663838287149E2));
#10867=CARTESIAN_POINT('',(4.630221444295E0,7.442804295094E0,
-1.661975458221E2));
#10868=CARTESIAN_POINT('',(4.552573438130E0,7.348791915802E0,
-1.660116368580E2));
#10869=CARTESIAN_POINT('',(4.485585844134E0,7.244863257810E0,
-1.658273846279E2));
#10870=CARTESIAN_POINT('',(4.426348225996E0,7.128265305998E0,
-1.656377262349E2));
#10871=CARTESIAN_POINT('',(4.373605810866E0,6.992900239532E0,
-1.654349029241E2));
#10872=CARTESIAN_POINT('',(4.328137826820E0,6.833926571312E0,
-1.652133997890E2));
#10873=CARTESIAN_POINT('',(4.292060085499E0,6.646046637819E0,
-1.649698371174E2));
#10874=CARTESIAN_POINT('',(4.270221925268E0,6.432040155870E0,
-1.647130855768E2));
#10875=CARTESIAN_POINT('',(4.263879290692E0,6.184928836072E0,
-1.644350794023E2));
#10876=CARTESIAN_POINT('',(4.278363293388E0,5.913174351583E0,
-1.641539993810E2));
#10877=CARTESIAN_POINT('',(4.310026871684E0,5.619647293807E0,
-1.638565154003E2));
#10878=CARTESIAN_POINT('',(4.344413838200E0,5.379682528740E0,
-1.636333699416E2));
#10879=CARTESIAN_POINT('',(4.363461257940E0,5.258634747564E0,
-1.635265807347E2));
#10880=CARTESIAN_POINT('',(5.042207438208E0,8.259289157970E0,
-1.677389946589E2));
#10881=CARTESIAN_POINT('',(5.000751688440E0,8.272556222768E0,
-1.676880403328E2));
#10882=CARTESIAN_POINT('',(4.906947290772E0,8.292852680404E0,
-1.675736062413E2));
#10883=CARTESIAN_POINT('',(4.752991877830E0,8.301375384031E0,
-1.673773564328E2));
#10884=CARTESIAN_POINT('',(4.602750811464E0,8.285895108914E0,
-1.671704701096E2));
#10885=CARTESIAN_POINT('',(4.462307396264E0,8.248841254889E0,
-1.669574896462E2));
#10886=CARTESIAN_POINT('',(4.331811780650E0,8.191972194898E0,
-1.667368138112E2));
#10887=CARTESIAN_POINT('',(4.211982616698E0,8.116517902920E0,
-1.665082028770E2));
#10888=CARTESIAN_POINT('',(4.108662710849E0,8.027145088321E0,
-1.662824682819E2));
#10889=CARTESIAN_POINT('',(4.019011422363E0,7.926552359390E0,
-1.660579011405E2));
#10890=CARTESIAN_POINT('',(3.943204215829E0,7.816110466084E0,
-1.658366104679E2));
#10891=CARTESIAN_POINT('',(3.877600297767E0,7.692798449779E0,
-1.656098049239E2));
#10892=CARTESIAN_POINT('',(3.820989647975E0,7.550438728924E0,
-1.653685197196E2));
#10893=CARTESIAN_POINT('',(3.774442025903E0,7.384129103164E0,
-1.651064031665E2));
#10894=CARTESIAN_POINT('',(3.740183261481E0,7.187635183013E0,
-1.648185046728E2));
#10895=CARTESIAN_POINT('',(3.724429023662E0,6.965732687138E0,
-1.645177642249E2));
#10896=CARTESIAN_POINT('',(3.728070383888E0,6.709106587414E0,
-1.641921732951E2));
#10897=CARTESIAN_POINT('',(3.758011133382E0,6.431931664087E0,
-1.638694228060E2));
#10898=CARTESIAN_POINT('',(3.807300643222E0,6.125703746095E0,
-1.635205689237E2));
#10899=CARTESIAN_POINT('',(3.856203764562E0,5.863288992915E0,
-1.632474743782E2));
#10900=CARTESIAN_POINT('',(3.882809068131E0,5.727837523569E0,
-1.631137521586E2));
#10901=(BOUNDED_SURFACE()B_SPLINE_SURFACE(3,3,((#10817,#10818,#10819,#10820,
#10821,#10822,#10823,#10824,#10825,#10826,#10827,#10828,#10829,#10830,#10831,
#10832,#10833,#10834,#10835,#10836,#10837),(#10838,#10839,#10840,#10841,#10842,
#10843,#10844,#10845,#10846,#10847,#10848,#10849,#10850,#10851,#10852,#10853,
#10854,#10855,#10856,#10857,#10858),(#10859,#10860,#10861,#10862,#10863,#10864,
#10865,#10866,#10867,#10868,#10869,#10870,#10871,#10872,#10873,#10874,#10875,
#10876,#10877,#10878,#10879),(#10880,#10881,#10882,#10883,#10884,#10885,#10886,
#10887,#10888,#10889,#10890,#10891,#10892,#10893,#10894,#10895,#10896,#10897,
#10898,#10899,#10900)),.UNSPECIFIED.,.F.,.F.,.F.)B_SPLINE_SURFACE_WITH_KNOTS((4,
4),(4,1,1,1,1,1,1,1,1,1,1,1,1,1,1,1,1,1,4),(0.E0,1.E0),(-4.712988589510E-2,0.E0,
4.644710124334E-2,9.176535131498E-2,1.379113580717E-1,1.864403335653E-1,
2.374578170691E-1,2.888848564200E-1,3.395548561507E-1,3.899743398837E-1,
4.421103746456E-1,4.991414162070E-1,5.638850657492E-1,6.359908191741E-1,
7.143916518203E-1,8.006036435709E-1,8.954147094439E-1,1.E0,1.084503357828E0),
.UNSPECIFIED.)GEOMETRIC_REPRESENTATION_ITEM()RATIONAL_B_SPLINE_SURFACE(((
1.037786827889E0,1.037786827889E0,1.037786827889E0,1.037786827889E0,
1.037786827889E0,1.037786827889E0,1.037786827889E0,1.037786827889E0,
1.037786827889E0,1.037786827889E0,1.037786827889E0,1.037786827889E0,
1.037786827889E0,1.037786827889E0,1.037786827889E0,1.037786827889E0,
1.037786827889E0,1.037786827889E0,1.037786827889E0,1.037786827889E0,
1.037786827889E0),(9.874043907035E-1,9.874043907035E-1,9.874043907035E-1,
9.874043907035E-1,9.874043907035E-1,9.874043907035E-1,9.874043907035E-1,
9.874043907035E-1,9.874043907035E-1,9.874043907035E-1,9.874043907035E-1,
9.874043907035E-1,9.874043907035E-1,9.874043907035E-1,9.874043907035E-1,
9.874043907035E-1,9.874043907035E-1,9.874043907035E-1,9.874043907035E-1,
9.874043907035E-1,9.874043907035E-1),(9.874043907035E-1,9.874043907035E-1,
9.874043907035E-1,9.874043907035E-1,9.874043907035E-1,9.874043907035E-1,
9.874043907035E-1,9.874043907035E-1,9.874043907035E-1,9.874043907035E-1,
9.874043907035E-1,9.874043907035E-1,9.874043907035E-1,9.874043907035E-1,
9.874043907035E-1,9.874043907035E-1,9.874043907035E-1,9.874043907035E-1,
9.874043907035E-1,9.874043907035E-1,9.874043907035E-1),(1.037786827889E0,
1.037786827889E0,1.037786827889E0,1.037786827889E0,1.037786827889E0,
1.037786827889E0,1.037786827889E0,1.037786827889E0,1.037786827889E0,
1.037786827889E0,1.037786827889E0,1.037786827889E0,1.037786827889E0,
1.037786827889E0,1.037786827889E0,1.037786827889E0,1.037786827889E0,
1.037786827889E0,1.037786827889E0,1.037786827889E0,1.037786827889E0)))REPRESENTATION_ITEM('')SURFACE());
#10903=ORIENTED_EDGE('',*,*,#10902,.F.);
#10905=ORIENTED_EDGE('',*,*,#10904,.T.);
#10906=ORIENTED_EDGE('',*,*,#10809,.T.);
#10907=EDGE_LOOP('',(#10903,#10905,#10906));
#10908=FACE_OUTER_BOUND('',#10907,.F.);
#10909=ADVANCED_FACE('',(#10908),#10901,.F.);
#10910=CARTESIAN_POINT('',(8.5E0,4.07684E1,-1.645637434320E2));
#10911=DIRECTION('',(0.E0,-1.E0,0.E0));
#10912=DIRECTION('',(-1.E0,0.E0,0.E0));
#10913=AXIS2_PLACEMENT_3D('',#10910,#10911,#10912);
#10914=CYLINDRICAL_SURFACE('',#10913,4.E0);
#10916=ORIENTED_EDGE('',*,*,#10915,.T.);
#10918=ORIENTED_EDGE('',*,*,#10917,.T.);
#10919=ORIENTED_EDGE('',*,*,#10902,.T.);
#10920=ORIENTED_EDGE('',*,*,#10735,.T.);
#10922=ORIENTED_EDGE('',*,*,#10921,.T.);
#10924=ORIENTED_EDGE('',*,*,#10923,.F.);
#10925=EDGE_LOOP('',(#10916,#10918,#10919,#10920,#10922,#10924));
#10926=FACE_OUTER_BOUND('',#10925,.F.);
#10927=ADVANCED_FACE('',(#10926),#10914,.T.);
#10928=CARTESIAN_POINT('',(6.126991856403E0,5.884030946016E0,
-1.678301850155E2));
#10929=CARTESIAN_POINT('',(6.126427913934E0,5.884031915781E0,
-1.678297753093E2));
#10930=CARTESIAN_POINT('',(6.116470667970E0,5.884040478542E0,
-1.678225375052E2));
#10931=CARTESIAN_POINT('',(6.097179137115E0,5.883763196888E0,
-1.678083833033E2));
#10932=CARTESIAN_POINT('',(6.069254635932E0,5.882551648073E0,
-1.677875327201E2));
#10933=CARTESIAN_POINT('',(6.050200271666E0,5.881165195955E0,
-1.677730547776E2));
#10934=CARTESIAN_POINT('',(6.040427864824E0,5.880300610285E0,
-1.677655607215E2));
#10935=CARTESIAN_POINT('',(6.039875032526E0,5.880251206831E0,
-1.677651365562E2));
#10936=CARTESIAN_POINT('',(6.223899600838E0,6.911534704588E0,
-1.676980762438E2));
#10937=CARTESIAN_POINT('',(6.223154829963E0,6.911535866479E0,
-1.676975353853E2));
#10938=CARTESIAN_POINT('',(6.210005707482E0,6.911546125462E0,
-1.676879793893E2));
#10939=CARTESIAN_POINT('',(6.184561885495E0,6.911213926225E0,
-1.676692480448E2));
#10940=CARTESIAN_POINT('',(6.147828588574E0,6.909762572122E0,
-1.676415423356E2));
#10941=CARTESIAN_POINT('',(6.122836344350E0,6.908102036256E0,
-1.676222329318E2));
#10942=CARTESIAN_POINT('',(6.110040149207E0,6.907066726860E0,
-1.676122201399E2));
#10943=CARTESIAN_POINT('',(6.109316328533E0,6.907007568554E0,
-1.676116533570E2));
#10944=CARTESIAN_POINT('',(6.020398968034E0,7.892349847450E0,
-1.679794957889E2));
#10945=CARTESIAN_POINT('',(6.019399325568E0,7.892351192737E0,
-1.679787699883E2));
#10946=CARTESIAN_POINT('',(6.001750995583E0,7.892363070867E0,
-1.679659455422E2));
#10947=CARTESIAN_POINT('',(5.967622424982E0,7.891978449441E0,
-1.679407781684E2));
#10948=CARTESIAN_POINT('',(5.918415855847E0,7.890298186533E0,
-1.679034775396E2));
#10949=CARTESIAN_POINT('',(5.884986212763E0,7.888376020976E0,
-1.678774333242E2));
#10950=CARTESIAN_POINT('',(5.867884582270E0,7.887177745347E0,
-1.678639163539E2));
#10951=CARTESIAN_POINT('',(5.866917270401E0,7.887109275439E0,
-1.678631511764E2));
#10952=CARTESIAN_POINT('',(5.566007716164E0,8.587814870770E0,
-1.686059659032E2));
#10953=CARTESIAN_POINT('',(5.564741176763E0,8.587816346098E0,
-1.686050463727E2));
#10954=CARTESIAN_POINT('',(5.542381099322E0,8.587829372313E0,
-1.685887985296E2));
#10955=CARTESIAN_POINT('',(5.499148580341E0,8.587407579970E0,
-1.685569023168E2));
#10956=CARTESIAN_POINT('',(5.436839380729E0,8.585565005062E0,
-1.685096017042E2));
#10957=CARTESIAN_POINT('',(5.394525890040E0,8.583457326158E0,
-1.684765581071E2));
#10958=CARTESIAN_POINT('',(5.372884817658E0,8.582143496325E0,
-1.684594041867E2));
#10959=CARTESIAN_POINT('',(5.371660760426E0,8.582068423853E0,
-1.684584331129E2));
#10960=(BOUNDED_SURFACE()B_SPLINE_SURFACE(3,3,((#10928,#10929,#10930,#10931,
#10932,#10933,#10934,#10935),(#10936,#10937,#10938,#10939,#10940,#10941,#10942,
#10943),(#10944,#10945,#10946,#10947,#10948,#10949,#10950,#10951),(#10952,
#10953,#10954,#10955,#10956,#10957,#10958,#10959)),.UNSPECIFIED.,.F.,.F.,.F.)B_SPLINE_SURFACE_WITH_KNOTS((4,4),(4,1,1,1,1,4),(0.E0,1.E0),(-1.999996447727E-2,
0.E0,3.331933593713E-1,6.664947093955E-1,1.E0,1.020002253514E0),.UNSPECIFIED.)GEOMETRIC_REPRESENTATION_ITEM()RATIONAL_B_SPLINE_SURFACE(((1.064772720030E0,
1.064772720030E0,1.064772720030E0,1.064772720030E0,1.064772720030E0,
1.064772720030E0,1.064772720030E0,1.064772720030E0),(9.784090933232E-1,
9.784090933232E-1,9.784090933232E-1,9.784090933232E-1,9.784090933232E-1,
9.784090933232E-1,9.784090933232E-1,9.784090933232E-1),(9.784090933232E-1,
9.784090933232E-1,9.784090933232E-1,9.784090933232E-1,9.784090933232E-1,
9.784090933232E-1,9.784090933232E-1,9.784090933232E-1),(1.064772720030E0,
1.064772720030E0,1.064772720030E0,1.064772720030E0,1.064772720030E0,
1.064772720030E0,1.064772720030E0,1.064772720030E0)))REPRESENTATION_ITEM('')SURFACE());
#10961=ORIENTED_EDGE('',*,*,#10915,.F.);
#10963=ORIENTED_EDGE('',*,*,#10962,.T.);
#10965=ORIENTED_EDGE('',*,*,#10964,.T.);
#10967=ORIENTED_EDGE('',*,*,#10966,.F.);
#10968=EDGE_LOOP('',(#10961,#10963,#10965,#10967));
#10969=FACE_OUTER_BOUND('',#10968,.F.);
#10970=ADVANCED_FACE('',(#10969),#10960,.F.);
#10971=CARTESIAN_POINT('',(7.059359274507E0,6.356425121165E0,
-1.721714859553E2));
#10972=DIRECTION('',(-8.087360843032E-1,0.E0,5.881716976750E-1));
#10973=DIRECTION('',(5.881716976750E-1,0.E0,8.087360843032E-1));
#10974=AXIS2_PLACEMENT_3D('',#10971,#10972,#10973);
#10975=CYLINDRICAL_SURFACE('',#10974,3.E0);
#10977=ORIENTED_EDGE('',*,*,#10976,.F.);
#10979=ORIENTED_EDGE('',*,*,#10978,.T.);
#10981=ORIENTED_EDGE('',*,*,#10980,.T.);
#10982=ORIENTED_EDGE('',*,*,#10962,.F.);
#10983=EDGE_LOOP('',(#10977,#10979,#10981,#10982));
#10984=FACE_OUTER_BOUND('',#10983,.F.);
#10985=ADVANCED_FACE('',(#10984),#10975,.F.);
#10986=CARTESIAN_POINT('',(7.25E0,8.E0,-1.686006417988E2));
#10987=DIRECTION('',(-5.881716976750E-1,0.E0,-8.087360843032E-1));
#10988=DIRECTION('',(-8.087360843032E-1,0.E0,5.881716976750E-1));
#10989=AXIS2_PLACEMENT_3D('',#10986,#10987,#10988);
#10990=PLANE('',#10989);
#10991=ORIENTED_EDGE('',*,*,#10976,.T.);
#10992=ORIENTED_EDGE('',*,*,#10923,.T.);
#10994=ORIENTED_EDGE('',*,*,#10993,.T.);
#10996=ORIENTED_EDGE('',*,*,#10995,.F.);
#10997=EDGE_LOOP('',(#10991,#10992,#10994,#10996));
#10998=FACE_OUTER_BOUND('',#10997,.F.);
#10999=ADVANCED_FACE('',(#10998),#10990,.T.);
#11000=CARTESIAN_POINT('',(0.E0,0.E0,0.E0));
#11001=DIRECTION('',(0.E0,1.E0,0.E0));
#11002=DIRECTION('',(1.E0,0.E0,0.E0));
#11003=AXIS2_PLACEMENT_3D('',#11000,#11001,#11002);
#11004=PLANE('',#11003);
#11005=ORIENTED_EDGE('',*,*,#5918,.T.);
#11007=ORIENTED_EDGE('',*,*,#11006,.F.);
#11009=ORIENTED_EDGE('',*,*,#11008,.F.);
#11011=ORIENTED_EDGE('',*,*,#11010,.F.);
#11012=ORIENTED_EDGE('',*,*,#10993,.F.);
#11013=ORIENTED_EDGE('',*,*,#10921,.F.);
#11014=ORIENTED_EDGE('',*,*,#10733,.F.);
#11015=ORIENTED_EDGE('',*,*,#5842,.F.);
#11017=ORIENTED_EDGE('',*,*,#11016,.F.);
#11019=ORIENTED_EDGE('',*,*,#11018,.F.);
#11021=ORIENTED_EDGE('',*,*,#11020,.F.);
#11023=ORIENTED_EDGE('',*,*,#11022,.F.);
#11025=ORIENTED_EDGE('',*,*,#11024,.F.);
#11027=ORIENTED_EDGE('',*,*,#11026,.F.);
#11028=EDGE_LOOP('',(#11005,#11007,#11009,#11011,#11012,#11013,#11014,#11015,
#11017,#11019,#11021,#11023,#11025,#11027));
#11029=FACE_OUTER_BOUND('',#11028,.F.);
#11030=ADVANCED_FACE('',(#11029),#11004,.T.);
#11031=CARTESIAN_POINT('',(1.1E1,6.818527839155E-1,-1.996006417988E2));
#11032=DIRECTION('',(-7.071067811865E-1,0.E0,-7.071067811865E-1));
#11033=DIRECTION('',(7.071067811865E-1,0.E0,-7.071067811865E-1));
#11034=AXIS2_PLACEMENT_3D('',#11031,#11032,#11033);
#11035=PLANE('',#11034);
#11036=ORIENTED_EDGE('',*,*,#5916,.F.);
#11038=ORIENTED_EDGE('',*,*,#11037,.F.);
#11040=ORIENTED_EDGE('',*,*,#11039,.T.);
#11041=ORIENTED_EDGE('',*,*,#11006,.T.);
#11042=EDGE_LOOP('',(#11036,#11038,#11040,#11041));
#11043=FACE_OUTER_BOUND('',#11042,.F.);
#11044=ADVANCED_FACE('',(#11043),#11035,.T.);
#11045=CARTESIAN_POINT('',(1.099999999656E1,1.363705567831E0,
-1.976006417988E2));
#11046=DIRECTION('',(1.E0,0.E0,0.E0));
#11047=DIRECTION('',(0.E0,0.E0,-1.E0));
#11048=AXIS2_PLACEMENT_3D('',#11045,#11046,#11047);
#11049=CONICAL_SURFACE('',#11048,1.999999996559E0,4.5E1);
#11051=ORIENTED_EDGE('',*,*,#11050,.T.);
#11052=ORIENTED_EDGE('',*,*,#11037,.T.);
#11054=ORIENTED_EDGE('',*,*,#11053,.F.);
#11056=ORIENTED_EDGE('',*,*,#11055,.F.);
#11057=EDGE_LOOP('',(#11051,#11052,#11054,#11056));
#11058=FACE_OUTER_BOUND('',#11057,.F.);
#11059=ADVANCED_FACE('',(#11058),#11049,.T.);
#11060=CARTESIAN_POINT('',(1.E1,1.6E1,-1.706006417988E2));
#11061=DIRECTION('',(1.E0,0.E0,0.E0));
#11062=DIRECTION('',(0.E0,0.E0,-1.E0));
#11063=AXIS2_PLACEMENT_3D('',#11060,#11061,#11062);
#11064=PLANE('',#11063);
#11066=ORIENTED_EDGE('',*,*,#11065,.T.);
#11068=ORIENTED_EDGE('',*,*,#11067,.T.);
#11069=ORIENTED_EDGE('',*,*,#11008,.T.);
#11070=ORIENTED_EDGE('',*,*,#11039,.F.);
#11071=ORIENTED_EDGE('',*,*,#11050,.F.);
#11073=ORIENTED_EDGE('',*,*,#11072,.F.);
#11075=ORIENTED_EDGE('',*,*,#11074,.F.);
#11077=ORIENTED_EDGE('',*,*,#11076,.T.);
#11078=EDGE_LOOP('',(#11066,#11068,#11069,#11070,#11071,#11073,#11075,#11077));
#11079=FACE_OUTER_BOUND('',#11078,.F.);
#11080=ADVANCED_FACE('',(#11079),#11064,.F.);
#11081=CARTESIAN_POINT('',(7.E0,4.455010109332E1,-2.103219915460E2));
#11082=DIRECTION('',(0.E0,-7.071067811865E-1,7.071067811865E-1));
#11083=DIRECTION('',(1.E0,0.E0,0.E0));
#11084=AXIS2_PLACEMENT_3D('',#11081,#11082,#11083);
#11085=CYLINDRICAL_SURFACE('',#11084,3.E0);
#11087=ORIENTED_EDGE('',*,*,#11086,.F.);
#11089=ORIENTED_EDGE('',*,*,#11088,.T.);
#11091=ORIENTED_EDGE('',*,*,#11090,.F.);
#11092=ORIENTED_EDGE('',*,*,#11065,.F.);
#11093=EDGE_LOOP('',(#11087,#11089,#11091,#11092));
#11094=FACE_OUTER_BOUND('',#11093,.F.);
#11095=ADVANCED_FACE('',(#11094),#11085,.F.);
#11096=CARTESIAN_POINT('',(1.099996453318E1,1.118370961437E1,
-1.757711433914E2));
#11097=DIRECTION('',(-7.071067811865E-1,5.804103332845E-1,-4.038859306990E-1));
#11098=DIRECTION('',(7.071067811865E-1,5.804103332845E-1,-4.038859306990E-1));
#11099=AXIS2_PLACEMENT_3D('',#11096,#11097,#11098);
#11100=PLANE('',#11099);
#11101=ORIENTED_EDGE('',*,*,#11086,.T.);
#11102=ORIENTED_EDGE('',*,*,#11076,.F.);
#11104=ORIENTED_EDGE('',*,*,#11103,.T.);
#11106=ORIENTED_EDGE('',*,*,#11105,.T.);
#11108=ORIENTED_EDGE('',*,*,#11107,.F.);
#11109=ORIENTED_EDGE('',*,*,#6112,.T.);
#11110=ORIENTED_EDGE('',*,*,#10708,.T.);
#11111=ORIENTED_EDGE('',*,*,#10725,.F.);
#11113=ORIENTED_EDGE('',*,*,#11112,.F.);
#11115=ORIENTED_EDGE('',*,*,#11114,.T.);
#11117=ORIENTED_EDGE('',*,*,#11116,.T.);
#11118=EDGE_LOOP('',(#11101,#11102,#11104,#11106,#11108,#11109,#11110,#11111,
#11113,#11115,#11117));
#11119=FACE_OUTER_BOUND('',#11118,.F.);
#11120=ADVANCED_FACE('',(#11119),#11100,.T.);
#11121=CARTESIAN_POINT('',(1.100000000053E1,2.076363407816E1,
-1.835385626009E2));
#11122=DIRECTION('',(-1.E0,0.E0,0.E0));
#11123=DIRECTION('',(0.E0,0.E0,-1.E0));
#11124=AXIS2_PLACEMENT_3D('',#11121,#11122,#11123);
#11125=CONICAL_SURFACE('',#11124,1.229999999947E1,4.5E1);
#11126=ORIENTED_EDGE('',*,*,#11074,.T.);
#11128=ORIENTED_EDGE('',*,*,#11127,.T.);
#11130=ORIENTED_EDGE('',*,*,#11129,.F.);
#11131=ORIENTED_EDGE('',*,*,#11103,.F.);
#11132=EDGE_LOOP('',(#11126,#11128,#11130,#11131));
#11133=FACE_OUTER_BOUND('',#11132,.F.);
#11134=ADVANCED_FACE('',(#11133),#11125,.F.);
#11135=CARTESIAN_POINT('',(1.1E1,6.149897997541E0,-1.890277375989E2));
#11136=DIRECTION('',(-7.071067811865E-1,6.746721124234E-1,-2.117015368820E-1));
#11137=DIRECTION('',(7.071067811865E-1,6.746721124234E-1,-2.117015368820E-1));
#11138=AXIS2_PLACEMENT_3D('',#11135,#11136,#11137);
#11139=PLANE('',#11138);
#11140=ORIENTED_EDGE('',*,*,#11072,.T.);
#11141=ORIENTED_EDGE('',*,*,#11055,.T.);
#11143=ORIENTED_EDGE('',*,*,#11142,.F.);
#11144=ORIENTED_EDGE('',*,*,#11127,.F.);
#11145=EDGE_LOOP('',(#11140,#11141,#11143,#11144));
#11146=FACE_OUTER_BOUND('',#11145,.F.);
#11147=ADVANCED_FACE('',(#11146),#11139,.T.);
#11148=CARTESIAN_POINT('',(1.5E1,1.05E1,-1.785044992754E2));
#11149=DIRECTION('',(0.E0,-9.541304515440E-1,2.993911846338E-1));
#11150=DIRECTION('',(0.E0,-2.993911846338E-1,-9.541304515440E-1));
#11151=AXIS2_PLACEMENT_3D('',#11148,#11149,#11150);
#11152=PLANE('',#11151);
#11154=ORIENTED_EDGE('',*,*,#11153,.T.);
#11156=ORIENTED_EDGE('',*,*,#11155,.T.);
#11158=ORIENTED_EDGE('',*,*,#11157,.F.);
#11160=ORIENTED_EDGE('',*,*,#11159,.T.);
#11161=EDGE_LOOP('',(#11154,#11156,#11158,#11160));
#11162=FACE_OUTER_BOUND('',#11161,.F.);
#11163=ADVANCED_FACE('',(#11162),#11152,.F.);
#11164=CARTESIAN_POINT('',(1.5E1,1.05E1,-1.785044992754E2));
#11165=DIRECTION('',(0.E0,-9.541304515440E-1,2.993911846338E-1));
#11166=DIRECTION('',(0.E0,-2.993911846338E-1,-9.541304515440E-1));
#11167=AXIS2_PLACEMENT_3D('',#11164,#11165,#11166);
#11168=PLANE('',#11167);
#11169=ORIENTED_EDGE('',*,*,#11142,.T.);
#11171=ORIENTED_EDGE('',*,*,#11170,.T.);
#11173=ORIENTED_EDGE('',*,*,#11172,.T.);
#11175=ORIENTED_EDGE('',*,*,#11174,.T.);
#11176=EDGE_LOOP('',(#11169,#11171,#11173,#11175));
#11177=FACE_OUTER_BOUND('',#11176,.F.);
#11178=ADVANCED_FACE('',(#11177),#11168,.F.);
#11179=CARTESIAN_POINT('',(-1.1E1,6.149897997541E0,-1.890277375989E2));
#11180=DIRECTION('',(7.071067811865E-1,6.746721124234E-1,-2.117015368820E-1));
#11181=DIRECTION('',(-7.071067811865E-1,6.746721124234E-1,-2.117015368820E-1));
#11182=AXIS2_PLACEMENT_3D('',#11179,#11180,#11181);
#11183=PLANE('',#11182);
#11185=ORIENTED_EDGE('',*,*,#11184,.T.);
#11187=ORIENTED_EDGE('',*,*,#11186,.T.);
#11188=ORIENTED_EDGE('',*,*,#11153,.F.);
#11190=ORIENTED_EDGE('',*,*,#11189,.F.);
#11191=EDGE_LOOP('',(#11185,#11187,#11188,#11190));
#11192=FACE_OUTER_BOUND('',#11191,.F.);
#11193=ADVANCED_FACE('',(#11192),#11183,.T.);
#11194=CARTESIAN_POINT('',(-1.E1,1.6E1,-2.145566473324E2));
#11195=DIRECTION('',(-1.E0,0.E0,0.E0));
#11196=DIRECTION('',(0.E0,0.E0,1.E0));
#11197=AXIS2_PLACEMENT_3D('',#11194,#11195,#11196);
#11198=PLANE('',#11197);
#11200=ORIENTED_EDGE('',*,*,#11199,.T.);
#11202=ORIENTED_EDGE('',*,*,#11201,.T.);
#11204=ORIENTED_EDGE('',*,*,#11203,.F.);
#11205=ORIENTED_EDGE('',*,*,#11184,.F.);
#11207=ORIENTED_EDGE('',*,*,#11206,.F.);
#11209=ORIENTED_EDGE('',*,*,#11208,.F.);
#11210=ORIENTED_EDGE('',*,*,#11024,.T.);
#11212=ORIENTED_EDGE('',*,*,#11211,.F.);
#11213=EDGE_LOOP('',(#11200,#11202,#11204,#11205,#11207,#11209,#11210,#11212));
#11214=FACE_OUTER_BOUND('',#11213,.F.);
#11215=ADVANCED_FACE('',(#11214),#11198,.F.);
#11216=CARTESIAN_POINT('',(-7.E0,6.331217921313E0,-1.721031083740E2));
#11217=DIRECTION('',(0.E0,7.071067811865E-1,-7.071067811865E-1));
#11218=DIRECTION('',(-1.E0,0.E0,0.E0));
#11219=AXIS2_PLACEMENT_3D('',#11216,#11217,#11218);
#11220=CYLINDRICAL_SURFACE('',#11219,3.E0);
#11222=ORIENTED_EDGE('',*,*,#11221,.T.);
#11224=ORIENTED_EDGE('',*,*,#11223,.F.);
#11225=ORIENTED_EDGE('',*,*,#11199,.F.);
#11227=ORIENTED_EDGE('',*,*,#11226,.T.);
#11228=EDGE_LOOP('',(#11222,#11224,#11225,#11227));
#11229=FACE_OUTER_BOUND('',#11228,.F.);
#11230=ADVANCED_FACE('',(#11229),#11220,.F.);
#11231=CARTESIAN_POINT('',(-1.E1,7.417711987293E0,-1.706006417988E2));
#11232=DIRECTION('',(-4.573295603800E-1,6.288281455225E-1,6.288281455225E-1));
#11233=DIRECTION('',(8.892972917999E-1,3.233808333818E-1,3.233808333818E-1));
#11234=AXIS2_PLACEMENT_3D('',#11231,#11232,#11233);
#11235=PLANE('',#11234);
#11236=ORIENTED_EDGE('',*,*,#11221,.F.);
#11238=ORIENTED_EDGE('',*,*,#11237,.F.);
#11240=ORIENTED_EDGE('',*,*,#11239,.F.);
#11242=ORIENTED_EDGE('',*,*,#11241,.F.);
#11244=ORIENTED_EDGE('',*,*,#11243,.F.);
#11246=ORIENTED_EDGE('',*,*,#11245,.T.);
#11247=EDGE_LOOP('',(#11236,#11238,#11240,#11242,#11244,#11246));
#11248=FACE_OUTER_BOUND('',#11247,.F.);
#11249=ADVANCED_FACE('',(#11248),#11235,.F.);
#11250=CARTESIAN_POINT('',(-6.815537346827E0,4.992358758660E0,
-1.691435593550E2));
#11251=CARTESIAN_POINT('',(-7.228331015865E0,4.811200596848E0,
-1.692626147707E2));
#11252=CARTESIAN_POINT('',(-7.823951302005E0,4.698319198399E0,
-1.695829117622E2));
#11253=CARTESIAN_POINT('',(-8.477559033480E0,4.747929367771E0,
-1.701078730090E2));
#11254=CARTESIAN_POINT('',(-8.825718774383E0,4.832096536082E0,
-1.704452472616E2));
#11255=CARTESIAN_POINT('',(-9.114687299471E0,4.956422739460E0,
-1.707797323923E2));
#11256=CARTESIAN_POINT('',(-9.351910609546E0,5.111876299796E0,
-1.711077119963E2));
#11257=CARTESIAN_POINT('',(-9.544456369254E0,5.292915551577E0,
-1.714287845279E2));
#11258=CARTESIAN_POINT('',(-9.697888489643E0,5.496759921358E0,
-1.717442158943E2));
#11259=CARTESIAN_POINT('',(-9.815952507833E0,5.722633528883E0,
-1.720559542423E2));
#11260=CARTESIAN_POINT('',(-9.900555995024E0,5.971134488051E0,
-1.723659850104E2));
#11261=CARTESIAN_POINT('',(-9.951905984870E0,6.243604867077E0,
-1.726758008366E2));
#11262=CARTESIAN_POINT('',(-9.972118632945E0,6.602367542372E0,
-1.730492636195E2));
#11263=CARTESIAN_POINT('',(-9.946245476564E0,6.868149374840E0,
-1.732962286110E2));
#11264=CARTESIAN_POINT('',(-9.919921554756E0,7.033068077635E0,
-1.734420026434E2));
#11265=CARTESIAN_POINT('',(-7.480473411478E0,6.251683145898E0,
-1.685538991582E2));
#11266=CARTESIAN_POINT('',(-7.837604259723E0,6.095983322572E0,
-1.686579308609E2));
#11267=CARTESIAN_POINT('',(-8.350869256131E0,5.998737758340E0,
-1.689339689304E2));
#11268=CARTESIAN_POINT('',(-8.914134483317E0,6.041476735585E0,
-1.693863553456E2));
#11269=CARTESIAN_POINT('',(-9.214531518021E0,6.114075351493E0,
-1.696774245322E2));
#11270=CARTESIAN_POINT('',(-9.464397836708E0,6.221545809099E0,
-1.699666159488E2));
#11271=CARTESIAN_POINT('',(-9.670133993871E0,6.356323281388E0,
-1.702510197173E2));
#11272=CARTESIAN_POINT('',(-9.837745112657E0,6.513863374396E0,
-1.705304588057E2));
#11273=CARTESIAN_POINT('',(-9.971897012024E0,6.692020869288E0,
-1.708061813184E2));
#11274=CARTESIAN_POINT('',(-1.007564676126E1,6.890409672026E0,
-1.710800244842E2));
#11275=CARTESIAN_POINT('',(-1.015041311762E1,7.109866636439E0,
-1.713538569805E2));
#11276=CARTESIAN_POINT('',(-1.019607711171E1,7.351898337510E0,
-1.716290988591E2));
#11277=CARTESIAN_POINT('',(-1.021419876846E1,7.672495535478E0,
-1.719628754438E2));
#11278=CARTESIAN_POINT('',(-1.019100254299E1,7.911800679772E0,
-1.721853106059E2));
#11279=CARTESIAN_POINT('',(-1.016704656820E1,8.060867101319E0,
-1.723169545003E2));
#11280=CARTESIAN_POINT('',(-7.832121880080E0,7.680443990482E0,
-1.689597115472E2));
#11281=CARTESIAN_POINT('',(-8.036762088101E0,7.594488356893E0,
-1.690225851558E2));
#11282=CARTESIAN_POINT('',(-8.324411302237E0,7.540077818558E0,
-1.691773740459E2));
#11283=CARTESIAN_POINT('',(-8.640179436715E0,7.563992875784E0,
-1.694309386555E2));
#11284=CARTESIAN_POINT('',(-8.809728527616E0,7.604898955504E0,
-1.695951531650E2));
#11285=CARTESIAN_POINT('',(-8.952472706189E0,7.666192388166E0,
-1.697602605457E2));
#11286=CARTESIAN_POINT('',(-9.071948482760E0,7.744326847066E0,
-1.699252864785E2));
#11287=CARTESIAN_POINT('',(-9.171250103325E0,7.837490005615E0,
-1.700906689974E2));
#11288=CARTESIAN_POINT('',(-9.252583025766E0,7.945277225675E0,
-1.702576074338E2));
#11289=CARTESIAN_POINT('',(-9.317118232780E0,8.068370248956E0,
-1.704276351531E2));
#11290=CARTESIAN_POINT('',(-9.364935355214E0,8.208259967374E0,
-1.706023009605E2));
#11291=CARTESIAN_POINT('',(-9.395022324610E0,8.366903629131E0,
-1.707828260546E2));
#11292=CARTESIAN_POINT('',(-9.407415622612E0,8.582944895703E0,
-1.710078806288E2));
#11293=CARTESIAN_POINT('',(-9.391552962044E0,8.749716038430E0,
-1.711631152911E2));
#11294=CARTESIAN_POINT('',(-9.374084077772E0,8.855354468332E0,
-1.712560490779E2));
#11295=CARTESIAN_POINT('',(-7.702357231418E0,8.595541028548E0,
-1.701669748626E2));
#11296=CARTESIAN_POINT('',(-7.730585790583E0,8.590270265137E0,
-1.701822339604E2));
#11297=CARTESIAN_POINT('',(-7.757227167781E0,8.585414227563E0,
-1.701967534698E2));
#11298=CARTESIAN_POINT('',(-7.786673662143E0,8.587552480891E0,
-1.702203073554E2));
#11299=CARTESIAN_POINT('',(-7.804848862281E0,8.591794457444E0,
-1.702377676593E2));
#11300=CARTESIAN_POINT('',(-7.823666789783E0,8.599667135247E0,
-1.702593261026E2));
#11301=CARTESIAN_POINT('',(-7.843350631920E0,8.612273064833E0,
-1.702862475537E2));
#11302=CARTESIAN_POINT('',(-7.863627132021E0,8.630960562846E0,
-1.703196815973E2));
#11303=CARTESIAN_POINT('',(-7.883855433243E0,8.657338614479E0,
-1.703607711407E2));
#11304=CARTESIAN_POINT('',(-7.903024563734E0,8.693324307198E0,
-1.704106980192E2));
#11305=CARTESIAN_POINT('',(-7.919664960926E0,8.741165169108E0,
-1.704706409882E2));
#11306=CARTESIAN_POINT('',(-7.931731358006E0,8.803339818152E0,
-1.705415911988E2));
#11307=CARTESIAN_POINT('',(-7.937497697069E0,8.898423600201E0,
-1.706408686819E2));
#11308=CARTESIAN_POINT('',(-7.930119008200E0,8.981282426764E0,
-1.707183611893E2));
#11309=CARTESIAN_POINT('',(-7.920154835905E0,9.036680372388E0,
-1.707665124642E2));
#11310=(BOUNDED_SURFACE()B_SPLINE_SURFACE(3,3,((#11250,#11251,#11252,#11253,
#11254,#11255,#11256,#11257,#11258,#11259,#11260,#11261,#11262,#11263,#11264),(
#11265,#11266,#11267,#11268,#11269,#11270,#11271,#11272,#11273,#11274,#11275,
#11276,#11277,#11278,#11279),(#11280,#11281,#11282,#11283,#11284,#11285,#11286,
#11287,#11288,#11289,#11290,#11291,#11292,#11293,#11294),(#11295,#11296,#11297,
#11298,#11299,#11300,#11301,#11302,#11303,#11304,#11305,#11306,#11307,#11308,
#11309)),.UNSPECIFIED.,.F.,.F.,.F.)B_SPLINE_SURFACE_WITH_KNOTS((4,4),(4,1,1,1,1,
1,1,1,1,1,1,1,4),(0.E0,1.E0),(-2.771486706157E-1,0.E0,9.768608047001E-2,
1.903285156845E-1,2.801004604337E-1,3.691249175197E-1,4.594505436782E-1,
5.530265203157E-1,6.518696170487E-1,7.580267815400E-1,8.734567308789E-1,1.E0,
1.216493905821E0),.UNSPECIFIED.)GEOMETRIC_REPRESENTATION_ITEM()RATIONAL_B_SPLINE_SURFACE(((1.135752779458E0,1.135752779458E0,1.135752779458E0,1.135752779458E0,
1.135752779458E0,1.135752779458E0,1.135752779458E0,1.135752779458E0,
1.135752779458E0,1.135752779458E0,1.135752779458E0,1.135752779458E0,
1.135752779458E0,1.135752779458E0,1.135752779458E0),(9.547490735141E-1,
9.547490735141E-1,9.547490735141E-1,9.547490735141E-1,9.547490735141E-1,
9.547490735141E-1,9.547490735141E-1,9.547490735141E-1,9.547490735141E-1,
9.547490735141E-1,9.547490735141E-1,9.547490735141E-1,9.547490735141E-1,
9.547490735141E-1,9.547490735141E-1),(9.547490735141E-1,9.547490735141E-1,
9.547490735141E-1,9.547490735141E-1,9.547490735141E-1,9.547490735141E-1,
9.547490735141E-1,9.547490735141E-1,9.547490735141E-1,9.547490735141E-1,
9.547490735141E-1,9.547490735141E-1,9.547490735141E-1,9.547490735141E-1,
9.547490735141E-1),(1.135752779458E0,1.135752779458E0,1.135752779458E0,
1.135752779458E0,1.135752779458E0,1.135752779458E0,1.135752779458E0,
1.135752779458E0,1.135752779458E0,1.135752779458E0,1.135752779458E0,
1.135752779458E0,1.135752779458E0,1.135752779458E0,1.135752779458E0)))REPRESENTATION_ITEM('')SURFACE());
#11312=ORIENTED_EDGE('',*,*,#11311,.F.);
#11314=ORIENTED_EDGE('',*,*,#11313,.T.);
#11315=ORIENTED_EDGE('',*,*,#11237,.T.);
#11316=ORIENTED_EDGE('',*,*,#11226,.F.);
#11317=EDGE_LOOP('',(#11312,#11314,#11315,#11316));
#11318=FACE_OUTER_BOUND('',#11317,.F.);
#11319=ADVANCED_FACE('',(#11318),#11310,.F.);
#11320=CARTESIAN_POINT('',(-6.E0,-2.77684E1,-1.726375401656E2));
#11321=DIRECTION('',(0.E0,1.E0,0.E0));
#11322=DIRECTION('',(-1.E0,0.E0,0.E0));
#11323=AXIS2_PLACEMENT_3D('',#11320,#11321,#11322);
#11324=CYLINDRICAL_SURFACE('',#11323,4.E0);
#11325=ORIENTED_EDGE('',*,*,#11311,.T.);
#11326=ORIENTED_EDGE('',*,*,#11211,.T.);
#11327=ORIENTED_EDGE('',*,*,#11022,.T.);
#11329=ORIENTED_EDGE('',*,*,#11328,.F.);
#11330=EDGE_LOOP('',(#11325,#11326,#11327,#11329));
#11331=FACE_OUTER_BOUND('',#11330,.F.);
#11332=ADVANCED_FACE('',(#11331),#11324,.F.);
#11333=CARTESIAN_POINT('',(-7.25E0,8.E0,-1.686006417988E2));
#11334=DIRECTION('',(5.881716976750E-1,0.E0,-8.087360843032E-1));
#11335=DIRECTION('',(8.087360843032E-1,0.E0,5.881716976750E-1));
#11336=AXIS2_PLACEMENT_3D('',#11333,#11334,#11335);
#11337=PLANE('',#11336);
#11339=ORIENTED_EDGE('',*,*,#11338,.T.);
#11340=ORIENTED_EDGE('',*,*,#11328,.T.);
#11341=ORIENTED_EDGE('',*,*,#11020,.T.);
#11343=ORIENTED_EDGE('',*,*,#11342,.F.);
#11344=EDGE_LOOP('',(#11339,#11340,#11341,#11343));
#11345=FACE_OUTER_BOUND('',#11344,.F.);
#11346=ADVANCED_FACE('',(#11345),#11337,.T.);
#11347=CARTESIAN_POINT('',(-3.950583841845E0,6.356425121165E0,
-1.699105583679E2));
#11348=DIRECTION('',(-8.087360843032E-1,0.E0,-5.881716976750E-1));
#11349=DIRECTION('',(-5.881716976750E-1,0.E0,8.087360843032E-1));
#11350=AXIS2_PLACEMENT_3D('',#11347,#11348,#11349);
#11351=CYLINDRICAL_SURFACE('',#11350,3.E0);
#11352=ORIENTED_EDGE('',*,*,#11338,.F.);
#11354=ORIENTED_EDGE('',*,*,#11353,.T.);
#11355=ORIENTED_EDGE('',*,*,#11239,.T.);
#11356=ORIENTED_EDGE('',*,*,#11313,.F.);
#11357=EDGE_LOOP('',(#11352,#11354,#11355,#11356));
#11358=FACE_OUTER_BOUND('',#11357,.F.);
#11359=ADVANCED_FACE('',(#11358),#11351,.F.);
#11360=CARTESIAN_POINT('',(-6.039875219362E0,5.880251223527E0,
-1.677651366996E2));
#11361=CARTESIAN_POINT('',(-6.040427989406E0,5.880300621307E0,
-1.677655608170E2));
#11362=CARTESIAN_POINT('',(-6.050200334201E0,5.881165200505E0,
-1.677730548251E2));
#11363=CARTESIAN_POINT('',(-6.069254635923E0,5.882551648073E0,
-1.677875327201E2));
#11364=CARTESIAN_POINT('',(-6.097179137121E0,5.883763196888E0,
-1.678083833033E2));
#11365=CARTESIAN_POINT('',(-6.116470669281E0,5.884040478561E0,
-1.678225375062E2));
#11366=CARTESIAN_POINT('',(-6.126427916579E0,5.884031915779E0,
-1.678297753112E2));
#11367=CARTESIAN_POINT('',(-6.126991860371E0,5.884030946009E0,
-1.678301850184E2));
#11368=CARTESIAN_POINT('',(-6.109316573156E0,6.907007588543E0,
-1.676116535486E2));
#11369=CARTESIAN_POINT('',(-6.110040312338E0,6.907066740054E0,
-1.676122202675E2));
#11370=CARTESIAN_POINT('',(-6.122836426372E0,6.908102041702E0,
-1.676222329952E2));
#11371=CARTESIAN_POINT('',(-6.147828588562E0,6.909762572117E0,
-1.676415423356E2));
#11372=CARTESIAN_POINT('',(-6.184561885501E0,6.911213926221E0,
-1.676692480448E2));
#11373=CARTESIAN_POINT('',(-6.210005709211E0,6.911546125480E0,
-1.676879793905E2));
#11374=CARTESIAN_POINT('',(-6.223154833455E0,6.911535866472E0,
-1.676975353878E2));
#11375=CARTESIAN_POINT('',(-6.223899606077E0,6.911534704576E0,
-1.676980762476E2));
#11376=CARTESIAN_POINT('',(-5.866917597317E0,7.887109298571E0,
-1.678631514350E2));
#11377=CARTESIAN_POINT('',(-5.867884800291E0,7.887177760616E0,
-1.678639165262E2));
#11378=CARTESIAN_POINT('',(-5.884986322478E0,7.888376027276E0,
-1.678774334097E2));
#11379=CARTESIAN_POINT('',(-5.918415855833E0,7.890298186524E0,
-1.679034775396E2));
#11380=CARTESIAN_POINT('',(-5.967622424993E0,7.891978449434E0,
-1.679407781684E2));
#11381=CARTESIAN_POINT('',(-6.001750997903E0,7.892363070885E0,
-1.679659455440E2));
#11382=CARTESIAN_POINT('',(-6.019399330257E0,7.892351192727E0,
-1.679787699917E2));
#11383=CARTESIAN_POINT('',(-6.020398975069E0,7.892349847433E0,
-1.679794957940E2));
#11384=CARTESIAN_POINT('',(-5.371661174116E0,8.582068449217E0,
-1.684584334411E2));
#11385=CARTESIAN_POINT('',(-5.372885093553E0,8.582143513067E0,
-1.684594044054E2));
#11386=CARTESIAN_POINT('',(-5.394526028914E0,8.583457333068E0,
-1.684765582155E2));
#11387=CARTESIAN_POINT('',(-5.436839380714E0,8.585565005053E0,
-1.685096017042E2));
#11388=CARTESIAN_POINT('',(-5.499148580358E0,8.587407579962E0,
-1.685569023168E2));
#11389=CARTESIAN_POINT('',(-5.542381102265E0,8.587829372335E0,
-1.685887985317E2));
#11390=CARTESIAN_POINT('',(-5.564741182706E0,8.587816346087E0,
-1.686050463770E2));
#11391=CARTESIAN_POINT('',(-5.566007725080E0,8.587814870752E0,
-1.686059659097E2));
#11392=(BOUNDED_SURFACE()B_SPLINE_SURFACE(3,3,((#11360,#11361,#11362,#11363,
#11364,#11365,#11366,#11367),(#11368,#11369,#11370,#11371,#11372,#11373,#11374,
#11375),(#11376,#11377,#11378,#11379,#11380,#11381,#11382,#11383),(#11384,
#11385,#11386,#11387,#11388,#11389,#11390,#11391)),.UNSPECIFIED.,.F.,.F.,.F.)B_SPLINE_SURFACE_WITH_KNOTS((4,4),(4,1,1,1,1,4),(0.E0,1.E0),(-2.000000014349E-2,
0.E0,3.335052906035E-1,6.668066406278E-1,1.E0,1.020000011367E0),.UNSPECIFIED.)GEOMETRIC_REPRESENTATION_ITEM()RATIONAL_B_SPLINE_SURFACE(((1.064772720030E0,
1.064772720030E0,1.064772720030E0,1.064772720030E0,1.064772720030E0,
1.064772720030E0,1.064772720030E0,1.064772720030E0),(9.784090933233E-1,
9.784090933233E-1,9.784090933233E-1,9.784090933233E-1,9.784090933233E-1,
9.784090933233E-1,9.784090933233E-1,9.784090933233E-1),(9.784090933233E-1,
9.784090933233E-1,9.784090933233E-1,9.784090933233E-1,9.784090933233E-1,
9.784090933233E-1,9.784090933233E-1,9.784090933233E-1),(1.064772720030E0,
1.064772720030E0,1.064772720030E0,1.064772720030E0,1.064772720030E0,
1.064772720030E0,1.064772720030E0,1.064772720030E0)))REPRESENTATION_ITEM('')SURFACE());
#11394=ORIENTED_EDGE('',*,*,#11393,.F.);
#11396=ORIENTED_EDGE('',*,*,#11395,.T.);
#11397=ORIENTED_EDGE('',*,*,#11241,.T.);
#11398=ORIENTED_EDGE('',*,*,#11353,.F.);
#11399=EDGE_LOOP('',(#11394,#11396,#11397,#11398));
#11400=FACE_OUTER_BOUND('',#11399,.F.);
#11401=ADVANCED_FACE('',(#11400),#11392,.F.);
#11402=CARTESIAN_POINT('',(-8.5E0,-2.77684E1,-1.645637434320E2));
#11403=DIRECTION('',(0.E0,1.E0,0.E0));
#11404=DIRECTION('',(1.E0,0.E0,0.E0));
#11405=AXIS2_PLACEMENT_3D('',#11402,#11403,#11404);
#11406=CYLINDRICAL_SURFACE('',#11405,4.E0);
#11407=ORIENTED_EDGE('',*,*,#11393,.T.);
#11408=ORIENTED_EDGE('',*,*,#11342,.T.);
#11409=ORIENTED_EDGE('',*,*,#11018,.T.);
#11411=ORIENTED_EDGE('',*,*,#11410,.T.);
#11413=ORIENTED_EDGE('',*,*,#11412,.T.);
#11415=ORIENTED_EDGE('',*,*,#11414,.T.);
#11416=EDGE_LOOP('',(#11407,#11408,#11409,#11411,#11413,#11415));
#11417=FACE_OUTER_BOUND('',#11416,.F.);
#11418=ADVANCED_FACE('',(#11417),#11406,.T.);
#11419=CARTESIAN_POINT('',(-4.5E0,1.6E1,-1.875208923591E2));
#11420=DIRECTION('',(-1.E0,0.E0,0.E0));
#11421=DIRECTION('',(0.E0,0.E0,1.E0));
#11422=AXIS2_PLACEMENT_3D('',#11419,#11420,#11421);
#11423=PLANE('',#11422);
#11425=ORIENTED_EDGE('',*,*,#11424,.T.);
#11426=ORIENTED_EDGE('',*,*,#11410,.F.);
#11427=ORIENTED_EDGE('',*,*,#11016,.T.);
#11428=ORIENTED_EDGE('',*,*,#5840,.F.);
#11430=ORIENTED_EDGE('',*,*,#11429,.F.);
#11432=ORIENTED_EDGE('',*,*,#11431,.F.);
#11434=ORIENTED_EDGE('',*,*,#11433,.F.);
#11436=ORIENTED_EDGE('',*,*,#11435,.F.);
#11438=ORIENTED_EDGE('',*,*,#11437,.T.);
#11439=EDGE_LOOP('',(#11425,#11426,#11427,#11428,#11430,#11432,#11434,#11436,
#11438));
#11440=FACE_OUTER_BOUND('',#11439,.F.);
#11441=ADVANCED_FACE('',(#11440),#11423,.F.);
#11442=CARTESIAN_POINT('',(-5.474509856444E0,7.824358207737E0,
-1.677212419661E2));
#11443=CARTESIAN_POINT('',(-5.474509906828E0,7.784443155474E0,
-1.676736322622E2));
#11444=CARTESIAN_POINT('',(-5.474509957301E0,7.639974344996E0,
-1.675161397752E2));
#11445=CARTESIAN_POINT('',(-5.474509623389E0,7.343157886669E0,
-1.672736374673E2));
#11446=CARTESIAN_POINT('',(-5.474509736378E0,6.898385191110E0,
-1.670244688589E2));
#11447=CARTESIAN_POINT('',(-5.474509707050E0,6.400129101771E0,
-1.668223304334E2));
#11448=CARTESIAN_POINT('',(-5.474509717238E0,5.899191665311E0,
-1.666610945765E2));
#11449=CARTESIAN_POINT('',(-5.474509704384E0,5.421533009351E0,
-1.665309641179E2));
#11450=CARTESIAN_POINT('',(-5.474509740818E0,4.976742479771E0,
-1.664217281810E2));
#11451=CARTESIAN_POINT('',(-5.474509623567E0,4.569474679418E0,
-1.663303539896E2));
#11452=CARTESIAN_POINT('',(-5.474509998657E0,4.194255414304E0,
-1.662516007650E2));
#11453=CARTESIAN_POINT('',(-5.474265940302E0,3.891631910434E0,
-1.661837128281E2));
#11454=CARTESIAN_POINT('',(-5.474111162573E0,3.731874676506E0,
-1.661461231302E2));
#11455=CARTESIAN_POINT('',(-4.694344824077E0,8.181017534675E0,
-1.674216035556E2));
#11456=CARTESIAN_POINT('',(-4.694344834125E0,8.132355381837E0,
-1.673634340942E2));
#11457=CARTESIAN_POINT('',(-4.694344844195E0,7.956730318635E0,
-1.671719813253E2));
#11458=CARTESIAN_POINT('',(-4.694344777562E0,7.602320494318E0,
-1.668835278653E2));
#11459=CARTESIAN_POINT('',(-4.694344800269E0,7.096177837266E0,
-1.666013529689E2));
#11460=CARTESIAN_POINT('',(-4.694344793830E0,6.556685029450E0,
-1.663830685068E2));
#11461=CARTESIAN_POINT('',(-4.694344797767E0,6.030472471030E0,
-1.662138881189E2));
#11462=CARTESIAN_POINT('',(-4.694344789199E0,5.537619679227E0,
-1.660796711689E2));
#11463=CARTESIAN_POINT('',(-4.694344815531E0,5.083342985625E0,
-1.659681199195E2));
#11464=CARTESIAN_POINT('',(-4.694344730259E0,4.667671274668E0,
-1.658748629978E2));
#11465=CARTESIAN_POINT('',(-4.694345003170E0,4.288648346720E0,
-1.657953367635E2));
#11466=CARTESIAN_POINT('',(-4.694183419063E0,4.001695533848E0,
-1.657306788995E2));
#11467=CARTESIAN_POINT('',(-4.694083953148E0,3.855323480164E0,
-1.656958323340E2));
#11468=CARTESIAN_POINT('',(-4.342474419786E0,8.822340938678E0,
-1.668828117427E2));
#11469=CARTESIAN_POINT('',(-4.342474411641E0,8.757950274366E0,
-1.668056543588E2));
#11470=CARTESIAN_POINT('',(-4.342474403486E0,8.526301906729E0,
-1.665531362485E2));
#11471=CARTESIAN_POINT('',(-4.342474457430E0,8.068331146988E0,
-1.661820561835E2));
#11472=CARTESIAN_POINT('',(-4.342474439297E0,7.451836707059E0,
-1.658405313602E2));
#11473=CARTESIAN_POINT('',(-4.342474443589E0,6.838194506065E0,
-1.655932140637E2));
#11474=CARTESIAN_POINT('',(-4.342474443391E0,6.266533739711E0,
-1.654097482969E2));
#11475=CARTESIAN_POINT('',(-4.342474440904E0,5.746359764406E0,
-1.652681832632E2));
#11476=CARTESIAN_POINT('',(-4.342474449510E0,5.275025619777E0,
-1.651524687577E2));
#11477=CARTESIAN_POINT('',(-4.342474421410E0,4.844242500964E0,
-1.650558264234E2));
#11478=CARTESIAN_POINT('',(-4.342474511397E0,4.458380054709E0,
-1.649749102095E2));
#11479=CARTESIAN_POINT('',(-4.342428116436E0,4.199852034543E0,
-1.649162476813E2));
#11480=CARTESIAN_POINT('',(-4.342400980502E0,4.077750528653E0,
-1.648864870363E2));
#11481=CARTESIAN_POINT('',(-4.555995506494E0,9.498453961034E0,
-1.663147923023E2));
#11482=CARTESIAN_POINT('',(-4.555995509389E0,9.417481566874E0,
-1.662176169656E2));
#11483=CARTESIAN_POINT('',(-4.555995512287E0,9.126770820650E0,
-1.659007209263E2));
#11484=CARTESIAN_POINT('',(-4.555995493126E0,8.559621296171E0,
-1.654425320434E2));
#11485=CARTESIAN_POINT('',(-4.555995499510E0,7.826788863618E0,
-1.650384377611E2));
#11486=CARTESIAN_POINT('',(-4.555995498194E0,7.134974916490E0,
-1.647605126974E2));
#11487=CARTESIAN_POINT('',(-4.555995497587E0,6.515400531151E0,
-1.645619866184E2));
#11488=CARTESIAN_POINT('',(-4.555995500606E0,5.966423290851E0,
-1.644126748924E2));
#11489=CARTESIAN_POINT('',(-4.555995490769E0,5.477106386362E0,
-1.642925712884E2));
#11490=CARTESIAN_POINT('',(-4.555995522757E0,5.030392117096E0,
-1.641923598943E2));
#11491=CARTESIAN_POINT('',(-4.555995420349E0,4.637319131875E0,
-1.641099782990E2));
#11492=CARTESIAN_POINT('',(-4.556052049071E0,4.408895048235E0,
-1.640577404478E2));
#11493=CARTESIAN_POINT('',(-4.556086079849E0,4.312493089884E0,
-1.640334269189E2));
#11494=(BOUNDED_SURFACE()B_SPLINE_SURFACE(3,3,((#11442,#11443,#11444,#11445,
#11446,#11447,#11448,#11449,#11450,#11451,#11452,#11453,#11454),(#11455,#11456,
#11457,#11458,#11459,#11460,#11461,#11462,#11463,#11464,#11465,#11466,#11467),(
#11468,#11469,#11470,#11471,#11472,#11473,#11474,#11475,#11476,#11477,#11478,
#11479,#11480),(#11481,#11482,#11483,#11484,#11485,#11486,#11487,#11488,#11489,
#11490,#11491,#11492,#11493)),.UNSPECIFIED.,.F.,.F.,.F.)B_SPLINE_SURFACE_WITH_KNOTS((4,4),(4,1,1,1,1,1,1,1,1,1,4),(0.E0,1.E0),(-6.297745640745E-2,0.E0,
1.521735115184E-1,3.086946178954E-1,4.559666398163E-1,5.894551632077E-1,
7.079783540625E-1,8.141278115948E-1,9.105734588468E-1,1.E0,1.073267685528E0),
.UNSPECIFIED.)GEOMETRIC_REPRESENTATION_ITEM()RATIONAL_B_SPLINE_SURFACE(((
1.107917591476E0,1.107917591476E0,1.107917591476E0,1.107917591476E0,
1.107917591476E0,1.107917591476E0,1.107917591476E0,1.107917591476E0,
1.107917591476E0,1.107917591476E0,1.107917591476E0,1.107917591476E0,
1.107917591476E0),(9.640274695080E-1,9.640274695080E-1,9.640274695080E-1,
9.640274695080E-1,9.640274695080E-1,9.640274695080E-1,9.640274695080E-1,
9.640274695080E-1,9.640274695080E-1,9.640274695080E-1,9.640274695080E-1,
9.640274695080E-1,9.640274695080E-1),(9.640274695080E-1,9.640274695080E-1,
9.640274695080E-1,9.640274695080E-1,9.640274695080E-1,9.640274695080E-1,
9.640274695080E-1,9.640274695080E-1,9.640274695080E-1,9.640274695080E-1,
9.640274695080E-1,9.640274695080E-1,9.640274695080E-1),(1.107917591476E0,
1.107917591476E0,1.107917591476E0,1.107917591476E0,1.107917591476E0,
1.107917591476E0,1.107917591476E0,1.107917591476E0,1.107917591476E0,
1.107917591476E0,1.107917591476E0,1.107917591476E0,1.107917591476E0)))REPRESENTATION_ITEM('')SURFACE());
#11496=ORIENTED_EDGE('',*,*,#11495,.F.);
#11497=ORIENTED_EDGE('',*,*,#11424,.F.);
#11499=ORIENTED_EDGE('',*,*,#11498,.F.);
#11500=EDGE_LOOP('',(#11496,#11497,#11499));
#11501=FACE_OUTER_BOUND('',#11500,.F.);
#11502=ADVANCED_FACE('',(#11501),#11494,.T.);
#11503=CARTESIAN_POINT('',(-4.488762716682E0,4.186286410842E0,
-1.645580225433E2));
#11504=CARTESIAN_POINT('',(-4.488729614708E0,4.228802216490E0,
-1.646030329092E2));
#11505=CARTESIAN_POINT('',(-4.490692422887E0,4.358661979459E0,
-1.647324495322E2));
#11506=CARTESIAN_POINT('',(-4.502291270505E0,4.569335963605E0,
-1.649182360251E2));
#11507=CARTESIAN_POINT('',(-4.526587409296E0,4.796860828321E0,
-1.651253518268E2));
#11508=CARTESIAN_POINT('',(-4.558859264347E0,4.995522378567E0,
-1.653172735258E2));
#11509=CARTESIAN_POINT('',(-4.597104905372E0,5.168634949580E0,
-1.654937686013E2));
#11510=CARTESIAN_POINT('',(-4.639481755739E0,5.319633488924E0,
-1.656552094389E2));
#11511=CARTESIAN_POINT('',(-4.684001533888E0,5.450308622518E0,
-1.658009159478E2));
#11512=CARTESIAN_POINT('',(-4.730143350008E0,5.564300028463E0,
-1.659344129958E2));
#11513=CARTESIAN_POINT('',(-4.778545686431E0,5.666252745672E0,
-1.660603930291E2));
#11514=CARTESIAN_POINT('',(-4.830366499079E0,5.759645034883E0,
-1.661829840254E2));
#11515=CARTESIAN_POINT('',(-4.886451896812E0,5.845843778535E0,
-1.663042870134E2));
#11516=CARTESIAN_POINT('',(-4.946915751256E0,5.924566294601E0,
-1.664243186396E2));
#11517=CARTESIAN_POINT('',(-5.010828209870E0,5.994138373870E0,
-1.665412654224E2));
#11518=CARTESIAN_POINT('',(-5.077906498564E0,6.053560390822E0,
-1.666549009385E2));
#11519=CARTESIAN_POINT('',(-5.148166524972E0,6.102002338574E0,
-1.667655151938E2));
#11520=CARTESIAN_POINT('',(-5.221970745234E0,6.137778729348E0,
-1.668737101625E2));
#11521=CARTESIAN_POINT('',(-5.294532844977E0,6.156009750615E0,
-1.669729654696E2));
#11522=CARTESIAN_POINT('',(-5.357134958105E0,6.150645131E0,-1.670535323658E2));
#11523=CARTESIAN_POINT('',(-5.345229751771E0,6.141914375620E0,
-1.670384725381E2));
#11524=CARTESIAN_POINT('',(-5.302432455639E0,6.146125424688E0,
-1.669849993266E2));
#11525=CARTESIAN_POINT('',(-4.562246755794E0,4.876878038432E0,
-1.641830979751E2));
#11526=CARTESIAN_POINT('',(-4.558859218233E0,4.909938142026E0,
-1.642126637863E2));
#11527=CARTESIAN_POINT('',(-4.549144519649E0,5.020008743662E0,
-1.643089749495E2));
#11528=CARTESIAN_POINT('',(-4.540178243422E0,5.230165183143E0,
-1.644911587331E2));
#11529=CARTESIAN_POINT('',(-4.543911988460E0,5.471063622568E0,
-1.647183497110E2));
#11530=CARTESIAN_POINT('',(-4.558877370190E0,5.680407899208E0,
-1.649282232849E2));
#11531=CARTESIAN_POINT('',(-4.582797733427E0,5.863190307232E0,
-1.651225981696E2));
#11532=CARTESIAN_POINT('',(-4.613079712243E0,6.021927307791E0,
-1.652996308417E2));
#11533=CARTESIAN_POINT('',(-4.648414101001E0,6.160712232702E0,
-1.654626640082E2));
#11534=CARTESIAN_POINT('',(-4.687867605489E0,6.282758373117E0,
-1.656144418261E2));
#11535=CARTESIAN_POINT('',(-4.731651865880E0,6.392664551770E0,
-1.657595854997E2));
#11536=CARTESIAN_POINT('',(-4.780755383525E0,6.493974690945E0,
-1.659024976058E2));
#11537=CARTESIAN_POINT('',(-4.836058201423E0,6.588009054422E0,
-1.660453715164E2));
#11538=CARTESIAN_POINT('',(-4.897828995902E0,6.674394698711E0,
-1.661881625773E2));
#11539=CARTESIAN_POINT('',(-4.966388614900E0,6.751894501210E0,
-1.663307671358E2));
#11540=CARTESIAN_POINT('',(-5.041795886626E0,6.819106158563E0,
-1.664726988966E2));
#11541=CARTESIAN_POINT('',(-5.125459817478E0,6.875149747942E0,
-1.666157582225E2));
#11542=CARTESIAN_POINT('',(-5.219580078618E0,6.917897983056E0,
-1.667621555498E2));
#11543=CARTESIAN_POINT('',(-5.325272437516E0,6.941569353481E0,
-1.669114579522E2));
#11544=CARTESIAN_POINT('',(-5.446434424232E0,6.935925644829E0,
-1.670673618729E2));
#11545=CARTESIAN_POINT('',(-5.493130421514E0,6.913176560853E0,
-1.671218791915E2));
#11546=CARTESIAN_POINT('',(-5.486404785012E0,6.901690786768E0,
-1.671188316910E2));
#11547=CARTESIAN_POINT('',(-4.336704441222E0,5.537674493879E0,
-1.638154783631E2));
#11548=CARTESIAN_POINT('',(-4.330029485533E0,5.561692511158E0,
-1.638332696247E2));
#11549=CARTESIAN_POINT('',(-4.309024706153E0,5.652839139027E0,
-1.639067833622E2));
#11550=CARTESIAN_POINT('',(-4.280779484067E0,5.862500349662E0,
-1.640992184174E2));
#11551=CARTESIAN_POINT('',(-4.266178686333E0,6.116195713526E0,
-1.643614301145E2));
#11552=CARTESIAN_POINT('',(-4.266589554364E0,6.335762091996E0,
-1.646031181688E2));
#11553=CARTESIAN_POINT('',(-4.279317919145E0,6.527797386870E0,
-1.648280928027E2));
#11554=CARTESIAN_POINT('',(-4.300898515036E0,6.693939176770E0,
-1.650323680958E2));
#11555=CARTESIAN_POINT('',(-4.330539681834E0,6.840484209876E0,
-1.652231757972E2));
#11556=CARTESIAN_POINT('',(-4.366865628872E0,6.970237775618E0,
-1.654027569539E2));
#11557=CARTESIAN_POINT('',(-4.409717349149E0,7.087754473326E0,
-1.655760110320E2));
#11558=CARTESIAN_POINT('',(-4.460003281951E0,7.196641055592E0,
-1.657479156824E2));
#11559=CARTESIAN_POINT('',(-4.518699455612E0,7.298173177672E0,
-1.659209105371E2));
#11560=CARTESIAN_POINT('',(-4.586234590649E0,7.391891526567E0,
-1.660948921454E2));
#11561=CARTESIAN_POINT('',(-4.664085367565E0,7.476977219702E0,
-1.662712967698E2));
#11562=CARTESIAN_POINT('',(-4.752624169330E0,7.551642638807E0,
-1.664493668316E2));
#11563=CARTESIAN_POINT('',(-4.854625428938E0,7.614960097411E0,
-1.666324032797E2));
#11564=CARTESIAN_POINT('',(-4.974114865141E0,7.664379560463E0,
-1.668242363465E2));
#11565=CARTESIAN_POINT('',(-5.117633101125E0,7.693256699623E0,
-1.670299108783E2));
#11566=CARTESIAN_POINT('',(-5.300785204626E0,7.687345935873E0,
-1.672655670089E2));
#11567=CARTESIAN_POINT('',(-5.403985753217E0,7.651182974475E0,
-1.673871035303E2));
#11568=CARTESIAN_POINT('',(-5.429410529923E0,7.624677202805E0,
-1.674294714018E2));
#11569=CARTESIAN_POINT('',(-3.844989278650E0,6.072421200093E0,
-1.635087128297E2));
#11570=CARTESIAN_POINT('',(-3.835572782369E0,6.089127857667E0,
-1.635201146806E2));
#11571=CARTESIAN_POINT('',(-3.805309911994E0,6.164972250276E0,
-1.635844598017E2));
#11572=CARTESIAN_POINT('',(-3.761880179805E0,6.374232685140E0,
-1.637995068633E2));
#11573=CARTESIAN_POINT('',(-3.733843382059E0,6.638284265735E0,
-1.641065835474E2));
#11574=CARTESIAN_POINT('',(-3.724571771792E0,6.866123124242E0,
-1.643893144476E2));
#11575=CARTESIAN_POINT('',(-3.730871694169E0,7.065646538785E0,
-1.646531514740E2));
#11576=CARTESIAN_POINT('',(-3.748411878248E0,7.237780831307E0,
-1.648923518922E2));
#11577=CARTESIAN_POINT('',(-3.776681290777E0,7.390605917305E0,
-1.651173362426E2));
#11578=CARTESIAN_POINT('',(-3.813896008599E0,7.526596901067E0,
-1.653301933478E2));
#11579=CARTESIAN_POINT('',(-3.859636562658E0,7.650272593080E0,
-1.655364099065E2));
#11580=CARTESIAN_POINT('',(-3.914832384880E0,7.765290592866E0,
-1.657417553520E2));
#11581=CARTESIAN_POINT('',(-3.980603558471E0,7.872890455164E0,
-1.659490336205E2));
#11582=CARTESIAN_POINT('',(-4.057520774877E0,7.972542970387E0,
-1.661580935336E2));
#11583=CARTESIAN_POINT('',(-4.147953315485E0,8.063767726691E0,
-1.663715170447E2));
#11584=CARTESIAN_POINT('',(-4.252513396704E0,8.144465280510E0,
-1.665883033970E2));
#11585=CARTESIAN_POINT('',(-4.375114311783E0,8.213669291506E0,
-1.668130257716E2));
#11586=CARTESIAN_POINT('',(-4.521330669347E0,8.268487605095E0,
-1.670509095853E2));
#11587=CARTESIAN_POINT('',(-4.701860513343E0,8.301577636933E0,
-1.673110698629E2));
#11588=CARTESIAN_POINT('',(-4.941403218229E0,8.295450752467E0,
-1.676192763241E2));
#11589=CARTESIAN_POINT('',(-5.090780959310E0,8.248432290403E0,
-1.677955117872E2));
#11590=CARTESIAN_POINT('',(-5.139751729337E0,8.209771226967E0,
-1.678716692846E2));
#11591=(BOUNDED_SURFACE()B_SPLINE_SURFACE(3,3,((#11503,#11504,#11505,#11506,
#11507,#11508,#11509,#11510,#11511,#11512,#11513,#11514,#11515,#11516,#11517,
#11518,#11519,#11520,#11521,#11522,#11523,#11524),(#11525,#11526,#11527,#11528,
#11529,#11530,#11531,#11532,#11533,#11534,#11535,#11536,#11537,#11538,#11539,
#11540,#11541,#11542,#11543,#11544,#11545,#11546),(#11547,#11548,#11549,#11550,
#11551,#11552,#11553,#11554,#11555,#11556,#11557,#11558,#11559,#11560,#11561,
#11562,#11563,#11564,#11565,#11566,#11567,#11568),(#11569,#11570,#11571,#11572,
#11573,#11574,#11575,#11576,#11577,#11578,#11579,#11580,#11581,#11582,#11583,
#11584,#11585,#11586,#11587,#11588,#11589,#11590)),.UNSPECIFIED.,.F.,.F.,.F.)B_SPLINE_SURFACE_WITH_KNOTS((4,4),(4,1,1,1,1,1,1,1,1,1,1,1,1,1,1,1,1,1,1,4),(0.E0,
1.E0),(-4.545388233177E-2,0.E0,9.174301943909E-2,1.747061862689E-1,
2.503883988504E-1,3.195202431767E-1,3.820732716644E-1,4.383632939989E-1,
4.898580805869E-1,5.386696836359E-1,5.867676018318E-1,6.351033824586E-1,
6.835296122026E-1,7.317352081879E-1,7.798866091724E-1,8.286699494461E-1,
8.802657838034E-1,9.365954791003E-1,1.E0,1.092964166359E0),.UNSPECIFIED.)GEOMETRIC_REPRESENTATION_ITEM()RATIONAL_B_SPLINE_SURFACE(((1.037792373583E0,
1.037792373583E0,1.037792373583E0,1.037792373583E0,1.037792373583E0,
1.037792373583E0,1.037792373583E0,1.037792373583E0,1.037792373583E0,
1.037792373583E0,1.037792373583E0,1.037792373583E0,1.037792373583E0,
1.037792373583E0,1.037792373583E0,1.037792373583E0,1.037792373583E0,
1.037792373583E0,1.037792373583E0,1.037792373583E0,1.037792373583E0,
1.037792373583E0),(9.874025421391E-1,9.874025421391E-1,9.874025421391E-1,
9.874025421391E-1,9.874025421391E-1,9.874025421391E-1,9.874025421391E-1,
9.874025421391E-1,9.874025421391E-1,9.874025421391E-1,9.874025421391E-1,
9.874025421391E-1,9.874025421391E-1,9.874025421391E-1,9.874025421391E-1,
9.874025421391E-1,9.874025421391E-1,9.874025421391E-1,9.874025421391E-1,
9.874025421391E-1,9.874025421391E-1,9.874025421391E-1),(9.874025421391E-1,
9.874025421391E-1,9.874025421391E-1,9.874025421391E-1,9.874025421391E-1,
9.874025421391E-1,9.874025421391E-1,9.874025421391E-1,9.874025421391E-1,
9.874025421391E-1,9.874025421391E-1,9.874025421391E-1,9.874025421391E-1,
9.874025421391E-1,9.874025421391E-1,9.874025421391E-1,9.874025421391E-1,
9.874025421391E-1,9.874025421391E-1,9.874025421391E-1,9.874025421391E-1,
9.874025421391E-1),(1.037792373583E0,1.037792373583E0,1.037792373583E0,
1.037792373583E0,1.037792373583E0,1.037792373583E0,1.037792373583E0,
1.037792373583E0,1.037792373583E0,1.037792373583E0,1.037792373583E0,
1.037792373583E0,1.037792373583E0,1.037792373583E0,1.037792373583E0,
1.037792373583E0,1.037792373583E0,1.037792373583E0,1.037792373583E0,
1.037792373583E0,1.037792373583E0,1.037792373583E0)))REPRESENTATION_ITEM('')SURFACE());
#11592=ORIENTED_EDGE('',*,*,#11495,.T.);
#11594=ORIENTED_EDGE('',*,*,#11593,.F.);
#11595=ORIENTED_EDGE('',*,*,#11412,.F.);
#11596=EDGE_LOOP('',(#11592,#11594,#11595));
#11597=FACE_OUTER_BOUND('',#11596,.F.);
#11598=ADVANCED_FACE('',(#11597),#11591,.F.);
#11599=CARTESIAN_POINT('',(-5.150410397684E0,5.953892786575E0,
-1.668182435393E2));
#11600=CARTESIAN_POINT('',(-5.199756031918E0,5.939617204531E0,
-1.668915469419E2));
#11601=CARTESIAN_POINT('',(-5.316477536895E0,5.911149539586E0,
-1.670531727933E2));
#11602=CARTESIAN_POINT('',(-5.519926024867E0,5.880523918758E0,
-1.672948529741E2));
#11603=CARTESIAN_POINT('',(-5.765075877815E0,5.866643343806E0,
-1.675407345192E2));
#11604=CARTESIAN_POINT('',(-6.015921195757E0,5.875153036463E0,
-1.677518784791E2));
#11605=CARTESIAN_POINT('',(-6.188580270355E0,5.894564372224E0,
-1.678754383146E2));
#11606=CARTESIAN_POINT('',(-6.265005308445E0,5.905781313410E0,
-1.679262368421E2));
#11607=CARTESIAN_POINT('',(-5.340038398475E0,6.976847830626E0,
-1.668046803136E2));
#11608=CARTESIAN_POINT('',(-5.385027904664E0,6.963261732450E0,
-1.668680799939E2));
#11609=CARTESIAN_POINT('',(-5.490306273937E0,6.936232650911E0,
-1.670072677635E2));
#11610=CARTESIAN_POINT('',(-5.669556368097E0,6.907361816378E0,
-1.672137024821E2));
#11611=CARTESIAN_POINT('',(-5.880283410762E0,6.894393402706E0,
-1.674223341237E2));
#11612=CARTESIAN_POINT('',(-6.090894341179E0,6.902349238900E0,
-1.676009737826E2));
#11613=CARTESIAN_POINT('',(-6.233039884949E0,6.920282284520E0,
-1.677057779118E2));
#11614=CARTESIAN_POINT('',(-6.295453949855E0,6.930580596628E0,
-1.677490032571E2));
#11615=CARTESIAN_POINT('',(-5.106315884772E0,7.953320999679E0,
-1.670775442525E2));
#11616=CARTESIAN_POINT('',(-5.153165672867E0,7.940393056034E0,
-1.671402300991E2));
#11617=CARTESIAN_POINT('',(-5.261690302946E0,7.914737190361E0,
-1.672772346458E2));
#11618=CARTESIAN_POINT('',(-5.442290674024E0,7.887541406697E0,
-1.674786890940E2));
#11619=CARTESIAN_POINT('',(-5.649311880967E0,7.875443706769E0,
-1.676808440522E2));
#11620=CARTESIAN_POINT('',(-5.851053845776E0,7.882870853085E0,
-1.678533983353E2));
#11621=CARTESIAN_POINT('',(-5.984238281990E0,7.899392780331E0,
-1.679549103661E2));
#11622=CARTESIAN_POINT('',(-6.042174678391E0,7.908814204786E0,
-1.679969217956E2));
#11623=CARTESIAN_POINT('',(-4.506114514937E0,8.645707248379E0,
-1.675704394214E2));
#11624=CARTESIAN_POINT('',(-4.560588332816E0,8.633245981301E0,
-1.676417750200E2));
#11625=CARTESIAN_POINT('',(-4.686258708139E0,8.608563819579E0,
-1.677973824459E2));
#11626=CARTESIAN_POINT('',(-4.893429464217E0,8.582555761522E0,
-1.680253336639E2));
#11627=CARTESIAN_POINT('',(-5.128363550357E0,8.571075457178E0,
-1.682533611290E2));
#11628=CARTESIAN_POINT('',(-5.354760055325E0,8.578127726219E0,
-1.684477297150E2));
#11629=CARTESIAN_POINT('',(-5.502716311989E0,8.593649074044E0,
-1.685622143210E2));
#11630=CARTESIAN_POINT('',(-5.566797894859E0,8.602448725192E0,
-1.686096664829E2));
#11631=(BOUNDED_SURFACE()B_SPLINE_SURFACE(3,3,((#11599,#11600,#11601,#11602,
#11603,#11604,#11605,#11606),(#11607,#11608,#11609,#11610,#11611,#11612,#11613,
#11614),(#11615,#11616,#11617,#11618,#11619,#11620,#11621,#11622),(#11623,
#11624,#11625,#11626,#11627,#11628,#11629,#11630)),.UNSPECIFIED.,.F.,.F.,.F.)B_SPLINE_SURFACE_WITH_KNOTS((4,4),(4,1,1,1,1,4),(0.E0,1.E0),(-2.617596541870E-1,
0.E0,3.252664760489E-1,6.579636758437E-1,1.E0,1.259953092543E0),.UNSPECIFIED.)GEOMETRIC_REPRESENTATION_ITEM()RATIONAL_B_SPLINE_SURFACE(((1.064772741198E0,
1.064772741198E0,1.064772741198E0,1.064772741198E0,1.064772741198E0,
1.064772741198E0,1.064772741198E0,1.064772741198E0),(9.784090862672E-1,
9.784090862672E-1,9.784090862672E-1,9.784090862672E-1,9.784090862672E-1,
9.784090862672E-1,9.784090862672E-1,9.784090862672E-1),(9.784090862672E-1,
9.784090862672E-1,9.784090862672E-1,9.784090862672E-1,9.784090862672E-1,
9.784090862672E-1,9.784090862672E-1,9.784090862672E-1),(1.064772741198E0,
1.064772741198E0,1.064772741198E0,1.064772741198E0,1.064772741198E0,
1.064772741198E0,1.064772741198E0,1.064772741198E0)))REPRESENTATION_ITEM('')SURFACE());
#11632=ORIENTED_EDGE('',*,*,#11414,.F.);
#11633=ORIENTED_EDGE('',*,*,#11593,.T.);
#11635=ORIENTED_EDGE('',*,*,#11634,.T.);
#11636=ORIENTED_EDGE('',*,*,#11395,.F.);
#11637=EDGE_LOOP('',(#11632,#11633,#11635,#11636));
#11638=FACE_OUTER_BOUND('',#11637,.F.);
#11639=ADVANCED_FACE('',(#11638),#11631,.F.);
#11640=CARTESIAN_POINT('',(-6.5E0,4.455010109332E1,-2.020070571440E2));
#11641=DIRECTION('',(0.E0,-7.071067811865E-1,7.071067811865E-1));
#11642=DIRECTION('',(4.573295603800E-1,-6.288281455225E-1,-6.288281455225E-1));
#11643=AXIS2_PLACEMENT_3D('',#11640,#11641,#11642);
#11644=CYLINDRICAL_SURFACE('',#11643,2.E0);
#11645=ORIENTED_EDGE('',*,*,#11634,.F.);
#11646=ORIENTED_EDGE('',*,*,#11498,.T.);
#11647=ORIENTED_EDGE('',*,*,#11437,.F.);
#11649=ORIENTED_EDGE('',*,*,#11648,.T.);
#11650=ORIENTED_EDGE('',*,*,#11243,.T.);
#11651=EDGE_LOOP('',(#11645,#11646,#11647,#11649,#11650));
#11652=FACE_OUTER_BOUND('',#11651,.F.);
#11653=ADVANCED_FACE('',(#11652),#11644,.T.);
#11654=CARTESIAN_POINT('',(-1.099999273132E1,1.118372116804E1,
-1.757711761561E2));
#11655=DIRECTION('',(7.071067811865E-1,5.804103332845E-1,-4.038859306990E-1));
#11656=DIRECTION('',(-7.071067811865E-1,5.804103332845E-1,-4.038859306990E-1));
#11657=AXIS2_PLACEMENT_3D('',#11654,#11655,#11656);
#11658=PLANE('',#11657);
#11659=ORIENTED_EDGE('',*,*,#11201,.F.);
#11660=ORIENTED_EDGE('',*,*,#11223,.T.);
#11661=ORIENTED_EDGE('',*,*,#11245,.F.);
#11662=ORIENTED_EDGE('',*,*,#11648,.F.);
#11663=ORIENTED_EDGE('',*,*,#11435,.T.);
#11665=ORIENTED_EDGE('',*,*,#11664,.T.);
#11666=ORIENTED_EDGE('',*,*,#6140,.T.);
#11668=ORIENTED_EDGE('',*,*,#11667,.T.);
#11670=ORIENTED_EDGE('',*,*,#11669,.F.);
#11672=ORIENTED_EDGE('',*,*,#11671,.F.);
#11673=EDGE_LOOP('',(#11659,#11660,#11661,#11662,#11663,#11665,#11666,#11668,
#11670,#11672));
#11674=FACE_OUTER_BOUND('',#11673,.F.);
#11675=ADVANCED_FACE('',(#11674),#11658,.T.);
#11676=CARTESIAN_POINT('',(2.855454223884E1,-2.990845276318E1,
-1.526979348547E2));
#11677=DIRECTION('',(-6.903279831613E-1,6.903279831613E-1,-2.165514980989E-1));
#11678=DIRECTION('',(7.071067811865E-1,7.071067811865E-1,0.E0));
#11679=AXIS2_PLACEMENT_3D('',#11676,#11677,#11678);
#11680=CYLINDRICAL_SURFACE('',#11679,5.2E0);
#11681=ORIENTED_EDGE('',*,*,#6142,.T.);
#11682=ORIENTED_EDGE('',*,*,#11664,.F.);
#11683=ORIENTED_EDGE('',*,*,#11433,.T.);
#11685=ORIENTED_EDGE('',*,*,#11684,.T.);
#11686=EDGE_LOOP('',(#11681,#11682,#11683,#11685));
#11687=FACE_OUTER_BOUND('',#11686,.F.);
#11688=ADVANCED_FACE('',(#11687),#11680,.T.);
#11689=CARTESIAN_POINT('',(-7.25E0,1.325E1,-1.636006417988E2));
#11690=DIRECTION('',(7.071067811865E-1,7.071067811865E-1,0.E0));
#11691=DIRECTION('',(7.071067811865E-1,-7.071067811865E-1,0.E0));
#11692=AXIS2_PLACEMENT_3D('',#11689,#11690,#11691);
#11693=PLANE('',#11692);
#11694=ORIENTED_EDGE('',*,*,#11684,.F.);
#11695=ORIENTED_EDGE('',*,*,#11431,.T.);
#11697=ORIENTED_EDGE('',*,*,#11696,.T.);
#11698=ORIENTED_EDGE('',*,*,#6144,.T.);
#11699=EDGE_LOOP('',(#11694,#11695,#11697,#11698));
#11700=FACE_OUTER_BOUND('',#11699,.F.);
#11701=ADVANCED_FACE('',(#11700),#11693,.T.);
#11702=CARTESIAN_POINT('',(2.952575931288E1,-2.77684E1,-1.636006417988E2));
#11703=DIRECTION('',(-7.071067811865E-1,7.071067811865E-1,0.E0));
#11704=DIRECTION('',(0.E0,0.E0,1.E0));
#11705=AXIS2_PLACEMENT_3D('',#11702,#11703,#11704);
#11706=CYLINDRICAL_SURFACE('',#11705,3.E0);
#11707=ORIENTED_EDGE('',*,*,#11429,.T.);
#11708=ORIENTED_EDGE('',*,*,#5838,.T.);
#11710=ORIENTED_EDGE('',*,*,#11709,.F.);
#11711=ORIENTED_EDGE('',*,*,#11696,.F.);
#11712=EDGE_LOOP('',(#11707,#11708,#11710,#11711));
#11713=FACE_OUTER_BOUND('',#11712,.F.);
#11714=ADVANCED_FACE('',(#11713),#11706,.T.);
#11715=CARTESIAN_POINT('',(-3.580158864294E2,1.3E1,-1.636006417988E2));
#11716=DIRECTION('',(1.E0,0.E0,0.E0));
#11717=DIRECTION('',(0.E0,1.E0,0.E0));
#11718=AXIS2_PLACEMENT_3D('',#11715,#11716,#11717);
#11719=CYLINDRICAL_SURFACE('',#11718,3.E0);
#11720=ORIENTED_EDGE('',*,*,#5836,.T.);
#11722=ORIENTED_EDGE('',*,*,#11721,.F.);
#11723=ORIENTED_EDGE('',*,*,#6130,.T.);
#11724=ORIENTED_EDGE('',*,*,#11709,.T.);
#11725=EDGE_LOOP('',(#11720,#11722,#11723,#11724));
#11726=FACE_OUTER_BOUND('',#11725,.F.);
#11727=ADVANCED_FACE('',(#11726),#11719,.T.);
#11728=CARTESIAN_POINT('',(1.401104068712E1,4.07684E1,-1.636006417988E2));
#11729=DIRECTION('',(-7.071067811865E-1,-7.071067811865E-1,0.E0));
#11730=DIRECTION('',(0.E0,0.E0,1.E0));
#11731=AXIS2_PLACEMENT_3D('',#11728,#11729,#11730);
#11732=CYLINDRICAL_SURFACE('',#11731,3.E0);
#11734=ORIENTED_EDGE('',*,*,#11733,.T.);
#11736=ORIENTED_EDGE('',*,*,#11735,.F.);
#11737=ORIENTED_EDGE('',*,*,#11721,.T.);
#11738=ORIENTED_EDGE('',*,*,#5834,.T.);
#11739=EDGE_LOOP('',(#11734,#11736,#11737,#11738));
#11740=FACE_OUTER_BOUND('',#11739,.F.);
#11741=ADVANCED_FACE('',(#11740),#11732,.T.);
#11742=CARTESIAN_POINT('',(-2.05E1,1.6E1,-1.490542138302E2));
#11743=DIRECTION('',(1.E0,0.E0,0.E0));
#11744=DIRECTION('',(0.E0,0.E0,-1.E0));
#11745=AXIS2_PLACEMENT_3D('',#11742,#11743,#11744);
#11746=PLANE('',#11745);
#11747=ORIENTED_EDGE('',*,*,#5702,.T.);
#11749=ORIENTED_EDGE('',*,*,#11748,.F.);
#11751=ORIENTED_EDGE('',*,*,#11750,.T.);
#11753=ORIENTED_EDGE('',*,*,#11752,.T.);
#11755=ORIENTED_EDGE('',*,*,#11754,.T.);
#11757=ORIENTED_EDGE('',*,*,#11756,.F.);
#11759=ORIENTED_EDGE('',*,*,#11758,.T.);
#11760=ORIENTED_EDGE('',*,*,#11733,.F.);
#11761=ORIENTED_EDGE('',*,*,#5832,.T.);
#11762=EDGE_LOOP('',(#11747,#11749,#11751,#11753,#11755,#11757,#11759,#11760,
#11761));
#11763=FACE_OUTER_BOUND('',#11762,.F.);
#11764=ADVANCED_FACE('',(#11763),#11746,.F.);
#11765=CARTESIAN_POINT('',(-1.65E1,4.07684E1,-1.645637434320E2));
#11766=DIRECTION('',(0.E0,-1.E0,0.E0));
#11767=DIRECTION('',(-1.E0,0.E0,0.E0));
#11768=AXIS2_PLACEMENT_3D('',#11765,#11766,#11767);
#11769=CYLINDRICAL_SURFACE('',#11768,4.E0);
#11770=ORIENTED_EDGE('',*,*,#5700,.T.);
#11772=ORIENTED_EDGE('',*,*,#11771,.F.);
#11774=ORIENTED_EDGE('',*,*,#11773,.T.);
#11776=ORIENTED_EDGE('',*,*,#11775,.T.);
#11778=ORIENTED_EDGE('',*,*,#11777,.T.);
#11779=ORIENTED_EDGE('',*,*,#11748,.T.);
#11780=EDGE_LOOP('',(#11770,#11772,#11774,#11776,#11778,#11779));
#11781=FACE_OUTER_BOUND('',#11780,.F.);
#11782=ADVANCED_FACE('',(#11781),#11769,.T.);
#11783=CARTESIAN_POINT('',(-1.775E1,8.E0,-1.686006417988E2));
#11784=DIRECTION('',(-5.881716976750E-1,0.E0,-8.087360843032E-1));
#11785=DIRECTION('',(-8.087360843032E-1,0.E0,5.881716976750E-1));
#11786=AXIS2_PLACEMENT_3D('',#11783,#11784,#11785);
#11787=PLANE('',#11786);
#11788=ORIENTED_EDGE('',*,*,#5698,.F.);
#11790=ORIENTED_EDGE('',*,*,#11789,.F.);
#11792=ORIENTED_EDGE('',*,*,#11791,.T.);
#11793=ORIENTED_EDGE('',*,*,#11771,.T.);
#11794=EDGE_LOOP('',(#11788,#11790,#11792,#11793));
#11795=FACE_OUTER_BOUND('',#11794,.F.);
#11796=ADVANCED_FACE('',(#11795),#11787,.T.);
#11797=CARTESIAN_POINT('',(-1.9E1,4.07684E1,-1.726375401656E2));
#11798=DIRECTION('',(0.E0,-1.E0,0.E0));
#11799=DIRECTION('',(1.E0,0.E0,0.E0));
#11800=AXIS2_PLACEMENT_3D('',#11797,#11798,#11799);
#11801=CYLINDRICAL_SURFACE('',#11800,4.E0);
#11802=ORIENTED_EDGE('',*,*,#5696,.F.);
#11804=ORIENTED_EDGE('',*,*,#11803,.F.);
#11806=ORIENTED_EDGE('',*,*,#11805,.T.);
#11807=ORIENTED_EDGE('',*,*,#11789,.T.);
#11808=EDGE_LOOP('',(#11802,#11804,#11806,#11807));
#11809=FACE_OUTER_BOUND('',#11808,.F.);
#11810=ADVANCED_FACE('',(#11809),#11801,.F.);
#11811=CARTESIAN_POINT('',(-1.5E1,0.E0,-2.006006417988E2));
#11812=DIRECTION('',(-1.E0,0.E0,0.E0));
#11813=DIRECTION('',(0.E0,0.E0,1.E0));
#11814=AXIS2_PLACEMENT_3D('',#11811,#11812,#11813);
#11815=PLANE('',#11814);
#11816=ORIENTED_EDGE('',*,*,#11803,.T.);
#11817=ORIENTED_EDGE('',*,*,#5694,.T.);
#11819=ORIENTED_EDGE('',*,*,#11818,.T.);
#11821=ORIENTED_EDGE('',*,*,#11820,.T.);
#11823=ORIENTED_EDGE('',*,*,#11822,.T.);
#11825=ORIENTED_EDGE('',*,*,#11824,.T.);
#11827=ORIENTED_EDGE('',*,*,#11826,.T.);
#11829=ORIENTED_EDGE('',*,*,#11828,.T.);
#11830=EDGE_LOOP('',(#11816,#11817,#11819,#11821,#11823,#11825,#11827,#11829));
#11831=FACE_OUTER_BOUND('',#11830,.F.);
#11832=ADVANCED_FACE('',(#11831),#11815,.T.);
#11833=CARTESIAN_POINT('',(-1.4E1,6.818527839154E-1,-1.996006417988E2));
#11834=DIRECTION('',(-7.071067811865E-1,0.E0,-7.071067811865E-1));
#11835=DIRECTION('',(-7.071067811865E-1,0.E0,7.071067811865E-1));
#11836=AXIS2_PLACEMENT_3D('',#11833,#11834,#11835);
#11837=PLANE('',#11836);
#11838=ORIENTED_EDGE('',*,*,#5924,.T.);
#11840=ORIENTED_EDGE('',*,*,#11839,.T.);
#11841=ORIENTED_EDGE('',*,*,#11818,.F.);
#11842=ORIENTED_EDGE('',*,*,#5692,.T.);
#11843=EDGE_LOOP('',(#11838,#11840,#11841,#11842));
#11844=FACE_OUTER_BOUND('',#11843,.F.);
#11845=ADVANCED_FACE('',(#11844),#11837,.T.);
#11846=CARTESIAN_POINT('',(-1.400000000510E1,1.363705567831E0,
-1.976006417988E2));
#11847=DIRECTION('',(1.E0,0.E0,0.E0));
#11848=DIRECTION('',(0.E0,0.E0,-1.E0));
#11849=AXIS2_PLACEMENT_3D('',#11846,#11847,#11848);
#11850=CONICAL_SURFACE('',#11849,1.999999994904E0,4.5E1);
#11852=ORIENTED_EDGE('',*,*,#11851,.T.);
#11854=ORIENTED_EDGE('',*,*,#11853,.T.);
#11855=ORIENTED_EDGE('',*,*,#11820,.F.);
#11856=ORIENTED_EDGE('',*,*,#11839,.F.);
#11857=EDGE_LOOP('',(#11852,#11854,#11855,#11856));
#11858=FACE_OUTER_BOUND('',#11857,.F.);
#11859=ADVANCED_FACE('',(#11858),#11850,.T.);
#11860=CARTESIAN_POINT('',(-3.569253882083E2,1.363705567831E0,
-1.976006417988E2));
#11861=DIRECTION('',(1.E0,0.E0,0.E0));
#11862=DIRECTION('',(0.E0,0.E0,-1.E0));
#11863=AXIS2_PLACEMENT_3D('',#11860,#11861,#11862);
#11864=CYLINDRICAL_SURFACE('',#11863,3.E0);
#11866=ORIENTED_EDGE('',*,*,#11865,.T.);
#11867=ORIENTED_EDGE('',*,*,#11159,.F.);
#11868=ORIENTED_EDGE('',*,*,#11851,.F.);
#11869=ORIENTED_EDGE('',*,*,#5922,.T.);
#11870=EDGE_LOOP('',(#11866,#11867,#11868,#11869));
#11871=FACE_OUTER_BOUND('',#11870,.F.);
#11872=ADVANCED_FACE('',(#11871),#11864,.T.);
#11873=CARTESIAN_POINT('',(-1.099999999656E1,1.363705567831E0,
-1.976006417988E2));
#11874=DIRECTION('',(-1.E0,0.E0,0.E0));
#11875=DIRECTION('',(0.E0,0.E0,-1.E0));
#11876=AXIS2_PLACEMENT_3D('',#11873,#11874,#11875);
#11877=CONICAL_SURFACE('',#11876,1.999999996559E0,4.5E1);
#11878=ORIENTED_EDGE('',*,*,#11206,.T.);
#11879=ORIENTED_EDGE('',*,*,#11189,.T.);
#11880=ORIENTED_EDGE('',*,*,#11865,.F.);
#11882=ORIENTED_EDGE('',*,*,#11881,.F.);
#11883=EDGE_LOOP('',(#11878,#11879,#11880,#11882));
#11884=FACE_OUTER_BOUND('',#11883,.F.);
#11885=ADVANCED_FACE('',(#11884),#11877,.T.);
#11886=CARTESIAN_POINT('',(-1.1E1,6.818527839154E-1,-1.996006417988E2));
#11887=DIRECTION('',(7.071067811865E-1,0.E0,-7.071067811865E-1));
#11888=DIRECTION('',(-7.071067811865E-1,0.E0,-7.071067811865E-1));
#11889=AXIS2_PLACEMENT_3D('',#11886,#11887,#11888);
#11890=PLANE('',#11889);
#11891=ORIENTED_EDGE('',*,*,#11208,.T.);
#11892=ORIENTED_EDGE('',*,*,#11881,.T.);
#11893=ORIENTED_EDGE('',*,*,#5920,.F.);
#11894=ORIENTED_EDGE('',*,*,#11026,.T.);
#11895=EDGE_LOOP('',(#11891,#11892,#11893,#11894));
#11896=FACE_OUTER_BOUND('',#11895,.F.);
#11897=ADVANCED_FACE('',(#11896),#11890,.T.);
#11898=CARTESIAN_POINT('',(-1.4E1,6.149897997541E0,-1.890277375989E2));
#11899=DIRECTION('',(-7.071067811865E-1,6.746721124234E-1,-2.117015368820E-1));
#11900=DIRECTION('',(-7.071067811865E-1,-6.746721124234E-1,2.117015368820E-1));
#11901=AXIS2_PLACEMENT_3D('',#11898,#11899,#11900);
#11902=PLANE('',#11901);
#11903=ORIENTED_EDGE('',*,*,#11157,.T.);
#11905=ORIENTED_EDGE('',*,*,#11904,.T.);
#11906=ORIENTED_EDGE('',*,*,#11822,.F.);
#11907=ORIENTED_EDGE('',*,*,#11853,.F.);
#11908=EDGE_LOOP('',(#11903,#11905,#11906,#11907));
#11909=FACE_OUTER_BOUND('',#11908,.F.);
#11910=ADVANCED_FACE('',(#11909),#11902,.T.);
#11911=CARTESIAN_POINT('',(-1.399999999964E1,2.076363407815E1,
-1.835385626008E2));
#11912=DIRECTION('',(-1.E0,0.E0,0.E0));
#11913=DIRECTION('',(0.E0,0.E0,-1.E0));
#11914=AXIS2_PLACEMENT_3D('',#11911,#11912,#11913);
#11915=CONICAL_SURFACE('',#11914,1.229999999964E1,4.5E1);
#11917=ORIENTED_EDGE('',*,*,#11916,.T.);
#11919=ORIENTED_EDGE('',*,*,#11918,.T.);
#11920=ORIENTED_EDGE('',*,*,#11824,.F.);
#11921=ORIENTED_EDGE('',*,*,#11904,.F.);
#11922=EDGE_LOOP('',(#11917,#11919,#11920,#11921));
#11923=FACE_OUTER_BOUND('',#11922,.F.);
#11924=ADVANCED_FACE('',(#11923),#11915,.F.);
#11925=CARTESIAN_POINT('',(3.540837147709E2,2.076363407816E1,
-1.835385626009E2));
#11926=DIRECTION('',(-1.E0,0.E0,0.E0));
#11927=DIRECTION('',(0.E0,-9.541304515440E-1,2.993911846338E-1));
#11928=AXIS2_PLACEMENT_3D('',#11925,#11926,#11927);
#11929=CYLINDRICAL_SURFACE('',#11928,1.13E1);
#11931=ORIENTED_EDGE('',*,*,#11930,.T.);
#11933=ORIENTED_EDGE('',*,*,#11932,.T.);
#11934=ORIENTED_EDGE('',*,*,#11916,.F.);
#11935=ORIENTED_EDGE('',*,*,#11155,.F.);
#11936=EDGE_LOOP('',(#11931,#11933,#11934,#11935));
#11937=FACE_OUTER_BOUND('',#11936,.F.);
#11938=ADVANCED_FACE('',(#11937),#11929,.F.);
#11939=CARTESIAN_POINT('',(-1.100000000053E1,2.076363407815E1,
-1.835385626009E2));
#11940=DIRECTION('',(1.E0,0.E0,0.E0));
#11941=DIRECTION('',(0.E0,0.E0,-1.E0));
#11942=AXIS2_PLACEMENT_3D('',#11939,#11940,#11941);
#11943=CONICAL_SURFACE('',#11942,1.229999999947E1,4.5E1);
#11944=ORIENTED_EDGE('',*,*,#11203,.T.);
#11945=ORIENTED_EDGE('',*,*,#11671,.T.);
#11946=ORIENTED_EDGE('',*,*,#11930,.F.);
#11947=ORIENTED_EDGE('',*,*,#11186,.F.);
#11948=EDGE_LOOP('',(#11944,#11945,#11946,#11947));
#11949=FACE_OUTER_BOUND('',#11948,.F.);
#11950=ADVANCED_FACE('',(#11949),#11943,.F.);
#11951=CARTESIAN_POINT('',(1.5E1,1.6E1,-1.706006417988E2));
#11952=DIRECTION('',(0.E0,-8.208241650724E-1,5.711809608462E-1));
#11953=DIRECTION('',(0.E0,-5.711809608462E-1,-8.208241650724E-1));
#11954=AXIS2_PLACEMENT_3D('',#11951,#11952,#11953);
#11955=PLANE('',#11954);
#11956=ORIENTED_EDGE('',*,*,#11105,.F.);
#11958=ORIENTED_EDGE('',*,*,#11957,.F.);
#11960=ORIENTED_EDGE('',*,*,#11959,.T.);
#11962=ORIENTED_EDGE('',*,*,#11961,.T.);
#11963=EDGE_LOOP('',(#11956,#11958,#11960,#11962));
#11964=FACE_OUTER_BOUND('',#11963,.F.);
#11965=ADVANCED_FACE('',(#11964),#11955,.F.);
#11966=CARTESIAN_POINT('',(1.5E1,1.6E1,-1.706006417988E2));
#11967=DIRECTION('',(0.E0,-8.208241650724E-1,5.711809608462E-1));
#11968=DIRECTION('',(0.E0,-5.711809608462E-1,-8.208241650724E-1));
#11969=AXIS2_PLACEMENT_3D('',#11966,#11967,#11968);
#11970=PLANE('',#11969);
#11972=ORIENTED_EDGE('',*,*,#11971,.T.);
#11974=ORIENTED_EDGE('',*,*,#11973,.F.);
#11975=ORIENTED_EDGE('',*,*,#11932,.F.);
#11976=ORIENTED_EDGE('',*,*,#11669,.T.);
#11977=EDGE_LOOP('',(#11972,#11974,#11975,#11976));
#11978=FACE_OUTER_BOUND('',#11977,.F.);
#11979=ADVANCED_FACE('',(#11978),#11970,.F.);
#11980=CARTESIAN_POINT('',(3.540837147709E2,2.076363407816E1,
-1.835385626009E2));
#11981=DIRECTION('',(-1.E0,0.E0,0.E0));
#11982=DIRECTION('',(0.E0,-9.541304515440E-1,2.993911846338E-1));
#11983=AXIS2_PLACEMENT_3D('',#11980,#11981,#11982);
#11984=CYLINDRICAL_SURFACE('',#11983,1.13E1);
#11985=ORIENTED_EDGE('',*,*,#11129,.T.);
#11986=ORIENTED_EDGE('',*,*,#11174,.F.);
#11988=ORIENTED_EDGE('',*,*,#11987,.T.);
#11989=ORIENTED_EDGE('',*,*,#11957,.T.);
#11990=EDGE_LOOP('',(#11985,#11986,#11988,#11989));
#11991=FACE_OUTER_BOUND('',#11990,.F.);
#11992=ADVANCED_FACE('',(#11991),#11984,.F.);
#11993=CARTESIAN_POINT('',(1.399999999947E1,2.076363407816E1,
-1.835385626009E2));
#11994=DIRECTION('',(1.E0,0.E0,0.E0));
#11995=DIRECTION('',(0.E0,0.E0,-1.E0));
#11996=AXIS2_PLACEMENT_3D('',#11993,#11994,#11995);
#11997=CONICAL_SURFACE('',#11996,1.229999999947E1,4.5E1);
#11999=ORIENTED_EDGE('',*,*,#11998,.T.);
#12001=ORIENTED_EDGE('',*,*,#12000,.T.);
#12002=ORIENTED_EDGE('',*,*,#11987,.F.);
#12004=ORIENTED_EDGE('',*,*,#12003,.F.);
#12005=EDGE_LOOP('',(#11999,#12001,#12002,#12004));
#12006=FACE_OUTER_BOUND('',#12005,.F.);
#12007=ADVANCED_FACE('',(#12006),#11997,.F.);
#12008=CARTESIAN_POINT('',(1.5E1,0.E0,-1.606006417988E2));
#12009=DIRECTION('',(1.E0,0.E0,0.E0));
#12010=DIRECTION('',(0.E0,0.E0,-1.E0));
#12011=AXIS2_PLACEMENT_3D('',#12008,#12009,#12010);
#12012=PLANE('',#12011);
#12014=ORIENTED_EDGE('',*,*,#12013,.F.);
#12015=ORIENTED_EDGE('',*,*,#5871,.F.);
#12017=ORIENTED_EDGE('',*,*,#12016,.F.);
#12019=ORIENTED_EDGE('',*,*,#12018,.F.);
#12021=ORIENTED_EDGE('',*,*,#12020,.F.);
#12023=ORIENTED_EDGE('',*,*,#12022,.F.);
#12025=ORIENTED_EDGE('',*,*,#12024,.F.);
#12026=ORIENTED_EDGE('',*,*,#11998,.F.);
#12028=ORIENTED_EDGE('',*,*,#12027,.F.);
#12030=ORIENTED_EDGE('',*,*,#12029,.F.);
#12031=EDGE_LOOP('',(#12014,#12015,#12017,#12019,#12021,#12023,#12025,#12026,
#12028,#12030));
#12032=FACE_OUTER_BOUND('',#12031,.F.);
#12033=ADVANCED_FACE('',(#12032),#12012,.T.);
#12034=CARTESIAN_POINT('',(1.4E1,6.818527839154E-1,-1.996006417988E2));
#12035=DIRECTION('',(7.071067811865E-1,0.E0,-7.071067811865E-1));
#12036=DIRECTION('',(-7.071067811865E-1,0.E0,-7.071067811865E-1));
#12037=AXIS2_PLACEMENT_3D('',#12034,#12035,#12036);
#12038=PLANE('',#12037);
#12039=ORIENTED_EDGE('',*,*,#5912,.T.);
#12040=ORIENTED_EDGE('',*,*,#5873,.T.);
#12041=ORIENTED_EDGE('',*,*,#12013,.T.);
#12043=ORIENTED_EDGE('',*,*,#12042,.T.);
#12044=EDGE_LOOP('',(#12039,#12040,#12041,#12043));
#12045=FACE_OUTER_BOUND('',#12044,.F.);
#12046=ADVANCED_FACE('',(#12045),#12038,.T.);
#12047=CARTESIAN_POINT('',(1.400000000344E1,1.363705567831E0,
-1.976006417988E2));
#12048=DIRECTION('',(-1.E0,0.E0,0.E0));
#12049=DIRECTION('',(0.E0,0.E0,-1.E0));
#12050=AXIS2_PLACEMENT_3D('',#12047,#12048,#12049);
#12051=CONICAL_SURFACE('',#12050,1.999999996559E0,4.5E1);
#12052=ORIENTED_EDGE('',*,*,#12029,.T.);
#12054=ORIENTED_EDGE('',*,*,#12053,.T.);
#12056=ORIENTED_EDGE('',*,*,#12055,.F.);
#12057=ORIENTED_EDGE('',*,*,#12042,.F.);
#12058=EDGE_LOOP('',(#12052,#12054,#12056,#12057));
#12059=FACE_OUTER_BOUND('',#12058,.F.);
#12060=ADVANCED_FACE('',(#12059),#12051,.T.);
#12061=CARTESIAN_POINT('',(1.4E1,6.149897997541E0,-1.890277375989E2));
#12062=DIRECTION('',(7.071067811865E-1,6.746721124234E-1,-2.117015368820E-1));
#12063=DIRECTION('',(-7.071067811865E-1,6.746721124234E-1,-2.117015368820E-1));
#12064=AXIS2_PLACEMENT_3D('',#12061,#12062,#12063);
#12065=PLANE('',#12064);
#12066=ORIENTED_EDGE('',*,*,#12027,.T.);
#12067=ORIENTED_EDGE('',*,*,#12003,.T.);
#12068=ORIENTED_EDGE('',*,*,#11172,.F.);
#12069=ORIENTED_EDGE('',*,*,#12053,.F.);
#12070=EDGE_LOOP('',(#12066,#12067,#12068,#12069));
#12071=FACE_OUTER_BOUND('',#12070,.F.);
#12072=ADVANCED_FACE('',(#12071),#12065,.T.);
#12073=CARTESIAN_POINT('',(-3.569253882083E2,1.363705567831E0,
-1.976006417988E2));
#12074=DIRECTION('',(1.E0,0.E0,0.E0));
#12075=DIRECTION('',(0.E0,0.E0,-1.E0));
#12076=AXIS2_PLACEMENT_3D('',#12073,#12074,#12075);
#12077=CYLINDRICAL_SURFACE('',#12076,3.E0);
#12078=ORIENTED_EDGE('',*,*,#11053,.T.);
#12079=ORIENTED_EDGE('',*,*,#5914,.T.);
#12080=ORIENTED_EDGE('',*,*,#12055,.T.);
#12081=ORIENTED_EDGE('',*,*,#11170,.F.);
#12082=EDGE_LOOP('',(#12078,#12079,#12080,#12081));
#12083=FACE_OUTER_BOUND('',#12082,.F.);
#12084=ADVANCED_FACE('',(#12083),#12077,.T.);
#12085=CARTESIAN_POINT('',(1.4E1,6.5E0,-1.616006417988E2));
#12086=DIRECTION('',(7.071067811865E-1,0.E0,7.071067811865E-1));
#12087=DIRECTION('',(-7.071067811865E-1,0.E0,7.071067811865E-1));
#12088=AXIS2_PLACEMENT_3D('',#12085,#12086,#12087);
#12089=PLANE('',#12088);
#12090=ORIENTED_EDGE('',*,*,#12016,.T.);
#12091=ORIENTED_EDGE('',*,*,#5869,.T.);
#12092=ORIENTED_EDGE('',*,*,#5850,.T.);
#12094=ORIENTED_EDGE('',*,*,#12093,.F.);
#12095=EDGE_LOOP('',(#12090,#12091,#12092,#12094));
#12096=FACE_OUTER_BOUND('',#12095,.F.);
#12097=ADVANCED_FACE('',(#12096),#12089,.T.);
#12098=CARTESIAN_POINT('',(1.400000000490E1,1.3E1,-1.636006417988E2));
#12099=DIRECTION('',(-1.E0,0.E0,0.E0));
#12100=DIRECTION('',(0.E0,0.E0,-1.E0));
#12101=AXIS2_PLACEMENT_3D('',#12098,#12099,#12100);
#12102=CONICAL_SURFACE('',#12101,1.999999995100E0,4.5E1);
#12103=ORIENTED_EDGE('',*,*,#12018,.T.);
#12104=ORIENTED_EDGE('',*,*,#12093,.T.);
#12106=ORIENTED_EDGE('',*,*,#12105,.F.);
#12108=ORIENTED_EDGE('',*,*,#12107,.F.);
#12109=EDGE_LOOP('',(#12103,#12104,#12106,#12108));
#12110=FACE_OUTER_BOUND('',#12109,.F.);
#12111=ADVANCED_FACE('',(#12110),#12102,.T.);
#12112=CARTESIAN_POINT('',(-3.580158864294E2,1.3E1,-1.636006417988E2));
#12113=DIRECTION('',(1.E0,0.E0,0.E0));
#12114=DIRECTION('',(0.E0,1.E0,0.E0));
#12115=AXIS2_PLACEMENT_3D('',#12112,#12113,#12114);
#12116=CYLINDRICAL_SURFACE('',#12115,3.E0);
#12117=ORIENTED_EDGE('',*,*,#12105,.T.);
#12118=ORIENTED_EDGE('',*,*,#5848,.F.);
#12120=ORIENTED_EDGE('',*,*,#12119,.F.);
#12121=ORIENTED_EDGE('',*,*,#6118,.T.);
#12122=EDGE_LOOP('',(#12117,#12118,#12120,#12121));
#12123=FACE_OUTER_BOUND('',#12122,.F.);
#12124=ADVANCED_FACE('',(#12123),#12116,.T.);
#12125=CARTESIAN_POINT('',(3.901104068712E1,4.07684E1,-1.636006417988E2));
#12126=DIRECTION('',(-7.071067811865E-1,-7.071067811865E-1,0.E0));
#12127=DIRECTION('',(0.E0,0.E0,1.E0));
#12128=AXIS2_PLACEMENT_3D('',#12125,#12126,#12127);
#12129=CYLINDRICAL_SURFACE('',#12128,3.E0);
#12130=ORIENTED_EDGE('',*,*,#10730,.T.);
#12132=ORIENTED_EDGE('',*,*,#12131,.F.);
#12133=ORIENTED_EDGE('',*,*,#12119,.T.);
#12134=ORIENTED_EDGE('',*,*,#5846,.T.);
#12135=EDGE_LOOP('',(#12130,#12132,#12133,#12134));
#12136=FACE_OUTER_BOUND('',#12135,.F.);
#12137=ADVANCED_FACE('',(#12136),#12129,.T.);
#12138=CARTESIAN_POINT('',(7.25E0,1.325E1,-1.636006417988E2));
#12139=DIRECTION('',(-7.071067811865E-1,7.071067811865E-1,0.E0));
#12140=DIRECTION('',(-7.071067811865E-1,-7.071067811865E-1,0.E0));
#12141=AXIS2_PLACEMENT_3D('',#12138,#12139,#12140);
#12142=PLANE('',#12141);
#12143=ORIENTED_EDGE('',*,*,#10711,.F.);
#12144=ORIENTED_EDGE('',*,*,#6120,.T.);
#12145=ORIENTED_EDGE('',*,*,#12131,.T.);
#12146=ORIENTED_EDGE('',*,*,#10728,.F.);
#12147=EDGE_LOOP('',(#12143,#12144,#12145,#12146));
#12148=FACE_OUTER_BOUND('',#12147,.F.);
#12149=ADVANCED_FACE('',(#12148),#12142,.T.);
#12150=CARTESIAN_POINT('',(1.4E1,1.5E1,-1.662850383338E2));
#12151=DIRECTION('',(7.071067811865E-1,7.071067811865E-1,0.E0));
#12152=DIRECTION('',(-7.071067811865E-1,7.071067811865E-1,0.E0));
#12153=AXIS2_PLACEMENT_3D('',#12150,#12151,#12152);
#12154=PLANE('',#12153);
#12155=ORIENTED_EDGE('',*,*,#12020,.T.);
#12156=ORIENTED_EDGE('',*,*,#12107,.T.);
#12157=ORIENTED_EDGE('',*,*,#6116,.F.);
#12159=ORIENTED_EDGE('',*,*,#12158,.F.);
#12160=EDGE_LOOP('',(#12155,#12156,#12157,#12159));
#12161=FACE_OUTER_BOUND('',#12160,.F.);
#12162=ADVANCED_FACE('',(#12161),#12154,.T.);
#12163=CARTESIAN_POINT('',(1.400000000025E1,1.08E1,-1.689694348688E2));
#12164=DIRECTION('',(-1.E0,0.E0,0.E0));
#12165=DIRECTION('',(0.E0,0.E0,-1.E0));
#12166=AXIS2_PLACEMENT_3D('',#12163,#12164,#12165);
#12167=CONICAL_SURFACE('',#12166,4.199999999746E0,4.5E1);
#12168=ORIENTED_EDGE('',*,*,#12022,.T.);
#12169=ORIENTED_EDGE('',*,*,#12158,.T.);
#12171=ORIENTED_EDGE('',*,*,#12170,.F.);
#12173=ORIENTED_EDGE('',*,*,#12172,.F.);
#12174=EDGE_LOOP('',(#12168,#12169,#12171,#12173));
#12175=FACE_OUTER_BOUND('',#12174,.F.);
#12176=ADVANCED_FACE('',(#12175),#12167,.T.);
#12177=CARTESIAN_POINT('',(3.540837147709E2,1.08E1,-1.689694348688E2));
#12178=DIRECTION('',(-1.E0,0.E0,0.E0));
#12179=DIRECTION('',(0.E0,1.E0,0.E0));
#12180=AXIS2_PLACEMENT_3D('',#12177,#12178,#12179);
#12181=CYLINDRICAL_SURFACE('',#12180,5.2E0);
#12182=ORIENTED_EDGE('',*,*,#11107,.T.);
#12183=ORIENTED_EDGE('',*,*,#11961,.F.);
#12184=ORIENTED_EDGE('',*,*,#12170,.T.);
#12185=ORIENTED_EDGE('',*,*,#6114,.T.);
#12186=EDGE_LOOP('',(#12182,#12183,#12184,#12185));
#12187=FACE_OUTER_BOUND('',#12186,.F.);
#12188=ADVANCED_FACE('',(#12187),#12181,.T.);
#12189=CARTESIAN_POINT('',(1.4E1,1.245747917053E1,-1.739407158434E2));
#12190=DIRECTION('',(7.071067811865E-1,5.804103332845E-1,-4.038859306990E-1));
#12191=DIRECTION('',(-7.071067811865E-1,5.804103332845E-1,-4.038859306990E-1));
#12192=AXIS2_PLACEMENT_3D('',#12189,#12190,#12191);
#12193=PLANE('',#12192);
#12194=ORIENTED_EDGE('',*,*,#12024,.T.);
#12195=ORIENTED_EDGE('',*,*,#12172,.T.);
#12196=ORIENTED_EDGE('',*,*,#11959,.F.);
#12197=ORIENTED_EDGE('',*,*,#12000,.F.);
#12198=EDGE_LOOP('',(#12194,#12195,#12196,#12197));
#12199=FACE_OUTER_BOUND('',#12198,.F.);
#12200=ADVANCED_FACE('',(#12199),#12193,.T.);
#12201=CARTESIAN_POINT('',(3.540837147709E2,1.08E1,-1.689694348688E2));
#12202=DIRECTION('',(-1.E0,0.E0,0.E0));
#12203=DIRECTION('',(0.E0,1.E0,0.E0));
#12204=AXIS2_PLACEMENT_3D('',#12201,#12202,#12203);
#12205=CYLINDRICAL_SURFACE('',#12204,5.2E0);
#12206=ORIENTED_EDGE('',*,*,#6138,.T.);
#12208=ORIENTED_EDGE('',*,*,#12207,.T.);
#12209=ORIENTED_EDGE('',*,*,#11971,.F.);
#12210=ORIENTED_EDGE('',*,*,#11667,.F.);
#12211=EDGE_LOOP('',(#12206,#12208,#12209,#12210));
#12212=FACE_OUTER_BOUND('',#12211,.F.);
#12213=ADVANCED_FACE('',(#12212),#12205,.T.);
#12214=CARTESIAN_POINT('',(-1.400003546682E1,1.118370961437E1,
-1.757711433914E2));
#12215=DIRECTION('',(-7.071067811865E-1,5.804103332845E-1,-4.038859306990E-1));
#12216=DIRECTION('',(7.071067811865E-1,5.804103332845E-1,-4.038859306990E-1));
#12217=AXIS2_PLACEMENT_3D('',#12214,#12215,#12216);
#12218=PLANE('',#12217);
#12220=ORIENTED_EDGE('',*,*,#12219,.T.);
#12221=ORIENTED_EDGE('',*,*,#11826,.F.);
#12222=ORIENTED_EDGE('',*,*,#11918,.F.);
#12223=ORIENTED_EDGE('',*,*,#11973,.T.);
#12224=ORIENTED_EDGE('',*,*,#12207,.F.);
#12225=ORIENTED_EDGE('',*,*,#6136,.T.);
#12227=ORIENTED_EDGE('',*,*,#12226,.T.);
#12228=ORIENTED_EDGE('',*,*,#11754,.F.);
#12230=ORIENTED_EDGE('',*,*,#12229,.F.);
#12232=ORIENTED_EDGE('',*,*,#12231,.T.);
#12234=ORIENTED_EDGE('',*,*,#12233,.T.);
#12235=EDGE_LOOP('',(#12220,#12221,#12222,#12223,#12224,#12225,#12227,#12228,
#12230,#12232,#12234));
#12236=FACE_OUTER_BOUND('',#12235,.F.);
#12237=ADVANCED_FACE('',(#12236),#12218,.T.);
#12238=CARTESIAN_POINT('',(-1.8E1,4.455010109332E1,-2.103219915460E2));
#12239=DIRECTION('',(0.E0,-7.071067811865E-1,7.071067811865E-1));
#12240=DIRECTION('',(1.E0,0.E0,0.E0));
#12241=AXIS2_PLACEMENT_3D('',#12238,#12239,#12240);
#12242=CYLINDRICAL_SURFACE('',#12241,3.E0);
#12243=ORIENTED_EDGE('',*,*,#11828,.F.);
#12244=ORIENTED_EDGE('',*,*,#12219,.F.);
#12246=ORIENTED_EDGE('',*,*,#12245,.T.);
#12248=ORIENTED_EDGE('',*,*,#12247,.F.);
#12249=EDGE_LOOP('',(#12243,#12244,#12246,#12248));
#12250=FACE_OUTER_BOUND('',#12249,.F.);
#12251=ADVANCED_FACE('',(#12250),#12242,.F.);
#12252=CARTESIAN_POINT('',(-1.5E1,7.417711987293E0,-1.706006417988E2));
#12253=DIRECTION('',(4.573295603800E-1,6.288281455225E-1,6.288281455225E-1));
#12254=DIRECTION('',(8.892972917999E-1,-3.233808333818E-1,-3.233808333818E-1));
#12255=AXIS2_PLACEMENT_3D('',#12252,#12253,#12254);
#12256=PLANE('',#12255);
#12257=ORIENTED_EDGE('',*,*,#12245,.F.);
#12258=ORIENTED_EDGE('',*,*,#12233,.F.);
#12260=ORIENTED_EDGE('',*,*,#12259,.T.);
#12262=ORIENTED_EDGE('',*,*,#12261,.F.);
#12264=ORIENTED_EDGE('',*,*,#12263,.F.);
#12266=ORIENTED_EDGE('',*,*,#12265,.F.);
#12268=ORIENTED_EDGE('',*,*,#12267,.F.);
#12269=EDGE_LOOP('',(#12257,#12258,#12260,#12262,#12264,#12266,#12268));
#12270=FACE_OUTER_BOUND('',#12269,.F.);
#12271=ADVANCED_FACE('',(#12270),#12256,.F.);
#12272=CARTESIAN_POINT('',(-1.570256095046E1,1.246901192480E1,
-1.719604691024E2));
#12273=DIRECTION('',(-4.479546293065E-1,-4.479546293065E-1,7.737398142566E-1));
#12274=DIRECTION('',(-7.071067811865E-1,7.071067811865E-1,0.E0));
#12275=AXIS2_PLACEMENT_3D('',#12272,#12273,#12274);
#12276=CYLINDRICAL_SURFACE('',#12275,2.E0);
#12277=ORIENTED_EDGE('',*,*,#12231,.F.);
#12279=ORIENTED_EDGE('',*,*,#12278,.F.);
#12280=ORIENTED_EDGE('',*,*,#12259,.F.);
#12281=EDGE_LOOP('',(#12277,#12279,#12280));
#12282=FACE_OUTER_BOUND('',#12281,.F.);
#12283=ADVANCED_FACE('',(#12282),#12276,.T.);
#12284=CARTESIAN_POINT('',(-1.85E1,7.494955969208E0,-1.649519120199E2));
#12285=DIRECTION('',(0.E0,7.071067811865E-1,-7.071067811865E-1));
#12286=DIRECTION('',(-4.573295603800E-1,-6.288281455225E-1,-6.288281455225E-1));
#12287=AXIS2_PLACEMENT_3D('',#12284,#12285,#12286);
#12288=CYLINDRICAL_SURFACE('',#12287,2.E0);
#12290=ORIENTED_EDGE('',*,*,#12289,.F.);
#12291=ORIENTED_EDGE('',*,*,#12261,.T.);
#12292=ORIENTED_EDGE('',*,*,#12278,.T.);
#12293=ORIENTED_EDGE('',*,*,#12229,.T.);
#12294=ORIENTED_EDGE('',*,*,#11752,.F.);
#12296=ORIENTED_EDGE('',*,*,#12295,.F.);
#12297=EDGE_LOOP('',(#12290,#12291,#12292,#12293,#12294,#12296));
#12298=FACE_OUTER_BOUND('',#12297,.F.);
#12299=ADVANCED_FACE('',(#12298),#12288,.T.);
#12300=CARTESIAN_POINT('',(-1.873568326602E1,5.905663539266E0,
-1.679257795891E2));
#12301=CARTESIAN_POINT('',(-1.881186849519E1,5.894509018451E0,
-1.678751172905E2));
#12302=CARTESIAN_POINT('',(-1.898427765181E1,5.875151393001E0,
-1.677517094874E2));
#12303=CARTESIAN_POINT('',(-1.923489148174E1,5.866638016995E0,
-1.675407630234E2));
#12304=CARTESIAN_POINT('',(-1.948002153360E1,5.880537134267E0,
-1.672949086233E2));
#12305=CARTESIAN_POINT('',(-1.968343538366E1,5.911075255744E0,
-1.670532813586E2));
#12306=CARTESIAN_POINT('',(-1.980014264026E1,5.939558648249E0,
-1.668916895710E2));
#12307=CARTESIAN_POINT('',(-1.984947947041E1,5.953874559927E0,
-1.668184080229E2));
#12308=CARTESIAN_POINT('',(-1.870511011938E1,6.930471397360E0,
-1.677486130716E2));
#12309=CARTESIAN_POINT('',(-1.876733002570E1,6.920230816958E0,
-1.677055052753E2));
#12310=CARTESIAN_POINT('',(-1.890927243285E1,6.902347905778E0,
-1.676008311768E2));
#12311=CARTESIAN_POINT('',(-1.911968963829E1,6.894388095017E0,
-1.674223575922E2));
#12312=CARTESIAN_POINT('',(-1.933039641664E1,6.907375153490E0,
-1.672137518801E2));
#12313=CARTESIAN_POINT('',(-1.950962231282E1,6.936159747503E0,
-1.670073537676E2));
#12314=CARTESIAN_POINT('',(-1.961488474741E1,6.963205223849E0,
-1.668681969704E2));
#12315=CARTESIAN_POINT('',(-1.965986220929E1,6.976832133493E0,
-1.668048212089E2));
#12316=CARTESIAN_POINT('',(-1.895835079497E1,7.908713187345E0,
-1.679965414129E2));
#12317=CARTESIAN_POINT('',(-1.901610879097E1,7.899345018976E0,
-1.679546459277E2));
#12318=CARTESIAN_POINT('',(-1.914910570923E1,7.882869812776E0,
-1.678532609673E2));
#12319=CARTESIAN_POINT('',(-1.935066277494E1,7.875438413904E0,
-1.676808660351E2));
#12320=CARTESIAN_POINT('',(-1.955766073053E1,7.887554856461E0,
-1.674787392264E2));
#12321=CARTESIAN_POINT('',(-1.973824307598E1,7.914665601244E0,
-1.672773115898E2));
#12322=CARTESIAN_POINT('',(-1.984674825139E1,7.940338498655E0,
-1.671403392144E2));
#12323=CARTESIAN_POINT('',(-1.989358159322E1,7.953307713710E0,
-1.670776821559E2));
#12324=CARTESIAN_POINT('',(-1.943378428476E1,8.602353510429E0,
-1.686092362544E2));
#12325=CARTESIAN_POINT('',(-1.949766949880E1,8.593603941847E0,
-1.685619158978E2));
#12326=CARTESIAN_POINT('',(-1.964541889293E1,8.578126894741E0,
-1.684475751632E2));
#12327=CARTESIAN_POINT('',(-1.987160823991E1,8.571070176032E0,
-1.682533855394E2));
#12328=CARTESIAN_POINT('',(-2.010651429063E1,8.582569292369E0,
-1.680253913388E2));
#12329=CARTESIAN_POINT('',(-2.031366742398E1,8.608493163588E0,
-1.677974660368E2));
#12330=CARTESIAN_POINT('',(-2.043931384751E1,8.633192808675E0,
-1.676418959798E2));
#12331=CARTESIAN_POINT('',(-2.049376672655E1,8.645695673291E0,
-1.675705956588E2));
#12332=(BOUNDED_SURFACE()B_SPLINE_SURFACE(3,3,((#12300,#12301,#12302,#12303,
#12304,#12305,#12306,#12307),(#12308,#12309,#12310,#12311,#12312,#12313,#12314,
#12315),(#12316,#12317,#12318,#12319,#12320,#12321,#12322,#12323),(#12324,
#12325,#12326,#12327,#12328,#12329,#12330,#12331)),.UNSPECIFIED.,.F.,.F.,.F.)B_SPLINE_SURFACE_WITH_KNOTS((4,4),(4,1,1,1,1,4),(0.E0,1.E0),(-2.591968726356E-1,
0.E0,3.420302806729E-1,6.747278301304E-1,1.E0,1.261698678076E0),.UNSPECIFIED.)GEOMETRIC_REPRESENTATION_ITEM()RATIONAL_B_SPLINE_SURFACE(((1.064772739812E0,
1.064772739812E0,1.064772739812E0,1.064772739812E0,1.064772739812E0,
1.064772739812E0,1.064772739812E0,1.064772739812E0),(9.784090867293E-1,
9.784090867293E-1,9.784090867293E-1,9.784090867293E-1,9.784090867293E-1,
9.784090867293E-1,9.784090867293E-1,9.784090867293E-1),(9.784090867293E-1,
9.784090867293E-1,9.784090867293E-1,9.784090867293E-1,9.784090867293E-1,
9.784090867293E-1,9.784090867293E-1,9.784090867293E-1),(1.064772739812E0,
1.064772739812E0,1.064772739812E0,1.064772739812E0,1.064772739812E0,
1.064772739812E0,1.064772739812E0,1.064772739812E0)))REPRESENTATION_ITEM('')SURFACE());
#12333=ORIENTED_EDGE('',*,*,#11775,.F.);
#12335=ORIENTED_EDGE('',*,*,#12334,.T.);
#12336=ORIENTED_EDGE('',*,*,#12289,.T.);
#12338=ORIENTED_EDGE('',*,*,#12337,.F.);
#12339=EDGE_LOOP('',(#12333,#12335,#12336,#12338));
#12340=FACE_OUTER_BOUND('',#12339,.F.);
#12341=ADVANCED_FACE('',(#12340),#12332,.F.);
#12342=CARTESIAN_POINT('',(-1.887300814360E1,5.884030946016E0,
-1.678301850155E2));
#12343=CARTESIAN_POINT('',(-1.887357208607E1,5.884031915781E0,
-1.678297753093E2));
#12344=CARTESIAN_POINT('',(-1.888352933203E1,5.884040478542E0,
-1.678225375052E2));
#12345=CARTESIAN_POINT('',(-1.890282086288E1,5.883763196888E0,
-1.678083833033E2));
#12346=CARTESIAN_POINT('',(-1.893074536407E1,5.882551648073E0,
-1.677875327201E2));
#12347=CARTESIAN_POINT('',(-1.894979972833E1,5.881165195955E0,
-1.677730547776E2));
#12348=CARTESIAN_POINT('',(-1.895957213518E1,5.880300610285E0,
-1.677655607215E2));
#12349=CARTESIAN_POINT('',(-1.896012496747E1,5.880251206831E0,
-1.677651365562E2));
#12350=CARTESIAN_POINT('',(-1.877610039916E1,6.911534704588E0,
-1.676980762438E2));
#12351=CARTESIAN_POINT('',(-1.877684517004E1,6.911535866479E0,
-1.676975353853E2));
#12352=CARTESIAN_POINT('',(-1.878999429252E1,6.911546125462E0,
-1.676879793893E2));
#12353=CARTESIAN_POINT('',(-1.881543811451E1,6.911213926225E0,
-1.676692480448E2));
#12354=CARTESIAN_POINT('',(-1.885217141143E1,6.909762572122E0,
-1.676415423356E2));
#12355=CARTESIAN_POINT('',(-1.887716365565E1,6.908102036256E0,
-1.676222329318E2));
#12356=CARTESIAN_POINT('',(-1.888995985079E1,6.907066726860E0,
-1.676122201399E2));
#12357=CARTESIAN_POINT('',(-1.889068367147E1,6.907007568554E0,
-1.676116533570E2));
#12358=CARTESIAN_POINT('',(-1.897960103197E1,7.892349847450E0,
-1.679794957889E2));
#12359=CARTESIAN_POINT('',(-1.898060067443E1,7.892351192737E0,
-1.679787699883E2));
#12360=CARTESIAN_POINT('',(-1.899824900442E1,7.892363070867E0,
-1.679659455422E2));
#12361=CARTESIAN_POINT('',(-1.903237757502E1,7.891978449441E0,
-1.679407781684E2));
#12362=CARTESIAN_POINT('',(-1.908158414415E1,7.890298186533E0,
-1.679034775396E2));
#12363=CARTESIAN_POINT('',(-1.911501378724E1,7.888376020976E0,
-1.678774333242E2));
#12364=CARTESIAN_POINT('',(-1.913211541773E1,7.887177745347E0,
-1.678639163539E2));
#12365=CARTESIAN_POINT('',(-1.913308272960E1,7.887109275439E0,
-1.678631511764E2));
#12366=CARTESIAN_POINT('',(-1.943399228384E1,8.587814870770E0,
-1.686059659032E2));
#12367=CARTESIAN_POINT('',(-1.943525882324E1,8.587816346098E0,
-1.686050463727E2));
#12368=CARTESIAN_POINT('',(-1.945761890068E1,8.587829372313E0,
-1.685887985296E2));
#12369=CARTESIAN_POINT('',(-1.950085141966E1,8.587407579970E0,
-1.685569023168E2));
#12370=CARTESIAN_POINT('',(-1.956316061927E1,8.585565005062E0,
-1.685096017042E2));
#12371=CARTESIAN_POINT('',(-1.960547410996E1,8.583457326158E0,
-1.684765581071E2));
#12372=CARTESIAN_POINT('',(-1.962711518234E1,8.582143496325E0,
-1.684594041867E2));
#12373=CARTESIAN_POINT('',(-1.962833923957E1,8.582068423853E0,
-1.684584331129E2));
#12374=(BOUNDED_SURFACE()B_SPLINE_SURFACE(3,3,((#12342,#12343,#12344,#12345,
#12346,#12347,#12348,#12349),(#12350,#12351,#12352,#12353,#12354,#12355,#12356,
#12357),(#12358,#12359,#12360,#12361,#12362,#12363,#12364,#12365),(#12366,
#12367,#12368,#12369,#12370,#12371,#12372,#12373)),.UNSPECIFIED.,.F.,.F.,.F.)B_SPLINE_SURFACE_WITH_KNOTS((4,4),(4,1,1,1,1,4),(0.E0,1.E0),(-1.999996447727E-2,
0.E0,3.331933593713E-1,6.664947093955E-1,1.E0,1.020002253514E0),.UNSPECIFIED.)GEOMETRIC_REPRESENTATION_ITEM()RATIONAL_B_SPLINE_SURFACE(((1.064772720030E0,
1.064772720030E0,1.064772720030E0,1.064772720030E0,1.064772720030E0,
1.064772720030E0,1.064772720030E0,1.064772720030E0),(9.784090933232E-1,
9.784090933232E-1,9.784090933232E-1,9.784090933232E-1,9.784090933232E-1,
9.784090933232E-1,9.784090933232E-1,9.784090933232E-1),(9.784090933232E-1,
9.784090933232E-1,9.784090933232E-1,9.784090933232E-1,9.784090933232E-1,
9.784090933232E-1,9.784090933232E-1,9.784090933232E-1),(1.064772720030E0,
1.064772720030E0,1.064772720030E0,1.064772720030E0,1.064772720030E0,
1.064772720030E0,1.064772720030E0,1.064772720030E0)))REPRESENTATION_ITEM('')SURFACE());
#12375=ORIENTED_EDGE('',*,*,#11773,.F.);
#12377=ORIENTED_EDGE('',*,*,#12376,.T.);
#12378=ORIENTED_EDGE('',*,*,#12263,.T.);
#12379=ORIENTED_EDGE('',*,*,#12334,.F.);
#12380=EDGE_LOOP('',(#12375,#12377,#12378,#12379));
#12381=FACE_OUTER_BOUND('',#12380,.F.);
#12382=ADVANCED_FACE('',(#12381),#12374,.F.);
#12383=CARTESIAN_POINT('',(-1.794064072549E1,6.356425121165E0,
-1.721714859553E2));
#12384=DIRECTION('',(-8.087360843032E-1,0.E0,5.881716976750E-1));
#12385=DIRECTION('',(5.881716976750E-1,0.E0,8.087360843032E-1));
#12386=AXIS2_PLACEMENT_3D('',#12383,#12384,#12385);
#12387=CYLINDRICAL_SURFACE('',#12386,3.E0);
#12388=ORIENTED_EDGE('',*,*,#11791,.F.);
#12390=ORIENTED_EDGE('',*,*,#12389,.T.);
#12391=ORIENTED_EDGE('',*,*,#12265,.T.);
#12392=ORIENTED_EDGE('',*,*,#12376,.F.);
#12393=EDGE_LOOP('',(#12388,#12390,#12391,#12392));
#12394=FACE_OUTER_BOUND('',#12393,.F.);
#12395=ADVANCED_FACE('',(#12394),#12387,.F.);
#12396=CARTESIAN_POINT('',(-1.507451433230E1,7.009714854854E0,
-1.734225178984E2));
#12397=CARTESIAN_POINT('',(-1.505200416150E1,6.853333877420E0,
-1.732825079542E2));
#12398=CARTESIAN_POINT('',(-1.501922546986E1,6.494096453883E0,
-1.729471095792E2));
#12399=CARTESIAN_POINT('',(-1.508064950910E1,5.942945424338E0,
-1.723512865211E2));
#12400=CARTESIAN_POINT('',(-1.533649076153E1,5.381231978945E0,
-1.716035067103E2));
#12401=CARTESIAN_POINT('',(-1.588470952311E1,4.885953900568E0,
-1.707095240780E2));
#12402=CARTESIAN_POINT('',(-1.689510985279E1,4.641350974159E0,
-1.697300845482E2));
#12403=CARTESIAN_POINT('',(-1.777257789217E1,4.816609491439E0,
-1.692671844914E2));
#12404=CARTESIAN_POINT('',(-1.822007091203E1,5.029061894111E0,
-1.691541874251E2));
#12405=CARTESIAN_POINT('',(-1.482814063109E1,8.039843080009E0,
-1.722993599449E2));
#12406=CARTESIAN_POINT('',(-1.480751755581E1,7.898456448475E0,
-1.721729719135E2));
#12407=CARTESIAN_POINT('',(-1.477807666803E1,7.575036436366E0,
-1.718709634562E2));
#12408=CARTESIAN_POINT('',(-1.483325078750E1,7.083981810845E0,
-1.713397821983E2));
#12409=CARTESIAN_POINT('',(-1.505885045252E1,6.590151826835E0,
-1.706818797306E2));
#12410=CARTESIAN_POINT('',(-1.553601200973E1,6.160168379137E0,
-1.699048696959E2));
#12411=CARTESIAN_POINT('',(-1.640725738486E1,5.949796756346E0,
-1.690608650730E2));
#12412=CARTESIAN_POINT('',(-1.716301265352E1,6.100493459250E0,
-1.686619215805E2));
#12413=CARTESIAN_POINT('',(-1.754891197326E1,6.282346588677E0,
-1.685631206592E2));
#12414=CARTESIAN_POINT('',(-1.562297541316E1,8.840762837653E0,
-1.712436088149E2));
#12415=CARTESIAN_POINT('',(-1.560752155796E1,8.740449417994E0,
-1.711545345627E2));
#12416=CARTESIAN_POINT('',(-1.558722373827E1,8.515142130393E0,
-1.709439893257E2));
#12417=CARTESIAN_POINT('',(-1.562527778585E1,8.188706378685E0,
-1.705898779031E2));
#12418=CARTESIAN_POINT('',(-1.576803828372E1,7.880825939323E0,
-1.701781716471E2));
#12419=CARTESIAN_POINT('',(-1.605055663138E1,7.629700590419E0,
-1.697215784090E2));
#12420=CARTESIAN_POINT('',(-1.654062226249E1,7.513096951622E0,
-1.692485634021E2));
#12421=CARTESIAN_POINT('',(-1.696297623087E1,7.596512786613E0,
-1.690248127146E2));
#12422=CARTESIAN_POINT('',(-1.718015521344E1,7.694546959102E0,
-1.689648985361E2));
#12423=CARTESIAN_POINT('',(-1.707902303670E1,9.029569372974E0,
-1.707599993757E2));
#12424=CARTESIAN_POINT('',(-1.706954921871E1,8.976771696850E0,
-1.707140917490E2));
#12425=CARTESIAN_POINT('',(-1.705982860150E1,8.864966588463E0,
-1.706093561804E2));
#12426=CARTESIAN_POINT('',(-1.707807721124E1,8.728970976004E0,
-1.704600888518E2));
#12427=CARTESIAN_POINT('',(-1.712500481848E1,8.636207165472E0,
-1.703331958724E2));
#12428=CARTESIAN_POINT('',(-1.718234922907E1,8.591994672010E0,
-1.702472783530E2));
#12429=CARTESIAN_POINT('',(-1.723144523230E1,8.583866978381E0,
-1.702034444752E2));
#12430=CARTESIAN_POINT('',(-1.726810229617E1,8.589448616371E0,
-1.701823664304E2));
#12431=CARTESIAN_POINT('',(-1.729009634182E1,8.590516423696E0,
-1.701674385682E2));
#12432=(BOUNDED_SURFACE()B_SPLINE_SURFACE(3,3,((#12396,#12397,#12398,#12399,
#12400,#12401,#12402,#12403,#12404),(#12405,#12406,#12407,#12408,#12409,#12410,
#12411,#12412,#12413),(#12414,#12415,#12416,#12417,#12418,#12419,#12420,#12421,
#12422),(#12423,#12424,#12425,#12426,#12427,#12428,#12429,#12430,#12431)),
.UNSPECIFIED.,.F.,.F.,.F.)B_SPLINE_SURFACE_WITH_KNOTS((4,4),(4,1,1,1,1,1,4),(
0.E0,1.E0),(-2.075576025525E-1,0.E0,2.581381516247E-1,4.930392947788E-1,
7.295649637269E-1,1.E0,1.276116270823E0),.UNSPECIFIED.)GEOMETRIC_REPRESENTATION_ITEM()RATIONAL_B_SPLINE_SURFACE(((1.135744557124E0,1.135744557124E0,
1.135744557124E0,1.135744557124E0,1.135744557124E0,1.135744557124E0,
1.135744557124E0,1.135744557124E0,1.135744557124E0),(9.547518142920E-1,
9.547518142920E-1,9.547518142920E-1,9.547518142920E-1,9.547518142920E-1,
9.547518142920E-1,9.547518142920E-1,9.547518142920E-1,9.547518142920E-1),(
9.547518142920E-1,9.547518142920E-1,9.547518142920E-1,9.547518142920E-1,
9.547518142920E-1,9.547518142920E-1,9.547518142920E-1,9.547518142920E-1,
9.547518142920E-1),(1.135744557124E0,1.135744557124E0,1.135744557124E0,
1.135744557124E0,1.135744557124E0,1.135744557124E0,1.135744557124E0,
1.135744557124E0,1.135744557124E0)))REPRESENTATION_ITEM('')SURFACE());
#12433=ORIENTED_EDGE('',*,*,#11805,.F.);
#12434=ORIENTED_EDGE('',*,*,#12247,.T.);
#12435=ORIENTED_EDGE('',*,*,#12267,.T.);
#12436=ORIENTED_EDGE('',*,*,#12389,.F.);
#12437=EDGE_LOOP('',(#12433,#12434,#12435,#12436));
#12438=FACE_OUTER_BOUND('',#12437,.F.);
#12439=ADVANCED_FACE('',(#12438),#12432,.F.);
#12440=CARTESIAN_POINT('',(-1.964918011669E1,6.144714020086E0,
-1.670457853483E2));
#12441=CARTESIAN_POINT('',(-1.964922342290E1,6.146315913889E0,
-1.670453683579E2));
#12442=CARTESIAN_POINT('',(-1.965722429590E1,6.151301221903E0,
-1.670350767143E2));
#12443=CARTESIAN_POINT('',(-1.969083084661E1,6.155411096591E0,
-1.669917685584E2));
#12444=CARTESIAN_POINT('',(-1.974365226531E1,6.147937918070E0,
-1.669211499009E2));
#12445=CARTESIAN_POINT('',(-1.980668251724E1,6.125491406840E0,
-1.668323483486E2));
#12446=CARTESIAN_POINT('',(-1.987588677460E1,6.087182758680E0,
-1.667285113376E2));
#12447=CARTESIAN_POINT('',(-1.994689195567E1,6.033657633432E0,
-1.666140299338E2));
#12448=CARTESIAN_POINT('',(-2.001694558600E1,5.966136869644E0,
-1.664917230017E2));
#12449=CARTESIAN_POINT('',(-2.008247545094E1,5.888753464527E0,
-1.663673215640E2));
#12450=CARTESIAN_POINT('',(-2.014403934297E1,5.801284178421E0,
-1.662398513265E2));
#12451=CARTESIAN_POINT('',(-2.020317479832E1,5.701653106968E0,
-1.661054371039E2));
#12452=CARTESIAN_POINT('',(-2.026172277264E1,5.583963989897E0,
-1.659575527649E2));
#12453=CARTESIAN_POINT('',(-2.031958277646E1,5.443528766467E0,
-1.657914925115E2));
#12454=CARTESIAN_POINT('',(-2.037425816868E1,5.277416940983E0,
-1.656078385177E2));
#12455=CARTESIAN_POINT('',(-2.042367658400E1,5.083364202962E0,
-1.654052388015E2));
#12456=CARTESIAN_POINT('',(-2.046494683254E1,4.860297354712E0,
-1.651857176546E2));
#12457=CARTESIAN_POINT('',(-2.049602195612E1,4.602240673897E0,
-1.649426717585E2));
#12458=CARTESIAN_POINT('',(-2.051100484429E1,4.340809521067E0,
-1.647092485851E2));
#12459=CARTESIAN_POINT('',(-2.051213784261E1,4.156937957823E0,
-1.645708581626E2));
#12460=CARTESIAN_POINT('',(-2.051118752239E1,4.071772623825E0,
-1.645143239979E2));
#12461=CARTESIAN_POINT('',(-1.952111023673E1,6.918937104946E0,
-1.671058325804E2));
#12462=CARTESIAN_POINT('',(-1.953596626648E1,6.924810043325E0,
-1.670873665786E2));
#12463=CARTESIAN_POINT('',(-1.957405891434E1,6.935401321673E0,
-1.670405955744E2));
#12464=CARTESIAN_POINT('',(-1.964817735347E1,6.941126893989E0,
-1.669458495915E2));
#12465=CARTESIAN_POINT('',(-1.973185224039E1,6.930722025354E0,
-1.668318266782E2));
#12466=CARTESIAN_POINT('',(-1.981780520694E1,6.902927233140E0,
-1.667053227822E2));
#12467=CARTESIAN_POINT('',(-1.990369678453E1,6.857822941237E0,
-1.665675480737E2));
#12468=CARTESIAN_POINT('',(-1.998679249052E1,6.796268748206E0,
-1.664209043470E2));
#12469=CARTESIAN_POINT('',(-2.006344267128E1,6.720747151586E0,
-1.662708564784E2));
#12470=CARTESIAN_POINT('',(-2.013263993667E1,6.634865966485E0,
-1.661200397382E2));
#12471=CARTESIAN_POINT('',(-2.019463750351E1,6.538985570982E0,
-1.659686567198E2));
#12472=CARTESIAN_POINT('',(-2.025160894936E1,6.430684041881E0,
-1.658113668603E2));
#12473=CARTESIAN_POINT('',(-2.030503009008E1,6.303962116931E0,
-1.656412657684E2));
#12474=CARTESIAN_POINT('',(-2.035446127329E1,6.154053331067E0,
-1.654534151616E2));
#12475=CARTESIAN_POINT('',(-2.039769181090E1,5.976817512570E0,
-1.652463736864E2));
#12476=CARTESIAN_POINT('',(-2.043132393664E1,5.772567962408E0,
-1.650240049375E2));
#12477=CARTESIAN_POINT('',(-2.045340098103E1,5.537213848156E0,
-1.647831594322E2));
#12478=CARTESIAN_POINT('',(-2.046029338364E1,5.272157281440E0,
-1.645300032542E2));
#12479=CARTESIAN_POINT('',(-2.045114710716E1,4.994324398970E0,
-1.642729594655E2));
#12480=CARTESIAN_POINT('',(-2.043428988037E1,4.781876589368E0,
-1.640970064795E2));
#12481=CARTESIAN_POINT('',(-2.042423047136E1,4.678446138836E0,
-1.640172594677E2));
#12482=CARTESIAN_POINT('',(-1.962923004846E1,7.659760974524E0,
-1.673486927156E2));
#12483=CARTESIAN_POINT('',(-1.965859458449E1,7.669720708857E0,
-1.673125213772E2));
#12484=CARTESIAN_POINT('',(-1.972674778590E1,7.685676121544E0,
-1.672292649298E2));
#12485=CARTESIAN_POINT('',(-1.984302945121E1,7.692947691896E0,
-1.670809371067E2));
#12486=CARTESIAN_POINT('',(-1.996083450408E1,7.679737603348E0,
-1.669191739464E2));
#12487=CARTESIAN_POINT('',(-2.007390853062E1,7.646825249681E0,
-1.667491649984E2));
#12488=CARTESIAN_POINT('',(-2.018127302746E1,7.595218471361E0,
-1.665704567764E2));
#12489=CARTESIAN_POINT('',(-2.028147381110E1,7.525981576560E0,
-1.663838287149E2));
#12490=CARTESIAN_POINT('',(-2.036977855570E1,7.442804295094E0,
-1.661975458221E2));
#12491=CARTESIAN_POINT('',(-2.044742656187E1,7.348791915802E0,
-1.660116368580E2));
#12492=CARTESIAN_POINT('',(-2.051441415587E1,7.244863257810E0,
-1.658273846279E2));
#12493=CARTESIAN_POINT('',(-2.057365177400E1,7.128265305998E0,
-1.656377262349E2));
#12494=CARTESIAN_POINT('',(-2.062639418913E1,6.992900239532E0,
-1.654349029241E2));
#12495=CARTESIAN_POINT('',(-2.067186217318E1,6.833926571312E0,
-1.652133997890E2));
#12496=CARTESIAN_POINT('',(-2.070793991450E1,6.646046637819E0,
-1.649698371174E2));
#12497=CARTESIAN_POINT('',(-2.072977807473E1,6.432040155870E0,
-1.647130855768E2));
#12498=CARTESIAN_POINT('',(-2.073612070931E1,6.184928836072E0,
-1.644350794023E2));
#12499=CARTESIAN_POINT('',(-2.072163670661E1,5.913174351583E0,
-1.641539993810E2));
#12500=CARTESIAN_POINT('',(-2.068997312832E1,5.619647293807E0,
-1.638565154003E2));
#12501=CARTESIAN_POINT('',(-2.065558616180E1,5.379682528740E0,
-1.636333699416E2));
#12502=CARTESIAN_POINT('',(-2.063653874206E1,5.258634747564E0,
-1.635265807347E2));
#12503=CARTESIAN_POINT('',(-1.995779256179E1,8.259289157970E0,
-1.677389946589E2));
#12504=CARTESIAN_POINT('',(-1.999924831156E1,8.272556222768E0,
-1.676880403328E2));
#12505=CARTESIAN_POINT('',(-2.009305270923E1,8.292852680404E0,
-1.675736062413E2));
#12506=CARTESIAN_POINT('',(-2.024700812217E1,8.301375384031E0,
-1.673773564328E2));
#12507=CARTESIAN_POINT('',(-2.039724918854E1,8.285895108914E0,
-1.671704701096E2));
#12508=CARTESIAN_POINT('',(-2.053769260374E1,8.248841254889E0,
-1.669574896462E2));
#12509=CARTESIAN_POINT('',(-2.066818821935E1,8.191972194898E0,
-1.667368138112E2));
#12510=CARTESIAN_POINT('',(-2.078801738330E1,8.116517902920E0,
-1.665082028770E2));
#12511=CARTESIAN_POINT('',(-2.089133728915E1,8.027145088321E0,
-1.662824682819E2));
#12512=CARTESIAN_POINT('',(-2.098098857764E1,7.926552359390E0,
-1.660579011405E2));
#12513=CARTESIAN_POINT('',(-2.105679578417E1,7.816110466084E0,
-1.658366104679E2));
#12514=CARTESIAN_POINT('',(-2.112239970223E1,7.692798449779E0,
-1.656098049239E2));
#12515=CARTESIAN_POINT('',(-2.117901035203E1,7.550438728924E0,
-1.653685197196E2));
#12516=CARTESIAN_POINT('',(-2.122555797410E1,7.384129103164E0,
-1.651064031665E2));
#12517=CARTESIAN_POINT('',(-2.125981673852E1,7.187635183013E0,
-1.648185046728E2));
#12518=CARTESIAN_POINT('',(-2.127557097634E1,6.965732687138E0,
-1.645177642249E2));
#12519=CARTESIAN_POINT('',(-2.127192961611E1,6.709106587414E0,
-1.641921732951E2));
#12520=CARTESIAN_POINT('',(-2.124198886662E1,6.431931664087E0,
-1.638694228060E2));
#12521=CARTESIAN_POINT('',(-2.119269935678E1,6.125703746095E0,
-1.635205689237E2));
#12522=CARTESIAN_POINT('',(-2.114379623544E1,5.863288992915E0,
-1.632474743782E2));
#12523=CARTESIAN_POINT('',(-2.111719093187E1,5.727837523569E0,
-1.631137521586E2));
#12524=(BOUNDED_SURFACE()B_SPLINE_SURFACE(3,3,((#12440,#12441,#12442,#12443,
#12444,#12445,#12446,#12447,#12448,#12449,#12450,#12451,#12452,#12453,#12454,
#12455,#12456,#12457,#12458,#12459,#12460),(#12461,#12462,#12463,#12464,#12465,
#12466,#12467,#12468,#12469,#12470,#12471,#12472,#12473,#12474,#12475,#12476,
#12477,#12478,#12479,#12480,#12481),(#12482,#12483,#12484,#12485,#12486,#12487,
#12488,#12489,#12490,#12491,#12492,#12493,#12494,#12495,#12496,#12497,#12498,
#12499,#12500,#12501,#12502),(#12503,#12504,#12505,#12506,#12507,#12508,#12509,
#12510,#12511,#12512,#12513,#12514,#12515,#12516,#12517,#12518,#12519,#12520,
#12521,#12522,#12523)),.UNSPECIFIED.,.F.,.F.,.F.)B_SPLINE_SURFACE_WITH_KNOTS((4,
4),(4,1,1,1,1,1,1,1,1,1,1,1,1,1,1,1,1,1,4),(0.E0,1.E0),(-4.712988589510E-2,0.E0,
4.644710124334E-2,9.176535131498E-2,1.379113580717E-1,1.864403335653E-1,
2.374578170691E-1,2.888848564200E-1,3.395548561507E-1,3.899743398837E-1,
4.421103746456E-1,4.991414162070E-1,5.638850657492E-1,6.359908191741E-1,
7.143916518203E-1,8.006036435709E-1,8.954147094439E-1,1.E0,1.084503357828E0),
.UNSPECIFIED.)GEOMETRIC_REPRESENTATION_ITEM()RATIONAL_B_SPLINE_SURFACE(((
1.037786827889E0,1.037786827889E0,1.037786827889E0,1.037786827889E0,
1.037786827889E0,1.037786827889E0,1.037786827889E0,1.037786827889E0,
1.037786827889E0,1.037786827889E0,1.037786827889E0,1.037786827889E0,
1.037786827889E0,1.037786827889E0,1.037786827889E0,1.037786827889E0,
1.037786827889E0,1.037786827889E0,1.037786827889E0,1.037786827889E0,
1.037786827889E0),(9.874043907035E-1,9.874043907035E-1,9.874043907035E-1,
9.874043907035E-1,9.874043907035E-1,9.874043907035E-1,9.874043907035E-1,
9.874043907035E-1,9.874043907035E-1,9.874043907035E-1,9.874043907035E-1,
9.874043907035E-1,9.874043907035E-1,9.874043907035E-1,9.874043907035E-1,
9.874043907035E-1,9.874043907035E-1,9.874043907035E-1,9.874043907035E-1,
9.874043907035E-1,9.874043907035E-1),(9.874043907035E-1,9.874043907035E-1,
9.874043907035E-1,9.874043907035E-1,9.874043907035E-1,9.874043907035E-1,
9.874043907035E-1,9.874043907035E-1,9.874043907035E-1,9.874043907035E-1,
9.874043907035E-1,9.874043907035E-1,9.874043907035E-1,9.874043907035E-1,
9.874043907035E-1,9.874043907035E-1,9.874043907035E-1,9.874043907035E-1,
9.874043907035E-1,9.874043907035E-1,9.874043907035E-1),(1.037786827889E0,
1.037786827889E0,1.037786827889E0,1.037786827889E0,1.037786827889E0,
1.037786827889E0,1.037786827889E0,1.037786827889E0,1.037786827889E0,
1.037786827889E0,1.037786827889E0,1.037786827889E0,1.037786827889E0,
1.037786827889E0,1.037786827889E0,1.037786827889E0,1.037786827889E0,
1.037786827889E0,1.037786827889E0,1.037786827889E0,1.037786827889E0)))REPRESENTATION_ITEM('')SURFACE());
#12525=ORIENTED_EDGE('',*,*,#11777,.F.);
#12526=ORIENTED_EDGE('',*,*,#12337,.T.);
#12528=ORIENTED_EDGE('',*,*,#12527,.T.);
#12529=EDGE_LOOP('',(#12525,#12526,#12528));
#12530=FACE_OUTER_BOUND('',#12529,.F.);
#12531=ADVANCED_FACE('',(#12530),#12524,.F.);
#12532=CARTESIAN_POINT('',(-2.045811534074E1,4.278595098433E0,
-1.649295628720E2));
#12533=CARTESIAN_POINT('',(-2.045366265452E1,4.327958441269E0,
-1.649618591487E2));
#12534=CARTESIAN_POINT('',(-2.044012070144E1,4.460659723382E0,
-1.650511497057E2));
#12535=CARTESIAN_POINT('',(-2.041067133413E1,4.678700675135E0,
-1.652067805011E2));
#12536=CARTESIAN_POINT('',(-2.036161588190E1,4.967037907594E0,
-1.654150781298E2));
#12537=CARTESIAN_POINT('',(-2.028920447837E1,5.292910077833E0,
-1.656581509884E2));
#12538=CARTESIAN_POINT('',(-2.018921540278E1,5.640872635825E0,
-1.659278970454E2));
#12539=CARTESIAN_POINT('',(-2.005687957809E1,5.999672855445E0,
-1.662187506758E2));
#12540=CARTESIAN_POINT('',(-1.989276136714E1,6.347087644645E0,
-1.665159128459E2));
#12541=CARTESIAN_POINT('',(-1.970610606803E1,6.662008325015E0,
-1.668017310187E2));
#12542=CARTESIAN_POINT('',(-1.951720747541E1,6.924498072887E0,
-1.670553263408E2));
#12543=CARTESIAN_POINT('',(-1.934688274658E1,7.132093873149E0,
-1.672681312154E2));
#12544=CARTESIAN_POINT('',(-1.920140614677E1,7.295331396738E0,
-1.674463541605E2));
#12545=CARTESIAN_POINT('',(-1.907781679095E1,7.427028534264E0,
-1.676008458870E2));
#12546=CARTESIAN_POINT('',(-1.896812382145E1,7.539375891434E0,
-1.677442205304E2));
#12547=CARTESIAN_POINT('',(-1.890182241071E1,7.605060085295E0,
-1.678368407405E2));
#12548=CARTESIAN_POINT('',(-1.887005300418E1,7.636147425230E0,
-1.678833289042E2));
#12549=CARTESIAN_POINT('',(-2.069673496396E1,4.531399651572E0,
-1.638106281249E2));
#12550=CARTESIAN_POINT('',(-2.070480261865E1,4.570543499214E0,
-1.638433985581E2));
#12551=CARTESIAN_POINT('',(-2.072647146005E1,4.687513942650E0,
-1.639374088451E2));
#12552=CARTESIAN_POINT('',(-2.075990330905E1,4.917221178177E0,
-1.641131646735E2));
#12553=CARTESIAN_POINT('',(-2.079349770232E1,5.207018753961E0,
-1.643512316591E2));
#12554=CARTESIAN_POINT('',(-2.081679408158E1,5.536989110031E0,
-1.646387603547E2));
#12555=CARTESIAN_POINT('',(-2.082075990313E1,5.892467252037E0,
-1.649707417611E2));
#12556=CARTESIAN_POINT('',(-2.079673002034E1,6.256183812392E0,
-1.653433341452E2));
#12557=CARTESIAN_POINT('',(-2.073783666537E1,6.609863219348E0,
-1.657431258527E2));
#12558=CARTESIAN_POINT('',(-2.064429769920E1,6.927534089073E0,
-1.661464227348E2));
#12559=CARTESIAN_POINT('',(-2.052849463431E1,7.187618442229E0,
-1.665199999467E2));
#12560=CARTESIAN_POINT('',(-2.040989354904E1,7.386318296680E0,
-1.668414495572E2));
#12561=CARTESIAN_POINT('',(-2.029966934817E1,7.534552573812E0,
-1.671116876967E2));
#12562=CARTESIAN_POINT('',(-2.020019874552E1,7.646654071931E0,
-1.673427503713E2));
#12563=CARTESIAN_POINT('',(-2.010782911373E1,7.734681110376E0,
-1.675512185612E2));
#12564=CARTESIAN_POINT('',(-2.004974757073E1,7.781379181573E0,
-1.676807439661E2));
#12565=CARTESIAN_POINT('',(-2.002133969672E1,7.802370069670E0,
-1.677442012297E2));
#12566=CARTESIAN_POINT('',(-2.005432441165E1,4.748389636831E0,
-1.628550875089E2));
#12567=CARTESIAN_POINT('',(-2.007308434382E1,4.780095932075E0,
-1.628790821337E2));
#12568=CARTESIAN_POINT('',(-2.012525052027E1,4.888055969903E0,
-1.629514222612E2));
#12569=CARTESIAN_POINT('',(-2.021534399368E1,5.138321540025E0,
-1.630985634987E2));
#12570=CARTESIAN_POINT('',(-2.032769988706E1,5.443713392440E0,
-1.633010467891E2));
#12571=CARTESIAN_POINT('',(-2.044866600850E1,5.795932876333E0,
-1.635550050835E2));
#12572=CARTESIAN_POINT('',(-2.056755701093E1,6.183077779531E0,
-1.638617850359E2));
#12573=CARTESIAN_POINT('',(-2.067492849313E1,6.583330364512E0,
-1.642217894876E2));
#12574=CARTESIAN_POINT('',(-2.075842376772E1,6.985804176940E0,
-1.646299348776E2));
#12575=CARTESIAN_POINT('',(-2.080804768750E1,7.361253623172E0,
-1.650664346682E2));
#12576=CARTESIAN_POINT('',(-2.082218042248E1,7.685431744909E0,
-1.654971180156E2));
#12577=CARTESIAN_POINT('',(-2.081070923132E1,7.947269254903E0,
-1.658909087604E2));
#12578=CARTESIAN_POINT('',(-2.078567503645E1,8.152045579921E0,
-1.662398146720E2));
#12579=CARTESIAN_POINT('',(-2.075445530936E1,8.313251161914E0,
-1.665520144504E2));
#12580=CARTESIAN_POINT('',(-2.071977483043E1,8.442901037410E0,
-1.668437200136E2));
#12581=CARTESIAN_POINT('',(-2.069497084921E1,8.512770967723E0,
-1.670305543544E2));
#12582=CARTESIAN_POINT('',(-2.068210050999E1,8.544239821239E0,
-1.671233242399E2));
#12583=CARTESIAN_POINT('',(-1.890722982608E1,4.802444876045E0,
-1.626227295010E2));
#12584=CARTESIAN_POINT('',(-1.892859006930E1,4.833852735063E0,
-1.626338395219E2));
#12585=CARTESIAN_POINT('',(-1.898867373614E1,4.944801405099E0,
-1.626708147235E2));
#12586=CARTESIAN_POINT('',(-1.909601491847E1,5.212473582884E0,
-1.627573651553E2));
#12587=CARTESIAN_POINT('',(-1.923710277755E1,5.538457982957E0,
-1.628797578480E2));
#12588=CARTESIAN_POINT('',(-1.940048231458E1,5.918043234232E0,
-1.630417861956E2));
#12589=CARTESIAN_POINT('',(-1.957794166766E1,6.342454600626E0,
-1.632506917671E2));
#12590=CARTESIAN_POINT('',(-1.976283051002E1,6.789458837370E0,
-1.635111560430E2));
#12591=CARTESIAN_POINT('',(-1.994246204331E1,7.254671406151E0,
-1.638284853868E2));
#12592=CARTESIAN_POINT('',(-2.010142567161E1,7.709079143576E0,
-1.641944608820E2));
#12593=CARTESIAN_POINT('',(-2.022621362904E1,8.126301868539E0,
-1.645859198773E2));
#12594=CARTESIAN_POINT('',(-2.031451821500E1,8.486322430598E0,
-1.649733682362E2));
#12595=CARTESIAN_POINT('',(-2.037470440486E1,8.786061826269E0,
-1.653415082177E2));
#12596=CARTESIAN_POINT('',(-2.041588397117E1,9.036304358349E0,
-1.656918783566E2));
#12597=CARTESIAN_POINT('',(-2.044546217521E1,9.249136140673E0,
-1.660362018106E2));
#12598=CARTESIAN_POINT('',(-2.045949831240E1,9.370761041801E0,
-1.662671752877E2));
#12599=CARTESIAN_POINT('',(-2.046523908926E1,9.427143926359E0,
-1.663844289775E2));
#12600=(BOUNDED_SURFACE()B_SPLINE_SURFACE(3,3,((#12532,#12533,#12534,#12535,
#12536,#12537,#12538,#12539,#12540,#12541,#12542,#12543,#12544,#12545,#12546,
#12547,#12548),(#12549,#12550,#12551,#12552,#12553,#12554,#12555,#12556,#12557,
#12558,#12559,#12560,#12561,#12562,#12563,#12564,#12565),(#12566,#12567,#12568,
#12569,#12570,#12571,#12572,#12573,#12574,#12575,#12576,#12577,#12578,#12579,
#12580,#12581,#12582),(#12583,#12584,#12585,#12586,#12587,#12588,#12589,#12590,
#12591,#12592,#12593,#12594,#12595,#12596,#12597,#12598,#12599)),.UNSPECIFIED.,
.F.,.F.,.F.)B_SPLINE_SURFACE_WITH_KNOTS((4,4),(4,1,1,1,1,1,1,1,1,1,1,1,1,1,4),(
0.E0,1.E0),(-3.264583668666E-2,0.E0,5.919134498118E-2,1.318227566528E-1,
2.155704685865E-1,3.080811537604E-1,4.070060664642E-1,5.100696069980E-1,
6.132835954959E-1,7.093833269478E-1,7.939254587938E-1,8.686953148682E-1,
9.364410231866E-1,1.E0,1.064191527043E0),.UNSPECIFIED.)GEOMETRIC_REPRESENTATION_ITEM()RATIONAL_B_SPLINE_SURFACE(((1.171589302482E0,1.171589302482E0,
1.171589302482E0,1.171589302482E0,1.171589302482E0,1.171589302482E0,
1.171589302482E0,1.171589302482E0,1.171589302482E0,1.171589302482E0,
1.171589302482E0,1.171589302482E0,1.171589302482E0,1.171589302482E0,
1.171589302482E0,1.171589302482E0,1.171589302482E0),(9.428035658394E-1,
9.428035658394E-1,9.428035658394E-1,9.428035658394E-1,9.428035658394E-1,
9.428035658394E-1,9.428035658394E-1,9.428035658394E-1,9.428035658394E-1,
9.428035658394E-1,9.428035658394E-1,9.428035658394E-1,9.428035658394E-1,
9.428035658394E-1,9.428035658394E-1,9.428035658394E-1,9.428035658394E-1),(
9.428035658394E-1,9.428035658394E-1,9.428035658394E-1,9.428035658394E-1,
9.428035658394E-1,9.428035658394E-1,9.428035658394E-1,9.428035658394E-1,
9.428035658394E-1,9.428035658394E-1,9.428035658394E-1,9.428035658394E-1,
9.428035658394E-1,9.428035658394E-1,9.428035658394E-1,9.428035658394E-1,
9.428035658394E-1),(1.171589302482E0,1.171589302482E0,1.171589302482E0,
1.171589302482E0,1.171589302482E0,1.171589302482E0,1.171589302482E0,
1.171589302482E0,1.171589302482E0,1.171589302482E0,1.171589302482E0,
1.171589302482E0,1.171589302482E0,1.171589302482E0,1.171589302482E0,
1.171589302482E0,1.171589302482E0)))REPRESENTATION_ITEM('')SURFACE());
#12601=ORIENTED_EDGE('',*,*,#12527,.F.);
#12602=ORIENTED_EDGE('',*,*,#12295,.T.);
#12603=ORIENTED_EDGE('',*,*,#11750,.F.);
#12604=EDGE_LOOP('',(#12601,#12602,#12603));
#12605=FACE_OUTER_BOUND('',#12604,.F.);
#12606=ADVANCED_FACE('',(#12605),#12600,.T.);
#12607=CARTESIAN_POINT('',(2.090401161766E1,4.455010109332E1,
-1.760551096719E2));
#12608=DIRECTION('',(-6.903279831613E-1,-6.903279831613E-1,2.165514980989E-1));
#12609=DIRECTION('',(-7.071067811865E-1,7.071067811865E-1,0.E0));
#12610=AXIS2_PLACEMENT_3D('',#12607,#12608,#12609);
#12611=CYLINDRICAL_SURFACE('',#12610,5.2E0);
#12612=ORIENTED_EDGE('',*,*,#11756,.T.);
#12613=ORIENTED_EDGE('',*,*,#12226,.F.);
#12614=ORIENTED_EDGE('',*,*,#6134,.T.);
#12616=ORIENTED_EDGE('',*,*,#12615,.T.);
#12617=EDGE_LOOP('',(#12612,#12613,#12614,#12616));
#12618=FACE_OUTER_BOUND('',#12617,.F.);
#12619=ADVANCED_FACE('',(#12618),#12611,.T.);
#12620=CARTESIAN_POINT('',(-1.775E1,1.325E1,-1.636006417988E2));
#12621=DIRECTION('',(-7.071067811865E-1,7.071067811865E-1,0.E0));
#12622=DIRECTION('',(-7.071067811865E-1,-7.071067811865E-1,0.E0));
#12623=AXIS2_PLACEMENT_3D('',#12620,#12621,#12622);
#12624=PLANE('',#12623);
#12625=ORIENTED_EDGE('',*,*,#12615,.F.);
#12626=ORIENTED_EDGE('',*,*,#6132,.T.);
#12627=ORIENTED_EDGE('',*,*,#11735,.T.);
#12628=ORIENTED_EDGE('',*,*,#11758,.F.);
#12629=EDGE_LOOP('',(#12625,#12626,#12627,#12628));
#12630=FACE_OUTER_BOUND('',#12629,.F.);
#12631=ADVANCED_FACE('',(#12630),#12624,.T.);
#12632=CARTESIAN_POINT('',(6.5E0,7.494955969208E0,-1.649519120199E2));
#12633=DIRECTION('',(0.E0,7.071067811865E-1,-7.071067811865E-1));
#12634=DIRECTION('',(-4.573295603800E-1,-6.288281455225E-1,-6.288281455225E-1));
#12635=AXIS2_PLACEMENT_3D('',#12632,#12633,#12634);
#12636=CYLINDRICAL_SURFACE('',#12635,2.E0);
#12638=ORIENTED_EDGE('',*,*,#12637,.F.);
#12640=ORIENTED_EDGE('',*,*,#12639,.T.);
#12642=ORIENTED_EDGE('',*,*,#12641,.T.);
#12643=ORIENTED_EDGE('',*,*,#11112,.T.);
#12644=ORIENTED_EDGE('',*,*,#10723,.F.);
#12645=ORIENTED_EDGE('',*,*,#10811,.F.);
#12646=EDGE_LOOP('',(#12638,#12640,#12642,#12643,#12644,#12645));
#12647=FACE_OUTER_BOUND('',#12646,.F.);
#12648=ADVANCED_FACE('',(#12647),#12636,.T.);
#12649=CARTESIAN_POINT('',(6.264316733979E0,5.905663539266E0,
-1.679257795891E2));
#12650=CARTESIAN_POINT('',(6.188131504812E0,5.894509018451E0,
-1.678751172905E2));
#12651=CARTESIAN_POINT('',(6.015722348193E0,5.875151393001E0,
-1.677517094874E2));
#12652=CARTESIAN_POINT('',(5.765108518259E0,5.866638016995E0,
-1.675407630234E2));
#12653=CARTESIAN_POINT('',(5.519978466405E0,5.880537134267E0,
-1.672949086233E2));
#12654=CARTESIAN_POINT('',(5.316564616340E0,5.911075255744E0,
-1.670532813586E2));
#12655=CARTESIAN_POINT('',(5.199857359736E0,5.939558648249E0,
-1.668916895710E2));
#12656=CARTESIAN_POINT('',(5.150520529593E0,5.953874559927E0,
-1.668184080229E2));
#12657=CARTESIAN_POINT('',(6.294889880618E0,6.930471397360E0,
-1.677486130716E2));
#12658=CARTESIAN_POINT('',(6.232669974300E0,6.920230816958E0,
-1.677055052753E2));
#12659=CARTESIAN_POINT('',(6.090727567149E0,6.902347905778E0,
-1.676008311768E2));
#12660=CARTESIAN_POINT('',(5.880310361712E0,6.894388095017E0,
-1.674223575922E2));
#12661=CARTESIAN_POINT('',(5.669603583359E0,6.907375153490E0,
-1.672137518801E2));
#12662=CARTESIAN_POINT('',(5.490377687185E0,6.936159747503E0,
-1.670073537676E2));
#12663=CARTESIAN_POINT('',(5.385115252592E0,6.963205223849E0,
-1.668681969704E2));
#12664=CARTESIAN_POINT('',(5.340137790706E0,6.976832133493E0,
-1.668048212089E2));
#12665=CARTESIAN_POINT('',(6.041649205026E0,7.908713187345E0,
-1.679965414129E2));
#12666=CARTESIAN_POINT('',(5.983891209028E0,7.899345018975E0,
-1.679546459277E2));
#12667=CARTESIAN_POINT('',(5.850894290773E0,7.882869812776E0,
-1.678532609673E2));
#12668=CARTESIAN_POINT('',(5.649337225059E0,7.875438413904E0,
-1.676808660351E2));
#12669=CARTESIAN_POINT('',(5.442339269474E0,7.887554856461E0,
-1.674787392264E2));
#12670=CARTESIAN_POINT('',(5.261756924019E0,7.914665601244E0,
-1.672773115898E2));
#12671=CARTESIAN_POINT('',(5.153251748605E0,7.940338498655E0,
-1.671403392144E2));
#12672=CARTESIAN_POINT('',(5.106418406775E0,7.953307713710E0,
-1.670776821559E2));
#12673=CARTESIAN_POINT('',(5.566215715242E0,8.602353510429E0,
-1.686092362544E2));
#12674=CARTESIAN_POINT('',(5.502330501202E0,8.593603941847E0,
-1.685619158978E2));
#12675=CARTESIAN_POINT('',(5.354581107066E0,8.578126894741E0,
-1.684475751632E2));
#12676=CARTESIAN_POINT('',(5.128391760093E0,8.571070176032E0,
-1.682533855394E2));
#12677=CARTESIAN_POINT('',(4.893485709366E0,8.582569292369E0,
-1.680253913388E2));
#12678=CARTESIAN_POINT('',(4.686332576022E0,8.608493163588E0,
-1.677974660368E2));
#12679=CARTESIAN_POINT('',(4.560686152493E0,8.633192808675E0,
-1.676418959798E2));
#12680=CARTESIAN_POINT('',(4.506233273453E0,8.645695673291E0,
-1.675705956588E2));
#12681=(BOUNDED_SURFACE()B_SPLINE_SURFACE(3,3,((#12649,#12650,#12651,#12652,
#12653,#12654,#12655,#12656),(#12657,#12658,#12659,#12660,#12661,#12662,#12663,
#12664),(#12665,#12666,#12667,#12668,#12669,#12670,#12671,#12672),(#12673,
#12674,#12675,#12676,#12677,#12678,#12679,#12680)),.UNSPECIFIED.,.F.,.F.,.F.)B_SPLINE_SURFACE_WITH_KNOTS((4,4),(4,1,1,1,1,4),(0.E0,1.E0),(-2.591968726357E-1,
0.E0,3.420302806729E-1,6.747278301304E-1,1.E0,1.261698678076E0),.UNSPECIFIED.)GEOMETRIC_REPRESENTATION_ITEM()RATIONAL_B_SPLINE_SURFACE(((1.064772739812E0,
1.064772739812E0,1.064772739812E0,1.064772739812E0,1.064772739812E0,
1.064772739812E0,1.064772739812E0,1.064772739812E0),(9.784090867293E-1,
9.784090867293E-1,9.784090867293E-1,9.784090867293E-1,9.784090867293E-1,
9.784090867293E-1,9.784090867293E-1,9.784090867293E-1),(9.784090867293E-1,
9.784090867293E-1,9.784090867293E-1,9.784090867293E-1,9.784090867293E-1,
9.784090867293E-1,9.784090867293E-1,9.784090867293E-1),(1.064772739812E0,
1.064772739812E0,1.064772739812E0,1.064772739812E0,1.064772739812E0,
1.064772739812E0,1.064772739812E0,1.064772739812E0)))REPRESENTATION_ITEM('')SURFACE());
#12682=ORIENTED_EDGE('',*,*,#10917,.F.);
#12683=ORIENTED_EDGE('',*,*,#10966,.T.);
#12684=ORIENTED_EDGE('',*,*,#12637,.T.);
#12685=ORIENTED_EDGE('',*,*,#10904,.F.);
#12686=EDGE_LOOP('',(#12682,#12683,#12684,#12685));
#12687=FACE_OUTER_BOUND('',#12686,.F.);
#12688=ADVANCED_FACE('',(#12687),#12681,.F.);
#12689=CARTESIAN_POINT('',(1.E1,7.417711987293E0,-1.706006417988E2));
#12690=DIRECTION('',(4.573295603800E-1,6.288281455225E-1,6.288281455225E-1));
#12691=DIRECTION('',(8.892972917999E-1,-3.233808333818E-1,-3.233808333818E-1));
#12692=AXIS2_PLACEMENT_3D('',#12689,#12690,#12691);
#12693=PLANE('',#12692);
#12694=ORIENTED_EDGE('',*,*,#11088,.F.);
#12695=ORIENTED_EDGE('',*,*,#11116,.F.);
#12697=ORIENTED_EDGE('',*,*,#12696,.T.);
#12698=ORIENTED_EDGE('',*,*,#12639,.F.);
#12699=ORIENTED_EDGE('',*,*,#10964,.F.);
#12700=ORIENTED_EDGE('',*,*,#10980,.F.);
#12702=ORIENTED_EDGE('',*,*,#12701,.F.);
#12703=EDGE_LOOP('',(#12694,#12695,#12697,#12698,#12699,#12700,#12702));
#12704=FACE_OUTER_BOUND('',#12703,.F.);
#12705=ADVANCED_FACE('',(#12704),#12693,.F.);
#12706=CARTESIAN_POINT('',(9.297439049542E0,1.246901192480E1,
-1.719604691024E2));
#12707=DIRECTION('',(-4.479546293065E-1,-4.479546293065E-1,7.737398142566E-1));
#12708=DIRECTION('',(-7.071067811865E-1,7.071067811865E-1,0.E0));
#12709=AXIS2_PLACEMENT_3D('',#12706,#12707,#12708);
#12710=CYLINDRICAL_SURFACE('',#12709,2.E0);
#12711=ORIENTED_EDGE('',*,*,#11114,.F.);
#12712=ORIENTED_EDGE('',*,*,#12641,.F.);
#12713=ORIENTED_EDGE('',*,*,#12696,.F.);
#12714=EDGE_LOOP('',(#12711,#12712,#12713));
#12715=FACE_OUTER_BOUND('',#12714,.F.);
#12716=ADVANCED_FACE('',(#12715),#12710,.T.);
#12717=CARTESIAN_POINT('',(9.925485667703E0,7.009714854854E0,
-1.734225178984E2));
#12718=CARTESIAN_POINT('',(9.947995838505E0,6.853333877420E0,
-1.732825079542E2));
#12719=CARTESIAN_POINT('',(9.980774530143E0,6.494096453883E0,
-1.729471095792E2));
#12720=CARTESIAN_POINT('',(9.919350490895E0,5.942945424338E0,
-1.723512865211E2));
#12721=CARTESIAN_POINT('',(9.663509238475E0,5.381231978945E0,
-1.716035067103E2));
#12722=CARTESIAN_POINT('',(9.115290476887E0,4.885953900568E0,
-1.707095240780E2));
#12723=CARTESIAN_POINT('',(8.104890147214E0,4.641350974159E0,
-1.697300845482E2));
#12724=CARTESIAN_POINT('',(7.227422107826E0,4.816609491439E0,
-1.692671844914E2));
#12725=CARTESIAN_POINT('',(6.779929087969E0,5.029061894111E0,
-1.691541874251E2));
#12726=CARTESIAN_POINT('',(1.017185936891E1,8.039843080009E0,
-1.722993599449E2));
#12727=CARTESIAN_POINT('',(1.019248244419E1,7.898456448475E0,
-1.721729719135E2));
#12728=CARTESIAN_POINT('',(1.022192333197E1,7.575036436366E0,
-1.718709634562E2));
#12729=CARTESIAN_POINT('',(1.016674921250E1,7.083981810845E0,
-1.713397821983E2));
#12730=CARTESIAN_POINT('',(9.941149547476E0,6.590151826835E0,
-1.706818797306E2));
#12731=CARTESIAN_POINT('',(9.463987990272E0,6.160168379137E0,
-1.699048696959E2));
#12732=CARTESIAN_POINT('',(8.592742615143E0,5.949796756346E0,
-1.690608650730E2));
#12733=CARTESIAN_POINT('',(7.836987346475E0,6.100493459250E0,
-1.686619215805E2));
#12734=CARTESIAN_POINT('',(7.451088026745E0,6.282346588677E0,
-1.685631206592E2));
#12735=CARTESIAN_POINT('',(9.377024586837E0,8.840762837653E0,
-1.712436088149E2));
#12736=CARTESIAN_POINT('',(9.392478442042E0,8.740449417994E0,
-1.711545345627E2));
#12737=CARTESIAN_POINT('',(9.412776261728E0,8.515142130393E0,
-1.709439893257E2));
#12738=CARTESIAN_POINT('',(9.374722214146E0,8.188706378685E0,
-1.705898779031E2));
#12739=CARTESIAN_POINT('',(9.231961716281E0,7.880825939323E0,
-1.701781716471E2));
#12740=CARTESIAN_POINT('',(8.949443368625E0,7.629700590419E0,
-1.697215784090E2));
#12741=CARTESIAN_POINT('',(8.459377737510E0,7.513096951622E0,
-1.692485634021E2));
#12742=CARTESIAN_POINT('',(8.037023769132E0,7.596512786613E0,
-1.690248127146E2));
#12743=CARTESIAN_POINT('',(7.819844786556E0,7.694546959102E0,
-1.689648985361E2));
#12744=CARTESIAN_POINT('',(7.920976963298E0,9.029569372974E0,
-1.707599993757E2));
#12745=CARTESIAN_POINT('',(7.930450781285E0,8.976771696850E0,
-1.707140917490E2));
#12746=CARTESIAN_POINT('',(7.940171398499E0,8.864966588463E0,
-1.706093561804E2));
#12747=CARTESIAN_POINT('',(7.921922788758E0,8.728970976004E0,
-1.704600888518E2));
#12748=CARTESIAN_POINT('',(7.874995181522E0,8.636207165472E0,
-1.703331958724E2));
#12749=CARTESIAN_POINT('',(7.817650770925E0,8.591994672010E0,
-1.702472783530E2));
#12750=CARTESIAN_POINT('',(7.768554767704E0,8.583866978381E0,
-1.702034444752E2));
#12751=CARTESIAN_POINT('',(7.731897703835E0,8.589448616371E0,
-1.701823664304E2));
#12752=CARTESIAN_POINT('',(7.709903658184E0,8.590516423696E0,
-1.701674385682E2));
#12753=(BOUNDED_SURFACE()B_SPLINE_SURFACE(3,3,((#12717,#12718,#12719,#12720,
#12721,#12722,#12723,#12724,#12725),(#12726,#12727,#12728,#12729,#12730,#12731,
#12732,#12733,#12734),(#12735,#12736,#12737,#12738,#12739,#12740,#12741,#12742,
#12743),(#12744,#12745,#12746,#12747,#12748,#12749,#12750,#12751,#12752)),
.UNSPECIFIED.,.F.,.F.,.F.)B_SPLINE_SURFACE_WITH_KNOTS((4,4),(4,1,1,1,1,1,4),(
0.E0,1.E0),(-2.075576025525E-1,0.E0,2.581381516247E-1,4.930392947788E-1,
7.295649637269E-1,1.E0,1.276116270823E0),.UNSPECIFIED.)GEOMETRIC_REPRESENTATION_ITEM()RATIONAL_B_SPLINE_SURFACE(((1.135744557124E0,1.135744557124E0,
1.135744557124E0,1.135744557124E0,1.135744557124E0,1.135744557124E0,
1.135744557124E0,1.135744557124E0,1.135744557124E0),(9.547518142920E-1,
9.547518142920E-1,9.547518142920E-1,9.547518142920E-1,9.547518142920E-1,
9.547518142920E-1,9.547518142920E-1,9.547518142920E-1,9.547518142920E-1),(
9.547518142920E-1,9.547518142920E-1,9.547518142920E-1,9.547518142920E-1,
9.547518142920E-1,9.547518142920E-1,9.547518142920E-1,9.547518142920E-1,
9.547518142920E-1),(1.135744557124E0,1.135744557124E0,1.135744557124E0,
1.135744557124E0,1.135744557124E0,1.135744557124E0,1.135744557124E0,
1.135744557124E0,1.135744557124E0)))REPRESENTATION_ITEM('')SURFACE());
#12755=ORIENTED_EDGE('',*,*,#12754,.F.);
#12756=ORIENTED_EDGE('',*,*,#11090,.T.);
#12757=ORIENTED_EDGE('',*,*,#12701,.T.);
#12758=ORIENTED_EDGE('',*,*,#10978,.F.);
#12759=EDGE_LOOP('',(#12755,#12756,#12757,#12758));
#12760=FACE_OUTER_BOUND('',#12759,.F.);
#12761=ADVANCED_FACE('',(#12760),#12753,.F.);
#12762=CARTESIAN_POINT('',(6.E0,4.07684E1,-1.726375401656E2));
#12763=DIRECTION('',(0.E0,-1.E0,0.E0));
#12764=DIRECTION('',(1.E0,0.E0,0.E0));
#12765=AXIS2_PLACEMENT_3D('',#12762,#12763,#12764);
#12766=CYLINDRICAL_SURFACE('',#12765,4.E0);
#12767=ORIENTED_EDGE('',*,*,#12754,.T.);
#12768=ORIENTED_EDGE('',*,*,#10995,.T.);
#12769=ORIENTED_EDGE('',*,*,#11010,.T.);
#12770=ORIENTED_EDGE('',*,*,#11067,.F.);
#12771=EDGE_LOOP('',(#12767,#12768,#12769,#12770));
#12772=FACE_OUTER_BOUND('',#12771,.F.);
#12773=ADVANCED_FACE('',(#12772),#12766,.F.);
#12774=CARTESIAN_POINT('',(-3.830158864294E2,1.3E1,-1.636006417988E2));
#12775=DIRECTION('',(1.E0,0.E0,0.E0));
#12776=DIRECTION('',(0.E0,1.E0,0.E0));
#12777=AXIS2_PLACEMENT_3D('',#12774,#12775,#12776);
#12778=CYLINDRICAL_SURFACE('',#12777,3.E0);
#12779=ORIENTED_EDGE('',*,*,#5826,.T.);
#12781=ORIENTED_EDGE('',*,*,#12780,.F.);
#12782=ORIENTED_EDGE('',*,*,#6154,.T.);
#12784=ORIENTED_EDGE('',*,*,#12783,.T.);
#12785=EDGE_LOOP('',(#12779,#12781,#12782,#12784));
#12786=FACE_OUTER_BOUND('',#12785,.F.);
#12787=ADVANCED_FACE('',(#12786),#12778,.T.);
#12788=CARTESIAN_POINT('',(-1.098895931288E1,4.07684E1,-1.636006417988E2));
#12789=DIRECTION('',(-7.071067811865E-1,-7.071067811865E-1,0.E0));
#12790=DIRECTION('',(0.E0,0.E0,1.E0));
#12791=AXIS2_PLACEMENT_3D('',#12788,#12789,#12790);
#12792=CYLINDRICAL_SURFACE('',#12791,3.E0);
#12794=ORIENTED_EDGE('',*,*,#12793,.T.);
#12796=ORIENTED_EDGE('',*,*,#12795,.F.);
#12797=ORIENTED_EDGE('',*,*,#12780,.T.);
#12798=ORIENTED_EDGE('',*,*,#5824,.T.);
#12799=EDGE_LOOP('',(#12794,#12796,#12797,#12798));
#12800=FACE_OUTER_BOUND('',#12799,.F.);
#12801=ADVANCED_FACE('',(#12800),#12792,.T.);
#12802=CARTESIAN_POINT('',(-4.55E1,1.6E1,-1.490542138302E2));
#12803=DIRECTION('',(1.E0,0.E0,0.E0));
#12804=DIRECTION('',(0.E0,0.E0,-1.E0));
#12805=AXIS2_PLACEMENT_3D('',#12802,#12803,#12804);
#12806=PLANE('',#12805);
#12807=ORIENTED_EDGE('',*,*,#5738,.T.);
#12809=ORIENTED_EDGE('',*,*,#12808,.F.);
#12811=ORIENTED_EDGE('',*,*,#12810,.T.);
#12813=ORIENTED_EDGE('',*,*,#12812,.T.);
#12815=ORIENTED_EDGE('',*,*,#12814,.T.);
#12817=ORIENTED_EDGE('',*,*,#12816,.F.);
#12819=ORIENTED_EDGE('',*,*,#12818,.T.);
#12820=ORIENTED_EDGE('',*,*,#12793,.F.);
#12821=ORIENTED_EDGE('',*,*,#5822,.T.);
#12822=EDGE_LOOP('',(#12807,#12809,#12811,#12813,#12815,#12817,#12819,#12820,
#12821));
#12823=FACE_OUTER_BOUND('',#12822,.F.);
#12824=ADVANCED_FACE('',(#12823),#12806,.F.);
#12825=CARTESIAN_POINT('',(-4.15E1,4.07684E1,-1.645637434320E2));
#12826=DIRECTION('',(0.E0,-1.E0,0.E0));
#12827=DIRECTION('',(-1.E0,0.E0,0.E0));
#12828=AXIS2_PLACEMENT_3D('',#12825,#12826,#12827);
#12829=CYLINDRICAL_SURFACE('',#12828,4.E0);
#12830=ORIENTED_EDGE('',*,*,#5736,.T.);
#12832=ORIENTED_EDGE('',*,*,#12831,.F.);
#12834=ORIENTED_EDGE('',*,*,#12833,.T.);
#12836=ORIENTED_EDGE('',*,*,#12835,.T.);
#12838=ORIENTED_EDGE('',*,*,#12837,.T.);
#12839=ORIENTED_EDGE('',*,*,#12808,.T.);
#12840=EDGE_LOOP('',(#12830,#12832,#12834,#12836,#12838,#12839));
#12841=FACE_OUTER_BOUND('',#12840,.F.);
#12842=ADVANCED_FACE('',(#12841),#12829,.T.);
#12843=CARTESIAN_POINT('',(-4.275E1,8.E0,-1.686006417988E2));
#12844=DIRECTION('',(-5.881716976750E-1,0.E0,-8.087360843032E-1));
#12845=DIRECTION('',(-8.087360843032E-1,0.E0,5.881716976750E-1));
#12846=AXIS2_PLACEMENT_3D('',#12843,#12844,#12845);
#12847=PLANE('',#12846);
#12848=ORIENTED_EDGE('',*,*,#5734,.F.);
#12850=ORIENTED_EDGE('',*,*,#12849,.F.);
#12852=ORIENTED_EDGE('',*,*,#12851,.T.);
#12853=ORIENTED_EDGE('',*,*,#12831,.T.);
#12854=EDGE_LOOP('',(#12848,#12850,#12852,#12853));
#12855=FACE_OUTER_BOUND('',#12854,.F.);
#12856=ADVANCED_FACE('',(#12855),#12847,.T.);
#12857=CARTESIAN_POINT('',(-4.4E1,4.07684E1,-1.726375401656E2));
#12858=DIRECTION('',(0.E0,-1.E0,0.E0));
#12859=DIRECTION('',(1.E0,0.E0,0.E0));
#12860=AXIS2_PLACEMENT_3D('',#12857,#12858,#12859);
#12861=CYLINDRICAL_SURFACE('',#12860,4.E0);
#12862=ORIENTED_EDGE('',*,*,#5732,.F.);
#12864=ORIENTED_EDGE('',*,*,#12863,.F.);
#12866=ORIENTED_EDGE('',*,*,#12865,.T.);
#12867=ORIENTED_EDGE('',*,*,#12849,.T.);
#12868=EDGE_LOOP('',(#12862,#12864,#12866,#12867));
#12869=FACE_OUTER_BOUND('',#12868,.F.);
#12870=ADVANCED_FACE('',(#12869),#12861,.F.);
#12871=CARTESIAN_POINT('',(-4.E1,0.E0,-2.006006417988E2));
#12872=DIRECTION('',(-1.E0,0.E0,0.E0));
#12873=DIRECTION('',(0.E0,0.E0,1.E0));
#12874=AXIS2_PLACEMENT_3D('',#12871,#12872,#12873);
#12875=PLANE('',#12874);
#12876=ORIENTED_EDGE('',*,*,#12863,.T.);
#12877=ORIENTED_EDGE('',*,*,#5730,.F.);
#12879=ORIENTED_EDGE('',*,*,#12878,.T.);
#12881=ORIENTED_EDGE('',*,*,#12880,.T.);
#12883=ORIENTED_EDGE('',*,*,#12882,.T.);
#12885=ORIENTED_EDGE('',*,*,#12884,.T.);
#12887=ORIENTED_EDGE('',*,*,#12886,.T.);
#12889=ORIENTED_EDGE('',*,*,#12888,.T.);
#12890=EDGE_LOOP('',(#12876,#12877,#12879,#12881,#12883,#12885,#12887,#12889));
#12891=FACE_OUTER_BOUND('',#12890,.F.);
#12892=ADVANCED_FACE('',(#12891),#12875,.T.);
#12893=CARTESIAN_POINT('',(-3.9E1,6.818527839154E-1,-1.996006417988E2));
#12894=DIRECTION('',(-7.071067811865E-1,0.E0,-7.071067811865E-1));
#12895=DIRECTION('',(-7.071067811865E-1,0.E0,7.071067811865E-1));
#12896=AXIS2_PLACEMENT_3D('',#12893,#12894,#12895);
#12897=PLANE('',#12896);
#12898=ORIENTED_EDGE('',*,*,#5728,.F.);
#12899=ORIENTED_EDGE('',*,*,#5931,.T.);
#12901=ORIENTED_EDGE('',*,*,#12900,.T.);
#12902=ORIENTED_EDGE('',*,*,#12878,.F.);
#12903=EDGE_LOOP('',(#12898,#12899,#12901,#12902));
#12904=FACE_OUTER_BOUND('',#12903,.F.);
#12905=ADVANCED_FACE('',(#12904),#12897,.T.);
#12906=CARTESIAN_POINT('',(-3.900000000510E1,1.363705567831E0,
-1.976006417988E2));
#12907=DIRECTION('',(1.E0,0.E0,0.E0));
#12908=DIRECTION('',(0.E0,0.E0,-1.E0));
#12909=AXIS2_PLACEMENT_3D('',#12906,#12907,#12908);
#12910=CONICAL_SURFACE('',#12909,1.999999994904E0,4.5E1);
#12912=ORIENTED_EDGE('',*,*,#12911,.T.);
#12914=ORIENTED_EDGE('',*,*,#12913,.T.);
#12915=ORIENTED_EDGE('',*,*,#12880,.F.);
#12916=ORIENTED_EDGE('',*,*,#12900,.F.);
#12917=EDGE_LOOP('',(#12912,#12914,#12915,#12916));
#12918=FACE_OUTER_BOUND('',#12917,.F.);
#12919=ADVANCED_FACE('',(#12918),#12910,.T.);
#12920=CARTESIAN_POINT('',(-3.819253882083E2,1.363705567831E0,
-1.976006417988E2));
#12921=DIRECTION('',(1.E0,0.E0,0.E0));
#12922=DIRECTION('',(0.E0,0.E0,-1.E0));
#12923=AXIS2_PLACEMENT_3D('',#12920,#12921,#12922);
#12924=CYLINDRICAL_SURFACE('',#12923,3.E0);
#12926=ORIENTED_EDGE('',*,*,#12925,.T.);
#12928=ORIENTED_EDGE('',*,*,#12927,.F.);
#12929=ORIENTED_EDGE('',*,*,#12911,.F.);
#12930=ORIENTED_EDGE('',*,*,#5929,.T.);
#12931=EDGE_LOOP('',(#12926,#12928,#12929,#12930));
#12932=FACE_OUTER_BOUND('',#12931,.F.);
#12933=ADVANCED_FACE('',(#12932),#12924,.T.);
#12934=CARTESIAN_POINT('',(-3.599999999656E1,1.363705567831E0,
-1.976006417988E2));
#12935=DIRECTION('',(-1.E0,0.E0,0.E0));
#12936=DIRECTION('',(0.E0,0.E0,-1.E0));
#12937=AXIS2_PLACEMENT_3D('',#12934,#12935,#12936);
#12938=CONICAL_SURFACE('',#12937,1.999999996559E0,4.5E1);
#12940=ORIENTED_EDGE('',*,*,#12939,.T.);
#12942=ORIENTED_EDGE('',*,*,#12941,.T.);
#12943=ORIENTED_EDGE('',*,*,#12925,.F.);
#12945=ORIENTED_EDGE('',*,*,#12944,.F.);
#12946=EDGE_LOOP('',(#12940,#12942,#12943,#12945));
#12947=FACE_OUTER_BOUND('',#12946,.F.);
#12948=ADVANCED_FACE('',(#12947),#12938,.T.);
#12949=CARTESIAN_POINT('',(-3.5E1,1.6E1,-2.145566473324E2));
#12950=DIRECTION('',(-1.E0,0.E0,0.E0));
#12951=DIRECTION('',(0.E0,0.E0,1.E0));
#12952=AXIS2_PLACEMENT_3D('',#12949,#12950,#12951);
#12953=PLANE('',#12952);
#12954=ORIENTED_EDGE('',*,*,#5686,.T.);
#12956=ORIENTED_EDGE('',*,*,#12955,.F.);
#12958=ORIENTED_EDGE('',*,*,#12957,.T.);
#12960=ORIENTED_EDGE('',*,*,#12959,.T.);
#12962=ORIENTED_EDGE('',*,*,#12961,.F.);
#12964=ORIENTED_EDGE('',*,*,#12963,.F.);
#12965=ORIENTED_EDGE('',*,*,#12939,.F.);
#12967=ORIENTED_EDGE('',*,*,#12966,.F.);
#12968=EDGE_LOOP('',(#12954,#12956,#12958,#12960,#12962,#12964,#12965,#12967));
#12969=FACE_OUTER_BOUND('',#12968,.F.);
#12970=ADVANCED_FACE('',(#12969),#12953,.F.);
#12971=CARTESIAN_POINT('',(-3.1E1,-2.77684E1,-1.726375401656E2));
#12972=DIRECTION('',(0.E0,1.E0,0.E0));
#12973=DIRECTION('',(-1.E0,0.E0,0.E0));
#12974=AXIS2_PLACEMENT_3D('',#12971,#12972,#12973);
#12975=CYLINDRICAL_SURFACE('',#12974,4.E0);
#12976=ORIENTED_EDGE('',*,*,#5684,.T.);
#12978=ORIENTED_EDGE('',*,*,#12977,.F.);
#12980=ORIENTED_EDGE('',*,*,#12979,.T.);
#12981=ORIENTED_EDGE('',*,*,#12955,.T.);
#12982=EDGE_LOOP('',(#12976,#12978,#12980,#12981));
#12983=FACE_OUTER_BOUND('',#12982,.F.);
#12984=ADVANCED_FACE('',(#12983),#12975,.F.);
#12985=CARTESIAN_POINT('',(-3.225E1,8.E0,-1.686006417988E2));
#12986=DIRECTION('',(5.881716976750E-1,0.E0,-8.087360843032E-1));
#12987=DIRECTION('',(8.087360843032E-1,0.E0,5.881716976750E-1));
#12988=AXIS2_PLACEMENT_3D('',#12985,#12986,#12987);
#12989=PLANE('',#12988);
#12990=ORIENTED_EDGE('',*,*,#5682,.T.);
#12992=ORIENTED_EDGE('',*,*,#12991,.F.);
#12994=ORIENTED_EDGE('',*,*,#12993,.T.);
#12995=ORIENTED_EDGE('',*,*,#12977,.T.);
#12996=EDGE_LOOP('',(#12990,#12992,#12994,#12995));
#12997=FACE_OUTER_BOUND('',#12996,.F.);
#12998=ADVANCED_FACE('',(#12997),#12989,.T.);
#12999=CARTESIAN_POINT('',(-3.35E1,-2.77684E1,-1.645637434320E2));
#13000=DIRECTION('',(0.E0,1.E0,0.E0));
#13001=DIRECTION('',(1.E0,0.E0,0.E0));
#13002=AXIS2_PLACEMENT_3D('',#12999,#13000,#13001);
#13003=CYLINDRICAL_SURFACE('',#13002,4.E0);
#13004=ORIENTED_EDGE('',*,*,#5680,.F.);
#13005=ORIENTED_EDGE('',*,*,#5765,.T.);
#13007=ORIENTED_EDGE('',*,*,#13006,.T.);
#13009=ORIENTED_EDGE('',*,*,#13008,.T.);
#13011=ORIENTED_EDGE('',*,*,#13010,.T.);
#13012=ORIENTED_EDGE('',*,*,#12991,.T.);
#13013=EDGE_LOOP('',(#13004,#13005,#13007,#13009,#13011,#13012));
#13014=FACE_OUTER_BOUND('',#13013,.F.);
#13015=ADVANCED_FACE('',(#13014),#13003,.T.);
#13016=CARTESIAN_POINT('',(-2.948876271668E1,4.186286410842E0,
-1.645580225433E2));
#13017=CARTESIAN_POINT('',(-2.948872961471E1,4.228802216490E0,
-1.646030329092E2));
#13018=CARTESIAN_POINT('',(-2.949069242289E1,4.358661979459E0,
-1.647324495322E2));
#13019=CARTESIAN_POINT('',(-2.950229127051E1,4.569335963605E0,
-1.649182360251E2));
#13020=CARTESIAN_POINT('',(-2.952658740930E1,4.796860828321E0,
-1.651253518268E2));
#13021=CARTESIAN_POINT('',(-2.955885926435E1,4.995522378567E0,
-1.653172735258E2));
#13022=CARTESIAN_POINT('',(-2.959710490537E1,5.168634949580E0,
-1.654937686013E2));
#13023=CARTESIAN_POINT('',(-2.963948175574E1,5.319633488924E0,
-1.656552094389E2));
#13024=CARTESIAN_POINT('',(-2.968400153389E1,5.450308622518E0,
-1.658009159478E2));
#13025=CARTESIAN_POINT('',(-2.973014335001E1,5.564300028463E0,
-1.659344129958E2));
#13026=CARTESIAN_POINT('',(-2.977854568643E1,5.666252745672E0,
-1.660603930291E2));
#13027=CARTESIAN_POINT('',(-2.983036649908E1,5.759645034883E0,
-1.661829840254E2));
#13028=CARTESIAN_POINT('',(-2.988645189681E1,5.845843778535E0,
-1.663042870134E2));
#13029=CARTESIAN_POINT('',(-2.994691575126E1,5.924566294601E0,
-1.664243186396E2));
#13030=CARTESIAN_POINT('',(-3.001082820987E1,5.994138373870E0,
-1.665412654224E2));
#13031=CARTESIAN_POINT('',(-3.007790649856E1,6.053560390822E0,
-1.666549009385E2));
#13032=CARTESIAN_POINT('',(-3.014816652497E1,6.102002338574E0,
-1.667655151938E2));
#13033=CARTESIAN_POINT('',(-3.022197074523E1,6.137778729348E0,
-1.668737101625E2));
#13034=CARTESIAN_POINT('',(-3.029453284498E1,6.156009750615E0,
-1.669729654696E2));
#13035=CARTESIAN_POINT('',(-3.035713495810E1,6.150645131E0,-1.670535323658E2));
#13036=CARTESIAN_POINT('',(-3.034522975177E1,6.141914375620E0,
-1.670384725381E2));
#13037=CARTESIAN_POINT('',(-3.030243245564E1,6.146125424688E0,
-1.669849993266E2));
#13038=CARTESIAN_POINT('',(-2.956224675579E1,4.876878038432E0,
-1.641830979751E2));
#13039=CARTESIAN_POINT('',(-2.955885921823E1,4.909938142026E0,
-1.642126637863E2));
#13040=CARTESIAN_POINT('',(-2.954914451965E1,5.020008743662E0,
-1.643089749495E2));
#13041=CARTESIAN_POINT('',(-2.954017824342E1,5.230165183143E0,
-1.644911587331E2));
#13042=CARTESIAN_POINT('',(-2.954391198846E1,5.471063622568E0,
-1.647183497110E2));
#13043=CARTESIAN_POINT('',(-2.955887737019E1,5.680407899208E0,
-1.649282232849E2));
#13044=CARTESIAN_POINT('',(-2.958279773343E1,5.863190307232E0,
-1.651225981696E2));
#13045=CARTESIAN_POINT('',(-2.961307971224E1,6.021927307791E0,
-1.652996308417E2));
#13046=CARTESIAN_POINT('',(-2.964841410100E1,6.160712232702E0,
-1.654626640082E2));
#13047=CARTESIAN_POINT('',(-2.968786760549E1,6.282758373117E0,
-1.656144418261E2));
#13048=CARTESIAN_POINT('',(-2.973165186588E1,6.392664551770E0,
-1.657595854997E2));
#13049=CARTESIAN_POINT('',(-2.978075538352E1,6.493974690945E0,
-1.659024976058E2));
#13050=CARTESIAN_POINT('',(-2.983605820142E1,6.588009054422E0,
-1.660453715164E2));
#13051=CARTESIAN_POINT('',(-2.989782899590E1,6.674394698711E0,
-1.661881625773E2));
#13052=CARTESIAN_POINT('',(-2.996638861490E1,6.751894501210E0,
-1.663307671358E2));
#13053=CARTESIAN_POINT('',(-3.004179588663E1,6.819106158563E0,
-1.664726988966E2));
#13054=CARTESIAN_POINT('',(-3.012545981748E1,6.875149747942E0,
-1.666157582225E2));
#13055=CARTESIAN_POINT('',(-3.021958007862E1,6.917897983056E0,
-1.667621555498E2));
#13056=CARTESIAN_POINT('',(-3.032527243752E1,6.941569353481E0,
-1.669114579522E2));
#13057=CARTESIAN_POINT('',(-3.044643442423E1,6.935925644829E0,
-1.670673618729E2));
#13058=CARTESIAN_POINT('',(-3.049313042151E1,6.913176560853E0,
-1.671218791915E2));
#13059=CARTESIAN_POINT('',(-3.048640478501E1,6.901690786768E0,
-1.671188316910E2));
#13060=CARTESIAN_POINT('',(-2.933670444122E1,5.537674493879E0,
-1.638154783631E2));
#13061=CARTESIAN_POINT('',(-2.933002948553E1,5.561692511158E0,
-1.638332696247E2));
#13062=CARTESIAN_POINT('',(-2.930902470615E1,5.652839139027E0,
-1.639067833622E2));
#13063=CARTESIAN_POINT('',(-2.928077948407E1,5.862500349662E0,
-1.640992184174E2));
#13064=CARTESIAN_POINT('',(-2.926617868633E1,6.116195713526E0,
-1.643614301145E2));
#13065=CARTESIAN_POINT('',(-2.926658955436E1,6.335762091996E0,
-1.646031181688E2));
#13066=CARTESIAN_POINT('',(-2.927931791915E1,6.527797386870E0,
-1.648280928027E2));
#13067=CARTESIAN_POINT('',(-2.930089851504E1,6.693939176770E0,
-1.650323680958E2));
#13068=CARTESIAN_POINT('',(-2.933053968183E1,6.840484209876E0,
-1.652231757972E2));
#13069=CARTESIAN_POINT('',(-2.936686562887E1,6.970237775618E0,
-1.654027569539E2));
#13070=CARTESIAN_POINT('',(-2.940971734915E1,7.087754473326E0,
-1.655760110320E2));
#13071=CARTESIAN_POINT('',(-2.946000328195E1,7.196641055592E0,
-1.657479156824E2));
#13072=CARTESIAN_POINT('',(-2.951869945561E1,7.298173177672E0,
-1.659209105371E2));
#13073=CARTESIAN_POINT('',(-2.958623459065E1,7.391891526567E0,
-1.660948921454E2));
#13074=CARTESIAN_POINT('',(-2.966408536756E1,7.476977219702E0,
-1.662712967698E2));
#13075=CARTESIAN_POINT('',(-2.975262416933E1,7.551642638807E0,
-1.664493668316E2));
#13076=CARTESIAN_POINT('',(-2.985462542894E1,7.614960097411E0,
-1.666324032797E2));
#13077=CARTESIAN_POINT('',(-2.997411486514E1,7.664379560463E0,
-1.668242363465E2));
#13078=CARTESIAN_POINT('',(-3.011763310112E1,7.693256699623E0,
-1.670299108783E2));
#13079=CARTESIAN_POINT('',(-3.030078520463E1,7.687345935873E0,
-1.672655670089E2));
#13080=CARTESIAN_POINT('',(-3.040398575322E1,7.651182974475E0,
-1.673871035303E2));
#13081=CARTESIAN_POINT('',(-3.042941052992E1,7.624677202805E0,
-1.674294714018E2));
#13082=CARTESIAN_POINT('',(-2.884498927865E1,6.072421200093E0,
-1.635087128297E2));
#13083=CARTESIAN_POINT('',(-2.883557278237E1,6.089127857667E0,
-1.635201146806E2));
#13084=CARTESIAN_POINT('',(-2.880530991199E1,6.164972250276E0,
-1.635844598017E2));
#13085=CARTESIAN_POINT('',(-2.876188017981E1,6.374232685140E0,
-1.637995068633E2));
#13086=CARTESIAN_POINT('',(-2.873384338206E1,6.638284265735E0,
-1.641065835474E2));
#13087=CARTESIAN_POINT('',(-2.872457177179E1,6.866123124242E0,
-1.643893144476E2));
#13088=CARTESIAN_POINT('',(-2.873087169417E1,7.065646538785E0,
-1.646531514740E2));
#13089=CARTESIAN_POINT('',(-2.874841187825E1,7.237780831307E0,
-1.648923518922E2));
#13090=CARTESIAN_POINT('',(-2.877668129078E1,7.390605917305E0,
-1.651173362426E2));
#13091=CARTESIAN_POINT('',(-2.881389600860E1,7.526596901067E0,
-1.653301933478E2));
#13092=CARTESIAN_POINT('',(-2.885963656266E1,7.650272593080E0,
-1.655364099065E2));
#13093=CARTESIAN_POINT('',(-2.891483238488E1,7.765290592866E0,
-1.657417553520E2));
#13094=CARTESIAN_POINT('',(-2.898060355847E1,7.872890455164E0,
-1.659490336205E2));
#13095=CARTESIAN_POINT('',(-2.905752077488E1,7.972542970387E0,
-1.661580935336E2));
#13096=CARTESIAN_POINT('',(-2.914795331549E1,8.063767726691E0,
-1.663715170447E2));
#13097=CARTESIAN_POINT('',(-2.925251339670E1,8.144465280510E0,
-1.665883033970E2));
#13098=CARTESIAN_POINT('',(-2.937511431178E1,8.213669291506E0,
-1.668130257716E2));
#13099=CARTESIAN_POINT('',(-2.952133066935E1,8.268487605095E0,
-1.670509095853E2));
#13100=CARTESIAN_POINT('',(-2.970186051334E1,8.301577636933E0,
-1.673110698629E2));
#13101=CARTESIAN_POINT('',(-2.994140321823E1,8.295450752467E0,
-1.676192763241E2));
#13102=CARTESIAN_POINT('',(-3.009078095931E1,8.248432290403E0,
-1.677955117872E2));
#13103=CARTESIAN_POINT('',(-3.013975172934E1,8.209771226967E0,
-1.678716692846E2));
#13104=(BOUNDED_SURFACE()B_SPLINE_SURFACE(3,3,((#13016,#13017,#13018,#13019,
#13020,#13021,#13022,#13023,#13024,#13025,#13026,#13027,#13028,#13029,#13030,
#13031,#13032,#13033,#13034,#13035,#13036,#13037),(#13038,#13039,#13040,#13041,
#13042,#13043,#13044,#13045,#13046,#13047,#13048,#13049,#13050,#13051,#13052,
#13053,#13054,#13055,#13056,#13057,#13058,#13059),(#13060,#13061,#13062,#13063,
#13064,#13065,#13066,#13067,#13068,#13069,#13070,#13071,#13072,#13073,#13074,
#13075,#13076,#13077,#13078,#13079,#13080,#13081),(#13082,#13083,#13084,#13085,
#13086,#13087,#13088,#13089,#13090,#13091,#13092,#13093,#13094,#13095,#13096,
#13097,#13098,#13099,#13100,#13101,#13102,#13103)),.UNSPECIFIED.,.F.,.F.,.F.)B_SPLINE_SURFACE_WITH_KNOTS((4,4),(4,1,1,1,1,1,1,1,1,1,1,1,1,1,1,1,1,1,1,4),(0.E0,
1.E0),(-4.545388233177E-2,0.E0,9.174301943909E-2,1.747061862689E-1,
2.503883988504E-1,3.195202431767E-1,3.820732716644E-1,4.383632939989E-1,
4.898580805869E-1,5.386696836359E-1,5.867676018318E-1,6.351033824586E-1,
6.835296122026E-1,7.317352081879E-1,7.798866091724E-1,8.286699494461E-1,
8.802657838034E-1,9.365954791003E-1,1.E0,1.092964166359E0),.UNSPECIFIED.)GEOMETRIC_REPRESENTATION_ITEM()RATIONAL_B_SPLINE_SURFACE(((1.037792373583E0,
1.037792373583E0,1.037792373583E0,1.037792373583E0,1.037792373583E0,
1.037792373583E0,1.037792373583E0,1.037792373583E0,1.037792373583E0,
1.037792373583E0,1.037792373583E0,1.037792373583E0,1.037792373583E0,
1.037792373583E0,1.037792373583E0,1.037792373583E0,1.037792373583E0,
1.037792373583E0,1.037792373583E0,1.037792373583E0,1.037792373583E0,
1.037792373583E0),(9.874025421391E-1,9.874025421391E-1,9.874025421391E-1,
9.874025421391E-1,9.874025421391E-1,9.874025421391E-1,9.874025421391E-1,
9.874025421391E-1,9.874025421391E-1,9.874025421391E-1,9.874025421391E-1,
9.874025421391E-1,9.874025421391E-1,9.874025421391E-1,9.874025421391E-1,
9.874025421391E-1,9.874025421391E-1,9.874025421391E-1,9.874025421391E-1,
9.874025421391E-1,9.874025421391E-1,9.874025421391E-1),(9.874025421391E-1,
9.874025421391E-1,9.874025421391E-1,9.874025421391E-1,9.874025421391E-1,
9.874025421391E-1,9.874025421391E-1,9.874025421391E-1,9.874025421391E-1,
9.874025421391E-1,9.874025421391E-1,9.874025421391E-1,9.874025421391E-1,
9.874025421391E-1,9.874025421391E-1,9.874025421391E-1,9.874025421391E-1,
9.874025421391E-1,9.874025421391E-1,9.874025421391E-1,9.874025421391E-1,
9.874025421391E-1),(1.037792373583E0,1.037792373583E0,1.037792373583E0,
1.037792373583E0,1.037792373583E0,1.037792373583E0,1.037792373583E0,
1.037792373583E0,1.037792373583E0,1.037792373583E0,1.037792373583E0,
1.037792373583E0,1.037792373583E0,1.037792373583E0,1.037792373583E0,
1.037792373583E0,1.037792373583E0,1.037792373583E0,1.037792373583E0,
1.037792373583E0,1.037792373583E0,1.037792373583E0)))REPRESENTATION_ITEM('')SURFACE());
#13106=ORIENTED_EDGE('',*,*,#13105,.T.);
#13108=ORIENTED_EDGE('',*,*,#13107,.F.);
#13109=ORIENTED_EDGE('',*,*,#13006,.F.);
#13110=EDGE_LOOP('',(#13106,#13108,#13109));
#13111=FACE_OUTER_BOUND('',#13110,.F.);
#13112=ADVANCED_FACE('',(#13111),#13104,.F.);
#13113=CARTESIAN_POINT('',(-3.047450985644E1,7.824358207737E0,
-1.677212419661E2));
#13114=CARTESIAN_POINT('',(-3.047450990683E1,7.784443155474E0,
-1.676736322622E2));
#13115=CARTESIAN_POINT('',(-3.047450995730E1,7.639974344996E0,
-1.675161397752E2));
#13116=CARTESIAN_POINT('',(-3.047450962339E1,7.343157886669E0,
-1.672736374673E2));
#13117=CARTESIAN_POINT('',(-3.047450973638E1,6.898385191110E0,
-1.670244688589E2));
#13118=CARTESIAN_POINT('',(-3.047450970705E1,6.400129101771E0,
-1.668223304334E2));
#13119=CARTESIAN_POINT('',(-3.047450971724E1,5.899191665311E0,
-1.666610945765E2));
#13120=CARTESIAN_POINT('',(-3.047450970438E1,5.421533009351E0,
-1.665309641179E2));
#13121=CARTESIAN_POINT('',(-3.047450974082E1,4.976742479771E0,
-1.664217281810E2));
#13122=CARTESIAN_POINT('',(-3.047450962357E1,4.569474679418E0,
-1.663303539896E2));
#13123=CARTESIAN_POINT('',(-3.047450999866E1,4.194255414304E0,
-1.662516007650E2));
#13124=CARTESIAN_POINT('',(-3.047426594030E1,3.891631910434E0,
-1.661837128281E2));
#13125=CARTESIAN_POINT('',(-3.047411116257E1,3.731874676506E0,
-1.661461231302E2));
#13126=CARTESIAN_POINT('',(-2.969434482408E1,8.181017534675E0,
-1.674216035556E2));
#13127=CARTESIAN_POINT('',(-2.969434483413E1,8.132355381837E0,
-1.673634340942E2));
#13128=CARTESIAN_POINT('',(-2.969434484420E1,7.956730318635E0,
-1.671719813253E2));
#13129=CARTESIAN_POINT('',(-2.969434477756E1,7.602320494318E0,
-1.668835278653E2));
#13130=CARTESIAN_POINT('',(-2.969434480027E1,7.096177837266E0,
-1.666013529689E2));
#13131=CARTESIAN_POINT('',(-2.969434479383E1,6.556685029450E0,
-1.663830685068E2));
#13132=CARTESIAN_POINT('',(-2.969434479777E1,6.030472471030E0,
-1.662138881189E2));
#13133=CARTESIAN_POINT('',(-2.969434478920E1,5.537619679227E0,
-1.660796711689E2));
#13134=CARTESIAN_POINT('',(-2.969434481553E1,5.083342985625E0,
-1.659681199195E2));
#13135=CARTESIAN_POINT('',(-2.969434473026E1,4.667671274668E0,
-1.658748629978E2));
#13136=CARTESIAN_POINT('',(-2.969434500317E1,4.288648346720E0,
-1.657953367635E2));
#13137=CARTESIAN_POINT('',(-2.969418341906E1,4.001695533848E0,
-1.657306788995E2));
#13138=CARTESIAN_POINT('',(-2.969408395315E1,3.855323480164E0,
-1.656958323340E2));
#13139=CARTESIAN_POINT('',(-2.934247441979E1,8.822340938678E0,
-1.668828117427E2));
#13140=CARTESIAN_POINT('',(-2.934247441164E1,8.757950274366E0,
-1.668056543588E2));
#13141=CARTESIAN_POINT('',(-2.934247440349E1,8.526301906729E0,
-1.665531362485E2));
#13142=CARTESIAN_POINT('',(-2.934247445743E1,8.068331146988E0,
-1.661820561835E2));
#13143=CARTESIAN_POINT('',(-2.934247443930E1,7.451836707059E0,
-1.658405313602E2));
#13144=CARTESIAN_POINT('',(-2.934247444359E1,6.838194506065E0,
-1.655932140637E2));
#13145=CARTESIAN_POINT('',(-2.934247444339E1,6.266533739711E0,
-1.654097482969E2));
#13146=CARTESIAN_POINT('',(-2.934247444090E1,5.746359764406E0,
-1.652681832632E2));
#13147=CARTESIAN_POINT('',(-2.934247444951E1,5.275025619777E0,
-1.651524687578E2));
#13148=CARTESIAN_POINT('',(-2.934247442141E1,4.844242500964E0,
-1.650558264234E2));
#13149=CARTESIAN_POINT('',(-2.934247451140E1,4.458380054709E0,
-1.649749102095E2));
#13150=CARTESIAN_POINT('',(-2.934242811644E1,4.199852034543E0,
-1.649162476813E2));
#13151=CARTESIAN_POINT('',(-2.934240098050E1,4.077750528653E0,
-1.648864870363E2));
#13152=CARTESIAN_POINT('',(-2.955599550649E1,9.498453961034E0,
-1.663147923023E2));
#13153=CARTESIAN_POINT('',(-2.955599550939E1,9.417481566874E0,
-1.662176169656E2));
#13154=CARTESIAN_POINT('',(-2.955599551229E1,9.126770820650E0,
-1.659007209263E2));
#13155=CARTESIAN_POINT('',(-2.955599549313E1,8.559621296171E0,
-1.654425320434E2));
#13156=CARTESIAN_POINT('',(-2.955599549951E1,7.826788863618E0,
-1.650384377611E2));
#13157=CARTESIAN_POINT('',(-2.955599549819E1,7.134974916490E0,
-1.647605126974E2));
#13158=CARTESIAN_POINT('',(-2.955599549759E1,6.515400531151E0,
-1.645619866184E2));
#13159=CARTESIAN_POINT('',(-2.955599550061E1,5.966423290851E0,
-1.644126748924E2));
#13160=CARTESIAN_POINT('',(-2.955599549077E1,5.477106386362E0,
-1.642925712884E2));
#13161=CARTESIAN_POINT('',(-2.955599552276E1,5.030392117096E0,
-1.641923598943E2));
#13162=CARTESIAN_POINT('',(-2.955599542035E1,4.637319131875E0,
-1.641099782990E2));
#13163=CARTESIAN_POINT('',(-2.955605204907E1,4.408895048235E0,
-1.640577404478E2));
#13164=CARTESIAN_POINT('',(-2.955608607985E1,4.312493089884E0,
-1.640334269189E2));
#13165=(BOUNDED_SURFACE()B_SPLINE_SURFACE(3,3,((#13113,#13114,#13115,#13116,
#13117,#13118,#13119,#13120,#13121,#13122,#13123,#13124,#13125),(#13126,#13127,
#13128,#13129,#13130,#13131,#13132,#13133,#13134,#13135,#13136,#13137,#13138),(
#13139,#13140,#13141,#13142,#13143,#13144,#13145,#13146,#13147,#13148,#13149,
#13150,#13151),(#13152,#13153,#13154,#13155,#13156,#13157,#13158,#13159,#13160,
#13161,#13162,#13163,#13164)),.UNSPECIFIED.,.F.,.F.,.F.)B_SPLINE_SURFACE_WITH_KNOTS((4,4),(4,1,1,1,1,1,1,1,1,1,4),(0.E0,1.E0),(-6.297745640745E-2,0.E0,
1.521735115184E-1,3.086946178954E-1,4.559666398163E-1,5.894551632077E-1,
7.079783540625E-1,8.141278115948E-1,9.105734588468E-1,1.E0,1.073267685528E0),
.UNSPECIFIED.)GEOMETRIC_REPRESENTATION_ITEM()RATIONAL_B_SPLINE_SURFACE(((
1.107917591476E0,1.107917591476E0,1.107917591476E0,1.107917591476E0,
1.107917591476E0,1.107917591476E0,1.107917591476E0,1.107917591476E0,
1.107917591476E0,1.107917591476E0,1.107917591476E0,1.107917591476E0,
1.107917591476E0),(9.640274695080E-1,9.640274695080E-1,9.640274695080E-1,
9.640274695080E-1,9.640274695080E-1,9.640274695080E-1,9.640274695080E-1,
9.640274695080E-1,9.640274695080E-1,9.640274695080E-1,9.640274695080E-1,
9.640274695080E-1,9.640274695080E-1),(9.640274695080E-1,9.640274695080E-1,
9.640274695080E-1,9.640274695080E-1,9.640274695080E-1,9.640274695080E-1,
9.640274695080E-1,9.640274695080E-1,9.640274695080E-1,9.640274695080E-1,
9.640274695080E-1,9.640274695080E-1,9.640274695080E-1),(1.107917591476E0,
1.107917591476E0,1.107917591476E0,1.107917591476E0,1.107917591476E0,
1.107917591476E0,1.107917591476E0,1.107917591476E0,1.107917591476E0,
1.107917591476E0,1.107917591476E0,1.107917591476E0,1.107917591476E0)))REPRESENTATION_ITEM('')SURFACE());
#13166=ORIENTED_EDGE('',*,*,#13105,.F.);
#13167=ORIENTED_EDGE('',*,*,#5763,.F.);
#13169=ORIENTED_EDGE('',*,*,#13168,.F.);
#13170=EDGE_LOOP('',(#13166,#13167,#13169));
#13171=FACE_OUTER_BOUND('',#13170,.F.);
#13172=ADVANCED_FACE('',(#13171),#13165,.T.);
#13173=CARTESIAN_POINT('',(-3.15E1,4.455010109332E1,-2.020070571440E2));
#13174=DIRECTION('',(0.E0,-7.071067811865E-1,7.071067811865E-1));
#13175=DIRECTION('',(4.573295603800E-1,-6.288281455225E-1,-6.288281455225E-1));
#13176=AXIS2_PLACEMENT_3D('',#13173,#13174,#13175);
#13177=CYLINDRICAL_SURFACE('',#13176,2.E0);
#13179=ORIENTED_EDGE('',*,*,#13178,.F.);
#13180=ORIENTED_EDGE('',*,*,#13168,.T.);
#13181=ORIENTED_EDGE('',*,*,#5761,.F.);
#13183=ORIENTED_EDGE('',*,*,#13182,.T.);
#13185=ORIENTED_EDGE('',*,*,#13184,.T.);
#13186=EDGE_LOOP('',(#13179,#13180,#13181,#13183,#13185));
#13187=FACE_OUTER_BOUND('',#13186,.F.);
#13188=ADVANCED_FACE('',(#13187),#13177,.T.);
#13189=CARTESIAN_POINT('',(-3.015041039768E1,5.953892786575E0,
-1.668182435393E2));
#13190=CARTESIAN_POINT('',(-3.019975603192E1,5.939617204531E0,
-1.668915469419E2));
#13191=CARTESIAN_POINT('',(-3.031647753689E1,5.911149539586E0,
-1.670531727933E2));
#13192=CARTESIAN_POINT('',(-3.051992602487E1,5.880523918758E0,
-1.672948529741E2));
#13193=CARTESIAN_POINT('',(-3.076507587781E1,5.866643343806E0,
-1.675407345192E2));
#13194=CARTESIAN_POINT('',(-3.101592119576E1,5.875153036463E0,
-1.677518784791E2));
#13195=CARTESIAN_POINT('',(-3.118858027036E1,5.894564372224E0,
-1.678754383146E2));
#13196=CARTESIAN_POINT('',(-3.126500530844E1,5.905781313410E0,
-1.679262368421E2));
#13197=CARTESIAN_POINT('',(-3.034003839847E1,6.976847830626E0,
-1.668046803136E2));
#13198=CARTESIAN_POINT('',(-3.038502790466E1,6.963261732450E0,
-1.668680799939E2));
#13199=CARTESIAN_POINT('',(-3.049030627394E1,6.936232650911E0,
-1.670072677635E2));
#13200=CARTESIAN_POINT('',(-3.066955636810E1,6.907361816378E0,
-1.672137024821E2));
#13201=CARTESIAN_POINT('',(-3.088028341076E1,6.894393402706E0,
-1.674223341237E2));
#13202=CARTESIAN_POINT('',(-3.109089434118E1,6.902349238900E0,
-1.676009737826E2));
#13203=CARTESIAN_POINT('',(-3.123303988495E1,6.920282284520E0,
-1.677057779118E2));
#13204=CARTESIAN_POINT('',(-3.129545394985E1,6.930580596628E0,
-1.677490032571E2));
#13205=CARTESIAN_POINT('',(-3.010631588477E1,7.953320999679E0,
-1.670775442525E2));
#13206=CARTESIAN_POINT('',(-3.015316567287E1,7.940393056034E0,
-1.671402300991E2));
#13207=CARTESIAN_POINT('',(-3.026169030295E1,7.914737190361E0,
-1.672772346458E2));
#13208=CARTESIAN_POINT('',(-3.044229067402E1,7.887541406697E0,
-1.674786890940E2));
#13209=CARTESIAN_POINT('',(-3.064931188097E1,7.875443706769E0,
-1.676808440522E2));
#13210=CARTESIAN_POINT('',(-3.085105384578E1,7.882870853085E0,
-1.678533983353E2));
#13211=CARTESIAN_POINT('',(-3.098423828199E1,7.899392780331E0,
-1.679549103661E2));
#13212=CARTESIAN_POINT('',(-3.104217467839E1,7.908814204786E0,
-1.679969217956E2));
#13213=CARTESIAN_POINT('',(-2.950611451494E1,8.645707248379E0,
-1.675704394214E2));
#13214=CARTESIAN_POINT('',(-2.956058833282E1,8.633245981301E0,
-1.676417750200E2));
#13215=CARTESIAN_POINT('',(-2.968625870814E1,8.608563819579E0,
-1.677973824459E2));
#13216=CARTESIAN_POINT('',(-2.989342946422E1,8.582555761522E0,
-1.680253336639E2));
#13217=CARTESIAN_POINT('',(-3.012836355036E1,8.571075457178E0,
-1.682533611290E2));
#13218=CARTESIAN_POINT('',(-3.035476005532E1,8.578127726219E0,
-1.684477297150E2));
#13219=CARTESIAN_POINT('',(-3.050271631199E1,8.593649074045E0,
-1.685622143210E2));
#13220=CARTESIAN_POINT('',(-3.056679789486E1,8.602448725192E0,
-1.686096664829E2));
#13221=(BOUNDED_SURFACE()B_SPLINE_SURFACE(3,3,((#13189,#13190,#13191,#13192,
#13193,#13194,#13195,#13196),(#13197,#13198,#13199,#13200,#13201,#13202,#13203,
#13204),(#13205,#13206,#13207,#13208,#13209,#13210,#13211,#13212),(#13213,
#13214,#13215,#13216,#13217,#13218,#13219,#13220)),.UNSPECIFIED.,.F.,.F.,.F.)B_SPLINE_SURFACE_WITH_KNOTS((4,4),(4,1,1,1,1,4),(0.E0,1.E0),(-2.617596541870E-1,
0.E0,3.252664760489E-1,6.579636758437E-1,1.E0,1.259953092543E0),.UNSPECIFIED.)GEOMETRIC_REPRESENTATION_ITEM()RATIONAL_B_SPLINE_SURFACE(((1.064772741198E0,
1.064772741198E0,1.064772741198E0,1.064772741198E0,1.064772741198E0,
1.064772741198E0,1.064772741198E0,1.064772741198E0),(9.784090862672E-1,
9.784090862672E-1,9.784090862672E-1,9.784090862672E-1,9.784090862672E-1,
9.784090862672E-1,9.784090862672E-1,9.784090862672E-1),(9.784090862672E-1,
9.784090862672E-1,9.784090862672E-1,9.784090862672E-1,9.784090862672E-1,
9.784090862672E-1,9.784090862672E-1,9.784090862672E-1),(1.064772741198E0,
1.064772741198E0,1.064772741198E0,1.064772741198E0,1.064772741198E0,
1.064772741198E0,1.064772741198E0,1.064772741198E0)))REPRESENTATION_ITEM('')SURFACE());
#13222=ORIENTED_EDGE('',*,*,#13008,.F.);
#13223=ORIENTED_EDGE('',*,*,#13107,.T.);
#13224=ORIENTED_EDGE('',*,*,#13178,.T.);
#13226=ORIENTED_EDGE('',*,*,#13225,.F.);
#13227=EDGE_LOOP('',(#13222,#13223,#13224,#13226));
#13228=FACE_OUTER_BOUND('',#13227,.F.);
#13229=ADVANCED_FACE('',(#13228),#13221,.F.);
#13230=CARTESIAN_POINT('',(-3.103987521936E1,5.880251223527E0,
-1.677651366996E2));
#13231=CARTESIAN_POINT('',(-3.104042798941E1,5.880300621307E0,
-1.677655608170E2));
#13232=CARTESIAN_POINT('',(-3.105020033420E1,5.881165200505E0,
-1.677730548251E2));
#13233=CARTESIAN_POINT('',(-3.106925463592E1,5.882551648073E0,
-1.677875327201E2));
#13234=CARTESIAN_POINT('',(-3.109717913712E1,5.883763196888E0,
-1.678083833033E2));
#13235=CARTESIAN_POINT('',(-3.111647066928E1,5.884040478561E0,
-1.678225375062E2));
#13236=CARTESIAN_POINT('',(-3.112642791658E1,5.884031915779E0,
-1.678297753112E2));
#13237=CARTESIAN_POINT('',(-3.112699186037E1,5.884030946009E0,
-1.678301850184E2));
#13238=CARTESIAN_POINT('',(-3.110931657316E1,6.907007588543E0,
-1.676116535486E2));
#13239=CARTESIAN_POINT('',(-3.111004031234E1,6.907066740054E0,
-1.676122202675E2));
#13240=CARTESIAN_POINT('',(-3.112283642637E1,6.908102041702E0,
-1.676222329952E2));
#13241=CARTESIAN_POINT('',(-3.114782858856E1,6.909762572117E0,
-1.676415423356E2));
#13242=CARTESIAN_POINT('',(-3.118456188550E1,6.911213926221E0,
-1.676692480448E2));
#13243=CARTESIAN_POINT('',(-3.121000570921E1,6.911546125480E0,
-1.676879793905E2));
#13244=CARTESIAN_POINT('',(-3.122315483345E1,6.911535866472E0,
-1.676975353878E2));
#13245=CARTESIAN_POINT('',(-3.122389960608E1,6.911534704576E0,
-1.676980762476E2));
#13246=CARTESIAN_POINT('',(-3.086691759732E1,7.887109298571E0,
-1.678631514350E2));
#13247=CARTESIAN_POINT('',(-3.086788480029E1,7.887177760616E0,
-1.678639165262E2));
#13248=CARTESIAN_POINT('',(-3.088498632248E1,7.888376027276E0,
-1.678774334097E2));
#13249=CARTESIAN_POINT('',(-3.091841585583E1,7.890298186524E0,
-1.679034775396E2));
#13250=CARTESIAN_POINT('',(-3.096762242499E1,7.891978449434E0,
-1.679407781684E2));
#13251=CARTESIAN_POINT('',(-3.100175099790E1,7.892363070885E0,
-1.679659455440E2));
#13252=CARTESIAN_POINT('',(-3.101939933026E1,7.892351192727E0,
-1.679787699917E2));
#13253=CARTESIAN_POINT('',(-3.102039897507E1,7.892349847433E0,
-1.679794957940E2));
#13254=CARTESIAN_POINT('',(-3.037166117412E1,8.582068449217E0,
-1.684584334411E2));
#13255=CARTESIAN_POINT('',(-3.037288509355E1,8.582143513066E0,
-1.684594044054E2));
#13256=CARTESIAN_POINT('',(-3.039452602891E1,8.583457333068E0,
-1.684765582155E2));
#13257=CARTESIAN_POINT('',(-3.043683938071E1,8.585565005053E0,
-1.685096017042E2));
#13258=CARTESIAN_POINT('',(-3.049914858036E1,8.587407579962E0,
-1.685569023168E2));
#13259=CARTESIAN_POINT('',(-3.054238110226E1,8.587829372335E0,
-1.685887985317E2));
#13260=CARTESIAN_POINT('',(-3.056474118271E1,8.587816346087E0,
-1.686050463770E2));
#13261=CARTESIAN_POINT('',(-3.056600772508E1,8.587814870752E0,
-1.686059659097E2));
#13262=(BOUNDED_SURFACE()B_SPLINE_SURFACE(3,3,((#13230,#13231,#13232,#13233,
#13234,#13235,#13236,#13237),(#13238,#13239,#13240,#13241,#13242,#13243,#13244,
#13245),(#13246,#13247,#13248,#13249,#13250,#13251,#13252,#13253),(#13254,
#13255,#13256,#13257,#13258,#13259,#13260,#13261)),.UNSPECIFIED.,.F.,.F.,.F.)B_SPLINE_SURFACE_WITH_KNOTS((4,4),(4,1,1,1,1,4),(0.E0,1.E0),(-2.000000014349E-2,
0.E0,3.335052906035E-1,6.668066406278E-1,1.E0,1.020000011367E0),.UNSPECIFIED.)GEOMETRIC_REPRESENTATION_ITEM()RATIONAL_B_SPLINE_SURFACE(((1.064772720030E0,
1.064772720030E0,1.064772720030E0,1.064772720030E0,1.064772720030E0,
1.064772720030E0,1.064772720030E0,1.064772720030E0),(9.784090933233E-1,
9.784090933233E-1,9.784090933233E-1,9.784090933233E-1,9.784090933233E-1,
9.784090933233E-1,9.784090933233E-1,9.784090933233E-1),(9.784090933233E-1,
9.784090933233E-1,9.784090933233E-1,9.784090933233E-1,9.784090933233E-1,
9.784090933233E-1,9.784090933233E-1,9.784090933233E-1),(1.064772720030E0,
1.064772720030E0,1.064772720030E0,1.064772720030E0,1.064772720030E0,
1.064772720030E0,1.064772720030E0,1.064772720030E0)))REPRESENTATION_ITEM('')SURFACE());
#13263=ORIENTED_EDGE('',*,*,#13010,.F.);
#13264=ORIENTED_EDGE('',*,*,#13225,.T.);
#13266=ORIENTED_EDGE('',*,*,#13265,.T.);
#13268=ORIENTED_EDGE('',*,*,#13267,.F.);
#13269=EDGE_LOOP('',(#13263,#13264,#13266,#13268));
#13270=FACE_OUTER_BOUND('',#13269,.F.);
#13271=ADVANCED_FACE('',(#13270),#13262,.F.);
#13272=CARTESIAN_POINT('',(-3.5E1,7.417711987293E0,-1.706006417988E2));
#13273=DIRECTION('',(-4.573295603800E-1,6.288281455225E-1,6.288281455225E-1));
#13274=DIRECTION('',(8.892972917999E-1,3.233808333818E-1,3.233808333818E-1));
#13275=AXIS2_PLACEMENT_3D('',#13272,#13273,#13274);
#13276=PLANE('',#13275);
#13278=ORIENTED_EDGE('',*,*,#13277,.F.);
#13280=ORIENTED_EDGE('',*,*,#13279,.F.);
#13282=ORIENTED_EDGE('',*,*,#13281,.F.);
#13283=ORIENTED_EDGE('',*,*,#13265,.F.);
#13284=ORIENTED_EDGE('',*,*,#13184,.F.);
#13286=ORIENTED_EDGE('',*,*,#13285,.T.);
#13287=EDGE_LOOP('',(#13278,#13280,#13282,#13283,#13284,#13286));
#13288=FACE_OUTER_BOUND('',#13287,.F.);
#13289=ADVANCED_FACE('',(#13288),#13276,.F.);
#13290=CARTESIAN_POINT('',(-3.2E1,6.331217921313E0,-1.721031083740E2));
#13291=DIRECTION('',(0.E0,7.071067811865E-1,-7.071067811865E-1));
#13292=DIRECTION('',(-1.E0,0.E0,0.E0));
#13293=AXIS2_PLACEMENT_3D('',#13290,#13291,#13292);
#13294=CYLINDRICAL_SURFACE('',#13293,3.E0);
#13295=ORIENTED_EDGE('',*,*,#13277,.T.);
#13297=ORIENTED_EDGE('',*,*,#13296,.F.);
#13298=ORIENTED_EDGE('',*,*,#12957,.F.);
#13300=ORIENTED_EDGE('',*,*,#13299,.T.);
#13301=EDGE_LOOP('',(#13295,#13297,#13298,#13300));
#13302=FACE_OUTER_BOUND('',#13301,.F.);
#13303=ADVANCED_FACE('',(#13302),#13294,.F.);
#13304=CARTESIAN_POINT('',(-3.599999273132E1,1.118372116804E1,
-1.757711761561E2));
#13305=DIRECTION('',(7.071067811865E-1,5.804103332845E-1,-4.038859306990E-1));
#13306=DIRECTION('',(-7.071067811865E-1,5.804103332845E-1,-4.038859306990E-1));
#13307=AXIS2_PLACEMENT_3D('',#13304,#13305,#13306);
#13308=PLANE('',#13307);
#13309=ORIENTED_EDGE('',*,*,#12959,.F.);
#13310=ORIENTED_EDGE('',*,*,#13296,.T.);
#13311=ORIENTED_EDGE('',*,*,#13285,.F.);
#13312=ORIENTED_EDGE('',*,*,#13182,.F.);
#13313=ORIENTED_EDGE('',*,*,#5759,.T.);
#13315=ORIENTED_EDGE('',*,*,#13314,.T.);
#13316=ORIENTED_EDGE('',*,*,#6164,.T.);
#13318=ORIENTED_EDGE('',*,*,#13317,.T.);
#13320=ORIENTED_EDGE('',*,*,#13319,.F.);
#13322=ORIENTED_EDGE('',*,*,#13321,.F.);
#13323=EDGE_LOOP('',(#13309,#13310,#13311,#13312,#13313,#13315,#13316,#13318,
#13320,#13322));
#13324=FACE_OUTER_BOUND('',#13323,.F.);
#13325=ADVANCED_FACE('',(#13324),#13308,.T.);
#13326=CARTESIAN_POINT('',(3.554542238837E0,-2.990845276318E1,
-1.526979348547E2));
#13327=DIRECTION('',(-6.903279831613E-1,6.903279831613E-1,-2.165514980989E-1));
#13328=DIRECTION('',(7.071067811865E-1,7.071067811865E-1,0.E0));
#13329=AXIS2_PLACEMENT_3D('',#13326,#13327,#13328);
#13330=CYLINDRICAL_SURFACE('',#13329,5.2E0);
#13331=ORIENTED_EDGE('',*,*,#6166,.T.);
#13332=ORIENTED_EDGE('',*,*,#13314,.F.);
#13333=ORIENTED_EDGE('',*,*,#5757,.T.);
#13335=ORIENTED_EDGE('',*,*,#13334,.T.);
#13336=EDGE_LOOP('',(#13331,#13332,#13333,#13335));
#13337=FACE_OUTER_BOUND('',#13336,.F.);
#13338=ADVANCED_FACE('',(#13337),#13330,.T.);
#13339=CARTESIAN_POINT('',(-3.225E1,1.325E1,-1.636006417988E2));
#13340=DIRECTION('',(7.071067811865E-1,7.071067811865E-1,0.E0));
#13341=DIRECTION('',(7.071067811865E-1,-7.071067811865E-1,0.E0));
#13342=AXIS2_PLACEMENT_3D('',#13339,#13340,#13341);
#13343=PLANE('',#13342);
#13344=ORIENTED_EDGE('',*,*,#13334,.F.);
#13345=ORIENTED_EDGE('',*,*,#5755,.T.);
#13347=ORIENTED_EDGE('',*,*,#13346,.T.);
#13348=ORIENTED_EDGE('',*,*,#6168,.T.);
#13349=EDGE_LOOP('',(#13344,#13345,#13347,#13348));
#13350=FACE_OUTER_BOUND('',#13349,.F.);
#13351=ADVANCED_FACE('',(#13350),#13343,.T.);
#13352=CARTESIAN_POINT('',(4.525759312881E0,-2.77684E1,-1.636006417988E2));
#13353=DIRECTION('',(-7.071067811865E-1,7.071067811865E-1,0.E0));
#13354=DIRECTION('',(0.E0,0.E0,1.E0));
#13355=AXIS2_PLACEMENT_3D('',#13352,#13353,#13354);
#13356=CYLINDRICAL_SURFACE('',#13355,3.E0);
#13357=ORIENTED_EDGE('',*,*,#5753,.T.);
#13358=ORIENTED_EDGE('',*,*,#5828,.T.);
#13359=ORIENTED_EDGE('',*,*,#12783,.F.);
#13360=ORIENTED_EDGE('',*,*,#13346,.F.);
#13361=EDGE_LOOP('',(#13357,#13358,#13359,#13360));
#13362=FACE_OUTER_BOUND('',#13361,.F.);
#13363=ADVANCED_FACE('',(#13362),#13356,.T.);
#13364=CARTESIAN_POINT('',(3.290837147709E2,1.08E1,-1.689694348688E2));
#13365=DIRECTION('',(-1.E0,0.E0,0.E0));
#13366=DIRECTION('',(0.E0,1.E0,0.E0));
#13367=AXIS2_PLACEMENT_3D('',#13364,#13365,#13366);
#13368=CYLINDRICAL_SURFACE('',#13367,5.2E0);
#13369=ORIENTED_EDGE('',*,*,#6162,.T.);
#13371=ORIENTED_EDGE('',*,*,#13370,.T.);
#13373=ORIENTED_EDGE('',*,*,#13372,.F.);
#13374=ORIENTED_EDGE('',*,*,#13317,.F.);
#13375=EDGE_LOOP('',(#13369,#13371,#13373,#13374));
#13376=FACE_OUTER_BOUND('',#13375,.F.);
#13377=ADVANCED_FACE('',(#13376),#13368,.T.);
#13378=CARTESIAN_POINT('',(-3.9E1,1.245747917053E1,-1.739407158434E2));
#13379=DIRECTION('',(-7.071067811865E-1,5.804103332845E-1,-4.038859306990E-1));
#13380=DIRECTION('',(-7.071067811865E-1,-5.804103332845E-1,4.038859306990E-1));
#13381=AXIS2_PLACEMENT_3D('',#13378,#13379,#13380);
#13382=PLANE('',#13381);
#13384=ORIENTED_EDGE('',*,*,#13383,.T.);
#13385=ORIENTED_EDGE('',*,*,#13370,.F.);
#13386=ORIENTED_EDGE('',*,*,#6160,.T.);
#13388=ORIENTED_EDGE('',*,*,#13387,.T.);
#13389=ORIENTED_EDGE('',*,*,#12814,.F.);
#13391=ORIENTED_EDGE('',*,*,#13390,.F.);
#13393=ORIENTED_EDGE('',*,*,#13392,.T.);
#13395=ORIENTED_EDGE('',*,*,#13394,.T.);
#13397=ORIENTED_EDGE('',*,*,#13396,.T.);
#13398=ORIENTED_EDGE('',*,*,#12886,.F.);
#13400=ORIENTED_EDGE('',*,*,#13399,.F.);
#13401=EDGE_LOOP('',(#13384,#13385,#13386,#13388,#13389,#13391,#13393,#13395,
#13397,#13398,#13400));
#13402=FACE_OUTER_BOUND('',#13401,.F.);
#13403=ADVANCED_FACE('',(#13402),#13382,.T.);
#13404=CARTESIAN_POINT('',(-1.E1,1.6E1,-1.706006417988E2));
#13405=DIRECTION('',(0.E0,-8.208241650724E-1,5.711809608462E-1));
#13406=DIRECTION('',(0.E0,-5.711809608462E-1,-8.208241650724E-1));
#13407=AXIS2_PLACEMENT_3D('',#13404,#13405,#13406);
#13408=PLANE('',#13407);
#13409=ORIENTED_EDGE('',*,*,#13372,.T.);
#13410=ORIENTED_EDGE('',*,*,#13383,.F.);
#13412=ORIENTED_EDGE('',*,*,#13411,.F.);
#13413=ORIENTED_EDGE('',*,*,#13319,.T.);
#13414=EDGE_LOOP('',(#13409,#13410,#13412,#13413));
#13415=FACE_OUTER_BOUND('',#13414,.F.);
#13416=ADVANCED_FACE('',(#13415),#13408,.F.);
#13417=CARTESIAN_POINT('',(3.290837147709E2,2.076363407816E1,
-1.835385626009E2));
#13418=DIRECTION('',(-1.E0,0.E0,0.E0));
#13419=DIRECTION('',(0.E0,-9.541304515440E-1,2.993911846338E-1));
#13420=AXIS2_PLACEMENT_3D('',#13417,#13418,#13419);
#13421=CYLINDRICAL_SURFACE('',#13420,1.13E1);
#13423=ORIENTED_EDGE('',*,*,#13422,.T.);
#13424=ORIENTED_EDGE('',*,*,#13411,.T.);
#13426=ORIENTED_EDGE('',*,*,#13425,.F.);
#13428=ORIENTED_EDGE('',*,*,#13427,.F.);
#13429=EDGE_LOOP('',(#13423,#13424,#13426,#13428));
#13430=FACE_OUTER_BOUND('',#13429,.F.);
#13431=ADVANCED_FACE('',(#13430),#13421,.F.);
#13432=CARTESIAN_POINT('',(-3.600000000053E1,2.076363407815E1,
-1.835385626009E2));
#13433=DIRECTION('',(1.E0,0.E0,0.E0));
#13434=DIRECTION('',(0.E0,0.E0,-1.E0));
#13435=AXIS2_PLACEMENT_3D('',#13432,#13433,#13434);
#13436=CONICAL_SURFACE('',#13435,1.229999999947E1,4.5E1);
#13437=ORIENTED_EDGE('',*,*,#12961,.T.);
#13438=ORIENTED_EDGE('',*,*,#13321,.T.);
#13439=ORIENTED_EDGE('',*,*,#13422,.F.);
#13441=ORIENTED_EDGE('',*,*,#13440,.F.);
#13442=EDGE_LOOP('',(#13437,#13438,#13439,#13441));
#13443=FACE_OUTER_BOUND('',#13442,.F.);
#13444=ADVANCED_FACE('',(#13443),#13436,.F.);
#13445=CARTESIAN_POINT('',(-3.6E1,6.149897997541E0,-1.890277375989E2));
#13446=DIRECTION('',(7.071067811865E-1,6.746721124234E-1,-2.117015368820E-1));
#13447=DIRECTION('',(-7.071067811865E-1,6.746721124234E-1,-2.117015368820E-1));
#13448=AXIS2_PLACEMENT_3D('',#13445,#13446,#13447);
#13449=PLANE('',#13448);
#13450=ORIENTED_EDGE('',*,*,#12963,.T.);
#13451=ORIENTED_EDGE('',*,*,#13440,.T.);
#13453=ORIENTED_EDGE('',*,*,#13452,.F.);
#13454=ORIENTED_EDGE('',*,*,#12941,.F.);
#13455=EDGE_LOOP('',(#13450,#13451,#13453,#13454));
#13456=FACE_OUTER_BOUND('',#13455,.F.);
#13457=ADVANCED_FACE('',(#13456),#13449,.T.);
#13458=CARTESIAN_POINT('',(-1.E1,1.05E1,-1.785044992754E2));
#13459=DIRECTION('',(0.E0,-9.541304515440E-1,2.993911846338E-1));
#13460=DIRECTION('',(0.E0,-2.993911846338E-1,-9.541304515440E-1));
#13461=AXIS2_PLACEMENT_3D('',#13458,#13459,#13460);
#13462=PLANE('',#13461);
#13463=ORIENTED_EDGE('',*,*,#13452,.T.);
#13464=ORIENTED_EDGE('',*,*,#13427,.T.);
#13466=ORIENTED_EDGE('',*,*,#13465,.F.);
#13467=ORIENTED_EDGE('',*,*,#12927,.T.);
#13468=EDGE_LOOP('',(#13463,#13464,#13466,#13467));
#13469=FACE_OUTER_BOUND('',#13468,.F.);
#13470=ADVANCED_FACE('',(#13469),#13462,.F.);
#13471=CARTESIAN_POINT('',(-3.9E1,6.149897997541E0,-1.890277375989E2));
#13472=DIRECTION('',(-7.071067811865E-1,6.746721124234E-1,-2.117015368820E-1));
#13473=DIRECTION('',(-7.071067811865E-1,-6.746721124234E-1,2.117015368820E-1));
#13474=AXIS2_PLACEMENT_3D('',#13471,#13472,#13473);
#13475=PLANE('',#13474);
#13476=ORIENTED_EDGE('',*,*,#13465,.T.);
#13478=ORIENTED_EDGE('',*,*,#13477,.T.);
#13479=ORIENTED_EDGE('',*,*,#12882,.F.);
#13480=ORIENTED_EDGE('',*,*,#12913,.F.);
#13481=EDGE_LOOP('',(#13476,#13478,#13479,#13480));
#13482=FACE_OUTER_BOUND('',#13481,.F.);
#13483=ADVANCED_FACE('',(#13482),#13475,.T.);
#13484=CARTESIAN_POINT('',(-3.899999999964E1,2.076363407815E1,
-1.835385626008E2));
#13485=DIRECTION('',(-1.E0,0.E0,0.E0));
#13486=DIRECTION('',(0.E0,0.E0,-1.E0));
#13487=AXIS2_PLACEMENT_3D('',#13484,#13485,#13486);
#13488=CONICAL_SURFACE('',#13487,1.229999999964E1,4.5E1);
#13489=ORIENTED_EDGE('',*,*,#13425,.T.);
#13490=ORIENTED_EDGE('',*,*,#13399,.T.);
#13491=ORIENTED_EDGE('',*,*,#12884,.F.);
#13492=ORIENTED_EDGE('',*,*,#13477,.F.);
#13493=EDGE_LOOP('',(#13489,#13490,#13491,#13492));
#13494=FACE_OUTER_BOUND('',#13493,.F.);
#13495=ADVANCED_FACE('',(#13494),#13488,.F.);
#13496=CARTESIAN_POINT('',(-4.095988382338E0,4.455010109332E1,
-1.760551096719E2));
#13497=DIRECTION('',(-6.903279831613E-1,-6.903279831613E-1,2.165514980989E-1));
#13498=DIRECTION('',(-7.071067811865E-1,7.071067811865E-1,0.E0));
#13499=AXIS2_PLACEMENT_3D('',#13496,#13497,#13498);
#13500=CYLINDRICAL_SURFACE('',#13499,5.2E0);
#13501=ORIENTED_EDGE('',*,*,#12816,.T.);
#13502=ORIENTED_EDGE('',*,*,#13387,.F.);
#13503=ORIENTED_EDGE('',*,*,#6158,.T.);
#13505=ORIENTED_EDGE('',*,*,#13504,.T.);
#13506=EDGE_LOOP('',(#13501,#13502,#13503,#13505));
#13507=FACE_OUTER_BOUND('',#13506,.F.);
#13508=ADVANCED_FACE('',(#13507),#13500,.T.);
#13509=CARTESIAN_POINT('',(-4.275E1,1.325E1,-1.636006417988E2));
#13510=DIRECTION('',(-7.071067811865E-1,7.071067811865E-1,0.E0));
#13511=DIRECTION('',(-7.071067811865E-1,-7.071067811865E-1,0.E0));
#13512=AXIS2_PLACEMENT_3D('',#13509,#13510,#13511);
#13513=PLANE('',#13512);
#13514=ORIENTED_EDGE('',*,*,#13504,.F.);
#13515=ORIENTED_EDGE('',*,*,#6156,.T.);
#13516=ORIENTED_EDGE('',*,*,#12795,.T.);
#13517=ORIENTED_EDGE('',*,*,#12818,.F.);
#13518=EDGE_LOOP('',(#13514,#13515,#13516,#13517));
#13519=FACE_OUTER_BOUND('',#13518,.F.);
#13520=ADVANCED_FACE('',(#13519),#13513,.T.);
#13521=CARTESIAN_POINT('',(-4.35E1,7.494955969208E0,-1.649519120199E2));
#13522=DIRECTION('',(0.E0,7.071067811865E-1,-7.071067811865E-1));
#13523=DIRECTION('',(-4.573295603800E-1,-6.288281455225E-1,-6.288281455225E-1));
#13524=AXIS2_PLACEMENT_3D('',#13521,#13522,#13523);
#13525=CYLINDRICAL_SURFACE('',#13524,2.E0);
#13527=ORIENTED_EDGE('',*,*,#13526,.F.);
#13529=ORIENTED_EDGE('',*,*,#13528,.T.);
#13531=ORIENTED_EDGE('',*,*,#13530,.T.);
#13532=ORIENTED_EDGE('',*,*,#13390,.T.);
#13533=ORIENTED_EDGE('',*,*,#12812,.F.);
#13535=ORIENTED_EDGE('',*,*,#13534,.F.);
#13536=EDGE_LOOP('',(#13527,#13529,#13531,#13532,#13533,#13535));
#13537=FACE_OUTER_BOUND('',#13536,.F.);
#13538=ADVANCED_FACE('',(#13537),#13525,.T.);
#13539=CARTESIAN_POINT('',(-4.373568326602E1,5.905663539266E0,
-1.679257795891E2));
#13540=CARTESIAN_POINT('',(-4.381186849519E1,5.894509018451E0,
-1.678751172905E2));
#13541=CARTESIAN_POINT('',(-4.398427765181E1,5.875151393001E0,
-1.677517094874E2));
#13542=CARTESIAN_POINT('',(-4.423489148174E1,5.866638016995E0,
-1.675407630234E2));
#13543=CARTESIAN_POINT('',(-4.448002153360E1,5.880537134267E0,
-1.672949086233E2));
#13544=CARTESIAN_POINT('',(-4.468343538366E1,5.911075255744E0,
-1.670532813586E2));
#13545=CARTESIAN_POINT('',(-4.480014264026E1,5.939558648249E0,
-1.668916895710E2));
#13546=CARTESIAN_POINT('',(-4.484947947041E1,5.953874559927E0,
-1.668184080229E2));
#13547=CARTESIAN_POINT('',(-4.370511011938E1,6.930471397360E0,
-1.677486130716E2));
#13548=CARTESIAN_POINT('',(-4.376733002570E1,6.920230816958E0,
-1.677055052753E2));
#13549=CARTESIAN_POINT('',(-4.390927243285E1,6.902347905778E0,
-1.676008311768E2));
#13550=CARTESIAN_POINT('',(-4.411968963829E1,6.894388095017E0,
-1.674223575922E2));
#13551=CARTESIAN_POINT('',(-4.433039641664E1,6.907375153490E0,
-1.672137518801E2));
#13552=CARTESIAN_POINT('',(-4.450962231282E1,6.936159747503E0,
-1.670073537676E2));
#13553=CARTESIAN_POINT('',(-4.461488474741E1,6.963205223849E0,
-1.668681969704E2));
#13554=CARTESIAN_POINT('',(-4.465986220929E1,6.976832133493E0,
-1.668048212089E2));
#13555=CARTESIAN_POINT('',(-4.395835079497E1,7.908713187345E0,
-1.679965414129E2));
#13556=CARTESIAN_POINT('',(-4.401610879097E1,7.899345018976E0,
-1.679546459277E2));
#13557=CARTESIAN_POINT('',(-4.414910570923E1,7.882869812776E0,
-1.678532609673E2));
#13558=CARTESIAN_POINT('',(-4.435066277494E1,7.875438413904E0,
-1.676808660351E2));
#13559=CARTESIAN_POINT('',(-4.455766073053E1,7.887554856461E0,
-1.674787392264E2));
#13560=CARTESIAN_POINT('',(-4.473824307598E1,7.914665601244E0,
-1.672773115898E2));
#13561=CARTESIAN_POINT('',(-4.484674825139E1,7.940338498655E0,
-1.671403392144E2));
#13562=CARTESIAN_POINT('',(-4.489358159322E1,7.953307713710E0,
-1.670776821559E2));
#13563=CARTESIAN_POINT('',(-4.443378428476E1,8.602353510429E0,
-1.686092362544E2));
#13564=CARTESIAN_POINT('',(-4.449766949880E1,8.593603941847E0,
-1.685619158978E2));
#13565=CARTESIAN_POINT('',(-4.464541889293E1,8.578126894741E0,
-1.684475751632E2));
#13566=CARTESIAN_POINT('',(-4.487160823991E1,8.571070176032E0,
-1.682533855394E2));
#13567=CARTESIAN_POINT('',(-4.510651429063E1,8.582569292369E0,
-1.680253913388E2));
#13568=CARTESIAN_POINT('',(-4.531366742398E1,8.608493163588E0,
-1.677974660368E2));
#13569=CARTESIAN_POINT('',(-4.543931384751E1,8.633192808675E0,
-1.676418959798E2));
#13570=CARTESIAN_POINT('',(-4.549376672655E1,8.645695673291E0,
-1.675705956588E2));
#13571=(BOUNDED_SURFACE()B_SPLINE_SURFACE(3,3,((#13539,#13540,#13541,#13542,
#13543,#13544,#13545,#13546),(#13547,#13548,#13549,#13550,#13551,#13552,#13553,
#13554),(#13555,#13556,#13557,#13558,#13559,#13560,#13561,#13562),(#13563,
#13564,#13565,#13566,#13567,#13568,#13569,#13570)),.UNSPECIFIED.,.F.,.F.,.F.)B_SPLINE_SURFACE_WITH_KNOTS((4,4),(4,1,1,1,1,4),(0.E0,1.E0),(-2.591968726356E-1,
0.E0,3.420302806729E-1,6.747278301304E-1,1.E0,1.261698678076E0),.UNSPECIFIED.)GEOMETRIC_REPRESENTATION_ITEM()RATIONAL_B_SPLINE_SURFACE(((1.064772739812E0,
1.064772739812E0,1.064772739812E0,1.064772739812E0,1.064772739812E0,
1.064772739812E0,1.064772739812E0,1.064772739812E0),(9.784090867293E-1,
9.784090867293E-1,9.784090867293E-1,9.784090867293E-1,9.784090867293E-1,
9.784090867293E-1,9.784090867293E-1,9.784090867293E-1),(9.784090867293E-1,
9.784090867293E-1,9.784090867293E-1,9.784090867293E-1,9.784090867293E-1,
9.784090867293E-1,9.784090867293E-1,9.784090867293E-1),(1.064772739812E0,
1.064772739812E0,1.064772739812E0,1.064772739812E0,1.064772739812E0,
1.064772739812E0,1.064772739812E0,1.064772739812E0)))REPRESENTATION_ITEM('')SURFACE());
#13572=ORIENTED_EDGE('',*,*,#12835,.F.);
#13574=ORIENTED_EDGE('',*,*,#13573,.T.);
#13575=ORIENTED_EDGE('',*,*,#13526,.T.);
#13577=ORIENTED_EDGE('',*,*,#13576,.F.);
#13578=EDGE_LOOP('',(#13572,#13574,#13575,#13577));
#13579=FACE_OUTER_BOUND('',#13578,.F.);
#13580=ADVANCED_FACE('',(#13579),#13571,.F.);
#13581=CARTESIAN_POINT('',(-4.387300814360E1,5.884030946016E0,
-1.678301850155E2));
#13582=CARTESIAN_POINT('',(-4.387357208607E1,5.884031915781E0,
-1.678297753093E2));
#13583=CARTESIAN_POINT('',(-4.388352933203E1,5.884040478542E0,
-1.678225375052E2));
#13584=CARTESIAN_POINT('',(-4.390282086288E1,5.883763196888E0,
-1.678083833033E2));
#13585=CARTESIAN_POINT('',(-4.393074536407E1,5.882551648073E0,
-1.677875327201E2));
#13586=CARTESIAN_POINT('',(-4.394979972833E1,5.881165195955E0,
-1.677730547776E2));
#13587=CARTESIAN_POINT('',(-4.395957213518E1,5.880300610285E0,
-1.677655607215E2));
#13588=CARTESIAN_POINT('',(-4.396012496747E1,5.880251206831E0,
-1.677651365562E2));
#13589=CARTESIAN_POINT('',(-4.377610039916E1,6.911534704588E0,
-1.676980762438E2));
#13590=CARTESIAN_POINT('',(-4.377684517004E1,6.911535866479E0,
-1.676975353853E2));
#13591=CARTESIAN_POINT('',(-4.378999429252E1,6.911546125462E0,
-1.676879793893E2));
#13592=CARTESIAN_POINT('',(-4.381543811451E1,6.911213926225E0,
-1.676692480448E2));
#13593=CARTESIAN_POINT('',(-4.385217141143E1,6.909762572122E0,
-1.676415423356E2));
#13594=CARTESIAN_POINT('',(-4.387716365565E1,6.908102036256E0,
-1.676222329318E2));
#13595=CARTESIAN_POINT('',(-4.388995985079E1,6.907066726860E0,
-1.676122201399E2));
#13596=CARTESIAN_POINT('',(-4.389068367147E1,6.907007568554E0,
-1.676116533570E2));
#13597=CARTESIAN_POINT('',(-4.397960103197E1,7.892349847450E0,
-1.679794957889E2));
#13598=CARTESIAN_POINT('',(-4.398060067443E1,7.892351192737E0,
-1.679787699883E2));
#13599=CARTESIAN_POINT('',(-4.399824900442E1,7.892363070867E0,
-1.679659455422E2));
#13600=CARTESIAN_POINT('',(-4.403237757502E1,7.891978449441E0,
-1.679407781684E2));
#13601=CARTESIAN_POINT('',(-4.408158414415E1,7.890298186533E0,
-1.679034775396E2));
#13602=CARTESIAN_POINT('',(-4.411501378724E1,7.888376020976E0,
-1.678774333242E2));
#13603=CARTESIAN_POINT('',(-4.413211541773E1,7.887177745347E0,
-1.678639163539E2));
#13604=CARTESIAN_POINT('',(-4.413308272960E1,7.887109275439E0,
-1.678631511764E2));
#13605=CARTESIAN_POINT('',(-4.443399228384E1,8.587814870770E0,
-1.686059659032E2));
#13606=CARTESIAN_POINT('',(-4.443525882324E1,8.587816346098E0,
-1.686050463727E2));
#13607=CARTESIAN_POINT('',(-4.445761890068E1,8.587829372313E0,
-1.685887985296E2));
#13608=CARTESIAN_POINT('',(-4.450085141966E1,8.587407579970E0,
-1.685569023168E2));
#13609=CARTESIAN_POINT('',(-4.456316061927E1,8.585565005062E0,
-1.685096017042E2));
#13610=CARTESIAN_POINT('',(-4.460547410996E1,8.583457326158E0,
-1.684765581071E2));
#13611=CARTESIAN_POINT('',(-4.462711518234E1,8.582143496325E0,
-1.684594041867E2));
#13612=CARTESIAN_POINT('',(-4.462833923957E1,8.582068423853E0,
-1.684584331129E2));
#13613=(BOUNDED_SURFACE()B_SPLINE_SURFACE(3,3,((#13581,#13582,#13583,#13584,
#13585,#13586,#13587,#13588),(#13589,#13590,#13591,#13592,#13593,#13594,#13595,
#13596),(#13597,#13598,#13599,#13600,#13601,#13602,#13603,#13604),(#13605,
#13606,#13607,#13608,#13609,#13610,#13611,#13612)),.UNSPECIFIED.,.F.,.F.,.F.)B_SPLINE_SURFACE_WITH_KNOTS((4,4),(4,1,1,1,1,4),(0.E0,1.E0),(-1.999996447727E-2,
0.E0,3.331933593713E-1,6.664947093955E-1,1.E0,1.020002253514E0),.UNSPECIFIED.)GEOMETRIC_REPRESENTATION_ITEM()RATIONAL_B_SPLINE_SURFACE(((1.064772720030E0,
1.064772720030E0,1.064772720030E0,1.064772720030E0,1.064772720030E0,
1.064772720030E0,1.064772720030E0,1.064772720030E0),(9.784090933232E-1,
9.784090933232E-1,9.784090933232E-1,9.784090933232E-1,9.784090933232E-1,
9.784090933232E-1,9.784090933232E-1,9.784090933232E-1),(9.784090933232E-1,
9.784090933232E-1,9.784090933232E-1,9.784090933232E-1,9.784090933232E-1,
9.784090933232E-1,9.784090933232E-1,9.784090933232E-1),(1.064772720030E0,
1.064772720030E0,1.064772720030E0,1.064772720030E0,1.064772720030E0,
1.064772720030E0,1.064772720030E0,1.064772720030E0)))REPRESENTATION_ITEM('')SURFACE());
#13614=ORIENTED_EDGE('',*,*,#12833,.F.);
#13616=ORIENTED_EDGE('',*,*,#13615,.T.);
#13618=ORIENTED_EDGE('',*,*,#13617,.T.);
#13619=ORIENTED_EDGE('',*,*,#13573,.F.);
#13620=EDGE_LOOP('',(#13614,#13616,#13618,#13619));
#13621=FACE_OUTER_BOUND('',#13620,.F.);
#13622=ADVANCED_FACE('',(#13621),#13613,.F.);
#13623=CARTESIAN_POINT('',(-4.294064072549E1,6.356425121165E0,
-1.721714859553E2));
#13624=DIRECTION('',(-8.087360843032E-1,0.E0,5.881716976750E-1));
#13625=DIRECTION('',(5.881716976750E-1,0.E0,8.087360843032E-1));
#13626=AXIS2_PLACEMENT_3D('',#13623,#13624,#13625);
#13627=CYLINDRICAL_SURFACE('',#13626,3.E0);
#13628=ORIENTED_EDGE('',*,*,#12851,.F.);
#13630=ORIENTED_EDGE('',*,*,#13629,.T.);
#13632=ORIENTED_EDGE('',*,*,#13631,.T.);
#13633=ORIENTED_EDGE('',*,*,#13615,.F.);
#13634=EDGE_LOOP('',(#13628,#13630,#13632,#13633));
#13635=FACE_OUTER_BOUND('',#13634,.F.);
#13636=ADVANCED_FACE('',(#13635),#13627,.F.);
#13637=CARTESIAN_POINT('',(-4.007451433230E1,7.009714854854E0,
-1.734225178984E2));
#13638=CARTESIAN_POINT('',(-4.005200416150E1,6.853333877420E0,
-1.732825079542E2));
#13639=CARTESIAN_POINT('',(-4.001922546986E1,6.494096453883E0,
-1.729471095792E2));
#13640=CARTESIAN_POINT('',(-4.008064950910E1,5.942945424338E0,
-1.723512865211E2));
#13641=CARTESIAN_POINT('',(-4.033649076153E1,5.381231978945E0,
-1.716035067103E2));
#13642=CARTESIAN_POINT('',(-4.088470952311E1,4.885953900568E0,
-1.707095240780E2));
#13643=CARTESIAN_POINT('',(-4.189510985279E1,4.641350974159E0,
-1.697300845482E2));
#13644=CARTESIAN_POINT('',(-4.277257789217E1,4.816609491439E0,
-1.692671844914E2));
#13645=CARTESIAN_POINT('',(-4.322007091203E1,5.029061894111E0,
-1.691541874251E2));
#13646=CARTESIAN_POINT('',(-3.982814063109E1,8.039843080009E0,
-1.722993599449E2));
#13647=CARTESIAN_POINT('',(-3.980751755581E1,7.898456448475E0,
-1.721729719135E2));
#13648=CARTESIAN_POINT('',(-3.977807666803E1,7.575036436366E0,
-1.718709634562E2));
#13649=CARTESIAN_POINT('',(-3.983325078750E1,7.083981810845E0,
-1.713397821983E2));
#13650=CARTESIAN_POINT('',(-4.005885045252E1,6.590151826835E0,
-1.706818797306E2));
#13651=CARTESIAN_POINT('',(-4.053601200973E1,6.160168379137E0,
-1.699048696959E2));
#13652=CARTESIAN_POINT('',(-4.140725738486E1,5.949796756346E0,
-1.690608650730E2));
#13653=CARTESIAN_POINT('',(-4.216301265352E1,6.100493459250E0,
-1.686619215805E2));
#13654=CARTESIAN_POINT('',(-4.254891197326E1,6.282346588677E0,
-1.685631206592E2));
#13655=CARTESIAN_POINT('',(-4.062297541316E1,8.840762837653E0,
-1.712436088149E2));
#13656=CARTESIAN_POINT('',(-4.060752155796E1,8.740449417994E0,
-1.711545345627E2));
#13657=CARTESIAN_POINT('',(-4.058722373827E1,8.515142130393E0,
-1.709439893257E2));
#13658=CARTESIAN_POINT('',(-4.062527778585E1,8.188706378685E0,
-1.705898779031E2));
#13659=CARTESIAN_POINT('',(-4.076803828372E1,7.880825939323E0,
-1.701781716471E2));
#13660=CARTESIAN_POINT('',(-4.105055663138E1,7.629700590419E0,
-1.697215784090E2));
#13661=CARTESIAN_POINT('',(-4.154062226249E1,7.513096951622E0,
-1.692485634021E2));
#13662=CARTESIAN_POINT('',(-4.196297623087E1,7.596512786613E0,
-1.690248127146E2));
#13663=CARTESIAN_POINT('',(-4.218015521344E1,7.694546959102E0,
-1.689648985361E2));
#13664=CARTESIAN_POINT('',(-4.207902303670E1,9.029569372974E0,
-1.707599993757E2));
#13665=CARTESIAN_POINT('',(-4.206954921871E1,8.976771696850E0,
-1.707140917490E2));
#13666=CARTESIAN_POINT('',(-4.205982860150E1,8.864966588463E0,
-1.706093561804E2));
#13667=CARTESIAN_POINT('',(-4.207807721124E1,8.728970976004E0,
-1.704600888518E2));
#13668=CARTESIAN_POINT('',(-4.212500481848E1,8.636207165472E0,
-1.703331958724E2));
#13669=CARTESIAN_POINT('',(-4.218234922907E1,8.591994672010E0,
-1.702472783530E2));
#13670=CARTESIAN_POINT('',(-4.223144523230E1,8.583866978381E0,
-1.702034444752E2));
#13671=CARTESIAN_POINT('',(-4.226810229617E1,8.589448616371E0,
-1.701823664304E2));
#13672=CARTESIAN_POINT('',(-4.229009634182E1,8.590516423696E0,
-1.701674385682E2));
#13673=(BOUNDED_SURFACE()B_SPLINE_SURFACE(3,3,((#13637,#13638,#13639,#13640,
#13641,#13642,#13643,#13644,#13645),(#13646,#13647,#13648,#13649,#13650,#13651,
#13652,#13653,#13654),(#13655,#13656,#13657,#13658,#13659,#13660,#13661,#13662,
#13663),(#13664,#13665,#13666,#13667,#13668,#13669,#13670,#13671,#13672)),
.UNSPECIFIED.,.F.,.F.,.F.)B_SPLINE_SURFACE_WITH_KNOTS((4,4),(4,1,1,1,1,1,4),(
0.E0,1.E0),(-2.075576025525E-1,0.E0,2.581381516247E-1,4.930392947788E-1,
7.295649637269E-1,1.E0,1.276116270823E0),.UNSPECIFIED.)GEOMETRIC_REPRESENTATION_ITEM()RATIONAL_B_SPLINE_SURFACE(((1.135744557124E0,1.135744557124E0,
1.135744557124E0,1.135744557124E0,1.135744557124E0,1.135744557124E0,
1.135744557124E0,1.135744557124E0,1.135744557124E0),(9.547518142920E-1,
9.547518142920E-1,9.547518142920E-1,9.547518142920E-1,9.547518142920E-1,
9.547518142920E-1,9.547518142920E-1,9.547518142920E-1,9.547518142920E-1),(
9.547518142920E-1,9.547518142920E-1,9.547518142920E-1,9.547518142920E-1,
9.547518142920E-1,9.547518142920E-1,9.547518142920E-1,9.547518142920E-1,
9.547518142920E-1),(1.135744557124E0,1.135744557124E0,1.135744557124E0,
1.135744557124E0,1.135744557124E0,1.135744557124E0,1.135744557124E0,
1.135744557124E0,1.135744557124E0)))REPRESENTATION_ITEM('')SURFACE());
#13674=ORIENTED_EDGE('',*,*,#12865,.F.);
#13676=ORIENTED_EDGE('',*,*,#13675,.T.);
#13678=ORIENTED_EDGE('',*,*,#13677,.T.);
#13679=ORIENTED_EDGE('',*,*,#13629,.F.);
#13680=EDGE_LOOP('',(#13674,#13676,#13678,#13679));
#13681=FACE_OUTER_BOUND('',#13680,.F.);
#13682=ADVANCED_FACE('',(#13681),#13673,.F.);
#13683=CARTESIAN_POINT('',(-4.3E1,4.455010109332E1,-2.103219915460E2));
#13684=DIRECTION('',(0.E0,-7.071067811865E-1,7.071067811865E-1));
#13685=DIRECTION('',(1.E0,0.E0,0.E0));
#13686=AXIS2_PLACEMENT_3D('',#13683,#13684,#13685);
#13687=CYLINDRICAL_SURFACE('',#13686,3.E0);
#13688=ORIENTED_EDGE('',*,*,#12888,.F.);
#13689=ORIENTED_EDGE('',*,*,#13396,.F.);
#13691=ORIENTED_EDGE('',*,*,#13690,.T.);
#13692=ORIENTED_EDGE('',*,*,#13675,.F.);
#13693=EDGE_LOOP('',(#13688,#13689,#13691,#13692));
#13694=FACE_OUTER_BOUND('',#13693,.F.);
#13695=ADVANCED_FACE('',(#13694),#13687,.F.);
#13696=CARTESIAN_POINT('',(-4.E1,7.417711987293E0,-1.706006417988E2));
#13697=DIRECTION('',(4.573295603800E-1,6.288281455225E-1,6.288281455225E-1));
#13698=DIRECTION('',(8.892972917999E-1,-3.233808333818E-1,-3.233808333818E-1));
#13699=AXIS2_PLACEMENT_3D('',#13696,#13697,#13698);
#13700=PLANE('',#13699);
#13701=ORIENTED_EDGE('',*,*,#13690,.F.);
#13702=ORIENTED_EDGE('',*,*,#13394,.F.);
#13704=ORIENTED_EDGE('',*,*,#13703,.T.);
#13705=ORIENTED_EDGE('',*,*,#13528,.F.);
#13706=ORIENTED_EDGE('',*,*,#13617,.F.);
#13707=ORIENTED_EDGE('',*,*,#13631,.F.);
#13708=ORIENTED_EDGE('',*,*,#13677,.F.);
#13709=EDGE_LOOP('',(#13701,#13702,#13704,#13705,#13706,#13707,#13708));
#13710=FACE_OUTER_BOUND('',#13709,.F.);
#13711=ADVANCED_FACE('',(#13710),#13700,.F.);
#13712=CARTESIAN_POINT('',(-4.070256095046E1,1.246901192480E1,
-1.719604691024E2));
#13713=DIRECTION('',(-4.479546293065E-1,-4.479546293065E-1,7.737398142566E-1));
#13714=DIRECTION('',(-7.071067811865E-1,7.071067811865E-1,0.E0));
#13715=AXIS2_PLACEMENT_3D('',#13712,#13713,#13714);
#13716=CYLINDRICAL_SURFACE('',#13715,2.E0);
#13717=ORIENTED_EDGE('',*,*,#13392,.F.);
#13718=ORIENTED_EDGE('',*,*,#13530,.F.);
#13719=ORIENTED_EDGE('',*,*,#13703,.F.);
#13720=EDGE_LOOP('',(#13717,#13718,#13719));
#13721=FACE_OUTER_BOUND('',#13720,.F.);
#13722=ADVANCED_FACE('',(#13721),#13716,.T.);
#13723=CARTESIAN_POINT('',(-4.464918011669E1,6.144714020086E0,
-1.670457853483E2));
#13724=CARTESIAN_POINT('',(-4.464922342290E1,6.146315913889E0,
-1.670453683579E2));
#13725=CARTESIAN_POINT('',(-4.465722429590E1,6.151301221903E0,
-1.670350767143E2));
#13726=CARTESIAN_POINT('',(-4.469083084661E1,6.155411096591E0,
-1.669917685584E2));
#13727=CARTESIAN_POINT('',(-4.474365226531E1,6.147937918070E0,
-1.669211499009E2));
#13728=CARTESIAN_POINT('',(-4.480668251724E1,6.125491406840E0,
-1.668323483486E2));
#13729=CARTESIAN_POINT('',(-4.487588677460E1,6.087182758680E0,
-1.667285113376E2));
#13730=CARTESIAN_POINT('',(-4.494689195567E1,6.033657633432E0,
-1.666140299338E2));
#13731=CARTESIAN_POINT('',(-4.501694558600E1,5.966136869644E0,
-1.664917230017E2));
#13732=CARTESIAN_POINT('',(-4.508247545094E1,5.888753464527E0,
-1.663673215640E2));
#13733=CARTESIAN_POINT('',(-4.514403934297E1,5.801284178421E0,
-1.662398513265E2));
#13734=CARTESIAN_POINT('',(-4.520317479832E1,5.701653106968E0,
-1.661054371039E2));
#13735=CARTESIAN_POINT('',(-4.526172277264E1,5.583963989897E0,
-1.659575527649E2));
#13736=CARTESIAN_POINT('',(-4.531958277646E1,5.443528766467E0,
-1.657914925115E2));
#13737=CARTESIAN_POINT('',(-4.537425816868E1,5.277416940983E0,
-1.656078385177E2));
#13738=CARTESIAN_POINT('',(-4.542367658400E1,5.083364202962E0,
-1.654052388015E2));
#13739=CARTESIAN_POINT('',(-4.546494683254E1,4.860297354712E0,
-1.651857176546E2));
#13740=CARTESIAN_POINT('',(-4.549602195612E1,4.602240673897E0,
-1.649426717585E2));
#13741=CARTESIAN_POINT('',(-4.551100484429E1,4.340809521067E0,
-1.647092485851E2));
#13742=CARTESIAN_POINT('',(-4.551213784261E1,4.156937957823E0,
-1.645708581626E2));
#13743=CARTESIAN_POINT('',(-4.551118752239E1,4.071772623825E0,
-1.645143239979E2));
#13744=CARTESIAN_POINT('',(-4.452111023673E1,6.918937104946E0,
-1.671058325804E2));
#13745=CARTESIAN_POINT('',(-4.453596626648E1,6.924810043325E0,
-1.670873665786E2));
#13746=CARTESIAN_POINT('',(-4.457405891434E1,6.935401321673E0,
-1.670405955744E2));
#13747=CARTESIAN_POINT('',(-4.464817735347E1,6.941126893989E0,
-1.669458495915E2));
#13748=CARTESIAN_POINT('',(-4.473185224039E1,6.930722025354E0,
-1.668318266782E2));
#13749=CARTESIAN_POINT('',(-4.481780520694E1,6.902927233140E0,
-1.667053227822E2));
#13750=CARTESIAN_POINT('',(-4.490369678453E1,6.857822941237E0,
-1.665675480737E2));
#13751=CARTESIAN_POINT('',(-4.498679249052E1,6.796268748206E0,
-1.664209043470E2));
#13752=CARTESIAN_POINT('',(-4.506344267128E1,6.720747151586E0,
-1.662708564784E2));
#13753=CARTESIAN_POINT('',(-4.513263993667E1,6.634865966485E0,
-1.661200397382E2));
#13754=CARTESIAN_POINT('',(-4.519463750351E1,6.538985570982E0,
-1.659686567198E2));
#13755=CARTESIAN_POINT('',(-4.525160894936E1,6.430684041881E0,
-1.658113668603E2));
#13756=CARTESIAN_POINT('',(-4.530503009008E1,6.303962116931E0,
-1.656412657684E2));
#13757=CARTESIAN_POINT('',(-4.535446127329E1,6.154053331067E0,
-1.654534151616E2));
#13758=CARTESIAN_POINT('',(-4.539769181090E1,5.976817512570E0,
-1.652463736864E2));
#13759=CARTESIAN_POINT('',(-4.543132393664E1,5.772567962408E0,
-1.650240049375E2));
#13760=CARTESIAN_POINT('',(-4.545340098103E1,5.537213848156E0,
-1.647831594322E2));
#13761=CARTESIAN_POINT('',(-4.546029338364E1,5.272157281440E0,
-1.645300032542E2));
#13762=CARTESIAN_POINT('',(-4.545114710716E1,4.994324398970E0,
-1.642729594655E2));
#13763=CARTESIAN_POINT('',(-4.543428988037E1,4.781876589368E0,
-1.640970064795E2));
#13764=CARTESIAN_POINT('',(-4.542423047136E1,4.678446138836E0,
-1.640172594677E2));
#13765=CARTESIAN_POINT('',(-4.462923004846E1,7.659760974524E0,
-1.673486927156E2));
#13766=CARTESIAN_POINT('',(-4.465859458449E1,7.669720708857E0,
-1.673125213772E2));
#13767=CARTESIAN_POINT('',(-4.472674778590E1,7.685676121544E0,
-1.672292649298E2));
#13768=CARTESIAN_POINT('',(-4.484302945121E1,7.692947691896E0,
-1.670809371067E2));
#13769=CARTESIAN_POINT('',(-4.496083450408E1,7.679737603348E0,
-1.669191739464E2));
#13770=CARTESIAN_POINT('',(-4.507390853062E1,7.646825249681E0,
-1.667491649984E2));
#13771=CARTESIAN_POINT('',(-4.518127302746E1,7.595218471361E0,
-1.665704567764E2));
#13772=CARTESIAN_POINT('',(-4.528147381110E1,7.525981576560E0,
-1.663838287149E2));
#13773=CARTESIAN_POINT('',(-4.536977855570E1,7.442804295094E0,
-1.661975458221E2));
#13774=CARTESIAN_POINT('',(-4.544742656187E1,7.348791915802E0,
-1.660116368580E2));
#13775=CARTESIAN_POINT('',(-4.551441415587E1,7.244863257810E0,
-1.658273846279E2));
#13776=CARTESIAN_POINT('',(-4.557365177400E1,7.128265305998E0,
-1.656377262349E2));
#13777=CARTESIAN_POINT('',(-4.562639418913E1,6.992900239532E0,
-1.654349029241E2));
#13778=CARTESIAN_POINT('',(-4.567186217318E1,6.833926571312E0,
-1.652133997890E2));
#13779=CARTESIAN_POINT('',(-4.570793991450E1,6.646046637819E0,
-1.649698371174E2));
#13780=CARTESIAN_POINT('',(-4.572977807473E1,6.432040155870E0,
-1.647130855768E2));
#13781=CARTESIAN_POINT('',(-4.573612070931E1,6.184928836072E0,
-1.644350794023E2));
#13782=CARTESIAN_POINT('',(-4.572163670661E1,5.913174351583E0,
-1.641539993810E2));
#13783=CARTESIAN_POINT('',(-4.568997312832E1,5.619647293807E0,
-1.638565154003E2));
#13784=CARTESIAN_POINT('',(-4.565558616180E1,5.379682528740E0,
-1.636333699416E2));
#13785=CARTESIAN_POINT('',(-4.563653874206E1,5.258634747564E0,
-1.635265807347E2));
#13786=CARTESIAN_POINT('',(-4.495779256179E1,8.259289157970E0,
-1.677389946589E2));
#13787=CARTESIAN_POINT('',(-4.499924831156E1,8.272556222768E0,
-1.676880403328E2));
#13788=CARTESIAN_POINT('',(-4.509305270923E1,8.292852680404E0,
-1.675736062413E2));
#13789=CARTESIAN_POINT('',(-4.524700812217E1,8.301375384031E0,
-1.673773564328E2));
#13790=CARTESIAN_POINT('',(-4.539724918854E1,8.285895108914E0,
-1.671704701096E2));
#13791=CARTESIAN_POINT('',(-4.553769260374E1,8.248841254889E0,
-1.669574896462E2));
#13792=CARTESIAN_POINT('',(-4.566818821935E1,8.191972194898E0,
-1.667368138112E2));
#13793=CARTESIAN_POINT('',(-4.578801738330E1,8.116517902920E0,
-1.665082028770E2));
#13794=CARTESIAN_POINT('',(-4.589133728915E1,8.027145088321E0,
-1.662824682819E2));
#13795=CARTESIAN_POINT('',(-4.598098857764E1,7.926552359390E0,
-1.660579011405E2));
#13796=CARTESIAN_POINT('',(-4.605679578417E1,7.816110466084E0,
-1.658366104679E2));
#13797=CARTESIAN_POINT('',(-4.612239970223E1,7.692798449779E0,
-1.656098049239E2));
#13798=CARTESIAN_POINT('',(-4.617901035203E1,7.550438728924E0,
-1.653685197196E2));
#13799=CARTESIAN_POINT('',(-4.622555797410E1,7.384129103164E0,
-1.651064031665E2));
#13800=CARTESIAN_POINT('',(-4.625981673852E1,7.187635183013E0,
-1.648185046728E2));
#13801=CARTESIAN_POINT('',(-4.627557097634E1,6.965732687138E0,
-1.645177642249E2));
#13802=CARTESIAN_POINT('',(-4.627192961611E1,6.709106587414E0,
-1.641921732951E2));
#13803=CARTESIAN_POINT('',(-4.624198886662E1,6.431931664087E0,
-1.638694228060E2));
#13804=CARTESIAN_POINT('',(-4.619269935678E1,6.125703746095E0,
-1.635205689237E2));
#13805=CARTESIAN_POINT('',(-4.614379623544E1,5.863288992915E0,
-1.632474743782E2));
#13806=CARTESIAN_POINT('',(-4.611719093187E1,5.727837523569E0,
-1.631137521586E2));
#13807=(BOUNDED_SURFACE()B_SPLINE_SURFACE(3,3,((#13723,#13724,#13725,#13726,
#13727,#13728,#13729,#13730,#13731,#13732,#13733,#13734,#13735,#13736,#13737,
#13738,#13739,#13740,#13741,#13742,#13743),(#13744,#13745,#13746,#13747,#13748,
#13749,#13750,#13751,#13752,#13753,#13754,#13755,#13756,#13757,#13758,#13759,
#13760,#13761,#13762,#13763,#13764),(#13765,#13766,#13767,#13768,#13769,#13770,
#13771,#13772,#13773,#13774,#13775,#13776,#13777,#13778,#13779,#13780,#13781,
#13782,#13783,#13784,#13785),(#13786,#13787,#13788,#13789,#13790,#13791,#13792,
#13793,#13794,#13795,#13796,#13797,#13798,#13799,#13800,#13801,#13802,#13803,
#13804,#13805,#13806)),.UNSPECIFIED.,.F.,.F.,.F.)B_SPLINE_SURFACE_WITH_KNOTS((4,
4),(4,1,1,1,1,1,1,1,1,1,1,1,1,1,1,1,1,1,4),(0.E0,1.E0),(-4.712988589510E-2,0.E0,
4.644710124334E-2,9.176535131498E-2,1.379113580717E-1,1.864403335653E-1,
2.374578170691E-1,2.888848564200E-1,3.395548561507E-1,3.899743398837E-1,
4.421103746456E-1,4.991414162070E-1,5.638850657492E-1,6.359908191741E-1,
7.143916518203E-1,8.006036435709E-1,8.954147094439E-1,1.E0,1.084503357828E0),
.UNSPECIFIED.)GEOMETRIC_REPRESENTATION_ITEM()RATIONAL_B_SPLINE_SURFACE(((
1.037786827889E0,1.037786827889E0,1.037786827889E0,1.037786827889E0,
1.037786827889E0,1.037786827889E0,1.037786827889E0,1.037786827889E0,
1.037786827889E0,1.037786827889E0,1.037786827889E0,1.037786827889E0,
1.037786827889E0,1.037786827889E0,1.037786827889E0,1.037786827889E0,
1.037786827889E0,1.037786827889E0,1.037786827889E0,1.037786827889E0,
1.037786827889E0),(9.874043907035E-1,9.874043907035E-1,9.874043907035E-1,
9.874043907035E-1,9.874043907035E-1,9.874043907035E-1,9.874043907035E-1,
9.874043907035E-1,9.874043907035E-1,9.874043907035E-1,9.874043907035E-1,
9.874043907035E-1,9.874043907035E-1,9.874043907035E-1,9.874043907035E-1,
9.874043907035E-1,9.874043907035E-1,9.874043907035E-1,9.874043907035E-1,
9.874043907035E-1,9.874043907035E-1),(9.874043907035E-1,9.874043907035E-1,
9.874043907035E-1,9.874043907035E-1,9.874043907035E-1,9.874043907035E-1,
9.874043907035E-1,9.874043907035E-1,9.874043907035E-1,9.874043907035E-1,
9.874043907035E-1,9.874043907035E-1,9.874043907035E-1,9.874043907035E-1,
9.874043907035E-1,9.874043907035E-1,9.874043907035E-1,9.874043907035E-1,
9.874043907035E-1,9.874043907035E-1,9.874043907035E-1),(1.037786827889E0,
1.037786827889E0,1.037786827889E0,1.037786827889E0,1.037786827889E0,
1.037786827889E0,1.037786827889E0,1.037786827889E0,1.037786827889E0,
1.037786827889E0,1.037786827889E0,1.037786827889E0,1.037786827889E0,
1.037786827889E0,1.037786827889E0,1.037786827889E0,1.037786827889E0,
1.037786827889E0,1.037786827889E0,1.037786827889E0,1.037786827889E0)))REPRESENTATION_ITEM('')SURFACE());
#13808=ORIENTED_EDGE('',*,*,#12837,.F.);
#13809=ORIENTED_EDGE('',*,*,#13576,.T.);
#13811=ORIENTED_EDGE('',*,*,#13810,.T.);
#13812=EDGE_LOOP('',(#13808,#13809,#13811));
#13813=FACE_OUTER_BOUND('',#13812,.F.);
#13814=ADVANCED_FACE('',(#13813),#13807,.F.);
#13815=CARTESIAN_POINT('',(-4.545811534074E1,4.278595098433E0,
-1.649295628720E2));
#13816=CARTESIAN_POINT('',(-4.545366265452E1,4.327958441269E0,
-1.649618591487E2));
#13817=CARTESIAN_POINT('',(-4.544012070144E1,4.460659723382E0,
-1.650511497057E2));
#13818=CARTESIAN_POINT('',(-4.541067133413E1,4.678700675135E0,
-1.652067805011E2));
#13819=CARTESIAN_POINT('',(-4.536161588190E1,4.967037907594E0,
-1.654150781298E2));
#13820=CARTESIAN_POINT('',(-4.528920447837E1,5.292910077833E0,
-1.656581509884E2));
#13821=CARTESIAN_POINT('',(-4.518921540278E1,5.640872635825E0,
-1.659278970454E2));
#13822=CARTESIAN_POINT('',(-4.505687957809E1,5.999672855445E0,
-1.662187506758E2));
#13823=CARTESIAN_POINT('',(-4.489276136714E1,6.347087644645E0,
-1.665159128459E2));
#13824=CARTESIAN_POINT('',(-4.470610606803E1,6.662008325015E0,
-1.668017310187E2));
#13825=CARTESIAN_POINT('',(-4.451720747541E1,6.924498072887E0,
-1.670553263408E2));
#13826=CARTESIAN_POINT('',(-4.434688274658E1,7.132093873149E0,
-1.672681312154E2));
#13827=CARTESIAN_POINT('',(-4.420140614677E1,7.295331396738E0,
-1.674463541605E2));
#13828=CARTESIAN_POINT('',(-4.407781679095E1,7.427028534264E0,
-1.676008458870E2));
#13829=CARTESIAN_POINT('',(-4.396812382145E1,7.539375891434E0,
-1.677442205304E2));
#13830=CARTESIAN_POINT('',(-4.390182241071E1,7.605060085295E0,
-1.678368407405E2));
#13831=CARTESIAN_POINT('',(-4.387005300418E1,7.636147425230E0,
-1.678833289042E2));
#13832=CARTESIAN_POINT('',(-4.569673496396E1,4.531399651572E0,
-1.638106281249E2));
#13833=CARTESIAN_POINT('',(-4.570480261865E1,4.570543499214E0,
-1.638433985581E2));
#13834=CARTESIAN_POINT('',(-4.572647146005E1,4.687513942650E0,
-1.639374088451E2));
#13835=CARTESIAN_POINT('',(-4.575990330905E1,4.917221178177E0,
-1.641131646735E2));
#13836=CARTESIAN_POINT('',(-4.579349770232E1,5.207018753961E0,
-1.643512316591E2));
#13837=CARTESIAN_POINT('',(-4.581679408158E1,5.536989110031E0,
-1.646387603547E2));
#13838=CARTESIAN_POINT('',(-4.582075990313E1,5.892467252037E0,
-1.649707417611E2));
#13839=CARTESIAN_POINT('',(-4.579673002034E1,6.256183812392E0,
-1.653433341452E2));
#13840=CARTESIAN_POINT('',(-4.573783666537E1,6.609863219348E0,
-1.657431258527E2));
#13841=CARTESIAN_POINT('',(-4.564429769920E1,6.927534089073E0,
-1.661464227348E2));
#13842=CARTESIAN_POINT('',(-4.552849463431E1,7.187618442229E0,
-1.665199999467E2));
#13843=CARTESIAN_POINT('',(-4.540989354904E1,7.386318296680E0,
-1.668414495572E2));
#13844=CARTESIAN_POINT('',(-4.529966934817E1,7.534552573812E0,
-1.671116876967E2));
#13845=CARTESIAN_POINT('',(-4.520019874552E1,7.646654071931E0,
-1.673427503713E2));
#13846=CARTESIAN_POINT('',(-4.510782911373E1,7.734681110376E0,
-1.675512185612E2));
#13847=CARTESIAN_POINT('',(-4.504974757073E1,7.781379181573E0,
-1.676807439661E2));
#13848=CARTESIAN_POINT('',(-4.502133969672E1,7.802370069670E0,
-1.677442012297E2));
#13849=CARTESIAN_POINT('',(-4.505432441165E1,4.748389636831E0,
-1.628550875089E2));
#13850=CARTESIAN_POINT('',(-4.507308434382E1,4.780095932075E0,
-1.628790821337E2));
#13851=CARTESIAN_POINT('',(-4.512525052027E1,4.888055969903E0,
-1.629514222612E2));
#13852=CARTESIAN_POINT('',(-4.521534399368E1,5.138321540025E0,
-1.630985634987E2));
#13853=CARTESIAN_POINT('',(-4.532769988706E1,5.443713392440E0,
-1.633010467891E2));
#13854=CARTESIAN_POINT('',(-4.544866600850E1,5.795932876333E0,
-1.635550050835E2));
#13855=CARTESIAN_POINT('',(-4.556755701093E1,6.183077779531E0,
-1.638617850359E2));
#13856=CARTESIAN_POINT('',(-4.567492849313E1,6.583330364512E0,
-1.642217894876E2));
#13857=CARTESIAN_POINT('',(-4.575842376772E1,6.985804176940E0,
-1.646299348776E2));
#13858=CARTESIAN_POINT('',(-4.580804768750E1,7.361253623172E0,
-1.650664346682E2));
#13859=CARTESIAN_POINT('',(-4.582218042248E1,7.685431744909E0,
-1.654971180156E2));
#13860=CARTESIAN_POINT('',(-4.581070923132E1,7.947269254903E0,
-1.658909087604E2));
#13861=CARTESIAN_POINT('',(-4.578567503645E1,8.152045579921E0,
-1.662398146720E2));
#13862=CARTESIAN_POINT('',(-4.575445530936E1,8.313251161914E0,
-1.665520144504E2));
#13863=CARTESIAN_POINT('',(-4.571977483043E1,8.442901037410E0,
-1.668437200136E2));
#13864=CARTESIAN_POINT('',(-4.569497084921E1,8.512770967723E0,
-1.670305543544E2));
#13865=CARTESIAN_POINT('',(-4.568210050999E1,8.544239821239E0,
-1.671233242399E2));
#13866=CARTESIAN_POINT('',(-4.390722982608E1,4.802444876045E0,
-1.626227295010E2));
#13867=CARTESIAN_POINT('',(-4.392859006930E1,4.833852735063E0,
-1.626338395219E2));
#13868=CARTESIAN_POINT('',(-4.398867373614E1,4.944801405099E0,
-1.626708147235E2));
#13869=CARTESIAN_POINT('',(-4.409601491847E1,5.212473582884E0,
-1.627573651553E2));
#13870=CARTESIAN_POINT('',(-4.423710277755E1,5.538457982957E0,
-1.628797578480E2));
#13871=CARTESIAN_POINT('',(-4.440048231458E1,5.918043234232E0,
-1.630417861956E2));
#13872=CARTESIAN_POINT('',(-4.457794166766E1,6.342454600626E0,
-1.632506917671E2));
#13873=CARTESIAN_POINT('',(-4.476283051002E1,6.789458837370E0,
-1.635111560430E2));
#13874=CARTESIAN_POINT('',(-4.494246204331E1,7.254671406151E0,
-1.638284853868E2));
#13875=CARTESIAN_POINT('',(-4.510142567161E1,7.709079143576E0,
-1.641944608820E2));
#13876=CARTESIAN_POINT('',(-4.522621362904E1,8.126301868539E0,
-1.645859198773E2));
#13877=CARTESIAN_POINT('',(-4.531451821500E1,8.486322430598E0,
-1.649733682362E2));
#13878=CARTESIAN_POINT('',(-4.537470440486E1,8.786061826269E0,
-1.653415082177E2));
#13879=CARTESIAN_POINT('',(-4.541588397117E1,9.036304358349E0,
-1.656918783566E2));
#13880=CARTESIAN_POINT('',(-4.544546217521E1,9.249136140673E0,
-1.660362018106E2));
#13881=CARTESIAN_POINT('',(-4.545949831240E1,9.370761041801E0,
-1.662671752877E2));
#13882=CARTESIAN_POINT('',(-4.546523908926E1,9.427143926359E0,
-1.663844289775E2));
#13883=(BOUNDED_SURFACE()B_SPLINE_SURFACE(3,3,((#13815,#13816,#13817,#13818,
#13819,#13820,#13821,#13822,#13823,#13824,#13825,#13826,#13827,#13828,#13829,
#13830,#13831),(#13832,#13833,#13834,#13835,#13836,#13837,#13838,#13839,#13840,
#13841,#13842,#13843,#13844,#13845,#13846,#13847,#13848),(#13849,#13850,#13851,
#13852,#13853,#13854,#13855,#13856,#13857,#13858,#13859,#13860,#13861,#13862,
#13863,#13864,#13865),(#13866,#13867,#13868,#13869,#13870,#13871,#13872,#13873,
#13874,#13875,#13876,#13877,#13878,#13879,#13880,#13881,#13882)),.UNSPECIFIED.,
.F.,.F.,.F.)B_SPLINE_SURFACE_WITH_KNOTS((4,4),(4,1,1,1,1,1,1,1,1,1,1,1,1,1,4),(
0.E0,1.E0),(-3.264583668666E-2,0.E0,5.919134498118E-2,1.318227566528E-1,
2.155704685865E-1,3.080811537604E-1,4.070060664642E-1,5.100696069980E-1,
6.132835954959E-1,7.093833269478E-1,7.939254587938E-1,8.686953148682E-1,
9.364410231866E-1,1.E0,1.064191527043E0),.UNSPECIFIED.)GEOMETRIC_REPRESENTATION_ITEM()RATIONAL_B_SPLINE_SURFACE(((1.171589302482E0,1.171589302482E0,
1.171589302482E0,1.171589302482E0,1.171589302482E0,1.171589302482E0,
1.171589302482E0,1.171589302482E0,1.171589302482E0,1.171589302482E0,
1.171589302482E0,1.171589302482E0,1.171589302482E0,1.171589302482E0,
1.171589302482E0,1.171589302482E0,1.171589302482E0),(9.428035658394E-1,
9.428035658394E-1,9.428035658394E-1,9.428035658394E-1,9.428035658394E-1,
9.428035658394E-1,9.428035658394E-1,9.428035658394E-1,9.428035658394E-1,
9.428035658394E-1,9.428035658394E-1,9.428035658394E-1,9.428035658394E-1,
9.428035658394E-1,9.428035658394E-1,9.428035658394E-1,9.428035658394E-1),(
9.428035658394E-1,9.428035658394E-1,9.428035658394E-1,9.428035658394E-1,
9.428035658394E-1,9.428035658394E-1,9.428035658394E-1,9.428035658394E-1,
9.428035658394E-1,9.428035658394E-1,9.428035658394E-1,9.428035658394E-1,
9.428035658394E-1,9.428035658394E-1,9.428035658394E-1,9.428035658394E-1,
9.428035658394E-1),(1.171589302482E0,1.171589302482E0,1.171589302482E0,
1.171589302482E0,1.171589302482E0,1.171589302482E0,1.171589302482E0,
1.171589302482E0,1.171589302482E0,1.171589302482E0,1.171589302482E0,
1.171589302482E0,1.171589302482E0,1.171589302482E0,1.171589302482E0,
1.171589302482E0,1.171589302482E0)))REPRESENTATION_ITEM('')SURFACE());
#13884=ORIENTED_EDGE('',*,*,#13810,.F.);
#13885=ORIENTED_EDGE('',*,*,#13534,.T.);
#13886=ORIENTED_EDGE('',*,*,#12810,.F.);
#13887=EDGE_LOOP('',(#13884,#13885,#13886));
#13888=FACE_OUTER_BOUND('',#13887,.F.);
#13889=ADVANCED_FACE('',(#13888),#13883,.T.);
#13890=CARTESIAN_POINT('',(-3.181553734683E1,4.992358758660E0,
-1.691435593550E2));
#13891=CARTESIAN_POINT('',(-3.222833101587E1,4.811200596848E0,
-1.692626147707E2));
#13892=CARTESIAN_POINT('',(-3.282395130201E1,4.698319198399E0,
-1.695829117622E2));
#13893=CARTESIAN_POINT('',(-3.347755903348E1,4.747929367771E0,
-1.701078730090E2));
#13894=CARTESIAN_POINT('',(-3.382571877438E1,4.832096536082E0,
-1.704452472616E2));
#13895=CARTESIAN_POINT('',(-3.411468729947E1,4.956422739460E0,
-1.707797323923E2));
#13896=CARTESIAN_POINT('',(-3.435191060955E1,5.111876299796E0,
-1.711077119963E2));
#13897=CARTESIAN_POINT('',(-3.454445636925E1,5.292915551577E0,
-1.714287845279E2));
#13898=CARTESIAN_POINT('',(-3.469788848964E1,5.496759921358E0,
-1.717442158943E2));
#13899=CARTESIAN_POINT('',(-3.481595250783E1,5.722633528883E0,
-1.720559542423E2));
#13900=CARTESIAN_POINT('',(-3.490055599502E1,5.971134488051E0,
-1.723659850104E2));
#13901=CARTESIAN_POINT('',(-3.495190598487E1,6.243604867077E0,
-1.726758008366E2));
#13902=CARTESIAN_POINT('',(-3.497211863294E1,6.602367542372E0,
-1.730492636195E2));
#13903=CARTESIAN_POINT('',(-3.494624547656E1,6.868149374840E0,
-1.732962286110E2));
#13904=CARTESIAN_POINT('',(-3.491992155476E1,7.033068077635E0,
-1.734420026434E2));
#13905=CARTESIAN_POINT('',(-3.248047341148E1,6.251683145898E0,
-1.685538991582E2));
#13906=CARTESIAN_POINT('',(-3.283760425972E1,6.095983322572E0,
-1.686579308609E2));
#13907=CARTESIAN_POINT('',(-3.335086925613E1,5.998737758340E0,
-1.689339689304E2));
#13908=CARTESIAN_POINT('',(-3.391413448332E1,6.041476735585E0,
-1.693863553456E2));
#13909=CARTESIAN_POINT('',(-3.421453151802E1,6.114075351493E0,
-1.696774245322E2));
#13910=CARTESIAN_POINT('',(-3.446439783671E1,6.221545809099E0,
-1.699666159488E2));
#13911=CARTESIAN_POINT('',(-3.467013399387E1,6.356323281388E0,
-1.702510197173E2));
#13912=CARTESIAN_POINT('',(-3.483774511266E1,6.513863374396E0,
-1.705304588057E2));
#13913=CARTESIAN_POINT('',(-3.497189701202E1,6.692020869288E0,
-1.708061813184E2));
#13914=CARTESIAN_POINT('',(-3.507564676126E1,6.890409672026E0,
-1.710800244842E2));
#13915=CARTESIAN_POINT('',(-3.515041311762E1,7.109866636439E0,
-1.713538569805E2));
#13916=CARTESIAN_POINT('',(-3.519607711171E1,7.351898337510E0,
-1.716290988591E2));
#13917=CARTESIAN_POINT('',(-3.521419876846E1,7.672495535478E0,
-1.719628754438E2));
#13918=CARTESIAN_POINT('',(-3.519100254299E1,7.911800679772E0,
-1.721853106059E2));
#13919=CARTESIAN_POINT('',(-3.516704656820E1,8.060867101319E0,
-1.723169545003E2));
#13920=CARTESIAN_POINT('',(-3.283212188008E1,7.680443990482E0,
-1.689597115472E2));
#13921=CARTESIAN_POINT('',(-3.303676208810E1,7.594488356893E0,
-1.690225851558E2));
#13922=CARTESIAN_POINT('',(-3.332441130224E1,7.540077818558E0,
-1.691773740459E2));
#13923=CARTESIAN_POINT('',(-3.364017943672E1,7.563992875784E0,
-1.694309386555E2));
#13924=CARTESIAN_POINT('',(-3.380972852762E1,7.604898955504E0,
-1.695951531650E2));
#13925=CARTESIAN_POINT('',(-3.395247270619E1,7.666192388166E0,
-1.697602605457E2));
#13926=CARTESIAN_POINT('',(-3.407194848276E1,7.744326847066E0,
-1.699252864785E2));
#13927=CARTESIAN_POINT('',(-3.417125010333E1,7.837490005615E0,
-1.700906689974E2));
#13928=CARTESIAN_POINT('',(-3.425258302577E1,7.945277225675E0,
-1.702576074338E2));
#13929=CARTESIAN_POINT('',(-3.431711823278E1,8.068370248956E0,
-1.704276351531E2));
#13930=CARTESIAN_POINT('',(-3.436493535521E1,8.208259967374E0,
-1.706023009605E2));
#13931=CARTESIAN_POINT('',(-3.439502232461E1,8.366903629131E0,
-1.707828260546E2));
#13932=CARTESIAN_POINT('',(-3.440741562261E1,8.582944895703E0,
-1.710078806288E2));
#13933=CARTESIAN_POINT('',(-3.439155296204E1,8.749716038430E0,
-1.711631152911E2));
#13934=CARTESIAN_POINT('',(-3.437408407777E1,8.855354468332E0,
-1.712560490779E2));
#13935=CARTESIAN_POINT('',(-3.270235723142E1,8.595541028548E0,
-1.701669748626E2));
#13936=CARTESIAN_POINT('',(-3.273058579058E1,8.590270265137E0,
-1.701822339603E2));
#13937=CARTESIAN_POINT('',(-3.275722716778E1,8.585414227563E0,
-1.701967534698E2));
#13938=CARTESIAN_POINT('',(-3.278667366214E1,8.587552480891E0,
-1.702203073554E2));
#13939=CARTESIAN_POINT('',(-3.280484886228E1,8.591794457444E0,
-1.702377676593E2));
#13940=CARTESIAN_POINT('',(-3.282366678978E1,8.599667135247E0,
-1.702593261026E2));
#13941=CARTESIAN_POINT('',(-3.284335063192E1,8.612273064833E0,
-1.702862475537E2));
#13942=CARTESIAN_POINT('',(-3.286362713202E1,8.630960562846E0,
-1.703196815973E2));
#13943=CARTESIAN_POINT('',(-3.288385543324E1,8.657338614479E0,
-1.703607711407E2));
#13944=CARTESIAN_POINT('',(-3.290302456373E1,8.693324307198E0,
-1.704106980192E2));
#13945=CARTESIAN_POINT('',(-3.291966496093E1,8.741165169108E0,
-1.704706409882E2));
#13946=CARTESIAN_POINT('',(-3.293173135801E1,8.803339818152E0,
-1.705415911988E2));
#13947=CARTESIAN_POINT('',(-3.293749769707E1,8.898423600201E0,
-1.706408686819E2));
#13948=CARTESIAN_POINT('',(-3.293011900820E1,8.981282426764E0,
-1.707183611893E2));
#13949=CARTESIAN_POINT('',(-3.292015483591E1,9.036680372388E0,
-1.707665124642E2));
#13950=(BOUNDED_SURFACE()B_SPLINE_SURFACE(3,3,((#13890,#13891,#13892,#13893,
#13894,#13895,#13896,#13897,#13898,#13899,#13900,#13901,#13902,#13903,#13904),(
#13905,#13906,#13907,#13908,#13909,#13910,#13911,#13912,#13913,#13914,#13915,
#13916,#13917,#13918,#13919),(#13920,#13921,#13922,#13923,#13924,#13925,#13926,
#13927,#13928,#13929,#13930,#13931,#13932,#13933,#13934),(#13935,#13936,#13937,
#13938,#13939,#13940,#13941,#13942,#13943,#13944,#13945,#13946,#13947,#13948,
#13949)),.UNSPECIFIED.,.F.,.F.,.F.)B_SPLINE_SURFACE_WITH_KNOTS((4,4),(4,1,1,1,1,
1,1,1,1,1,1,1,4),(0.E0,1.E0),(-2.771486706157E-1,0.E0,9.768608047001E-2,
1.903285156845E-1,2.801004604337E-1,3.691249175197E-1,4.594505436782E-1,
5.530265203157E-1,6.518696170487E-1,7.580267815400E-1,8.734567308789E-1,1.E0,
1.216493905821E0),.UNSPECIFIED.)GEOMETRIC_REPRESENTATION_ITEM()RATIONAL_B_SPLINE_SURFACE(((1.135752779458E0,1.135752779458E0,1.135752779458E0,1.135752779458E0,
1.135752779458E0,1.135752779458E0,1.135752779458E0,1.135752779458E0,
1.135752779458E0,1.135752779458E0,1.135752779458E0,1.135752779458E0,
1.135752779458E0,1.135752779458E0,1.135752779458E0),(9.547490735141E-1,
9.547490735141E-1,9.547490735141E-1,9.547490735141E-1,9.547490735141E-1,
9.547490735141E-1,9.547490735141E-1,9.547490735141E-1,9.547490735141E-1,
9.547490735141E-1,9.547490735141E-1,9.547490735141E-1,9.547490735141E-1,
9.547490735141E-1,9.547490735141E-1),(9.547490735141E-1,9.547490735141E-1,
9.547490735141E-1,9.547490735141E-1,9.547490735141E-1,9.547490735141E-1,
9.547490735141E-1,9.547490735141E-1,9.547490735141E-1,9.547490735141E-1,
9.547490735141E-1,9.547490735141E-1,9.547490735141E-1,9.547490735141E-1,
9.547490735141E-1),(1.135752779458E0,1.135752779458E0,1.135752779458E0,
1.135752779458E0,1.135752779458E0,1.135752779458E0,1.135752779458E0,
1.135752779458E0,1.135752779458E0,1.135752779458E0,1.135752779458E0,
1.135752779458E0,1.135752779458E0,1.135752779458E0,1.135752779458E0)))REPRESENTATION_ITEM('')SURFACE());
#13951=ORIENTED_EDGE('',*,*,#12979,.F.);
#13953=ORIENTED_EDGE('',*,*,#13952,.T.);
#13954=ORIENTED_EDGE('',*,*,#13279,.T.);
#13955=ORIENTED_EDGE('',*,*,#13299,.F.);
#13956=EDGE_LOOP('',(#13951,#13953,#13954,#13955));
#13957=FACE_OUTER_BOUND('',#13956,.F.);
#13958=ADVANCED_FACE('',(#13957),#13950,.F.);
#13959=CARTESIAN_POINT('',(-2.895058384184E1,6.356425121165E0,
-1.699105583679E2));
#13960=DIRECTION('',(-8.087360843032E-1,0.E0,-5.881716976750E-1));
#13961=DIRECTION('',(-5.881716976750E-1,0.E0,8.087360843032E-1));
#13962=AXIS2_PLACEMENT_3D('',#13959,#13960,#13961);
#13963=CYLINDRICAL_SURFACE('',#13962,3.E0);
#13964=ORIENTED_EDGE('',*,*,#12993,.F.);
#13965=ORIENTED_EDGE('',*,*,#13267,.T.);
#13966=ORIENTED_EDGE('',*,*,#13281,.T.);
#13967=ORIENTED_EDGE('',*,*,#13952,.F.);
#13968=EDGE_LOOP('',(#13964,#13965,#13966,#13967));
#13969=FACE_OUTER_BOUND('',#13968,.F.);
#13970=ADVANCED_FACE('',(#13969),#13963,.F.);
#13971=CARTESIAN_POINT('',(-3.6E1,6.818527839154E-1,-1.996006417988E2));
#13972=DIRECTION('',(7.071067811865E-1,0.E0,-7.071067811865E-1));
#13973=DIRECTION('',(-7.071067811865E-1,0.E0,-7.071067811865E-1));
#13974=AXIS2_PLACEMENT_3D('',#13971,#13972,#13973);
#13975=PLANE('',#13974);
#13976=ORIENTED_EDGE('',*,*,#5688,.F.);
#13977=ORIENTED_EDGE('',*,*,#12966,.T.);
#13978=ORIENTED_EDGE('',*,*,#12944,.T.);
#13979=ORIENTED_EDGE('',*,*,#5927,.F.);
#13980=EDGE_LOOP('',(#13976,#13977,#13978,#13979));
#13981=FACE_OUTER_BOUND('',#13980,.F.);
#13982=ADVANCED_FACE('',(#13981),#13975,.T.);
#13983=CLOSED_SHELL('',(#5708,#5744,#5769,#5854,#5877,#5938,#5953,#5968,#5983,
#5998,#6013,#6033,#6057,#6081,#6104,#6124,#6148,#6172,#6187,#6211,#6288,#6381,
#6399,#6442,#6483,#6500,#6526,#6541,#6563,#6577,#6592,#6608,#6622,#6636,#6661,
#6684,#6698,#6716,#6732,#6775,#6794,#6835,#6849,#6863,#6891,#6904,#6918,#6932,
#6947,#6961,#6995,#7028,#7052,#7070,#7084,#7098,#7120,#7133,#7146,#7159,#7172,
#7194,#7207,#7220,#7233,#7246,#7260,#7283,#7296,#7309,#7332,#7354,#7368,#7382,
#7399,#7496,#7556,#7571,#7612,#7654,#7671,#7684,#7753,#7765,#7778,#7791,#7804,
#7816,#7832,#7874,#7916,#7930,#8000,#8013,#8027,#8123,#8182,#8206,#8220,#8233,
#8247,#8270,#8288,#8302,#8316,#8338,#8351,#8365,#8379,#8394,#8407,#8428,#8442,
#8456,#8473,#8566,#8642,#8660,#8701,#8743,#8763,#8777,#8822,#8834,#8858,#8873,
#8886,#8909,#8923,#8936,#8950,#8963,#8976,#8988,#9001,#9013,#9029,#9071,#9113,
#9127,#9197,#9210,#9224,#9320,#9379,#9390,#9403,#9415,#9439,#9453,#9466,#9480,
#9500,#9560,#9655,#9668,#9680,#9693,#9706,#9731,#9746,#9765,#9779,#9793,#9810,
#9903,#9979,#9996,#10037,#10079,#10097,#10142,#10154,#10165,#10179,#10193,
#10206,#10219,#10234,#10247,#10260,#10274,#10287,#10302,#10328,#10340,#10353,
#10366,#10379,#10393,#10405,#10418,#10432,#10445,#10458,#10470,#10482,#10494,
#10506,#10519,#10587,#10601,#10615,#10632,#10677,#10689,#10700,#10715,#10739,
#10816,#10909,#10927,#10970,#10985,#10999,#11030,#11044,#11059,#11080,#11095,
#11120,#11134,#11147,#11163,#11178,#11193,#11215,#11230,#11249,#11319,#11332,
#11346,#11359,#11401,#11418,#11441,#11502,#11598,#11639,#11653,#11675,#11688,
#11701,#11714,#11727,#11741,#11764,#11782,#11796,#11810,#11832,#11845,#11859,
#11872,#11885,#11897,#11910,#11924,#11938,#11950,#11965,#11979,#11992,#12007,
#12033,#12046,#12060,#12072,#12084,#12097,#12111,#12124,#12137,#12149,#12162,
#12176,#12188,#12200,#12213,#12237,#12251,#12271,#12283,#12299,#12341,#12382,
#12395,#12439,#12531,#12606,#12619,#12631,#12648,#12688,#12705,#12716,#12761,
#12773,#12787,#12801,#12824,#12842,#12856,#12870,#12892,#12905,#12919,#12933,
#12948,#12970,#12984,#12998,#13015,#13112,#13172,#13188,#13229,#13271,#13289,
#13303,#13325,#13338,#13351,#13363,#13377,#13403,#13416,#13431,#13444,#13457,
#13470,#13483,#13495,#13508,#13520,#13538,#13580,#13622,#13636,#13682,#13695,
#13711,#13722,#13814,#13889,#13958,#13970,#13982));
#13984=MANIFOLD_SOLID_BREP('',#13983);
#13986=DIMENSIONAL_EXPONENTS(0.E0,0.E0,0.E0,0.E0,0.E0,0.E0,0.E0);
#13988=PLANE_ANGLE_MEASURE_WITH_UNIT(PLANE_ANGLE_MEASURE(1.745329251994E-2),
#13987);
#13989=(CONVERSION_BASED_UNIT('DEGREE',#13988)NAMED_UNIT(*)PLANE_ANGLE_UNIT());
#13991=UNCERTAINTY_MEASURE_WITH_UNIT(LENGTH_MEASURE(3.952900126005E-2),#13985,
'closure',
'Maximum model space distance between geometric entities at asserted connectivities');
#13992=(GEOMETRIC_REPRESENTATION_CONTEXT(3)GLOBAL_UNCERTAINTY_ASSIGNED_CONTEXT((
#13991))GLOBAL_UNIT_ASSIGNED_CONTEXT((#13985,#13989,#13990))REPRESENTATION_CONTEXT('ID1','3'));
#13994=APPLICATION_CONTEXT(
'CONFIGURATION CONTROLLED 3D DESIGNS OF MECHANICAL PARTS AND ASSEMBLIES');
#13995=APPLICATION_PROTOCOL_DEFINITION('international standard',
'config_control_design',1994,#13994);
#13996=DESIGN_CONTEXT('',#13994,'design');
#13997=MECHANICAL_CONTEXT('',#13994,'mechanical');
#13998=PRODUCT('000','000','NOT SPECIFIED',(#13997));
#13999=PRODUCT_DEFINITION_FORMATION_WITH_SPECIFIED_SOURCE('23','LAST_VERSION',
#13998,.MADE.);
#14003=PRODUCT_CATEGORY('part','');
#14004=PRODUCT_RELATED_PRODUCT_CATEGORY('detail','',(#13998));
#14005=PRODUCT_CATEGORY_RELATIONSHIP('','',#14003,#14004);
#14006=SECURITY_CLASSIFICATION_LEVEL('unclassified');
#14007=SECURITY_CLASSIFICATION('','',#14006);
#14008=CC_DESIGN_SECURITY_CLASSIFICATION(#14007,(#13999));
#14009=APPROVAL_STATUS('approved');
#14010=APPROVAL(#14009,'');
#14011=CC_DESIGN_APPROVAL(#14010,(#14007,#13999,#14000));
#14012=CALENDAR_DATE(124,21,6);
#14013=COORDINATED_UNIVERSAL_TIME_OFFSET(8,0,.AHEAD.);
#14014=LOCAL_TIME(16,52,5.5E1,#14013);
#14015=DATE_AND_TIME(#14012,#14014);
#14016=APPROVAL_DATE_TIME(#14015,#14010);
#14017=DATE_TIME_ROLE('creation_date');
#14018=CC_DESIGN_DATE_AND_TIME_ASSIGNMENT(#14015,#14017,(#14000));
#14019=DATE_TIME_ROLE('classification_date');
#14020=CC_DESIGN_DATE_AND_TIME_ASSIGNMENT(#14015,#14019,(#14007));
#14021=PERSON('UNSPECIFIED','UNSPECIFIED',$,$,$,$);
#14022=ORGANIZATION('UNSPECIFIED','UNSPECIFIED','UNSPECIFIED');
#14023=PERSON_AND_ORGANIZATION(#14021,#14022);
#14024=APPROVAL_ROLE('approver');
#14025=APPROVAL_PERSON_ORGANIZATION(#14023,#14010,#14024);
#14026=PERSON_AND_ORGANIZATION_ROLE('creator');
#14027=CC_DESIGN_PERSON_AND_ORGANIZATION_ASSIGNMENT(#14023,#14026,(#13999,
#14000));
#14028=PERSON_AND_ORGANIZATION_ROLE('design_supplier');
#14029=CC_DESIGN_PERSON_AND_ORGANIZATION_ASSIGNMENT(#14023,#14028,(#13999));
#14030=PERSON_AND_ORGANIZATION_ROLE('classification_officer');
#14031=CC_DESIGN_PERSON_AND_ORGANIZATION_ASSIGNMENT(#14023,#14030,(#14007));
#14032=PERSON_AND_ORGANIZATION_ROLE('design_owner');
#14033=CC_DESIGN_PERSON_AND_ORGANIZATION_ASSIGNMENT(#14023,#14032,(#13998));
#9=CIRCLE('',#8,4.E0);
#18=CIRCLE('',#17,4.E0);
#39=CIRCLE('',#38,4.E0);
#48=CIRCLE('',#47,4.E0);
#65=CIRCLE('',#64,4.E0);
#74=CIRCLE('',#73,4.E0);
#99=CIRCLE('',#98,4.E0);
#108=CIRCLE('',#107,4.E0);
#123=B_SPLINE_CURVE_WITH_KNOTS('',3,(#117,#118,#119,#120,#121,#122),
.UNSPECIFIED.,.F.,.F.,(4,1,1,4),(0.E0,2.5E-1,5.E-1,1.E0),.UNSPECIFIED.);
#128=B_SPLINE_CURVE_WITH_KNOTS('',3,(#124,#125,#126,#127),.UNSPECIFIED.,.F.,.F.,
(4,4),(0.E0,1.E0),.UNSPECIFIED.);
#149=B_SPLINE_CURVE_WITH_KNOTS('',3,(#137,#138,#139,#140,#141,#142,#143,#144,
#145,#146,#147,#148),.UNSPECIFIED.,.F.,.F.,(4,1,1,1,1,1,1,1,1,4),(0.E0,
1.111111111111E-1,2.222222222222E-1,3.333333333333E-1,4.444444444444E-1,
5.555555555556E-1,6.666666666667E-1,7.777777777778E-1,8.888888888889E-1,1.E0),
.UNSPECIFIED.);
#378=CIRCLE('',#377,3.E0);
#387=CIRCLE('',#386,3.E0);
#404=CIRCLE('',#403,1.13E1);
#413=CIRCLE('',#412,1.13E1);
#430=B_SPLINE_CURVE_WITH_KNOTS('',3,(#426,#427,#428,#429),.UNSPECIFIED.,.F.,.F.,
(4,4),(0.E0,1.E0),.UNSPECIFIED.);
#439=B_SPLINE_CURVE_WITH_KNOTS('',3,(#435,#436,#437,#438),.UNSPECIFIED.,.F.,.F.,
(4,4),(0.E0,1.E0),.UNSPECIFIED.);
#444=B_SPLINE_CURVE_WITH_KNOTS('',3,(#440,#441,#442,#443),.UNSPECIFIED.,.F.,.F.,
(4,4),(0.E0,1.E0),.UNSPECIFIED.);
#473=B_SPLINE_CURVE_WITH_KNOTS('',3,(#469,#470,#471,#472),.UNSPECIFIED.,.F.,.F.,
(4,4),(0.E0,1.E0),.UNSPECIFIED.);
#486=B_SPLINE_CURVE_WITH_KNOTS('',3,(#482,#483,#484,#485),.UNSPECIFIED.,.F.,.F.,
(4,4),(0.E0,1.E0),.UNSPECIFIED.);
#499=B_SPLINE_CURVE_WITH_KNOTS('',3,(#495,#496,#497,#498),.UNSPECIFIED.,.F.,.F.,
(4,4),(0.E0,1.E0),.UNSPECIFIED.);
#512=B_SPLINE_CURVE_WITH_KNOTS('',3,(#508,#509,#510,#511),.UNSPECIFIED.,.F.,.F.,
(4,4),(0.E0,1.E0),.UNSPECIFIED.);
#525=B_SPLINE_CURVE_WITH_KNOTS('',3,(#521,#522,#523,#524),.UNSPECIFIED.,.F.,.F.,
(4,4),(0.E0,1.E0),.UNSPECIFIED.);
#538=B_SPLINE_CURVE_WITH_KNOTS('',3,(#534,#535,#536,#537),.UNSPECIFIED.,.F.,.F.,
(4,4),(0.E0,1.E0),.UNSPECIFIED.);
#547=B_SPLINE_CURVE_WITH_KNOTS('',3,(#543,#544,#545,#546),.UNSPECIFIED.,.F.,.F.,
(4,4),(0.E0,1.E0),.UNSPECIFIED.);
#576=B_SPLINE_CURVE_WITH_KNOTS('',3,(#572,#573,#574,#575),.UNSPECIFIED.,.F.,.F.,
(4,4),(0.E0,1.E0),.UNSPECIFIED.);
#589=B_SPLINE_CURVE_WITH_KNOTS('',3,(#585,#586,#587,#588),.UNSPECIFIED.,.F.,.F.,
(4,4),(0.E0,1.E0),.UNSPECIFIED.);
#602=B_SPLINE_CURVE_WITH_KNOTS('',3,(#598,#599,#600,#601),.UNSPECIFIED.,.F.,.F.,
(4,4),(0.E0,1.E0),.UNSPECIFIED.);
#615=B_SPLINE_CURVE_WITH_KNOTS('',3,(#611,#612,#613,#614),.UNSPECIFIED.,.F.,.F.,
(4,4),(0.E0,1.E0),.UNSPECIFIED.);
#635=B_SPLINE_CURVE_WITH_KNOTS('',3,(#620,#621,#622,#623,#624,#625,#626,#627,
#628,#629,#630,#631,#632,#633,#634),.UNSPECIFIED.,.F.,.F.,(4,1,1,1,1,1,1,1,1,1,
1,1,4),(0.E0,8.333333333333E-2,1.666666666667E-1,2.5E-1,3.333333333333E-1,
4.166666666667E-1,5.E-1,5.833333333333E-1,6.666666666667E-1,7.5E-1,
8.333333333333E-1,9.166666666667E-1,1.E0),.UNSPECIFIED.);
#646=B_SPLINE_CURVE_WITH_KNOTS('',3,(#640,#641,#642,#643,#644,#645),
.UNSPECIFIED.,.F.,.F.,(4,1,1,4),(0.E0,5.E-1,7.5E-1,1.E0),.UNSPECIFIED.);
#655=B_SPLINE_CURVE_WITH_KNOTS('',3,(#651,#652,#653,#654),.UNSPECIFIED.,.F.,.F.,
(4,4),(0.E0,1.E0),.UNSPECIFIED.);
#684=B_SPLINE_CURVE_WITH_KNOTS('',3,(#664,#665,#666,#667,#668,#669,#670,#671,
#672,#673,#674,#675,#676,#677,#678,#679,#680,#681,#682,#683),.UNSPECIFIED.,.F.,
.F.,(4,1,1,1,1,1,1,1,1,1,1,1,1,1,1,1,1,4),(0.E0,5.882352941176E-2,
1.176470588235E-1,1.764705882353E-1,2.352941176471E-1,2.941176470588E-1,
3.529411764706E-1,4.117647058824E-1,4.705882352941E-1,5.294117647059E-1,
5.882352941176E-1,6.470588235294E-1,7.058823529412E-1,7.647058823529E-1,
8.235294117647E-1,8.823529411765E-1,9.411764705882E-1,1.E0),.UNSPECIFIED.);
#689=CIRCLE('',#688,3.000000004435E0);
#696=B_SPLINE_CURVE_WITH_KNOTS('',3,(#690,#691,#692,#693,#694,#695),
.UNSPECIFIED.,.F.,.F.,(4,1,1,4),(0.E0,3.333333333333E-1,6.666666666667E-1,1.E0),
.UNSPECIFIED.);
#701=CIRCLE('',#700,4.E0);
#721=B_SPLINE_CURVE_WITH_KNOTS('',3,(#702,#703,#704,#705,#706,#707,#708,#709,
#710,#711,#712,#713,#714,#715,#716,#717,#718,#719,#720),.UNSPECIFIED.,.F.,.F.,
(4,1,1,1,1,1,1,1,1,1,1,1,1,1,1,1,4),(0.E0,6.25E-2,1.25E-1,1.875E-1,2.5E-1,
3.125E-1,3.75E-1,4.375E-1,5.E-1,5.625E-1,6.25E-1,6.875E-1,7.5E-1,8.125E-1,
8.75E-1,9.375E-1,1.E0),.UNSPECIFIED.);
#728=B_SPLINE_CURVE_WITH_KNOTS('',3,(#722,#723,#724,#725,#726,#727),
.UNSPECIFIED.,.F.,.F.,(4,1,1,4),(0.E0,3.333333333333E-1,6.666666666667E-1,1.E0),
.UNSPECIFIED.);
#733=CIRCLE('',#732,3.E0);
#738=CIRCLE('',#737,3.E0);
#745=B_SPLINE_CURVE_WITH_KNOTS('',3,(#739,#740,#741,#742,#743,#744),
.UNSPECIFIED.,.F.,.F.,(4,1,1,4),(0.E0,3.333333333333E-1,6.666666666667E-1,1.E0),
.UNSPECIFIED.);
#750=CIRCLE('',#749,2.E0);
#755=B_SPLINE_CURVE_WITH_KNOTS('',3,(#751,#752,#753,#754),.UNSPECIFIED.,.F.,.F.,
(4,4),(0.E0,1.E0),.UNSPECIFIED.);
#761=B_SPLINE_CURVE_WITH_KNOTS('',3,(#756,#757,#758,#759,#760),.UNSPECIFIED.,
.F.,.F.,(4,1,4),(0.E0,5.E-1,1.E0),.UNSPECIFIED.);
#782=CIRCLE('',#781,1.33E1);
#791=CIRCLE('',#790,1.E0);
#808=CIRCLE('',#807,1.13E1);
#813=CIRCLE('',#812,1.13E1);
#850=B_SPLINE_CURVE_WITH_KNOTS('',3,(#846,#847,#848,#849),.UNSPECIFIED.,.F.,.F.,
(4,4),(0.E0,1.E0),.UNSPECIFIED.);
#855=B_SPLINE_CURVE_WITH_KNOTS('',3,(#851,#852,#853,#854),.UNSPECIFIED.,.F.,.F.,
(4,4),(0.E0,1.E0),.UNSPECIFIED.);
#869=B_SPLINE_CURVE_WITH_KNOTS('',3,(#864,#865,#866,#867,#868),.UNSPECIFIED.,
.F.,.F.,(4,1,4),(0.E0,5.E-1,1.E0),.UNSPECIFIED.);
#875=B_SPLINE_CURVE_WITH_KNOTS('',3,(#870,#871,#872,#873,#874),.UNSPECIFIED.,
.F.,.F.,(4,1,4),(0.E0,5.E-1,1.E0),.UNSPECIFIED.);
#888=CIRCLE('',#887,1.E0);
#897=CIRCLE('',#896,1.33E1);
#906=CIRCLE('',#905,3.E0);
#925=B_SPLINE_CURVE_WITH_KNOTS('',3,(#919,#920,#921,#922,#923,#924),
.UNSPECIFIED.,.F.,.F.,(4,1,1,4),(0.E0,3.333333333333E-1,6.666666666667E-1,1.E0),
.UNSPECIFIED.);
#943=B_SPLINE_CURVE_WITH_KNOTS('',3,(#930,#931,#932,#933,#934,#935,#936,#937,
#938,#939,#940,#941,#942),.UNSPECIFIED.,.F.,.F.,(4,1,1,1,1,1,1,1,1,1,4),(0.E0,
1.E-1,2.E-1,3.E-1,4.E-1,5.E-1,6.E-1,7.E-1,8.E-1,9.E-1,1.E0),.UNSPECIFIED.);
#950=B_SPLINE_CURVE_WITH_KNOTS('',3,(#944,#945,#946,#947,#948,#949),
.UNSPECIFIED.,.F.,.F.,(4,1,1,4),(0.E0,3.333333333333E-1,6.666666666667E-1,1.E0),
.UNSPECIFIED.);
#955=CIRCLE('',#954,3.000000002320E0);
#962=B_SPLINE_CURVE_WITH_KNOTS('',3,(#956,#957,#958,#959,#960,#961),
.UNSPECIFIED.,.F.,.F.,(4,1,1,4),(0.E0,3.333333333333E-1,6.666666666667E-1,1.E0),
.UNSPECIFIED.);
#969=B_SPLINE_CURVE_WITH_KNOTS('',3,(#963,#964,#965,#966,#967,#968),
.UNSPECIFIED.,.F.,.F.,(4,1,1,4),(0.E0,3.333333333333E-1,6.666666666667E-1,1.E0),
.UNSPECIFIED.);
#990=B_SPLINE_CURVE_WITH_KNOTS('',3,(#970,#971,#972,#973,#974,#975,#976,#977,
#978,#979,#980,#981,#982,#983,#984,#985,#986,#987,#988,#989),.UNSPECIFIED.,.F.,
.F.,(4,1,1,1,1,1,1,1,1,1,1,1,1,1,1,1,1,4),(0.E0,5.882352941176E-2,
1.176470588235E-1,1.764705882353E-1,2.352941176471E-1,2.941176470588E-1,
3.529411764706E-1,4.117647058824E-1,4.705882352941E-1,5.294117647059E-1,
5.882352941176E-1,6.470588235294E-1,7.058823529412E-1,7.647058823529E-1,
8.235294117647E-1,8.823529411765E-1,9.411764705882E-1,1.E0),.UNSPECIFIED.);
#995=CIRCLE('',#994,4.E0);
#1004=CIRCLE('',#1003,3.E0);
#1009=CIRCLE('',#1008,3.E0);
#1034=CIRCLE('',#1033,4.E0);
#1047=CIRCLE('',#1046,4.E0);
#1064=CIRCLE('',#1063,3.E0);
#1069=CIRCLE('',#1068,3.E0);
#1094=CIRCLE('',#1093,4.E0);
#1103=CIRCLE('',#1102,4.E0);
#1128=CIRCLE('',#1127,4.E0);
#1137=CIRCLE('',#1136,4.E0);
#1154=CIRCLE('',#1153,4.E0);
#1163=CIRCLE('',#1162,4.E0);
#1184=CIRCLE('',#1183,4.E0);
#1193=CIRCLE('',#1192,4.E0);
#1210=B_SPLINE_CURVE_WITH_KNOTS('',3,(#1198,#1199,#1200,#1201,#1202,#1203,#1204,
#1205,#1206,#1207,#1208,#1209),.UNSPECIFIED.,.F.,.F.,(4,1,1,1,1,1,1,1,1,4),
(0.E0,1.111111111111E-1,2.222222222222E-1,3.333333333333E-1,4.444444444444E-1,
5.555555555556E-1,6.666666666667E-1,7.777777777778E-1,8.888888888889E-1,1.E0),
.UNSPECIFIED.);
#1223=B_SPLINE_CURVE_WITH_KNOTS('',3,(#1219,#1220,#1221,#1222),.UNSPECIFIED.,
.F.,.F.,(4,4),(0.E0,1.E0),.UNSPECIFIED.);
#1230=B_SPLINE_CURVE_WITH_KNOTS('',3,(#1224,#1225,#1226,#1227,#1228,#1229),
.UNSPECIFIED.,.F.,.F.,(4,1,1,4),(0.E0,2.5E-1,5.E-1,1.E0),.UNSPECIFIED.);
#1241=B_SPLINE_CURVE_WITH_KNOTS('',3,(#1235,#1236,#1237,#1238,#1239,#1240),
.UNSPECIFIED.,.F.,.F.,(4,1,1,4),(0.E0,3.333333333333E-1,6.666666666667E-1,1.E0),
.UNSPECIFIED.);
#1248=B_SPLINE_CURVE_WITH_KNOTS('',3,(#1242,#1243,#1244,#1245,#1246,#1247),
.UNSPECIFIED.,.F.,.F.,(4,1,1,4),(0.E0,3.333333333333E-1,6.666666666667E-1,1.E0),
.UNSPECIFIED.);
#1269=B_SPLINE_CURVE_WITH_KNOTS('',3,(#1249,#1250,#1251,#1252,#1253,#1254,#1255,
#1256,#1257,#1258,#1259,#1260,#1261,#1262,#1263,#1264,#1265,#1266,#1267,#1268),
.UNSPECIFIED.,.F.,.F.,(4,1,1,1,1,1,1,1,1,1,1,1,1,1,1,1,1,4),(0.E0,
5.882352941176E-2,1.176470588235E-1,1.764705882353E-1,2.352941176471E-1,
2.941176470588E-1,3.529411764706E-1,4.117647058824E-1,4.705882352941E-1,
5.294117647059E-1,5.882352941176E-1,6.470588235294E-1,7.058823529412E-1,
7.647058823529E-1,8.235294117647E-1,8.823529411765E-1,9.411764705882E-1,1.E0),
.UNSPECIFIED.);
#1295=B_SPLINE_CURVE_WITH_KNOTS('',3,(#1282,#1283,#1284,#1285,#1286,#1287,#1288,
#1289,#1290,#1291,#1292,#1293,#1294),.UNSPECIFIED.,.F.,.F.,(4,1,1,1,1,1,1,1,1,1,
4),(0.E0,1.E-1,2.E-1,3.E-1,4.E-1,5.E-1,6.E-1,7.E-1,8.E-1,9.E-1,1.E0),
.UNSPECIFIED.);
#1304=CIRCLE('',#1303,1.E0);
#1313=CIRCLE('',#1312,1.33E1);
#1347=B_SPLINE_CURVE_WITH_KNOTS('',3,(#1342,#1343,#1344,#1345,#1346),
.UNSPECIFIED.,.F.,.F.,(4,1,4),(0.E0,5.E-1,1.E0),.UNSPECIFIED.);
#1353=B_SPLINE_CURVE_WITH_KNOTS('',3,(#1348,#1349,#1350,#1351,#1352),
.UNSPECIFIED.,.F.,.F.,(4,1,4),(0.E0,5.E-1,1.E0),.UNSPECIFIED.);
#1374=B_SPLINE_CURVE_WITH_KNOTS('',3,(#1366,#1367,#1368,#1369,#1370,#1371,#1372,
#1373),.UNSPECIFIED.,.F.,.F.,(4,1,1,1,1,4),(0.E0,2.E-1,4.E-1,6.E-1,8.E-1,1.E0),
.UNSPECIFIED.);
#1391=B_SPLINE_CURVE_WITH_KNOTS('',3,(#1383,#1384,#1385,#1386,#1387,#1388,#1389,
#1390),.UNSPECIFIED.,.F.,.F.,(4,1,1,1,1,4),(0.E0,2.E-1,4.E-1,6.E-1,8.E-1,1.E0),
.UNSPECIFIED.);
#1398=B_SPLINE_CURVE_WITH_KNOTS('',3,(#1392,#1393,#1394,#1395,#1396,#1397),
.UNSPECIFIED.,.F.,.F.,(4,1,1,4),(0.E0,2.5E-1,5.E-1,1.E0),.UNSPECIFIED.);
#1403=B_SPLINE_CURVE_WITH_KNOTS('',3,(#1399,#1400,#1401,#1402),.UNSPECIFIED.,
.F.,.F.,(4,4),(0.E0,1.E0),.UNSPECIFIED.);
#1424=B_SPLINE_CURVE_WITH_KNOTS('',3,(#1412,#1413,#1414,#1415,#1416,#1417,#1418,
#1419,#1420,#1421,#1422,#1423),.UNSPECIFIED.,.F.,.F.,(4,1,1,1,1,1,1,1,1,4),
(0.E0,1.111111111111E-1,2.222222222222E-1,3.333333333333E-1,4.444444444444E-1,
5.555555555556E-1,6.666666666667E-1,7.777777777778E-1,8.888888888889E-1,1.E0),
.UNSPECIFIED.);
#1446=B_SPLINE_CURVE_WITH_KNOTS('',3,(#1441,#1442,#1443,#1444,#1445),
.UNSPECIFIED.,.F.,.F.,(4,1,4),(0.E0,5.E-1,1.E0),.UNSPECIFIED.);
#1452=B_SPLINE_CURVE_WITH_KNOTS('',3,(#1447,#1448,#1449,#1450,#1451),
.UNSPECIFIED.,.F.,.F.,(4,1,4),(0.E0,5.E-1,1.E0),.UNSPECIFIED.);
#1473=CIRCLE('',#1472,1.33E1);
#1482=CIRCLE('',#1481,1.E0);
#1500=B_SPLINE_CURVE_WITH_KNOTS('',3,(#1487,#1488,#1489,#1490,#1491,#1492,#1493,
#1494,#1495,#1496,#1497,#1498,#1499),.UNSPECIFIED.,.F.,.F.,(4,1,1,1,1,1,1,1,1,1,
4),(0.E0,1.E-1,2.E-1,3.E-1,4.E-1,5.E-1,6.E-1,7.E-1,8.E-1,9.E-1,1.E0),
.UNSPECIFIED.);
#1533=B_SPLINE_CURVE_WITH_KNOTS('',3,(#1513,#1514,#1515,#1516,#1517,#1518,#1519,
#1520,#1521,#1522,#1523,#1524,#1525,#1526,#1527,#1528,#1529,#1530,#1531,#1532),
.UNSPECIFIED.,.F.,.F.,(4,1,1,1,1,1,1,1,1,1,1,1,1,1,1,1,1,4),(0.E0,
5.882352941176E-2,1.176470588235E-1,1.764705882353E-1,2.352941176471E-1,
2.941176470588E-1,3.529411764706E-1,4.117647058824E-1,4.705882352941E-1,
5.294117647059E-1,5.882352941176E-1,6.470588235294E-1,7.058823529412E-1,
7.647058823529E-1,8.235294117647E-1,8.823529411765E-1,9.411764705882E-1,1.E0),
.UNSPECIFIED.);
#1540=B_SPLINE_CURVE_WITH_KNOTS('',3,(#1534,#1535,#1536,#1537,#1538,#1539),
.UNSPECIFIED.,.F.,.F.,(4,1,1,4),(0.E0,3.333333333333E-1,6.666666666667E-1,1.E0),
.UNSPECIFIED.);
#1547=B_SPLINE_CURVE_WITH_KNOTS('',3,(#1541,#1542,#1543,#1544,#1545,#1546),
.UNSPECIFIED.,.F.,.F.,(4,1,1,4),(0.E0,3.333333333333E-1,6.666666666667E-1,1.E0),
.UNSPECIFIED.);
#1573=B_SPLINE_CURVE_WITH_KNOTS('',3,(#1552,#1553,#1554,#1555,#1556,#1557,#1558,
#1559,#1560,#1561,#1562,#1563,#1564,#1565,#1566,#1567,#1568,#1569,#1570,#1571,
#1572),.UNSPECIFIED.,.F.,.F.,(4,1,1,1,1,1,1,1,1,1,1,1,1,1,1,1,1,1,4),(0.E0,
5.555555555556E-2,1.111111111111E-1,1.666666666667E-1,2.222222222222E-1,
2.777777777778E-1,3.333333333333E-1,3.888888888889E-1,4.444444444444E-1,5.E-1,
5.555555555556E-1,6.111111111111E-1,6.666666666667E-1,7.222222222222E-1,
7.777777777778E-1,8.333333333333E-1,8.888888888889E-1,9.444444444444E-1,1.E0),
.UNSPECIFIED.);
#1578=CIRCLE('',#1577,2.000000414999E0);
#1585=B_SPLINE_CURVE_WITH_KNOTS('',3,(#1579,#1580,#1581,#1582,#1583,#1584),
.UNSPECIFIED.,.F.,.F.,(4,1,1,4),(0.E0,3.333333333333E-1,6.666666666667E-1,1.E0),
.UNSPECIFIED.);
#1590=CIRCLE('',#1589,3.000000002320E0);
#1595=CIRCLE('',#1594,3.E0);
#1613=B_SPLINE_CURVE_WITH_KNOTS('',3,(#1600,#1601,#1602,#1603,#1604,#1605,#1606,
#1607,#1608,#1609,#1610,#1611,#1612),.UNSPECIFIED.,.F.,.F.,(4,1,1,1,1,1,1,1,1,1,
4),(0.E0,1.E-1,2.E-1,3.E-1,4.E-1,5.E-1,6.E-1,7.E-1,8.E-1,9.E-1,1.E0),
.UNSPECIFIED.);
#1624=B_SPLINE_CURVE_WITH_KNOTS('',3,(#1618,#1619,#1620,#1621,#1622,#1623),
.UNSPECIFIED.,.F.,.F.,(4,1,1,4),(0.E0,3.333333333333E-1,6.666666666667E-1,1.E0),
.UNSPECIFIED.);
#1637=CIRCLE('',#1636,3.E0);
#1642=CIRCLE('',#1641,3.E0);
#1647=CIRCLE('',#1646,3.E0);
#1666=B_SPLINE_CURVE_WITH_KNOTS('',3,(#1660,#1661,#1662,#1663,#1664,#1665),
.UNSPECIFIED.,.F.,.F.,(4,1,1,4),(0.E0,3.333333333333E-1,6.666666666667E-1,1.E0),
.UNSPECIFIED.);
#1671=CIRCLE('',#1670,3.000000002320E0);
#1676=CIRCLE('',#1675,3.E0);
#1681=CIRCLE('',#1680,3.E0);
#1686=CIRCLE('',#1685,3.E0);
#1691=CIRCLE('',#1690,3.E0);
#1710=B_SPLINE_CURVE_WITH_KNOTS('',3,(#1704,#1705,#1706,#1707,#1708,#1709),
.UNSPECIFIED.,.F.,.F.,(4,1,1,4),(0.E0,3.333333333333E-1,6.666666666667E-1,1.E0),
.UNSPECIFIED.);
#1728=B_SPLINE_CURVE_WITH_KNOTS('',3,(#1715,#1716,#1717,#1718,#1719,#1720,#1721,
#1722,#1723,#1724,#1725,#1726,#1727),.UNSPECIFIED.,.F.,.F.,(4,1,1,1,1,1,1,1,1,1,
4),(0.E0,1.E-1,2.E-1,3.E-1,4.E-1,5.E-1,6.E-1,7.E-1,8.E-1,9.E-1,1.E0),
.UNSPECIFIED.);
#1750=B_SPLINE_CURVE_WITH_KNOTS('',3,(#1729,#1730,#1731,#1732,#1733,#1734,#1735,
#1736,#1737,#1738,#1739,#1740,#1741,#1742,#1743,#1744,#1745,#1746,#1747,#1748,
#1749),.UNSPECIFIED.,.F.,.F.,(4,1,1,1,1,1,1,1,1,1,1,1,1,1,1,1,1,1,4),(0.E0,
5.555555555556E-2,1.111111111111E-1,1.666666666667E-1,2.222222222222E-1,
2.777777777778E-1,3.333333333333E-1,3.888888888889E-1,4.444444444444E-1,5.E-1,
5.555555555556E-1,6.111111111111E-1,6.666666666667E-1,7.222222222222E-1,
7.777777777778E-1,8.333333333333E-1,8.888888888889E-1,9.444444444444E-1,1.E0),
.UNSPECIFIED.);
#1755=CIRCLE('',#1754,2.000000414999E0);
#1762=B_SPLINE_CURVE_WITH_KNOTS('',3,(#1756,#1757,#1758,#1759,#1760,#1761),
.UNSPECIFIED.,.F.,.F.,(4,1,1,4),(0.E0,5.E-1,7.5E-1,1.E0),.UNSPECIFIED.);
#1771=B_SPLINE_CURVE_WITH_KNOTS('',3,(#1767,#1768,#1769,#1770),.UNSPECIFIED.,
.F.,.F.,(4,4),(0.E0,1.E0),.UNSPECIFIED.);
#1795=B_SPLINE_CURVE_WITH_KNOTS('',3,(#1780,#1781,#1782,#1783,#1784,#1785,#1786,
#1787,#1788,#1789,#1790,#1791,#1792,#1793,#1794),.UNSPECIFIED.,.F.,.F.,(4,1,1,1,
1,1,1,1,1,1,1,1,4),(0.E0,8.333333333333E-2,1.666666666667E-1,2.5E-1,
3.333333333333E-1,4.166666666667E-1,5.E-1,5.833333333333E-1,6.666666666667E-1,
7.5E-1,8.333333333333E-1,9.166666666667E-1,1.E0),.UNSPECIFIED.);
#1816=B_SPLINE_CURVE_WITH_KNOTS('',3,(#1808,#1809,#1810,#1811,#1812,#1813,#1814,
#1815),.UNSPECIFIED.,.F.,.F.,(4,1,1,1,1,4),(0.E0,2.E-1,4.E-1,6.E-1,8.E-1,1.E0),
.UNSPECIFIED.);
#1825=B_SPLINE_CURVE_WITH_KNOTS('',3,(#1817,#1818,#1819,#1820,#1821,#1822,#1823,
#1824),.UNSPECIFIED.,.F.,.F.,(4,1,1,1,1,4),(0.E0,2.E-1,4.E-1,6.E-1,8.E-1,1.E0),
.UNSPECIFIED.);
#1842=B_SPLINE_CURVE_WITH_KNOTS('',3,(#1830,#1831,#1832,#1833,#1834,#1835,#1836,
#1837,#1838,#1839,#1840,#1841),.UNSPECIFIED.,.F.,.F.,(4,1,1,1,1,1,1,1,1,4),
(0.E0,1.111111111111E-1,2.222222222222E-1,3.333333333333E-1,4.444444444444E-1,
5.555555555556E-1,6.666666666667E-1,7.777777777778E-1,8.888888888889E-1,1.E0),
.UNSPECIFIED.);
#1855=B_SPLINE_CURVE_WITH_KNOTS('',3,(#1851,#1852,#1853,#1854),.UNSPECIFIED.,
.F.,.F.,(4,4),(0.E0,1.E0),.UNSPECIFIED.);
#1862=B_SPLINE_CURVE_WITH_KNOTS('',3,(#1856,#1857,#1858,#1859,#1860,#1861),
.UNSPECIFIED.,.F.,.F.,(4,1,1,4),(0.E0,2.5E-1,5.E-1,1.E0),.UNSPECIFIED.);
#1873=B_SPLINE_CURVE_WITH_KNOTS('',3,(#1867,#1868,#1869,#1870,#1871,#1872),
.UNSPECIFIED.,.F.,.F.,(4,1,1,4),(0.E0,3.333333333333E-1,6.666666666667E-1,1.E0),
.UNSPECIFIED.);
#1880=B_SPLINE_CURVE_WITH_KNOTS('',3,(#1874,#1875,#1876,#1877,#1878,#1879),
.UNSPECIFIED.,.F.,.F.,(4,1,1,4),(0.E0,3.333333333333E-1,6.666666666667E-1,1.E0),
.UNSPECIFIED.);
#1901=B_SPLINE_CURVE_WITH_KNOTS('',3,(#1881,#1882,#1883,#1884,#1885,#1886,#1887,
#1888,#1889,#1890,#1891,#1892,#1893,#1894,#1895,#1896,#1897,#1898,#1899,#1900),
.UNSPECIFIED.,.F.,.F.,(4,1,1,1,1,1,1,1,1,1,1,1,1,1,1,1,1,4),(0.E0,
5.882352941176E-2,1.176470588235E-1,1.764705882353E-1,2.352941176471E-1,
2.941176470588E-1,3.529411764706E-1,4.117647058824E-1,4.705882352941E-1,
5.294117647059E-1,5.882352941176E-1,6.470588235294E-1,7.058823529412E-1,
7.647058823529E-1,8.235294117647E-1,8.823529411765E-1,9.411764705882E-1,1.E0),
.UNSPECIFIED.);
#1927=B_SPLINE_CURVE_WITH_KNOTS('',3,(#1914,#1915,#1916,#1917,#1918,#1919,#1920,
#1921,#1922,#1923,#1924,#1925,#1926),.UNSPECIFIED.,.F.,.F.,(4,1,1,1,1,1,1,1,1,1,
4),(0.E0,1.E-1,2.E-1,3.E-1,4.E-1,5.E-1,6.E-1,7.E-1,8.E-1,9.E-1,1.E0),
.UNSPECIFIED.);
#1936=CIRCLE('',#1935,1.E0);
#1945=CIRCLE('',#1944,1.33E1);
#1962=CIRCLE('',#1961,3.E0);
#1967=CIRCLE('',#1966,3.E0);
#1988=CIRCLE('',#1987,1.33E1);
#1997=CIRCLE('',#1996,1.E0);
#2013=B_SPLINE_CURVE_WITH_KNOTS('',3,(#2006,#2007,#2008,#2009,#2010,#2011,
#2012),.UNSPECIFIED.,.F.,.F.,(4,1,1,1,4),(0.E0,2.5E-1,5.E-1,7.5E-1,1.E0),
.UNSPECIFIED.);
#2041=B_SPLINE_CURVE_WITH_KNOTS('',3,(#2022,#2023,#2024,#2025,#2026,#2027,#2028,
#2029,#2030,#2031,#2032,#2033,#2034,#2035,#2036,#2037,#2038,#2039,#2040),
.UNSPECIFIED.,.F.,.F.,(4,1,1,1,1,1,1,1,1,1,1,1,1,1,1,1,4),(0.E0,6.25E-2,1.25E-1,
1.875E-1,2.5E-1,3.125E-1,3.75E-1,4.375E-1,5.E-1,5.625E-1,6.25E-1,6.875E-1,
7.5E-1,8.125E-1,8.75E-1,9.375E-1,1.E0),.UNSPECIFIED.);
#2048=B_SPLINE_CURVE_WITH_KNOTS('',3,(#2042,#2043,#2044,#2045,#2046,#2047),
.UNSPECIFIED.,.F.,.F.,(4,1,1,4),(0.E0,3.333333333333E-1,6.666666666667E-1,1.E0),
.UNSPECIFIED.);
#2055=B_SPLINE_CURVE_WITH_KNOTS('',3,(#2049,#2050,#2051,#2052,#2053,#2054),
.UNSPECIFIED.,.F.,.F.,(4,1,1,4),(0.E0,3.333333333333E-1,6.666666666667E-1,1.E0),
.UNSPECIFIED.);
#2060=CIRCLE('',#2059,3.000000004435E0);
#2081=B_SPLINE_CURVE_WITH_KNOTS('',3,(#2061,#2062,#2063,#2064,#2065,#2066,#2067,
#2068,#2069,#2070,#2071,#2072,#2073,#2074,#2075,#2076,#2077,#2078,#2079,#2080),
.UNSPECIFIED.,.F.,.F.,(4,1,1,1,1,1,1,1,1,1,1,1,1,1,1,1,1,4),(0.E0,
5.882352941176E-2,1.176470588235E-1,1.764705882353E-1,2.352941176471E-1,
2.941176470588E-1,3.529411764706E-1,4.117647058824E-1,4.705882352941E-1,
5.294117647059E-1,5.882352941176E-1,6.470588235294E-1,7.058823529412E-1,
7.647058823529E-1,8.235294117647E-1,8.823529411765E-1,9.411764705882E-1,1.E0),
.UNSPECIFIED.);
#2088=B_SPLINE_CURVE_WITH_KNOTS('',3,(#2082,#2083,#2084,#2085,#2086,#2087),
.UNSPECIFIED.,.F.,.F.,(4,1,1,4),(0.E0,3.333333333333E-1,6.666666666667E-1,1.E0),
.UNSPECIFIED.);
#2093=CIRCLE('',#2092,2.E0);
#2098=B_SPLINE_CURVE_WITH_KNOTS('',3,(#2094,#2095,#2096,#2097),.UNSPECIFIED.,
.F.,.F.,(4,4),(0.E0,1.E0),.UNSPECIFIED.);
#2103=CIRCLE('',#2102,3.E0);
#2108=CIRCLE('',#2107,3.E0);
#2120=B_SPLINE_CURVE_WITH_KNOTS('',3,(#2113,#2114,#2115,#2116,#2117,#2118,
#2119),.UNSPECIFIED.,.F.,.F.,(4,1,1,1,4),(0.E0,2.5E-1,5.E-1,7.5E-1,1.E0),
.UNSPECIFIED.);
#2131=B_SPLINE_CURVE_WITH_KNOTS('',3,(#2125,#2126,#2127,#2128,#2129,#2130),
.UNSPECIFIED.,.F.,.F.,(4,1,1,4),(0.E0,3.333333333333E-1,6.666666666667E-1,1.E0),
.UNSPECIFIED.);
#2148=CIRCLE('',#2147,3.E0);
#2153=CIRCLE('',#2152,3.E0);
#2163=B_SPLINE_CURVE_WITH_KNOTS('',3,(#2158,#2159,#2160,#2161,#2162),
.UNSPECIFIED.,.F.,.F.,(4,1,4),(0.E0,5.E-1,1.E0),.UNSPECIFIED.);
#2192=B_SPLINE_CURVE_WITH_KNOTS('',3,(#2188,#2189,#2190,#2191),.UNSPECIFIED.,
.F.,.F.,(4,4),(0.E0,1.E0),.UNSPECIFIED.);
#2197=B_SPLINE_CURVE_WITH_KNOTS('',3,(#2193,#2194,#2195,#2196),.UNSPECIFIED.,
.F.,.F.,(4,4),(0.E0,1.E0),.UNSPECIFIED.);
#2211=B_SPLINE_CURVE_WITH_KNOTS('',3,(#2206,#2207,#2208,#2209,#2210),
.UNSPECIFIED.,.F.,.F.,(4,1,4),(0.E0,5.E-1,1.E0),.UNSPECIFIED.);
#2217=B_SPLINE_CURVE_WITH_KNOTS('',3,(#2212,#2213,#2214,#2215,#2216),
.UNSPECIFIED.,.F.,.F.,(4,1,4),(0.E0,5.E-1,1.E0),.UNSPECIFIED.);
#2254=CIRCLE('',#2253,1.13E1);
#2259=CIRCLE('',#2258,1.13E1);
#2278=B_SPLINE_CURVE_WITH_KNOTS('',3,(#2272,#2273,#2274,#2275,#2276,#2277),
.UNSPECIFIED.,.F.,.F.,(4,1,1,4),(0.E0,3.333333333333E-1,6.666666666667E-1,1.E0),
.UNSPECIFIED.);
#2283=CIRCLE('',#2282,3.000000002320E0);
#2288=CIRCLE('',#2287,3.E0);
#2293=CIRCLE('',#2292,3.E0);
#2298=CIRCLE('',#2297,3.E0);
#2303=CIRCLE('',#2302,3.E0);
#2322=B_SPLINE_CURVE_WITH_KNOTS('',3,(#2316,#2317,#2318,#2319,#2320,#2321),
.UNSPECIFIED.,.F.,.F.,(4,1,1,4),(0.E0,3.333333333333E-1,6.666666666667E-1,1.E0),
.UNSPECIFIED.);
#2340=B_SPLINE_CURVE_WITH_KNOTS('',3,(#2327,#2328,#2329,#2330,#2331,#2332,#2333,
#2334,#2335,#2336,#2337,#2338,#2339),.UNSPECIFIED.,.F.,.F.,(4,1,1,1,1,1,1,1,1,1,
4),(0.E0,1.E-1,2.E-1,3.E-1,4.E-1,5.E-1,6.E-1,7.E-1,8.E-1,9.E-1,1.E0),
.UNSPECIFIED.);
#2362=B_SPLINE_CURVE_WITH_KNOTS('',3,(#2341,#2342,#2343,#2344,#2345,#2346,#2347,
#2348,#2349,#2350,#2351,#2352,#2353,#2354,#2355,#2356,#2357,#2358,#2359,#2360,
#2361),.UNSPECIFIED.,.F.,.F.,(4,1,1,1,1,1,1,1,1,1,1,1,1,1,1,1,1,1,4),(0.E0,
5.555555555556E-2,1.111111111111E-1,1.666666666667E-1,2.222222222222E-1,
2.777777777778E-1,3.333333333333E-1,3.888888888889E-1,4.444444444444E-1,5.E-1,
5.555555555556E-1,6.111111111111E-1,6.666666666667E-1,7.222222222222E-1,
7.777777777778E-1,8.333333333333E-1,8.888888888889E-1,9.444444444444E-1,1.E0),
.UNSPECIFIED.);
#2367=CIRCLE('',#2366,2.000000414999E0);
#2372=B_SPLINE_CURVE_WITH_KNOTS('',3,(#2368,#2369,#2370,#2371),.UNSPECIFIED.,
.F.,.F.,(4,4),(0.E0,1.E0),.UNSPECIFIED.);
#2378=B_SPLINE_CURVE_WITH_KNOTS('',3,(#2373,#2374,#2375,#2376,#2377),
.UNSPECIFIED.,.F.,.F.,(4,1,4),(0.E0,5.E-1,1.E0),.UNSPECIFIED.);
#2393=B_SPLINE_CURVE_WITH_KNOTS('',3,(#2387,#2388,#2389,#2390,#2391,#2392),
.UNSPECIFIED.,.F.,.F.,(4,1,1,4),(0.E0,5.E-1,7.5E-1,1.E0),.UNSPECIFIED.);
#2402=B_SPLINE_CURVE_WITH_KNOTS('',3,(#2398,#2399,#2400,#2401),.UNSPECIFIED.,
.F.,.F.,(4,4),(0.E0,1.E0),.UNSPECIFIED.);
#2426=B_SPLINE_CURVE_WITH_KNOTS('',3,(#2411,#2412,#2413,#2414,#2415,#2416,#2417,
#2418,#2419,#2420,#2421,#2422,#2423,#2424,#2425),.UNSPECIFIED.,.F.,.F.,(4,1,1,1,
1,1,1,1,1,1,1,1,4),(0.E0,8.333333333333E-2,1.666666666667E-1,2.5E-1,
3.333333333333E-1,4.166666666667E-1,5.E-1,5.833333333333E-1,6.666666666667E-1,
7.5E-1,8.333333333333E-1,9.166666666667E-1,1.E0),.UNSPECIFIED.);
#2447=B_SPLINE_CURVE_WITH_KNOTS('',3,(#2439,#2440,#2441,#2442,#2443,#2444,#2445,
#2446),.UNSPECIFIED.,.F.,.F.,(4,1,1,1,1,4),(0.E0,2.E-1,4.E-1,6.E-1,8.E-1,1.E0),
.UNSPECIFIED.);
#2456=B_SPLINE_CURVE_WITH_KNOTS('',3,(#2448,#2449,#2450,#2451,#2452,#2453,#2454,
#2455),.UNSPECIFIED.,.F.,.F.,(4,1,1,1,1,4),(0.E0,2.E-1,4.E-1,6.E-1,8.E-1,1.E0),
.UNSPECIFIED.);
#2469=B_SPLINE_CURVE_WITH_KNOTS('',3,(#2457,#2458,#2459,#2460,#2461,#2462,#2463,
#2464,#2465,#2466,#2467,#2468),.UNSPECIFIED.,.F.,.F.,(4,1,1,1,1,1,1,1,1,4),
(0.E0,1.111111111111E-1,2.222222222222E-1,3.333333333333E-1,4.444444444444E-1,
5.555555555556E-1,6.666666666667E-1,7.777777777778E-1,8.888888888889E-1,1.E0),
.UNSPECIFIED.);
#2482=B_SPLINE_CURVE_WITH_KNOTS('',3,(#2478,#2479,#2480,#2481),.UNSPECIFIED.,
.F.,.F.,(4,4),(0.E0,1.E0),.UNSPECIFIED.);
#2489=B_SPLINE_CURVE_WITH_KNOTS('',3,(#2483,#2484,#2485,#2486,#2487,#2488),
.UNSPECIFIED.,.F.,.F.,(4,1,1,4),(0.E0,2.5E-1,5.E-1,1.E0),.UNSPECIFIED.);
#2515=B_SPLINE_CURVE_WITH_KNOTS('',3,(#2494,#2495,#2496,#2497,#2498,#2499,#2500,
#2501,#2502,#2503,#2504,#2505,#2506,#2507,#2508,#2509,#2510,#2511,#2512,#2513,
#2514),.UNSPECIFIED.,.F.,.F.,(4,1,1,1,1,1,1,1,1,1,1,1,1,1,1,1,1,1,4),(0.E0,
5.555555555556E-2,1.111111111111E-1,1.666666666667E-1,2.222222222222E-1,
2.777777777778E-1,3.333333333333E-1,3.888888888889E-1,4.444444444444E-1,5.E-1,
5.555555555556E-1,6.111111111111E-1,6.666666666667E-1,7.222222222222E-1,
7.777777777778E-1,8.333333333333E-1,8.888888888889E-1,9.444444444444E-1,1.E0),
.UNSPECIFIED.);
#2520=CIRCLE('',#2519,2.000000414999E0);
#2546=B_SPLINE_CURVE_WITH_KNOTS('',3,(#2541,#2542,#2543,#2544,#2545),
.UNSPECIFIED.,.F.,.F.,(4,1,4),(0.E0,5.E-1,1.E0),.UNSPECIFIED.);
#2571=CIRCLE('',#2570,1.33E1);
#2580=CIRCLE('',#2579,1.E0);
#2596=B_SPLINE_CURVE_WITH_KNOTS('',3,(#2589,#2590,#2591,#2592,#2593,#2594,
#2595),.UNSPECIFIED.,.F.,.F.,(4,1,1,1,4),(0.E0,2.5E-1,5.E-1,7.5E-1,1.E0),
.UNSPECIFIED.);
#2624=B_SPLINE_CURVE_WITH_KNOTS('',3,(#2605,#2606,#2607,#2608,#2609,#2610,#2611,
#2612,#2613,#2614,#2615,#2616,#2617,#2618,#2619,#2620,#2621,#2622,#2623),
.UNSPECIFIED.,.F.,.F.,(4,1,1,1,1,1,1,1,1,1,1,1,1,1,1,1,4),(0.E0,6.25E-2,1.25E-1,
1.875E-1,2.5E-1,3.125E-1,3.75E-1,4.375E-1,5.E-1,5.625E-1,6.25E-1,6.875E-1,
7.5E-1,8.125E-1,8.75E-1,9.375E-1,1.E0),.UNSPECIFIED.);
#2631=B_SPLINE_CURVE_WITH_KNOTS('',3,(#2625,#2626,#2627,#2628,#2629,#2630),
.UNSPECIFIED.,.F.,.F.,(4,1,1,4),(0.E0,3.333333333333E-1,6.666666666667E-1,1.E0),
.UNSPECIFIED.);
#2638=B_SPLINE_CURVE_WITH_KNOTS('',3,(#2632,#2633,#2634,#2635,#2636,#2637),
.UNSPECIFIED.,.F.,.F.,(4,1,1,4),(0.E0,3.333333333333E-1,6.666666666667E-1,1.E0),
.UNSPECIFIED.);
#2643=CIRCLE('',#2642,3.000000004435E0);
#2664=B_SPLINE_CURVE_WITH_KNOTS('',3,(#2644,#2645,#2646,#2647,#2648,#2649,#2650,
#2651,#2652,#2653,#2654,#2655,#2656,#2657,#2658,#2659,#2660,#2661,#2662,#2663),
.UNSPECIFIED.,.F.,.F.,(4,1,1,1,1,1,1,1,1,1,1,1,1,1,1,1,1,4),(0.E0,
5.882352941176E-2,1.176470588235E-1,1.764705882353E-1,2.352941176471E-1,
2.941176470588E-1,3.529411764706E-1,4.117647058824E-1,4.705882352941E-1,
5.294117647059E-1,5.882352941176E-1,6.470588235294E-1,7.058823529412E-1,
7.647058823529E-1,8.235294117647E-1,8.823529411765E-1,9.411764705882E-1,1.E0),
.UNSPECIFIED.);
#2671=B_SPLINE_CURVE_WITH_KNOTS('',3,(#2665,#2666,#2667,#2668,#2669,#2670),
.UNSPECIFIED.,.F.,.F.,(4,1,1,4),(0.E0,3.333333333333E-1,6.666666666667E-1,1.E0),
.UNSPECIFIED.);
#2676=CIRCLE('',#2675,2.E0);
#2681=B_SPLINE_CURVE_WITH_KNOTS('',3,(#2677,#2678,#2679,#2680),.UNSPECIFIED.,
.F.,.F.,(4,4),(0.E0,1.E0),.UNSPECIFIED.);
#2686=CIRCLE('',#2685,3.E0);
#2691=CIRCLE('',#2690,3.E0);
#2703=B_SPLINE_CURVE_WITH_KNOTS('',3,(#2696,#2697,#2698,#2699,#2700,#2701,
#2702),.UNSPECIFIED.,.F.,.F.,(4,1,1,1,4),(0.E0,2.5E-1,5.E-1,7.5E-1,1.E0),
.UNSPECIFIED.);
#2714=B_SPLINE_CURVE_WITH_KNOTS('',3,(#2708,#2709,#2710,#2711,#2712,#2713),
.UNSPECIFIED.,.F.,.F.,(4,1,1,4),(0.E0,3.333333333333E-1,6.666666666667E-1,1.E0),
.UNSPECIFIED.);
#2731=CIRCLE('',#2730,3.E0);
#2736=CIRCLE('',#2735,3.E0);
#2741=B_SPLINE_CURVE_WITH_KNOTS('',3,(#2737,#2738,#2739,#2740),.UNSPECIFIED.,
.F.,.F.,(4,4),(0.E0,1.E0),.UNSPECIFIED.);
#2747=B_SPLINE_CURVE_WITH_KNOTS('',3,(#2742,#2743,#2744,#2745,#2746),
.UNSPECIFIED.,.F.,.F.,(4,1,4),(0.E0,5.E-1,1.E0),.UNSPECIFIED.);
#2756=CIRCLE('',#2755,1.13E1);
#2761=CIRCLE('',#2760,1.13E1);
#2814=CIRCLE('',#2813,3.E0);
#2819=CIRCLE('',#2818,3.E0);
#2828=CIRCLE('',#2827,1.E0);
#2837=CIRCLE('',#2836,1.33E1);
#2846=CIRCLE('',#2845,3.2E0);
#2855=CIRCLE('',#2854,1.E0);
#2884=B_SPLINE_CURVE_WITH_KNOTS('',3,(#2880,#2881,#2882,#2883),.UNSPECIFIED.,
.F.,.F.,(4,4),(0.E0,1.E0),.UNSPECIFIED.);
#2889=CIRCLE('',#2888,5.2E0);
#2902=CIRCLE('',#2901,3.E0);
#2911=B_SPLINE_CURVE_WITH_KNOTS('',3,(#2903,#2904,#2905,#2906,#2907,#2908,#2909,
#2910),.UNSPECIFIED.,.F.,.F.,(4,1,1,1,1,4),(0.E0,2.E-1,4.E-1,6.E-1,8.E-1,1.E0),
.UNSPECIFIED.);
#2957=B_SPLINE_CURVE_WITH_KNOTS('',3,(#2944,#2945,#2946,#2947,#2948,#2949,#2950,
#2951,#2952,#2953,#2954,#2955,#2956),.UNSPECIFIED.,.F.,.F.,(4,1,1,1,1,1,1,1,1,1,
4),(0.E0,1.E-1,2.E-1,3.E-1,4.E-1,5.E-1,6.E-1,7.E-1,8.E-1,9.E-1,1.E0),
.UNSPECIFIED.);
#2966=CIRCLE('',#2965,3.E0);
#2983=CIRCLE('',#2982,3.E0);
#2995=B_SPLINE_CURVE_WITH_KNOTS('',3,(#2988,#2989,#2990,#2991,#2992,#2993,
#2994),.UNSPECIFIED.,.F.,.F.,(4,1,1,1,4),(0.E0,2.5E-1,5.E-1,7.5E-1,1.E0),
.UNSPECIFIED.);
#3006=B_SPLINE_CURVE_WITH_KNOTS('',3,(#3000,#3001,#3002,#3003,#3004,#3005),
.UNSPECIFIED.,.F.,.F.,(4,1,1,4),(0.E0,3.333333333333E-1,6.666666666667E-1,1.E0),
.UNSPECIFIED.);
#3023=CIRCLE('',#3022,3.E0);
#3031=B_SPLINE_CURVE_WITH_KNOTS('',3,(#3024,#3025,#3026,#3027,#3028,#3029,
#3030),.UNSPECIFIED.,.F.,.F.,(4,1,1,1,4),(0.E0,2.5E-1,5.E-1,7.5E-1,1.E0),
.UNSPECIFIED.);
#3040=B_SPLINE_CURVE_WITH_KNOTS('',3,(#3036,#3037,#3038,#3039),.UNSPECIFIED.,
.F.,.F.,(4,4),(0.E0,1.E0),.UNSPECIFIED.);
#3046=B_SPLINE_CURVE_WITH_KNOTS('',3,(#3041,#3042,#3043,#3044,#3045),
.UNSPECIFIED.,.F.,.F.,(4,1,4),(0.E0,5.E-1,1.E0),.UNSPECIFIED.);
#3062=B_SPLINE_CURVE_WITH_KNOTS('',3,(#3047,#3048,#3049,#3050,#3051,#3052,#3053,
#3054,#3055,#3056,#3057,#3058,#3059,#3060,#3061),.UNSPECIFIED.,.F.,.F.,(4,1,1,1,
1,1,1,1,1,1,1,1,4),(0.E0,8.333333333333E-2,1.666666666667E-1,2.5E-1,
3.333333333333E-1,4.166666666667E-1,5.E-1,5.833333333333E-1,6.666666666667E-1,
7.5E-1,8.333333333333E-1,9.166666666667E-1,1.E0),.UNSPECIFIED.);
#3075=B_SPLINE_CURVE_WITH_KNOTS('',3,(#3071,#3072,#3073,#3074),.UNSPECIFIED.,
.F.,.F.,(4,4),(0.E0,1.E0),.UNSPECIFIED.);
#3086=B_SPLINE_CURVE_WITH_KNOTS('',3,(#3080,#3081,#3082,#3083,#3084,#3085),
.UNSPECIFIED.,.F.,.F.,(4,1,1,4),(0.E0,5.E-1,7.5E-1,1.E0),.UNSPECIFIED.);
#3111=B_SPLINE_CURVE_WITH_KNOTS('',3,(#3091,#3092,#3093,#3094,#3095,#3096,#3097,
#3098,#3099,#3100,#3101,#3102,#3103,#3104,#3105,#3106,#3107,#3108,#3109,#3110),
.UNSPECIFIED.,.F.,.F.,(4,1,1,1,1,1,1,1,1,1,1,1,1,1,1,1,1,4),(0.E0,
5.882352941176E-2,1.176470588235E-1,1.764705882353E-1,2.352941176471E-1,
2.941176470588E-1,3.529411764706E-1,4.117647058824E-1,4.705882352941E-1,
5.294117647059E-1,5.882352941176E-1,6.470588235294E-1,7.058823529412E-1,
7.647058823529E-1,8.235294117647E-1,8.823529411765E-1,9.411764705882E-1,1.E0),
.UNSPECIFIED.);
#3116=CIRCLE('',#3115,3.000000004435E0);
#3123=B_SPLINE_CURVE_WITH_KNOTS('',3,(#3117,#3118,#3119,#3120,#3121,#3122),
.UNSPECIFIED.,.F.,.F.,(4,1,1,4),(0.E0,3.333333333333E-1,6.666666666667E-1,1.E0),
.UNSPECIFIED.);
#3130=B_SPLINE_CURVE_WITH_KNOTS('',3,(#3124,#3125,#3126,#3127,#3128,#3129),
.UNSPECIFIED.,.F.,.F.,(4,1,1,4),(0.E0,3.333333333333E-1,6.666666666667E-1,1.E0),
.UNSPECIFIED.);
#3150=B_SPLINE_CURVE_WITH_KNOTS('',3,(#3131,#3132,#3133,#3134,#3135,#3136,#3137,
#3138,#3139,#3140,#3141,#3142,#3143,#3144,#3145,#3146,#3147,#3148,#3149),
.UNSPECIFIED.,.F.,.F.,(4,1,1,1,1,1,1,1,1,1,1,1,1,1,1,1,4),(0.E0,6.25E-2,1.25E-1,
1.875E-1,2.5E-1,3.125E-1,3.75E-1,4.375E-1,5.E-1,5.625E-1,6.25E-1,6.875E-1,
7.5E-1,8.125E-1,8.75E-1,9.375E-1,1.E0),.UNSPECIFIED.);
#3155=CIRCLE('',#3154,4.E0);
#3160=CIRCLE('',#3159,3.E0);
#3165=CIRCLE('',#3164,3.E0);
#3190=CIRCLE('',#3189,4.E0);
#3203=CIRCLE('',#3202,4.E0);
#3236=CIRCLE('',#3235,1.E0);
#3245=CIRCLE('',#3244,1.33E1);
#3255=B_SPLINE_CURVE_WITH_KNOTS('',3,(#3250,#3251,#3252,#3253,#3254),
.UNSPECIFIED.,.F.,.F.,(4,1,4),(0.E0,5.E-1,1.E0),.UNSPECIFIED.);
#3320=CIRCLE('',#3319,1.33E1);
#3329=CIRCLE('',#3328,1.E0);
#3338=CIRCLE('',#3337,3.E0);
#3356=B_SPLINE_CURVE_WITH_KNOTS('',3,(#3343,#3344,#3345,#3346,#3347,#3348,#3349,
#3350,#3351,#3352,#3353,#3354,#3355),.UNSPECIFIED.,.F.,.F.,(4,1,1,1,1,1,1,1,1,1,
4),(0.E0,1.E-1,2.E-1,3.E-1,4.E-1,5.E-1,6.E-1,7.E-1,8.E-1,9.E-1,1.E0),
.UNSPECIFIED.);
#3367=B_SPLINE_CURVE_WITH_KNOTS('',3,(#3361,#3362,#3363,#3364,#3365,#3366),
.UNSPECIFIED.,.F.,.F.,(4,1,1,4),(0.E0,3.333333333333E-1,6.666666666667E-1,1.E0),
.UNSPECIFIED.);
#3380=CIRCLE('',#3379,3.E0);
#3394=B_SPLINE_CURVE_WITH_KNOTS('',3,(#3381,#3382,#3383,#3384,#3385,#3386,#3387,
#3388,#3389,#3390,#3391,#3392,#3393),.UNSPECIFIED.,.F.,.F.,(4,1,1,1,1,1,1,1,1,1,
4),(0.E0,1.E-1,2.E-1,3.E-1,4.E-1,5.E-1,6.E-1,7.E-1,8.E-1,9.E-1,1.E0),
.UNSPECIFIED.);
#3415=CIRCLE('',#3414,3.E0);
#3420=CIRCLE('',#3419,3.E0);
#3427=B_SPLINE_CURVE_WITH_KNOTS('',3,(#3421,#3422,#3423,#3424,#3425,#3426),
.UNSPECIFIED.,.F.,.F.,(4,1,1,4),(0.E0,3.333333333333E-1,6.666666666667E-1,1.E0),
.UNSPECIFIED.);
#3436=CIRCLE('',#3435,4.E0);
#3457=B_SPLINE_CURVE_WITH_KNOTS('',3,(#3437,#3438,#3439,#3440,#3441,#3442,#3443,
#3444,#3445,#3446,#3447,#3448,#3449,#3450,#3451,#3452,#3453,#3454,#3455,#3456),
.UNSPECIFIED.,.F.,.F.,(4,1,1,1,1,1,1,1,1,1,1,1,1,1,1,1,1,4),(0.E0,
5.882352941176E-2,1.176470588235E-1,1.764705882353E-1,2.352941176471E-1,
2.941176470588E-1,3.529411764706E-1,4.117647058824E-1,4.705882352941E-1,
5.294117647059E-1,5.882352941176E-1,6.470588235294E-1,7.058823529412E-1,
7.647058823529E-1,8.235294117647E-1,8.823529411765E-1,9.411764705882E-1,1.E0),
.UNSPECIFIED.);
#3464=B_SPLINE_CURVE_WITH_KNOTS('',3,(#3458,#3459,#3460,#3461,#3462,#3463),
.UNSPECIFIED.,.F.,.F.,(4,1,1,4),(0.E0,3.333333333333E-1,6.666666666667E-1,1.E0),
.UNSPECIFIED.);
#3477=B_SPLINE_CURVE_WITH_KNOTS('',3,(#3465,#3466,#3467,#3468,#3469,#3470,#3471,
#3472,#3473,#3474,#3475,#3476),.UNSPECIFIED.,.F.,.F.,(4,1,1,1,1,1,1,1,1,4),
(0.E0,1.111111111111E-1,2.222222222222E-1,3.333333333333E-1,4.444444444444E-1,
5.555555555556E-1,6.666666666667E-1,7.777777777778E-1,8.888888888889E-1,1.E0),
.UNSPECIFIED.);
#3488=B_SPLINE_CURVE_WITH_KNOTS('',3,(#3482,#3483,#3484,#3485,#3486,#3487),
.UNSPECIFIED.,.F.,.F.,(4,1,1,4),(0.E0,2.5E-1,5.E-1,1.E0),.UNSPECIFIED.);
#3493=B_SPLINE_CURVE_WITH_KNOTS('',3,(#3489,#3490,#3491,#3492),.UNSPECIFIED.,
.F.,.F.,(4,4),(0.E0,1.E0),.UNSPECIFIED.);
#3523=B_SPLINE_CURVE_WITH_KNOTS('',3,(#3502,#3503,#3504,#3505,#3506,#3507,#3508,
#3509,#3510,#3511,#3512,#3513,#3514,#3515,#3516,#3517,#3518,#3519,#3520,#3521,
#3522),.UNSPECIFIED.,.F.,.F.,(4,1,1,1,1,1,1,1,1,1,1,1,1,1,1,1,1,1,4),(0.E0,
5.555555555556E-2,1.111111111111E-1,1.666666666667E-1,2.222222222222E-1,
2.777777777778E-1,3.333333333333E-1,3.888888888889E-1,4.444444444444E-1,5.E-1,
5.555555555556E-1,6.111111111111E-1,6.666666666667E-1,7.222222222222E-1,
7.777777777778E-1,8.333333333333E-1,8.888888888889E-1,9.444444444444E-1,1.E0),
.UNSPECIFIED.);
#3528=CIRCLE('',#3527,2.000000414999E0);
#3533=CIRCLE('',#3532,3.000000002320E0);
#3540=B_SPLINE_CURVE_WITH_KNOTS('',3,(#3534,#3535,#3536,#3537,#3538,#3539),
.UNSPECIFIED.,.F.,.F.,(4,1,1,4),(0.E0,3.333333333333E-1,6.666666666667E-1,1.E0),
.UNSPECIFIED.);
#3546=B_SPLINE_CURVE_WITH_KNOTS('',3,(#3541,#3542,#3543,#3544,#3545),
.UNSPECIFIED.,.F.,.F.,(4,1,4),(0.E0,5.E-1,1.E0),.UNSPECIFIED.);
#3552=B_SPLINE_CURVE_WITH_KNOTS('',3,(#3547,#3548,#3549,#3550,#3551),
.UNSPECIFIED.,.F.,.F.,(4,1,4),(0.E0,5.E-1,1.E0),.UNSPECIFIED.);
#3581=B_SPLINE_CURVE_WITH_KNOTS('',3,(#3573,#3574,#3575,#3576,#3577,#3578,#3579,
#3580),.UNSPECIFIED.,.F.,.F.,(4,1,1,1,1,4),(0.E0,2.E-1,4.E-1,6.E-1,8.E-1,1.E0),
.UNSPECIFIED.);
#3594=B_SPLINE_CURVE_WITH_KNOTS('',3,(#3586,#3587,#3588,#3589,#3590,#3591,#3592,
#3593),.UNSPECIFIED.,.F.,.F.,(4,1,1,1,1,4),(0.E0,2.E-1,4.E-1,6.E-1,8.E-1,1.E0),
.UNSPECIFIED.);
#3618=B_SPLINE_CURVE_WITH_KNOTS('',3,(#3603,#3604,#3605,#3606,#3607,#3608,#3609,
#3610,#3611,#3612,#3613,#3614,#3615,#3616,#3617),.UNSPECIFIED.,.F.,.F.,(4,1,1,1,
1,1,1,1,1,1,1,1,4),(0.E0,8.333333333333E-2,1.666666666667E-1,2.5E-1,
3.333333333333E-1,4.166666666667E-1,5.E-1,5.833333333333E-1,6.666666666667E-1,
7.5E-1,8.333333333333E-1,9.166666666667E-1,1.E0),.UNSPECIFIED.);
#3631=B_SPLINE_CURVE_WITH_KNOTS('',3,(#3627,#3628,#3629,#3630),.UNSPECIFIED.,
.F.,.F.,(4,4),(0.E0,1.E0),.UNSPECIFIED.);
#3642=B_SPLINE_CURVE_WITH_KNOTS('',3,(#3636,#3637,#3638,#3639,#3640,#3641),
.UNSPECIFIED.,.F.,.F.,(4,1,1,4),(0.E0,5.E-1,7.5E-1,1.E0),.UNSPECIFIED.);
#3649=B_SPLINE_CURVE_WITH_KNOTS('',3,(#3643,#3644,#3645,#3646,#3647,#3648),
.UNSPECIFIED.,.F.,.F.,(4,1,1,4),(0.E0,3.333333333333E-1,6.666666666667E-1,1.E0),
.UNSPECIFIED.);
#3656=B_SPLINE_CURVE_WITH_KNOTS('',3,(#3650,#3651,#3652,#3653,#3654,#3655),
.UNSPECIFIED.,.F.,.F.,(4,1,1,4),(0.E0,3.333333333333E-1,6.666666666667E-1,1.E0),
.UNSPECIFIED.);
#3676=B_SPLINE_CURVE_WITH_KNOTS('',3,(#3657,#3658,#3659,#3660,#3661,#3662,#3663,
#3664,#3665,#3666,#3667,#3668,#3669,#3670,#3671,#3672,#3673,#3674,#3675),
.UNSPECIFIED.,.F.,.F.,(4,1,1,1,1,1,1,1,1,1,1,1,1,1,1,1,4),(0.E0,6.25E-2,1.25E-1,
1.875E-1,2.5E-1,3.125E-1,3.75E-1,4.375E-1,5.E-1,5.625E-1,6.25E-1,6.875E-1,
7.5E-1,8.125E-1,8.75E-1,9.375E-1,1.E0),.UNSPECIFIED.);
#3692=B_SPLINE_CURVE_WITH_KNOTS('',3,(#3685,#3686,#3687,#3688,#3689,#3690,
#3691),.UNSPECIFIED.,.F.,.F.,(4,1,1,1,4),(0.E0,2.5E-1,5.E-1,7.5E-1,1.E0),
.UNSPECIFIED.);
#3709=CIRCLE('',#3708,1.E0);
#3718=CIRCLE('',#3717,1.33E1);
#3739=CIRCLE('',#3738,3.E0);
#3744=CIRCLE('',#3743,3.E0);
#3765=CIRCLE('',#3764,1.13E1);
#3770=CIRCLE('',#3769,1.13E1);
#3807=CIRCLE('',#3806,1.13E1);
#3812=CIRCLE('',#3811,1.13E1);
#3821=CIRCLE('',#3820,1.E0);
#3830=CIRCLE('',#3829,3.2E0);
#3839=CIRCLE('',#3838,1.33E1);
#3848=CIRCLE('',#3847,1.E0);
#3869=CIRCLE('',#3868,3.E0);
#3874=CIRCLE('',#3873,3.E0);
#3895=CIRCLE('',#3894,3.E0);
#3904=B_SPLINE_CURVE_WITH_KNOTS('',3,(#3896,#3897,#3898,#3899,#3900,#3901,#3902,
#3903),.UNSPECIFIED.,.F.,.F.,(4,1,1,1,1,4),(0.E0,2.E-1,4.E-1,6.E-1,8.E-1,1.E0),
.UNSPECIFIED.);
#3925=B_SPLINE_CURVE_WITH_KNOTS('',3,(#3921,#3922,#3923,#3924),.UNSPECIFIED.,
.F.,.F.,(4,4),(0.E0,1.E0),.UNSPECIFIED.);
#3930=CIRCLE('',#3929,5.2E0);
#3943=B_SPLINE_CURVE_WITH_KNOTS('',3,(#3939,#3940,#3941,#3942),.UNSPECIFIED.,
.F.,.F.,(4,4),(0.E0,1.E0),.UNSPECIFIED.);
#3948=B_SPLINE_CURVE_WITH_KNOTS('',3,(#3944,#3945,#3946,#3947),.UNSPECIFIED.,
.F.,.F.,(4,4),(0.E0,1.E0),.UNSPECIFIED.);
#3954=B_SPLINE_CURVE_WITH_KNOTS('',3,(#3949,#3950,#3951,#3952,#3953),
.UNSPECIFIED.,.F.,.F.,(4,1,4),(0.E0,5.E-1,1.E0),.UNSPECIFIED.);
#3985=B_SPLINE_CURVE_WITH_KNOTS('',3,(#3979,#3980,#3981,#3982,#3983,#3984),
.UNSPECIFIED.,.F.,.F.,(4,1,1,4),(0.E0,3.333333333333E-1,6.666666666667E-1,1.E0),
.UNSPECIFIED.);
#3997=B_SPLINE_CURVE_WITH_KNOTS('',3,(#3990,#3991,#3992,#3993,#3994,#3995,
#3996),.UNSPECIFIED.,.F.,.F.,(4,1,1,1,4),(0.E0,2.5E-1,5.E-1,7.5E-1,1.E0),
.UNSPECIFIED.);
#4002=B_SPLINE_CURVE_WITH_KNOTS('',3,(#3998,#3999,#4000,#4001),.UNSPECIFIED.,
.F.,.F.,(4,4),(0.E0,1.E0),.UNSPECIFIED.);
#4008=B_SPLINE_CURVE_WITH_KNOTS('',3,(#4003,#4004,#4005,#4006,#4007),
.UNSPECIFIED.,.F.,.F.,(4,1,4),(0.E0,5.E-1,1.E0),.UNSPECIFIED.);
#4015=B_SPLINE_CURVE_WITH_KNOTS('',3,(#4009,#4010,#4011,#4012,#4013,#4014),
.UNSPECIFIED.,.F.,.F.,(4,1,1,4),(0.E0,3.333333333333E-1,6.666666666667E-1,1.E0),
.UNSPECIFIED.);
#4020=B_SPLINE_CURVE_WITH_KNOTS('',3,(#4016,#4017,#4018,#4019),.UNSPECIFIED.,
.F.,.F.,(4,4),(0.E0,1.E0),.UNSPECIFIED.);
#4025=CIRCLE('',#4024,2.E0);
#4030=CIRCLE('',#4029,3.E0);
#4035=CIRCLE('',#4034,3.E0);
#4040=CIRCLE('',#4039,3.E0);
#4045=CIRCLE('',#4044,3.E0);
#4050=CIRCLE('',#4049,3.000000004435E0);
#4071=B_SPLINE_CURVE_WITH_KNOTS('',3,(#4051,#4052,#4053,#4054,#4055,#4056,#4057,
#4058,#4059,#4060,#4061,#4062,#4063,#4064,#4065,#4066,#4067,#4068,#4069,#4070),
.UNSPECIFIED.,.F.,.F.,(4,1,1,1,1,1,1,1,1,1,1,1,1,1,1,1,1,4),(0.E0,
5.882352941176E-2,1.176470588235E-1,1.764705882353E-1,2.352941176471E-1,
2.941176470588E-1,3.529411764706E-1,4.117647058824E-1,4.705882352941E-1,
5.294117647059E-1,5.882352941176E-1,6.470588235294E-1,7.058823529412E-1,
7.647058823529E-1,8.235294117647E-1,8.823529411765E-1,9.411764705882E-1,1.E0),
.UNSPECIFIED.);
#4086=B_SPLINE_CURVE_WITH_KNOTS('',3,(#4080,#4081,#4082,#4083,#4084,#4085),
.UNSPECIFIED.,.F.,.F.,(4,1,1,4),(0.E0,3.333333333333E-1,6.666666666667E-1,1.E0),
.UNSPECIFIED.);
#4091=B_SPLINE_CURVE_WITH_KNOTS('',3,(#4087,#4088,#4089,#4090),.UNSPECIFIED.,
.F.,.F.,(4,4),(0.E0,1.E0),.UNSPECIFIED.);
#4096=CIRCLE('',#4095,2.E0);
#4101=CIRCLE('',#4100,3.E0);
#4124=B_SPLINE_CURVE_WITH_KNOTS('',3,(#4118,#4119,#4120,#4121,#4122,#4123),
.UNSPECIFIED.,.F.,.F.,(4,1,1,4),(0.E0,3.333333333333E-1,6.666666666667E-1,1.E0),
.UNSPECIFIED.);
#4136=B_SPLINE_CURVE_WITH_KNOTS('',3,(#4129,#4130,#4131,#4132,#4133,#4134,
#4135),.UNSPECIFIED.,.F.,.F.,(4,1,1,1,4),(0.E0,2.5E-1,5.E-1,7.5E-1,1.E0),
.UNSPECIFIED.);
#4141=B_SPLINE_CURVE_WITH_KNOTS('',3,(#4137,#4138,#4139,#4140),.UNSPECIFIED.,
.F.,.F.,(4,4),(0.E0,1.E0),.UNSPECIFIED.);
#4147=B_SPLINE_CURVE_WITH_KNOTS('',3,(#4142,#4143,#4144,#4145,#4146),
.UNSPECIFIED.,.F.,.F.,(4,1,4),(0.E0,5.E-1,1.E0),.UNSPECIFIED.);
#4152=CIRCLE('',#4151,3.E0);
#4160=B_SPLINE_CURVE_WITH_KNOTS('',3,(#4153,#4154,#4155,#4156,#4157,#4158,
#4159),.UNSPECIFIED.,.F.,.F.,(4,1,1,1,4),(0.E0,2.5E-1,5.E-1,7.5E-1,1.E0),
.UNSPECIFIED.);
#4177=B_SPLINE_CURVE_WITH_KNOTS('',3,(#4169,#4170,#4171,#4172,#4173,#4174,#4175,
#4176),.UNSPECIFIED.,.F.,.F.,(4,1,1,1,1,4),(0.E0,2.E-1,4.E-1,6.E-1,8.E-1,1.E0),
.UNSPECIFIED.);
#4201=B_SPLINE_CURVE_WITH_KNOTS('',3,(#4186,#4187,#4188,#4189,#4190,#4191,#4192,
#4193,#4194,#4195,#4196,#4197,#4198,#4199,#4200),.UNSPECIFIED.,.F.,.F.,(4,1,1,1,
1,1,1,1,1,1,1,1,4),(0.E0,8.333333333333E-2,1.666666666667E-1,2.5E-1,
3.333333333333E-1,4.166666666667E-1,5.E-1,5.833333333333E-1,6.666666666667E-1,
7.5E-1,8.333333333333E-1,9.166666666667E-1,1.E0),.UNSPECIFIED.);
#4214=B_SPLINE_CURVE_WITH_KNOTS('',3,(#4210,#4211,#4212,#4213),.UNSPECIFIED.,
.F.,.F.,(4,4),(0.E0,1.E0),.UNSPECIFIED.);
#4225=B_SPLINE_CURVE_WITH_KNOTS('',3,(#4219,#4220,#4221,#4222,#4223,#4224),
.UNSPECIFIED.,.F.,.F.,(4,1,1,4),(0.E0,5.E-1,7.5E-1,1.E0),.UNSPECIFIED.);
#4232=B_SPLINE_CURVE_WITH_KNOTS('',3,(#4226,#4227,#4228,#4229,#4230,#4231),
.UNSPECIFIED.,.F.,.F.,(4,1,1,4),(0.E0,3.333333333333E-1,6.666666666667E-1,1.E0),
.UNSPECIFIED.);
#4239=B_SPLINE_CURVE_WITH_KNOTS('',3,(#4233,#4234,#4235,#4236,#4237,#4238),
.UNSPECIFIED.,.F.,.F.,(4,1,1,4),(0.E0,3.333333333333E-1,6.666666666667E-1,1.E0),
.UNSPECIFIED.);
#4259=B_SPLINE_CURVE_WITH_KNOTS('',3,(#4240,#4241,#4242,#4243,#4244,#4245,#4246,
#4247,#4248,#4249,#4250,#4251,#4252,#4253,#4254,#4255,#4256,#4257,#4258),
.UNSPECIFIED.,.F.,.F.,(4,1,1,1,1,1,1,1,1,1,1,1,1,1,1,1,4),(0.E0,6.25E-2,1.25E-1,
1.875E-1,2.5E-1,3.125E-1,3.75E-1,4.375E-1,5.E-1,5.625E-1,6.25E-1,6.875E-1,
7.5E-1,8.125E-1,8.75E-1,9.375E-1,1.E0),.UNSPECIFIED.);
#4275=B_SPLINE_CURVE_WITH_KNOTS('',3,(#4268,#4269,#4270,#4271,#4272,#4273,
#4274),.UNSPECIFIED.,.F.,.F.,(4,1,1,1,4),(0.E0,2.5E-1,5.E-1,7.5E-1,1.E0),
.UNSPECIFIED.);
#4292=CIRCLE('',#4291,1.E0);
#4301=CIRCLE('',#4300,1.33E1);
#4318=CIRCLE('',#4317,3.E0);
#4323=CIRCLE('',#4322,3.E0);
#4340=CIRCLE('',#4339,1.33E1);
#4349=CIRCLE('',#4348,1.E0);
#4367=B_SPLINE_CURVE_WITH_KNOTS('',3,(#4354,#4355,#4356,#4357,#4358,#4359,#4360,
#4361,#4362,#4363,#4364,#4365,#4366),.UNSPECIFIED.,.F.,.F.,(4,1,1,1,1,1,1,1,1,1,
4),(0.E0,1.E-1,2.E-1,3.E-1,4.E-1,5.E-1,6.E-1,7.E-1,8.E-1,9.E-1,1.E0),
.UNSPECIFIED.);
#4400=B_SPLINE_CURVE_WITH_KNOTS('',3,(#4380,#4381,#4382,#4383,#4384,#4385,#4386,
#4387,#4388,#4389,#4390,#4391,#4392,#4393,#4394,#4395,#4396,#4397,#4398,#4399),
.UNSPECIFIED.,.F.,.F.,(4,1,1,1,1,1,1,1,1,1,1,1,1,1,1,1,1,4),(0.E0,
5.882352941176E-2,1.176470588235E-1,1.764705882353E-1,2.352941176471E-1,
2.941176470588E-1,3.529411764706E-1,4.117647058824E-1,4.705882352941E-1,
5.294117647059E-1,5.882352941176E-1,6.470588235294E-1,7.058823529412E-1,
7.647058823529E-1,8.235294117647E-1,8.823529411765E-1,9.411764705882E-1,1.E0),
.UNSPECIFIED.);
#4407=B_SPLINE_CURVE_WITH_KNOTS('',3,(#4401,#4402,#4403,#4404,#4405,#4406),
.UNSPECIFIED.,.F.,.F.,(4,1,1,4),(0.E0,3.333333333333E-1,6.666666666667E-1,1.E0),
.UNSPECIFIED.);
#4414=B_SPLINE_CURVE_WITH_KNOTS('',3,(#4408,#4409,#4410,#4411,#4412,#4413),
.UNSPECIFIED.,.F.,.F.,(4,1,1,4),(0.E0,3.333333333333E-1,6.666666666667E-1,1.E0),
.UNSPECIFIED.);
#4440=B_SPLINE_CURVE_WITH_KNOTS('',3,(#4419,#4420,#4421,#4422,#4423,#4424,#4425,
#4426,#4427,#4428,#4429,#4430,#4431,#4432,#4433,#4434,#4435,#4436,#4437,#4438,
#4439),.UNSPECIFIED.,.F.,.F.,(4,1,1,1,1,1,1,1,1,1,1,1,1,1,1,1,1,1,4),(0.E0,
5.555555555556E-2,1.111111111111E-1,1.666666666667E-1,2.222222222222E-1,
2.777777777778E-1,3.333333333333E-1,3.888888888889E-1,4.444444444444E-1,5.E-1,
5.555555555556E-1,6.111111111111E-1,6.666666666667E-1,7.222222222222E-1,
7.777777777778E-1,8.333333333333E-1,8.888888888889E-1,9.444444444444E-1,1.E0),
.UNSPECIFIED.);
#4445=CIRCLE('',#4444,2.000000414999E0);
#4452=B_SPLINE_CURVE_WITH_KNOTS('',3,(#4446,#4447,#4448,#4449,#4450,#4451),
.UNSPECIFIED.,.F.,.F.,(4,1,1,4),(0.E0,3.333333333333E-1,6.666666666667E-1,1.E0),
.UNSPECIFIED.);
#4457=CIRCLE('',#4456,3.000000002320E0);
#4462=CIRCLE('',#4461,3.E0);
#4480=B_SPLINE_CURVE_WITH_KNOTS('',3,(#4467,#4468,#4469,#4470,#4471,#4472,#4473,
#4474,#4475,#4476,#4477,#4478,#4479),.UNSPECIFIED.,.F.,.F.,(4,1,1,1,1,1,1,1,1,1,
4),(0.E0,1.E-1,2.E-1,3.E-1,4.E-1,5.E-1,6.E-1,7.E-1,8.E-1,9.E-1,1.E0),
.UNSPECIFIED.);
#4491=B_SPLINE_CURVE_WITH_KNOTS('',3,(#4485,#4486,#4487,#4488,#4489,#4490),
.UNSPECIFIED.,.F.,.F.,(4,1,1,4),(0.E0,3.333333333333E-1,6.666666666667E-1,1.E0),
.UNSPECIFIED.);
#4504=CIRCLE('',#4503,3.E0);
#4510=B_SPLINE_CURVE_WITH_KNOTS('',3,(#4505,#4506,#4507,#4508,#4509),
.UNSPECIFIED.,.F.,.F.,(4,1,4),(0.E0,5.E-1,1.E0),.UNSPECIFIED.);
#4516=B_SPLINE_CURVE_WITH_KNOTS('',3,(#4511,#4512,#4513,#4514,#4515),
.UNSPECIFIED.,.F.,.F.,(4,1,4),(0.E0,5.E-1,1.E0),.UNSPECIFIED.);
#4545=B_SPLINE_CURVE_WITH_KNOTS('',3,(#4537,#4538,#4539,#4540,#4541,#4542,#4543,
#4544),.UNSPECIFIED.,.F.,.F.,(4,1,1,1,1,4),(0.E0,2.E-1,4.E-1,6.E-1,8.E-1,1.E0),
.UNSPECIFIED.);
#4554=B_SPLINE_CURVE_WITH_KNOTS('',3,(#4550,#4551,#4552,#4553),.UNSPECIFIED.,
.F.,.F.,(4,4),(0.E0,1.E0),.UNSPECIFIED.);
#4559=B_SPLINE_CURVE_WITH_KNOTS('',3,(#4555,#4556,#4557,#4558),.UNSPECIFIED.,
.F.,.F.,(4,4),(0.E0,1.E0),.UNSPECIFIED.);
#4569=B_SPLINE_CURVE_WITH_KNOTS('',3,(#4564,#4565,#4566,#4567,#4568),
.UNSPECIFIED.,.F.,.F.,(4,1,4),(0.E0,5.E-1,1.E0),.UNSPECIFIED.);
#4594=CIRCLE('',#4593,1.13E1);
#4599=CIRCLE('',#4598,1.13E1);
#4646=B_SPLINE_CURVE_WITH_KNOTS('',3,(#4640,#4641,#4642,#4643,#4644,#4645),
.UNSPECIFIED.,.F.,.F.,(4,1,1,4),(0.E0,3.333333333333E-1,6.666666666667E-1,1.E0),
.UNSPECIFIED.);
#4651=B_SPLINE_CURVE_WITH_KNOTS('',3,(#4647,#4648,#4649,#4650),.UNSPECIFIED.,
.F.,.F.,(4,4),(0.E0,1.E0),.UNSPECIFIED.);
#4656=CIRCLE('',#4655,2.E0);
#4661=CIRCLE('',#4660,3.E0);
#4666=CIRCLE('',#4665,3.E0);
#4671=CIRCLE('',#4670,3.E0);
#4676=CIRCLE('',#4675,3.E0);
#4699=B_SPLINE_CURVE_WITH_KNOTS('',3,(#4693,#4694,#4695,#4696,#4697,#4698),
.UNSPECIFIED.,.F.,.F.,(4,1,1,4),(0.E0,3.333333333333E-1,6.666666666667E-1,1.E0),
.UNSPECIFIED.);
#4711=B_SPLINE_CURVE_WITH_KNOTS('',3,(#4704,#4705,#4706,#4707,#4708,#4709,
#4710),.UNSPECIFIED.,.F.,.F.,(4,1,1,1,4),(0.E0,2.5E-1,5.E-1,7.5E-1,1.E0),
.UNSPECIFIED.);
#4716=B_SPLINE_CURVE_WITH_KNOTS('',3,(#4712,#4713,#4714,#4715),.UNSPECIFIED.,
.F.,.F.,(4,4),(0.E0,1.E0),.UNSPECIFIED.);
#4722=B_SPLINE_CURVE_WITH_KNOTS('',3,(#4717,#4718,#4719,#4720,#4721),
.UNSPECIFIED.,.F.,.F.,(4,1,4),(0.E0,5.E-1,1.E0),.UNSPECIFIED.);
#4727=CIRCLE('',#4726,3.000000004435E0);
#4748=B_SPLINE_CURVE_WITH_KNOTS('',3,(#4728,#4729,#4730,#4731,#4732,#4733,#4734,
#4735,#4736,#4737,#4738,#4739,#4740,#4741,#4742,#4743,#4744,#4745,#4746,#4747),
.UNSPECIFIED.,.F.,.F.,(4,1,1,1,1,1,1,1,1,1,1,1,1,1,1,1,1,4),(0.E0,
5.882352941176E-2,1.176470588235E-1,1.764705882353E-1,2.352941176471E-1,
2.941176470588E-1,3.529411764706E-1,4.117647058824E-1,4.705882352941E-1,
5.294117647059E-1,5.882352941176E-1,6.470588235294E-1,7.058823529412E-1,
7.647058823529E-1,8.235294117647E-1,8.823529411765E-1,9.411764705882E-1,1.E0),
.UNSPECIFIED.);
#4753=CIRCLE('',#4752,3.E0);
#4758=CIRCLE('',#4757,3.E0);
#5678=EDGE_CURVE('',#4829,#4830,#4,.T.);
#5680=EDGE_CURVE('',#4830,#4838,#9,.T.);
#5682=EDGE_CURVE('',#4837,#4838,#13,.T.);
#5684=EDGE_CURVE('',#4844,#4837,#18,.T.);
#5686=EDGE_CURVE('',#5141,#4844,#22,.T.);
#5688=EDGE_CURVE('',#5141,#5143,#26,.T.);
#5690=EDGE_CURVE('',#5143,#5171,#30,.T.);
#5692=EDGE_CURVE('',#5173,#5171,#3730,.T.);
#5694=EDGE_CURVE('',#4846,#5173,#34,.T.);
#5696=EDGE_CURVE('',#4846,#4841,#39,.T.);
#5698=EDGE_CURVE('',#4841,#4842,#43,.T.);
#5700=EDGE_CURVE('',#4834,#4842,#48,.T.);
#5702=EDGE_CURVE('',#4833,#4834,#52,.T.);
#5704=EDGE_CURVE('',#4833,#4829,#56,.T.);
#5714=EDGE_CURVE('',#4849,#4850,#60,.T.);
#5716=EDGE_CURVE('',#4850,#4858,#65,.T.);
#5718=EDGE_CURVE('',#4857,#4858,#69,.T.);
#5720=EDGE_CURVE('',#4864,#4857,#74,.T.);
#5722=EDGE_CURVE('',#5151,#4864,#78,.T.);
#5724=EDGE_CURVE('',#5151,#5153,#82,.T.);
#5726=EDGE_CURVE('',#5153,#5207,#86,.T.);
#5728=EDGE_CURVE('',#5207,#5161,#90,.T.);
#5730=EDGE_CURVE('',#5161,#4866,#94,.T.);
#5732=EDGE_CURVE('',#4866,#4861,#99,.T.);
#5734=EDGE_CURVE('',#4861,#4862,#103,.T.);
#5736=EDGE_CURVE('',#4854,#4862,#108,.T.);
#5738=EDGE_CURVE('',#4853,#4854,#112,.T.);
#5740=EDGE_CURVE('',#4853,#4849,#116,.T.);
#5751=EDGE_CURVE('',#4796,#4829,#237,.T.);
#5753=EDGE_CURVE('',#4795,#4796,#123,.T.);
#5755=EDGE_CURVE('',#5023,#4795,#4532,.T.);
#5757=EDGE_CURVE('',#5022,#5023,#128,.T.);
#5759=EDGE_CURVE('',#4809,#5022,#132,.T.);
#5761=EDGE_CURVE('',#4809,#4810,#136,.T.);
#5763=EDGE_CURVE('',#4810,#5049,#149,.T.);
#5765=EDGE_CURVE('',#4830,#5049,#153,.T.);
#5775=EDGE_CURVE('',#5215,#5672,#157,.T.);
#5777=EDGE_CURVE('',#5672,#5638,#2931,.T.);
#5779=EDGE_CURVE('',#5247,#5638,#161,.T.);
#5781=EDGE_CURVE('',#5247,#5242,#165,.T.);
#5783=EDGE_CURVE('',#5242,#5219,#169,.T.);
#5785=EDGE_CURVE('',#5218,#5219,#173,.T.);
#5787=EDGE_CURVE('',#5237,#5218,#177,.T.);
#5789=EDGE_CURVE('',#5237,#5239,#181,.T.);
#5791=EDGE_CURVE('',#5239,#5263,#2434,.T.);
#5793=EDGE_CURVE('',#5263,#5258,#185,.T.);
#5795=EDGE_CURVE('',#5258,#5290,#189,.T.);
#5797=EDGE_CURVE('',#5290,#5286,#1145,.T.);
#5799=EDGE_CURVE('',#5253,#5286,#193,.T.);
#5801=EDGE_CURVE('',#5253,#5255,#197,.T.);
#5803=EDGE_CURVE('',#5255,#5279,#1803,.T.);
#5805=EDGE_CURVE('',#5279,#5274,#201,.T.);
#5807=EDGE_CURVE('',#5274,#5310,#205,.T.);
#5809=EDGE_CURVE('',#5310,#5306,#1085,.T.);
#5811=EDGE_CURVE('',#5269,#5306,#209,.T.);
#5813=EDGE_CURVE('',#5269,#5271,#213,.T.);
#5815=EDGE_CURVE('',#4814,#5271,#1378,.T.);
#5817=EDGE_CURVE('',#4812,#4814,#217,.T.);
#5819=EDGE_CURVE('',#4812,#4849,#221,.T.);
#5822=EDGE_CURVE('',#4817,#4853,#225,.T.);
#5824=EDGE_CURVE('',#4822,#4817,#229,.T.);
#5826=EDGE_CURVE('',#4798,#4822,#4168,.T.);
#5828=EDGE_CURVE('',#4796,#4798,#233,.T.);
#5832=EDGE_CURVE('',#4801,#4833,#241,.T.);
#5834=EDGE_CURVE('',#4806,#4801,#245,.T.);
#5836=EDGE_CURVE('',#4782,#4806,#3585,.T.);
#5838=EDGE_CURVE('',#4780,#4782,#249,.T.);
#5840=EDGE_CURVE('',#4780,#4761,#253,.T.);
#5842=EDGE_CURVE('',#4761,#4762,#257,.T.);
#5844=EDGE_CURVE('',#4785,#4762,#261,.T.);
#5846=EDGE_CURVE('',#4790,#4785,#265,.T.);
#5848=EDGE_CURVE('',#4790,#5181,#269,.T.);
#5850=EDGE_CURVE('',#5215,#5181,#3882,.T.);
#5860=EDGE_CURVE('',#5667,#5210,#333,.T.);
#5862=EDGE_CURVE('',#5667,#5668,#273,.T.);
#5864=EDGE_CURVE('',#5671,#5668,#277,.T.);
#5866=EDGE_CURVE('',#5671,#5672,#281,.T.);
#5869=EDGE_CURVE('',#5214,#5215,#285,.T.);
#5871=EDGE_CURVE('',#5214,#5211,#289,.T.);
#5873=EDGE_CURVE('',#5210,#5211,#293,.T.);
#5883=EDGE_CURVE('',#5540,#5083,#382,.T.);
#5885=EDGE_CURVE('',#5610,#5540,#297,.T.);
#5887=EDGE_CURVE('',#5610,#5664,#1115,.T.);
#5889=EDGE_CURVE('',#5664,#5467,#301,.T.);
#5891=EDGE_CURVE('',#5467,#5458,#305,.T.);
#5893=EDGE_CURVE('',#5600,#5458,#309,.T.);
#5895=EDGE_CURVE('',#5600,#5628,#1171,.T.);
#5897=EDGE_CURVE('',#5628,#5354,#313,.T.);
#5899=EDGE_CURVE('',#5354,#5341,#317,.T.);
#5901=EDGE_CURVE('',#5345,#5341,#321,.T.);
#5903=EDGE_CURVE('',#5345,#5358,#1025,.T.);
#5905=EDGE_CURVE('',#5357,#5358,#325,.T.);
#5907=EDGE_CURVE('',#5357,#5382,#329,.T.);
#5909=EDGE_CURVE('',#5382,#5667,#2859,.T.);
#5912=EDGE_CURVE('',#4925,#5210,#3852,.T.);
#5914=EDGE_CURVE('',#4900,#4925,#337,.T.);
#5916=EDGE_CURVE('',#4900,#4901,#341,.T.);
#5918=EDGE_CURVE('',#4888,#4901,#3181,.T.);
#5920=EDGE_CURVE('',#4888,#4884,#345,.T.);
#5922=EDGE_CURVE('',#4897,#4884,#349,.T.);
#5924=EDGE_CURVE('',#5171,#4897,#353,.T.);
#5927=EDGE_CURVE('',#5143,#5001,#357,.T.);
#5929=EDGE_CURVE('',#5010,#5001,#361,.T.);
#5931=EDGE_CURVE('',#5207,#5010,#365,.T.);
#5934=EDGE_CURVE('',#5153,#5083,#369,.T.);
#5944=EDGE_CURVE('',#5079,#5536,#373,.T.);
#5946=EDGE_CURVE('',#5540,#5536,#378,.T.);
#5949=EDGE_CURVE('',#5083,#5079,#387,.T.);
#5959=EDGE_CURVE('',#5532,#5075,#408,.T.);
#5961=EDGE_CURVE('',#5536,#5532,#391,.T.);
#5964=EDGE_CURVE('',#5079,#5075,#395,.T.);
#5974=EDGE_CURVE('',#5068,#5525,#399,.T.);
#5976=EDGE_CURVE('',#5532,#5525,#404,.T.);
#5979=EDGE_CURVE('',#5075,#5068,#413,.T.);
#5989=EDGE_CURVE('',#5526,#5069,#434,.T.);
#5991=EDGE_CURVE('',#5525,#5526,#417,.T.);
#5994=EDGE_CURVE('',#5068,#5069,#421,.T.);
#6004=EDGE_CURVE('',#5084,#5541,#425,.T.);
#6006=EDGE_CURVE('',#5541,#5526,#430,.T.);
#6009=EDGE_CURVE('',#5084,#5069,#439,.T.);
#6019=EDGE_CURVE('',#5401,#5402,#444,.T.);
#6021=EDGE_CURVE('',#5402,#5245,#448,.T.);
#6023=EDGE_CURVE('',#5245,#5637,#452,.T.);
#6025=EDGE_CURVE('',#5642,#5637,#456,.T.);
#6027=EDGE_CURVE('',#5642,#5384,#460,.T.);
#6029=EDGE_CURVE('',#5384,#5401,#464,.T.);
#6039=EDGE_CURVE('',#5261,#5241,#2438,.T.);
#6041=EDGE_CURVE('',#5241,#5393,#468,.T.);
#6043=EDGE_CURVE('',#5393,#5394,#473,.T.);
#6045=EDGE_CURVE('',#5394,#5346,#477,.T.);
#6047=EDGE_CURVE('',#5346,#5487,#845,.T.);
#6049=EDGE_CURVE('',#5487,#5484,#481,.T.);
#6051=EDGE_CURVE('',#5484,#5485,#486,.T.);
#6053=EDGE_CURVE('',#5485,#5261,#490,.T.);
#6063=EDGE_CURVE('',#5277,#5257,#1807,.T.);
#6065=EDGE_CURVE('',#5257,#5476,#494,.T.);
#6067=EDGE_CURVE('',#5476,#5477,#499,.T.);
#6069=EDGE_CURVE('',#5477,#5459,#503,.T.);
#6071=EDGE_CURVE('',#5459,#5561,#2187,.T.);
#6073=EDGE_CURVE('',#5561,#5558,#507,.T.);
#6075=EDGE_CURVE('',#5558,#5559,#512,.T.);
#6077=EDGE_CURVE('',#5559,#5277,#516,.T.);
#6087=EDGE_CURVE('',#5273,#4816,#1382,.T.);
#6089=EDGE_CURVE('',#5273,#5550,#520,.T.);
#6091=EDGE_CURVE('',#5550,#5551,#525,.T.);
#6093=EDGE_CURVE('',#5551,#5541,#529,.T.);
#6096=EDGE_CURVE('',#5094,#5084,#533,.T.);
#6098=EDGE_CURVE('',#5093,#5094,#538,.T.);
#6100=EDGE_CURVE('',#4816,#5093,#542,.T.);
#6110=EDGE_CURVE('',#4944,#4945,#547,.T.);
#6112=EDGE_CURVE('',#4927,#4944,#551,.T.);
#6114=EDGE_CURVE('',#5185,#4927,#555,.T.);
#6116=EDGE_CURVE('',#5185,#5180,#559,.T.);
#6118=EDGE_CURVE('',#4788,#5180,#563,.T.);
#6120=EDGE_CURVE('',#4945,#4788,#567,.T.);
#6130=EDGE_CURVE('',#4804,#4784,#3598,.T.);
#6132=EDGE_CURVE('',#5028,#4804,#571,.T.);
#6134=EDGE_CURVE('',#5027,#5028,#576,.T.);
#6136=EDGE_CURVE('',#5030,#5027,#580,.T.);
#6138=EDGE_CURVE('',#4889,#5030,#3938,.T.);
#6140=EDGE_CURVE('',#4937,#4889,#584,.T.);
#6142=EDGE_CURVE('',#4936,#4937,#589,.T.);
#6144=EDGE_CURVE('',#4784,#4936,#593,.T.);
#6154=EDGE_CURVE('',#4820,#4800,#4181,.T.);
#6156=EDGE_CURVE('',#5102,#4820,#597,.T.);
#6158=EDGE_CURVE('',#5101,#5102,#602,.T.);
#6160=EDGE_CURVE('',#5104,#5101,#606,.T.);
#6162=EDGE_CURVE('',#5002,#5104,#4549,.T.);
#6164=EDGE_CURVE('',#5020,#5002,#610,.T.);
#6166=EDGE_CURVE('',#5019,#5020,#615,.T.);
#6168=EDGE_CURVE('',#4800,#5019,#619,.T.);
#6178=EDGE_CURVE('',#5398,#5399,#655,.T.);
#6180=EDGE_CURVE('',#5402,#5398,#2915,.T.);
#6183=EDGE_CURVE('',#5401,#5399,#765,.T.);
#6193=EDGE_CURVE('',#5440,#5390,#635,.T.);
#6195=EDGE_CURVE('',#5440,#5231,#639,.T.);
#6197=EDGE_CURVE('',#5219,#5231,#1042,.T.);
#6200=EDGE_CURVE('',#5242,#5243,#646,.T.);
#6202=EDGE_CURVE('',#5398,#5243,#650,.T.);
#6205=EDGE_CURVE('',#5387,#5399,#659,.T.);
#6207=EDGE_CURVE('',#5390,#5387,#663,.T.);
#6281=EDGE_CURVE('',#5439,#5440,#684,.T.);
#6284=EDGE_CURVE('',#5439,#5390,#750,.T.);
#6374=EDGE_CURVE('',#5438,#5440,#721,.T.);
#6377=EDGE_CURVE('',#5438,#5439,#689,.T.);
#6387=EDGE_CURVE('',#5433,#5436,#696,.T.);
#6389=EDGE_CURVE('',#5433,#5235,#2978,.T.);
#6391=EDGE_CURVE('',#5231,#5235,#701,.T.);
#6395=EDGE_CURVE('',#5436,#5438,#728,.T.);
#6434=EDGE_CURVE('',#5436,#5437,#738,.T.);
#6436=EDGE_CURVE('',#5435,#5437,#3006,.T.);
#6438=EDGE_CURVE('',#5433,#5435,#733,.T.);
#6478=EDGE_CURVE('',#5437,#5439,#745,.T.);
#6492=EDGE_CURVE('',#5386,#5387,#755,.T.);
#6494=EDGE_CURVE('',#5392,#5386,#3046,.T.);
#6496=EDGE_CURVE('',#5437,#5392,#3010,.T.);
#6506=EDGE_CURVE('',#5424,#5428,#761,.T.);
#6508=EDGE_CURVE('',#5388,#5424,#3018,.T.);
#6510=EDGE_CURVE('',#5386,#5388,#3040,.T.);
#6516=EDGE_CURVE('',#5384,#5385,#2884,.T.);
#6518=EDGE_CURVE('',#5374,#5385,#769,.T.);
#6520=EDGE_CURVE('',#5372,#5374,#803,.T.);
#6522=EDGE_CURVE('',#5372,#5428,#777,.T.);
#6533=EDGE_CURVE('',#5428,#5429,#773,.T.);
#6535=EDGE_CURVE('',#5429,#5425,#3023,.T.);
#6537=EDGE_CURVE('',#5424,#5425,#2987,.T.);
#6549=EDGE_CURVE('',#5372,#5368,#782,.T.);
#6551=EDGE_CURVE('',#5368,#5364,#786,.T.);
#6553=EDGE_CURVE('',#5364,#5361,#791,.T.);
#6555=EDGE_CURVE('',#5361,#5362,#795,.T.);
#6557=EDGE_CURVE('',#5227,#5362,#1051,.T.);
#6559=EDGE_CURVE('',#5429,#5227,#799,.T.);
#6571=EDGE_CURVE('',#5374,#5370,#808,.T.);
#6573=EDGE_CURVE('',#5368,#5370,#2805,.T.);
#6584=EDGE_CURVE('',#5378,#5374,#841,.T.);
#6586=EDGE_CURVE('',#5376,#5378,#813,.T.);
#6588=EDGE_CURVE('',#5376,#5370,#2777,.T.);
#6598=EDGE_CURVE('',#5327,#5606,#817,.T.);
#6600=EDGE_CURVE('',#5326,#5327,#821,.T.);
#6602=EDGE_CURVE('',#5326,#5350,#825,.T.);
#6604=EDGE_CURVE('',#5350,#5606,#829,.T.);
#6615=EDGE_CURVE('',#5646,#5385,#833,.T.);
#6617=EDGE_CURVE('',#5378,#5646,#837,.T.);
#6629=EDGE_CURVE('',#5346,#5327,#850,.T.);
#6632=EDGE_CURVE('',#5487,#5606,#855,.T.);
#6642=EDGE_CURVE('',#5410,#5331,#901,.T.);
#6644=EDGE_CURVE('',#5331,#5326,#859,.T.);
#6649=EDGE_CURVE('',#5396,#5394,#863,.T.);
#6651=EDGE_CURVE('',#5250,#5396,#2477,.T.);
#6653=EDGE_CURVE('',#5250,#5383,#869,.T.);
#6655=EDGE_CURVE('',#5383,#5406,#914,.T.);
#6657=EDGE_CURVE('',#5410,#5406,#875,.T.);
#6667=EDGE_CURVE('',#5409,#5410,#879,.T.);
#6669=EDGE_CURVE('',#5409,#5222,#2961,.T.);
#6671=EDGE_CURVE('',#5343,#5222,#1029,.T.);
#6673=EDGE_CURVE('',#5343,#5339,#883,.T.);
#6675=EDGE_CURVE('',#5339,#5335,#888,.T.);
#6677=EDGE_CURVE('',#5335,#5330,#892,.T.);
#6679=EDGE_CURVE('',#5330,#5331,#897,.T.);
#6690=EDGE_CURVE('',#5405,#5406,#910,.T.);
#6692=EDGE_CURVE('',#5409,#5405,#906,.T.);
#6706=EDGE_CURVE('',#5383,#5418,#918,.T.);
#6708=EDGE_CURVE('',#5418,#5416,#925,.T.);
#6710=EDGE_CURVE('',#5416,#5412,#929,.T.);
#6712=EDGE_CURVE('',#5412,#5405,#943,.T.);
#6722=EDGE_CURVE('',#5420,#5418,#950,.T.);
#6726=EDGE_CURVE('',#5250,#5251,#2473,.T.);
#6728=EDGE_CURVE('',#5420,#5251,#2520,.T.);
#6766=EDGE_CURVE('',#5419,#5417,#969,.T.);
#6768=EDGE_CURVE('',#5417,#5418,#1004,.T.);
#6771=EDGE_CURVE('',#5419,#5420,#955,.T.);
#6781=EDGE_CURVE('',#5417,#5414,#962,.T.);
#6784=EDGE_CURVE('',#5421,#5419,#990,.T.);
#6786=EDGE_CURVE('',#5229,#5421,#2493,.T.);
#6788=EDGE_CURVE('',#5233,#5229,#995,.T.);
#6790=EDGE_CURVE('',#5414,#5233,#999,.T.);
#6829=EDGE_CURVE('',#5414,#5416,#1009,.T.);
#6841=EDGE_CURVE('',#5414,#5411,#1013,.T.);
#6843=EDGE_CURVE('',#5411,#5412,#2966,.T.);
#6857=EDGE_CURVE('',#5223,#5233,#1017,.T.);
#6859=EDGE_CURVE('',#5411,#5223,#1021,.T.);
#6870=EDGE_CURVE('',#5345,#5343,#1055,.T.);
#6873=EDGE_CURVE('',#5222,#5223,#1034,.T.);
#6877=EDGE_CURVE('',#5229,#5218,#1038,.T.);
#6882=EDGE_CURVE('',#5235,#5226,#2974,.T.);
#6884=EDGE_CURVE('',#5226,#5227,#1047,.T.);
#6887=EDGE_CURVE('',#5362,#5358,#2935,.T.);
#6900=EDGE_CURVE('',#5339,#5341,#1059,.T.);
#6912=EDGE_CURVE('',#5341,#5337,#1064,.T.);
#6914=EDGE_CURVE('',#5335,#5337,#2769,.T.);
#6926=EDGE_CURVE('',#5354,#5352,#1069,.T.);
#6928=EDGE_CURVE('',#5352,#5337,#2793,.T.);
#6939=EDGE_CURVE('',#5354,#5626,#1073,.T.);
#6941=EDGE_CURVE('',#5626,#5624,#2580,.T.);
#6943=EDGE_CURVE('',#5352,#5624,#2943,.T.);
#6954=EDGE_CURVE('',#5630,#5628,#1077,.T.);
#6956=EDGE_CURVE('',#5630,#5626,#2584,.T.);
#6967=EDGE_CURVE('',#5306,#5307,#1081,.T.);
#6970=EDGE_CURVE('',#5310,#5311,#1089,.T.);
#6972=EDGE_CURVE('',#5311,#5319,#1094,.T.);
#6974=EDGE_CURVE('',#5318,#5319,#1098,.T.);
#6976=EDGE_CURVE('',#5323,#5318,#1103,.T.);
#6978=EDGE_CURVE('',#5618,#5323,#1107,.T.);
#6980=EDGE_CURVE('',#5664,#5618,#1111,.T.);
#6983=EDGE_CURVE('',#5608,#5610,#1119,.T.);
#6985=EDGE_CURVE('',#5608,#5321,#1123,.T.);
#6987=EDGE_CURVE('',#5321,#5314,#1128,.T.);
#6989=EDGE_CURVE('',#5314,#5315,#1132,.T.);
#6991=EDGE_CURVE('',#5307,#5315,#1137,.T.);
#7001=EDGE_CURVE('',#5286,#5287,#1141,.T.);
#7004=EDGE_CURVE('',#5290,#5291,#1149,.T.);
#7006=EDGE_CURVE('',#5291,#5299,#1154,.T.);
#7008=EDGE_CURVE('',#5298,#5299,#1158,.T.);
#7010=EDGE_CURVE('',#5303,#5298,#1163,.T.);
#7012=EDGE_CURVE('',#5303,#5630,#1167,.T.);
#7016=EDGE_CURVE('',#5598,#5600,#1175,.T.);
#7018=EDGE_CURVE('',#5598,#5301,#1179,.T.);
#7020=EDGE_CURVE('',#5301,#5294,#1184,.T.);
#7022=EDGE_CURVE('',#5294,#5295,#1188,.T.);
#7024=EDGE_CURVE('',#5287,#5295,#1193,.T.);
#7035=EDGE_CURVE('',#5307,#5580,#1197,.T.);
#7037=EDGE_CURVE('',#5283,#5580,#1210,.T.);
#7039=EDGE_CURVE('',#5282,#5283,#1214,.T.);
#7041=EDGE_CURVE('',#5282,#5553,#1218,.T.);
#7043=EDGE_CURVE('',#5553,#5554,#1223,.T.);
#7045=EDGE_CURVE('',#5554,#5268,#1365,.T.);
#7047=EDGE_CURVE('',#5268,#5269,#1230,.T.);
#7059=EDGE_CURVE('',#5573,#5315,#1234,.T.);
#7061=EDGE_CURVE('',#5576,#5573,#1241,.T.);
#7063=EDGE_CURVE('',#5578,#5576,#1248,.T.);
#7065=EDGE_CURVE('',#5580,#5578,#1269,.T.);
#7077=EDGE_CURVE('',#5570,#5314,#1273,.T.);
#7079=EDGE_CURVE('',#5573,#5570,#1277,.T.);
#7091=EDGE_CURVE('',#5568,#5321,#1281,.T.);
#7093=EDGE_CURVE('',#5570,#5568,#1295,.T.);
#7105=EDGE_CURVE('',#5608,#5538,#1299,.T.);
#7107=EDGE_CURVE('',#5538,#5534,#1304,.T.);
#7109=EDGE_CURVE('',#5534,#5529,#1308,.T.);
#7111=EDGE_CURVE('',#5529,#5530,#1313,.T.);
#7113=EDGE_CURVE('',#5569,#5530,#1317,.T.);
#7115=EDGE_CURVE('',#5568,#5569,#1321,.T.);
#7128=EDGE_CURVE('',#5538,#5540,#1325,.T.);
#7142=EDGE_CURVE('',#5534,#5536,#1329,.T.);
#7155=EDGE_CURVE('',#5529,#5532,#1333,.T.);
#7168=EDGE_CURVE('',#5530,#5525,#1337,.T.);
#7183=EDGE_CURVE('',#5553,#5551,#1341,.T.);
#7186=EDGE_CURVE('',#5282,#5542,#1347,.T.);
#7188=EDGE_CURVE('',#5542,#5565,#1699,.T.);
#7190=EDGE_CURVE('',#5569,#5565,#1353,.T.);
#7201=EDGE_CURVE('',#5554,#5550,#1357,.T.);
#7215=EDGE_CURVE('',#5268,#5273,#1361,.T.);
#7228=EDGE_CURVE('',#5273,#5271,#1374,.T.);
#7242=EDGE_CURVE('',#4816,#4814,#1391,.T.);
#7252=EDGE_CURVE('',#4811,#4812,#1398,.T.);
#7256=EDGE_CURVE('',#4811,#4816,#1440,.T.);
#7269=EDGE_CURVE('',#5097,#4811,#1436,.T.);
#7271=EDGE_CURVE('',#5096,#5097,#1403,.T.);
#7273=EDGE_CURVE('',#4825,#5096,#1407,.T.);
#7275=EDGE_CURVE('',#4825,#4826,#1411,.T.);
#7277=EDGE_CURVE('',#4826,#5123,#1424,.T.);
#7279=EDGE_CURVE('',#4850,#5123,#1428,.T.);
#7289=EDGE_CURVE('',#5097,#5093,#1432,.T.);
#7303=EDGE_CURVE('',#5096,#5094,#1456,.T.);
#7315=EDGE_CURVE('',#5112,#5073,#1468,.T.);
#7317=EDGE_CURVE('',#5112,#5108,#1446,.T.);
#7319=EDGE_CURVE('',#5085,#5108,#1632,.T.);
#7321=EDGE_CURVE('',#4825,#5085,#1452,.T.);
#7328=EDGE_CURVE('',#5073,#5068,#1460,.T.);
#7339=EDGE_CURVE('',#5111,#4864,#1504,.T.);
#7341=EDGE_CURVE('',#5111,#5112,#1464,.T.);
#7344=EDGE_CURVE('',#5072,#5073,#1473,.T.);
#7346=EDGE_CURVE('',#5077,#5072,#1477,.T.);
#7348=EDGE_CURVE('',#5081,#5077,#1482,.T.);
#7350=EDGE_CURVE('',#5151,#5081,#1486,.T.);
#7361=EDGE_CURVE('',#5113,#4857,#1512,.T.);
#7363=EDGE_CURVE('',#5113,#5111,#1500,.T.);
#7375=EDGE_CURVE('',#5116,#4858,#1551,.T.);
#7377=EDGE_CURVE('',#5116,#5113,#1508,.T.);
#7390=EDGE_CURVE('',#5123,#5121,#1533,.T.);
#7392=EDGE_CURVE('',#5121,#5119,#1540,.T.);
#7394=EDGE_CURVE('',#5119,#5116,#1547,.T.);
#7489=EDGE_CURVE('',#5123,#5122,#1573,.T.);
#7491=EDGE_CURVE('',#5121,#5122,#1590,.T.);
#7552=EDGE_CURVE('',#5122,#4826,#1578,.T.);
#7562=EDGE_CURVE('',#5122,#5120,#1585,.T.);
#7567=EDGE_CURVE('',#5085,#5120,#1628,.T.);
#7608=EDGE_CURVE('',#5119,#5120,#1595,.T.);
#7648=EDGE_CURVE('',#5120,#5118,#1624,.T.);
#7650=EDGE_CURVE('',#5116,#5118,#1647,.T.);
#7660=EDGE_CURVE('',#5107,#5108,#1599,.T.);
#7662=EDGE_CURVE('',#5114,#5107,#1613,.T.);
#7664=EDGE_CURVE('',#5118,#5114,#1617,.T.);
#7680=EDGE_CURVE('',#5111,#5107,#1637,.T.);
#7747=EDGE_CURVE('',#5113,#5114,#1642,.T.);
#7774=EDGE_CURVE('',#5072,#5075,#1651,.T.);
#7787=EDGE_CURVE('',#5077,#5079,#1655,.T.);
#7800=EDGE_CURVE('',#5081,#5083,#1659,.T.);
#7822=EDGE_CURVE('',#5579,#5577,#1666,.T.);
#7824=EDGE_CURVE('',#5542,#5577,#1703,.T.);
#7828=EDGE_CURVE('',#5579,#5283,#1755,.T.);
#7867=EDGE_CURVE('',#5576,#5577,#1676,.T.);
#7870=EDGE_CURVE('',#5578,#5579,#1671,.T.);
#7909=EDGE_CURVE('',#5573,#5575,#1681,.T.);
#7911=EDGE_CURVE('',#5577,#5575,#1710,.T.);
#7923=EDGE_CURVE('',#5570,#5571,#1686,.T.);
#7925=EDGE_CURVE('',#5575,#5571,#1714,.T.);
#7993=EDGE_CURVE('',#5568,#5564,#1691,.T.);
#7995=EDGE_CURVE('',#5571,#5564,#1728,.T.);
#8006=EDGE_CURVE('',#5564,#5565,#1695,.T.);
#8117=EDGE_CURVE('',#5580,#5579,#1750,.T.);
#8190=EDGE_CURVE('',#5274,#5275,#1762,.T.);
#8192=EDGE_CURVE('',#5555,#5275,#1766,.T.);
#8194=EDGE_CURVE('',#5555,#5556,#1771,.T.);
#8196=EDGE_CURVE('',#5544,#5556,#1775,.T.);
#8198=EDGE_CURVE('',#5547,#5544,#1779,.T.);
#8200=EDGE_CURVE('',#5596,#5547,#1795,.T.);
#8202=EDGE_CURVE('',#5596,#5311,#1799,.T.);
#8214=EDGE_CURVE('',#5277,#5279,#1816,.T.);
#8216=EDGE_CURVE('',#5277,#5275,#2386,.T.);
#8227=EDGE_CURVE('',#5257,#5255,#1825,.T.);
#8239=EDGE_CURVE('',#5252,#5253,#1862,.T.);
#8241=EDGE_CURVE('',#5252,#5257,#2267,.T.);
#8254=EDGE_CURVE('',#5287,#5506,#1829,.T.);
#8256=EDGE_CURVE('',#5267,#5506,#1842,.T.);
#8258=EDGE_CURVE('',#5266,#5267,#1846,.T.);
#8260=EDGE_CURVE('',#5266,#5479,#1850,.T.);
#8262=EDGE_CURVE('',#5479,#5480,#1855,.T.);
#8264=EDGE_CURVE('',#5480,#5252,#2271,.T.);
#8277=EDGE_CURVE('',#5499,#5295,#1866,.T.);
#8279=EDGE_CURVE('',#5502,#5499,#1873,.T.);
#8281=EDGE_CURVE('',#5504,#5502,#1880,.T.);
#8283=EDGE_CURVE('',#5506,#5504,#1901,.T.);
#8295=EDGE_CURVE('',#5496,#5294,#1905,.T.);
#8297=EDGE_CURVE('',#5499,#5496,#1909,.T.);
#8309=EDGE_CURVE('',#5494,#5301,#1913,.T.);
#8311=EDGE_CURVE('',#5496,#5494,#1927,.T.);
#8323=EDGE_CURVE('',#5598,#5456,#1931,.T.);
#8325=EDGE_CURVE('',#5456,#5452,#1936,.T.);
#8327=EDGE_CURVE('',#5452,#5447,#1940,.T.);
#8329=EDGE_CURVE('',#5447,#5448,#1945,.T.);
#8331=EDGE_CURVE('',#5495,#5448,#1949,.T.);
#8333=EDGE_CURVE('',#5494,#5495,#1953,.T.);
#8346=EDGE_CURVE('',#5456,#5458,#1957,.T.);
#8359=EDGE_CURVE('',#5458,#5454,#1962,.T.);
#8361=EDGE_CURVE('',#5452,#5454,#2225,.T.);
#8373=EDGE_CURVE('',#5467,#5465,#1967,.T.);
#8375=EDGE_CURVE('',#5465,#5454,#2233,.T.);
#8386=EDGE_CURVE('',#5467,#5662,#1971,.T.);
#8388=EDGE_CURVE('',#5662,#5660,#1997,.T.);
#8390=EDGE_CURVE('',#5465,#5660,#2245,.T.);
#8401=EDGE_CURVE('',#5618,#5662,#2001,.T.);
#8413=EDGE_CURVE('',#5612,#5323,#1975,.T.);
#8415=EDGE_CURVE('',#5614,#5612,#1979,.T.);
#8417=EDGE_CURVE('',#5658,#5614,#1983,.T.);
#8419=EDGE_CURVE('',#5657,#5658,#1988,.T.);
#8421=EDGE_CURVE('',#5660,#5657,#1992,.T.);
#8435=EDGE_CURVE('',#5588,#5318,#2005,.T.);
#8437=EDGE_CURVE('',#5612,#5588,#2013,.T.);
#8449=EDGE_CURVE('',#5589,#5319,#2017,.T.);
#8451=EDGE_CURVE('',#5588,#5589,#2021,.T.);
#8464=EDGE_CURVE('',#5594,#5596,#2041,.T.);
#8466=EDGE_CURVE('',#5592,#5594,#2048,.T.);
#8468=EDGE_CURVE('',#5589,#5592,#2055,.T.);
#8560=EDGE_CURVE('',#5595,#5596,#2081,.T.);
#8562=EDGE_CURVE('',#5594,#5595,#2060,.T.);
#8638=EDGE_CURVE('',#5595,#5547,#2093,.T.);
#8648=EDGE_CURVE('',#5593,#5595,#2088,.T.);
#8652=EDGE_CURVE('',#5543,#5544,#2098,.T.);
#8654=EDGE_CURVE('',#5549,#5543,#2378,.T.);
#8656=EDGE_CURVE('',#5593,#5549,#2135,.T.);
#8697=EDGE_CURVE('',#5592,#5593,#2103,.T.);
#8737=EDGE_CURVE('',#5591,#5593,#2131,.T.);
#8739=EDGE_CURVE('',#5589,#5591,#2108,.T.);
#8749=EDGE_CURVE('',#5583,#5584,#2112,.T.);
#8751=EDGE_CURVE('',#5584,#5585,#2120,.T.);
#8753=EDGE_CURVE('',#5585,#5591,#2124,.T.);
#8757=EDGE_CURVE('',#5545,#5549,#2139,.T.);
#8759=EDGE_CURVE('',#5545,#5583,#2143,.T.);
#8770=EDGE_CURVE('',#5612,#5584,#2148,.T.);
#8773=EDGE_CURVE('',#5583,#5614,#2163,.T.);
#8816=EDGE_CURVE('',#5588,#5585,#2153,.T.);
#8840=EDGE_CURVE('',#5463,#5616,#2183,.T.);
#8842=EDGE_CURVE('',#5463,#5658,#2157,.T.);
#8847=EDGE_CURVE('',#5543,#5545,#2372,.T.);
#8851=EDGE_CURVE('',#5558,#5556,#2167,.T.);
#8854=EDGE_CURVE('',#5561,#5616,#2197,.T.);
#8864=EDGE_CURVE('',#5444,#5616,#2171,.T.);
#8866=EDGE_CURVE('',#5443,#5444,#2175,.T.);
#8868=EDGE_CURVE('',#5443,#5463,#2179,.T.);
#8880=EDGE_CURVE('',#5459,#5444,#2192,.T.);
#8893=EDGE_CURVE('',#5448,#5443,#2201,.T.);
#8898=EDGE_CURVE('',#5479,#5477,#2205,.T.);
#8901=EDGE_CURVE('',#5266,#5468,#2211,.T.);
#8903=EDGE_CURVE('',#5468,#5491,#2311,.T.);
#8905=EDGE_CURVE('',#5495,#5491,#2217,.T.);
#8916=EDGE_CURVE('',#5447,#5450,#2221,.T.);
#8918=EDGE_CURVE('',#5450,#5443,#2254,.T.);
#8931=EDGE_CURVE('',#5454,#5450,#2229,.T.);
#8944=EDGE_CURVE('',#5465,#5461,#2237,.T.);
#8946=EDGE_CURVE('',#5450,#5461,#2241,.T.);
#8959=EDGE_CURVE('',#5461,#5657,#2249,.T.);
#8969=EDGE_CURVE('',#5461,#5463,#2259,.T.);
#8995=EDGE_CURVE('',#5480,#5476,#2263,.T.);
#9019=EDGE_CURVE('',#5505,#5503,#2278,.T.);
#9021=EDGE_CURVE('',#5468,#5503,#2315,.T.);
#9025=EDGE_CURVE('',#5505,#5267,#2367,.T.);
#9064=EDGE_CURVE('',#5502,#5503,#2288,.T.);
#9067=EDGE_CURVE('',#5504,#5505,#2283,.T.);
#9106=EDGE_CURVE('',#5499,#5501,#2293,.T.);
#9108=EDGE_CURVE('',#5503,#5501,#2322,.T.);
#9120=EDGE_CURVE('',#5496,#5497,#2298,.T.);
#9122=EDGE_CURVE('',#5501,#5497,#2326,.T.);
#9190=EDGE_CURVE('',#5494,#5490,#2303,.T.);
#9192=EDGE_CURVE('',#5497,#5490,#2340,.T.);
#9203=EDGE_CURVE('',#5490,#5491,#2307,.T.);
#9314=EDGE_CURVE('',#5506,#5505,#2362,.T.);
#9397=EDGE_CURVE('',#5559,#5555,#2382,.T.);
#9423=EDGE_CURVE('',#5258,#5259,#2393,.T.);
#9425=EDGE_CURVE('',#5481,#5259,#2397,.T.);
#9427=EDGE_CURVE('',#5481,#5482,#2402,.T.);
#9429=EDGE_CURVE('',#5470,#5482,#2406,.T.);
#9431=EDGE_CURVE('',#5473,#5470,#2410,.T.);
#9433=EDGE_CURVE('',#5522,#5473,#2426,.T.);
#9435=EDGE_CURVE('',#5522,#5291,#2430,.T.);
#9447=EDGE_CURVE('',#5261,#5263,#2447,.T.);
#9449=EDGE_CURVE('',#5261,#5259,#2540,.T.);
#9460=EDGE_CURVE('',#5241,#5239,#2456,.T.);
#9472=EDGE_CURVE('',#5236,#5237,#2489,.T.);
#9474=EDGE_CURVE('',#5236,#5241,#2528,.T.);
#9486=EDGE_CURVE('',#5251,#5421,#2469,.T.);
#9490=EDGE_CURVE('',#5396,#5397,#2482,.T.);
#9492=EDGE_CURVE('',#5397,#5236,#2532,.T.);
#9554=EDGE_CURVE('',#5421,#5420,#2515,.T.);
#9662=EDGE_CURVE('',#5397,#5393,#2524,.T.);
#9686=EDGE_CURVE('',#5485,#5481,#2536,.T.);
#9702=EDGE_CURVE('',#5484,#5482,#2550,.T.);
#9712=EDGE_CURVE('',#5509,#5604,#2546,.T.);
#9714=EDGE_CURVE('',#5471,#5509,#2726,.T.);
#9716=EDGE_CURVE('',#5469,#5471,#2741,.T.);
#9718=EDGE_CURVE('',#5469,#5470,#2681,.T.);
#9725=EDGE_CURVE('',#5350,#5622,#2554,.T.);
#9727=EDGE_CURVE('',#5622,#5604,#2566,.T.);
#9737=EDGE_CURVE('',#5604,#5602,#2562,.T.);
#9739=EDGE_CURVE('',#5602,#5510,#2731,.T.);
#9741=EDGE_CURVE('',#5509,#5510,#2695,.T.);
#9752=EDGE_CURVE('',#5602,#5303,#2558,.T.);
#9756=EDGE_CURVE('',#5621,#5622,#2571,.T.);
#9758=EDGE_CURVE('',#5624,#5621,#2575,.T.);
#9772=EDGE_CURVE('',#5514,#5298,#2588,.T.);
#9774=EDGE_CURVE('',#5602,#5514,#2596,.T.);
#9786=EDGE_CURVE('',#5515,#5299,#2600,.T.);
#9788=EDGE_CURVE('',#5514,#5515,#2604,.T.);
#9801=EDGE_CURVE('',#5520,#5522,#2624,.T.);
#9803=EDGE_CURVE('',#5518,#5520,#2631,.T.);
#9805=EDGE_CURVE('',#5515,#5518,#2638,.T.);
#9897=EDGE_CURVE('',#5521,#5522,#2664,.T.);
#9899=EDGE_CURVE('',#5520,#5521,#2643,.T.);
#9975=EDGE_CURVE('',#5521,#5473,#2676,.T.);
#9985=EDGE_CURVE('',#5519,#5521,#2671,.T.);
#9990=EDGE_CURVE('',#5475,#5469,#2747,.T.);
#9992=EDGE_CURVE('',#5519,#5475,#2718,.T.);
#10033=EDGE_CURVE('',#5518,#5519,#2686,.T.);
#10073=EDGE_CURVE('',#5517,#5519,#2714,.T.);
#10075=EDGE_CURVE('',#5515,#5517,#2691,.T.);
#10086=EDGE_CURVE('',#5510,#5511,#2703,.T.);
#10088=EDGE_CURVE('',#5511,#5517,#2707,.T.);
#10092=EDGE_CURVE('',#5471,#5475,#2722,.T.);
#10136=EDGE_CURVE('',#5514,#5511,#2736,.T.);
#10171=EDGE_CURVE('',#5348,#5350,#2761,.T.);
#10173=EDGE_CURVE('',#5348,#5621,#2751,.T.);
#10185=EDGE_CURVE('',#5333,#5326,#2756,.T.);
#10187=EDGE_CURVE('',#5333,#5348,#2801,.T.);
#10200=EDGE_CURVE('',#5330,#5333,#2765,.T.);
#10214=EDGE_CURVE('',#5337,#5333,#2789,.T.);
#10225=EDGE_CURVE('',#5370,#5366,#2773,.T.);
#10228=EDGE_CURVE('',#5380,#5376,#2781,.T.);
#10230=EDGE_CURVE('',#5366,#5380,#2785,.T.);
#10242=EDGE_CURVE('',#5352,#5348,#2797,.T.);
#10256=EDGE_CURVE('',#5364,#5366,#2809,.T.);
#10268=EDGE_CURVE('',#5366,#5357,#2814,.T.);
#10270=EDGE_CURVE('',#5361,#5357,#2939,.T.);
#10282=EDGE_CURVE('',#5382,#5380,#2819,.T.);
#10293=EDGE_CURVE('',#5654,#5652,#2828,.T.);
#10295=EDGE_CURVE('',#5654,#5382,#2823,.T.);
#10298=EDGE_CURVE('',#5652,#5380,#2867,.T.);
#10308=EDGE_CURVE('',#5668,#5654,#2863,.T.);
#10311=EDGE_CURVE('',#5652,#5650,#2832,.T.);
#10313=EDGE_CURVE('',#5650,#5648,#2837,.T.);
#10315=EDGE_CURVE('',#5648,#5644,#2841,.T.);
#10317=EDGE_CURVE('',#5644,#5640,#2846,.T.);
#10319=EDGE_CURVE('',#5640,#5633,#2850,.T.);
#10321=EDGE_CURVE('',#5633,#5634,#2855,.T.);
#10323=EDGE_CURVE('',#5634,#5671,#2923,.T.);
#10349=EDGE_CURVE('',#5650,#5376,#2871,.T.);
#10362=EDGE_CURVE('',#5648,#5378,#2875,.T.);
#10375=EDGE_CURVE('',#5644,#5646,#2879,.T.);
#10387=EDGE_CURVE('',#5646,#5642,#2889,.T.);
#10389=EDGE_CURVE('',#5640,#5642,#2893,.T.);
#10414=EDGE_CURVE('',#5633,#5637,#2897,.T.);
#10426=EDGE_CURVE('',#5637,#5638,#2902,.T.);
#10428=EDGE_CURVE('',#5634,#5638,#2927,.T.);
#10440=EDGE_CURVE('',#5245,#5247,#2911,.T.);
#10454=EDGE_CURVE('',#5245,#5243,#2919,.T.);
#10512=EDGE_CURVE('',#5411,#5409,#2957,.T.);
#10593=EDGE_CURVE('',#5430,#5433,#2970,.T.);
#10595=EDGE_CURVE('',#5430,#5226,#3035,.T.);
#10609=EDGE_CURVE('',#5431,#5435,#2999,.T.);
#10611=EDGE_CURVE('',#5430,#5431,#2983,.T.);
#10622=EDGE_CURVE('',#5425,#5431,#2995,.T.);
#10627=EDGE_CURVE('',#5388,#5392,#3014,.T.);
#10670=EDGE_CURVE('',#5429,#5430,#3031,.T.);
#10706=EDGE_CURVE('',#4941,#4942,#3075,.T.);
#10708=EDGE_CURVE('',#4944,#4942,#3263,.T.);
#10711=EDGE_CURVE('',#4945,#4941,#3908,.T.);
#10721=EDGE_CURVE('',#4983,#4933,#3062,.T.);
#10723=EDGE_CURVE('',#4933,#4930,#3066,.T.);
#10725=EDGE_CURVE('',#4930,#4942,#3070,.T.);
#10728=EDGE_CURVE('',#4941,#4786,#3079,.T.);
#10730=EDGE_CURVE('',#4785,#4786,#3086,.T.);
#10733=EDGE_CURVE('',#4762,#4774,#3194,.T.);
#10735=EDGE_CURVE('',#4983,#4774,#3090,.T.);
#10809=EDGE_CURVE('',#4982,#4983,#3111,.T.);
#10811=EDGE_CURVE('',#4982,#4933,#4096,.T.);
#10902=EDGE_CURVE('',#4981,#4983,#3150,.T.);
#10904=EDGE_CURVE('',#4981,#4982,#3116,.T.);
#10915=EDGE_CURVE('',#4976,#4979,#3123,.T.);
#10917=EDGE_CURVE('',#4979,#4981,#3130,.T.);
#10921=EDGE_CURVE('',#4774,#4778,#3155,.T.);
#10923=EDGE_CURVE('',#4976,#4778,#3173,.T.);
#10962=EDGE_CURVE('',#4976,#4978,#3160,.T.);
#10964=EDGE_CURVE('',#4978,#4980,#4124,.T.);
#10966=EDGE_CURVE('',#4979,#4980,#4101,.T.);
#10976=EDGE_CURVE('',#4973,#4976,#3169,.T.);
#10978=EDGE_CURVE('',#4973,#4974,#3165,.T.);
#10980=EDGE_CURVE('',#4974,#4978,#4128,.T.);
#10993=EDGE_CURVE('',#4778,#4769,#3177,.T.);
#10995=EDGE_CURVE('',#4973,#4769,#4164,.T.);
#11006=EDGE_CURVE('',#4905,#4901,#3215,.T.);
#11008=EDGE_CURVE('',#4770,#4905,#3185,.T.);
#11010=EDGE_CURVE('',#4769,#4770,#3190,.T.);
#11016=EDGE_CURVE('',#4772,#4761,#3198,.T.);
#11018=EDGE_CURVE('',#4776,#4772,#3436,.T.);
#11020=EDGE_CURVE('',#4766,#4776,#3410,.T.);
#11022=EDGE_CURVE('',#4765,#4766,#3203,.T.);
#11024=EDGE_CURVE('',#4886,#4765,#3207,.T.);
#11026=EDGE_CURVE('',#4888,#4886,#3752,.T.);
#11037=EDGE_CURVE('',#4904,#4900,#3211,.T.);
#11039=EDGE_CURVE('',#4904,#4905,#3231,.T.);
#11050=EDGE_CURVE('',#4907,#4904,#3236,.T.);
#11053=EDGE_CURVE('',#4909,#4900,#3869,.T.);
#11055=EDGE_CURVE('',#4907,#4909,#3219,.T.);
#11065=EDGE_CURVE('',#4971,#4972,#3223,.T.);
#11067=EDGE_CURVE('',#4972,#4770,#3227,.T.);
#11072=EDGE_CURVE('',#4911,#4907,#3240,.T.);
#11074=EDGE_CURVE('',#4915,#4911,#3245,.T.);
#11076=EDGE_CURVE('',#4915,#4971,#3249,.T.);
#11086=EDGE_CURVE('',#4967,#4971,#3255,.T.);
#11088=EDGE_CURVE('',#4967,#4968,#4105,.T.);
#11090=EDGE_CURVE('',#4972,#4968,#4152,.T.);
#11103=EDGE_CURVE('',#4915,#4917,#3267,.T.);
#11105=EDGE_CURVE('',#4917,#4928,#3259,.T.);
#11107=EDGE_CURVE('',#4927,#4928,#3925,.T.);
#11112=EDGE_CURVE('',#4929,#4930,#4091,.T.);
#11114=EDGE_CURVE('',#4929,#4931,#4141,.T.);
#11116=EDGE_CURVE('',#4931,#4967,#4109,.T.);
#11127=EDGE_CURVE('',#4911,#4913,#3271,.T.);
#11129=EDGE_CURVE('',#4917,#4913,#3807,.T.);
#11142=EDGE_CURVE('',#4913,#4909,#3291,.T.);
#11153=EDGE_CURVE('',#4880,#4876,#3275,.T.);
#11155=EDGE_CURVE('',#4876,#4891,#3279,.T.);
#11157=EDGE_CURVE('',#4895,#4891,#3283,.T.);
#11159=EDGE_CURVE('',#4895,#4880,#3287,.T.);
#11170=EDGE_CURVE('',#4909,#4923,#3295,.T.);
#11172=EDGE_CURVE('',#4923,#4919,#3299,.T.);
#11174=EDGE_CURVE('',#4919,#4913,#3303,.T.);
#11184=EDGE_CURVE('',#4878,#4873,#3324,.T.);
#11186=EDGE_CURVE('',#4873,#4876,#3774,.T.);
#11189=EDGE_CURVE('',#4878,#4880,#3307,.T.);
#11199=EDGE_CURVE('',#4952,#4953,#3311,.T.);
#11201=EDGE_CURVE('',#4953,#4874,#3315,.T.);
#11203=EDGE_CURVE('',#4873,#4874,#3320,.T.);
#11206=EDGE_CURVE('',#4882,#4878,#3329,.T.);
#11208=EDGE_CURVE('',#4886,#4882,#3333,.T.);
#11211=EDGE_CURVE('',#4952,#4765,#3398,.T.);
#11221=EDGE_CURVE('',#4948,#4949,#3342,.T.);
#11223=EDGE_CURVE('',#4953,#4949,#3546,.T.);
#11226=EDGE_CURVE('',#4952,#4948,#3338,.T.);
#11237=EDGE_CURVE('',#4955,#4948,#3356,.T.);
#11239=EDGE_CURVE('',#4959,#4955,#3360,.T.);
#11241=EDGE_CURVE('',#4961,#4959,#3367,.T.);
#11243=EDGE_CURVE('',#4926,#4961,#3371,.T.);
#11245=EDGE_CURVE('',#4926,#4949,#3375,.T.);
#11311=EDGE_CURVE('',#4954,#4952,#3394,.T.);
#11313=EDGE_CURVE('',#4954,#4955,#3380,.T.);
#11328=EDGE_CURVE('',#4954,#4766,#3406,.T.);
#11338=EDGE_CURVE('',#4957,#4954,#3402,.T.);
#11342=EDGE_CURVE('',#4957,#4776,#3431,.T.);
#11353=EDGE_CURVE('',#4957,#4959,#3415,.T.);
#11393=EDGE_CURVE('',#4960,#4957,#3427,.T.);
#11395=EDGE_CURVE('',#4960,#4961,#3420,.T.);
#11410=EDGE_CURVE('',#4772,#4964,#3481,.T.);
#11412=EDGE_CURVE('',#4964,#4962,#3457,.T.);
#11414=EDGE_CURVE('',#4962,#4960,#3464,.T.);
#11424=EDGE_CURVE('',#4794,#4964,#3477,.T.);
#11429=EDGE_CURVE('',#4779,#4780,#3488,.T.);
#11431=EDGE_CURVE('',#4940,#4779,#3568,.T.);
#11433=EDGE_CURVE('',#4939,#4940,#3493,.T.);
#11435=EDGE_CURVE('',#4793,#4939,#3497,.T.);
#11437=EDGE_CURVE('',#4793,#4794,#3501,.T.);
#11495=EDGE_CURVE('',#4964,#4963,#3523,.T.);
#11498=EDGE_CURVE('',#4963,#4794,#3528,.T.);
#11593=EDGE_CURVE('',#4962,#4963,#3533,.T.);
#11634=EDGE_CURVE('',#4963,#4961,#3540,.T.);
#11648=EDGE_CURVE('',#4793,#4926,#3552,.T.);
#11664=EDGE_CURVE('',#4939,#4937,#3556,.T.);
#11667=EDGE_CURVE('',#4889,#4870,#3948,.T.);
#11669=EDGE_CURVE('',#4869,#4870,#3802,.T.);
#11671=EDGE_CURVE('',#4874,#4869,#3560,.T.);
#11684=EDGE_CURVE('',#4940,#4936,#3564,.T.);
#11696=EDGE_CURVE('',#4779,#4784,#3572,.T.);
#11709=EDGE_CURVE('',#4784,#4782,#3581,.T.);
#11721=EDGE_CURVE('',#4804,#4806,#3594,.T.);
#11733=EDGE_CURVE('',#4801,#4802,#3642,.T.);
#11735=EDGE_CURVE('',#4804,#4802,#4079,.T.);
#11748=EDGE_CURVE('',#5065,#4834,#3602,.T.);
#11750=EDGE_CURVE('',#5065,#5016,#3618,.T.);
#11752=EDGE_CURVE('',#5016,#5013,#3622,.T.);
#11754=EDGE_CURVE('',#5013,#5025,#3626,.T.);
#11756=EDGE_CURVE('',#5024,#5025,#3631,.T.);
#11758=EDGE_CURVE('',#5024,#4802,#3635,.T.);
#11771=EDGE_CURVE('',#5058,#4842,#3684,.T.);
#11773=EDGE_CURVE('',#5058,#5061,#3649,.T.);
#11775=EDGE_CURVE('',#5061,#5063,#3656,.T.);
#11777=EDGE_CURVE('',#5063,#5065,#3676,.T.);
#11789=EDGE_CURVE('',#5057,#4841,#3696,.T.);
#11791=EDGE_CURVE('',#5057,#5058,#3680,.T.);
#11803=EDGE_CURVE('',#5145,#4846,#3700,.T.);
#11805=EDGE_CURVE('',#5145,#5057,#3692,.T.);
#11818=EDGE_CURVE('',#5173,#5169,#3704,.T.);
#11820=EDGE_CURVE('',#5169,#5167,#3709,.T.);
#11822=EDGE_CURVE('',#5167,#5164,#3713,.T.);
#11824=EDGE_CURVE('',#5164,#5165,#3718,.T.);
#11826=EDGE_CURVE('',#5165,#5147,#3722,.T.);
#11828=EDGE_CURVE('',#5147,#5145,#3726,.T.);
#11839=EDGE_CURVE('',#4897,#5169,#3734,.T.);
#11851=EDGE_CURVE('',#4897,#4895,#3744,.T.);
#11853=EDGE_CURVE('',#4895,#5167,#3756,.T.);
#11865=EDGE_CURVE('',#4884,#4880,#3739,.T.);
#11881=EDGE_CURVE('',#4882,#4884,#3748,.T.);
#11904=EDGE_CURVE('',#4891,#5164,#3760,.T.);
#11916=EDGE_CURVE('',#4891,#4893,#3770,.T.);
#11918=EDGE_CURVE('',#4893,#5165,#3958,.T.);
#11930=EDGE_CURVE('',#4876,#4869,#3765,.T.);
#11932=EDGE_CURVE('',#4869,#4893,#3798,.T.);
#11957=EDGE_CURVE('',#4921,#4917,#3778,.T.);
#11959=EDGE_CURVE('',#4921,#5189,#3782,.T.);
#11961=EDGE_CURVE('',#5189,#4928,#3786,.T.);
#11971=EDGE_CURVE('',#4870,#5149,#3790,.T.);
#11973=EDGE_CURVE('',#4893,#5149,#3794,.T.);
#11987=EDGE_CURVE('',#4919,#4921,#3812,.T.);
#11998=EDGE_CURVE('',#5193,#5191,#3839,.T.);
#12000=EDGE_CURVE('',#5191,#4921,#3934,.T.);
#12003=EDGE_CURVE('',#5193,#4919,#3816,.T.);
#12013=EDGE_CURVE('',#5211,#5197,#3856,.T.);
#12016=EDGE_CURVE('',#5177,#5214,#3878,.T.);
#12018=EDGE_CURVE('',#5176,#5177,#3821,.T.);
#12020=EDGE_CURVE('',#5183,#5176,#3825,.T.);
#12022=EDGE_CURVE('',#5187,#5183,#3830,.T.);
#12024=EDGE_CURVE('',#5191,#5187,#3834,.T.);
#12027=EDGE_CURVE('',#5195,#5193,#3843,.T.);
#12029=EDGE_CURVE('',#5197,#5195,#3848,.T.);
#12042=EDGE_CURVE('',#5197,#4925,#3860,.T.);
#12053=EDGE_CURVE('',#5195,#4923,#3864,.T.);
#12055=EDGE_CURVE('',#4925,#4923,#3874,.T.);
#12093=EDGE_CURVE('',#5177,#5181,#3886,.T.);
#12105=EDGE_CURVE('',#5180,#5181,#3895,.T.);
#12107=EDGE_CURVE('',#5176,#5180,#3890,.T.);
#12119=EDGE_CURVE('',#4788,#4790,#3904,.T.);
#12131=EDGE_CURVE('',#4788,#4786,#3912,.T.);
#12158=EDGE_CURVE('',#5183,#5185,#3916,.T.);
#12170=EDGE_CURVE('',#5189,#5185,#3930,.T.);
#12172=EDGE_CURVE('',#5187,#5189,#3920,.T.);
#12207=EDGE_CURVE('',#5030,#5149,#3943,.T.);
#12219=EDGE_CURVE('',#5052,#5147,#3954,.T.);
#12226=EDGE_CURVE('',#5027,#5025,#3962,.T.);
#12229=EDGE_CURVE('',#5012,#5013,#4020,.T.);
#12231=EDGE_CURVE('',#5012,#5014,#4002,.T.);
#12233=EDGE_CURVE('',#5014,#5052,#3970,.T.);
#12245=EDGE_CURVE('',#5052,#5053,#3966,.T.);
#12247=EDGE_CURVE('',#5145,#5053,#4045,.T.);
#12259=EDGE_CURVE('',#5014,#5018,#3974,.T.);
#12261=EDGE_CURVE('',#5062,#5018,#3978,.T.);
#12263=EDGE_CURVE('',#5060,#5062,#3985,.T.);
#12265=EDGE_CURVE('',#5054,#5060,#3989,.T.);
#12267=EDGE_CURVE('',#5053,#5054,#3997,.T.);
#12278=EDGE_CURVE('',#5018,#5012,#4008,.T.);
#12289=EDGE_CURVE('',#5062,#5064,#4015,.T.);
#12295=EDGE_CURVE('',#5064,#5016,#4025,.T.);
#12334=EDGE_CURVE('',#5061,#5062,#4030,.T.);
#12337=EDGE_CURVE('',#5063,#5064,#4050,.T.);
#12376=EDGE_CURVE('',#5058,#5060,#4035,.T.);
#12389=EDGE_CURVE('',#5057,#5054,#4040,.T.);
#12527=EDGE_CURVE('',#5064,#5065,#4071,.T.);
#12615=EDGE_CURVE('',#5028,#5024,#4075,.T.);
#12637=EDGE_CURVE('',#4980,#4982,#4086,.T.);
#12639=EDGE_CURVE('',#4980,#4935,#4117,.T.);
#12641=EDGE_CURVE('',#4935,#4929,#4147,.T.);
#12696=EDGE_CURVE('',#4931,#4935,#4113,.T.);
#12701=EDGE_CURVE('',#4968,#4974,#4136,.T.);
#12754=EDGE_CURVE('',#4972,#4973,#4160,.T.);
#12780=EDGE_CURVE('',#4820,#4822,#4177,.T.);
#12783=EDGE_CURVE('',#4800,#4798,#4545,.T.);
#12793=EDGE_CURVE('',#4817,#4818,#4225,.T.);
#12795=EDGE_CURVE('',#4820,#4818,#4639,.T.);
#12808=EDGE_CURVE('',#5139,#4854,#4185,.T.);
#12810=EDGE_CURVE('',#5139,#5090,#4201,.T.);
#12812=EDGE_CURVE('',#5090,#5087,#4205,.T.);
#12814=EDGE_CURVE('',#5087,#5099,#4209,.T.);
#12816=EDGE_CURVE('',#5098,#5099,#4214,.T.);
#12818=EDGE_CURVE('',#5098,#4818,#4218,.T.);
#12831=EDGE_CURVE('',#5132,#4862,#4267,.T.);
#12833=EDGE_CURVE('',#5132,#5135,#4232,.T.);
#12835=EDGE_CURVE('',#5135,#5137,#4239,.T.);
#12837=EDGE_CURVE('',#5137,#5139,#4259,.T.);
#12849=EDGE_CURVE('',#5131,#4861,#4279,.T.);
#12851=EDGE_CURVE('',#5131,#5132,#4263,.T.);
#12863=EDGE_CURVE('',#5155,#4866,#4283,.T.);
#12865=EDGE_CURVE('',#5155,#5131,#4275,.T.);
#12878=EDGE_CURVE('',#5161,#5205,#4287,.T.);
#12880=EDGE_CURVE('',#5205,#5203,#4292,.T.);
#12882=EDGE_CURVE('',#5203,#5200,#4296,.T.);
#12884=EDGE_CURVE('',#5200,#5201,#4301,.T.);
#12886=EDGE_CURVE('',#5201,#5157,#4305,.T.);
#12888=EDGE_CURVE('',#5157,#5155,#4309,.T.);
#12900=EDGE_CURVE('',#5010,#5205,#4313,.T.);
#12911=EDGE_CURVE('',#5010,#5008,#4323,.T.);
#12913=EDGE_CURVE('',#5008,#5203,#4627,.T.);
#12925=EDGE_CURVE('',#5001,#4997,#4318,.T.);
#12927=EDGE_CURVE('',#5008,#4997,#4623,.T.);
#12939=EDGE_CURVE('',#4999,#4995,#4349,.T.);
#12941=EDGE_CURVE('',#4995,#4997,#4607,.T.);
#12944=EDGE_CURVE('',#4999,#5001,#4327,.T.);
#12955=EDGE_CURVE('',#5037,#4844,#4371,.T.);
#12957=EDGE_CURVE('',#5037,#5038,#4331,.T.);
#12959=EDGE_CURVE('',#5038,#4991,#4335,.T.);
#12961=EDGE_CURVE('',#4990,#4991,#4340,.T.);
#12963=EDGE_CURVE('',#4995,#4990,#4344,.T.);
#12966=EDGE_CURVE('',#5141,#4999,#4353,.T.);
#12977=EDGE_CURVE('',#5039,#4837,#4379,.T.);
#12979=EDGE_CURVE('',#5039,#5037,#4367,.T.);
#12991=EDGE_CURVE('',#5042,#4838,#4418,.T.);
#12993=EDGE_CURVE('',#5042,#5039,#4375,.T.);
#13006=EDGE_CURVE('',#5049,#5047,#4400,.T.);
#13008=EDGE_CURVE('',#5047,#5045,#4407,.T.);
#13010=EDGE_CURVE('',#5045,#5042,#4414,.T.);
#13105=EDGE_CURVE('',#5049,#5048,#4440,.T.);
#13107=EDGE_CURVE('',#5047,#5048,#4457,.T.);
#13168=EDGE_CURVE('',#5048,#4810,#4445,.T.);
#13178=EDGE_CURVE('',#5048,#5046,#4452,.T.);
#13182=EDGE_CURVE('',#4809,#5011,#4516,.T.);
#13184=EDGE_CURVE('',#5011,#5046,#4495,.T.);
#13225=EDGE_CURVE('',#5045,#5046,#4462,.T.);
#13265=EDGE_CURVE('',#5046,#5044,#4491,.T.);
#13267=EDGE_CURVE('',#5042,#5044,#4758,.T.);
#13277=EDGE_CURVE('',#5033,#5034,#4466,.T.);
#13279=EDGE_CURVE('',#5040,#5033,#4480,.T.);
#13281=EDGE_CURVE('',#5044,#5040,#4484,.T.);
#13285=EDGE_CURVE('',#5011,#5034,#4499,.T.);
#13296=EDGE_CURVE('',#5038,#5034,#4510,.T.);
#13299=EDGE_CURVE('',#5037,#5033,#4504,.T.);
#13314=EDGE_CURVE('',#5022,#5020,#4520,.T.);
#13317=EDGE_CURVE('',#5002,#4987,#4559,.T.);
#13319=EDGE_CURVE('',#4986,#4987,#4589,.T.);
#13321=EDGE_CURVE('',#4991,#4986,#4524,.T.);
#13334=EDGE_CURVE('',#5023,#5019,#4528,.T.);
#13346=EDGE_CURVE('',#4795,#4800,#4536,.T.);
#13370=EDGE_CURVE('',#5104,#5159,#4554,.T.);
#13372=EDGE_CURVE('',#4987,#5159,#4577,.T.);
#13383=EDGE_CURVE('',#5006,#5159,#4581,.T.);
#13387=EDGE_CURVE('',#5101,#5099,#4563,.T.);
#13390=EDGE_CURVE('',#5086,#5087,#4651,.T.);
#13392=EDGE_CURVE('',#5086,#5088,#4716,.T.);
#13394=EDGE_CURVE('',#5088,#5126,#4684,.T.);
#13396=EDGE_CURVE('',#5126,#5157,#4569,.T.);
#13399=EDGE_CURVE('',#5006,#5201,#4573,.T.);
#13411=EDGE_CURVE('',#4986,#5006,#4585,.T.);
#13422=EDGE_CURVE('',#4993,#4986,#4594,.T.);
#13425=EDGE_CURVE('',#5004,#5006,#4599,.T.);
#13427=EDGE_CURVE('',#4993,#5004,#4615,.T.);
#13440=EDGE_CURVE('',#4990,#4993,#4603,.T.);
#13452=EDGE_CURVE('',#4997,#4993,#4611,.T.);
#13465=EDGE_CURVE('',#5008,#5004,#4619,.T.);
#13477=EDGE_CURVE('',#5004,#5200,#4631,.T.);
#13504=EDGE_CURVE('',#5102,#5098,#4635,.T.);
#13526=EDGE_CURVE('',#5136,#5138,#4646,.T.);
#13528=EDGE_CURVE('',#5136,#5092,#4692,.T.);
#13530=EDGE_CURVE('',#5092,#5086,#4722,.T.);
#13534=EDGE_CURVE('',#5138,#5090,#4656,.T.);
#13573=EDGE_CURVE('',#5135,#5136,#4661,.T.);
#13576=EDGE_CURVE('',#5137,#5138,#4727,.T.);
#13615=EDGE_CURVE('',#5132,#5134,#4666,.T.);
#13617=EDGE_CURVE('',#5134,#5136,#4699,.T.);
#13629=EDGE_CURVE('',#5131,#5128,#4671,.T.);
#13631=EDGE_CURVE('',#5128,#5134,#4703,.T.);
#13675=EDGE_CURVE('',#5155,#5127,#4676,.T.);
#13677=EDGE_CURVE('',#5127,#5128,#4711,.T.);
#13690=EDGE_CURVE('',#5126,#5127,#4680,.T.);
#13703=EDGE_CURVE('',#5088,#5092,#4688,.T.);
#13810=EDGE_CURVE('',#5138,#5139,#4748,.T.);
#13952=EDGE_CURVE('',#5039,#5040,#4753,.T.);
#13985=(LENGTH_UNIT()NAMED_UNIT(*)SI_UNIT(.MILLI.,.METRE.));
#13987=(NAMED_UNIT(*)PLANE_ANGLE_UNIT()SI_UNIT($,.RADIAN.));
#13990=(NAMED_UNIT(*)SI_UNIT($,.STERADIAN.)SOLID_ANGLE_UNIT());
#13993=ADVANCED_BREP_SHAPE_REPRESENTATION('',(#13984),#13992);
#14000=PRODUCT_DEFINITION('design','',#13999,#13996);
#14001=PRODUCT_DEFINITION_SHAPE('','SHAPE FOR 000.',#14000);
#14002=SHAPE_DEFINITION_REPRESENTATION(#14001,#13993);
ENDSEC;
END-ISO-10303-21;
