solid OpenSCAD_Model
  facet normal 0 -1 0
    outer loop
      vertex -49 0 53.5
      vertex -15.7796 0 43.6183
      vertex 49 0 53.5
    endloop
  endfacet
  facet normal 0 -1 0
    outer loop
      vertex -49 0 53.5
      vertex -15.8027 0 43.6
      vertex -15.7796 0 43.6183
    endloop
  endfacet
  facet normal 0 -1 0
    outer loop
      vertex -49 0 53.5
      vertex -15.8031 0 43.5
      vertex -15.8027 0 43.6
    endloop
  endfacet
  facet normal 0 -1 0
    outer loop
      vertex -49 0 53.5
      vertex -15.803 0 43.4975
      vertex -15.8031 0 43.5
    endloop
  endfacet
  facet normal 0 -1 0
    outer loop
      vertex -49 0 53.5
      vertex -15.7406 0 42.2778
      vertex -15.803 0 43.4975
    endloop
  endfacet
  facet normal 0 -1 0
    outer loop
      vertex -49 0 53.5
      vertex -15.7405 0 42.2753
      vertex -15.7406 0 42.2778
    endloop
  endfacet
  facet normal 0 -1 0
    outer loop
      vertex -49 0 53.5
      vertex -15.6781 0 41.0556
      vertex -15.7405 0 42.2753
    endloop
  endfacet
  facet normal 0 -1 0
    outer loop
      vertex -49 0 53.5
      vertex -15.6779 0 41.0531
      vertex -15.6781 0 41.0556
    endloop
  endfacet
  facet normal 0 -1 0
    outer loop
      vertex -49 0 53.5
      vertex -15.6156 0 39.8333
      vertex -15.6779 0 41.0531
    endloop
  endfacet
  facet normal 0 -1 0
    outer loop
      vertex -49 0 53.5
      vertex -15.6154 0 39.8308
      vertex -15.6156 0 39.8333
    endloop
  endfacet
  facet normal 0 -1 0
    outer loop
      vertex -49 0 53.5
      vertex -15.5531 0 38.6111
      vertex -15.6154 0 39.8308
    endloop
  endfacet
  facet normal 0 -1 0
    outer loop
      vertex -49 0 53.5
      vertex -15.5529 0 38.6086
      vertex -15.5531 0 38.6111
    endloop
  endfacet
  facet normal 0 -1 0
    outer loop
      vertex -49 0 53.5
      vertex -15.4905 0 37.3889
      vertex -15.5529 0 38.6086
    endloop
  endfacet
  facet normal 0 -1 0
    outer loop
      vertex -49 0 53.5
      vertex -15.4904 0 37.3864
      vertex -15.4905 0 37.3889
    endloop
  endfacet
  facet normal 0 -1 0
    outer loop
      vertex -49 0 53.5
      vertex -15.428 0 36.1667
      vertex -15.4904 0 37.3864
    endloop
  endfacet
  facet normal 0 -1 0
    outer loop
      vertex -49 0 53.5
      vertex -15.4279 0 36.1642
      vertex -15.428 0 36.1667
    endloop
  endfacet
  facet normal 0 -1 0
    outer loop
      vertex -49 0 53.5
      vertex -15.3655 0 34.9444
      vertex -15.4279 0 36.1642
    endloop
  endfacet
  facet normal 0 -1 0
    outer loop
      vertex -49 0 53.5
      vertex -15.3654 0 34.9419
      vertex -15.3655 0 34.9444
    endloop
  endfacet
  facet normal 0 -1 0
    outer loop
      vertex -49 0 53.5
      vertex -15.303 0 33.7222
      vertex -15.3654 0 34.9419
    endloop
  endfacet
  facet normal 0 -1 0
    outer loop
      vertex -49 0 53.5
      vertex -15.3029 0 33.7197
      vertex -15.303 0 33.7222
    endloop
  endfacet
  facet normal 0 -1 0
    outer loop
      vertex -49 0 53.5
      vertex -15.2405 0 32.5
      vertex -15.3029 0 33.7197
    endloop
  endfacet
  facet normal 0 -1 0
    outer loop
      vertex -49 0 53.5
      vertex -15.2404 0 32.4975
      vertex -15.2405 0 32.5
    endloop
  endfacet
  facet normal 0 -1 0
    outer loop
      vertex -49 0 53.5
      vertex -15.178 0 31.2778
      vertex -15.2404 0 32.4975
    endloop
  endfacet
  facet normal 0 -1 0
    outer loop
      vertex -49 0 53.5
      vertex -15.1778 0 31.2753
      vertex -15.178 0 31.2778
    endloop
  endfacet
  facet normal 0 -1 0
    outer loop
      vertex -49 0 53.5
      vertex -15.1155 0 30.0556
      vertex -15.1778 0 31.2753
    endloop
  endfacet
  facet normal 0 -1 0
    outer loop
      vertex -49 0 53.5
      vertex -15.1153 0 30.0531
      vertex -15.1155 0 30.0556
    endloop
  endfacet
  facet normal 0 -1 0
    outer loop
      vertex -49 0 53.5
      vertex -15.053 0 28.8333
      vertex -15.1153 0 30.0531
    endloop
  endfacet
  facet normal 0 -1 0
    outer loop
      vertex -49 0 53.5
      vertex -15.0528 0 28.8308
      vertex -15.053 0 28.8333
    endloop
  endfacet
  facet normal 0 -1 0
    outer loop
      vertex -49 0 53.5
      vertex -14.9904 0 27.6111
      vertex -15.0528 0 28.8308
    endloop
  endfacet
  facet normal 0 -1 0
    outer loop
      vertex -49 0 0
      vertex -14.9904 0 27.6111
      vertex -49 0 53.5
    endloop
  endfacet
  facet normal 0 -1 -0
    outer loop
      vertex -14.9904 0 27.6111
      vertex -49 0 0
      vertex -14.9903 0 27.6086
    endloop
  endfacet
  facet normal 0 -1 -0
    outer loop
      vertex -14.9903 0 27.6086
      vertex -49 0 0
      vertex -14.9279 0 26.3889
    endloop
  endfacet
  facet normal 0 -1 -0
    outer loop
      vertex -14.9279 0 26.3889
      vertex -49 0 0
      vertex -14.9278 0 26.3864
    endloop
  endfacet
  facet normal 0 -1 -0
    outer loop
      vertex -14.9278 0 26.3864
      vertex -49 0 0
      vertex -14.8654 0 25.1667
    endloop
  endfacet
  facet normal 0 -1 -0
    outer loop
      vertex -14.8654 0 25.1667
      vertex -49 0 0
      vertex -14.8653 0 25.1642
    endloop
  endfacet
  facet normal 0 -1 -0
    outer loop
      vertex -14.8653 0 25.1642
      vertex -49 0 0
      vertex -14.8029 0 23.9444
    endloop
  endfacet
  facet normal 0 -1 -0
    outer loop
      vertex -14.8029 0 23.9444
      vertex -49 0 0
      vertex -14.8028 0 23.9419
    endloop
  endfacet
  facet normal 0 -1 -0
    outer loop
      vertex -14.8028 0 23.9419
      vertex -49 0 0
      vertex -14.7404 0 22.7222
    endloop
  endfacet
  facet normal 0 -1 -0
    outer loop
      vertex -14.7404 0 22.7222
      vertex -49 0 0
      vertex -14.7403 0 22.7197
    endloop
  endfacet
  facet normal 0 -1 -0
    outer loop
      vertex -14.7403 0 22.7197
      vertex -49 0 0
      vertex -14.6779 0 21.5
    endloop
  endfacet
  facet normal 0 -1 -0
    outer loop
      vertex -14.6779 0 21.5
      vertex -49 0 0
      vertex -14.6777 0 21.4975
    endloop
  endfacet
  facet normal 0 -1 -0
    outer loop
      vertex -14.6777 0 21.4975
      vertex -49 0 0
      vertex -14.6154 0 20.2778
    endloop
  endfacet
  facet normal 0 -1 -0
    outer loop
      vertex -14.6154 0 20.2778
      vertex -49 0 0
      vertex -14.6152 0 20.2753
    endloop
  endfacet
  facet normal 0 -1 -0
    outer loop
      vertex -14.6152 0 20.2753
      vertex -49 0 0
      vertex -14.5529 0 19.0556
    endloop
  endfacet
  facet normal 0 -1 -0
    outer loop
      vertex -14.5529 0 19.0556
      vertex -49 0 0
      vertex -14.5527 0 19.0531
    endloop
  endfacet
  facet normal 0 -1 -0
    outer loop
      vertex -14.5527 0 19.0531
      vertex -49 0 0
      vertex -14.4904 0 17.8333
    endloop
  endfacet
  facet normal 0 -1 -0
    outer loop
      vertex -14.4904 0 17.8333
      vertex -49 0 0
      vertex -14.4902 0 17.8308
    endloop
  endfacet
  facet normal 0 -1 -0
    outer loop
      vertex -14.4902 0 17.8308
      vertex -49 0 0
      vertex -14.4278 0 16.6111
    endloop
  endfacet
  facet normal 0 -1 -0
    outer loop
      vertex -14.4278 0 16.6111
      vertex -49 0 0
      vertex -14.4277 0 16.6086
    endloop
  endfacet
  facet normal 0 -1 -0
    outer loop
      vertex -14.4277 0 16.6086
      vertex -49 0 0
      vertex -14.3653 0 15.3889
    endloop
  endfacet
  facet normal 0 -1 -0
    outer loop
      vertex -14.3653 0 15.3889
      vertex -49 0 0
      vertex -14.3652 0 15.3864
    endloop
  endfacet
  facet normal 0 -1 -0
    outer loop
      vertex -14.3652 0 15.3864
      vertex -49 0 0
      vertex -14.3028 0 14.1667
    endloop
  endfacet
  facet normal 0 -1 -0
    outer loop
      vertex -14.3028 0 14.1667
      vertex -49 0 0
      vertex -14.3027 0 14.1642
    endloop
  endfacet
  facet normal 0 -1 -0
    outer loop
      vertex -14.3027 0 14.1642
      vertex -49 0 0
      vertex -14.2403 0 12.9444
    endloop
  endfacet
  facet normal 0 -1 -0
    outer loop
      vertex -14.2403 0 12.9444
      vertex -49 0 0
      vertex -14.2402 0 12.9419
    endloop
  endfacet
  facet normal 0 -1 -0
    outer loop
      vertex -14.2402 0 12.9419
      vertex -49 0 0
      vertex -14.1778 0 11.7222
    endloop
  endfacet
  facet normal 0 -1 -0
    outer loop
      vertex -14.1778 0 11.7222
      vertex -49 0 0
      vertex -14.1777 0 11.7197
    endloop
  endfacet
  facet normal 0 -1 -0
    outer loop
      vertex -14.1777 0 11.7197
      vertex -49 0 0
      vertex -14.1153 0 10.5
    endloop
  endfacet
  facet normal 0 -1 -0
    outer loop
      vertex -14.1153 0 10.5
      vertex -49 0 0
      vertex -14.1151 0 10.4975
    endloop
  endfacet
  facet normal 0 -1 -0
    outer loop
      vertex -14.1151 0 10.4975
      vertex -49 0 0
      vertex -14.0528 0 9.27778
    endloop
  endfacet
  facet normal 0 -1 -0
    outer loop
      vertex -14.0528 0 9.27778
      vertex -49 0 0
      vertex -14.0526 0 9.27528
    endloop
  endfacet
  facet normal 0 -1 -0
    outer loop
      vertex -14.0526 0 9.27528
      vertex -49 0 0
      vertex -13.9903 0 8.05556
    endloop
  endfacet
  facet normal 0 -1 -0
    outer loop
      vertex -13.9903 0 8.05556
      vertex -49 0 0
      vertex -13.9901 0 8.05306
    endloop
  endfacet
  facet normal 0 -1 -0
    outer loop
      vertex -13.9901 0 8.05306
      vertex -49 0 0
      vertex -13.9277 0 6.83333
    endloop
  endfacet
  facet normal 0 -1 -0
    outer loop
      vertex -13.9277 0 6.83333
      vertex -49 0 0
      vertex -13.9276 0 6.83084
    endloop
  endfacet
  facet normal 0 -1 -0
    outer loop
      vertex -13.9276 0 6.83084
      vertex -49 0 0
      vertex -13.8652 0 5.61111
    endloop
  endfacet
  facet normal 0 -1 -0
    outer loop
      vertex -13.8652 0 5.61111
      vertex -49 0 0
      vertex -13.8651 0 5.60862
    endloop
  endfacet
  facet normal 0 -1 -0
    outer loop
      vertex -13.8651 0 5.60862
      vertex -49 0 0
      vertex -13.8027 0 4.38889
    endloop
  endfacet
  facet normal 0 -1 -0
    outer loop
      vertex -13.8027 0 4.38889
      vertex -49 0 0
      vertex -13.8026 0 4.38639
    endloop
  endfacet
  facet normal 0 -1 -0
    outer loop
      vertex -13.8026 0 4.38639
      vertex -49 0 0
      vertex -13.7402 0 3.16667
    endloop
  endfacet
  facet normal 0 -1 -0
    outer loop
      vertex -13.7402 0 3.16667
      vertex -49 0 0
      vertex -13.7401 0 3.16417
    endloop
  endfacet
  facet normal 0 -1 -0
    outer loop
      vertex -13.7401 0 3.16417
      vertex -49 0 0
      vertex -13.6777 0 1.94444
    endloop
  endfacet
  facet normal 0 -1 -0
    outer loop
      vertex -13.6777 0 1.94444
      vertex -49 0 0
      vertex -13.6776 0 1.94195
    endloop
  endfacet
  facet normal 0 -1 -0
    outer loop
      vertex -13.6776 0 1.94195
      vertex -49 0 0
      vertex -13.6152 0 0.722221
    endloop
  endfacet
  facet normal 0 -1 -0
    outer loop
      vertex -13.6152 0 0.722221
      vertex -49 0 0
      vertex -13.615 0 0.719727
    endloop
  endfacet
  facet normal 0 -1 -0
    outer loop
      vertex -13.615 0 0.719727
      vertex -49 0 0
      vertex -13.5782 0 0
    endloop
  endfacet
  facet normal 0 -1 0
    outer loop
      vertex 15.7796 0 43.6183
      vertex 49 0 53.5
      vertex -15.7796 0 43.6183
    endloop
  endfacet
  facet normal 0 -1 0
    outer loop
      vertex 15.8027 0 43.6
      vertex 49 0 53.5
      vertex 15.7796 0 43.6183
    endloop
  endfacet
  facet normal 0 -1 0
    outer loop
      vertex 15.8031 0 43.5
      vertex 15.8027 0 43.6
      vertex 15.8027 0 43.5
    endloop
  endfacet
  facet normal 0 -1 0
    outer loop
      vertex 15.8027 0 43.6
      vertex 15.8031 0 43.5
      vertex 49 0 53.5
    endloop
  endfacet
  facet normal 0 -1 0
    outer loop
      vertex 15.803 0 43.4975
      vertex 49 0 53.5
      vertex 15.8031 0 43.5
    endloop
  endfacet
  facet normal 0 -1 0
    outer loop
      vertex 15.7406 0 42.2778
      vertex 49 0 53.5
      vertex 15.803 0 43.4975
    endloop
  endfacet
  facet normal 0 -1 0
    outer loop
      vertex 15.7405 0 42.2753
      vertex 49 0 53.5
      vertex 15.7406 0 42.2778
    endloop
  endfacet
  facet normal 0 -1 0
    outer loop
      vertex 15.6781 0 41.0556
      vertex 49 0 53.5
      vertex 15.7405 0 42.2753
    endloop
  endfacet
  facet normal 0 -1 0
    outer loop
      vertex 15.6779 0 41.0531
      vertex 49 0 53.5
      vertex 15.6781 0 41.0556
    endloop
  endfacet
  facet normal 0 -1 0
    outer loop
      vertex 15.6156 0 39.8333
      vertex 49 0 53.5
      vertex 15.6779 0 41.0531
    endloop
  endfacet
  facet normal 0 -1 0
    outer loop
      vertex 15.6154 0 39.8308
      vertex 49 0 53.5
      vertex 15.6156 0 39.8333
    endloop
  endfacet
  facet normal 0 -1 0
    outer loop
      vertex 15.5531 0 38.6111
      vertex 49 0 53.5
      vertex 15.6154 0 39.8308
    endloop
  endfacet
  facet normal 0 -1 0
    outer loop
      vertex 15.5529 0 38.6086
      vertex 49 0 53.5
      vertex 15.5531 0 38.6111
    endloop
  endfacet
  facet normal 0 -1 0
    outer loop
      vertex 15.4905 0 37.3889
      vertex 49 0 53.5
      vertex 15.5529 0 38.6086
    endloop
  endfacet
  facet normal 0 -1 0
    outer loop
      vertex 15.4904 0 37.3864
      vertex 49 0 53.5
      vertex 15.4905 0 37.3889
    endloop
  endfacet
  facet normal 0 -1 0
    outer loop
      vertex 15.428 0 36.1667
      vertex 49 0 53.5
      vertex 15.4904 0 37.3864
    endloop
  endfacet
  facet normal 0 -1 0
    outer loop
      vertex 15.4279 0 36.1642
      vertex 49 0 53.5
      vertex 15.428 0 36.1667
    endloop
  endfacet
  facet normal 0 -1 0
    outer loop
      vertex 15.3655 0 34.9444
      vertex 49 0 53.5
      vertex 15.4279 0 36.1642
    endloop
  endfacet
  facet normal 0 -1 0
    outer loop
      vertex 15.3654 0 34.9419
      vertex 49 0 53.5
      vertex 15.3655 0 34.9444
    endloop
  endfacet
  facet normal 0 -1 0
    outer loop
      vertex 15.303 0 33.7222
      vertex 49 0 53.5
      vertex 15.3654 0 34.9419
    endloop
  endfacet
  facet normal 0 -1 0
    outer loop
      vertex 15.3029 0 33.7197
      vertex 49 0 53.5
      vertex 15.303 0 33.7222
    endloop
  endfacet
  facet normal 0 -1 0
    outer loop
      vertex 15.2405 0 32.5
      vertex 49 0 53.5
      vertex 15.3029 0 33.7197
    endloop
  endfacet
  facet normal 0 -1 0
    outer loop
      vertex 15.2404 0 32.4975
      vertex 49 0 53.5
      vertex 15.2405 0 32.5
    endloop
  endfacet
  facet normal 0 -1 0
    outer loop
      vertex 15.178 0 31.2778
      vertex 49 0 53.5
      vertex 15.2404 0 32.4975
    endloop
  endfacet
  facet normal 0 -1 0
    outer loop
      vertex 15.1778 0 31.2753
      vertex 49 0 53.5
      vertex 15.178 0 31.2778
    endloop
  endfacet
  facet normal 0 -1 0
    outer loop
      vertex 15.1155 0 30.0556
      vertex 49 0 53.5
      vertex 15.1778 0 31.2753
    endloop
  endfacet
  facet normal 0 -1 0
    outer loop
      vertex 15.1153 0 30.0531
      vertex 49 0 53.5
      vertex 15.1155 0 30.0556
    endloop
  endfacet
  facet normal 0 -1 0
    outer loop
      vertex 15.053 0 28.8333
      vertex 49 0 53.5
      vertex 15.1153 0 30.0531
    endloop
  endfacet
  facet normal 0 -1 0
    outer loop
      vertex 15.0528 0 28.8308
      vertex 49 0 53.5
      vertex 15.053 0 28.8333
    endloop
  endfacet
  facet normal 0 -1 0
    outer loop
      vertex 14.9904 0 27.6111
      vertex 49 0 53.5
      vertex 15.0528 0 28.8308
    endloop
  endfacet
  facet normal 0 -1 0
    outer loop
      vertex 49 0 0
      vertex 14.9904 0 27.6111
      vertex 14.9903 0 27.6086
    endloop
  endfacet
  facet normal 0 -1 0
    outer loop
      vertex 49 0 0
      vertex 14.9903 0 27.6086
      vertex 14.9279 0 26.3889
    endloop
  endfacet
  facet normal 0 -1 0
    outer loop
      vertex 49 0 0
      vertex 14.9279 0 26.3889
      vertex 14.9278 0 26.3864
    endloop
  endfacet
  facet normal 0 -1 0
    outer loop
      vertex 49 0 0
      vertex 14.9278 0 26.3864
      vertex 14.8654 0 25.1667
    endloop
  endfacet
  facet normal 0 -1 0
    outer loop
      vertex 49 0 0
      vertex 14.8654 0 25.1667
      vertex 14.8653 0 25.1642
    endloop
  endfacet
  facet normal 0 -1 0
    outer loop
      vertex 49 0 0
      vertex 14.8653 0 25.1642
      vertex 14.8029 0 23.9444
    endloop
  endfacet
  facet normal 0 -1 0
    outer loop
      vertex 49 0 0
      vertex 14.8029 0 23.9444
      vertex 14.8028 0 23.9419
    endloop
  endfacet
  facet normal 0 -1 0
    outer loop
      vertex 49 0 0
      vertex 14.8028 0 23.9419
      vertex 14.7404 0 22.7222
    endloop
  endfacet
  facet normal 0 -1 0
    outer loop
      vertex 49 0 0
      vertex 14.7404 0 22.7222
      vertex 14.7403 0 22.7197
    endloop
  endfacet
  facet normal 0 -1 0
    outer loop
      vertex 49 0 0
      vertex 14.7403 0 22.7197
      vertex 14.6779 0 21.5
    endloop
  endfacet
  facet normal 0 -1 0
    outer loop
      vertex 49 0 0
      vertex 14.6779 0 21.5
      vertex 14.6777 0 21.4975
    endloop
  endfacet
  facet normal 0 -1 0
    outer loop
      vertex 49 0 0
      vertex 14.6777 0 21.4975
      vertex 14.6154 0 20.2778
    endloop
  endfacet
  facet normal 0 -1 0
    outer loop
      vertex 49 0 0
      vertex 14.6154 0 20.2778
      vertex 14.6152 0 20.2753
    endloop
  endfacet
  facet normal 0 -1 0
    outer loop
      vertex 49 0 0
      vertex 14.6152 0 20.2753
      vertex 14.5529 0 19.0556
    endloop
  endfacet
  facet normal 0 -1 0
    outer loop
      vertex 49 0 0
      vertex 14.5529 0 19.0556
      vertex 14.5527 0 19.0531
    endloop
  endfacet
  facet normal 0 -1 0
    outer loop
      vertex 49 0 0
      vertex 14.5527 0 19.0531
      vertex 14.4904 0 17.8333
    endloop
  endfacet
  facet normal 0 -1 0
    outer loop
      vertex 49 0 0
      vertex 14.4904 0 17.8333
      vertex 14.4902 0 17.8308
    endloop
  endfacet
  facet normal 0 -1 0
    outer loop
      vertex 49 0 0
      vertex 14.4902 0 17.8308
      vertex 14.4278 0 16.6111
    endloop
  endfacet
  facet normal 0 -1 0
    outer loop
      vertex 49 0 0
      vertex 14.4278 0 16.6111
      vertex 14.4277 0 16.6086
    endloop
  endfacet
  facet normal 0 -1 0
    outer loop
      vertex 49 0 0
      vertex 14.4277 0 16.6086
      vertex 14.3653 0 15.3889
    endloop
  endfacet
  facet normal 0 -1 0
    outer loop
      vertex 49 0 0
      vertex 14.3653 0 15.3889
      vertex 14.3652 0 15.3864
    endloop
  endfacet
  facet normal 0 -1 0
    outer loop
      vertex 49 0 0
      vertex 14.3652 0 15.3864
      vertex 14.3028 0 14.1667
    endloop
  endfacet
  facet normal 0 -1 0
    outer loop
      vertex 49 0 0
      vertex 14.3028 0 14.1667
      vertex 14.3027 0 14.1642
    endloop
  endfacet
  facet normal 0 -1 0
    outer loop
      vertex 49 0 0
      vertex 14.3027 0 14.1642
      vertex 14.2403 0 12.9444
    endloop
  endfacet
  facet normal 0 -1 0
    outer loop
      vertex 49 0 0
      vertex 14.2403 0 12.9444
      vertex 14.2402 0 12.9419
    endloop
  endfacet
  facet normal 0 -1 0
    outer loop
      vertex 49 0 0
      vertex 14.2402 0 12.9419
      vertex 14.1778 0 11.7222
    endloop
  endfacet
  facet normal 0 -1 0
    outer loop
      vertex 49 0 0
      vertex 14.1778 0 11.7222
      vertex 14.1777 0 11.7197
    endloop
  endfacet
  facet normal 0 -1 0
    outer loop
      vertex 49 0 0
      vertex 14.1777 0 11.7197
      vertex 14.1153 0 10.5
    endloop
  endfacet
  facet normal 0 -1 0
    outer loop
      vertex 49 0 0
      vertex 14.1153 0 10.5
      vertex 14.1151 0 10.4975
    endloop
  endfacet
  facet normal 0 -1 0
    outer loop
      vertex 49 0 0
      vertex 14.1151 0 10.4975
      vertex 14.0528 0 9.27778
    endloop
  endfacet
  facet normal 0 -1 0
    outer loop
      vertex 49 0 0
      vertex 14.0528 0 9.27778
      vertex 14.0526 0 9.27528
    endloop
  endfacet
  facet normal 0 -1 0
    outer loop
      vertex 49 0 0
      vertex 14.0526 0 9.27528
      vertex 13.9903 0 8.05556
    endloop
  endfacet
  facet normal 0 -1 0
    outer loop
      vertex 49 0 0
      vertex 13.9903 0 8.05556
      vertex 13.9901 0 8.05306
    endloop
  endfacet
  facet normal 0 -1 0
    outer loop
      vertex 49 0 0
      vertex 13.9901 0 8.05306
      vertex 13.9277 0 6.83333
    endloop
  endfacet
  facet normal 0 -1 0
    outer loop
      vertex 49 0 0
      vertex 13.9277 0 6.83333
      vertex 13.9276 0 6.83084
    endloop
  endfacet
  facet normal 0 -1 0
    outer loop
      vertex 49 0 0
      vertex 13.9276 0 6.83084
      vertex 13.8652 0 5.61111
    endloop
  endfacet
  facet normal 0 -1 0
    outer loop
      vertex 49 0 0
      vertex 13.8652 0 5.61111
      vertex 13.8651 0 5.60862
    endloop
  endfacet
  facet normal 0 -1 0
    outer loop
      vertex 49 0 0
      vertex 13.8651 0 5.60862
      vertex 13.8027 0 4.38889
    endloop
  endfacet
  facet normal 0 -1 0
    outer loop
      vertex 49 0 0
      vertex 13.8027 0 4.38889
      vertex 13.8026 0 4.38639
    endloop
  endfacet
  facet normal 0 -1 0
    outer loop
      vertex 49 0 0
      vertex 13.8026 0 4.38639
      vertex 13.7402 0 3.16667
    endloop
  endfacet
  facet normal 0 -1 0
    outer loop
      vertex 49 0 0
      vertex 13.7402 0 3.16667
      vertex 13.7401 0 3.16417
    endloop
  endfacet
  facet normal 0 -1 0
    outer loop
      vertex 49 0 0
      vertex 13.7401 0 3.16417
      vertex 13.6777 0 1.94444
    endloop
  endfacet
  facet normal 0 -1 0
    outer loop
      vertex 49 0 0
      vertex 13.6777 0 1.94444
      vertex 13.6776 0 1.94195
    endloop
  endfacet
  facet normal 0 -1 0
    outer loop
      vertex 49 0 0
      vertex 13.6776 0 1.94195
      vertex 13.6152 0 0.722221
    endloop
  endfacet
  facet normal 0 -1 0
    outer loop
      vertex 49 0 0
      vertex 13.6152 0 0.722221
      vertex 13.615 0 0.719727
    endloop
  endfacet
  facet normal 0 -1 0
    outer loop
      vertex 49 0 0
      vertex 13.615 0 0.719727
      vertex 13.5782 0 0
    endloop
  endfacet
  facet normal 0 -1 0
    outer loop
      vertex 14.9904 0 27.6111
      vertex 49 0 0
      vertex 49 0 53.5
    endloop
  endfacet
  facet normal 0 -1 -0
    outer loop
      vertex -15.8027 0 43.6
      vertex -15.8031 0 43.5
      vertex -15.8027 0 43.5
    endloop
  endfacet
  facet normal 0.258815 0.965927 -0
    outer loop
      vertex 53.7883 57.1557 0
      vertex 51.4311 57.7873 14
      vertex 53.7883 57.1557 14
    endloop
  endfacet
  facet normal 0.258815 0.965927 0
    outer loop
      vertex 51.4311 57.7873 14
      vertex 53.7883 57.1557 0
      vertex 51.4311 57.7873 0
    endloop
  endfacet
  facet normal -0.258815 0.965927 0
    outer loop
      vertex -51.4311 57.7873 0
      vertex -53.7883 57.1557 14
      vertex -51.4311 57.7873 14
    endloop
  endfacet
  facet normal -0.258815 0.965927 0
    outer loop
      vertex -53.7883 57.1557 14
      vertex -51.4311 57.7873 0
      vertex -53.7883 57.1557 0
    endloop
  endfacet
  facet normal 0.57359 0.819143 0
    outer loop
      vertex 57.999 54.7246 53.5
      vertex 56.7904 55.5709 14
      vertex 56.7904 55.5709 53.5
    endloop
  endfacet
  facet normal 0.57359 0.819143 -0
    outer loop
      vertex 57.999 54.7246 0
      vertex 56.7904 55.5709 14
      vertex 57.999 54.7246 53.5
    endloop
  endfacet
  facet normal 0.5736 0.819136 1.30483e-06
    outer loop
      vertex 56 56.1244 0
      vertex 56.7904 55.5709 14
      vertex 57.999 54.7246 0
    endloop
  endfacet
  facet normal 0.573615 0.819125 0
    outer loop
      vertex 56.7904 55.5709 14
      vertex 56 56.1244 0
      vertex 56 56.1244 14
    endloop
  endfacet
  facet normal -0.0871546 -0.996195 0
    outer loop
      vertex -51.4311 0.212691 0
      vertex -49 0 53.5
      vertex -51.4311 0.212691 53.5
    endloop
  endfacet
  facet normal -0.0871546 -0.996195 -0
    outer loop
      vertex -49 0 53.5
      vertex -51.4311 0.212691 0
      vertex -49 0 0
    endloop
  endfacet
  facet normal 0.906314 -0.422604 0
    outer loop
      vertex 61.1244 7 53.5
      vertex 62.1557 9.21172 28.4285
      vertex 62.1557 9.21172 53.5
    endloop
  endfacet
  facet normal 0.906304 -0.422625 -2.28409e-06
    outer loop
      vertex 62.1557 9.21172 28.4285
      vertex 61.1244 7 53.5
      vertex 61.7272 8.29282 28
    endloop
  endfacet
  facet normal 0.906304 -0.422625 2.08446e-06
    outer loop
      vertex 61.1244 7 0
      vertex 62.1557 9.21172 27.5715
      vertex 61.7272 8.29282 28
    endloop
  endfacet
  facet normal 0.906322 -0.422588 0
    outer loop
      vertex 61.1244 7 0
      vertex 61.7272 8.29282 28
      vertex 61.1244 7 53.5
    endloop
  endfacet
  facet normal 0.906314 -0.422604 0
    outer loop
      vertex 62.1557 9.21172 27.5715
      vertex 61.1244 7 0
      vertex 62.1557 9.21172 0
    endloop
  endfacet
  facet normal 0.0871546 -0.996195 0
    outer loop
      vertex 49 0 0
      vertex 51.4311 0.212691 53.5
      vertex 49 0 53.5
    endloop
  endfacet
  facet normal 0.0871546 -0.996195 0
    outer loop
      vertex 51.4311 0.212691 53.5
      vertex 49 0 0
      vertex 51.4311 0.212691 0
    endloop
  endfacet
  facet normal 0 1 -0
    outer loop
      vertex 49 58 0
      vertex 44.6956 58 14
      vertex 49 58 14
    endloop
  endfacet
  facet normal 0 1 0
    outer loop
      vertex 44.6956 58 14
      vertex 49 58 0
      vertex 40.3044 58 14
    endloop
  endfacet
  facet normal 0 1 0
    outer loop
      vertex 40.3044 58 14
      vertex 49 58 0
      vertex 27.6956 58 14
    endloop
  endfacet
  facet normal -0 1 0
    outer loop
      vertex 0 58 0.194117
      vertex 27.6956 58 14
      vertex 1.50876 58 0
    endloop
  endfacet
  facet normal 0 1 -0
    outer loop
      vertex -1.50876 58 0
      vertex -27.6956 58 14
      vertex 0 58 0.194117
    endloop
  endfacet
  facet normal 0 1 0
    outer loop
      vertex -49 58 0
      vertex -27.6956 58 14
      vertex -1.50876 58 0
    endloop
  endfacet
  facet normal 0 1 0
    outer loop
      vertex -27.6956 58 14
      vertex -49 58 0
      vertex -40.3044 58 14
    endloop
  endfacet
  facet normal 0 1 0
    outer loop
      vertex 27.6956 58 14
      vertex 49 58 0
      vertex 1.50876 58 0
    endloop
  endfacet
  facet normal 0 1 0
    outer loop
      vertex 27.6956 58 14
      vertex 0 58 0.194117
      vertex -27.6956 58 14
    endloop
  endfacet
  facet normal 0 1 -0
    outer loop
      vertex 44.6956 58 14
      vertex 40.3044 58 26.7272
      vertex 44.6956 58 26.7272
    endloop
  endfacet
  facet normal 0 1 0
    outer loop
      vertex 40.3044 58 26.7272
      vertex 44.6956 58 14
      vertex 40.3044 58 14
    endloop
  endfacet
  facet normal 0 1 -0
    outer loop
      vertex 27.6956 58 14
      vertex -27.6956 58 26.7272
      vertex 27.6956 58 26.7272
    endloop
  endfacet
  facet normal 0 1 0
    outer loop
      vertex -27.6956 58 26.7272
      vertex 27.6956 58 14
      vertex -27.6956 58 14
    endloop
  endfacet
  facet normal 0 1 -0
    outer loop
      vertex -40.3044 58 14
      vertex -44.6956 58 26.7272
      vertex -40.3044 58 26.7272
    endloop
  endfacet
  facet normal 0 1 0
    outer loop
      vertex -44.6956 58 26.7272
      vertex -40.3044 58 14
      vertex -44.6956 58 14
    endloop
  endfacet
  facet normal 0 1 0
    outer loop
      vertex -40.3044 58 14
      vertex -49 58 0
      vertex -44.6956 58 14
    endloop
  endfacet
  facet normal 0 1 0
    outer loop
      vertex -44.6956 58 14
      vertex -49 58 0
      vertex -49 58 14
    endloop
  endfacet
  facet normal 0 1 -0
    outer loop
      vertex -40.3044 58 29.2728
      vertex -44.6956 58 53.5
      vertex -40.3044 58 53.5
    endloop
  endfacet
  facet normal 0 1 0
    outer loop
      vertex -44.6956 58 53.5
      vertex -40.3044 58 29.2728
      vertex -44.6956 58 29.2728
    endloop
  endfacet
  facet normal 0 1 -0
    outer loop
      vertex 27.6956 58 29.2728
      vertex -27.6956 58 53.5
      vertex 27.6956 58 53.5
    endloop
  endfacet
  facet normal 0 1 0
    outer loop
      vertex -27.6956 58 53.5
      vertex 27.6956 58 29.2728
      vertex -27.6956 58 29.2728
    endloop
  endfacet
  facet normal 0 1 -0
    outer loop
      vertex 44.6956 58 29.2728
      vertex 40.3044 58 53.5
      vertex 44.6956 58 53.5
    endloop
  endfacet
  facet normal 0 1 0
    outer loop
      vertex 40.3044 58 53.5
      vertex 44.6956 58 29.2728
      vertex 40.3044 58 29.2728
    endloop
  endfacet
  facet normal -0.707105 -0.707109 0
    outer loop
      vertex -57.999 3.27538 0
      vertex -59.7246 5.00097 53.5
      vertex -59.7246 5.00097 0
    endloop
  endfacet
  facet normal -0.707105 -0.707109 0
    outer loop
      vertex -59.7246 5.00097 53.5
      vertex -57.999 3.27538 0
      vertex -57.999 3.27538 53.5
    endloop
  endfacet
  facet normal -0.25882 -0.965926 0
    outer loop
      vertex -53.7883 0.844303 0
      vertex -51.4311 0.212691 53.5
      vertex -53.7883 0.844303 53.5
    endloop
  endfacet
  facet normal -0.25882 -0.965926 -0
    outer loop
      vertex -51.4311 0.212691 53.5
      vertex -53.7883 0.844303 0
      vertex -51.4311 0.212691 0
    endloop
  endfacet
  facet normal 0.0871583 0.996194 -0
    outer loop
      vertex 51.4311 57.7873 0
      vertex 49 58 14
      vertex 51.4311 57.7873 14
    endloop
  endfacet
  facet normal 0.0871583 0.996194 0
    outer loop
      vertex 49 58 14
      vertex 51.4311 57.7873 0
      vertex 49 58 0
    endloop
  endfacet
  facet normal 0.422607 0.906313 -0
    outer loop
      vertex 56 56.1244 0
      vertex 53.7883 57.1557 14
      vertex 56 56.1244 14
    endloop
  endfacet
  facet normal 0.422607 0.906313 0
    outer loop
      vertex 53.7883 57.1557 14
      vertex 56 56.1244 0
      vertex 53.7883 57.1557 0
    endloop
  endfacet
  facet normal -0.965927 0.258815 0
    outer loop
      vertex -62.7873 46.4311 26.9399
      vertex -62.1557 48.7883 0
      vertex -62.7873 46.4311 0
    endloop
  endfacet
  facet normal -0.965927 0.258815 0
    outer loop
      vertex -62.1557 48.7883 0
      vertex -62.7873 46.4311 26.9399
      vertex -62.1557 48.7883 27.5715
    endloop
  endfacet
  facet normal -0.965927 0.258815 0
    outer loop
      vertex -62.7873 46.4311 29.0601
      vertex -62.1557 48.7883 53.5
      vertex -62.1557 48.7883 28.4285
    endloop
  endfacet
  facet normal -0.965927 0.258815 0
    outer loop
      vertex -62.1557 48.7883 53.5
      vertex -62.7873 46.4311 29.0601
      vertex -62.7873 46.4311 53.5
    endloop
  endfacet
  facet normal -0.965926 -0.258817 -0
    outer loop
      vertex -62.1557 9.21172 53.5
      vertex -62.7873 11.5689 29.0601
      vertex -62.1557 9.21172 28.4285
    endloop
  endfacet
  facet normal -0.965926 -0.258817 0
    outer loop
      vertex -62.7873 11.5689 29.0601
      vertex -62.1557 9.21172 53.5
      vertex -62.7873 11.5689 53.5
    endloop
  endfacet
  facet normal -0.965926 -0.258817 0
    outer loop
      vertex -62.1557 9.21172 0
      vertex -62.7873 11.5689 26.9399
      vertex -62.7873 11.5689 0
    endloop
  endfacet
  facet normal -0.965926 -0.258817 0
    outer loop
      vertex -62.7873 11.5689 26.9399
      vertex -62.1557 9.21172 0
      vertex -62.1557 9.21172 27.5715
    endloop
  endfacet
  facet normal 0.906319 0.422594 0
    outer loop
      vertex 61.1244 51 53.5
      vertex 61.7272 49.7072 28
      vertex 61.1244 51 0
    endloop
  endfacet
  facet normal 0.906313 0.422607 -0
    outer loop
      vertex 62.1557 48.7883 28.4285
      vertex 61.1244 51 53.5
      vertex 62.1557 48.7883 53.5
    endloop
  endfacet
  facet normal 0.906304 0.422626 -1.96028e-06
    outer loop
      vertex 61.1244 51 53.5
      vertex 62.1557 48.7883 28.4285
      vertex 61.7272 49.7072 28
    endloop
  endfacet
  facet normal 0.906304 0.422626 1.78894e-06
    outer loop
      vertex 62.1557 48.7883 27.5715
      vertex 61.1244 51 0
      vertex 61.7272 49.7072 28
    endloop
  endfacet
  facet normal 0.906313 0.422607 0
    outer loop
      vertex 61.1244 51 0
      vertex 62.1557 48.7883 27.5715
      vertex 62.1557 48.7883 0
    endloop
  endfacet
  facet normal -1 0 0
    outer loop
      vertex -63 14 29.2728
      vertex -63 44 53.5
      vertex -63 44 29.2728
    endloop
  endfacet
  facet normal -1 -0 0
    outer loop
      vertex -63 44 53.5
      vertex -63 14 29.2728
      vertex -63 14 53.5
    endloop
  endfacet
  facet normal -1 0 0
    outer loop
      vertex -63 14 0
      vertex -63 44 26.7272
      vertex -63 44 0
    endloop
  endfacet
  facet normal -1 -0 0
    outer loop
      vertex -63 44 26.7272
      vertex -63 14 0
      vertex -63 14 26.7272
    endloop
  endfacet
  facet normal -0.422607 0.906313 0
    outer loop
      vertex -53.7883 57.1557 0
      vertex -56 56.1244 14
      vertex -53.7883 57.1557 14
    endloop
  endfacet
  facet normal -0.422607 0.906313 0
    outer loop
      vertex -56 56.1244 14
      vertex -53.7883 57.1557 0
      vertex -56 56.1244 0
    endloop
  endfacet
  facet normal 0.996194 0.0871583 -0
    outer loop
      vertex 63 44 29.2728
      vertex 62.7873 46.4311 53.5
      vertex 63 44 53.5
    endloop
  endfacet
  facet normal 0.996194 0.0871583 0
    outer loop
      vertex 62.7873 46.4311 53.5
      vertex 63 44 29.2728
      vertex 62.7873 46.4311 29.0601
    endloop
  endfacet
  facet normal 0.996194 0.0871583 0
    outer loop
      vertex 63 44 26.7272
      vertex 62.7873 46.4311 0
      vertex 62.7873 46.4311 26.9399
    endloop
  endfacet
  facet normal 0.996194 0.0871583 0
    outer loop
      vertex 62.7873 46.4311 0
      vertex 63 44 26.7272
      vertex 63 44 0
    endloop
  endfacet
  facet normal 0.81914 -0.573594 0
    outer loop
      vertex 59.7246 5.00097 53.5
      vertex 61.1244 7 0
      vertex 61.1244 7 53.5
    endloop
  endfacet
  facet normal 0.81914 -0.573594 0
    outer loop
      vertex 61.1244 7 0
      vertex 59.7246 5.00097 53.5
      vertex 59.7246 5.00097 0
    endloop
  endfacet
  facet normal -0.0871583 0.996194 0
    outer loop
      vertex -49 58 0
      vertex -51.4311 57.7873 14
      vertex -49 58 14
    endloop
  endfacet
  facet normal -0.0871583 0.996194 0
    outer loop
      vertex -51.4311 57.7873 14
      vertex -49 58 0
      vertex -51.4311 57.7873 0
    endloop
  endfacet
  facet normal -0.996194 -0.0871583 -0
    outer loop
      vertex -62.7873 11.5689 53.5
      vertex -63 14 29.2728
      vertex -62.7873 11.5689 29.0601
    endloop
  endfacet
  facet normal -0.996194 -0.0871583 0
    outer loop
      vertex -63 14 29.2728
      vertex -62.7873 11.5689 53.5
      vertex -63 14 53.5
    endloop
  endfacet
  facet normal -0.996194 -0.0871583 0
    outer loop
      vertex -62.7873 11.5689 0
      vertex -63 14 26.7272
      vertex -63 14 0
    endloop
  endfacet
  facet normal -0.996194 -0.0871583 0
    outer loop
      vertex -63 14 26.7272
      vertex -62.7873 11.5689 0
      vertex -62.7873 11.5689 26.9399
    endloop
  endfacet
  facet normal 1 -0 0
    outer loop
      vertex 63 14 53.5
      vertex 63 44 29.2728
      vertex 63 44 53.5
    endloop
  endfacet
  facet normal 1 0 0
    outer loop
      vertex 63 44 29.2728
      vertex 63 14 53.5
      vertex 63 14 29.2728
    endloop
  endfacet
  facet normal 1 -0 0
    outer loop
      vertex 63 14 26.7272
      vertex 63 44 0
      vertex 63 44 26.7272
    endloop
  endfacet
  facet normal 1 0 0
    outer loop
      vertex 63 44 0
      vertex 63 14 26.7272
      vertex 63 14 0
    endloop
  endfacet
  facet normal -0.707107 0.707107 0
    outer loop
      vertex -59.7246 52.999 0
      vertex -57.999 54.7246 53.5
      vertex -57.999 54.7246 0
    endloop
  endfacet
  facet normal -0.707107 0.707107 0
    outer loop
      vertex -57.999 54.7246 53.5
      vertex -59.7246 52.999 0
      vertex -59.7246 52.999 53.5
    endloop
  endfacet
  facet normal -0.573615 0.819125 0
    outer loop
      vertex -56 56.1244 14
      vertex -56 56.1244 0
      vertex -56.7904 55.5709 14
    endloop
  endfacet
  facet normal -0.57359 0.819143 0
    outer loop
      vertex -56.7904 55.5709 14
      vertex -57.999 54.7246 53.5
      vertex -56.7904 55.5709 53.5
    endloop
  endfacet
  facet normal -0.57359 0.819143 0
    outer loop
      vertex -56.7904 55.5709 14
      vertex -57.999 54.7246 0
      vertex -57.999 54.7246 53.5
    endloop
  endfacet
  facet normal -0.5736 0.819136 1.30483e-06
    outer loop
      vertex -57.999 54.7246 0
      vertex -56.7904 55.5709 14
      vertex -56 56.1244 0
    endloop
  endfacet
  facet normal -0.573583 -0.819147 0
    outer loop
      vertex -57.999 3.27538 0
      vertex -56 1.87564 53.5
      vertex -57.999 3.27538 53.5
    endloop
  endfacet
  facet normal -0.573583 -0.819147 -0
    outer loop
      vertex -56 1.87564 53.5
      vertex -57.999 3.27538 0
      vertex -56 1.87564 0
    endloop
  endfacet
  facet normal -0.42262 -0.906307 0
    outer loop
      vertex -56 1.87564 0
      vertex -53.7883 0.844303 53.5
      vertex -56 1.87564 53.5
    endloop
  endfacet
  facet normal -0.42262 -0.906307 -0
    outer loop
      vertex -53.7883 0.844303 53.5
      vertex -56 1.87564 0
      vertex -53.7883 0.844303 0
    endloop
  endfacet
  facet normal 0.965927 0.258815 -0
    outer loop
      vertex 62.7873 46.4311 29.0601
      vertex 62.1557 48.7883 53.5
      vertex 62.7873 46.4311 53.5
    endloop
  endfacet
  facet normal 0.965927 0.258815 0
    outer loop
      vertex 62.1557 48.7883 53.5
      vertex 62.7873 46.4311 29.0601
      vertex 62.1557 48.7883 28.4285
    endloop
  endfacet
  facet normal 0.965927 0.258815 0
    outer loop
      vertex 62.7873 46.4311 26.9399
      vertex 62.1557 48.7883 0
      vertex 62.1557 48.7883 27.5715
    endloop
  endfacet
  facet normal 0.965927 0.258815 0
    outer loop
      vertex 62.1557 48.7883 0
      vertex 62.7873 46.4311 26.9399
      vertex 62.7873 46.4311 0
    endloop
  endfacet
  facet normal -0.906319 0.422594 0
    outer loop
      vertex -61.1244 51 0
      vertex -61.7272 49.7072 28
      vertex -61.1244 51 53.5
    endloop
  endfacet
  facet normal -0.906313 0.422607 0
    outer loop
      vertex -62.1557 48.7883 27.5715
      vertex -61.1244 51 0
      vertex -62.1557 48.7883 0
    endloop
  endfacet
  facet normal -0.906304 0.422626 1.78894e-06
    outer loop
      vertex -61.1244 51 0
      vertex -62.1557 48.7883 27.5715
      vertex -61.7272 49.7072 28
    endloop
  endfacet
  facet normal -0.906304 0.422626 -1.96028e-06
    outer loop
      vertex -62.1557 48.7883 28.4285
      vertex -61.1244 51 53.5
      vertex -61.7272 49.7072 28
    endloop
  endfacet
  facet normal -0.906313 0.422607 0
    outer loop
      vertex -61.1244 51 53.5
      vertex -62.1557 48.7883 28.4285
      vertex -62.1557 48.7883 53.5
    endloop
  endfacet
  facet normal 0.965926 -0.258817 0
    outer loop
      vertex 62.1557 9.21172 0
      vertex 62.7873 11.5689 26.9399
      vertex 62.1557 9.21172 27.5715
    endloop
  endfacet
  facet normal 0.965926 -0.258817 0
    outer loop
      vertex 62.7873 11.5689 26.9399
      vertex 62.1557 9.21172 0
      vertex 62.7873 11.5689 0
    endloop
  endfacet
  facet normal 0.965926 -0.258817 0
    outer loop
      vertex 62.1557 9.21172 53.5
      vertex 62.7873 11.5689 29.0601
      vertex 62.7873 11.5689 53.5
    endloop
  endfacet
  facet normal 0.965926 -0.258817 0
    outer loop
      vertex 62.7873 11.5689 29.0601
      vertex 62.1557 9.21172 53.5
      vertex 62.1557 9.21172 28.4285
    endloop
  endfacet
  facet normal -0.996194 0.0871583 0
    outer loop
      vertex -63 44 29.2728
      vertex -62.7873 46.4311 53.5
      vertex -62.7873 46.4311 29.0601
    endloop
  endfacet
  facet normal -0.996194 0.0871583 0
    outer loop
      vertex -62.7873 46.4311 53.5
      vertex -63 44 29.2728
      vertex -63 44 53.5
    endloop
  endfacet
  facet normal -0.996194 0.0871583 0
    outer loop
      vertex -63 44 26.7272
      vertex -62.7873 46.4311 0
      vertex -63 44 0
    endloop
  endfacet
  facet normal -0.996194 0.0871583 0
    outer loop
      vertex -62.7873 46.4311 0
      vertex -63 44 26.7272
      vertex -62.7873 46.4311 26.9399
    endloop
  endfacet
  facet normal -0.81914 -0.573594 0
    outer loop
      vertex -59.7246 5.00097 0
      vertex -61.1244 7 53.5
      vertex -61.1244 7 0
    endloop
  endfacet
  facet normal -0.81914 -0.573594 0
    outer loop
      vertex -61.1244 7 53.5
      vertex -59.7246 5.00097 0
      vertex -59.7246 5.00097 53.5
    endloop
  endfacet
  facet normal -0.819136 0.5736 0
    outer loop
      vertex -61.1244 51 0
      vertex -59.7246 52.999 53.5
      vertex -59.7246 52.999 0
    endloop
  endfacet
  facet normal -0.819136 0.5736 0
    outer loop
      vertex -59.7246 52.999 53.5
      vertex -61.1244 51 0
      vertex -61.1244 51 53.5
    endloop
  endfacet
  facet normal 0.996194 -0.0871583 0
    outer loop
      vertex 62.7873 11.5689 53.5
      vertex 63 14 29.2728
      vertex 63 14 53.5
    endloop
  endfacet
  facet normal 0.996194 -0.0871583 0
    outer loop
      vertex 63 14 29.2728
      vertex 62.7873 11.5689 53.5
      vertex 62.7873 11.5689 29.0601
    endloop
  endfacet
  facet normal 0.996194 -0.0871583 0
    outer loop
      vertex 62.7873 11.5689 0
      vertex 63 14 26.7272
      vertex 62.7873 11.5689 26.9399
    endloop
  endfacet
  facet normal 0.996194 -0.0871583 0
    outer loop
      vertex 63 14 26.7272
      vertex 62.7873 11.5689 0
      vertex 63 14 0
    endloop
  endfacet
  facet normal 0 0 -1
    outer loop
      vertex -49 0 0
      vertex -14.3514 2.88545 0
      vertex -13.5782 0 0
    endloop
  endfacet
  facet normal 0 0 -1
    outer loop
      vertex -14.891 4.88999 0
      vertex -16.7973 11.9817 0
      vertex -16.6574 11.8837 0
    endloop
  endfacet
  facet normal -0 0 -1
    outer loop
      vertex -14.3514 2.88545 0
      vertex -49 0 0
      vertex -14.891 4.88999 0
    endloop
  endfacet
  facet normal 0 0 -1
    outer loop
      vertex -14.891 4.88999 0
      vertex -20.0183 15.2027 0
      vertex -16.7973 11.9817 0
    endloop
  endfacet
  facet normal -0 0 -1
    outer loop
      vertex -14.891 4.88999 0
      vertex -49 0 0
      vertex -20.0183 15.2027 0
    endloop
  endfacet
  facet normal -0 0 -1
    outer loop
      vertex -20.0183 15.2027 0
      vertex -49 0 0
      vertex -20.1163 15.3426 0
    endloop
  endfacet
  facet normal 0 0 -1
    outer loop
      vertex -35.0261 35.1809 0
      vertex -24.6003 23.2273 0
      vertex -24.556 23.0623 0
    endloop
  endfacet
  facet normal 0 0 -1
    outer loop
      vertex -34 35 0
      vertex -25.7499 27.6324 0
      vertex -25.735 27.4622 0
    endloop
  endfacet
  facet normal 0 0 -1
    outer loop
      vertex -25.7499 27.6324 0
      vertex -32.9739 35.1809 0
      vertex -26.132 32 0
    endloop
  endfacet
  facet normal 0 0 -1
    outer loop
      vertex -24.6003 23.2273 0
      vertex -34.5209 35.0456 0
      vertex -25.735 27.4622 0
    endloop
  endfacet
  facet normal 0 0 -1
    outer loop
      vertex -26.132 32 0
      vertex -31.0456 37.4791 0
      vertex -31 38 0
    endloop
  endfacet
  facet normal 0 0 -1
    outer loop
      vertex -26.132 32 0
      vertex -31.1809 36.9739 0
      vertex -31.0456 37.4791 0
    endloop
  endfacet
  facet normal 0 0 -1
    outer loop
      vertex -49 0 0
      vertex -24.556 23.0623 0
      vertex -24.4839 22.9075 0
    endloop
  endfacet
  facet normal 0 0 -1
    outer loop
      vertex -49 0 0
      vertex -24.4839 22.9075 0
      vertex -22.631 18.934 0
    endloop
  endfacet
  facet normal 0 0 -1
    outer loop
      vertex -26.132 32 0
      vertex -31.4019 36.5 0
      vertex -31.1809 36.9739 0
    endloop
  endfacet
  facet normal -0 0 -1
    outer loop
      vertex -20.1163 15.3426 0
      vertex -49 0 0
      vertex -22.631 18.934 0
    endloop
  endfacet
  facet normal 0 0 -1
    outer loop
      vertex -26.132 32 0
      vertex -31.7019 36.0716 0
      vertex -31.4019 36.5 0
    endloop
  endfacet
  facet normal 0 0 -1
    outer loop
      vertex -26.132 32 0
      vertex -32.0716 35.7019 0
      vertex -31.7019 36.0716 0
    endloop
  endfacet
  facet normal 0 0 -1
    outer loop
      vertex -26.132 32 0
      vertex -32.5 35.4019 0
      vertex -32.0716 35.7019 0
    endloop
  endfacet
  facet normal 0 0 -1
    outer loop
      vertex -26.132 32 0
      vertex -32.9739 35.1809 0
      vertex -32.5 35.4019 0
    endloop
  endfacet
  facet normal 0 0 -1
    outer loop
      vertex -25.7499 27.6324 0
      vertex -33.4791 35.0456 0
      vertex -32.9739 35.1809 0
    endloop
  endfacet
  facet normal -0 0 -1
    outer loop
      vertex -24.556 23.0623 0
      vertex -49 0 0
      vertex -49.9739 35.1809 0
    endloop
  endfacet
  facet normal 0 0 -1
    outer loop
      vertex -25.7499 27.6324 0
      vertex -34 35 0
      vertex -33.4791 35.0456 0
    endloop
  endfacet
  facet normal 0 0 -1
    outer loop
      vertex -25.735 27.4622 0
      vertex -34.5209 35.0456 0
      vertex -34 35 0
    endloop
  endfacet
  facet normal 0 0 -1
    outer loop
      vertex -24.6003 23.2273 0
      vertex -35.0261 35.1809 0
      vertex -34.5209 35.0456 0
    endloop
  endfacet
  facet normal 0 0 -1
    outer loop
      vertex -24.556 23.0623 0
      vertex -49.9739 35.1809 0
      vertex -35.0261 35.1809 0
    endloop
  endfacet
  facet normal 0 0 -1
    outer loop
      vertex -35.0261 35.1809 0
      vertex -49.9739 35.1809 0
      vertex -35.5 35.4019 0
    endloop
  endfacet
  facet normal 0 -0 -1
    outer loop
      vertex -49.5 35.4019 0
      vertex -35.5 35.4019 0
      vertex -49.9739 35.1809 0
    endloop
  endfacet
  facet normal 0 0 -1
    outer loop
      vertex -36.9544 37.4791 0
      vertex -48 38 0
      vertex -37 38 0
    endloop
  endfacet
  facet normal 0 0 -1
    outer loop
      vertex -48.0456 37.4791 0
      vertex -36.9544 37.4791 0
      vertex -36.8191 36.9739 0
    endloop
  endfacet
  facet normal 0 0 -1
    outer loop
      vertex -48.1809 36.9739 0
      vertex -36.8191 36.9739 0
      vertex -36.5981 36.5 0
    endloop
  endfacet
  facet normal 0 0 -1
    outer loop
      vertex -35.5 35.4019 0
      vertex -49.5 35.4019 0
      vertex -35.9284 35.7019 0
    endloop
  endfacet
  facet normal 0 0 -1
    outer loop
      vertex -36.9544 37.4791 0
      vertex -48.0456 37.4791 0
      vertex -48 38 0
    endloop
  endfacet
  facet normal 0 0 -1
    outer loop
      vertex -36.8191 36.9739 0
      vertex -48.1809 36.9739 0
      vertex -48.0456 37.4791 0
    endloop
  endfacet
  facet normal 0 0 -1
    outer loop
      vertex -36.5981 36.5 0
      vertex -48.4019 36.5 0
      vertex -48.1809 36.9739 0
    endloop
  endfacet
  facet normal -0 0 -1
    outer loop
      vertex -36.5981 36.5 0
      vertex -48.7019 36.0716 0
      vertex -48.4019 36.5 0
    endloop
  endfacet
  facet normal 0 0 -1
    outer loop
      vertex -35.9284 35.7019 0
      vertex -49.0716 35.7019 0
      vertex -36.2981 36.0716 0
    endloop
  endfacet
  facet normal 0 0 -1
    outer loop
      vertex -36.2981 36.0716 0
      vertex -48.7019 36.0716 0
      vertex -36.5981 36.5 0
    endloop
  endfacet
  facet normal 0 -0 -1
    outer loop
      vertex -48.7019 36.0716 0
      vertex -36.2981 36.0716 0
      vertex -49.0716 35.7019 0
    endloop
  endfacet
  facet normal 0 -0 -1
    outer loop
      vertex -49.0716 35.7019 0
      vertex -35.9284 35.7019 0
      vertex -49.5 35.4019 0
    endloop
  endfacet
  facet normal 0 0 -1
    outer loop
      vertex -63 14 0
      vertex -49.9739 35.1809 0
      vertex -49 0 0
    endloop
  endfacet
  facet normal 0 0 -1
    outer loop
      vertex -49.9739 35.1809 0
      vertex -63 14 0
      vertex -50.4791 35.0456 0
    endloop
  endfacet
  facet normal 0 0 -1
    outer loop
      vertex -63 14 0
      vertex -49 0 0
      vertex -51.4311 0.212691 0
    endloop
  endfacet
  facet normal 0 0 -1
    outer loop
      vertex -50.4791 35.0456 0
      vertex -63 14 0
      vertex -51 35 0
    endloop
  endfacet
  facet normal -0 0 -1
    outer loop
      vertex -51 35 0
      vertex -63 14 0
      vertex -51.5209 35.0456 0
    endloop
  endfacet
  facet normal -0 0 -1
    outer loop
      vertex -51.5209 35.0456 0
      vertex -63 14 0
      vertex -52.0261 35.1809 0
    endloop
  endfacet
  facet normal -0 0 -1
    outer loop
      vertex -52.0261 35.1809 0
      vertex -63 14 0
      vertex -52.5 35.4019 0
    endloop
  endfacet
  facet normal -0 0 -1
    outer loop
      vertex -52.5 35.4019 0
      vertex -63 14 0
      vertex -52.9284 35.7019 0
    endloop
  endfacet
  facet normal -0 0 -1
    outer loop
      vertex -52.9284 35.7019 0
      vertex -63 14 0
      vertex -53.2981 36.0716 0
    endloop
  endfacet
  facet normal 0 0 -1
    outer loop
      vertex -63 14 0
      vertex -51.4311 0.212691 0
      vertex -53.7883 0.844303 0
    endloop
  endfacet
  facet normal -0 0 -1
    outer loop
      vertex -53.2981 36.0716 0
      vertex -63 14 0
      vertex -53.5981 36.5 0
    endloop
  endfacet
  facet normal 0 0 -1
    outer loop
      vertex -63 44 0
      vertex -53.5981 36.5 0
      vertex -63 14 0
    endloop
  endfacet
  facet normal 0 0 -1
    outer loop
      vertex -53.5981 36.5 0
      vertex -63 44 0
      vertex -53.8191 36.9739 0
    endloop
  endfacet
  facet normal 0 0 -1
    outer loop
      vertex -63 14 0
      vertex -53.7883 0.844303 0
      vertex -56 1.87564 0
    endloop
  endfacet
  facet normal 0 0 -1
    outer loop
      vertex 49 0 0
      vertex 63 14 0
      vertex 62.7873 11.5689 0
    endloop
  endfacet
  facet normal 0 0 -1
    outer loop
      vertex 63 14 0
      vertex 53.5981 36.5 0
      vertex 63 44 0
    endloop
  endfacet
  facet normal 0 0 -1
    outer loop
      vertex 49 0 0
      vertex 62.7873 11.5689 0
      vertex 62.1557 9.21172 0
    endloop
  endfacet
  facet normal 0 -0 -1
    outer loop
      vertex 53.9544 37.4791 0
      vertex 63 44 0
      vertex 53.8191 36.9739 0
    endloop
  endfacet
  facet normal 0 0 -1
    outer loop
      vertex 49 0 0
      vertex 62.1557 9.21172 0
      vertex 61.1244 7 0
    endloop
  endfacet
  facet normal 0 -0 -1
    outer loop
      vertex 54 38 0
      vertex 63 44 0
      vertex 53.9544 37.4791 0
    endloop
  endfacet
  facet normal 0 0 -1
    outer loop
      vertex 49 0 0
      vertex 61.1244 7 0
      vertex 59.7246 5.00097 0
    endloop
  endfacet
  facet normal 0 0 -1
    outer loop
      vertex 53.9544 38.5209 0
      vertex 63 44 0
      vertex 54 38 0
    endloop
  endfacet
  facet normal 0 0 -1
    outer loop
      vertex 49 0 0
      vertex 59.7246 5.00097 0
      vertex 57.999 3.27538 0
    endloop
  endfacet
  facet normal 0 0 -1
    outer loop
      vertex 53.5981 39.5 0
      vertex 63 44 0
      vertex 53.8191 39.0261 0
    endloop
  endfacet
  facet normal 0 0 -1
    outer loop
      vertex 49 0 0
      vertex 57.999 3.27538 0
      vertex 56 1.87564 0
    endloop
  endfacet
  facet normal 0 0 -1
    outer loop
      vertex 53.2981 39.9284 0
      vertex 63 44 0
      vertex 53.5981 39.5 0
    endloop
  endfacet
  facet normal -0 0 -1
    outer loop
      vertex 63 44 0
      vertex 52.9284 40.2981 0
      vertex 62.7873 46.4311 0
    endloop
  endfacet
  facet normal 0 0 -1
    outer loop
      vertex 52.9284 40.2981 0
      vertex 63 44 0
      vertex 53.2981 39.9284 0
    endloop
  endfacet
  facet normal 0 0 -1
    outer loop
      vertex 53.8191 39.0261 0
      vertex 63 44 0
      vertex 53.9544 38.5209 0
    endloop
  endfacet
  facet normal 0 0 -1
    outer loop
      vertex 49 0 0
      vertex 56 1.87564 0
      vertex 53.7883 0.844303 0
    endloop
  endfacet
  facet normal 0 0 -1
    outer loop
      vertex 63 44 0
      vertex 53.5981 36.5 0
      vertex 53.8191 36.9739 0
    endloop
  endfacet
  facet normal 0 0 -1
    outer loop
      vertex 63 14 0
      vertex 53.2981 36.0716 0
      vertex 53.5981 36.5 0
    endloop
  endfacet
  facet normal 0 0 -1
    outer loop
      vertex 63 14 0
      vertex 52.9284 35.7019 0
      vertex 53.2981 36.0716 0
    endloop
  endfacet
  facet normal 0 0 -1
    outer loop
      vertex 63 14 0
      vertex 52.5 35.4019 0
      vertex 52.9284 35.7019 0
    endloop
  endfacet
  facet normal 0 0 -1
    outer loop
      vertex 63 14 0
      vertex 52.0261 35.1809 0
      vertex 52.5 35.4019 0
    endloop
  endfacet
  facet normal 0 0 -1
    outer loop
      vertex 63 14 0
      vertex 51.5209 35.0456 0
      vertex 52.0261 35.1809 0
    endloop
  endfacet
  facet normal 0 0 -1
    outer loop
      vertex 49 0 0
      vertex 53.7883 0.844303 0
      vertex 51.4311 0.212691 0
    endloop
  endfacet
  facet normal 0 0 -1
    outer loop
      vertex 63 14 0
      vertex 51 35 0
      vertex 51.5209 35.0456 0
    endloop
  endfacet
  facet normal 0 0 -1
    outer loop
      vertex 63 14 0
      vertex 50.4791 35.0456 0
      vertex 51 35 0
    endloop
  endfacet
  facet normal 0 -0 -1
    outer loop
      vertex 49.9739 35.1809 0
      vertex 63 14 0
      vertex 49 0 0
    endloop
  endfacet
  facet normal 0 0 -1
    outer loop
      vertex 63 14 0
      vertex 49.9739 35.1809 0
      vertex 50.4791 35.0456 0
    endloop
  endfacet
  facet normal 0 0 -1
    outer loop
      vertex 24.556 23.0623 0
      vertex 49.9739 35.1809 0
      vertex 49 0 0
    endloop
  endfacet
  facet normal 0 -0 -1
    outer loop
      vertex 35.0261 35.1809 0
      vertex 49.9739 35.1809 0
      vertex 24.556 23.0623 0
    endloop
  endfacet
  facet normal 0 -0 -1
    outer loop
      vertex 35.5 35.4019 0
      vertex 49.5 35.4019 0
      vertex 35.0261 35.1809 0
    endloop
  endfacet
  facet normal 0 0 -1
    outer loop
      vertex 49.5 35.4019 0
      vertex 35.5 35.4019 0
      vertex 49.0716 35.7019 0
    endloop
  endfacet
  facet normal 0 0 -1
    outer loop
      vertex 49.0716 35.7019 0
      vertex 35.9284 35.7019 0
      vertex 48.7019 36.0716 0
    endloop
  endfacet
  facet normal 0 -0 -1
    outer loop
      vertex 36.2981 36.0716 0
      vertex 48.7019 36.0716 0
      vertex 35.9284 35.7019 0
    endloop
  endfacet
  facet normal 0 0 -1
    outer loop
      vertex 48.7019 36.0716 0
      vertex 36.2981 36.0716 0
      vertex 48.4019 36.5 0
    endloop
  endfacet
  facet normal 0 -0 -1
    outer loop
      vertex 36.5981 36.5 0
      vertex 48.4019 36.5 0
      vertex 36.2981 36.0716 0
    endloop
  endfacet
  facet normal -0 0 -1
    outer loop
      vertex 48 38 0
      vertex 36.9544 37.4791 0
      vertex 37 38 0
    endloop
  endfacet
  facet normal 0 0 -1
    outer loop
      vertex 48.0456 37.4791 0
      vertex 36.9544 37.4791 0
      vertex 48 38 0
    endloop
  endfacet
  facet normal 0 -0 -1
    outer loop
      vertex 36.9544 37.4791 0
      vertex 48.0456 37.4791 0
      vertex 36.8191 36.9739 0
    endloop
  endfacet
  facet normal 0 0 -1
    outer loop
      vertex 48.1809 36.9739 0
      vertex 36.8191 36.9739 0
      vertex 48.0456 37.4791 0
    endloop
  endfacet
  facet normal 0 -0 -1
    outer loop
      vertex 36.8191 36.9739 0
      vertex 48.1809 36.9739 0
      vertex 36.5981 36.5 0
    endloop
  endfacet
  facet normal 0 0 -1
    outer loop
      vertex 48.4019 36.5 0
      vertex 36.5981 36.5 0
      vertex 48.1809 36.9739 0
    endloop
  endfacet
  facet normal 0 -0 -1
    outer loop
      vertex 35.9284 35.7019 0
      vertex 49.0716 35.7019 0
      vertex 35.5 35.4019 0
    endloop
  endfacet
  facet normal 0 0 -1
    outer loop
      vertex 49.9739 35.1809 0
      vertex 35.0261 35.1809 0
      vertex 49.5 35.4019 0
    endloop
  endfacet
  facet normal 0 -0 -1
    outer loop
      vertex 24.6003 23.2273 0
      vertex 35.0261 35.1809 0
      vertex 24.556 23.0623 0
    endloop
  endfacet
  facet normal 0 -0 -1
    outer loop
      vertex 25.735 27.4622 0
      vertex 34.5209 35.0456 0
      vertex 24.6003 23.2273 0
    endloop
  endfacet
  facet normal 0 0 -1
    outer loop
      vertex 34.5209 35.0456 0
      vertex 25.735 27.4622 0
      vertex 34 35 0
    endloop
  endfacet
  facet normal 0 -0 -1
    outer loop
      vertex 25.7499 27.6324 0
      vertex 34 35 0
      vertex 25.735 27.4622 0
    endloop
  endfacet
  facet normal -0 0 -1
    outer loop
      vertex 34 35 0
      vertex 25.7499 27.6324 0
      vertex 33.4791 35.0456 0
    endloop
  endfacet
  facet normal -0 0 -1
    outer loop
      vertex 33.4791 35.0456 0
      vertex 25.7499 27.6324 0
      vertex 32.9739 35.1809 0
    endloop
  endfacet
  facet normal -0 0 -1
    outer loop
      vertex 32.9739 35.1809 0
      vertex 26.132 32 0
      vertex 32.5 35.4019 0
    endloop
  endfacet
  facet normal -0 0 -1
    outer loop
      vertex 31.1809 36.9739 0
      vertex 25.7499 36.3676 0
      vertex 31.0456 37.4791 0
    endloop
  endfacet
  facet normal -0 0 -1
    outer loop
      vertex 31.4019 36.5 0
      vertex 25.7499 36.3676 0
      vertex 31.1809 36.9739 0
    endloop
  endfacet
  facet normal 0 0 -1
    outer loop
      vertex 25.7499 36.3676 0
      vertex 31.4019 36.5 0
      vertex 26.132 32 0
    endloop
  endfacet
  facet normal -0 0 -1
    outer loop
      vertex 32.5 35.4019 0
      vertex 26.132 32 0
      vertex 32.0716 35.7019 0
    endloop
  endfacet
  facet normal -0 0 -1
    outer loop
      vertex 31.7019 36.0716 0
      vertex 26.132 32 0
      vertex 31.4019 36.5 0
    endloop
  endfacet
  facet normal -0 0 -1
    outer loop
      vertex 32.0716 35.7019 0
      vertex 26.132 32 0
      vertex 31.7019 36.0716 0
    endloop
  endfacet
  facet normal 0 -0 -1
    outer loop
      vertex 26.132 32 0
      vertex 32.9739 35.1809 0
      vertex 25.7499 27.6324 0
    endloop
  endfacet
  facet normal 0 0 -1
    outer loop
      vertex 35.0261 35.1809 0
      vertex 24.6003 23.2273 0
      vertex 34.5209 35.0456 0
    endloop
  endfacet
  facet normal 0 0 -1
    outer loop
      vertex 49 0 0
      vertex 24.4839 22.9075 0
      vertex 24.556 23.0623 0
    endloop
  endfacet
  facet normal 0 0 -1
    outer loop
      vertex 49 0 0
      vertex 22.631 18.934 0
      vertex 24.4839 22.9075 0
    endloop
  endfacet
  facet normal 0 0 -1
    outer loop
      vertex 49 0 0
      vertex 20.1163 15.3426 0
      vertex 22.631 18.934 0
    endloop
  endfacet
  facet normal 0 0 -1
    outer loop
      vertex 49 0 0
      vertex 20.0183 15.2027 0
      vertex 20.1163 15.3426 0
    endloop
  endfacet
  facet normal 0 0 -1
    outer loop
      vertex 14.891 4.88999 0
      vertex 20.0183 15.2027 0
      vertex 49 0 0
    endloop
  endfacet
  facet normal 0 0 -1
    outer loop
      vertex 20.0183 15.2027 0
      vertex 14.891 4.88999 0
      vertex 16.7973 11.9817 0
    endloop
  endfacet
  facet normal 0 0 -1
    outer loop
      vertex 16.7973 11.9817 0
      vertex 14.891 4.88999 0
      vertex 16.6574 11.8837 0
    endloop
  endfacet
  facet normal 0 0 -1
    outer loop
      vertex 49 0 0
      vertex 14.3514 2.88545 0
      vertex 14.891 4.88999 0
    endloop
  endfacet
  facet normal 0 -0 -1
    outer loop
      vertex 14.3514 2.88545 0
      vertex 49 0 0
      vertex 13.5782 0 0
    endloop
  endfacet
  facet normal 0 0 -1
    outer loop
      vertex 52.5 40.5981 0
      vertex 62.7873 46.4311 0
      vertex 52.9284 40.2981 0
    endloop
  endfacet
  facet normal -0 0 -1
    outer loop
      vertex 62.7873 46.4311 0
      vertex 52.5 40.5981 0
      vertex 62.1557 48.7883 0
    endloop
  endfacet
  facet normal -0 0 -1
    outer loop
      vertex 62.1557 48.7883 0
      vertex 52.5 40.5981 0
      vertex 61.1244 51 0
    endloop
  endfacet
  facet normal 0 0 -1
    outer loop
      vertex 52.0261 40.8191 0
      vertex 61.1244 51 0
      vertex 52.5 40.5981 0
    endloop
  endfacet
  facet normal -0 0 -1
    outer loop
      vertex 61.1244 51 0
      vertex 52.0261 40.8191 0
      vertex 59.7246 52.999 0
    endloop
  endfacet
  facet normal 0 0 -1
    outer loop
      vertex 51.5209 40.9544 0
      vertex 59.7246 52.999 0
      vertex 52.0261 40.8191 0
    endloop
  endfacet
  facet normal -0 0 -1
    outer loop
      vertex 59.7246 52.999 0
      vertex 51.5209 40.9544 0
      vertex 57.999 54.7246 0
    endloop
  endfacet
  facet normal -0 0 -1
    outer loop
      vertex 57.999 54.7246 0
      vertex 51.5209 40.9544 0
      vertex 56 56.1244 0
    endloop
  endfacet
  facet normal 0 0 -1
    outer loop
      vertex 51 41 0
      vertex 56 56.1244 0
      vertex 51.5209 40.9544 0
    endloop
  endfacet
  facet normal -0 0 -1
    outer loop
      vertex 56 56.1244 0
      vertex 51 41 0
      vertex 53.7883 57.1557 0
    endloop
  endfacet
  facet normal -0 0 -1
    outer loop
      vertex 53.7883 57.1557 0
      vertex 51 41 0
      vertex 51.4311 57.7873 0
    endloop
  endfacet
  facet normal 0 0 -1
    outer loop
      vertex 50.4791 40.9544 0
      vertex 51.4311 57.7873 0
      vertex 51 41 0
    endloop
  endfacet
  facet normal 0 0 -1
    outer loop
      vertex 49 58 0
      vertex 50.4791 40.9544 0
      vertex 49.9739 40.8191 0
    endloop
  endfacet
  facet normal 0 0 -1
    outer loop
      vertex 49 58 0
      vertex 49.9739 40.8191 0
      vertex 49.5 40.5981 0
    endloop
  endfacet
  facet normal 0 0 -1
    outer loop
      vertex 49 58 0
      vertex 49.5 40.5981 0
      vertex 49.0716 40.2981 0
    endloop
  endfacet
  facet normal 0 0 -1
    outer loop
      vertex 50.4791 40.9544 0
      vertex 49 58 0
      vertex 51.4311 57.7873 0
    endloop
  endfacet
  facet normal 0 0 -1
    outer loop
      vertex 35.9284 40.2981 0
      vertex 49.0716 40.2981 0
      vertex 48.7019 39.9284 0
    endloop
  endfacet
  facet normal 0 0 -1
    outer loop
      vertex 36.2981 39.9284 0
      vertex 48.7019 39.9284 0
      vertex 48.4019 39.5 0
    endloop
  endfacet
  facet normal 0 0 -1
    outer loop
      vertex 36.5981 39.5 0
      vertex 48.4019 39.5 0
      vertex 48.1809 39.0261 0
    endloop
  endfacet
  facet normal 0 0 -1
    outer loop
      vertex 36.8191 39.0261 0
      vertex 48.1809 39.0261 0
      vertex 48.0456 38.5209 0
    endloop
  endfacet
  facet normal 0 0 -1
    outer loop
      vertex 36.9544 38.5209 0
      vertex 48.0456 38.5209 0
      vertex 48 38 0
    endloop
  endfacet
  facet normal 0 0 -1
    outer loop
      vertex 36.9544 38.5209 0
      vertex 48 38 0
      vertex 37 38 0
    endloop
  endfacet
  facet normal 0 0 -1
    outer loop
      vertex 48.0456 38.5209 0
      vertex 36.9544 38.5209 0
      vertex 36.8191 39.0261 0
    endloop
  endfacet
  facet normal 0 0 -1
    outer loop
      vertex 48.1809 39.0261 0
      vertex 36.8191 39.0261 0
      vertex 36.5981 39.5 0
    endloop
  endfacet
  facet normal 0 0 -1
    outer loop
      vertex 48.4019 39.5 0
      vertex 36.5981 39.5 0
      vertex 36.2981 39.9284 0
    endloop
  endfacet
  facet normal 0 0 -1
    outer loop
      vertex 48.7019 39.9284 0
      vertex 36.2981 39.9284 0
      vertex 35.9284 40.2981 0
    endloop
  endfacet
  facet normal 0 0 -1
    outer loop
      vertex 49.0716 40.2981 0
      vertex 35.9284 40.2981 0
      vertex 49 58 0
    endloop
  endfacet
  facet normal 0 0 -1
    outer loop
      vertex 35.5 40.5981 0
      vertex 49 58 0
      vertex 35.9284 40.2981 0
    endloop
  endfacet
  facet normal 0 0 -1
    outer loop
      vertex 35.0261 40.8191 0
      vertex 49 58 0
      vertex 35.5 40.5981 0
    endloop
  endfacet
  facet normal 0 0 -1
    outer loop
      vertex 34.5209 40.9544 0
      vertex 49 58 0
      vertex 35.0261 40.8191 0
    endloop
  endfacet
  facet normal 0 0 -1
    outer loop
      vertex 34 41 0
      vertex 49 58 0
      vertex 34.5209 40.9544 0
    endloop
  endfacet
  facet normal 0 0 -1
    outer loop
      vertex 20.1163 48.6574 0
      vertex 34 41 0
      vertex 33.4791 40.9544 0
    endloop
  endfacet
  facet normal 0 0 -1
    outer loop
      vertex 22.631 45.066 0
      vertex 33.4791 40.9544 0
      vertex 32.9739 40.8191 0
    endloop
  endfacet
  facet normal 0 0 -1
    outer loop
      vertex 22.631 45.066 0
      vertex 32.9739 40.8191 0
      vertex 32.5 40.5981 0
    endloop
  endfacet
  facet normal 0 0 -1
    outer loop
      vertex 22.631 45.066 0
      vertex 32.5 40.5981 0
      vertex 32.0716 40.2981 0
    endloop
  endfacet
  facet normal 0 0 -1
    outer loop
      vertex 24.4839 41.0925 0
      vertex 32.0716 40.2981 0
      vertex 31.7019 39.9284 0
    endloop
  endfacet
  facet normal 0 0 -1
    outer loop
      vertex 25.735 36.5378 0
      vertex 31.0456 37.4791 0
      vertex 25.7499 36.3676 0
    endloop
  endfacet
  facet normal -0 0 -1
    outer loop
      vertex 31.0456 37.4791 0
      vertex 25.735 36.5378 0
      vertex 31 38 0
    endloop
  endfacet
  facet normal -0 0 -1
    outer loop
      vertex 31 38 0
      vertex 25.735 36.5378 0
      vertex 31.0456 38.5209 0
    endloop
  endfacet
  facet normal 0 0 -1
    outer loop
      vertex 24.6003 40.7727 0
      vertex 31.0456 38.5209 0
      vertex 25.735 36.5378 0
    endloop
  endfacet
  facet normal 0 0 -1
    outer loop
      vertex 31.0456 38.5209 0
      vertex 24.6003 40.7727 0
      vertex 31.1809 39.0261 0
    endloop
  endfacet
  facet normal 0 0 -1
    outer loop
      vertex 31.1809 39.0261 0
      vertex 24.6003 40.7727 0
      vertex 31.4019 39.5 0
    endloop
  endfacet
  facet normal 0 0 -1
    outer loop
      vertex 24.556 40.9377 0
      vertex 31.4019 39.5 0
      vertex 24.6003 40.7727 0
    endloop
  endfacet
  facet normal 0 0 -1
    outer loop
      vertex 31.4019 39.5 0
      vertex 24.556 40.9377 0
      vertex 31.7019 39.9284 0
    endloop
  endfacet
  facet normal 0 0 -1
    outer loop
      vertex 24.4839 41.0925 0
      vertex 31.7019 39.9284 0
      vertex 24.556 40.9377 0
    endloop
  endfacet
  facet normal 0 0 -1
    outer loop
      vertex 32.0716 40.2981 0
      vertex 24.4839 41.0925 0
      vertex 22.631 45.066 0
    endloop
  endfacet
  facet normal 0 0 -1
    outer loop
      vertex 33.4791 40.9544 0
      vertex 22.631 45.066 0
      vertex 20.1163 48.6574 0
    endloop
  endfacet
  facet normal 0 0 -1
    outer loop
      vertex 34 41 0
      vertex 20.1163 48.6574 0
      vertex 49 58 0
    endloop
  endfacet
  facet normal 0 0 -1
    outer loop
      vertex 20.0183 48.7973 0
      vertex 49 58 0
      vertex 20.1163 48.6574 0
    endloop
  endfacet
  facet normal 0 0 -1
    outer loop
      vertex 16.7973 52.0183 0
      vertex 49 58 0
      vertex 20.0183 48.7973 0
    endloop
  endfacet
  facet normal 0 0 -1
    outer loop
      vertex 16.6574 52.1163 0
      vertex 49 58 0
      vertex 16.7973 52.0183 0
    endloop
  endfacet
  facet normal 0 0 -1
    outer loop
      vertex 13.066 54.631 0
      vertex 49 58 0
      vertex 16.6574 52.1163 0
    endloop
  endfacet
  facet normal 0 0 -1
    outer loop
      vertex 9.09249 56.4839 0
      vertex 49 58 0
      vertex 13.066 54.631 0
    endloop
  endfacet
  facet normal 0 0 -1
    outer loop
      vertex 8.93767 56.556 0
      vertex 49 58 0
      vertex 9.09249 56.4839 0
    endloop
  endfacet
  facet normal 0 0 -1
    outer loop
      vertex 8.77267 56.6003 0
      vertex 49 58 0
      vertex 8.93767 56.556 0
    endloop
  endfacet
  facet normal 0 0 -1
    outer loop
      vertex 4.53777 57.735 0
      vertex 49 58 0
      vertex 8.77267 56.6003 0
    endloop
  endfacet
  facet normal 0 0 -1
    outer loop
      vertex 4.3676 57.7499 0
      vertex 49 58 0
      vertex 4.53777 57.735 0
    endloop
  endfacet
  facet normal -0 0 -1
    outer loop
      vertex 49 58 0
      vertex 4.3676 57.7499 0
      vertex 1.50876 58 0
    endloop
  endfacet
  facet normal 0 0 -1
    outer loop
      vertex 14.891 4.88999 0
      vertex 13.066 9.36902 0
      vertex 16.6574 11.8837 0
    endloop
  endfacet
  facet normal 0 0 -1
    outer loop
      vertex 14.891 4.88999 0
      vertex 9.09249 7.51615 0
      vertex 13.066 9.36902 0
    endloop
  endfacet
  facet normal 0 0 -1
    outer loop
      vertex 14.891 4.88999 0
      vertex 8.93767 7.44395 0
      vertex 9.09249 7.51615 0
    endloop
  endfacet
  facet normal 0 0 -1
    outer loop
      vertex 14.891 4.88999 0
      vertex 8.77267 7.39974 0
      vertex 8.93767 7.44395 0
    endloop
  endfacet
  facet normal 0 0 -1
    outer loop
      vertex 14.891 4.88999 0
      vertex 4.53777 6.265 0
      vertex 8.77267 7.39974 0
    endloop
  endfacet
  facet normal 0 0 -1
    outer loop
      vertex 14.891 4.88999 0
      vertex 4.3676 6.25012 0
      vertex 4.53777 6.265 0
    endloop
  endfacet
  facet normal 0 0 -1
    outer loop
      vertex 14.891 4.88999 0
      vertex 0 5.868 0
      vertex 4.3676 6.25012 0
    endloop
  endfacet
  facet normal 0 0 -1
    outer loop
      vertex -14.891 4.88999 0
      vertex -4.3676 6.25012 0
      vertex 0 5.868 0
    endloop
  endfacet
  facet normal 0 0 -1
    outer loop
      vertex -14.891 4.88999 0
      vertex -8.77267 7.39974 0
      vertex -4.53777 6.265 0
    endloop
  endfacet
  facet normal 0 0 -1
    outer loop
      vertex -14.891 4.88999 0
      vertex -9.09249 7.51615 0
      vertex -8.93767 7.44395 0
    endloop
  endfacet
  facet normal 0 0 -1
    outer loop
      vertex -14.891 4.88999 0
      vertex 0 5.868 0
      vertex 14.891 4.88999 0
    endloop
  endfacet
  facet normal -0 0 -1
    outer loop
      vertex -4.3676 6.25012 0
      vertex -14.891 4.88999 0
      vertex -4.53777 6.265 0
    endloop
  endfacet
  facet normal -0 0 -1
    outer loop
      vertex -8.77267 7.39974 0
      vertex -14.891 4.88999 0
      vertex -8.93767 7.44395 0
    endloop
  endfacet
  facet normal -0 0 -1
    outer loop
      vertex -9.09249 7.51615 0
      vertex -14.891 4.88999 0
      vertex -13.066 9.36902 0
    endloop
  endfacet
  facet normal -0 0 -1
    outer loop
      vertex -13.066 9.36902 0
      vertex -14.891 4.88999 0
      vertex -16.6574 11.8837 0
    endloop
  endfacet
  facet normal 0 0 -1
    outer loop
      vertex -49 58 0
      vertex -16.6574 52.1163 0
      vertex -16.7973 52.0183 0
    endloop
  endfacet
  facet normal 0 0 -1
    outer loop
      vertex -31 38 0
      vertex -25.7499 36.3676 0
      vertex -26.132 32 0
    endloop
  endfacet
  facet normal 0 0 -1
    outer loop
      vertex -25.7499 36.3676 0
      vertex -31 38 0
      vertex -25.735 36.5378 0
    endloop
  endfacet
  facet normal 0 0 -1
    outer loop
      vertex -31.0456 38.5209 0
      vertex -25.735 36.5378 0
      vertex -31 38 0
    endloop
  endfacet
  facet normal 0 0 -1
    outer loop
      vertex -25.735 36.5378 0
      vertex -31.0456 38.5209 0
      vertex -24.6003 40.7727 0
    endloop
  endfacet
  facet normal 0 0 -1
    outer loop
      vertex -31.1809 39.0261 0
      vertex -24.6003 40.7727 0
      vertex -31.0456 38.5209 0
    endloop
  endfacet
  facet normal 0 0 -1
    outer loop
      vertex -31.4019 39.5 0
      vertex -24.6003 40.7727 0
      vertex -31.1809 39.0261 0
    endloop
  endfacet
  facet normal -0 0 -1
    outer loop
      vertex -24.6003 40.7727 0
      vertex -31.4019 39.5 0
      vertex -24.556 40.9377 0
    endloop
  endfacet
  facet normal 0 0 -1
    outer loop
      vertex -31.7019 39.9284 0
      vertex -24.556 40.9377 0
      vertex -31.4019 39.5 0
    endloop
  endfacet
  facet normal -0 0 -1
    outer loop
      vertex -24.556 40.9377 0
      vertex -31.7019 39.9284 0
      vertex -24.4839 41.0925 0
    endloop
  endfacet
  facet normal 0 0 -1
    outer loop
      vertex -32.0716 40.2981 0
      vertex -24.4839 41.0925 0
      vertex -31.7019 39.9284 0
    endloop
  endfacet
  facet normal -0 0 -1
    outer loop
      vertex -24.4839 41.0925 0
      vertex -32.0716 40.2981 0
      vertex -22.631 45.066 0
    endloop
  endfacet
  facet normal 0 0 -1
    outer loop
      vertex -32.5 40.5981 0
      vertex -22.631 45.066 0
      vertex -32.0716 40.2981 0
    endloop
  endfacet
  facet normal 0 0 -1
    outer loop
      vertex -32.9739 40.8191 0
      vertex -22.631 45.066 0
      vertex -32.5 40.5981 0
    endloop
  endfacet
  facet normal 0 0 -1
    outer loop
      vertex -33.4791 40.9544 0
      vertex -22.631 45.066 0
      vertex -32.9739 40.8191 0
    endloop
  endfacet
  facet normal -0 0 -1
    outer loop
      vertex -22.631 45.066 0
      vertex -33.4791 40.9544 0
      vertex -20.1163 48.6574 0
    endloop
  endfacet
  facet normal 0 0 -1
    outer loop
      vertex -34 41 0
      vertex -20.1163 48.6574 0
      vertex -33.4791 40.9544 0
    endloop
  endfacet
  facet normal 0 0 -1
    outer loop
      vertex -49 58 0
      vertex -20.1163 48.6574 0
      vertex -34 41 0
    endloop
  endfacet
  facet normal 0 0 -1
    outer loop
      vertex -20.0183 48.7973 0
      vertex -49 58 0
      vertex -16.7973 52.0183 0
    endloop
  endfacet
  facet normal 0 0 -1
    outer loop
      vertex -20.1163 48.6574 0
      vertex -49 58 0
      vertex -20.0183 48.7973 0
    endloop
  endfacet
  facet normal 0 0 -1
    outer loop
      vertex -49 58 0
      vertex -34 41 0
      vertex -34.5209 40.9544 0
    endloop
  endfacet
  facet normal 0 0 -1
    outer loop
      vertex -49 58 0
      vertex -34.5209 40.9544 0
      vertex -35.0261 40.8191 0
    endloop
  endfacet
  facet normal 0 0 -1
    outer loop
      vertex -49 58 0
      vertex -35.0261 40.8191 0
      vertex -35.5 40.5981 0
    endloop
  endfacet
  facet normal 0 0 -1
    outer loop
      vertex -48 38 0
      vertex -36.9544 38.5209 0
      vertex -37 38 0
    endloop
  endfacet
  facet normal 0 0 -1
    outer loop
      vertex -48.0456 38.5209 0
      vertex -36.9544 38.5209 0
      vertex -48 38 0
    endloop
  endfacet
  facet normal 0 0 -1
    outer loop
      vertex -36.9544 38.5209 0
      vertex -48.0456 38.5209 0
      vertex -36.8191 39.0261 0
    endloop
  endfacet
  facet normal 0 0 -1
    outer loop
      vertex -48.1809 39.0261 0
      vertex -36.8191 39.0261 0
      vertex -48.0456 38.5209 0
    endloop
  endfacet
  facet normal 0 0 -1
    outer loop
      vertex -36.8191 39.0261 0
      vertex -48.1809 39.0261 0
      vertex -36.5981 39.5 0
    endloop
  endfacet
  facet normal 0 0 -1
    outer loop
      vertex -48.4019 39.5 0
      vertex -36.5981 39.5 0
      vertex -48.1809 39.0261 0
    endloop
  endfacet
  facet normal 0 0 -1
    outer loop
      vertex -36.5981 39.5 0
      vertex -48.4019 39.5 0
      vertex -36.2981 39.9284 0
    endloop
  endfacet
  facet normal 0 0 -1
    outer loop
      vertex -48.7019 39.9284 0
      vertex -36.2981 39.9284 0
      vertex -48.4019 39.5 0
    endloop
  endfacet
  facet normal 0 0 -1
    outer loop
      vertex -36.2981 39.9284 0
      vertex -48.7019 39.9284 0
      vertex -35.9284 40.2981 0
    endloop
  endfacet
  facet normal 0 0 -1
    outer loop
      vertex -49.0716 40.2981 0
      vertex -35.9284 40.2981 0
      vertex -48.7019 39.9284 0
    endloop
  endfacet
  facet normal 0 0 -1
    outer loop
      vertex -16.6574 52.1163 0
      vertex -49 58 0
      vertex -13.066 54.631 0
    endloop
  endfacet
  facet normal 0 0 -1
    outer loop
      vertex -13.066 54.631 0
      vertex -49 58 0
      vertex -9.09249 56.4839 0
    endloop
  endfacet
  facet normal 0 -0 -1
    outer loop
      vertex -49 58 0
      vertex -35.9284 40.2981 0
      vertex -49.0716 40.2981 0
    endloop
  endfacet
  facet normal 0 0 -1
    outer loop
      vertex -4.3676 57.7499 0
      vertex -49 58 0
      vertex -1.50876 58 0
    endloop
  endfacet
  facet normal 0 0 -1
    outer loop
      vertex -4.53777 57.735 0
      vertex -49 58 0
      vertex -4.3676 57.7499 0
    endloop
  endfacet
  facet normal 0 0 -1
    outer loop
      vertex -8.77267 56.6003 0
      vertex -49 58 0
      vertex -4.53777 57.735 0
    endloop
  endfacet
  facet normal 0 0 -1
    outer loop
      vertex -8.93767 56.556 0
      vertex -49 58 0
      vertex -8.77267 56.6003 0
    endloop
  endfacet
  facet normal 0 0 -1
    outer loop
      vertex -9.09249 56.4839 0
      vertex -49 58 0
      vertex -8.93767 56.556 0
    endloop
  endfacet
  facet normal 0 0 -1
    outer loop
      vertex -35.9284 40.2981 0
      vertex -49 58 0
      vertex -35.5 40.5981 0
    endloop
  endfacet
  facet normal 0 0 -1
    outer loop
      vertex -49.5 40.5981 0
      vertex -49 58 0
      vertex -49.0716 40.2981 0
    endloop
  endfacet
  facet normal 0 0 -1
    outer loop
      vertex -49.9739 40.8191 0
      vertex -49 58 0
      vertex -49.5 40.5981 0
    endloop
  endfacet
  facet normal 0 0 -1
    outer loop
      vertex -50.4791 40.9544 0
      vertex -49 58 0
      vertex -49.9739 40.8191 0
    endloop
  endfacet
  facet normal 0 0 -1
    outer loop
      vertex -51.4311 57.7873 0
      vertex -50.4791 40.9544 0
      vertex -51 41 0
    endloop
  endfacet
  facet normal 0 0 -1
    outer loop
      vertex -50.4791 40.9544 0
      vertex -51.4311 57.7873 0
      vertex -49 58 0
    endloop
  endfacet
  facet normal 0 0 -1
    outer loop
      vertex -56 56.1244 0
      vertex -51 41 0
      vertex -51.5209 40.9544 0
    endloop
  endfacet
  facet normal 0 0 -1
    outer loop
      vertex -59.7246 52.999 0
      vertex -51.5209 40.9544 0
      vertex -52.0261 40.8191 0
    endloop
  endfacet
  facet normal 0 0 -1
    outer loop
      vertex -61.1244 51 0
      vertex -52.0261 40.8191 0
      vertex -52.5 40.5981 0
    endloop
  endfacet
  facet normal 0 0 -1
    outer loop
      vertex -62.7873 46.4311 0
      vertex -52.5 40.5981 0
      vertex -52.9284 40.2981 0
    endloop
  endfacet
  facet normal 0 0 -1
    outer loop
      vertex -63 44 0
      vertex -52.9284 40.2981 0
      vertex -53.2981 39.9284 0
    endloop
  endfacet
  facet normal 0 0 -1
    outer loop
      vertex -63 44 0
      vertex -53.2981 39.9284 0
      vertex -53.5981 39.5 0
    endloop
  endfacet
  facet normal 0 0 -1
    outer loop
      vertex -51 41 0
      vertex -53.7883 57.1557 0
      vertex -51.4311 57.7873 0
    endloop
  endfacet
  facet normal 0 0 -1
    outer loop
      vertex -63 44 0
      vertex -53.5981 39.5 0
      vertex -53.8191 39.0261 0
    endloop
  endfacet
  facet normal 0 0 -1
    outer loop
      vertex -63 44 0
      vertex -53.8191 39.0261 0
      vertex -53.9544 38.5209 0
    endloop
  endfacet
  facet normal 0 0 -1
    outer loop
      vertex -63 44 0
      vertex -53.9544 38.5209 0
      vertex -54 38 0
    endloop
  endfacet
  facet normal 0 0 -1
    outer loop
      vertex -53.8191 36.9739 0
      vertex -63 44 0
      vertex -53.9544 37.4791 0
    endloop
  endfacet
  facet normal 0 0 -1
    outer loop
      vertex -53.9544 37.4791 0
      vertex -63 44 0
      vertex -54 38 0
    endloop
  endfacet
  facet normal 0 0 -1
    outer loop
      vertex -63 14 0
      vertex -56 1.87564 0
      vertex -57.999 3.27538 0
    endloop
  endfacet
  facet normal 0 0 -1
    outer loop
      vertex -52.9284 40.2981 0
      vertex -63 44 0
      vertex -62.7873 46.4311 0
    endloop
  endfacet
  facet normal 0 0 -1
    outer loop
      vertex -63 14 0
      vertex -57.999 3.27538 0
      vertex -59.7246 5.00097 0
    endloop
  endfacet
  facet normal 0 0 -1
    outer loop
      vertex -51 41 0
      vertex -56 56.1244 0
      vertex -53.7883 57.1557 0
    endloop
  endfacet
  facet normal 0 0 -1
    outer loop
      vertex -63 14 0
      vertex -59.7246 5.00097 0
      vertex -61.1244 7 0
    endloop
  endfacet
  facet normal 0 0 -1
    outer loop
      vertex -51.5209 40.9544 0
      vertex -57.999 54.7246 0
      vertex -56 56.1244 0
    endloop
  endfacet
  facet normal 0 0 -1
    outer loop
      vertex -63 14 0
      vertex -61.1244 7 0
      vertex -62.1557 9.21172 0
    endloop
  endfacet
  facet normal 0 0 -1
    outer loop
      vertex -51.5209 40.9544 0
      vertex -59.7246 52.999 0
      vertex -57.999 54.7246 0
    endloop
  endfacet
  facet normal 0 0 -1
    outer loop
      vertex -63 14 0
      vertex -62.1557 9.21172 0
      vertex -62.7873 11.5689 0
    endloop
  endfacet
  facet normal 0 0 -1
    outer loop
      vertex -52.0261 40.8191 0
      vertex -61.1244 51 0
      vertex -59.7246 52.999 0
    endloop
  endfacet
  facet normal 0 0 -1
    outer loop
      vertex -52.5 40.5981 0
      vertex -62.1557 48.7883 0
      vertex -61.1244 51 0
    endloop
  endfacet
  facet normal 0 0 -1
    outer loop
      vertex -52.5 40.5981 0
      vertex -62.7873 46.4311 0
      vertex -62.1557 48.7883 0
    endloop
  endfacet
  facet normal 0.819136 0.5736 0
    outer loop
      vertex 61.1244 51 53.5
      vertex 59.7246 52.999 0
      vertex 59.7246 52.999 53.5
    endloop
  endfacet
  facet normal 0.819136 0.5736 0
    outer loop
      vertex 59.7246 52.999 0
      vertex 61.1244 51 53.5
      vertex 61.1244 51 0
    endloop
  endfacet
  facet normal -0.906314 -0.422604 0
    outer loop
      vertex -61.1244 7 0
      vertex -62.1557 9.21172 27.5715
      vertex -62.1557 9.21172 0
    endloop
  endfacet
  facet normal -0.906304 -0.422625 2.08446e-06
    outer loop
      vertex -62.1557 9.21172 27.5715
      vertex -61.1244 7 0
      vertex -61.7272 8.29282 28
    endloop
  endfacet
  facet normal -0.906304 -0.422625 -2.28409e-06
    outer loop
      vertex -61.1244 7 53.5
      vertex -62.1557 9.21172 28.4285
      vertex -61.7272 8.29282 28
    endloop
  endfacet
  facet normal -0.906322 -0.422588 -0
    outer loop
      vertex -61.1244 7 53.5
      vertex -61.7272 8.29282 28
      vertex -61.1244 7 0
    endloop
  endfacet
  facet normal -0.906314 -0.422604 0
    outer loop
      vertex -62.1557 9.21172 28.4285
      vertex -61.1244 7 53.5
      vertex -62.1557 9.21172 53.5
    endloop
  endfacet
  facet normal 0.707105 -0.707109 0
    outer loop
      vertex 57.999 3.27538 53.5
      vertex 59.7246 5.00097 0
      vertex 59.7246 5.00097 53.5
    endloop
  endfacet
  facet normal 0.707105 -0.707109 0
    outer loop
      vertex 59.7246 5.00097 0
      vertex 57.999 3.27538 53.5
      vertex 57.999 3.27538 0
    endloop
  endfacet
  facet normal 0.573583 -0.819147 0
    outer loop
      vertex 56 1.87564 0
      vertex 57.999 3.27538 53.5
      vertex 56 1.87564 53.5
    endloop
  endfacet
  facet normal 0.573583 -0.819147 0
    outer loop
      vertex 57.999 3.27538 53.5
      vertex 56 1.87564 0
      vertex 57.999 3.27538 0
    endloop
  endfacet
  facet normal 0.42262 -0.906307 0
    outer loop
      vertex 53.7883 0.844303 0
      vertex 56 1.87564 53.5
      vertex 53.7883 0.844303 53.5
    endloop
  endfacet
  facet normal 0.42262 -0.906307 0
    outer loop
      vertex 56 1.87564 53.5
      vertex 53.7883 0.844303 0
      vertex 56 1.87564 0
    endloop
  endfacet
  facet normal 0.707107 0.707107 0
    outer loop
      vertex 59.7246 52.999 53.5
      vertex 57.999 54.7246 0
      vertex 57.999 54.7246 53.5
    endloop
  endfacet
  facet normal 0.707107 0.707107 0
    outer loop
      vertex 57.999 54.7246 0
      vertex 59.7246 52.999 53.5
      vertex 59.7246 52.999 0
    endloop
  endfacet
  facet normal 0.25882 -0.965926 0
    outer loop
      vertex 51.4311 0.212691 0
      vertex 53.7883 0.844303 53.5
      vertex 51.4311 0.212691 53.5
    endloop
  endfacet
  facet normal 0.25882 -0.965926 0
    outer loop
      vertex 53.7883 0.844303 53.5
      vertex 51.4311 0.212691 0
      vertex 53.7883 0.844303 0
    endloop
  endfacet
  facet normal 0.681516 -0.317783 0.659204
    outer loop
      vertex 62.1557 9.21172 53.5
      vertex 60.0884 9.96416 56
      vertex 61.1244 7 53.5
    endloop
  endfacet
  facet normal -0.72635 -0.194598 0.659202
    outer loop
      vertex -60.6207 11.951 56
      vertex -62.1557 9.21172 53.5
      vertex -60.0884 9.96416 56
    endloop
  endfacet
  facet normal 0.615957 -0.431318 0.659213
    outer loop
      vertex 61.1244 7 53.5
      vertex 59.2191 8.1 56
      vertex 59.7246 5.00097 53.5
    endloop
  endfacet
  facet normal 0.681498 -0.317798 0.659215
    outer loop
      vertex 60.0884 9.96416 56
      vertex 59.2191 8.1 56
      vertex 61.1244 7 53.5
    endloop
  endfacet
  facet normal -0.194622 -0.726335 0.659211
    outer loop
      vertex -51.049 2.37927 56
      vertex -53.7883 0.844303 53.5
      vertex -51.4311 0.212691 53.5
    endloop
  endfacet
  facet normal 0.615963 0.431309 0.659213
    outer loop
      vertex 61.1244 51 53.5
      vertex 58.0393 51.5849 56
      vertex 59.2191 49.9 56
    endloop
  endfacet
  facet normal 0.0655368 -0.749098 0.659209
    outer loop
      vertex 51.049 2.37927 56
      vertex 49 0 53.5
      vertex 51.4311 0.212691 53.5
    endloop
  endfacet
  facet normal -0.749095 -0.0655393 0.659213
    outer loop
      vertex -60.6207 11.951 56
      vertex -63 14 53.5
      vertex -62.7873 11.5689 53.5
    endloop
  endfacet
  facet normal -0.431323 0.615972 0.659196
    outer loop
      vertex -57.999 54.7246 53.5
      vertex -56.4289 53.8623 55.3331
      vertex -56.7904 55.5709 53.5
    endloop
  endfacet
  facet normal -0.431355 0.615938 0.659207
    outer loop
      vertex -56.4289 53.8623 55.3331
      vertex -57.999 54.7246 53.5
      vertex -56.5849 53.0393 56
    endloop
  endfacet
  facet normal 0.750714 -0 0.660628
    outer loop
      vertex 60.8 14 56
      vertex 63 44 53.5
      vertex 60.8 44 56
    endloop
  endfacet
  facet normal 0.750714 0 0.660628
    outer loop
      vertex 63 44 53.5
      vertex 60.8 14 56
      vertex 63 14 53.5
    endloop
  endfacet
  facet normal 0.749099 0.0655507 0.659207
    outer loop
      vertex 63 44 53.5
      vertex 60.6207 46.049 56
      vertex 60.8 44 56
    endloop
  endfacet
  facet normal 0.726333 0.194617 0.659215
    outer loop
      vertex 62.1557 48.7883 53.5
      vertex 60.6207 46.049 56
      vertex 62.7873 46.4311 53.5
    endloop
  endfacet
  facet normal -0.681511 0.317784 0.659208
    outer loop
      vertex -61.1244 51 53.5
      vertex -62.1557 48.7883 53.5
      vertex -60.0884 48.0358 56
    endloop
  endfacet
  facet normal 0.749095 -0.0655393 0.659213
    outer loop
      vertex 63 14 53.5
      vertex 60.6207 11.951 56
      vertex 62.7873 11.5689 53.5
    endloop
  endfacet
  facet normal 0 0.750714 0.660628
    outer loop
      vertex -40.3044 58 53.5
      vertex -45.1611 55.8 56
      vertex -39.8389 55.8 56
    endloop
  endfacet
  facet normal 0 0.750714 0.660628
    outer loop
      vertex -45.1611 55.8 56
      vertex -40.3044 58 53.5
      vertex -44.6956 58 53.5
    endloop
  endfacet
  facet normal 0 0.750714 0.660628
    outer loop
      vertex 27.6956 58 53.5
      vertex -28.1611 55.8 56
      vertex 28.1611 55.8 56
    endloop
  endfacet
  facet normal 0 0.750714 0.660628
    outer loop
      vertex -28.1611 55.8 56
      vertex 27.6956 58 53.5
      vertex -27.6956 58 53.5
    endloop
  endfacet
  facet normal 0 0.750714 0.660628
    outer loop
      vertex 44.6956 58 53.5
      vertex 39.8389 55.8 56
      vertex 45.1611 55.8 56
    endloop
  endfacet
  facet normal 0 0.750714 0.660628
    outer loop
      vertex 39.8389 55.8 56
      vertex 44.6956 58 53.5
      vertex 40.3044 58 53.5
    endloop
  endfacet
  facet normal -0 0 1
    outer loop
      vertex -60.8 44 56
      vertex -55.1 41.5077 56
      vertex -55.1 47.5824 56
    endloop
  endfacet
  facet normal 0 0 1
    outer loop
      vertex -55.1 41.5077 56
      vertex -60.8 44 56
      vertex -55.1366 41.4711 56
    endloop
  endfacet
  facet normal 0 0 1
    outer loop
      vertex -55.1366 41.4711 56
      vertex -60.8 44 56
      vertex -55.6765 40.7 56
    endloop
  endfacet
  facet normal -0 0 1
    outer loop
      vertex -56.5849 53.0393 56
      vertex -55.1 47.5824 56
      vertex -56.2973 53.2407 56
    endloop
  endfacet
  facet normal -0 0 1
    outer loop
      vertex -59.2191 49.9 56
      vertex -55.1 47.5824 56
      vertex -58.0393 51.5849 56
    endloop
  endfacet
  facet normal -0 0 1
    outer loop
      vertex -60.0884 48.0358 56
      vertex -55.1 47.5824 56
      vertex -59.2191 49.9 56
    endloop
  endfacet
  facet normal 0 0 1
    outer loop
      vertex -55.1 47.5824 56
      vertex -56.5849 53.0393 56
      vertex -58.0393 51.5849 56
    endloop
  endfacet
  facet normal 0 0 1
    outer loop
      vertex -38.1 47.5824 56
      vertex -38.1366 41.4711 56
      vertex -38.1 41.5077 56
    endloop
  endfacet
  facet normal 0 0 1
    outer loop
      vertex -46.8634 41.4711 56
      vertex -38.1366 41.4711 56
      vertex -38.1 47.5824 56
    endloop
  endfacet
  facet normal 0 0 1
    outer loop
      vertex -38.1366 41.4711 56
      vertex -46.8634 41.4711 56
      vertex -38.6765 40.7 56
    endloop
  endfacet
  facet normal 0 0 1
    outer loop
      vertex -38.6765 40.7 56
      vertex -46.3235 40.7 56
      vertex -39.0743 39.8469 56
    endloop
  endfacet
  facet normal 0 -0 1
    outer loop
      vertex -46.8634 41.4711 56
      vertex -38.1 47.5824 56
      vertex -46.9 47.5824 56
    endloop
  endfacet
  facet normal 0 0 1
    outer loop
      vertex -46.9 47.5824 56
      vertex -38.1 47.5824 56
      vertex -39.8389 55.8 56
    endloop
  endfacet
  facet normal 0 0 1
    outer loop
      vertex 29.9 47.5824 56
      vertex 29.8634 41.4711 56
      vertex 29.9 41.5077 56
    endloop
  endfacet
  facet normal -0 0 1
    outer loop
      vertex 21.5175 42.7362 56
      vertex 29.8634 41.4711 56
      vertex 29.9 47.5824 56
    endloop
  endfacet
  facet normal 0 0 1
    outer loop
      vertex 29.8634 41.4711 56
      vertex 21.5175 42.7362 56
      vertex 29.3235 40.7 56
    endloop
  endfacet
  facet normal -0 -0 1
    outer loop
      vertex 21.8785 41.3892 56
      vertex 29.3235 40.7 56
      vertex 21.5175 42.7362 56
    endloop
  endfacet
  facet normal 0 -0 1
    outer loop
      vertex 21.5175 42.7362 56
      vertex 29.9 47.5824 56
      vertex 20.9282 44 56
    endloop
  endfacet
  facet normal 0 0 1
    outer loop
      vertex 20.9282 44 56
      vertex 29.9 47.5824 56
      vertex 28.1611 55.8 56
    endloop
  endfacet
  facet normal 0 0 1
    outer loop
      vertex 46.9 47.5824 56
      vertex 46.8634 41.4711 56
      vertex 46.9 41.5077 56
    endloop
  endfacet
  facet normal 0 0 1
    outer loop
      vertex 38.1366 41.4711 56
      vertex 46.8634 41.4711 56
      vertex 46.9 47.5824 56
    endloop
  endfacet
  facet normal 0 0 1
    outer loop
      vertex 46.8634 41.4711 56
      vertex 38.1366 41.4711 56
      vertex 46.3235 40.7 56
    endloop
  endfacet
  facet normal 0 0 1
    outer loop
      vertex 46.3235 40.7 56
      vertex 38.6765 40.7 56
      vertex 45.9257 39.8469 56
    endloop
  endfacet
  facet normal 0 -0 1
    outer loop
      vertex 38.1366 41.4711 56
      vertex 46.9 47.5824 56
      vertex 38.1 47.5824 56
    endloop
  endfacet
  facet normal 0 0 1
    outer loop
      vertex 38.1 47.5824 56
      vertex 46.9 47.5824 56
      vertex 45.1611 55.8 56
    endloop
  endfacet
  facet normal 0 0 1
    outer loop
      vertex 55.1 47.5824 56
      vertex 60.8 44 56
      vertex 60.6207 46.049 56
    endloop
  endfacet
  facet normal 0 0 1
    outer loop
      vertex 56.0743 36.1531 56
      vertex 60.8 44 56
      vertex 56.318 37.0623 56
    endloop
  endfacet
  facet normal -0 0 1
    outer loop
      vertex 55.1 47.5824 56
      vertex 60.6207 46.049 56
      vertex 60.0884 48.0358 56
    endloop
  endfacet
  facet normal 0 0 1
    outer loop
      vertex 60.8 44 56
      vertex 56.0743 36.1531 56
      vertex 60.8 14 56
    endloop
  endfacet
  facet normal 0 0 1
    outer loop
      vertex 55.1 47.5824 56
      vertex 60.0884 48.0358 56
      vertex 59.2191 49.9 56
    endloop
  endfacet
  facet normal -0 0 1
    outer loop
      vertex 55.6765 35.3 56
      vertex 60.8 14 56
      vertex 56.0743 36.1531 56
    endloop
  endfacet
  facet normal 0 0 1
    outer loop
      vertex 55.1 47.5824 56
      vertex 59.2191 49.9 56
      vertex 58.0393 51.5849 56
    endloop
  endfacet
  facet normal 0 0 1
    outer loop
      vertex 60.8 44 56
      vertex 56.4 38 56
      vertex 56.318 37.0623 56
    endloop
  endfacet
  facet normal 0 0 1
    outer loop
      vertex 55.1 47.5824 56
      vertex 58.0393 51.5849 56
      vertex 56.5849 53.0393 56
    endloop
  endfacet
  facet normal -0 0 1
    outer loop
      vertex 55.1366 34.5289 56
      vertex 60.8 14 56
      vertex 55.6765 35.3 56
    endloop
  endfacet
  facet normal -0 0 1
    outer loop
      vertex 54.4711 33.8634 56
      vertex 60.8 14 56
      vertex 55.1366 34.5289 56
    endloop
  endfacet
  facet normal 0 0 1
    outer loop
      vertex 60.8 44 56
      vertex 56.318 38.9377 56
      vertex 56.4 38 56
    endloop
  endfacet
  facet normal 0 0 1
    outer loop
      vertex 55.1 47.5824 56
      vertex 56.5849 53.0393 56
      vertex 56.2973 53.2407 56
    endloop
  endfacet
  facet normal 0 0 1
    outer loop
      vertex 60.8 44 56
      vertex 56.0743 39.8469 56
      vertex 56.318 38.9377 56
    endloop
  endfacet
  facet normal 0 0 1
    outer loop
      vertex 60.8 44 56
      vertex 55.1 47.5824 56
      vertex 55.1 41.5077 56
    endloop
  endfacet
  facet normal 0 0 1
    outer loop
      vertex 60.8 44 56
      vertex 55.6765 40.7 56
      vertex 56.0743 39.8469 56
    endloop
  endfacet
  facet normal 0 0 1
    outer loop
      vertex 60.8 44 56
      vertex 55.1366 41.4711 56
      vertex 55.6765 40.7 56
    endloop
  endfacet
  facet normal 0 0 1
    outer loop
      vertex 60.8 44 56
      vertex 55.1 41.5077 56
      vertex 55.1366 41.4711 56
    endloop
  endfacet
  facet normal -0 0 1
    outer loop
      vertex 53.7 33.3235 56
      vertex 60.8 14 56
      vertex 54.4711 33.8634 56
    endloop
  endfacet
  facet normal -0 0 1
    outer loop
      vertex 52.8469 32.9257 56
      vertex 60.8 14 56
      vertex 53.7 33.3235 56
    endloop
  endfacet
  facet normal -0 0 1
    outer loop
      vertex 51.9377 32.682 56
      vertex 60.8 14 56
      vertex 52.8469 32.9257 56
    endloop
  endfacet
  facet normal -0 0 1
    outer loop
      vertex 51 32.6 56
      vertex 60.8 14 56
      vertex 51.9377 32.682 56
    endloop
  endfacet
  facet normal 0 0 1
    outer loop
      vertex 50.0623 32.682 56
      vertex 60.8 14 56
      vertex 51 32.6 56
    endloop
  endfacet
  facet normal 0 0 1
    outer loop
      vertex 49 2.2 56
      vertex 60.8 14 56
      vertex 50.0623 32.682 56
    endloop
  endfacet
  facet normal 0 0 1
    outer loop
      vertex 60.8 14 56
      vertex 49 2.2 56
      vertex 60.6207 11.951 56
    endloop
  endfacet
  facet normal 0 0 1
    outer loop
      vertex 60.6207 11.951 56
      vertex 49 2.2 56
      vertex 60.0884 9.96416 56
    endloop
  endfacet
  facet normal 0 0 1
    outer loop
      vertex 60.0884 9.96416 56
      vertex 49 2.2 56
      vertex 59.2191 8.1 56
    endloop
  endfacet
  facet normal 0 0 1
    outer loop
      vertex 59.2191 8.1 56
      vertex 49 2.2 56
      vertex 58.0393 6.41511 56
    endloop
  endfacet
  facet normal 0 0 1
    outer loop
      vertex 58.0393 6.41511 56
      vertex 49 2.2 56
      vertex 56.5849 4.96068 56
    endloop
  endfacet
  facet normal 0 0 1
    outer loop
      vertex 56.5849 4.96068 56
      vertex 49 2.2 56
      vertex 54.9 3.7809 56
    endloop
  endfacet
  facet normal 0 0 1
    outer loop
      vertex 54.9 3.7809 56
      vertex 49 2.2 56
      vertex 53.0358 2.91163 56
    endloop
  endfacet
  facet normal 0 0 1
    outer loop
      vertex 49 2.2 56
      vertex 50.0623 32.682 56
      vertex 49.1531 32.9257 56
    endloop
  endfacet
  facet normal 0 0 1
    outer loop
      vertex 53.0358 2.91163 56
      vertex 49 2.2 56
      vertex 51.049 2.37927 56
    endloop
  endfacet
  facet normal 0 0 1
    outer loop
      vertex 35.8469 32.9257 56
      vertex 49.1531 32.9257 56
      vertex 48.3 33.3235 56
    endloop
  endfacet
  facet normal 0 0 1
    outer loop
      vertex 36.7 33.3235 56
      vertex 48.3 33.3235 56
      vertex 47.5289 33.8634 56
    endloop
  endfacet
  facet normal 0 0 1
    outer loop
      vertex 37.4711 33.8634 56
      vertex 47.5289 33.8634 56
      vertex 46.8634 34.5289 56
    endloop
  endfacet
  facet normal 0 0 1
    outer loop
      vertex 38.1366 34.5289 56
      vertex 46.8634 34.5289 56
      vertex 46.3235 35.3 56
    endloop
  endfacet
  facet normal 0 0 1
    outer loop
      vertex 38.6765 35.3 56
      vertex 46.3235 35.3 56
      vertex 45.9257 36.1531 56
    endloop
  endfacet
  facet normal 0 0 1
    outer loop
      vertex 39.0743 36.1531 56
      vertex 45.9257 36.1531 56
      vertex 45.682 37.0623 56
    endloop
  endfacet
  facet normal 0 0 1
    outer loop
      vertex 38.1 47.5824 56
      vertex 45.1611 55.8 56
      vertex 39.8389 55.8 56
    endloop
  endfacet
  facet normal 0 -0 1
    outer loop
      vertex 39.0743 39.8469 56
      vertex 45.9257 39.8469 56
      vertex 38.6765 40.7 56
    endloop
  endfacet
  facet normal 0 0 1
    outer loop
      vertex 45.9257 39.8469 56
      vertex 39.0743 39.8469 56
      vertex 45.682 38.9377 56
    endloop
  endfacet
  facet normal 0 0 1
    outer loop
      vertex 39.318 37.0623 56
      vertex 45.682 37.0623 56
      vertex 39.4 38 56
    endloop
  endfacet
  facet normal 0 0 1
    outer loop
      vertex 39.0743 36.1531 56
      vertex 45.682 37.0623 56
      vertex 39.318 37.0623 56
    endloop
  endfacet
  facet normal 0 0 1
    outer loop
      vertex 45.9257 36.1531 56
      vertex 39.0743 36.1531 56
      vertex 38.6765 35.3 56
    endloop
  endfacet
  facet normal 0 0 1
    outer loop
      vertex 46.3235 35.3 56
      vertex 38.6765 35.3 56
      vertex 38.1366 34.5289 56
    endloop
  endfacet
  facet normal 0 0 1
    outer loop
      vertex 46.8634 34.5289 56
      vertex 38.1366 34.5289 56
      vertex 37.4711 33.8634 56
    endloop
  endfacet
  facet normal 0 0 1
    outer loop
      vertex 47.5289 33.8634 56
      vertex 37.4711 33.8634 56
      vertex 36.7 33.3235 56
    endloop
  endfacet
  facet normal 0 0 1
    outer loop
      vertex 48.3 33.3235 56
      vertex 36.7 33.3235 56
      vertex 35.8469 32.9257 56
    endloop
  endfacet
  facet normal 0 0 1
    outer loop
      vertex 49.1531 32.9257 56
      vertex 35.8469 32.9257 56
      vertex 49 2.2 56
    endloop
  endfacet
  facet normal -0 0 1
    outer loop
      vertex 34.9377 32.682 56
      vertex 49 2.2 56
      vertex 35.8469 32.9257 56
    endloop
  endfacet
  facet normal 0 0 1
    outer loop
      vertex 21.5175 21.2638 56
      vertex 34.9377 32.682 56
      vertex 34 32.6 56
    endloop
  endfacet
  facet normal 0 0 1
    outer loop
      vertex 21.8785 22.6108 56
      vertex 34 32.6 56
      vertex 33.0623 32.682 56
    endloop
  endfacet
  facet normal 0 0 1
    outer loop
      vertex 22 24 56
      vertex 33.0623 32.682 56
      vertex 32.1531 32.9257 56
    endloop
  endfacet
  facet normal 0 0 1
    outer loop
      vertex 22 24 56
      vertex 32.1531 32.9257 56
      vertex 31.3 33.3235 56
    endloop
  endfacet
  facet normal 0 0 1
    outer loop
      vertex 22 24 56
      vertex 31.3 33.3235 56
      vertex 30.5289 33.8634 56
    endloop
  endfacet
  facet normal 0 0 1
    outer loop
      vertex 22 24 56
      vertex 30.5289 33.8634 56
      vertex 29.8634 34.5289 56
    endloop
  endfacet
  facet normal 0 0 1
    outer loop
      vertex 22 24 56
      vertex 29.8634 34.5289 56
      vertex 29.3235 35.3 56
    endloop
  endfacet
  facet normal -0 -0 1
    outer loop
      vertex 22 40 56
      vertex 28.9257 39.8469 56
      vertex 21.8785 41.3892 56
    endloop
  endfacet
  facet normal 0 0 1
    outer loop
      vertex 22 40 56
      vertex 28.682 37.0623 56
      vertex 28.6 38 56
    endloop
  endfacet
  facet normal 0 0 1
    outer loop
      vertex 22 40 56
      vertex 28.9257 36.1531 56
      vertex 28.682 37.0623 56
    endloop
  endfacet
  facet normal 0 0 1
    outer loop
      vertex 22 40 56
      vertex 29.3235 35.3 56
      vertex 28.9257 36.1531 56
    endloop
  endfacet
  facet normal 0 0 1
    outer loop
      vertex 22 24 56
      vertex 29.3235 35.3 56
      vertex 22 40 56
    endloop
  endfacet
  facet normal 0 0 1
    outer loop
      vertex 33.0623 32.682 56
      vertex 22 24 56
      vertex 21.8785 22.6108 56
    endloop
  endfacet
  facet normal 0 0 1
    outer loop
      vertex 34 32.6 56
      vertex 21.8785 22.6108 56
      vertex 21.5175 21.2638 56
    endloop
  endfacet
  facet normal 0 0 1
    outer loop
      vertex 34.9377 32.682 56
      vertex 21.5175 21.2638 56
      vertex 49 2.2 56
    endloop
  endfacet
  facet normal -0 0 1
    outer loop
      vertex 20.9282 20 56
      vertex 49 2.2 56
      vertex 21.5175 21.2638 56
    endloop
  endfacet
  facet normal -0 0 1
    outer loop
      vertex 20.1284 18.8577 56
      vertex 49 2.2 56
      vertex 20.9282 20 56
    endloop
  endfacet
  facet normal -0 0 1
    outer loop
      vertex 19.1423 17.8716 56
      vertex 49 2.2 56
      vertex 20.1284 18.8577 56
    endloop
  endfacet
  facet normal -0 0 1
    outer loop
      vertex 18 17.0718 56
      vertex 49 2.2 56
      vertex 19.1423 17.8716 56
    endloop
  endfacet
  facet normal -0 0 1
    outer loop
      vertex 16.7362 16.4825 56
      vertex 49 2.2 56
      vertex 18 17.0718 56
    endloop
  endfacet
  facet normal -0 0 1
    outer loop
      vertex 15.3892 16.1215 56
      vertex 49 2.2 56
      vertex 16.7362 16.4825 56
    endloop
  endfacet
  facet normal -0 0 1
    outer loop
      vertex 14 16 56
      vertex 49 2.2 56
      vertex 15.3892 16.1215 56
    endloop
  endfacet
  facet normal -0 0 1
    outer loop
      vertex -14 16 56
      vertex 49 2.2 56
      vertex 14 16 56
    endloop
  endfacet
  facet normal 0 0 1
    outer loop
      vertex -49 2.2 56
      vertex -14 16 56
      vertex -15.3892 16.1215 56
    endloop
  endfacet
  facet normal 0 -0 1
    outer loop
      vertex -28.6 38 56
      vertex -22 40 56
      vertex -28.682 38.9377 56
    endloop
  endfacet
  facet normal 0 0 1
    outer loop
      vertex -28.682 37.0623 56
      vertex -22 40 56
      vertex -28.6 38 56
    endloop
  endfacet
  facet normal 0 0 1
    outer loop
      vertex -29.3235 35.3 56
      vertex -22 40 56
      vertex -28.9257 36.1531 56
    endloop
  endfacet
  facet normal 0 0 1
    outer loop
      vertex -22 40 56
      vertex -29.3235 35.3 56
      vertex -22 24 56
    endloop
  endfacet
  facet normal -0 0 1
    outer loop
      vertex -29.8634 34.5289 56
      vertex -22 24 56
      vertex -29.3235 35.3 56
    endloop
  endfacet
  facet normal -0 0 1
    outer loop
      vertex -30.5289 33.8634 56
      vertex -22 24 56
      vertex -29.8634 34.5289 56
    endloop
  endfacet
  facet normal -0 0 1
    outer loop
      vertex -31.3 33.3235 56
      vertex -22 24 56
      vertex -30.5289 33.8634 56
    endloop
  endfacet
  facet normal -0 0 1
    outer loop
      vertex -32.1531 32.9257 56
      vertex -22 24 56
      vertex -31.3 33.3235 56
    endloop
  endfacet
  facet normal -0 0 1
    outer loop
      vertex -33.0623 32.682 56
      vertex -22 24 56
      vertex -32.1531 32.9257 56
    endloop
  endfacet
  facet normal 0 0 1
    outer loop
      vertex -22 24 56
      vertex -33.0623 32.682 56
      vertex -21.8785 22.6108 56
    endloop
  endfacet
  facet normal -0 0 1
    outer loop
      vertex -34 32.6 56
      vertex -21.8785 22.6108 56
      vertex -33.0623 32.682 56
    endloop
  endfacet
  facet normal 0 0 1
    outer loop
      vertex -21.8785 22.6108 56
      vertex -34 32.6 56
      vertex -21.5175 21.2638 56
    endloop
  endfacet
  facet normal 0 0 1
    outer loop
      vertex -34.9377 32.682 56
      vertex -21.5175 21.2638 56
      vertex -34 32.6 56
    endloop
  endfacet
  facet normal 0 0 1
    outer loop
      vertex -49 2.2 56
      vertex -21.5175 21.2638 56
      vertex -34.9377 32.682 56
    endloop
  endfacet
  facet normal 0 0 1
    outer loop
      vertex -21.5175 21.2638 56
      vertex -49 2.2 56
      vertex -20.9282 20 56
    endloop
  endfacet
  facet normal 0 0 1
    outer loop
      vertex -20.9282 20 56
      vertex -49 2.2 56
      vertex -20.1284 18.8577 56
    endloop
  endfacet
  facet normal 0 0 1
    outer loop
      vertex -49 2.2 56
      vertex -34.9377 32.682 56
      vertex -35.8469 32.9257 56
    endloop
  endfacet
  facet normal 0 0 1
    outer loop
      vertex -49.1531 32.9257 56
      vertex -35.8469 32.9257 56
      vertex -36.7 33.3235 56
    endloop
  endfacet
  facet normal 0 0 1
    outer loop
      vertex -48.3 33.3235 56
      vertex -36.7 33.3235 56
      vertex -37.4711 33.8634 56
    endloop
  endfacet
  facet normal 0 0 1
    outer loop
      vertex -46.9 47.5824 56
      vertex -39.8389 55.8 56
      vertex -45.1611 55.8 56
    endloop
  endfacet
  facet normal 0 -0 1
    outer loop
      vertex -45.9257 39.8469 56
      vertex -39.0743 39.8469 56
      vertex -46.3235 40.7 56
    endloop
  endfacet
  facet normal 0 0 1
    outer loop
      vertex -39.0743 39.8469 56
      vertex -45.9257 39.8469 56
      vertex -39.318 38.9377 56
    endloop
  endfacet
  facet normal 0 -0 1
    outer loop
      vertex -45.682 38.9377 56
      vertex -39.318 38.9377 56
      vertex -45.9257 39.8469 56
    endloop
  endfacet
  facet normal 0 0 1
    outer loop
      vertex -39.318 37.0623 56
      vertex -45.682 37.0623 56
      vertex -39.0743 36.1531 56
    endloop
  endfacet
  facet normal 0 0 1
    outer loop
      vertex -45.9257 36.1531 56
      vertex -39.0743 36.1531 56
      vertex -45.682 37.0623 56
    endloop
  endfacet
  facet normal 0 0 1
    outer loop
      vertex -39.0743 36.1531 56
      vertex -45.9257 36.1531 56
      vertex -38.6765 35.3 56
    endloop
  endfacet
  facet normal 0 0 1
    outer loop
      vertex -46.3235 35.3 56
      vertex -38.6765 35.3 56
      vertex -45.9257 36.1531 56
    endloop
  endfacet
  facet normal 0 0 1
    outer loop
      vertex -38.6765 35.3 56
      vertex -46.3235 35.3 56
      vertex -38.1366 34.5289 56
    endloop
  endfacet
  facet normal 0 0 1
    outer loop
      vertex -46.8634 34.5289 56
      vertex -38.1366 34.5289 56
      vertex -46.3235 35.3 56
    endloop
  endfacet
  facet normal 0 0 1
    outer loop
      vertex -38.1366 34.5289 56
      vertex -46.8634 34.5289 56
      vertex -37.4711 33.8634 56
    endloop
  endfacet
  facet normal 0 0 1
    outer loop
      vertex -47.5289 33.8634 56
      vertex -37.4711 33.8634 56
      vertex -46.8634 34.5289 56
    endloop
  endfacet
  facet normal 0 0 1
    outer loop
      vertex -48.3 33.3235 56
      vertex -37.4711 33.8634 56
      vertex -47.5289 33.8634 56
    endloop
  endfacet
  facet normal 0 0 1
    outer loop
      vertex -36.7 33.3235 56
      vertex -48.3 33.3235 56
      vertex -49.1531 32.9257 56
    endloop
  endfacet
  facet normal 0 0 1
    outer loop
      vertex -20.1284 18.8577 56
      vertex -49 2.2 56
      vertex -19.1423 17.8716 56
    endloop
  endfacet
  facet normal 0 0 1
    outer loop
      vertex -14 16 56
      vertex -49 2.2 56
      vertex 49 2.2 56
    endloop
  endfacet
  facet normal 0 0 1
    outer loop
      vertex -16.7362 16.4825 56
      vertex -49 2.2 56
      vertex -15.3892 16.1215 56
    endloop
  endfacet
  facet normal 0 0 1
    outer loop
      vertex -18 17.0718 56
      vertex -49 2.2 56
      vertex -16.7362 16.4825 56
    endloop
  endfacet
  facet normal 0 0 1
    outer loop
      vertex -19.1423 17.8716 56
      vertex -49 2.2 56
      vertex -18 17.0718 56
    endloop
  endfacet
  facet normal 0 0 1
    outer loop
      vertex -35.8469 32.9257 56
      vertex -49.1531 32.9257 56
      vertex -49 2.2 56
    endloop
  endfacet
  facet normal -0 0 1
    outer loop
      vertex -50.0623 32.682 56
      vertex -49 2.2 56
      vertex -49.1531 32.9257 56
    endloop
  endfacet
  facet normal 0 0 1
    outer loop
      vertex -60.8 14 56
      vertex -50.0623 32.682 56
      vertex -51 32.6 56
    endloop
  endfacet
  facet normal 0 0 1
    outer loop
      vertex -50.0623 32.682 56
      vertex -60.8 14 56
      vertex -49 2.2 56
    endloop
  endfacet
  facet normal 0 0 1
    outer loop
      vertex -60.8 14 56
      vertex -51 32.6 56
      vertex -51.9377 32.682 56
    endloop
  endfacet
  facet normal 0 0 1
    outer loop
      vertex -60.8 14 56
      vertex -51.9377 32.682 56
      vertex -52.8469 32.9257 56
    endloop
  endfacet
  facet normal 0 0 1
    outer loop
      vertex -49 2.2 56
      vertex -60.8 14 56
      vertex -51.049 2.37927 56
    endloop
  endfacet
  facet normal 0 0 1
    outer loop
      vertex -60.8 14 56
      vertex -52.8469 32.9257 56
      vertex -53.7 33.3235 56
    endloop
  endfacet
  facet normal 0 0 1
    outer loop
      vertex -60.8 14 56
      vertex -53.7 33.3235 56
      vertex -54.4711 33.8634 56
    endloop
  endfacet
  facet normal 0 0 1
    outer loop
      vertex -51.049 2.37927 56
      vertex -60.8 14 56
      vertex -53.0358 2.91163 56
    endloop
  endfacet
  facet normal 0 0 1
    outer loop
      vertex -60.8 14 56
      vertex -54.4711 33.8634 56
      vertex -55.1366 34.5289 56
    endloop
  endfacet
  facet normal 0 0 1
    outer loop
      vertex -60.8 14 56
      vertex -55.1366 34.5289 56
      vertex -55.6765 35.3 56
    endloop
  endfacet
  facet normal 0 0 1
    outer loop
      vertex -60.8 14 56
      vertex -55.6765 35.3 56
      vertex -56.0743 36.1531 56
    endloop
  endfacet
  facet normal 0 0 1
    outer loop
      vertex -60.8 44 56
      vertex -56.0743 36.1531 56
      vertex -56.318 37.0623 56
    endloop
  endfacet
  facet normal 0 0 1
    outer loop
      vertex -60.8 44 56
      vertex -56.318 37.0623 56
      vertex -56.4 38 56
    endloop
  endfacet
  facet normal 0 0 1
    outer loop
      vertex -53.0358 2.91163 56
      vertex -60.8 14 56
      vertex -54.9 3.7809 56
    endloop
  endfacet
  facet normal 0 0 1
    outer loop
      vertex -60.6207 46.049 56
      vertex -55.1 47.5824 56
      vertex -60.0884 48.0358 56
    endloop
  endfacet
  facet normal 0 0 1
    outer loop
      vertex -60.8 44 56
      vertex -55.1 47.5824 56
      vertex -60.6207 46.049 56
    endloop
  endfacet
  facet normal 0 0 1
    outer loop
      vertex -56.0743 36.1531 56
      vertex -60.8 44 56
      vertex -60.8 14 56
    endloop
  endfacet
  facet normal 0 0 1
    outer loop
      vertex -55.6765 40.7 56
      vertex -60.8 44 56
      vertex -56.0743 39.8469 56
    endloop
  endfacet
  facet normal 0 0 1
    outer loop
      vertex -54.9 3.7809 56
      vertex -60.8 14 56
      vertex -56.5849 4.96068 56
    endloop
  endfacet
  facet normal 0 0 1
    outer loop
      vertex -56.0743 39.8469 56
      vertex -60.8 44 56
      vertex -56.318 38.9377 56
    endloop
  endfacet
  facet normal 0 0 1
    outer loop
      vertex -56.5849 4.96068 56
      vertex -60.8 14 56
      vertex -58.0393 6.41511 56
    endloop
  endfacet
  facet normal 0 0 1
    outer loop
      vertex -56.318 38.9377 56
      vertex -60.8 44 56
      vertex -56.4 38 56
    endloop
  endfacet
  facet normal 0 0 1
    outer loop
      vertex -58.0393 6.41511 56
      vertex -60.8 14 56
      vertex -59.2191 8.1 56
    endloop
  endfacet
  facet normal 0 0 1
    outer loop
      vertex -59.2191 8.1 56
      vertex -60.8 14 56
      vertex -60.0884 9.96416 56
    endloop
  endfacet
  facet normal 0 0 1
    outer loop
      vertex -60.0884 9.96416 56
      vertex -60.8 14 56
      vertex -60.6207 11.951 56
    endloop
  endfacet
  facet normal 0 0 1
    outer loop
      vertex 45.6 38 56
      vertex 39.4 38 56
      vertex 45.682 37.0623 56
    endloop
  endfacet
  facet normal 0 -0 1
    outer loop
      vertex 39.4 38 56
      vertex 45.6 38 56
      vertex 39.318 38.9377 56
    endloop
  endfacet
  facet normal 0 -0 1
    outer loop
      vertex 39.318 38.9377 56
      vertex 45.682 38.9377 56
      vertex 39.0743 39.8469 56
    endloop
  endfacet
  facet normal 0 0 1
    outer loop
      vertex 45.682 38.9377 56
      vertex 39.318 38.9377 56
      vertex 45.6 38 56
    endloop
  endfacet
  facet normal 0 0 1
    outer loop
      vertex 46.3235 40.7 56
      vertex 38.1366 41.4711 56
      vertex 38.6765 40.7 56
    endloop
  endfacet
  facet normal 0 0 1
    outer loop
      vertex 38.1366 41.4711 56
      vertex 38.1 47.5824 56
      vertex 38.1 41.5077 56
    endloop
  endfacet
  facet normal 0 0 1
    outer loop
      vertex -28.9257 36.1531 56
      vertex -22 40 56
      vertex -28.682 37.0623 56
    endloop
  endfacet
  facet normal 0 0 1
    outer loop
      vertex -28.1611 55.8 56
      vertex -28.9257 39.8469 56
      vertex -28.682 38.9377 56
    endloop
  endfacet
  facet normal -0 0 1
    outer loop
      vertex -29.9 47.5824 56
      vertex -28.9257 39.8469 56
      vertex -28.1611 55.8 56
    endloop
  endfacet
  facet normal 0 0 1
    outer loop
      vertex -28.9257 39.8469 56
      vertex -29.9 47.5824 56
      vertex -29.3235 40.7 56
    endloop
  endfacet
  facet normal 0 0 1
    outer loop
      vertex -29.3235 40.7 56
      vertex -29.9 47.5824 56
      vertex -29.8634 41.4711 56
    endloop
  endfacet
  facet normal 0 0 1
    outer loop
      vertex -29.8634 41.4711 56
      vertex -29.9 47.5824 56
      vertex -29.9 41.5077 56
    endloop
  endfacet
  facet normal 0 0 1
    outer loop
      vertex -45.682 37.0623 56
      vertex -39.318 37.0623 56
      vertex -45.6 38 56
    endloop
  endfacet
  facet normal 0 0 1
    outer loop
      vertex -39.4 38 56
      vertex -45.6 38 56
      vertex -39.318 37.0623 56
    endloop
  endfacet
  facet normal 0 0 1
    outer loop
      vertex -39.318 38.9377 56
      vertex -45.682 38.9377 56
      vertex -39.4 38 56
    endloop
  endfacet
  facet normal 0 -0 1
    outer loop
      vertex -45.6 38 56
      vertex -39.4 38 56
      vertex -45.682 38.9377 56
    endloop
  endfacet
  facet normal 0 0 1
    outer loop
      vertex -38.6765 40.7 56
      vertex -46.8634 41.4711 56
      vertex -46.3235 40.7 56
    endloop
  endfacet
  facet normal 0 0 1
    outer loop
      vertex -46.8634 41.4711 56
      vertex -46.9 47.5824 56
      vertex -46.9 41.5077 56
    endloop
  endfacet
  facet normal 0 0 1
    outer loop
      vertex 28.682 38.9377 56
      vertex 22 40 56
      vertex 28.6 38 56
    endloop
  endfacet
  facet normal 0 0 1
    outer loop
      vertex 28.9257 39.8469 56
      vertex 22 40 56
      vertex 28.682 38.9377 56
    endloop
  endfacet
  facet normal 0 0 1
    outer loop
      vertex 29.3235 40.7 56
      vertex 21.8785 41.3892 56
      vertex 28.9257 39.8469 56
    endloop
  endfacet
  facet normal 0 0 1
    outer loop
      vertex 28.1611 55.8 56
      vertex 20.1284 45.1423 56
      vertex 20.9282 44 56
    endloop
  endfacet
  facet normal 0 0 1
    outer loop
      vertex 28.1611 55.8 56
      vertex 19.1423 46.1284 56
      vertex 20.1284 45.1423 56
    endloop
  endfacet
  facet normal 0 0 1
    outer loop
      vertex 28.1611 55.8 56
      vertex 18 46.9282 56
      vertex 19.1423 46.1284 56
    endloop
  endfacet
  facet normal 0 0 1
    outer loop
      vertex 28.1611 55.8 56
      vertex 16.7362 47.5175 56
      vertex 18 46.9282 56
    endloop
  endfacet
  facet normal 0 0 1
    outer loop
      vertex 28.1611 55.8 56
      vertex 15.3892 47.8785 56
      vertex 16.7362 47.5175 56
    endloop
  endfacet
  facet normal 0 0 1
    outer loop
      vertex 28.1611 55.8 56
      vertex 14 48 56
      vertex 15.3892 47.8785 56
    endloop
  endfacet
  facet normal 0 0 1
    outer loop
      vertex 28.1611 55.8 56
      vertex -14 48 56
      vertex 14 48 56
    endloop
  endfacet
  facet normal -0 0 1
    outer loop
      vertex -28.1611 55.8 56
      vertex -14 48 56
      vertex 28.1611 55.8 56
    endloop
  endfacet
  facet normal 0 0 1
    outer loop
      vertex -21.8785 41.3892 56
      vertex -28.682 38.9377 56
      vertex -22 40 56
    endloop
  endfacet
  facet normal 0 0 1
    outer loop
      vertex -21.5175 42.7362 56
      vertex -28.682 38.9377 56
      vertex -21.8785 41.3892 56
    endloop
  endfacet
  facet normal 0 0 1
    outer loop
      vertex -20.9282 44 56
      vertex -28.682 38.9377 56
      vertex -21.5175 42.7362 56
    endloop
  endfacet
  facet normal 0 0 1
    outer loop
      vertex -28.682 38.9377 56
      vertex -20.9282 44 56
      vertex -28.1611 55.8 56
    endloop
  endfacet
  facet normal 0 0 1
    outer loop
      vertex -20.1284 45.1423 56
      vertex -28.1611 55.8 56
      vertex -20.9282 44 56
    endloop
  endfacet
  facet normal 0 0 1
    outer loop
      vertex -19.1423 46.1284 56
      vertex -28.1611 55.8 56
      vertex -20.1284 45.1423 56
    endloop
  endfacet
  facet normal 0 0 1
    outer loop
      vertex -18 46.9282 56
      vertex -28.1611 55.8 56
      vertex -19.1423 46.1284 56
    endloop
  endfacet
  facet normal 0 0 1
    outer loop
      vertex -16.7362 47.5175 56
      vertex -28.1611 55.8 56
      vertex -18 46.9282 56
    endloop
  endfacet
  facet normal 0 0 1
    outer loop
      vertex -15.3892 47.8785 56
      vertex -28.1611 55.8 56
      vertex -16.7362 47.5175 56
    endloop
  endfacet
  facet normal 0 0 1
    outer loop
      vertex -14 48 56
      vertex -28.1611 55.8 56
      vertex -15.3892 47.8785 56
    endloop
  endfacet
  facet normal -0.0655368 -0.749098 0.659209
    outer loop
      vertex -51.049 2.37927 56
      vertex -51.4311 0.212691 53.5
      vertex -49 0 53.5
    endloop
  endfacet
  facet normal 0.726333 -0.194619 0.659215
    outer loop
      vertex 62.7873 11.5689 53.5
      vertex 60.6207 11.951 56
      vertex 62.1557 9.21172 53.5
    endloop
  endfacet
  facet normal 0.615959 0.431326 0.659206
    outer loop
      vertex 59.7246 52.999 53.5
      vertex 58.0393 51.5849 56
      vertex 61.1244 51 53.5
    endloop
  endfacet
  facet normal 0.749095 0.0655393 0.659213
    outer loop
      vertex 62.7873 46.4311 53.5
      vertex 60.6207 46.049 56
      vertex 63 44 53.5
    endloop
  endfacet
  facet normal 0.431314 -0.615969 0.659205
    outer loop
      vertex 56.5849 4.96068 56
      vertex 56 1.87564 53.5
      vertex 57.999 3.27538 53.5
    endloop
  endfacet
  facet normal -0.749099 0.0655507 0.659207
    outer loop
      vertex -60.6207 46.049 56
      vertex -63 44 53.5
      vertex -60.8 44 56
    endloop
  endfacet
  facet normal -0.531725 -0.531714 0.659204
    outer loop
      vertex -58.0393 6.41511 56
      vertex -57.999 3.27538 53.5
      vertex -56.5849 4.96068 56
    endloop
  endfacet
  facet normal -0.531715 -0.531718 0.659209
    outer loop
      vertex -57.999 3.27538 53.5
      vertex -58.0393 6.41511 56
      vertex -59.7246 5.00097 53.5
    endloop
  endfacet
  facet normal 0.681501 0.317793 0.659215
    outer loop
      vertex 61.1244 51 53.5
      vertex 59.2191 49.9 56
      vertex 60.0884 48.0358 56
    endloop
  endfacet
  facet normal -0.0655398 -0.749099 0.659208
    outer loop
      vertex -49 2.2 56
      vertex -51.049 2.37927 56
      vertex -49 0 53.5
    endloop
  endfacet
  facet normal 0 -0.750714 0.660628
    outer loop
      vertex -49 0 53.5
      vertex 49 2.2 56
      vertex -49 2.2 56
    endloop
  endfacet
  facet normal 0 -0.750714 0.660628
    outer loop
      vertex 49 2.2 56
      vertex -49 0 53.5
      vertex 49 0 53.5
    endloop
  endfacet
  facet normal 0.194621 -0.726336 0.659211
    outer loop
      vertex 53.0358 2.91163 56
      vertex 51.049 2.37927 56
      vertex 53.7883 0.844303 53.5
    endloop
  endfacet
  facet normal 0.531715 -0.531718 0.659209
    outer loop
      vertex 58.0393 6.41511 56
      vertex 57.999 3.27538 53.5
      vertex 59.7246 5.00097 53.5
    endloop
  endfacet
  facet normal 0.531725 -0.531714 0.659204
    outer loop
      vertex 57.999 3.27538 53.5
      vertex 58.0393 6.41511 56
      vertex 56.5849 4.96068 56
    endloop
  endfacet
  facet normal -0.726333 -0.194619 0.659215
    outer loop
      vertex -60.6207 11.951 56
      vertex -62.7873 11.5689 53.5
      vertex -62.1557 9.21172 53.5
    endloop
  endfacet
  facet normal 0.749099 -0.0655507 0.659207
    outer loop
      vertex 60.8 14 56
      vertex 60.6207 11.951 56
      vertex 63 14 53.5
    endloop
  endfacet
  facet normal -0.431307 -0.61597 0.659208
    outer loop
      vertex -54.9 3.7809 56
      vertex -56.5849 4.96068 56
      vertex -56 1.87564 53.5
    endloop
  endfacet
  facet normal -0.681498 -0.317798 0.659215
    outer loop
      vertex -60.0884 9.96416 56
      vertex -61.1244 7 53.5
      vertex -59.2191 8.1 56
    endloop
  endfacet
  facet normal 0.317792 -0.681504 0.659212
    outer loop
      vertex 56 1.87564 53.5
      vertex 53.0358 2.91163 56
      vertex 53.7883 0.844303 53.5
    endloop
  endfacet
  facet normal -0.726346 0.194601 0.659205
    outer loop
      vertex -60.0884 48.0358 56
      vertex -62.1557 48.7883 53.5
      vertex -60.6207 46.049 56
    endloop
  endfacet
  facet normal 0.72635 -0.194598 0.659202
    outer loop
      vertex 60.6207 11.951 56
      vertex 60.0884 9.96416 56
      vertex 62.1557 9.21172 53.5
    endloop
  endfacet
  facet normal 0.317786 -0.681511 0.659208
    outer loop
      vertex 54.9 3.7809 56
      vertex 53.0358 2.91163 56
      vertex 56 1.87564 53.5
    endloop
  endfacet
  facet normal 0.726346 0.194601 0.659205
    outer loop
      vertex 62.1557 48.7883 53.5
      vertex 60.0884 48.0358 56
      vertex 60.6207 46.049 56
    endloop
  endfacet
  facet normal -0.726333 0.194617 0.659215
    outer loop
      vertex -62.1557 48.7883 53.5
      vertex -62.7873 46.4311 53.5
      vertex -60.6207 46.049 56
    endloop
  endfacet
  facet normal -0.615959 0.431326 0.659206
    outer loop
      vertex -59.7246 52.999 53.5
      vertex -61.1244 51 53.5
      vertex -58.0393 51.5849 56
    endloop
  endfacet
  facet normal -0.615963 0.431309 0.659213
    outer loop
      vertex -58.0393 51.5849 56
      vertex -61.1244 51 53.5
      vertex -59.2191 49.9 56
    endloop
  endfacet
  facet normal -0.749099 -0.0655507 0.659207
    outer loop
      vertex -60.8 14 56
      vertex -63 14 53.5
      vertex -60.6207 11.951 56
    endloop
  endfacet
  facet normal 0.431331 0.615942 0.659218
    outer loop
      vertex 56.4289 53.8623 55.3331
      vertex 56.2973 53.2407 56
      vertex 56.5849 53.0393 56
    endloop
  endfacet
  facet normal -0.750714 0 0.660628
    outer loop
      vertex -63 14 53.5
      vertex -60.8 44 56
      vertex -63 44 53.5
    endloop
  endfacet
  facet normal -0.750714 0 0.660628
    outer loop
      vertex -60.8 44 56
      vertex -63 14 53.5
      vertex -60.8 14 56
    endloop
  endfacet
  facet normal -0.317786 -0.681511 0.659208
    outer loop
      vertex -54.9 3.7809 56
      vertex -56 1.87564 53.5
      vertex -53.0358 2.91163 56
    endloop
  endfacet
  facet normal -0.317792 -0.681504 0.659212
    outer loop
      vertex -53.0358 2.91163 56
      vertex -56 1.87564 53.5
      vertex -53.7883 0.844303 53.5
    endloop
  endfacet
  facet normal 0.0655398 -0.749099 0.659208
    outer loop
      vertex 49 2.2 56
      vertex 49 0 53.5
      vertex 51.049 2.37927 56
    endloop
  endfacet
  facet normal -0.749095 0.0655393 0.659213
    outer loop
      vertex -62.7873 46.4311 53.5
      vertex -63 44 53.5
      vertex -60.6207 46.049 56
    endloop
  endfacet
  facet normal -0.681501 0.317793 0.659215
    outer loop
      vertex -59.2191 49.9 56
      vertex -61.1244 51 53.5
      vertex -60.0884 48.0358 56
    endloop
  endfacet
  facet normal 0.431307 -0.61597 0.659208
    outer loop
      vertex 56.5849 4.96068 56
      vertex 54.9 3.7809 56
      vertex 56 1.87564 53.5
    endloop
  endfacet
  facet normal -0.194621 -0.726336 0.659211
    outer loop
      vertex -53.0358 2.91163 56
      vertex -53.7883 0.844303 53.5
      vertex -51.049 2.37927 56
    endloop
  endfacet
  facet normal 0.531719 0.531719 0.659204
    outer loop
      vertex 57.999 54.7246 53.5
      vertex 58.0393 51.5849 56
      vertex 59.7246 52.999 53.5
    endloop
  endfacet
  facet normal 0.531719 0.531719 0.659204
    outer loop
      vertex 58.0393 51.5849 56
      vertex 57.999 54.7246 53.5
      vertex 56.5849 53.0393 56
    endloop
  endfacet
  facet normal 0.681511 0.317784 0.659208
    outer loop
      vertex 61.1244 51 53.5
      vertex 60.0884 48.0358 56
      vertex 62.1557 48.7883 53.5
    endloop
  endfacet
  facet normal -0.431331 0.615942 0.659218
    outer loop
      vertex -56.4289 53.8623 55.3331
      vertex -56.5849 53.0393 56
      vertex -56.2973 53.2407 56
    endloop
  endfacet
  facet normal 0.194622 -0.726335 0.659211
    outer loop
      vertex 53.7883 0.844303 53.5
      vertex 51.049 2.37927 56
      vertex 51.4311 0.212691 53.5
    endloop
  endfacet
  facet normal -0.615957 -0.431318 0.659213
    outer loop
      vertex -59.2191 8.1 56
      vertex -61.1244 7 53.5
      vertex -59.7246 5.00097 53.5
    endloop
  endfacet
  facet normal 0.431323 0.615972 0.659196
    outer loop
      vertex 56.4289 53.8623 55.3331
      vertex 57.999 54.7246 53.5
      vertex 56.7904 55.5709 53.5
    endloop
  endfacet
  facet normal 0.431355 0.615938 0.659207
    outer loop
      vertex 57.999 54.7246 53.5
      vertex 56.4289 53.8623 55.3331
      vertex 56.5849 53.0393 56
    endloop
  endfacet
  facet normal -0.615965 -0.431313 0.659209
    outer loop
      vertex -59.2191 8.1 56
      vertex -59.7246 5.00097 53.5
      vertex -58.0393 6.41511 56
    endloop
  endfacet
  facet normal 0.615965 -0.431313 0.659209
    outer loop
      vertex 59.2191 8.1 56
      vertex 58.0393 6.41511 56
      vertex 59.7246 5.00097 53.5
    endloop
  endfacet
  facet normal -0.431314 -0.615969 0.659205
    outer loop
      vertex -56.5849 4.96068 56
      vertex -57.999 3.27538 53.5
      vertex -56 1.87564 53.5
    endloop
  endfacet
  facet normal -0.531719 0.531719 0.659204
    outer loop
      vertex -57.999 54.7246 53.5
      vertex -58.0393 51.5849 56
      vertex -56.5849 53.0393 56
    endloop
  endfacet
  facet normal -0.531719 0.531719 0.659204
    outer loop
      vertex -58.0393 51.5849 56
      vertex -57.999 54.7246 53.5
      vertex -59.7246 52.999 53.5
    endloop
  endfacet
  facet normal -0.681516 -0.317783 0.659204
    outer loop
      vertex -60.0884 9.96416 56
      vertex -62.1557 9.21172 53.5
      vertex -61.1244 7 53.5
    endloop
  endfacet
  facet normal 0 0.707107 -0.707107
    outer loop
      vertex -40.0351 56.7272 28
      vertex -44.6956 58 29.2728
      vertex -40.3044 58 29.2728
    endloop
  endfacet
  facet normal 0 0.707107 -0.707107
    outer loop
      vertex -44.6956 58 29.2728
      vertex -40.0351 56.7272 28
      vertex -44.9649 56.7272 28
    endloop
  endfacet
  facet normal 0 0.707107 -0.707107
    outer loop
      vertex 27.9649 56.7272 28
      vertex -27.6956 58 29.2728
      vertex 27.6956 58 29.2728
    endloop
  endfacet
  facet normal 0 0.707107 -0.707107
    outer loop
      vertex -27.6956 58 29.2728
      vertex 27.9649 56.7272 28
      vertex -27.9649 56.7272 28
    endloop
  endfacet
  facet normal 0 0.707107 -0.707107
    outer loop
      vertex 44.9649 56.7272 28
      vertex 40.3044 58 29.2728
      vertex 44.6956 58 29.2728
    endloop
  endfacet
  facet normal 0 0.707107 -0.707107
    outer loop
      vertex 40.3044 58 29.2728
      vertex 44.9649 56.7272 28
      vertex 40.0351 56.7272 28
    endloop
  endfacet
  facet normal 0 0.707107 0.707107
    outer loop
      vertex -40.3044 58 26.7272
      vertex -44.9649 56.7272 28
      vertex -40.0351 56.7272 28
    endloop
  endfacet
  facet normal 0 0.707107 0.707107
    outer loop
      vertex -44.9649 56.7272 28
      vertex -40.3044 58 26.7272
      vertex -44.6956 58 26.7272
    endloop
  endfacet
  facet normal 0 0.707107 0.707107
    outer loop
      vertex 27.6956 58 26.7272
      vertex -27.9649 56.7272 28
      vertex 27.9649 56.7272 28
    endloop
  endfacet
  facet normal 0 0.707107 0.707107
    outer loop
      vertex -27.9649 56.7272 28
      vertex 27.6956 58 26.7272
      vertex -27.6956 58 26.7272
    endloop
  endfacet
  facet normal 0 0.707107 0.707107
    outer loop
      vertex 44.6956 58 26.7272
      vertex 40.0351 56.7272 28
      vertex 44.9649 56.7272 28
    endloop
  endfacet
  facet normal 0 0.707107 0.707107
    outer loop
      vertex 40.0351 56.7272 28
      vertex 44.6956 58 26.7272
      vertex 40.3044 58 26.7272
    endloop
  endfacet
  facet normal -0.707107 0 0.707107
    outer loop
      vertex -62.7873 46.4311 26.9399
      vertex -61.7272 49.7072 28
      vertex -62.1557 48.7883 27.5715
    endloop
  endfacet
  facet normal -0.707107 -1.41948e-15 0.707107
    outer loop
      vertex -63 44 26.7272
      vertex -61.7272 49.7072 28
      vertex -62.7873 46.4311 26.9399
    endloop
  endfacet
  facet normal -0.707107 0 0.707107
    outer loop
      vertex -63 14 26.7272
      vertex -61.7272 49.7072 28
      vertex -63 44 26.7272
    endloop
  endfacet
  facet normal -0.707107 1.41947e-15 0.707107
    outer loop
      vertex -61.7272 8.29282 28
      vertex -63 14 26.7272
      vertex -62.7873 11.5689 26.9399
    endloop
  endfacet
  facet normal -0.707107 0 0.707107
    outer loop
      vertex -61.7272 8.29282 28
      vertex -62.7873 11.5689 26.9399
      vertex -62.1557 9.21172 27.5715
    endloop
  endfacet
  facet normal -0.707107 0 0.707107
    outer loop
      vertex -63 14 26.7272
      vertex -61.7272 8.29282 28
      vertex -61.7272 49.7072 28
    endloop
  endfacet
  facet normal -0.707107 0 -0.707107
    outer loop
      vertex -61.7272 49.7072 28
      vertex -62.7873 46.4311 29.0601
      vertex -62.1557 48.7883 28.4285
    endloop
  endfacet
  facet normal -0.707107 -1.41948e-15 -0.707107
    outer loop
      vertex -61.7272 49.7072 28
      vertex -63 44 29.2728
      vertex -62.7873 46.4311 29.0601
    endloop
  endfacet
  facet normal -0.707107 0 -0.707107
    outer loop
      vertex -61.7272 49.7072 28
      vertex -63 14 29.2728
      vertex -63 44 29.2728
    endloop
  endfacet
  facet normal -0.707107 0 -0.707107
    outer loop
      vertex -61.7272 8.29282 28
      vertex -63 14 29.2728
      vertex -61.7272 49.7072 28
    endloop
  endfacet
  facet normal -0.707107 1.41947e-15 -0.707107
    outer loop
      vertex -63 14 29.2728
      vertex -61.7272 8.29282 28
      vertex -62.7873 11.5689 29.0601
    endloop
  endfacet
  facet normal -0.707107 0 -0.707107
    outer loop
      vertex -62.7873 11.5689 29.0601
      vertex -61.7272 8.29282 28
      vertex -62.1557 9.21172 28.4285
    endloop
  endfacet
  facet normal 0.707107 0 0.707107
    outer loop
      vertex 61.7272 49.7072 28
      vertex 62.7873 46.4311 26.9399
      vertex 62.1557 48.7883 27.5715
    endloop
  endfacet
  facet normal 0.707107 -1.41948e-15 0.707107
    outer loop
      vertex 61.7272 49.7072 28
      vertex 63 44 26.7272
      vertex 62.7873 46.4311 26.9399
    endloop
  endfacet
  facet normal 0.707107 0 0.707107
    outer loop
      vertex 61.7272 49.7072 28
      vertex 63 14 26.7272
      vertex 63 44 26.7272
    endloop
  endfacet
  facet normal 0.707107 -0 0.707107
    outer loop
      vertex 61.7272 8.29282 28
      vertex 63 14 26.7272
      vertex 61.7272 49.7072 28
    endloop
  endfacet
  facet normal 0.707107 1.41947e-15 0.707107
    outer loop
      vertex 63 14 26.7272
      vertex 61.7272 8.29282 28
      vertex 62.7873 11.5689 26.9399
    endloop
  endfacet
  facet normal 0.707107 0 0.707107
    outer loop
      vertex 62.7873 11.5689 26.9399
      vertex 61.7272 8.29282 28
      vertex 62.1557 9.21172 27.5715
    endloop
  endfacet
  facet normal 0.707107 0 -0.707107
    outer loop
      vertex 62.7873 46.4311 29.0601
      vertex 61.7272 49.7072 28
      vertex 62.1557 48.7883 28.4285
    endloop
  endfacet
  facet normal 0.707107 -1.41948e-15 -0.707107
    outer loop
      vertex 63 44 29.2728
      vertex 61.7272 49.7072 28
      vertex 62.7873 46.4311 29.0601
    endloop
  endfacet
  facet normal 0.707107 0 -0.707107
    outer loop
      vertex 63 14 29.2728
      vertex 61.7272 49.7072 28
      vertex 63 44 29.2728
    endloop
  endfacet
  facet normal 0.707107 1.41947e-15 -0.707107
    outer loop
      vertex 61.7272 8.29282 28
      vertex 63 14 29.2728
      vertex 62.7873 11.5689 29.0601
    endloop
  endfacet
  facet normal 0.707107 0 -0.707107
    outer loop
      vertex 61.7272 8.29282 28
      vertex 62.7873 11.5689 29.0601
      vertex 62.1557 9.21172 28.4285
    endloop
  endfacet
  facet normal 0.707107 0 -0.707107
    outer loop
      vertex 63 14 29.2728
      vertex 61.7272 8.29282 28
      vertex 61.7272 49.7072 28
    endloop
  endfacet
  facet normal 0 0 -1
    outer loop
      vertex 15.8031 0 43.5
      vertex 17.1129 4.88999 43.5
      vertex 17.331 4.88999 43.5
    endloop
  endfacet
  facet normal 0 0 -1
    outer loop
      vertex 17.1129 4.88999 43.5
      vertex 15.8031 0 43.5
      vertex 15.8027 0 43.5
    endloop
  endfacet
  facet normal 0 0 -1
    outer loop
      vertex -15.8031 0 43.5
      vertex -17.1129 4.88999 43.5
      vertex -15.8027 0 43.5
    endloop
  endfacet
  facet normal -0 -0 -1
    outer loop
      vertex -17.1129 4.88999 43.5
      vertex -15.8031 0 43.5
      vertex -17.331 4.88999 43.5
    endloop
  endfacet
  facet normal 0.964746 0.258518 0.0493279
    outer loop
      vertex -13.5782 0 0
      vertex -14.3514 2.88545 0
      vertex -13.615 0 0.719727
    endloop
  endfacet
  facet normal 0.964213 0.259556 0.0540702
    outer loop
      vertex -14.9315 4.88999 0.722221
      vertex -14.3514 2.88545 0
      vertex -14.891 4.88999 0
    endloop
  endfacet
  facet normal 0.964214 0.25955 0.0540873
    outer loop
      vertex -13.6152 0 0.722221
      vertex -14.3514 2.88545 0
      vertex -14.9315 4.88999 0.722221
    endloop
  endfacet
  facet normal 0.961284 0.264559 0.0770877
    outer loop
      vertex -14.3514 2.88545 0
      vertex -13.6152 0 0.722221
      vertex -13.615 0 0.719727
    endloop
  endfacet
  facet normal -0.964746 0.258518 0.0493279
    outer loop
      vertex 14.3514 2.88545 0
      vertex 13.5782 0 0
      vertex 13.615 0 0.719727
    endloop
  endfacet
  facet normal -0.964213 0.259556 0.0540702
    outer loop
      vertex 14.3514 2.88545 0
      vertex 14.9315 4.88999 0.722221
      vertex 14.891 4.88999 0
    endloop
  endfacet
  facet normal -0.961284 0.264559 0.0770877
    outer loop
      vertex 13.6152 0 0.722221
      vertex 14.3514 2.88545 0
      vertex 13.615 0 0.719727
    endloop
  endfacet
  facet normal -0.964214 0.25955 0.0540873
    outer loop
      vertex 14.3514 2.88545 0
      vertex 13.6152 0 0.722221
      vertex 14.9315 4.88999 0.722221
    endloop
  endfacet
  facet normal 0.964451 0.259613 0.0493403
    outer loop
      vertex -13.6152 0 0.722221
      vertex -14.9315 4.88999 0.722221
      vertex -13.6776 0 1.94195
    endloop
  endfacet
  facet normal 0.9646 0.260857 0.038739
    outer loop
      vertex -13.6776 0 1.94195
      vertex -15.0001 4.88999 1.94444
      vertex -13.6777 0 1.94444
    endloop
  endfacet
  facet normal 0.963913 0.260663 0.0541019
    outer loop
      vertex -15.0001 4.88999 1.94444
      vertex -13.6776 0 1.94195
      vertex -14.9315 4.88999 0.722221
    endloop
  endfacet
  facet normal -0.964451 0.259613 0.0493403
    outer loop
      vertex 14.9315 4.88999 0.722221
      vertex 13.6152 0 0.722221
      vertex 13.6776 0 1.94195
    endloop
  endfacet
  facet normal -0.963913 0.260663 0.0541019
    outer loop
      vertex 13.6776 0 1.94195
      vertex 15.0001 4.88999 1.94444
      vertex 14.9315 4.88999 0.722221
    endloop
  endfacet
  facet normal -0.9646 0.260857 0.038739
    outer loop
      vertex 15.0001 4.88999 1.94444
      vertex 13.6776 0 1.94195
      vertex 13.6777 0 1.94444
    endloop
  endfacet
  facet normal 0.96415 0.260735 0.0493248
    outer loop
      vertex -13.6777 0 1.94444
      vertex -15.0001 4.88999 1.94444
      vertex -13.7401 0 3.16417
    endloop
  endfacet
  facet normal 0.964307 0.261961 0.0385723
    outer loop
      vertex -13.7401 0 3.16417
      vertex -15.0686 4.88999 3.16667
      vertex -13.7402 0 3.16667
    endloop
  endfacet
  facet normal 0.963619 0.261766 0.0540061
    outer loop
      vertex -15.0686 4.88999 3.16667
      vertex -13.7401 0 3.16417
      vertex -15.0001 4.88999 1.94444
    endloop
  endfacet
  facet normal -0.96415 0.260735 0.0493248
    outer loop
      vertex 15.0001 4.88999 1.94444
      vertex 13.6777 0 1.94444
      vertex 13.7401 0 3.16417
    endloop
  endfacet
  facet normal -0.963619 0.261766 0.0540061
    outer loop
      vertex 13.7401 0 3.16417
      vertex 15.0686 4.88999 3.16667
      vertex 15.0001 4.88999 1.94444
    endloop
  endfacet
  facet normal -0.964307 0.261961 0.0385723
    outer loop
      vertex 15.0686 4.88999 3.16667
      vertex 13.7401 0 3.16417
      vertex 13.7402 0 3.16667
    endloop
  endfacet
  facet normal 0.963852 0.261837 0.04931
    outer loop
      vertex -13.7402 0 3.16667
      vertex -15.0686 4.88999 3.16667
      vertex -13.8026 0 4.38639
    endloop
  endfacet
  facet normal 0.964003 0.263081 0.0385601
    outer loop
      vertex -13.8026 0 4.38639
      vertex -15.1372 4.88999 4.38889
      vertex -13.8027 0 4.38889
    endloop
  endfacet
  facet normal 0.963311 0.262884 0.0540681
    outer loop
      vertex -15.1372 4.88999 4.38889
      vertex -13.8026 0 4.38639
      vertex -15.0686 4.88999 3.16667
    endloop
  endfacet
  facet normal -0.963852 0.261837 0.04931
    outer loop
      vertex 15.0686 4.88999 3.16667
      vertex 13.7402 0 3.16667
      vertex 13.8026 0 4.38639
    endloop
  endfacet
  facet normal -0.963311 0.262884 0.0540681
    outer loop
      vertex 13.8026 0 4.38639
      vertex 15.1372 4.88999 4.38889
      vertex 15.0686 4.88999 3.16667
    endloop
  endfacet
  facet normal -0.964003 0.263081 0.0385601
    outer loop
      vertex 15.1372 4.88999 4.38889
      vertex 13.8026 0 4.38639
      vertex 13.8027 0 4.38889
    endloop
  endfacet
  facet normal 0.963548 0.262956 0.049294
    outer loop
      vertex -13.8027 0 4.38889
      vertex -15.1372 4.88999 4.38889
      vertex -13.8651 0 5.60862
    endloop
  endfacet
  facet normal 0.963697 0.26418 0.0387027
    outer loop
      vertex -13.8651 0 5.60862
      vertex -15.2057 4.88999 5.61111
      vertex -13.8652 0 5.61111
    endloop
  endfacet
  facet normal 0.963015 0.263985 0.0539727
    outer loop
      vertex -15.2057 4.88999 5.61111
      vertex -13.8651 0 5.60862
      vertex -15.1372 4.88999 4.38889
    endloop
  endfacet
  facet normal -0.963548 0.262956 0.049294
    outer loop
      vertex 15.1372 4.88999 4.38889
      vertex 13.8027 0 4.38889
      vertex 13.8651 0 5.60862
    endloop
  endfacet
  facet normal -0.963015 0.263985 0.0539727
    outer loop
      vertex 13.8651 0 5.60862
      vertex 15.2057 4.88999 5.61111
      vertex 15.1372 4.88999 4.38889
    endloop
  endfacet
  facet normal -0.963697 0.26418 0.0387027
    outer loop
      vertex 15.2057 4.88999 5.61111
      vertex 13.8651 0 5.60862
      vertex 13.8652 0 5.61111
    endloop
  endfacet
  facet normal 0.963248 0.264056 0.0492786
    outer loop
      vertex -13.8652 0 5.61111
      vertex -15.2057 4.88999 5.61111
      vertex -13.9276 0 6.83084
    endloop
  endfacet
  facet normal 0.96339 0.265297 0.0386904
    outer loop
      vertex -13.9276 0 6.83084
      vertex -15.2743 4.88999 6.83333
      vertex -13.9277 0 6.83333
    endloop
  endfacet
  facet normal 0.962705 0.265101 0.0540341
    outer loop
      vertex -15.2743 4.88999 6.83333
      vertex -13.9276 0 6.83084
      vertex -15.2057 4.88999 5.61111
    endloop
  endfacet
  facet normal -0.963248 0.264056 0.0492786
    outer loop
      vertex 15.2057 4.88999 5.61111
      vertex 13.8652 0 5.61111
      vertex 13.9276 0 6.83084
    endloop
  endfacet
  facet normal -0.962705 0.265101 0.0540341
    outer loop
      vertex 13.9276 0 6.83084
      vertex 15.2743 4.88999 6.83333
      vertex 15.2057 4.88999 5.61111
    endloop
  endfacet
  facet normal -0.96339 0.265297 0.0386904
    outer loop
      vertex 15.2743 4.88999 6.83333
      vertex 13.9276 0 6.83084
      vertex 13.9277 0 6.83333
    endloop
  endfacet
  facet normal 0.962941 0.265174 0.049263
    outer loop
      vertex -13.9277 0 6.83333
      vertex -15.2743 4.88999 6.83333
      vertex -13.9901 0 8.05306
    endloop
  endfacet
  facet normal 0.960961 0.265788 0.0768769
    outer loop
      vertex -13.9901 0 8.05306
      vertex -15.3428 4.88999 8.05556
      vertex -13.9903 0 8.05556
    endloop
  endfacet
  facet normal 0.962408 0.2662 0.0539382
    outer loop
      vertex -15.3428 4.88999 8.05556
      vertex -13.9901 0 8.05306
      vertex -15.2743 4.88999 6.83333
    endloop
  endfacet
  facet normal -0.962941 0.265174 0.049263
    outer loop
      vertex 15.2743 4.88999 6.83333
      vertex 13.9277 0 6.83333
      vertex 13.9901 0 8.05306
    endloop
  endfacet
  facet normal -0.962408 0.2662 0.0539382
    outer loop
      vertex 13.9901 0 8.05306
      vertex 15.3428 4.88999 8.05556
      vertex 15.2743 4.88999 6.83333
    endloop
  endfacet
  facet normal -0.960961 0.265788 0.0768769
    outer loop
      vertex 15.3428 4.88999 8.05556
      vertex 13.9901 0 8.05306
      vertex 13.9903 0 8.05556
    endloop
  endfacet
  facet normal 0.962648 0.266254 0.0491695
    outer loop
      vertex -13.9903 0 8.05556
      vertex -15.3428 4.88999 8.05556
      vertex -14.0526 0 9.27528
    endloop
  endfacet
  facet normal 0.960655 0.266901 0.0768524
    outer loop
      vertex -14.0526 0 9.27528
      vertex -15.4114 4.88999 9.27778
      vertex -14.0528 0 9.27778
    endloop
  endfacet
  facet normal 0.962095 0.267313 0.0539999
    outer loop
      vertex -15.4114 4.88999 9.27778
      vertex -14.0526 0 9.27528
      vertex -15.3428 4.88999 8.05556
    endloop
  endfacet
  facet normal -0.962648 0.266254 0.0491695
    outer loop
      vertex 15.3428 4.88999 8.05556
      vertex 13.9903 0 8.05556
      vertex 14.0526 0 9.27528
    endloop
  endfacet
  facet normal -0.962095 0.267313 0.0539999
    outer loop
      vertex 14.0526 0 9.27528
      vertex 15.4114 4.88999 9.27778
      vertex 15.3428 4.88999 8.05556
    endloop
  endfacet
  facet normal -0.960655 0.266901 0.0768524
    outer loop
      vertex 15.4114 4.88999 9.27778
      vertex 14.0526 0 9.27528
      vertex 14.0528 0 9.27778
    endloop
  endfacet
  facet normal 0.96234 0.26737 0.0491537
    outer loop
      vertex -14.0528 0 9.27778
      vertex -15.4114 4.88999 9.27778
      vertex -14.1151 0 10.4975
    endloop
  endfacet
  facet normal 0.960352 0.267996 0.0768282
    outer loop
      vertex -14.1151 0 10.4975
      vertex -15.4799 4.88999 10.5
      vertex -14.1153 0 10.5
    endloop
  endfacet
  facet normal 0.961795 0.26841 0.0539044
    outer loop
      vertex -15.4799 4.88999 10.5
      vertex -14.1151 0 10.4975
      vertex -15.4114 4.88999 9.27778
    endloop
  endfacet
  facet normal -0.96234 0.26737 0.0491537
    outer loop
      vertex 15.4114 4.88999 9.27778
      vertex 14.0528 0 9.27778
      vertex 14.1151 0 10.4975
    endloop
  endfacet
  facet normal -0.961795 0.26841 0.0539044
    outer loop
      vertex 14.1151 0 10.4975
      vertex 15.4799 4.88999 10.5
      vertex 15.4114 4.88999 9.27778
    endloop
  endfacet
  facet normal -0.960352 0.267996 0.0768282
    outer loop
      vertex 15.4799 4.88999 10.5
      vertex 14.1151 0 10.4975
      vertex 14.1153 0 10.5
    endloop
  endfacet
  facet normal 0.962031 0.268464 0.0492176
    outer loop
      vertex -14.1153 0 10.5
      vertex -15.4799 4.88999 10.5
      vertex -14.1777 0 11.7197
    endloop
  endfacet
  facet normal 0.962174 0.269704 0.0384869
    outer loop
      vertex -14.1777 0 11.7197
      vertex -15.5485 4.88999 11.7222
      vertex -14.1778 0 11.7222
    endloop
  endfacet
  facet normal 0.961486 0.269504 0.0539666
    outer loop
      vertex -15.5485 4.88999 11.7222
      vertex -14.1777 0 11.7197
      vertex -15.4799 4.88999 10.5
    endloop
  endfacet
  facet normal -0.962031 0.268464 0.0492176
    outer loop
      vertex 15.4799 4.88999 10.5
      vertex 14.1153 0 10.5
      vertex 14.1777 0 11.7197
    endloop
  endfacet
  facet normal -0.961486 0.269504 0.0539666
    outer loop
      vertex 14.1777 0 11.7197
      vertex 15.5485 4.88999 11.7222
      vertex 15.4799 4.88999 10.5
    endloop
  endfacet
  facet normal -0.962174 0.269704 0.0384869
    outer loop
      vertex 15.5485 4.88999 11.7222
      vertex 14.1777 0 11.7197
      vertex 14.1778 0 11.7222
    endloop
  endfacet
  facet normal 0.961721 0.269577 0.0492018
    outer loop
      vertex -14.1778 0 11.7222
      vertex -15.5485 4.88999 11.7222
      vertex -14.2402 0 12.9419
    endloop
  endfacet
  facet normal 0.961862 0.270817 0.0384745
    outer loop
      vertex -14.2402 0 12.9419
      vertex -15.6171 4.88999 12.9444
      vertex -14.2403 0 12.9444
    endloop
  endfacet
  facet normal 0.961175 0.270615 0.0539491
    outer loop
      vertex -15.6171 4.88999 12.9444
      vertex -14.2402 0 12.9419
      vertex -15.5485 4.88999 11.7222
    endloop
  endfacet
  facet normal -0.961721 0.269577 0.0492018
    outer loop
      vertex 15.5485 4.88999 11.7222
      vertex 14.1778 0 11.7222
      vertex 14.2402 0 12.9419
    endloop
  endfacet
  facet normal -0.961175 0.270615 0.0539491
    outer loop
      vertex 14.2402 0 12.9419
      vertex 15.6171 4.88999 12.9444
      vertex 15.5485 4.88999 11.7222
    endloop
  endfacet
  facet normal -0.961862 0.270817 0.0384745
    outer loop
      vertex 15.6171 4.88999 12.9444
      vertex 14.2402 0 12.9419
      vertex 14.2403 0 12.9444
    endloop
  endfacet
  facet normal 0.96141 0.270689 0.0491818
    outer loop
      vertex -14.2403 0 12.9444
      vertex -15.6171 4.88999 12.9444
      vertex -14.3027 0 14.1642
    endloop
  endfacet
  facet normal 0.961554 0.27191 0.0384622
    outer loop
      vertex -14.3027 0 14.1642
      vertex -15.6856 4.88999 14.1667
      vertex -14.3028 0 14.1667
    endloop
  endfacet
  facet normal 0.960872 0.271709 0.0538491
    outer loop
      vertex -15.6856 4.88999 14.1667
      vertex -14.3027 0 14.1642
      vertex -15.6171 4.88999 12.9444
    endloop
  endfacet
  facet normal -0.96141 0.270689 0.0491818
    outer loop
      vertex 15.6171 4.88999 12.9444
      vertex 14.2403 0 12.9444
      vertex 14.3027 0 14.1642
    endloop
  endfacet
  facet normal -0.960872 0.271709 0.0538491
    outer loop
      vertex 14.3027 0 14.1642
      vertex 15.6856 4.88999 14.1667
      vertex 15.6171 4.88999 12.9444
    endloop
  endfacet
  facet normal -0.961554 0.27191 0.0384622
    outer loop
      vertex 15.6856 4.88999 14.1667
      vertex 14.3027 0 14.1642
      vertex 14.3028 0 14.1667
    endloop
  endfacet
  facet normal 0.961102 0.271782 0.0491701
    outer loop
      vertex -14.3028 0 14.1667
      vertex -15.6856 4.88999 14.1667
      vertex -14.3652 0 15.3864
    endloop
  endfacet
  facet normal 0.96124 0.27302 0.0384496
    outer loop
      vertex -14.3652 0 15.3864
      vertex -15.7542 4.88999 15.3889
      vertex -14.3653 0 15.3889
    endloop
  endfacet
  facet normal 0.960554 0.272817 0.0539143
    outer loop
      vertex -15.7542 4.88999 15.3889
      vertex -14.3652 0 15.3864
      vertex -15.6856 4.88999 14.1667
    endloop
  endfacet
  facet normal -0.961102 0.271782 0.0491701
    outer loop
      vertex 15.6856 4.88999 14.1667
      vertex 14.3028 0 14.1667
      vertex 14.3652 0 15.3864
    endloop
  endfacet
  facet normal -0.960554 0.272817 0.0539143
    outer loop
      vertex 14.3652 0 15.3864
      vertex 15.7542 4.88999 15.3889
      vertex 15.6856 4.88999 14.1667
    endloop
  endfacet
  facet normal -0.96124 0.27302 0.0384496
    outer loop
      vertex 15.7542 4.88999 15.3889
      vertex 14.3652 0 15.3864
      vertex 14.3653 0 15.3889
    endloop
  endfacet
  facet normal 0.960788 0.272892 0.049154
    outer loop
      vertex -14.3653 0 15.3889
      vertex -15.7542 4.88999 15.3889
      vertex -14.4277 0 16.6086
    endloop
  endfacet
  facet normal 0.96093 0.274111 0.0384372
    outer loop
      vertex -14.4277 0 16.6086
      vertex -15.8227 4.88999 16.6111
      vertex -14.4278 0 16.6111
    endloop
  endfacet
  facet normal 0.960249 0.273909 0.0538185
    outer loop
      vertex -15.8227 4.88999 16.6111
      vertex -14.4277 0 16.6086
      vertex -15.7542 4.88999 15.3889
    endloop
  endfacet
  facet normal -0.960788 0.272892 0.049154
    outer loop
      vertex 15.7542 4.88999 15.3889
      vertex 14.3653 0 15.3889
      vertex 14.4277 0 16.6086
    endloop
  endfacet
  facet normal -0.960249 0.273909 0.0538185
    outer loop
      vertex 14.4277 0 16.6086
      vertex 15.8227 4.88999 16.6111
      vertex 15.7542 4.88999 15.3889
    endloop
  endfacet
  facet normal -0.96093 0.274111 0.0384372
    outer loop
      vertex 15.8227 4.88999 16.6111
      vertex 14.4277 0 16.6086
      vertex 14.4278 0 16.6111
    endloop
  endfacet
  facet normal 0.960479 0.273982 0.0491382
    outer loop
      vertex -14.4278 0 16.6111
      vertex -15.8227 4.88999 16.6111
      vertex -14.4902 0 17.8308
    endloop
  endfacet
  facet normal 0.958498 0.274594 0.0766798
    outer loop
      vertex -14.4902 0 17.8308
      vertex -15.8913 4.88999 17.8333
      vertex -14.4904 0 17.8333
    endloop
  endfacet
  facet normal 0.959929 0.275015 0.0538792
    outer loop
      vertex -15.8913 4.88999 17.8333
      vertex -14.4902 0 17.8308
      vertex -15.8227 4.88999 16.6111
    endloop
  endfacet
  facet normal -0.960479 0.273982 0.0491382
    outer loop
      vertex 15.8227 4.88999 16.6111
      vertex 14.4278 0 16.6111
      vertex 14.4902 0 17.8308
    endloop
  endfacet
  facet normal -0.959929 0.275015 0.0538792
    outer loop
      vertex 14.4902 0 17.8308
      vertex 15.8913 4.88999 17.8333
      vertex 15.8227 4.88999 16.6111
    endloop
  endfacet
  facet normal -0.958498 0.274594 0.0766798
    outer loop
      vertex 15.8913 4.88999 17.8333
      vertex 14.4902 0 17.8308
      vertex 14.4904 0 17.8333
    endloop
  endfacet
  facet normal 0.960172 0.275073 0.0490398
    outer loop
      vertex -14.4904 0 17.8333
      vertex -15.8913 4.88999 17.8333
      vertex -14.5527 0 19.0531
    endloop
  endfacet
  facet normal 0.958188 0.27568 0.076655
    outer loop
      vertex -14.5527 0 19.0531
      vertex -15.9598 4.88999 19.0556
      vertex -14.5529 0 19.0556
    endloop
  endfacet
  facet normal 0.959622 0.276105 0.053779
    outer loop
      vertex -15.9598 4.88999 19.0556
      vertex -14.5527 0 19.0531
      vertex -15.8913 4.88999 17.8333
    endloop
  endfacet
  facet normal -0.960172 0.275073 0.0490398
    outer loop
      vertex 15.8913 4.88999 17.8333
      vertex 14.4904 0 17.8333
      vertex 14.5527 0 19.0531
    endloop
  endfacet
  facet normal -0.959622 0.276105 0.053779
    outer loop
      vertex 14.5527 0 19.0531
      vertex 15.9598 4.88999 19.0556
      vertex 15.8913 4.88999 17.8333
    endloop
  endfacet
  facet normal -0.958188 0.27568 0.076655
    outer loop
      vertex 15.9598 4.88999 19.0556
      vertex 14.5527 0 19.0531
      vertex 14.5529 0 19.0556
    endloop
  endfacet
  facet normal 0.95986 0.276161 0.0490279
    outer loop
      vertex -14.5529 0 19.0556
      vertex -15.9598 4.88999 19.0556
      vertex -14.6152 0 20.2753
    endloop
  endfacet
  facet normal 0.957872 0.276784 0.0766297
    outer loop
      vertex -14.6152 0 20.2753
      vertex -16.0284 4.88999 20.2778
      vertex -14.6154 0 20.2778
    endloop
  endfacet
  facet normal 0.9593 0.277209 0.0538439
    outer loop
      vertex -16.0284 4.88999 20.2778
      vertex -14.6152 0 20.2753
      vertex -15.9598 4.88999 19.0556
    endloop
  endfacet
  facet normal -0.95986 0.276161 0.0490279
    outer loop
      vertex 15.9598 4.88999 19.0556
      vertex 14.5529 0 19.0556
      vertex 14.6152 0 20.2753
    endloop
  endfacet
  facet normal -0.9593 0.277209 0.0538439
    outer loop
      vertex 14.6152 0 20.2753
      vertex 16.0284 4.88999 20.2778
      vertex 15.9598 4.88999 19.0556
    endloop
  endfacet
  facet normal -0.957872 0.276784 0.0766297
    outer loop
      vertex 16.0284 4.88999 20.2778
      vertex 14.6152 0 20.2753
      vertex 14.6154 0 20.2778
    endloop
  endfacet
  facet normal 0.959542 0.277267 0.0490116
    outer loop
      vertex -14.6154 0 20.2778
      vertex -16.0284 4.88999 20.2778
      vertex -14.6777 0 21.4975
    endloop
  endfacet
  facet normal 0.957554 0.277887 0.0766044
    outer loop
      vertex -14.6777 0 21.4975
      vertex -16.097 4.88999 21.5
      vertex -14.6779 0 21.5
    endloop
  endfacet
  facet normal 0.958981 0.278313 0.053826
    outer loop
      vertex -16.097 4.88999 21.5
      vertex -14.6777 0 21.4975
      vertex -16.0284 4.88999 20.2778
    endloop
  endfacet
  facet normal -0.959542 0.277267 0.0490116
    outer loop
      vertex 16.0284 4.88999 20.2778
      vertex 14.6154 0 20.2778
      vertex 14.6777 0 21.4975
    endloop
  endfacet
  facet normal -0.958981 0.278313 0.053826
    outer loop
      vertex 14.6777 0 21.4975
      vertex 16.097 4.88999 21.5
      vertex 16.0284 4.88999 20.2778
    endloop
  endfacet
  facet normal -0.957554 0.277887 0.0766044
    outer loop
      vertex 16.097 4.88999 21.5
      vertex 14.6777 0 21.4975
      vertex 14.6779 0 21.5
    endloop
  endfacet
  facet normal 0.959219 0.27837 0.0490738
    outer loop
      vertex -14.6779 0 21.5
      vertex -16.097 4.88999 21.5
      vertex -14.7403 0 22.7197
    endloop
  endfacet
  facet normal 0.959353 0.279586 0.0383741
    outer loop
      vertex -14.7403 0 22.7197
      vertex -16.1655 4.88999 22.7222
      vertex -14.7404 0 22.7222
    endloop
  endfacet
  facet normal 0.958676 0.279381 0.0537304
    outer loop
      vertex -16.1655 4.88999 22.7222
      vertex -14.7403 0 22.7197
      vertex -16.097 4.88999 21.5
    endloop
  endfacet
  facet normal -0.959219 0.27837 0.0490738
    outer loop
      vertex 16.097 4.88999 21.5
      vertex 14.6779 0 21.5
      vertex 14.7403 0 22.7197
    endloop
  endfacet
  facet normal -0.958676 0.279381 0.0537304
    outer loop
      vertex 14.7403 0 22.7197
      vertex 16.1655 4.88999 22.7222
      vertex 16.097 4.88999 21.5
    endloop
  endfacet
  facet normal -0.959353 0.279586 0.0383741
    outer loop
      vertex 16.1655 4.88999 22.7222
      vertex 14.7403 0 22.7197
      vertex 14.7404 0 22.7222
    endloop
  endfacet
  facet normal 0.958905 0.279456 0.0490577
    outer loop
      vertex -14.7404 0 22.7222
      vertex -16.1655 4.88999 22.7222
      vertex -14.8028 0 23.9419
    endloop
  endfacet
  facet normal 0.959032 0.280689 0.0383613
    outer loop
      vertex -14.8028 0 23.9419
      vertex -16.2341 4.88999 23.9444
      vertex -14.8029 0 23.9444
    endloop
  endfacet
  facet normal 0.958351 0.280482 0.0537906
    outer loop
      vertex -16.2341 4.88999 23.9444
      vertex -14.8028 0 23.9419
      vertex -16.1655 4.88999 22.7222
    endloop
  endfacet
  facet normal -0.958905 0.279456 0.0490577
    outer loop
      vertex 16.1655 4.88999 22.7222
      vertex 14.7404 0 22.7222
      vertex 14.8028 0 23.9419
    endloop
  endfacet
  facet normal -0.958351 0.280482 0.0537906
    outer loop
      vertex 14.8028 0 23.9419
      vertex 16.2341 4.88999 23.9444
      vertex 16.1655 4.88999 22.7222
    endloop
  endfacet
  facet normal -0.959032 0.280689 0.0383613
    outer loop
      vertex 16.2341 4.88999 23.9444
      vertex 14.8028 0 23.9419
      vertex 14.8029 0 23.9444
    endloop
  endfacet
  facet normal 0.958584 0.280558 0.0490372
    outer loop
      vertex -14.8029 0 23.9444
      vertex -16.2341 4.88999 23.9444
      vertex -14.8653 0 25.1642
    endloop
  endfacet
  facet normal 0.958715 0.281772 0.0383486
    outer loop
      vertex -14.8653 0 25.1642
      vertex -16.3026 4.88999 25.1667
      vertex -14.8654 0 25.1667
    endloop
  endfacet
  facet normal 0.958039 0.281566 0.0536903
    outer loop
      vertex -16.3026 4.88999 25.1667
      vertex -14.8653 0 25.1642
      vertex -16.2341 4.88999 23.9444
    endloop
  endfacet
  facet normal -0.958584 0.280558 0.0490372
    outer loop
      vertex 16.2341 4.88999 23.9444
      vertex 14.8029 0 23.9444
      vertex 14.8653 0 25.1642
    endloop
  endfacet
  facet normal -0.958039 0.281566 0.0536903
    outer loop
      vertex 14.8653 0 25.1642
      vertex 16.3026 4.88999 25.1667
      vertex 16.2341 4.88999 23.9444
    endloop
  endfacet
  facet normal -0.958715 0.281772 0.0383486
    outer loop
      vertex 16.3026 4.88999 25.1667
      vertex 14.8653 0 25.1642
      vertex 14.8654 0 25.1667
    endloop
  endfacet
  facet normal 0.958267 0.281641 0.049025
    outer loop
      vertex -14.8654 0 25.1667
      vertex -16.3026 4.88999 25.1667
      vertex -14.9278 0 26.3864
    endloop
  endfacet
  facet normal 0.958391 0.282873 0.0383356
    outer loop
      vertex -14.9278 0 26.3864
      vertex -16.3712 4.88999 26.3889
      vertex -14.9279 0 26.3889
    endloop
  endfacet
  facet normal 0.957711 0.282664 0.0537547
    outer loop
      vertex -16.3712 4.88999 26.3889
      vertex -14.9278 0 26.3864
      vertex -16.3026 4.88999 25.1667
    endloop
  endfacet
  facet normal -0.958267 0.281641 0.049025
    outer loop
      vertex 16.3026 4.88999 25.1667
      vertex 14.8654 0 25.1667
      vertex 14.9278 0 26.3864
    endloop
  endfacet
  facet normal -0.957711 0.282664 0.0537547
    outer loop
      vertex 14.9278 0 26.3864
      vertex 16.3712 4.88999 26.3889
      vertex 16.3026 4.88999 25.1667
    endloop
  endfacet
  facet normal -0.958391 0.282873 0.0383356
    outer loop
      vertex 16.3712 4.88999 26.3889
      vertex 14.9278 0 26.3864
      vertex 14.9279 0 26.3889
    endloop
  endfacet
  facet normal 0.957944 0.282741 0.0490085
    outer loop
      vertex -14.9279 0 26.3889
      vertex -16.3712 4.88999 26.3889
      vertex -14.9903 0 27.6086
    endloop
  endfacet
  facet normal 0.958072 0.283954 0.0383229
    outer loop
      vertex -14.9903 0 27.6086
      vertex -16.4397 4.88999 27.6111
      vertex -14.9904 0 27.6111
    endloop
  endfacet
  facet normal 0.957397 0.283746 0.0536587
    outer loop
      vertex -16.4397 4.88999 27.6111
      vertex -14.9903 0 27.6086
      vertex -16.3712 4.88999 26.3889
    endloop
  endfacet
  facet normal -0.957944 0.282741 0.0490085
    outer loop
      vertex 16.3712 4.88999 26.3889
      vertex 14.9279 0 26.3889
      vertex 14.9903 0 27.6086
    endloop
  endfacet
  facet normal -0.957397 0.283746 0.0536587
    outer loop
      vertex 14.9903 0 27.6086
      vertex 16.4397 4.88999 27.6111
      vertex 16.3712 4.88999 26.3889
    endloop
  endfacet
  facet normal -0.958072 0.283954 0.0383229
    outer loop
      vertex 16.4397 4.88999 27.6111
      vertex 14.9903 0 27.6086
      vertex 14.9904 0 27.6111
    endloop
  endfacet
  facet normal 0.957625 0.283822 0.0489922
    outer loop
      vertex -14.9904 0 27.6111
      vertex -16.4397 4.88999 27.6111
      vertex -15.0528 0 28.8308
    endloop
  endfacet
  facet normal 0.95565 0.284409 0.076452
    outer loop
      vertex -15.0528 0 28.8308
      vertex -16.5083 4.88999 28.8333
      vertex -15.053 0 28.8333
    endloop
  endfacet
  facet normal 0.957068 0.284843 0.0537186
    outer loop
      vertex -16.5083 4.88999 28.8333
      vertex -15.0528 0 28.8308
      vertex -16.4397 4.88999 27.6111
    endloop
  endfacet
  facet normal -0.957625 0.283822 0.0489922
    outer loop
      vertex 16.4397 4.88999 27.6111
      vertex 14.9904 0 27.6111
      vertex 15.0528 0 28.8308
    endloop
  endfacet
  facet normal -0.957068 0.284843 0.0537186
    outer loop
      vertex 15.0528 0 28.8308
      vertex 16.5083 4.88999 28.8333
      vertex 16.4397 4.88999 27.6111
    endloop
  endfacet
  facet normal -0.95565 0.284409 0.076452
    outer loop
      vertex 16.5083 4.88999 28.8333
      vertex 15.0528 0 28.8308
      vertex 15.053 0 28.8333
    endloop
  endfacet
  facet normal 0.957309 0.284903 0.0488935
    outer loop
      vertex -15.053 0 28.8333
      vertex -16.5083 4.88999 28.8333
      vertex -15.1153 0 30.0531
    endloop
  endfacet
  facet normal 0.955331 0.285486 0.0764265
    outer loop
      vertex -15.1153 0 30.0531
      vertex -16.5768 4.88999 30.0556
      vertex -15.1155 0 30.0556
    endloop
  endfacet
  facet normal 0.956751 0.285923 0.0536182
    outer loop
      vertex -16.5768 4.88999 30.0556
      vertex -15.1153 0 30.0531
      vertex -16.5083 4.88999 28.8333
    endloop
  endfacet
  facet normal -0.957309 0.284903 0.0488935
    outer loop
      vertex 16.5083 4.88999 28.8333
      vertex 15.053 0 28.8333
      vertex 15.1153 0 30.0531
    endloop
  endfacet
  facet normal -0.956751 0.285923 0.0536182
    outer loop
      vertex 15.1153 0 30.0531
      vertex 16.5768 4.88999 30.0556
      vertex 16.5083 4.88999 28.8333
    endloop
  endfacet
  facet normal -0.955331 0.285486 0.0764265
    outer loop
      vertex 16.5768 4.88999 30.0556
      vertex 15.1153 0 30.0531
      vertex 15.1155 0 30.0556
    endloop
  endfacet
  facet normal 0.956988 0.285981 0.0488811
    outer loop
      vertex -15.1155 0 30.0556
      vertex -16.5768 4.88999 30.0556
      vertex -15.1778 0 31.2753
    endloop
  endfacet
  facet normal 0.955005 0.28658 0.0764004
    outer loop
      vertex -15.1778 0 31.2753
      vertex -16.6454 4.88999 31.2778
      vertex -15.178 0 31.2778
    endloop
  endfacet
  facet normal 0.95642 0.287017 0.0536822
    outer loop
      vertex -16.6454 4.88999 31.2778
      vertex -15.1778 0 31.2753
      vertex -16.5768 4.88999 30.0556
    endloop
  endfacet
  facet normal -0.956988 0.285981 0.0488811
    outer loop
      vertex 16.5768 4.88999 30.0556
      vertex 15.1155 0 30.0556
      vertex 15.1778 0 31.2753
    endloop
  endfacet
  facet normal -0.95642 0.287017 0.0536822
    outer loop
      vertex 15.1778 0 31.2753
      vertex 16.6454 4.88999 31.2778
      vertex 16.5768 4.88999 30.0556
    endloop
  endfacet
  facet normal -0.955005 0.28658 0.0764004
    outer loop
      vertex 16.6454 4.88999 31.2778
      vertex 15.1778 0 31.2753
      vertex 15.178 0 31.2778
    endloop
  endfacet
  facet normal 0.956657 0.287076 0.0489427
    outer loop
      vertex -15.178 0 31.2778
      vertex -16.6454 4.88999 31.2778
      vertex -15.2404 0 32.4975
    endloop
  endfacet
  facet normal 0.956774 0.288304 0.0382709
    outer loop
      vertex -15.2404 0 32.4975
      vertex -16.714 4.88999 32.5
      vertex -15.2405 0 32.5
    endloop
  endfacet
  facet normal 0.956098 0.288093 0.0536641
    outer loop
      vertex -16.714 4.88999 32.5
      vertex -15.2404 0 32.4975
      vertex -16.6454 4.88999 31.2778
    endloop
  endfacet
  facet normal -0.956657 0.287076 0.0489427
    outer loop
      vertex 16.6454 4.88999 31.2778
      vertex 15.178 0 31.2778
      vertex 15.2404 0 32.4975
    endloop
  endfacet
  facet normal -0.956098 0.288093 0.0536641
    outer loop
      vertex 15.2404 0 32.4975
      vertex 16.714 4.88999 32.5
      vertex 16.6454 4.88999 31.2778
    endloop
  endfacet
  facet normal -0.956774 0.288304 0.0382709
    outer loop
      vertex 16.714 4.88999 32.5
      vertex 15.2404 0 32.4975
      vertex 15.2405 0 32.5
    endloop
  endfacet
  facet normal 0.956328 0.28817 0.0489259
    outer loop
      vertex -15.2405 0 32.5
      vertex -16.714 4.88999 32.5
      vertex -15.3029 0 33.7197
    endloop
  endfacet
  facet normal 0.956449 0.28938 0.038258
    outer loop
      vertex -15.3029 0 33.7197
      vertex -16.7825 4.88999 33.7222
      vertex -15.303 0 33.7222
    endloop
  endfacet
  facet normal 0.955778 0.289169 0.053568
    outer loop
      vertex -16.7825 4.88999 33.7222
      vertex -15.3029 0 33.7197
      vertex -16.714 4.88999 32.5
    endloop
  endfacet
  facet normal -0.956328 0.28817 0.0489259
    outer loop
      vertex 16.714 4.88999 32.5
      vertex 15.2405 0 32.5
      vertex 15.3029 0 33.7197
    endloop
  endfacet
  facet normal -0.955778 0.289169 0.053568
    outer loop
      vertex 15.3029 0 33.7197
      vertex 16.7825 4.88999 33.7222
      vertex 16.714 4.88999 32.5
    endloop
  endfacet
  facet normal -0.956449 0.28938 0.038258
    outer loop
      vertex 16.7825 4.88999 33.7222
      vertex 15.3029 0 33.7197
      vertex 15.303 0 33.7222
    endloop
  endfacet
  facet normal 0.956005 0.289246 0.0489093
    outer loop
      vertex -15.303 0 33.7222
      vertex -16.7825 4.88999 33.7222
      vertex -15.3654 0 34.9419
    endloop
  endfacet
  facet normal 0.956119 0.290473 0.0382447
    outer loop
      vertex -15.3654 0 34.9419
      vertex -16.8511 4.88999 34.9444
      vertex -15.3655 0 34.9444
    endloop
  endfacet
  facet normal 0.955444 0.29026 0.0536274
    outer loop
      vertex -16.8511 4.88999 34.9444
      vertex -15.3654 0 34.9419
      vertex -16.7825 4.88999 33.7222
    endloop
  endfacet
  facet normal -0.956005 0.289246 0.0489093
    outer loop
      vertex 16.7825 4.88999 33.7222
      vertex 15.303 0 33.7222
      vertex 15.3654 0 34.9419
    endloop
  endfacet
  facet normal -0.955444 0.29026 0.0536274
    outer loop
      vertex 15.3654 0 34.9419
      vertex 16.8511 4.88999 34.9444
      vertex 16.7825 4.88999 33.7222
    endloop
  endfacet
  facet normal -0.956119 0.290473 0.0382447
    outer loop
      vertex 16.8511 4.88999 34.9444
      vertex 15.3654 0 34.9419
      vertex 15.3655 0 34.9444
    endloop
  endfacet
  facet normal 0.955675 0.290338 0.0488884
    outer loop
      vertex -15.3655 0 34.9444
      vertex -16.8511 4.88999 34.9444
      vertex -15.4279 0 36.1642
    endloop
  endfacet
  facet normal 0.955792 0.291547 0.0382317
    outer loop
      vertex -15.4279 0 36.1642
      vertex -16.9196 4.88999 36.1667
      vertex -15.428 0 36.1667
    endloop
  endfacet
  facet normal 0.955123 0.291334 0.0535269
    outer loop
      vertex -16.9196 4.88999 36.1667
      vertex -15.4279 0 36.1642
      vertex -16.8511 4.88999 34.9444
    endloop
  endfacet
  facet normal -0.955675 0.290338 0.0488884
    outer loop
      vertex 16.8511 4.88999 34.9444
      vertex 15.3655 0 34.9444
      vertex 15.4279 0 36.1642
    endloop
  endfacet
  facet normal -0.955123 0.291334 0.0535269
    outer loop
      vertex 15.4279 0 36.1642
      vertex 16.9196 4.88999 36.1667
      vertex 16.8511 4.88999 34.9444
    endloop
  endfacet
  facet normal -0.955792 0.291547 0.0382317
    outer loop
      vertex 16.9196 4.88999 36.1667
      vertex 15.4279 0 36.1642
      vertex 15.428 0 36.1667
    endloop
  endfacet
  facet normal 0.955348 0.291411 0.0488757
    outer loop
      vertex -15.428 0 36.1667
      vertex -16.9196 4.88999 36.1667
      vertex -15.4904 0 37.3864
    endloop
  endfacet
  facet normal 0.95546 0.292637 0.0382184
    outer loop
      vertex -15.4904 0 37.3864
      vertex -16.9882 4.88999 37.3889
      vertex -15.4905 0 37.3889
    endloop
  endfacet
  facet normal 0.954786 0.292423 0.0535905
    outer loop
      vertex -16.9882 4.88999 37.3889
      vertex -15.4904 0 37.3864
      vertex -16.9196 4.88999 36.1667
    endloop
  endfacet
  facet normal -0.955348 0.291411 0.0488757
    outer loop
      vertex 16.9196 4.88999 36.1667
      vertex 15.428 0 36.1667
      vertex 15.4904 0 37.3864
    endloop
  endfacet
  facet normal -0.954786 0.292423 0.0535905
    outer loop
      vertex 15.4904 0 37.3864
      vertex 16.9882 4.88999 37.3889
      vertex 16.9196 4.88999 36.1667
    endloop
  endfacet
  facet normal -0.95546 0.292637 0.0382184
    outer loop
      vertex 16.9882 4.88999 37.3889
      vertex 15.4904 0 37.3864
      vertex 15.4905 0 37.3889
    endloop
  endfacet
  facet normal 0.955016 0.292501 0.0488587
    outer loop
      vertex -15.4905 0 37.3889
      vertex -16.9882 4.88999 37.3889
      vertex -15.5529 0 38.6086
    endloop
  endfacet
  facet normal 0.953052 0.29305 0.0762442
    outer loop
      vertex -15.5529 0 38.6086
      vertex -17.0567 4.88999 38.6111
      vertex -15.5531 0 38.6111
    endloop
  endfacet
  facet normal 0.954463 0.293495 0.0534943
    outer loop
      vertex -17.0567 4.88999 38.6111
      vertex -15.5529 0 38.6086
      vertex -16.9882 4.88999 37.3889
    endloop
  endfacet
  facet normal -0.955016 0.292501 0.0488587
    outer loop
      vertex 16.9882 4.88999 37.3889
      vertex 15.4905 0 37.3889
      vertex 15.5529 0 38.6086
    endloop
  endfacet
  facet normal -0.954463 0.293495 0.0534943
    outer loop
      vertex 15.5529 0 38.6086
      vertex 17.0567 4.88999 38.6111
      vertex 16.9882 4.88999 37.3889
    endloop
  endfacet
  facet normal -0.953052 0.29305 0.0762442
    outer loop
      vertex 17.0567 4.88999 38.6111
      vertex 15.5529 0 38.6086
      vertex 15.5531 0 38.6111
    endloop
  endfacet
  facet normal 0.954697 0.293555 0.0487642
    outer loop
      vertex -15.5531 0 38.6111
      vertex -17.0567 4.88999 38.6111
      vertex -15.6154 0 39.8308
    endloop
  endfacet
  facet normal 0.95272 0.294136 0.0762176
    outer loop
      vertex -15.6154 0 39.8308
      vertex -17.1253 4.88999 39.8333
      vertex -15.6156 0 39.8333
    endloop
  endfacet
  facet normal 0.954125 0.294581 0.0535534
    outer loop
      vertex -17.1253 4.88999 39.8333
      vertex -15.6154 0 39.8308
      vertex -17.0567 4.88999 38.6111
    endloop
  endfacet
  facet normal -0.954697 0.293555 0.0487642
    outer loop
      vertex 17.0567 4.88999 38.6111
      vertex 15.5531 0 38.6111
      vertex 15.6154 0 39.8308
    endloop
  endfacet
  facet normal -0.954125 0.294581 0.0535534
    outer loop
      vertex 15.6154 0 39.8308
      vertex 17.1253 4.88999 39.8333
      vertex 17.0567 4.88999 38.6111
    endloop
  endfacet
  facet normal -0.95272 0.294136 0.0762176
    outer loop
      vertex 17.1253 4.88999 39.8333
      vertex 15.6154 0 39.8308
      vertex 15.6156 0 39.8333
    endloop
  endfacet
  facet normal 0.954363 0.294643 0.0487431
    outer loop
      vertex -15.6156 0 39.8333
      vertex -17.1253 4.88999 39.8333
      vertex -15.6779 0 41.0531
    endloop
  endfacet
  facet normal 0.952392 0.295203 0.0761913
    outer loop
      vertex -15.6779 0 41.0531
      vertex -17.1938 4.88999 41.0556
      vertex -15.6781 0 41.0556
    endloop
  endfacet
  facet normal 0.953799 0.295651 0.0534527
    outer loop
      vertex -17.1938 4.88999 41.0556
      vertex -15.6779 0 41.0531
      vertex -17.1253 4.88999 39.8333
    endloop
  endfacet
  facet normal -0.954363 0.294643 0.0487431
    outer loop
      vertex 17.1253 4.88999 39.8333
      vertex 15.6156 0 39.8333
      vertex 15.6779 0 41.0531
    endloop
  endfacet
  facet normal -0.953799 0.295651 0.0534527
    outer loop
      vertex 15.6779 0 41.0531
      vertex 17.1938 4.88999 41.0556
      vertex 17.1253 4.88999 39.8333
    endloop
  endfacet
  facet normal -0.952392 0.295203 0.0761913
    outer loop
      vertex 17.1938 4.88999 41.0556
      vertex 15.6779 0 41.0531
      vertex 15.6781 0 41.0556
    endloop
  endfacet
  facet normal 0.95403 0.295711 0.0488083
    outer loop
      vertex -15.6781 0 41.0556
      vertex -17.1938 4.88999 41.0556
      vertex -15.7405 0 42.2753
    endloop
  endfacet
  facet normal 0.954135 0.296934 0.0381654
    outer loop
      vertex -15.7405 0 42.2753
      vertex -17.2624 4.88999 42.2778
      vertex -15.7406 0 42.2778
    endloop
  endfacet
  facet normal 0.953465 0.296717 0.0535163
    outer loop
      vertex -17.2624 4.88999 42.2778
      vertex -15.7405 0 42.2753
      vertex -17.1938 4.88999 41.0556
    endloop
  endfacet
  facet normal -0.95403 0.295711 0.0488083
    outer loop
      vertex 17.1938 4.88999 41.0556
      vertex 15.6781 0 41.0556
      vertex 15.7405 0 42.2753
    endloop
  endfacet
  facet normal -0.953465 0.296717 0.0535163
    outer loop
      vertex 15.7405 0 42.2753
      vertex 17.2624 4.88999 42.2778
      vertex 17.1938 4.88999 41.0556
    endloop
  endfacet
  facet normal -0.954135 0.296934 0.0381654
    outer loop
      vertex 17.2624 4.88999 42.2778
      vertex 15.7405 0 42.2753
      vertex 15.7406 0 42.2778
    endloop
  endfacet
  facet normal 0 -1 0
    outer loop
      vertex -17.2624 4.88999 42.2778
      vertex -17.1129 4.88999 43.5
      vertex -17.331 4.88999 43.5
    endloop
  endfacet
  facet normal 0 -1 0
    outer loop
      vertex -17.1938 4.88999 41.0556
      vertex -17.1129 4.88999 43.5
      vertex -17.2624 4.88999 42.2778
    endloop
  endfacet
  facet normal 0 -1 -0
    outer loop
      vertex -17.1129 4.88999 43.5
      vertex -17.1938 4.88999 41.0556
      vertex 17.1129 4.88999 43.5
    endloop
  endfacet
  facet normal 0 -1 0
    outer loop
      vertex 17.1129 4.88999 43.5
      vertex 17.2624 4.88999 42.2778
      vertex 17.331 4.88999 43.5
    endloop
  endfacet
  facet normal 0 -1 0
    outer loop
      vertex 17.1938 4.88999 41.0556
      vertex 17.1129 4.88999 43.5
      vertex -17.1938 4.88999 41.0556
    endloop
  endfacet
  facet normal 0 -1 0
    outer loop
      vertex 17.1129 4.88999 43.5
      vertex 17.1938 4.88999 41.0556
      vertex 17.2624 4.88999 42.2778
    endloop
  endfacet
  facet normal 0 -1 0
    outer loop
      vertex -17.1253 4.88999 39.8333
      vertex 17.1938 4.88999 41.0556
      vertex -17.1938 4.88999 41.0556
    endloop
  endfacet
  facet normal 0 -1 0
    outer loop
      vertex -17.1253 4.88999 39.8333
      vertex 17.1253 4.88999 39.8333
      vertex 17.1938 4.88999 41.0556
    endloop
  endfacet
  facet normal 0 -1 0
    outer loop
      vertex -17.0567 4.88999 38.6111
      vertex 17.1253 4.88999 39.8333
      vertex -17.1253 4.88999 39.8333
    endloop
  endfacet
  facet normal 0 -1 0
    outer loop
      vertex -17.0567 4.88999 38.6111
      vertex 17.0567 4.88999 38.6111
      vertex 17.1253 4.88999 39.8333
    endloop
  endfacet
  facet normal 0 -1 0
    outer loop
      vertex -16.9882 4.88999 37.3889
      vertex 17.0567 4.88999 38.6111
      vertex -17.0567 4.88999 38.6111
    endloop
  endfacet
  facet normal 0 -1 0
    outer loop
      vertex -16.9882 4.88999 37.3889
      vertex 16.9882 4.88999 37.3889
      vertex 17.0567 4.88999 38.6111
    endloop
  endfacet
  facet normal 0 -1 0
    outer loop
      vertex -16.9196 4.88999 36.1667
      vertex 16.9882 4.88999 37.3889
      vertex -16.9882 4.88999 37.3889
    endloop
  endfacet
  facet normal 0 -1 0
    outer loop
      vertex -16.9196 4.88999 36.1667
      vertex 16.9196 4.88999 36.1667
      vertex 16.9882 4.88999 37.3889
    endloop
  endfacet
  facet normal 0 -1 0
    outer loop
      vertex -16.8511 4.88999 34.9444
      vertex 16.9196 4.88999 36.1667
      vertex -16.9196 4.88999 36.1667
    endloop
  endfacet
  facet normal 0 -1 0
    outer loop
      vertex -16.8511 4.88999 34.9444
      vertex 16.8511 4.88999 34.9444
      vertex 16.9196 4.88999 36.1667
    endloop
  endfacet
  facet normal 0 -1 0
    outer loop
      vertex -16.7825 4.88999 33.7222
      vertex 16.8511 4.88999 34.9444
      vertex -16.8511 4.88999 34.9444
    endloop
  endfacet
  facet normal 0 -1 0
    outer loop
      vertex -16.7825 4.88999 33.7222
      vertex 16.7825 4.88999 33.7222
      vertex 16.8511 4.88999 34.9444
    endloop
  endfacet
  facet normal 0 -1 0
    outer loop
      vertex -16.714 4.88999 32.5
      vertex 16.7825 4.88999 33.7222
      vertex -16.7825 4.88999 33.7222
    endloop
  endfacet
  facet normal 0 -1 0
    outer loop
      vertex -16.714 4.88999 32.5
      vertex 16.714 4.88999 32.5
      vertex 16.7825 4.88999 33.7222
    endloop
  endfacet
  facet normal 0 -1 0
    outer loop
      vertex -16.6454 4.88999 31.2778
      vertex 16.714 4.88999 32.5
      vertex -16.714 4.88999 32.5
    endloop
  endfacet
  facet normal 0 -1 0
    outer loop
      vertex -16.6454 4.88999 31.2778
      vertex 16.6454 4.88999 31.2778
      vertex 16.714 4.88999 32.5
    endloop
  endfacet
  facet normal 0 -1 0
    outer loop
      vertex -16.5768 4.88999 30.0556
      vertex 16.6454 4.88999 31.2778
      vertex -16.6454 4.88999 31.2778
    endloop
  endfacet
  facet normal 0 -1 0
    outer loop
      vertex -16.5768 4.88999 30.0556
      vertex 16.5768 4.88999 30.0556
      vertex 16.6454 4.88999 31.2778
    endloop
  endfacet
  facet normal 0 -1 0
    outer loop
      vertex -16.5083 4.88999 28.8333
      vertex 16.5768 4.88999 30.0556
      vertex -16.5768 4.88999 30.0556
    endloop
  endfacet
  facet normal 0 -1 0
    outer loop
      vertex -16.5083 4.88999 28.8333
      vertex 16.5083 4.88999 28.8333
      vertex 16.5768 4.88999 30.0556
    endloop
  endfacet
  facet normal 0 -1 0
    outer loop
      vertex -16.4397 4.88999 27.6111
      vertex 16.5083 4.88999 28.8333
      vertex -16.5083 4.88999 28.8333
    endloop
  endfacet
  facet normal 0 -1 0
    outer loop
      vertex -16.4397 4.88999 27.6111
      vertex 16.4397 4.88999 27.6111
      vertex 16.5083 4.88999 28.8333
    endloop
  endfacet
  facet normal 0 -1 0
    outer loop
      vertex -16.3712 4.88999 26.3889
      vertex 16.4397 4.88999 27.6111
      vertex -16.4397 4.88999 27.6111
    endloop
  endfacet
  facet normal 0 -1 0
    outer loop
      vertex -16.3712 4.88999 26.3889
      vertex 16.3712 4.88999 26.3889
      vertex 16.4397 4.88999 27.6111
    endloop
  endfacet
  facet normal 0 -1 0
    outer loop
      vertex -16.3026 4.88999 25.1667
      vertex 16.3712 4.88999 26.3889
      vertex -16.3712 4.88999 26.3889
    endloop
  endfacet
  facet normal 0 -1 0
    outer loop
      vertex -16.3026 4.88999 25.1667
      vertex 16.3026 4.88999 25.1667
      vertex 16.3712 4.88999 26.3889
    endloop
  endfacet
  facet normal 0 -1 0
    outer loop
      vertex -16.2341 4.88999 23.9444
      vertex 16.3026 4.88999 25.1667
      vertex -16.3026 4.88999 25.1667
    endloop
  endfacet
  facet normal 0 -1 0
    outer loop
      vertex -16.2341 4.88999 23.9444
      vertex 16.2341 4.88999 23.9444
      vertex 16.3026 4.88999 25.1667
    endloop
  endfacet
  facet normal 0 -1 0
    outer loop
      vertex -16.1655 4.88999 22.7222
      vertex 16.2341 4.88999 23.9444
      vertex -16.2341 4.88999 23.9444
    endloop
  endfacet
  facet normal 0 -1 0
    outer loop
      vertex -16.1655 4.88999 22.7222
      vertex 16.1655 4.88999 22.7222
      vertex 16.2341 4.88999 23.9444
    endloop
  endfacet
  facet normal 0 -1 0
    outer loop
      vertex -16.097 4.88999 21.5
      vertex 16.1655 4.88999 22.7222
      vertex -16.1655 4.88999 22.7222
    endloop
  endfacet
  facet normal 0 -1 0
    outer loop
      vertex -16.097 4.88999 21.5
      vertex 16.097 4.88999 21.5
      vertex 16.1655 4.88999 22.7222
    endloop
  endfacet
  facet normal 0 -1 0
    outer loop
      vertex -16.0284 4.88999 20.2778
      vertex 16.097 4.88999 21.5
      vertex -16.097 4.88999 21.5
    endloop
  endfacet
  facet normal 0 -1 0
    outer loop
      vertex -16.0284 4.88999 20.2778
      vertex 16.0284 4.88999 20.2778
      vertex 16.097 4.88999 21.5
    endloop
  endfacet
  facet normal 0 -1 0
    outer loop
      vertex -15.9598 4.88999 19.0556
      vertex 16.0284 4.88999 20.2778
      vertex -16.0284 4.88999 20.2778
    endloop
  endfacet
  facet normal 0 -1 0
    outer loop
      vertex -15.9598 4.88999 19.0556
      vertex 15.9598 4.88999 19.0556
      vertex 16.0284 4.88999 20.2778
    endloop
  endfacet
  facet normal 0 -1 0
    outer loop
      vertex -15.8913 4.88999 17.8333
      vertex 15.9598 4.88999 19.0556
      vertex -15.9598 4.88999 19.0556
    endloop
  endfacet
  facet normal 0 -1 0
    outer loop
      vertex -15.8913 4.88999 17.8333
      vertex 15.8913 4.88999 17.8333
      vertex 15.9598 4.88999 19.0556
    endloop
  endfacet
  facet normal 0 -1 0
    outer loop
      vertex -15.8227 4.88999 16.6111
      vertex 15.8913 4.88999 17.8333
      vertex -15.8913 4.88999 17.8333
    endloop
  endfacet
  facet normal 0 -1 0
    outer loop
      vertex -15.8227 4.88999 16.6111
      vertex 15.8227 4.88999 16.6111
      vertex 15.8913 4.88999 17.8333
    endloop
  endfacet
  facet normal 0 -1 0
    outer loop
      vertex -15.7542 4.88999 15.3889
      vertex 15.8227 4.88999 16.6111
      vertex -15.8227 4.88999 16.6111
    endloop
  endfacet
  facet normal 0 -1 0
    outer loop
      vertex -15.7542 4.88999 15.3889
      vertex 15.7542 4.88999 15.3889
      vertex 15.8227 4.88999 16.6111
    endloop
  endfacet
  facet normal 0 -1 0
    outer loop
      vertex -15.6856 4.88999 14.1667
      vertex 15.7542 4.88999 15.3889
      vertex -15.7542 4.88999 15.3889
    endloop
  endfacet
  facet normal 0 -1 0
    outer loop
      vertex -15.6856 4.88999 14.1667
      vertex 15.6856 4.88999 14.1667
      vertex 15.7542 4.88999 15.3889
    endloop
  endfacet
  facet normal 0 -1 0
    outer loop
      vertex -15.6171 4.88999 12.9444
      vertex 15.6856 4.88999 14.1667
      vertex -15.6856 4.88999 14.1667
    endloop
  endfacet
  facet normal 0 -1 0
    outer loop
      vertex -15.6171 4.88999 12.9444
      vertex 15.6171 4.88999 12.9444
      vertex 15.6856 4.88999 14.1667
    endloop
  endfacet
  facet normal 0 -1 0
    outer loop
      vertex -15.5485 4.88999 11.7222
      vertex 15.6171 4.88999 12.9444
      vertex -15.6171 4.88999 12.9444
    endloop
  endfacet
  facet normal 0 -1 0
    outer loop
      vertex -15.5485 4.88999 11.7222
      vertex 15.5485 4.88999 11.7222
      vertex 15.6171 4.88999 12.9444
    endloop
  endfacet
  facet normal 0 -1 0
    outer loop
      vertex -15.4799 4.88999 10.5
      vertex 15.5485 4.88999 11.7222
      vertex -15.5485 4.88999 11.7222
    endloop
  endfacet
  facet normal 0 -1 0
    outer loop
      vertex -15.4799 4.88999 10.5
      vertex 15.4799 4.88999 10.5
      vertex 15.5485 4.88999 11.7222
    endloop
  endfacet
  facet normal 0 -1 0
    outer loop
      vertex -15.4114 4.88999 9.27778
      vertex 15.4799 4.88999 10.5
      vertex -15.4799 4.88999 10.5
    endloop
  endfacet
  facet normal 0 -1 0
    outer loop
      vertex -15.4114 4.88999 9.27778
      vertex 15.4114 4.88999 9.27778
      vertex 15.4799 4.88999 10.5
    endloop
  endfacet
  facet normal 0 -1 0
    outer loop
      vertex -15.3428 4.88999 8.05556
      vertex 15.4114 4.88999 9.27778
      vertex -15.4114 4.88999 9.27778
    endloop
  endfacet
  facet normal 0 -1 0
    outer loop
      vertex -15.3428 4.88999 8.05556
      vertex 15.3428 4.88999 8.05556
      vertex 15.4114 4.88999 9.27778
    endloop
  endfacet
  facet normal 0 -1 0
    outer loop
      vertex -15.2743 4.88999 6.83333
      vertex 15.3428 4.88999 8.05556
      vertex -15.3428 4.88999 8.05556
    endloop
  endfacet
  facet normal 0 -1 0
    outer loop
      vertex -15.2743 4.88999 6.83333
      vertex 15.2743 4.88999 6.83333
      vertex 15.3428 4.88999 8.05556
    endloop
  endfacet
  facet normal 0 -1 0
    outer loop
      vertex -15.2057 4.88999 5.61111
      vertex 15.2743 4.88999 6.83333
      vertex -15.2743 4.88999 6.83333
    endloop
  endfacet
  facet normal 0 -1 0
    outer loop
      vertex -15.2057 4.88999 5.61111
      vertex 15.2057 4.88999 5.61111
      vertex 15.2743 4.88999 6.83333
    endloop
  endfacet
  facet normal 0 -1 0
    outer loop
      vertex -15.1372 4.88999 4.38889
      vertex 15.2057 4.88999 5.61111
      vertex -15.2057 4.88999 5.61111
    endloop
  endfacet
  facet normal 0 -1 0
    outer loop
      vertex -15.1372 4.88999 4.38889
      vertex 15.1372 4.88999 4.38889
      vertex 15.2057 4.88999 5.61111
    endloop
  endfacet
  facet normal 0 -1 0
    outer loop
      vertex -15.0686 4.88999 3.16667
      vertex 15.1372 4.88999 4.38889
      vertex -15.1372 4.88999 4.38889
    endloop
  endfacet
  facet normal 0 -1 0
    outer loop
      vertex -15.0686 4.88999 3.16667
      vertex 15.0686 4.88999 3.16667
      vertex 15.1372 4.88999 4.38889
    endloop
  endfacet
  facet normal 0 -1 0
    outer loop
      vertex -15.0001 4.88999 1.94444
      vertex 15.0686 4.88999 3.16667
      vertex -15.0686 4.88999 3.16667
    endloop
  endfacet
  facet normal 0 -1 0
    outer loop
      vertex -15.0001 4.88999 1.94444
      vertex 15.0001 4.88999 1.94444
      vertex 15.0686 4.88999 3.16667
    endloop
  endfacet
  facet normal 0 -1 0
    outer loop
      vertex -14.9315 4.88999 0.722221
      vertex 15.0001 4.88999 1.94444
      vertex -15.0001 4.88999 1.94444
    endloop
  endfacet
  facet normal 0 -1 0
    outer loop
      vertex -14.9315 4.88999 0.722221
      vertex 14.9315 4.88999 0.722221
      vertex 15.0001 4.88999 1.94444
    endloop
  endfacet
  facet normal 0 -1 0
    outer loop
      vertex -14.891 4.88999 0
      vertex 14.9315 4.88999 0.722221
      vertex -14.9315 4.88999 0.722221
    endloop
  endfacet
  facet normal 0 -1 0
    outer loop
      vertex 14.9315 4.88999 0.722221
      vertex -14.891 4.88999 0
      vertex 14.891 4.88999 0
    endloop
  endfacet
  facet normal 0 -1 0
    outer loop
      vertex -17.1129 4.88999 43.5
      vertex 17.1129 4.88999 43.6
      vertex -17.1129 4.88999 43.6
    endloop
  endfacet
  facet normal 0 -1 -0
    outer loop
      vertex 17.1129 4.88999 43.6
      vertex -17.1129 4.88999 43.5
      vertex 17.1129 4.88999 43.5
    endloop
  endfacet
  facet normal 0.953694 0.296796 0.0487911
    outer loop
      vertex -15.7406 0 42.2778
      vertex -17.2624 4.88999 42.2778
      vertex -15.803 0 43.4975
    endloop
  endfacet
  facet normal 0.953797 0.298018 0.0381519
    outer loop
      vertex -15.803 0 43.4975
      vertex -17.331 4.88999 43.5
      vertex -15.8031 0 43.5
    endloop
  endfacet
  facet normal 0.953128 0.297801 0.0534974
    outer loop
      vertex -17.331 4.88999 43.5
      vertex -15.803 0 43.4975
      vertex -17.2624 4.88999 42.2778
    endloop
  endfacet
  facet normal -0.953694 0.296796 0.0487911
    outer loop
      vertex 17.2624 4.88999 42.2778
      vertex 15.7406 0 42.2778
      vertex 15.803 0 43.4975
    endloop
  endfacet
  facet normal -0.953128 0.297801 0.0534974
    outer loop
      vertex 15.803 0 43.4975
      vertex 17.331 4.88999 43.5
      vertex 17.2624 4.88999 42.2778
    endloop
  endfacet
  facet normal -0.953797 0.298018 0.0381519
    outer loop
      vertex 17.331 4.88999 43.5
      vertex 15.803 0 43.4975
      vertex 15.8031 0 43.5
    endloop
  endfacet
  facet normal 0.612543 0.164122 -0.773211
    outer loop
      vertex -17.1129 4.88999 43.6
      vertex -15.7796 0 43.6183
      vertex -15.8027 0 43.6
    endloop
  endfacet
  facet normal 0.613272 0.164323 -0.77259
    outer loop
      vertex -15.7796 0 43.6183
      vertex -17.1129 4.88999 43.6
      vertex -10.9 2.39 48
    endloop
  endfacet
  facet normal 0 0.877897 -0.478849
    outer loop
      vertex 15.7796 0 43.6183
      vertex -10.9 2.39 48
      vertex 10.9 2.39 48
    endloop
  endfacet
  facet normal 0 0.877897 -0.478849
    outer loop
      vertex -10.9 2.39 48
      vertex 15.7796 0 43.6183
      vertex -15.7796 0 43.6183
    endloop
  endfacet
  facet normal -0.612543 0.164122 -0.773211
    outer loop
      vertex 15.7796 0 43.6183
      vertex 17.1129 4.88999 43.6
      vertex 15.8027 0 43.6
    endloop
  endfacet
  facet normal -0.613272 0.164323 -0.77259
    outer loop
      vertex 17.1129 4.88999 43.6
      vertex 15.7796 0 43.6183
      vertex 10.9 2.39 48
    endloop
  endfacet
  facet normal 0.965929 0.258806 0
    outer loop
      vertex -15.8027 0 43.6
      vertex -17.1129 4.88999 43.5
      vertex -17.1129 4.88999 43.6
    endloop
  endfacet
  facet normal 0.965929 0.258806 0
    outer loop
      vertex -17.1129 4.88999 43.5
      vertex -15.8027 0 43.6
      vertex -15.8027 0 43.5
    endloop
  endfacet
  facet normal -0.577947 -0 -0.816074
    outer loop
      vertex 10.9 2.49 48
      vertex 17.1129 4.88999 43.6
      vertex 10.9 2.39 48
    endloop
  endfacet
  facet normal -0.965929 0.258806 0
    outer loop
      vertex 15.8027 0 43.5
      vertex 17.1129 4.88999 43.6
      vertex 17.1129 4.88999 43.5
    endloop
  endfacet
  facet normal -0.965929 0.258806 0
    outer loop
      vertex 17.1129 4.88999 43.6
      vertex 15.8027 0 43.5
      vertex 15.8027 0 43.6
    endloop
  endfacet
  facet normal 0 0 -1
    outer loop
      vertex -10.9 2.39 48
      vertex 10.9 2.49 48
      vertex 10.9 2.39 48
    endloop
  endfacet
  facet normal -0 0 -1
    outer loop
      vertex 10.9 2.49 48
      vertex -10.9 2.39 48
      vertex -10.9 2.49 48
    endloop
  endfacet
  facet normal 0 -0.877896 -0.478851
    outer loop
      vertex -17.1129 4.88999 43.6
      vertex 10.9 2.49 48
      vertex -10.9 2.49 48
    endloop
  endfacet
  facet normal 0 -0.877896 -0.478851
    outer loop
      vertex 10.9 2.49 48
      vertex -17.1129 4.88999 43.6
      vertex 17.1129 4.88999 43.6
    endloop
  endfacet
  facet normal 0.577947 0 -0.816074
    outer loop
      vertex -10.9 2.49 48
      vertex -10.9 2.39 48
      vertex -17.1129 4.88999 43.6
    endloop
  endfacet
  facet normal -0.258868 0.965913 0
    outer loop
      vertex 16.7362 16.4825 9
      vertex 15.3892 16.1215 56
      vertex 16.7362 16.4825 56
    endloop
  endfacet
  facet normal -0.258868 0.965913 0
    outer loop
      vertex 15.3892 16.1215 56
      vertex 16.7362 16.4825 9
      vertex 15.3892 16.1215 9
    endloop
  endfacet
  facet normal 0.0871278 0.996197 -0
    outer loop
      vertex -14 16 9
      vertex -15.3892 16.1215 56
      vertex -14 16 56
    endloop
  endfacet
  facet normal 0.0871278 0.996197 0
    outer loop
      vertex -15.3892 16.1215 56
      vertex -14 16 9
      vertex -15.3892 16.1215 9
    endloop
  endfacet
  facet normal 0.996197 -0.0871278 0
    outer loop
      vertex -22 40 56
      vertex -21.8785 41.3892 9
      vertex -21.8785 41.3892 56
    endloop
  endfacet
  facet normal 0.996197 -0.0871278 0
    outer loop
      vertex -21.8785 41.3892 9
      vertex -22 40 56
      vertex -22 40 9
    endloop
  endfacet
  facet normal 0.996197 0.0871278 0
    outer loop
      vertex -21.8785 22.6108 56
      vertex -22 24 9
      vertex -22 24 56
    endloop
  endfacet
  facet normal 0.996197 0.0871278 0
    outer loop
      vertex -22 24 9
      vertex -21.8785 22.6108 56
      vertex -21.8785 22.6108 9
    endloop
  endfacet
  facet normal 0.965913 0.258868 0
    outer loop
      vertex -21.5175 21.2638 56
      vertex -21.8785 22.6108 9
      vertex -21.8785 22.6108 56
    endloop
  endfacet
  facet normal 0.965913 0.258868 0
    outer loop
      vertex -21.8785 22.6108 9
      vertex -21.5175 21.2638 56
      vertex -21.5175 21.2638 9
    endloop
  endfacet
  facet normal 0.422607 0.906313 -0
    outer loop
      vertex -16.7362 16.4825 9
      vertex -18 17.0718 56
      vertex -16.7362 16.4825 56
    endloop
  endfacet
  facet normal 0.422607 0.906313 0
    outer loop
      vertex -18 17.0718 56
      vertex -16.7362 16.4825 9
      vertex -18 17.0718 9
    endloop
  endfacet
  facet normal -1 0 0
    outer loop
      vertex 22 24 9
      vertex 22 40 56
      vertex 22 40 9
    endloop
  endfacet
  facet normal -1 -0 0
    outer loop
      vertex 22 40 56
      vertex 22 24 9
      vertex 22 24 56
    endloop
  endfacet
  facet normal 0.573554 0.819168 -0
    outer loop
      vertex -18 17.0718 9
      vertex -19.1423 17.8716 56
      vertex -18 17.0718 56
    endloop
  endfacet
  facet normal 0.573554 0.819168 0
    outer loop
      vertex -19.1423 17.8716 56
      vertex -18 17.0718 9
      vertex -19.1423 17.8716 9
    endloop
  endfacet
  facet normal 0.707107 0.707107 0
    outer loop
      vertex -19.1423 17.8716 56
      vertex -20.1284 18.8577 9
      vertex -20.1284 18.8577 56
    endloop
  endfacet
  facet normal 0.707107 0.707107 0
    outer loop
      vertex -20.1284 18.8577 9
      vertex -19.1423 17.8716 56
      vertex -19.1423 17.8716 9
    endloop
  endfacet
  facet normal 0.906313 0.422607 0
    outer loop
      vertex -20.9282 20 56
      vertex -21.5175 21.2638 9
      vertex -21.5175 21.2638 56
    endloop
  endfacet
  facet normal 0.906313 0.422607 0
    outer loop
      vertex -21.5175 21.2638 9
      vertex -20.9282 20 56
      vertex -20.9282 20 9
    endloop
  endfacet
  facet normal 0.707107 -0.707107 0
    outer loop
      vertex -20.1284 45.1423 56
      vertex -19.1423 46.1284 9
      vertex -19.1423 46.1284 56
    endloop
  endfacet
  facet normal 0.707107 -0.707107 0
    outer loop
      vertex -19.1423 46.1284 9
      vertex -20.1284 45.1423 56
      vertex -20.1284 45.1423 9
    endloop
  endfacet
  facet normal 1 -0 0
    outer loop
      vertex -22 24 56
      vertex -22 40 9
      vertex -22 40 56
    endloop
  endfacet
  facet normal 1 0 0
    outer loop
      vertex -22 40 9
      vertex -22 24 56
      vertex -22 24 9
    endloop
  endfacet
  facet normal 0.258868 -0.965913 0
    outer loop
      vertex -16.7362 47.5175 9
      vertex -15.3892 47.8785 56
      vertex -16.7362 47.5175 56
    endloop
  endfacet
  facet normal 0.258868 -0.965913 0
    outer loop
      vertex -15.3892 47.8785 56
      vertex -16.7362 47.5175 9
      vertex -15.3892 47.8785 9
    endloop
  endfacet
  facet normal -0.906313 0.422607 0
    outer loop
      vertex 20.9282 20 9
      vertex 21.5175 21.2638 56
      vertex 21.5175 21.2638 9
    endloop
  endfacet
  facet normal -0.906313 0.422607 0
    outer loop
      vertex 21.5175 21.2638 56
      vertex 20.9282 20 9
      vertex 20.9282 20 56
    endloop
  endfacet
  facet normal 0.573554 -0.819168 0
    outer loop
      vertex -19.1423 46.1284 9
      vertex -18 46.9282 56
      vertex -19.1423 46.1284 56
    endloop
  endfacet
  facet normal 0.573554 -0.819168 0
    outer loop
      vertex -18 46.9282 56
      vertex -19.1423 46.1284 9
      vertex -18 46.9282 9
    endloop
  endfacet
  facet normal -0.707107 -0.707107 0
    outer loop
      vertex 20.1284 45.1423 9
      vertex 19.1423 46.1284 56
      vertex 19.1423 46.1284 9
    endloop
  endfacet
  facet normal -0.707107 -0.707107 0
    outer loop
      vertex 19.1423 46.1284 56
      vertex 20.1284 45.1423 9
      vertex 20.1284 45.1423 56
    endloop
  endfacet
  facet normal -0.258868 -0.965913 0
    outer loop
      vertex 15.3892 47.8785 9
      vertex 16.7362 47.5175 56
      vertex 15.3892 47.8785 56
    endloop
  endfacet
  facet normal -0.258868 -0.965913 -0
    outer loop
      vertex 16.7362 47.5175 56
      vertex 15.3892 47.8785 9
      vertex 16.7362 47.5175 9
    endloop
  endfacet
  facet normal 0 -1 0
    outer loop
      vertex -14 48 9
      vertex 14 48 56
      vertex -14 48 56
    endloop
  endfacet
  facet normal 0 -1 -0
    outer loop
      vertex 14 48 56
      vertex -14 48 9
      vertex 14 48 9
    endloop
  endfacet
  facet normal 0.906313 -0.422607 0
    outer loop
      vertex -21.5175 42.7362 56
      vertex -20.9282 44 9
      vertex -20.9282 44 56
    endloop
  endfacet
  facet normal 0.906313 -0.422607 0
    outer loop
      vertex -20.9282 44 9
      vertex -21.5175 42.7362 56
      vertex -21.5175 42.7362 9
    endloop
  endfacet
  facet normal -0.573554 0.819168 0
    outer loop
      vertex 19.1423 17.8716 9
      vertex 18 17.0718 56
      vertex 19.1423 17.8716 56
    endloop
  endfacet
  facet normal -0.573554 0.819168 0
    outer loop
      vertex 18 17.0718 56
      vertex 19.1423 17.8716 9
      vertex 18 17.0718 9
    endloop
  endfacet
  facet normal 0.422607 -0.906313 0
    outer loop
      vertex -18 46.9282 9
      vertex -16.7362 47.5175 56
      vertex -18 46.9282 56
    endloop
  endfacet
  facet normal 0.422607 -0.906313 0
    outer loop
      vertex -16.7362 47.5175 56
      vertex -18 46.9282 9
      vertex -16.7362 47.5175 9
    endloop
  endfacet
  facet normal 0.819168 0.573554 0
    outer loop
      vertex -20.1284 18.8577 56
      vertex -20.9282 20 9
      vertex -20.9282 20 56
    endloop
  endfacet
  facet normal 0.819168 0.573554 0
    outer loop
      vertex -20.9282 20 9
      vertex -20.1284 18.8577 56
      vertex -20.1284 18.8577 9
    endloop
  endfacet
  facet normal 0.0871278 -0.996197 0
    outer loop
      vertex -15.3892 47.8785 9
      vertex -14 48 56
      vertex -15.3892 47.8785 56
    endloop
  endfacet
  facet normal 0.0871278 -0.996197 0
    outer loop
      vertex -14 48 56
      vertex -15.3892 47.8785 9
      vertex -14 48 9
    endloop
  endfacet
  facet normal -0.819168 -0.573554 0
    outer loop
      vertex 20.9282 44 9
      vertex 20.1284 45.1423 56
      vertex 20.1284 45.1423 9
    endloop
  endfacet
  facet normal -0.819168 -0.573554 0
    outer loop
      vertex 20.1284 45.1423 56
      vertex 20.9282 44 9
      vertex 20.9282 44 56
    endloop
  endfacet
  facet normal -0.819168 0.573554 0
    outer loop
      vertex 20.1284 18.8577 9
      vertex 20.9282 20 56
      vertex 20.9282 20 9
    endloop
  endfacet
  facet normal -0.819168 0.573554 0
    outer loop
      vertex 20.9282 20 56
      vertex 20.1284 18.8577 9
      vertex 20.1284 18.8577 56
    endloop
  endfacet
  facet normal -0.965913 0.258868 0
    outer loop
      vertex 21.5175 21.2638 9
      vertex 21.8785 22.6108 56
      vertex 21.8785 22.6108 9
    endloop
  endfacet
  facet normal -0.965913 0.258868 0
    outer loop
      vertex 21.8785 22.6108 56
      vertex 21.5175 21.2638 9
      vertex 21.5175 21.2638 56
    endloop
  endfacet
  facet normal 0.258868 0.965913 -0
    outer loop
      vertex -15.3892 16.1215 9
      vertex -16.7362 16.4825 56
      vertex -15.3892 16.1215 56
    endloop
  endfacet
  facet normal 0.258868 0.965913 0
    outer loop
      vertex -16.7362 16.4825 56
      vertex -15.3892 16.1215 9
      vertex -16.7362 16.4825 9
    endloop
  endfacet
  facet normal -0.996197 0.0871278 0
    outer loop
      vertex 21.8785 22.6108 9
      vertex 22 24 56
      vertex 22 24 9
    endloop
  endfacet
  facet normal -0.996197 0.0871278 0
    outer loop
      vertex 22 24 56
      vertex 21.8785 22.6108 9
      vertex 21.8785 22.6108 56
    endloop
  endfacet
  facet normal -0.906313 -0.422607 0
    outer loop
      vertex 21.5175 42.7362 9
      vertex 20.9282 44 56
      vertex 20.9282 44 9
    endloop
  endfacet
  facet normal -0.906313 -0.422607 0
    outer loop
      vertex 20.9282 44 56
      vertex 21.5175 42.7362 9
      vertex 21.5175 42.7362 56
    endloop
  endfacet
  facet normal 0 1 -0
    outer loop
      vertex 14 16 9
      vertex -14 16 56
      vertex 14 16 56
    endloop
  endfacet
  facet normal 0 1 0
    outer loop
      vertex -14 16 56
      vertex 14 16 9
      vertex -14 16 9
    endloop
  endfacet
  facet normal 0.965913 -0.258868 0
    outer loop
      vertex -21.8785 41.3892 56
      vertex -21.5175 42.7362 9
      vertex -21.5175 42.7362 56
    endloop
  endfacet
  facet normal 0.965913 -0.258868 0
    outer loop
      vertex -21.5175 42.7362 9
      vertex -21.8785 41.3892 56
      vertex -21.8785 41.3892 9
    endloop
  endfacet
  facet normal -0.0871278 -0.996197 0
    outer loop
      vertex 14 48 9
      vertex 15.3892 47.8785 56
      vertex 14 48 56
    endloop
  endfacet
  facet normal -0.0871278 -0.996197 -0
    outer loop
      vertex 15.3892 47.8785 56
      vertex 14 48 9
      vertex 15.3892 47.8785 9
    endloop
  endfacet
  facet normal 0.819168 -0.573554 0
    outer loop
      vertex -20.9282 44 56
      vertex -20.1284 45.1423 9
      vertex -20.1284 45.1423 56
    endloop
  endfacet
  facet normal 0.819168 -0.573554 0
    outer loop
      vertex -20.1284 45.1423 9
      vertex -20.9282 44 56
      vertex -20.9282 44 9
    endloop
  endfacet
  facet normal -0.996197 -0.0871278 0
    outer loop
      vertex 22 40 9
      vertex 21.8785 41.3892 56
      vertex 21.8785 41.3892 9
    endloop
  endfacet
  facet normal -0.996197 -0.0871278 0
    outer loop
      vertex 21.8785 41.3892 56
      vertex 22 40 9
      vertex 22 40 56
    endloop
  endfacet
  facet normal 0 0 1
    outer loop
      vertex 18.1945 39.9646 9
      vertex 22 40 9
      vertex 21.8785 41.3892 9
    endloop
  endfacet
  facet normal 0 0 1
    outer loop
      vertex 22 40 9
      vertex 18.3333 38.6667 9
      vertex 22 24 9
    endloop
  endfacet
  facet normal 0 0 1
    outer loop
      vertex 17.9313 40.9468 9
      vertex 21.8785 41.3892 9
      vertex 21.5175 42.7362 9
    endloop
  endfacet
  facet normal -0 0 1
    outer loop
      vertex 18.3333 25.3333 9
      vertex 22 24 9
      vertex 18.3333 38.6667 9
    endloop
  endfacet
  facet normal 0 0 1
    outer loop
      vertex 17.5016 41.8684 9
      vertex 21.5175 42.7362 9
      vertex 20.9282 44 9
    endloop
  endfacet
  facet normal -0 0 1
    outer loop
      vertex 18.2447 24.3204 9
      vertex 22 24 9
      vertex 18.3333 25.3333 9
    endloop
  endfacet
  facet normal 0 0 1
    outer loop
      vertex 17.3569 42.119 9
      vertex 20.9282 44 9
      vertex 20.1284 45.1423 9
    endloop
  endfacet
  facet normal -0 0 1
    outer loop
      vertex 18.2321 24.1757 9
      vertex 22 24 9
      vertex 18.2447 24.3204 9
    endloop
  endfacet
  facet normal 0 0 1
    outer loop
      vertex 16.7736 42.9519 9
      vertex 20.1284 45.1423 9
      vertex 19.1423 46.1284 9
    endloop
  endfacet
  facet normal -0 0 1
    outer loop
      vertex 18.1945 24.0354 9
      vertex 22 24 9
      vertex 18.2321 24.1757 9
    endloop
  endfacet
  facet normal 0 0 1
    outer loop
      vertex 22 24 9
      vertex 18.1945 24.0354 9
      vertex 21.8785 22.6108 9
    endloop
  endfacet
  facet normal 0 0 1
    outer loop
      vertex 22 40 9
      vertex 18.2447 39.6796 9
      vertex 18.3333 38.6667 9
    endloop
  endfacet
  facet normal 0 0 1
    outer loop
      vertex 22 40 9
      vertex 18.2321 39.8243 9
      vertex 18.2447 39.6796 9
    endloop
  endfacet
  facet normal 0 0 1
    outer loop
      vertex 22 40 9
      vertex 18.1945 39.9646 9
      vertex 18.2321 39.8243 9
    endloop
  endfacet
  facet normal 0 0 1
    outer loop
      vertex 15.9519 43.7736 9
      vertex 19.1423 46.1284 9
      vertex 18 46.9282 9
    endloop
  endfacet
  facet normal 0 0 1
    outer loop
      vertex 21.8785 41.3892 9
      vertex 17.9313 40.9468 9
      vertex 18.1945 39.9646 9
    endloop
  endfacet
  facet normal 0 0 1
    outer loop
      vertex 21.5175 42.7362 9
      vertex 17.5016 41.8684 9
      vertex 17.9313 40.9468 9
    endloop
  endfacet
  facet normal 0 0 1
    outer loop
      vertex 20.9282 44 9
      vertex 17.4402 42 9
      vertex 17.5016 41.8684 9
    endloop
  endfacet
  facet normal 0 0 1
    outer loop
      vertex 20.9282 44 9
      vertex 17.3569 42.119 9
      vertex 17.4402 42 9
    endloop
  endfacet
  facet normal 0 0 1
    outer loop
      vertex 20.1284 45.1423 9
      vertex 16.7736 42.9519 9
      vertex 17.3569 42.119 9
    endloop
  endfacet
  facet normal 0 0 1
    outer loop
      vertex 15.9519 43.7736 9
      vertex 18 46.9282 9
      vertex 16.7362 47.5175 9
    endloop
  endfacet
  facet normal 0 0 1
    outer loop
      vertex 19.1423 46.1284 9
      vertex 15.9519 43.7736 9
      vertex 16.7736 42.9519 9
    endloop
  endfacet
  facet normal 0 0 1
    outer loop
      vertex 14.8684 44.5016 9
      vertex 16.7362 47.5175 9
      vertex 15.3892 47.8785 9
    endloop
  endfacet
  facet normal 0 0 1
    outer loop
      vertex 16.7362 47.5175 9
      vertex 15.119 44.3569 9
      vertex 15.9519 43.7736 9
    endloop
  endfacet
  facet normal 0 0 1
    outer loop
      vertex 16.7362 47.5175 9
      vertex 15 44.4402 9
      vertex 15.119 44.3569 9
    endloop
  endfacet
  facet normal 0 0 1
    outer loop
      vertex 16.7362 47.5175 9
      vertex 14.8684 44.5016 9
      vertex 15 44.4402 9
    endloop
  endfacet
  facet normal 0 0 1
    outer loop
      vertex 13.9468 44.9313 9
      vertex 15.3892 47.8785 9
      vertex 14 48 9
    endloop
  endfacet
  facet normal 0 0 1
    outer loop
      vertex 15.3892 47.8785 9
      vertex 13.9468 44.9313 9
      vertex 14.8684 44.5016 9
    endloop
  endfacet
  facet normal 0 0 1
    outer loop
      vertex 14 48 9
      vertex 12.9646 45.1945 9
      vertex 13.9468 44.9313 9
    endloop
  endfacet
  facet normal 0 0 1
    outer loop
      vertex 14 48 9
      vertex 12.8243 45.2321 9
      vertex 12.9646 45.1945 9
    endloop
  endfacet
  facet normal 0 0 1
    outer loop
      vertex 14 48 9
      vertex 12.6796 45.2447 9
      vertex 12.8243 45.2321 9
    endloop
  endfacet
  facet normal 0 0 1
    outer loop
      vertex 14 48 9
      vertex 11.6667 45.3333 9
      vertex 12.6796 45.2447 9
    endloop
  endfacet
  facet normal 0 0 1
    outer loop
      vertex 14 48 9
      vertex -11.6667 45.3333 9
      vertex 11.6667 45.3333 9
    endloop
  endfacet
  facet normal -0 0 1
    outer loop
      vertex -14 48 9
      vertex -11.6667 45.3333 9
      vertex 14 48 9
    endloop
  endfacet
  facet normal 0 0 1
    outer loop
      vertex -11.6667 45.3333 9
      vertex -14 48 9
      vertex -12.6796 45.2447 9
    endloop
  endfacet
  facet normal 0 0 1
    outer loop
      vertex -14 48 9
      vertex -12.9646 45.1945 9
      vertex -12.8243 45.2321 9
    endloop
  endfacet
  facet normal 0 0 1
    outer loop
      vertex -12.6796 45.2447 9
      vertex -14 48 9
      vertex -12.8243 45.2321 9
    endloop
  endfacet
  facet normal 0 0 1
    outer loop
      vertex -12.9646 45.1945 9
      vertex -14 48 9
      vertex -13.9468 44.9313 9
    endloop
  endfacet
  facet normal -0 0 1
    outer loop
      vertex -15.3892 47.8785 9
      vertex -13.9468 44.9313 9
      vertex -14 48 9
    endloop
  endfacet
  facet normal 0 0 1
    outer loop
      vertex -13.9468 44.9313 9
      vertex -15.3892 47.8785 9
      vertex -14.8684 44.5016 9
    endloop
  endfacet
  facet normal -0 0 1
    outer loop
      vertex -16.7362 47.5175 9
      vertex -14.8684 44.5016 9
      vertex -15.3892 47.8785 9
    endloop
  endfacet
  facet normal 0 0 1
    outer loop
      vertex -14.8684 44.5016 9
      vertex -16.7362 47.5175 9
      vertex -15 44.4402 9
    endloop
  endfacet
  facet normal 0 0 1
    outer loop
      vertex -15 44.4402 9
      vertex -16.7362 47.5175 9
      vertex -15.119 44.3569 9
    endloop
  endfacet
  facet normal 0 0 1
    outer loop
      vertex -15.119 44.3569 9
      vertex -16.7362 47.5175 9
      vertex -15.9519 43.7736 9
    endloop
  endfacet
  facet normal -0 0 1
    outer loop
      vertex -18 46.9282 9
      vertex -15.9519 43.7736 9
      vertex -16.7362 47.5175 9
    endloop
  endfacet
  facet normal -0 0 1
    outer loop
      vertex -19.1423 46.1284 9
      vertex -15.9519 43.7736 9
      vertex -18 46.9282 9
    endloop
  endfacet
  facet normal 0 0 1
    outer loop
      vertex -15.9519 43.7736 9
      vertex -19.1423 46.1284 9
      vertex -16.7736 42.9519 9
    endloop
  endfacet
  facet normal -0 0 1
    outer loop
      vertex -20.1284 45.1423 9
      vertex -16.7736 42.9519 9
      vertex -19.1423 46.1284 9
    endloop
  endfacet
  facet normal 0 0 1
    outer loop
      vertex -16.7736 42.9519 9
      vertex -20.1284 45.1423 9
      vertex -17.3569 42.119 9
    endloop
  endfacet
  facet normal -0 0 1
    outer loop
      vertex -20.9282 44 9
      vertex -17.3569 42.119 9
      vertex -20.1284 45.1423 9
    endloop
  endfacet
  facet normal 0 0 1
    outer loop
      vertex -17.3569 42.119 9
      vertex -20.9282 44 9
      vertex -17.4402 42 9
    endloop
  endfacet
  facet normal 0 0 1
    outer loop
      vertex -17.4402 42 9
      vertex -20.9282 44 9
      vertex -17.5016 41.8684 9
    endloop
  endfacet
  facet normal -0 0 1
    outer loop
      vertex -21.5175 42.7362 9
      vertex -17.5016 41.8684 9
      vertex -20.9282 44 9
    endloop
  endfacet
  facet normal 0 0 1
    outer loop
      vertex -17.5016 41.8684 9
      vertex -21.5175 42.7362 9
      vertex -17.9313 40.9468 9
    endloop
  endfacet
  facet normal 0 0 1
    outer loop
      vertex -17.9313 40.9468 9
      vertex -21.8785 41.3892 9
      vertex -18.1945 39.9646 9
    endloop
  endfacet
  facet normal -0 0 1
    outer loop
      vertex -21.8785 41.3892 9
      vertex -17.9313 40.9468 9
      vertex -21.5175 42.7362 9
    endloop
  endfacet
  facet normal -0 0 1
    outer loop
      vertex 17.9313 23.0532 9
      vertex 21.8785 22.6108 9
      vertex 18.1945 24.0354 9
    endloop
  endfacet
  facet normal 0 0 1
    outer loop
      vertex 21.8785 22.6108 9
      vertex 17.9313 23.0532 9
      vertex 21.5175 21.2638 9
    endloop
  endfacet
  facet normal -0 0 1
    outer loop
      vertex 17.5016 22.1316 9
      vertex 21.5175 21.2638 9
      vertex 17.9313 23.0532 9
    endloop
  endfacet
  facet normal 0 0 1
    outer loop
      vertex 21.5175 21.2638 9
      vertex 17.5016 22.1316 9
      vertex 20.9282 20 9
    endloop
  endfacet
  facet normal -0 0 1
    outer loop
      vertex 17.4402 22 9
      vertex 20.9282 20 9
      vertex 17.5016 22.1316 9
    endloop
  endfacet
  facet normal -0 0 1
    outer loop
      vertex 17.3569 21.881 9
      vertex 20.9282 20 9
      vertex 17.4402 22 9
    endloop
  endfacet
  facet normal 0 0 1
    outer loop
      vertex 20.9282 20 9
      vertex 17.3569 21.881 9
      vertex 20.1284 18.8577 9
    endloop
  endfacet
  facet normal -0 0 1
    outer loop
      vertex 16.7736 21.0481 9
      vertex 20.1284 18.8577 9
      vertex 17.3569 21.881 9
    endloop
  endfacet
  facet normal 0 0 1
    outer loop
      vertex 20.1284 18.8577 9
      vertex 16.7736 21.0481 9
      vertex 19.1423 17.8716 9
    endloop
  endfacet
  facet normal -0 0 1
    outer loop
      vertex 15.9519 20.2264 9
      vertex 19.1423 17.8716 9
      vertex 16.7736 21.0481 9
    endloop
  endfacet
  facet normal 0 0 1
    outer loop
      vertex 19.1423 17.8716 9
      vertex 15.9519 20.2264 9
      vertex 18 17.0718 9
    endloop
  endfacet
  facet normal 0 0 1
    outer loop
      vertex 18 17.0718 9
      vertex 15.9519 20.2264 9
      vertex 16.7362 16.4825 9
    endloop
  endfacet
  facet normal -0 0 1
    outer loop
      vertex 15.119 19.6431 9
      vertex 16.7362 16.4825 9
      vertex 15.9519 20.2264 9
    endloop
  endfacet
  facet normal -0 0 1
    outer loop
      vertex 15 19.5598 9
      vertex 16.7362 16.4825 9
      vertex 15.119 19.6431 9
    endloop
  endfacet
  facet normal -0 0 1
    outer loop
      vertex 14.8684 19.4984 9
      vertex 16.7362 16.4825 9
      vertex 15 19.5598 9
    endloop
  endfacet
  facet normal 0 0 1
    outer loop
      vertex 16.7362 16.4825 9
      vertex 14.8684 19.4984 9
      vertex 15.3892 16.1215 9
    endloop
  endfacet
  facet normal -0 0 1
    outer loop
      vertex 13.9468 19.0687 9
      vertex 15.3892 16.1215 9
      vertex 14.8684 19.4984 9
    endloop
  endfacet
  facet normal 0 0 1
    outer loop
      vertex 15.3892 16.1215 9
      vertex 13.9468 19.0687 9
      vertex 14 16 9
    endloop
  endfacet
  facet normal -0 0 1
    outer loop
      vertex 12.9646 18.8055 9
      vertex 14 16 9
      vertex 13.9468 19.0687 9
    endloop
  endfacet
  facet normal -0 0 1
    outer loop
      vertex 12.8243 18.7679 9
      vertex 14 16 9
      vertex 12.9646 18.8055 9
    endloop
  endfacet
  facet normal -0 0 1
    outer loop
      vertex 12.6796 18.7553 9
      vertex 14 16 9
      vertex 12.8243 18.7679 9
    endloop
  endfacet
  facet normal -0 0 1
    outer loop
      vertex 11.6667 18.6667 9
      vertex 14 16 9
      vertex 12.6796 18.7553 9
    endloop
  endfacet
  facet normal -0 0 1
    outer loop
      vertex -11.6667 18.6667 9
      vertex 14 16 9
      vertex 11.6667 18.6667 9
    endloop
  endfacet
  facet normal 0 0 1
    outer loop
      vertex -14 16 9
      vertex -11.6667 18.6667 9
      vertex -12.6796 18.7553 9
    endloop
  endfacet
  facet normal 0 0 1
    outer loop
      vertex -14 16 9
      vertex -12.6796 18.7553 9
      vertex -12.8243 18.7679 9
    endloop
  endfacet
  facet normal 0 0 1
    outer loop
      vertex -11.6667 18.6667 9
      vertex -14 16 9
      vertex 14 16 9
    endloop
  endfacet
  facet normal 0 0 1
    outer loop
      vertex -12.9646 18.8055 9
      vertex -14 16 9
      vertex -12.8243 18.7679 9
    endloop
  endfacet
  facet normal 0 0 1
    outer loop
      vertex -13.9468 19.0687 9
      vertex -14 16 9
      vertex -12.9646 18.8055 9
    endloop
  endfacet
  facet normal 0 0 1
    outer loop
      vertex -15.3892 16.1215 9
      vertex -13.9468 19.0687 9
      vertex -14.8684 19.4984 9
    endloop
  endfacet
  facet normal 0 0 1
    outer loop
      vertex -16.7362 16.4825 9
      vertex -14.8684 19.4984 9
      vertex -15 19.5598 9
    endloop
  endfacet
  facet normal 0 0 1
    outer loop
      vertex -16.7362 16.4825 9
      vertex -15 19.5598 9
      vertex -15.119 19.6431 9
    endloop
  endfacet
  facet normal 0 0 1
    outer loop
      vertex -13.9468 19.0687 9
      vertex -15.3892 16.1215 9
      vertex -14 16 9
    endloop
  endfacet
  facet normal 0 0 1
    outer loop
      vertex -16.7362 16.4825 9
      vertex -15.119 19.6431 9
      vertex -15.9519 20.2264 9
    endloop
  endfacet
  facet normal 0 0 1
    outer loop
      vertex -14.8684 19.4984 9
      vertex -16.7362 16.4825 9
      vertex -15.3892 16.1215 9
    endloop
  endfacet
  facet normal 0 0 1
    outer loop
      vertex -19.1423 17.8716 9
      vertex -15.9519 20.2264 9
      vertex -16.7736 21.0481 9
    endloop
  endfacet
  facet normal 0 0 1
    outer loop
      vertex -20.1284 18.8577 9
      vertex -16.7736 21.0481 9
      vertex -17.3569 21.881 9
    endloop
  endfacet
  facet normal 0 0 1
    outer loop
      vertex -20.9282 20 9
      vertex -17.3569 21.881 9
      vertex -17.4402 22 9
    endloop
  endfacet
  facet normal 0 0 1
    outer loop
      vertex -20.9282 20 9
      vertex -17.4402 22 9
      vertex -17.5016 22.1316 9
    endloop
  endfacet
  facet normal 0 0 1
    outer loop
      vertex -21.5175 21.2638 9
      vertex -17.5016 22.1316 9
      vertex -17.9313 23.0532 9
    endloop
  endfacet
  facet normal 0 0 1
    outer loop
      vertex -15.9519 20.2264 9
      vertex -18 17.0718 9
      vertex -16.7362 16.4825 9
    endloop
  endfacet
  facet normal 0 0 1
    outer loop
      vertex -21.8785 22.6108 9
      vertex -17.9313 23.0532 9
      vertex -18.1945 24.0354 9
    endloop
  endfacet
  facet normal 0 0 1
    outer loop
      vertex -22 24 9
      vertex -18.1945 24.0354 9
      vertex -18.2321 24.1757 9
    endloop
  endfacet
  facet normal 0 0 1
    outer loop
      vertex -22 24 9
      vertex -18.2321 24.1757 9
      vertex -18.2447 24.3204 9
    endloop
  endfacet
  facet normal 0 0 1
    outer loop
      vertex -22 24 9
      vertex -18.2447 24.3204 9
      vertex -18.3333 25.3333 9
    endloop
  endfacet
  facet normal 0 0 1
    outer loop
      vertex -15.9519 20.2264 9
      vertex -19.1423 17.8716 9
      vertex -18 17.0718 9
    endloop
  endfacet
  facet normal 0 0 1
    outer loop
      vertex -18.3333 38.6667 9
      vertex -22 40 9
      vertex -18.3333 25.3333 9
    endloop
  endfacet
  facet normal -0 0 1
    outer loop
      vertex -22 40 9
      vertex -18.1945 39.9646 9
      vertex -21.8785 41.3892 9
    endloop
  endfacet
  facet normal 0 0 1
    outer loop
      vertex -22 24 9
      vertex -18.3333 25.3333 9
      vertex -22 40 9
    endloop
  endfacet
  facet normal 0 0 1
    outer loop
      vertex -18.1945 39.9646 9
      vertex -22 40 9
      vertex -18.2321 39.8243 9
    endloop
  endfacet
  facet normal 0 0 1
    outer loop
      vertex -18.1945 24.0354 9
      vertex -22 24 9
      vertex -21.8785 22.6108 9
    endloop
  endfacet
  facet normal 0 0 1
    outer loop
      vertex -18.2321 39.8243 9
      vertex -22 40 9
      vertex -18.2447 39.6796 9
    endloop
  endfacet
  facet normal 0 0 1
    outer loop
      vertex -16.7736 21.0481 9
      vertex -20.1284 18.8577 9
      vertex -19.1423 17.8716 9
    endloop
  endfacet
  facet normal 0 0 1
    outer loop
      vertex -18.2447 39.6796 9
      vertex -22 40 9
      vertex -18.3333 38.6667 9
    endloop
  endfacet
  facet normal 0 0 1
    outer loop
      vertex -17.3569 21.881 9
      vertex -20.9282 20 9
      vertex -20.1284 18.8577 9
    endloop
  endfacet
  facet normal 0 0 1
    outer loop
      vertex -17.5016 22.1316 9
      vertex -21.5175 21.2638 9
      vertex -20.9282 20 9
    endloop
  endfacet
  facet normal 0 0 1
    outer loop
      vertex -17.9313 23.0532 9
      vertex -21.8785 22.6108 9
      vertex -21.5175 21.2638 9
    endloop
  endfacet
  facet normal -0.0871278 0.996197 0
    outer loop
      vertex 15.3892 16.1215 9
      vertex 14 16 56
      vertex 15.3892 16.1215 56
    endloop
  endfacet
  facet normal -0.0871278 0.996197 0
    outer loop
      vertex 14 16 56
      vertex 15.3892 16.1215 9
      vertex 14 16 9
    endloop
  endfacet
  facet normal -0.965913 -0.258868 0
    outer loop
      vertex 21.8785 41.3892 9
      vertex 21.5175 42.7362 56
      vertex 21.5175 42.7362 9
    endloop
  endfacet
  facet normal -0.965913 -0.258868 0
    outer loop
      vertex 21.5175 42.7362 56
      vertex 21.8785 41.3892 9
      vertex 21.8785 41.3892 56
    endloop
  endfacet
  facet normal -0.422607 -0.906313 0
    outer loop
      vertex 16.7362 47.5175 9
      vertex 18 46.9282 56
      vertex 16.7362 47.5175 56
    endloop
  endfacet
  facet normal -0.422607 -0.906313 -0
    outer loop
      vertex 18 46.9282 56
      vertex 16.7362 47.5175 9
      vertex 18 46.9282 9
    endloop
  endfacet
  facet normal -0.707107 0.707107 0
    outer loop
      vertex 19.1423 17.8716 9
      vertex 20.1284 18.8577 56
      vertex 20.1284 18.8577 9
    endloop
  endfacet
  facet normal -0.707107 0.707107 0
    outer loop
      vertex 20.1284 18.8577 56
      vertex 19.1423 17.8716 9
      vertex 19.1423 17.8716 56
    endloop
  endfacet
  facet normal -0.573554 -0.819168 0
    outer loop
      vertex 18 46.9282 9
      vertex 19.1423 46.1284 56
      vertex 18 46.9282 56
    endloop
  endfacet
  facet normal -0.573554 -0.819168 -0
    outer loop
      vertex 19.1423 46.1284 56
      vertex 18 46.9282 9
      vertex 19.1423 46.1284 9
    endloop
  endfacet
  facet normal -0.422607 0.906313 0
    outer loop
      vertex 18 17.0718 9
      vertex 16.7362 16.4825 56
      vertex 18 17.0718 56
    endloop
  endfacet
  facet normal -0.422607 0.906313 0
    outer loop
      vertex 16.7362 16.4825 56
      vertex 18 17.0718 9
      vertex 16.7362 16.4825 9
    endloop
  endfacet
  facet normal -0.0637973 -0.728793 0.681756
    outer loop
      vertex 10.3773 43.5317 6.95337
      vertex 12.6796 45.2447 9
      vertex 10.1551 43.6032 7.00901
    endloop
  endfacet
  facet normal -0.0634786 -0.728996 0.681568
    outer loop
      vertex 12.6796 45.2447 9
      vertex 10.3773 43.5317 6.95337
      vertex 12.8243 45.2321 9
    endloop
  endfacet
  facet normal 0.45356 0.317492 0.832756
    outer loop
      vertex -14.1746 23.8163 6.52892
      vertex -17.3569 21.881 9
      vertex -14.0143 23.5873 6.52892
    endloop
  endfacet
  facet normal 0.452842 0.318621 0.832715
    outer loop
      vertex -14.1976 23.855 6.52662
      vertex -17.3569 21.881 9
      vertex -14.1746 23.8163 6.52892
    endloop
  endfacet
  facet normal 0.453569 0.317498 0.832748
    outer loop
      vertex -17.3569 21.881 9
      vertex -14.1976 23.855 6.52662
      vertex -17.4402 22 9
    endloop
  endfacet
  facet normal 0.453529 -0.317564 0.832745
    outer loop
      vertex -16.7736 42.9519 9
      vertex -14.0143 40.4127 6.52892
      vertex -13.5752 41.0398 6.52892
    endloop
  endfacet
  facet normal 0.4535 -0.317597 0.832748
    outer loop
      vertex -14.0143 40.4127 6.52892
      vertex -16.7736 42.9519 9
      vertex -17.3569 42.119 9
    endloop
  endfacet
  facet normal 0.0637973 0.728793 0.681756
    outer loop
      vertex -10.3773 20.4683 6.95337
      vertex -12.6796 18.7553 9
      vertex -10.1551 20.3968 7.00901
    endloop
  endfacet
  facet normal 0.0634786 0.728996 0.681568
    outer loop
      vertex -12.6796 18.7553 9
      vertex -10.3773 20.4683 6.95337
      vertex -12.8243 18.7679 9
    endloop
  endfacet
  facet normal -0.0637515 0.728826 0.681725
    outer loop
      vertex 10.1551 20.3968 7.00901
      vertex 11.6667 18.6667 9
      vertex 12.6796 18.7553 9
    endloop
  endfacet
  facet normal -0.0637994 0.7288 0.681748
    outer loop
      vertex 11.6667 18.6667 9
      vertex 9.82527 20.2907 7.09159
      vertex 9.5092 20.2077 7.15074
    endloop
  endfacet
  facet normal -0.0637622 0.728821 0.681729
    outer loop
      vertex 11.6667 18.6667 9
      vertex 10.1551 20.3968 7.00901
      vertex 9.82527 20.2907 7.09159
    endloop
  endfacet
  facet normal 0.173106 0.645862 0.74357
    outer loop
      vertex -10.6113 20.5821 6.909
      vertex -12.8243 18.7679 9
      vertex -10.3773 20.4683 6.95337
    endloop
  endfacet
  facet normal 0.173092 0.645872 0.743565
    outer loop
      vertex -12.8243 18.7679 9
      vertex -10.6113 20.5821 6.909
      vertex -12.9646 18.8055 9
    endloop
  endfacet
  facet normal -0.600007 0 0.799994
    outer loop
      vertex 18.3333 38.6667 9
      vertex 15.5827 32 6.93701
      vertex 18.3333 25.3333 9
    endloop
  endfacet
  facet normal -0.599984 -1.52092e-05 0.800012
    outer loop
      vertex 18.3333 38.6667 9
      vertex 15.5382 33.2412 6.90366
      vertex 15.5827 32 6.93701
    endloop
  endfacet
  facet normal -0.600024 1.74366e-05 0.799982
    outer loop
      vertex 18.3333 38.6667 9
      vertex 15.4849 34.7304 6.86365
      vertex 15.5382 33.2412 6.90366
    endloop
  endfacet
  facet normal -0.600006 -3.76656e-06 0.799996
    outer loop
      vertex 18.3333 38.6667 9
      vertex 15.3318 36.1516 6.74883
      vertex 15.4849 34.7304 6.86365
    endloop
  endfacet
  facet normal -0.599997 -2.02439e-05 0.800002
    outer loop
      vertex 15.3318 36.1516 6.74883
      vertex 18.3333 38.6667 9
      vertex 15.2281 37.1141 6.67108
    endloop
  endfacet
  facet normal -0.599984 1.52092e-05 0.800012
    outer loop
      vertex 15.5382 30.7588 6.90366
      vertex 18.3333 25.3333 9
      vertex 15.5827 32 6.93701
    endloop
  endfacet
  facet normal -0.600024 -1.74366e-05 0.799982
    outer loop
      vertex 15.4849 29.2696 6.86365
      vertex 18.3333 25.3333 9
      vertex 15.5382 30.7588 6.90366
    endloop
  endfacet
  facet normal -0.600006 3.76656e-06 0.799996
    outer loop
      vertex 15.3318 27.8484 6.74883
      vertex 18.3333 25.3333 9
      vertex 15.4849 29.2696 6.86365
    endloop
  endfacet
  facet normal -0.599997 2.02439e-05 0.800002
    outer loop
      vertex 18.3333 25.3333 9
      vertex 15.3318 27.8484 6.74883
      vertex 15.2281 26.8859 6.67108
    endloop
  endfacet
  facet normal 0.582855 -0.0507531 0.810989
    outer loop
      vertex -18.2447 39.6796 9
      vertex -15.0142 38.1424 6.58205
      vertex -18.2321 39.8243 9
    endloop
  endfacet
  facet normal 0.58278 -0.0509737 0.811029
    outer loop
      vertex -15.0142 38.1424 6.58205
      vertex -18.2447 39.6796 9
      vertex -15.0844 37.8472 6.61394
    endloop
  endfacet
  facet normal -0.399134 -0.399134 0.82546
    outer loop
      vertex 15.9519 43.7736 9
      vertex 13.5752 41.0398 6.52892
      vertex 16.7736 42.9519 9
    endloop
  endfacet
  facet normal -0.399093 -0.399172 0.825461
    outer loop
      vertex 15.9519 43.7736 9
      vertex 13.2896 41.3721 6.55153
      vertex 13.5752 41.0398 6.52892
    endloop
  endfacet
  facet normal -0.399175 -0.399084 0.825464
    outer loop
      vertex 13.2896 41.3721 6.55153
      vertex 15.9519 43.7736 9
      vertex 12.8749 41.8548 6.58436
    endloop
  endfacet
  facet normal -0.582789 0.0509691 0.811024
    outer loop
      vertex 15.1626 26.4813 6.64944
      vertex 18.3333 25.3333 9
      vertex 15.2281 26.8859 6.67108
    endloop
  endfacet
  facet normal -0.582759 0.0510803 0.811038
    outer loop
      vertex 15.0844 26.1528 6.61394
      vertex 18.3333 25.3333 9
      vertex 15.1626 26.4813 6.64944
    endloop
  endfacet
  facet normal -0.582779 0.0509766 0.81103
    outer loop
      vertex 18.3333 25.3333 9
      vertex 15.0844 26.1528 6.61394
      vertex 18.2447 24.3204 9
    endloop
  endfacet
  facet normal 0.262217 0.562587 0.784052
    outer loop
      vertex -12.0977 21.4429 6.67812
      vertex -14.8684 19.4984 9
      vertex -11.8547 21.2856 6.70972
    endloop
  endfacet
  facet normal 0.2624 0.562407 0.78412
    outer loop
      vertex -14.8684 19.4984 9
      vertex -12.0977 21.4429 6.67812
      vertex -15 19.5598 9
    endloop
  endfacet
  facet normal -0.54447 0.145792 0.826013
    outer loop
      vertex 14.9091 25.5579 6.56567
      vertex 18.2321 24.1757 9
      vertex 15.0142 25.8576 6.58205
    endloop
  endfacet
  facet normal -0.544428 0.145905 0.82602
    outer loop
      vertex 18.2321 24.1757 9
      vertex 14.9091 25.5579 6.56567
      vertex 18.1945 24.0354 9
    endloop
  endfacet
  facet normal 0.333082 -0.48397 0.809215
    outer loop
      vertex -15.119 44.3569 9
      vertex -12.3431 42.3571 6.66138
      vertex -12.3355 42.3632 6.6619
    endloop
  endfacet
  facet normal 0.336377 -0.480336 0.810018
    outer loop
      vertex -15.119 44.3569 9
      vertex -12.8749 41.8548 6.58436
      vertex -12.3431 42.3571 6.66138
    endloop
  endfacet
  facet normal 0.336386 -0.480328 0.810018
    outer loop
      vertex -12.8749 41.8548 6.58436
      vertex -15.119 44.3569 9
      vertex -15.9519 43.7736 9
    endloop
  endfacet
  facet normal 0.336391 -0.480312 0.810026
    outer loop
      vertex -15 44.4402 9
      vertex -12.3355 42.3632 6.6619
      vertex -12.0977 42.5571 6.67812
    endloop
  endfacet
  facet normal 0.336291 -0.480416 0.810005
    outer loop
      vertex -12.3355 42.3632 6.6619
      vertex -15 44.4402 9
      vertex -15.119 44.3569 9
    endloop
  endfacet
  facet normal 0.0637994 0.7288 0.681748
    outer loop
      vertex -9.82527 20.2907 7.09159
      vertex -11.6667 18.6667 9
      vertex -9.5092 20.2077 7.15074
    endloop
  endfacet
  facet normal 0.0637622 0.728821 0.681729
    outer loop
      vertex -10.1551 20.3968 7.00901
      vertex -11.6667 18.6667 9
      vertex -9.82527 20.2907 7.09159
    endloop
  endfacet
  facet normal 0.0637515 0.728826 0.681725
    outer loop
      vertex -11.6667 18.6667 9
      vertex -10.1551 20.3968 7.00901
      vertex -12.6796 18.7553 9
    endloop
  endfacet
  facet normal 0 0.768272 0.640124
    outer loop
      vertex 11.6667 18.6667 9
      vertex 0 19.186 8.37674
      vertex -11.6667 18.6667 9
    endloop
  endfacet
  facet normal -3.04255e-05 0.767992 0.64046
    outer loop
      vertex 11.6667 18.6667 9
      vertex 0.282907 19.1935 8.36776
      vertex 0 19.186 8.37674
    endloop
  endfacet
  facet normal -1.6361e-06 0.768247 0.640154
    outer loop
      vertex 11.6667 18.6667 9
      vertex 2.24896 19.2455 8.30536
      vertex 0.282907 19.1935 8.36776
    endloop
  endfacet
  facet normal -1.5687e-06 0.768247 0.640153
    outer loop
      vertex 11.6667 18.6667 9
      vertex 4.11978 19.3938 8.12739
      vertex 2.24896 19.2455 8.30536
    endloop
  endfacet
  facet normal -3.44621e-06 0.768239 0.640163
    outer loop
      vertex 11.6667 18.6667 9
      vertex 4.57513 19.4299 8.08407
      vertex 4.11978 19.3938 8.12739
    endloop
  endfacet
  facet normal -4.47323e-06 0.768235 0.640168
    outer loop
      vertex 11.6667 18.6667 9
      vertex 6.3658 19.666 7.80075
      vertex 4.57513 19.4299 8.08407
    endloop
  endfacet
  facet normal -4.74119e-05 0.768142 0.64028
    outer loop
      vertex 11.6667 18.6667 9
      vertex 7.06759 19.7586 7.68971
      vertex 6.3658 19.666 7.80075
    endloop
  endfacet
  facet normal 1.15065e-05 0.768244 0.640158
    outer loop
      vertex 11.6667 18.6667 9
      vertex 7.96088 19.9229 7.49252
      vertex 7.06759 19.7586 7.68971
    endloop
  endfacet
  facet normal 2.92986e-06 0.768233 0.64017
    outer loop
      vertex 7.96088 19.9229 7.49252
      vertex 11.6667 18.6667 9
      vertex 9.5092 20.2077 7.15074
    endloop
  endfacet
  facet normal 3.04255e-05 0.767992 0.64046
    outer loop
      vertex -0.282907 19.1935 8.36776
      vertex -11.6667 18.6667 9
      vertex 0 19.186 8.37674
    endloop
  endfacet
  facet normal 1.6361e-06 0.768247 0.640154
    outer loop
      vertex -2.24896 19.2455 8.30536
      vertex -11.6667 18.6667 9
      vertex -0.282907 19.1935 8.36776
    endloop
  endfacet
  facet normal 1.5687e-06 0.768247 0.640153
    outer loop
      vertex -4.11978 19.3938 8.12739
      vertex -11.6667 18.6667 9
      vertex -2.24896 19.2455 8.30536
    endloop
  endfacet
  facet normal 3.44621e-06 0.768239 0.640163
    outer loop
      vertex -4.57513 19.4299 8.08407
      vertex -11.6667 18.6667 9
      vertex -4.11978 19.3938 8.12739
    endloop
  endfacet
  facet normal 4.47323e-06 0.768235 0.640168
    outer loop
      vertex -6.3658 19.666 7.80075
      vertex -11.6667 18.6667 9
      vertex -4.57513 19.4299 8.08407
    endloop
  endfacet
  facet normal 4.74119e-05 0.768142 0.64028
    outer loop
      vertex -7.06759 19.7586 7.68971
      vertex -11.6667 18.6667 9
      vertex -6.3658 19.666 7.80075
    endloop
  endfacet
  facet normal -1.15065e-05 0.768244 0.640158
    outer loop
      vertex -7.96088 19.9229 7.49252
      vertex -11.6667 18.6667 9
      vertex -7.06759 19.7586 7.68971
    endloop
  endfacet
  facet normal -2.92986e-06 0.768233 0.64017
    outer loop
      vertex -11.6667 18.6667 9
      vertex -7.96088 19.9229 7.49252
      vertex -9.5092 20.2077 7.15074
    endloop
  endfacet
  facet normal -0.544428 -0.145905 0.82602
    outer loop
      vertex 14.9091 38.4421 6.56567
      vertex 18.2321 39.8243 9
      vertex 18.1945 39.9646 9
    endloop
  endfacet
  facet normal -0.54447 -0.145792 0.826013
    outer loop
      vertex 18.2321 39.8243 9
      vertex 14.9091 38.4421 6.56567
      vertex 15.0142 38.1424 6.58205
    endloop
  endfacet
  facet normal 0.582779 -0.0509766 0.81103
    outer loop
      vertex -18.3333 38.6667 9
      vertex -15.0844 37.8472 6.61394
      vertex -18.2447 39.6796 9
    endloop
  endfacet
  facet normal 0.582759 -0.0510803 0.811038
    outer loop
      vertex -15.0844 37.8472 6.61394
      vertex -18.3333 38.6667 9
      vertex -15.1626 37.5187 6.64944
    endloop
  endfacet
  facet normal 0.582789 -0.0509691 0.811024
    outer loop
      vertex -15.1626 37.5187 6.64944
      vertex -18.3333 38.6667 9
      vertex -15.2281 37.1141 6.67108
    endloop
  endfacet
  facet normal -0.54441 0.145951 0.826024
    outer loop
      vertex 14.7745 25.1744 6.54472
      vertex 18.1945 24.0354 9
      vertex 14.9091 25.5579 6.56567
    endloop
  endfacet
  facet normal -0.544448 0.145831 0.826021
    outer loop
      vertex 14.6583 24.8431 6.52662
      vertex 18.1945 24.0354 9
      vertex 14.7745 25.1744 6.54472
    endloop
  endfacet
  facet normal -0.544433 0.145892 0.82602
    outer loop
      vertex 18.1945 24.0354 9
      vertex 14.6583 24.8431 6.52662
      vertex 17.9313 23.0532 9
    endloop
  endfacet
  facet normal 0.501486 -0.233976 0.832927
    outer loop
      vertex -17.5016 41.8684 9
      vertex -14.1976 40.145 6.52662
      vertex -17.4402 42 9
    endloop
  endfacet
  facet normal 0.501558 -0.233833 0.832923
    outer loop
      vertex -14.1976 40.145 6.52662
      vertex -17.5016 41.8684 9
      vertex -14.3349 39.8505 6.52662
    endloop
  endfacet
  facet normal 0.262347 0.562469 0.784093
    outer loop
      vertex -11.8547 21.2856 6.70972
      vertex -13.9468 19.0687 9
      vertex -11.2418 20.8886 6.78944
    endloop
  endfacet
  facet normal 0.262278 0.56252 0.78408
    outer loop
      vertex -13.9468 19.0687 9
      vertex -11.8547 21.2856 6.70972
      vertex -14.8684 19.4984 9
    endloop
  endfacet
  facet normal 0.173011 -0.645936 0.743528
    outer loop
      vertex -12.9646 45.1945 9
      vertex -11.2418 43.1114 6.78944
      vertex -10.6113 43.4179 6.909
    endloop
  endfacet
  facet normal 0.173081 -0.645897 0.743546
    outer loop
      vertex -11.2418 43.1114 6.78944
      vertex -12.9646 45.1945 9
      vertex -13.9468 44.9313 9
    endloop
  endfacet
  facet normal 0.333082 0.48397 0.809215
    outer loop
      vertex -12.3431 21.6429 6.66138
      vertex -15.119 19.6431 9
      vertex -12.3355 21.6368 6.6619
    endloop
  endfacet
  facet normal 0.336377 0.480336 0.810018
    outer loop
      vertex -12.8749 22.1452 6.58436
      vertex -15.119 19.6431 9
      vertex -12.3431 21.6429 6.66138
    endloop
  endfacet
  facet normal 0.336386 0.480328 0.810018
    outer loop
      vertex -15.119 19.6431 9
      vertex -12.8749 22.1452 6.58436
      vertex -15.9519 20.2264 9
    endloop
  endfacet
  facet normal -0.501558 0.233833 0.832923
    outer loop
      vertex 14.1976 23.855 6.52662
      vertex 17.5016 22.1316 9
      vertex 14.3349 24.1495 6.52662
    endloop
  endfacet
  facet normal -0.501486 0.233976 0.832927
    outer loop
      vertex 17.5016 22.1316 9
      vertex 14.1976 23.855 6.52662
      vertex 17.4402 22 9
    endloop
  endfacet
  facet normal 0.173011 0.645936 0.743528
    outer loop
      vertex -11.2418 20.8886 6.78944
      vertex -12.9646 18.8055 9
      vertex -10.6113 20.5821 6.909
    endloop
  endfacet
  facet normal 0.173081 0.645897 0.743546
    outer loop
      vertex -12.9646 18.8055 9
      vertex -11.2418 20.8886 6.78944
      vertex -13.9468 19.0687 9
    endloop
  endfacet
  facet normal -0.0634786 0.728996 0.681568
    outer loop
      vertex 10.3773 20.4683 6.95337
      vertex 12.6796 18.7553 9
      vertex 12.8243 18.7679 9
    endloop
  endfacet
  facet normal -0.0637973 0.728793 0.681756
    outer loop
      vertex 12.6796 18.7553 9
      vertex 10.3773 20.4683 6.95337
      vertex 10.1551 20.3968 7.00901
    endloop
  endfacet
  facet normal -0.582855 -0.0507531 0.810989
    outer loop
      vertex 15.0142 38.1424 6.58205
      vertex 18.2447 39.6796 9
      vertex 18.2321 39.8243 9
    endloop
  endfacet
  facet normal -0.58278 -0.0509737 0.811029
    outer loop
      vertex 18.2447 39.6796 9
      vertex 15.0142 38.1424 6.58205
      vertex 15.0844 37.8472 6.61394
    endloop
  endfacet
  facet normal 0.501549 -0.233849 0.832925
    outer loop
      vertex -17.9313 40.9468 9
      vertex -14.3349 39.8505 6.52662
      vertex -17.5016 41.8684 9
    endloop
  endfacet
  facet normal 0.501547 -0.233853 0.832924
    outer loop
      vertex -14.3349 39.8505 6.52662
      vertex -17.9313 40.9468 9
      vertex -14.6583 39.1569 6.52662
    endloop
  endfacet
  facet normal -0.582779 -0.0509766 0.81103
    outer loop
      vertex 15.0844 37.8472 6.61394
      vertex 18.3333 38.6667 9
      vertex 18.2447 39.6796 9
    endloop
  endfacet
  facet normal -0.582789 -0.0509691 0.811024
    outer loop
      vertex 18.3333 38.6667 9
      vertex 15.1626 37.5187 6.64944
      vertex 15.2281 37.1141 6.67108
    endloop
  endfacet
  facet normal -0.582759 -0.0510803 0.811038
    outer loop
      vertex 18.3333 38.6667 9
      vertex 15.0844 37.8472 6.61394
      vertex 15.1626 37.5187 6.64944
    endloop
  endfacet
  facet normal -0.58278 0.0509737 0.811029
    outer loop
      vertex 15.0142 25.8576 6.58205
      vertex 18.2447 24.3204 9
      vertex 15.0844 26.1528 6.61394
    endloop
  endfacet
  facet normal -0.582855 0.0507531 0.810989
    outer loop
      vertex 18.2447 24.3204 9
      vertex 15.0142 25.8576 6.58205
      vertex 18.2321 24.1757 9
    endloop
  endfacet
  facet normal 0.582759 0.0510803 0.811038
    outer loop
      vertex -18.3333 25.3333 9
      vertex -15.0844 26.1528 6.61394
      vertex -15.1626 26.4813 6.64944
    endloop
  endfacet
  facet normal 0.582789 0.0509691 0.811024
    outer loop
      vertex -18.3333 25.3333 9
      vertex -15.1626 26.4813 6.64944
      vertex -15.2281 26.8859 6.67108
    endloop
  endfacet
  facet normal 0.582779 0.0509766 0.81103
    outer loop
      vertex -15.0844 26.1528 6.61394
      vertex -18.3333 25.3333 9
      vertex -18.2447 24.3204 9
    endloop
  endfacet
  facet normal -0.336291 -0.480416 0.810005
    outer loop
      vertex 15 44.4402 9
      vertex 12.3355 42.3632 6.6619
      vertex 15.119 44.3569 9
    endloop
  endfacet
  facet normal -0.336391 -0.480312 0.810026
    outer loop
      vertex 12.3355 42.3632 6.6619
      vertex 15 44.4402 9
      vertex 12.0977 42.5571 6.67812
    endloop
  endfacet
  facet normal 0.599997 -2.02439e-05 0.800002
    outer loop
      vertex -18.3333 38.6667 9
      vertex -15.3318 36.1516 6.74883
      vertex -15.2281 37.1141 6.67108
    endloop
  endfacet
  facet normal 0.600024 1.74366e-05 0.799982
    outer loop
      vertex -18.3333 38.6667 9
      vertex -15.5382 33.2412 6.90366
      vertex -15.4849 34.7304 6.86365
    endloop
  endfacet
  facet normal 0.599984 -1.52092e-05 0.800012
    outer loop
      vertex -15.5382 33.2412 6.90366
      vertex -18.3333 38.6667 9
      vertex -15.5827 32 6.93701
    endloop
  endfacet
  facet normal 0.600006 -3.76656e-06 0.799996
    outer loop
      vertex -15.3318 36.1516 6.74883
      vertex -18.3333 38.6667 9
      vertex -15.4849 34.7304 6.86365
    endloop
  endfacet
  facet normal 0.600006 3.76656e-06 0.799996
    outer loop
      vertex -18.3333 25.3333 9
      vertex -15.3318 27.8484 6.74883
      vertex -15.4849 29.2696 6.86365
    endloop
  endfacet
  facet normal 0.599984 1.52092e-05 0.800012
    outer loop
      vertex -18.3333 25.3333 9
      vertex -15.5382 30.7588 6.90366
      vertex -15.5827 32 6.93701
    endloop
  endfacet
  facet normal 0.600007 -0 0.799994
    outer loop
      vertex -18.3333 25.3333 9
      vertex -15.5827 32 6.93701
      vertex -18.3333 38.6667 9
    endloop
  endfacet
  facet normal 0.600024 -1.74366e-05 0.799982
    outer loop
      vertex -15.5382 30.7588 6.90366
      vertex -18.3333 25.3333 9
      vertex -15.4849 29.2696 6.86365
    endloop
  endfacet
  facet normal 0.599997 2.02439e-05 0.800002
    outer loop
      vertex -15.3318 27.8484 6.74883
      vertex -18.3333 25.3333 9
      vertex -15.2281 26.8859 6.67108
    endloop
  endfacet
  facet normal -0.336386 -0.480328 0.810018
    outer loop
      vertex 15.119 44.3569 9
      vertex 12.8749 41.8548 6.58436
      vertex 15.9519 43.7736 9
    endloop
  endfacet
  facet normal -0.336377 -0.480336 0.810018
    outer loop
      vertex 15.119 44.3569 9
      vertex 12.3431 42.3571 6.66138
      vertex 12.8749 41.8548 6.58436
    endloop
  endfacet
  facet normal -0.333082 -0.48397 0.809215
    outer loop
      vertex 12.3431 42.3571 6.66138
      vertex 15.119 44.3569 9
      vertex 12.3355 42.3632 6.6619
    endloop
  endfacet
  facet normal 0.262347 -0.562469 0.784093
    outer loop
      vertex -13.9468 44.9313 9
      vertex -11.8547 42.7144 6.70972
      vertex -11.2418 43.1114 6.78944
    endloop
  endfacet
  facet normal 0.262278 -0.56252 0.78408
    outer loop
      vertex -11.8547 42.7144 6.70972
      vertex -13.9468 44.9313 9
      vertex -14.8684 44.5016 9
    endloop
  endfacet
  facet normal 0.54447 0.145792 0.826013
    outer loop
      vertex -18.2321 24.1757 9
      vertex -14.9091 25.5579 6.56567
      vertex -15.0142 25.8576 6.58205
    endloop
  endfacet
  facet normal 0.544428 0.145905 0.82602
    outer loop
      vertex -14.9091 25.5579 6.56567
      vertex -18.2321 24.1757 9
      vertex -18.1945 24.0354 9
    endloop
  endfacet
  facet normal 0.501547 0.233853 0.832924
    outer loop
      vertex -17.9313 23.0532 9
      vertex -14.3349 24.1495 6.52662
      vertex -14.6583 24.8431 6.52662
    endloop
  endfacet
  facet normal 0.501549 0.233849 0.832925
    outer loop
      vertex -14.3349 24.1495 6.52662
      vertex -17.9313 23.0532 9
      vertex -17.5016 22.1316 9
    endloop
  endfacet
  facet normal -0.173092 0.645872 0.743565
    outer loop
      vertex 10.6113 20.5821 6.909
      vertex 12.8243 18.7679 9
      vertex 12.9646 18.8055 9
    endloop
  endfacet
  facet normal -0.173106 0.645862 0.74357
    outer loop
      vertex 12.8243 18.7679 9
      vertex 10.6113 20.5821 6.909
      vertex 10.3773 20.4683 6.95337
    endloop
  endfacet
  facet normal 0.453529 0.317564 0.832745
    outer loop
      vertex -14.0143 23.5873 6.52892
      vertex -16.7736 21.0481 9
      vertex -13.5752 22.9602 6.52892
    endloop
  endfacet
  facet normal 0.4535 0.317597 0.832748
    outer loop
      vertex -16.7736 21.0481 9
      vertex -14.0143 23.5873 6.52892
      vertex -17.3569 21.881 9
    endloop
  endfacet
  facet normal 0.399175 0.399084 0.825464
    outer loop
      vertex -13.2896 22.6279 6.55153
      vertex -15.9519 20.2264 9
      vertex -12.8749 22.1452 6.58436
    endloop
  endfacet
  facet normal 0.399093 0.399172 0.825461
    outer loop
      vertex -13.5752 22.9602 6.52892
      vertex -15.9519 20.2264 9
      vertex -13.2896 22.6279 6.55153
    endloop
  endfacet
  facet normal 0.399134 0.399134 0.82546
    outer loop
      vertex -15.9519 20.2264 9
      vertex -13.5752 22.9602 6.52892
      vertex -16.7736 21.0481 9
    endloop
  endfacet
  facet normal 0.262217 -0.562587 0.784052
    outer loop
      vertex -14.8684 44.5016 9
      vertex -12.0977 42.5571 6.67812
      vertex -11.8547 42.7144 6.70972
    endloop
  endfacet
  facet normal 0.2624 -0.562407 0.78412
    outer loop
      vertex -12.0977 42.5571 6.67812
      vertex -14.8684 44.5016 9
      vertex -15 44.4402 9
    endloop
  endfacet
  facet normal -0.501486 -0.233976 0.832927
    outer loop
      vertex 14.1976 40.145 6.52662
      vertex 17.5016 41.8684 9
      vertex 17.4402 42 9
    endloop
  endfacet
  facet normal -0.501558 -0.233833 0.832923
    outer loop
      vertex 17.5016 41.8684 9
      vertex 14.1976 40.145 6.52662
      vertex 14.3349 39.8505 6.52662
    endloop
  endfacet
  facet normal -0.453569 -0.317498 0.832748
    outer loop
      vertex 17.3569 42.119 9
      vertex 14.1976 40.145 6.52662
      vertex 17.4402 42 9
    endloop
  endfacet
  facet normal -0.452842 -0.318621 0.832715
    outer loop
      vertex 17.3569 42.119 9
      vertex 14.1746 40.1837 6.52892
      vertex 14.1976 40.145 6.52662
    endloop
  endfacet
  facet normal -0.45356 -0.317492 0.832756
    outer loop
      vertex 14.1746 40.1837 6.52892
      vertex 17.3569 42.119 9
      vertex 14.0143 40.4127 6.52892
    endloop
  endfacet
  facet normal -0.0637994 -0.7288 0.681748
    outer loop
      vertex 9.82527 43.7093 7.09159
      vertex 11.6667 45.3333 9
      vertex 9.5092 43.7923 7.15074
    endloop
  endfacet
  facet normal -0.0637622 -0.728821 0.681729
    outer loop
      vertex 10.1551 43.6032 7.00901
      vertex 11.6667 45.3333 9
      vertex 9.82527 43.7093 7.09159
    endloop
  endfacet
  facet normal -0.0637515 -0.728826 0.681725
    outer loop
      vertex 11.6667 45.3333 9
      vertex 10.1551 43.6032 7.00901
      vertex 12.6796 45.2447 9
    endloop
  endfacet
  facet normal 0 -0.768272 0.640124
    outer loop
      vertex -11.6667 45.3333 9
      vertex 0 44.814 8.37674
      vertex 11.6667 45.3333 9
    endloop
  endfacet
  facet normal 3.04255e-05 -0.767992 0.64046
    outer loop
      vertex -11.6667 45.3333 9
      vertex -0.282907 44.8065 8.36776
      vertex 0 44.814 8.37674
    endloop
  endfacet
  facet normal 1.6361e-06 -0.768247 0.640154
    outer loop
      vertex -11.6667 45.3333 9
      vertex -2.24896 44.7545 8.30536
      vertex -0.282907 44.8065 8.36776
    endloop
  endfacet
  facet normal 1.5687e-06 -0.768247 0.640153
    outer loop
      vertex -11.6667 45.3333 9
      vertex -4.11978 44.6062 8.12739
      vertex -2.24896 44.7545 8.30536
    endloop
  endfacet
  facet normal 3.44621e-06 -0.768239 0.640163
    outer loop
      vertex -11.6667 45.3333 9
      vertex -4.57513 44.5701 8.08407
      vertex -4.11978 44.6062 8.12739
    endloop
  endfacet
  facet normal 4.47323e-06 -0.768235 0.640168
    outer loop
      vertex -11.6667 45.3333 9
      vertex -6.3658 44.334 7.80075
      vertex -4.57513 44.5701 8.08407
    endloop
  endfacet
  facet normal 4.74119e-05 -0.768142 0.64028
    outer loop
      vertex -11.6667 45.3333 9
      vertex -7.06759 44.2414 7.68971
      vertex -6.3658 44.334 7.80075
    endloop
  endfacet
  facet normal -1.15065e-05 -0.768244 0.640158
    outer loop
      vertex -11.6667 45.3333 9
      vertex -7.96088 44.0771 7.49252
      vertex -7.06759 44.2414 7.68971
    endloop
  endfacet
  facet normal -2.92986e-06 -0.768233 0.64017
    outer loop
      vertex -7.96088 44.0771 7.49252
      vertex -11.6667 45.3333 9
      vertex -9.5092 43.7923 7.15074
    endloop
  endfacet
  facet normal -3.04255e-05 -0.767992 0.64046
    outer loop
      vertex 0.282907 44.8065 8.36776
      vertex 11.6667 45.3333 9
      vertex 0 44.814 8.37674
    endloop
  endfacet
  facet normal -1.6361e-06 -0.768247 0.640154
    outer loop
      vertex 2.24896 44.7545 8.30536
      vertex 11.6667 45.3333 9
      vertex 0.282907 44.8065 8.36776
    endloop
  endfacet
  facet normal -1.5687e-06 -0.768247 0.640153
    outer loop
      vertex 4.11978 44.6062 8.12739
      vertex 11.6667 45.3333 9
      vertex 2.24896 44.7545 8.30536
    endloop
  endfacet
  facet normal -3.44621e-06 -0.768239 0.640163
    outer loop
      vertex 4.57513 44.5701 8.08407
      vertex 11.6667 45.3333 9
      vertex 4.11978 44.6062 8.12739
    endloop
  endfacet
  facet normal -4.47323e-06 -0.768235 0.640168
    outer loop
      vertex 6.3658 44.334 7.80075
      vertex 11.6667 45.3333 9
      vertex 4.57513 44.5701 8.08407
    endloop
  endfacet
  facet normal -4.74119e-05 -0.768142 0.64028
    outer loop
      vertex 7.06759 44.2414 7.68971
      vertex 11.6667 45.3333 9
      vertex 6.3658 44.334 7.80075
    endloop
  endfacet
  facet normal 1.15065e-05 -0.768244 0.640158
    outer loop
      vertex 7.96088 44.0771 7.49252
      vertex 11.6667 45.3333 9
      vertex 7.06759 44.2414 7.68971
    endloop
  endfacet
  facet normal 2.92986e-06 -0.768233 0.64017
    outer loop
      vertex 11.6667 45.3333 9
      vertex 7.96088 44.0771 7.49252
      vertex 9.5092 43.7923 7.15074
    endloop
  endfacet
  facet normal -0.544433 -0.145892 0.82602
    outer loop
      vertex 14.6583 39.1569 6.52662
      vertex 18.1945 39.9646 9
      vertex 17.9313 40.9468 9
    endloop
  endfacet
  facet normal -0.54441 -0.145951 0.826024
    outer loop
      vertex 18.1945 39.9646 9
      vertex 14.7745 38.8256 6.54472
      vertex 14.9091 38.4421 6.56567
    endloop
  endfacet
  facet normal -0.544448 -0.145831 0.826021
    outer loop
      vertex 18.1945 39.9646 9
      vertex 14.6583 39.1569 6.52662
      vertex 14.7745 38.8256 6.54472
    endloop
  endfacet
  facet normal -0.173081 0.645897 0.743546
    outer loop
      vertex 11.2418 20.8886 6.78944
      vertex 12.9646 18.8055 9
      vertex 13.9468 19.0687 9
    endloop
  endfacet
  facet normal -0.173011 0.645936 0.743528
    outer loop
      vertex 12.9646 18.8055 9
      vertex 11.2418 20.8886 6.78944
      vertex 10.6113 20.5821 6.909
    endloop
  endfacet
  facet normal 0.336391 0.480312 0.810026
    outer loop
      vertex -12.3355 21.6368 6.6619
      vertex -15 19.5598 9
      vertex -12.0977 21.4429 6.67812
    endloop
  endfacet
  facet normal 0.336291 0.480416 0.810005
    outer loop
      vertex -15 19.5598 9
      vertex -12.3355 21.6368 6.6619
      vertex -15.119 19.6431 9
    endloop
  endfacet
  facet normal -0.173092 -0.645872 0.743565
    outer loop
      vertex 12.8243 45.2321 9
      vertex 10.6113 43.4179 6.909
      vertex 12.9646 45.1945 9
    endloop
  endfacet
  facet normal -0.173106 -0.645862 0.74357
    outer loop
      vertex 10.6113 43.4179 6.909
      vertex 12.8243 45.2321 9
      vertex 10.3773 43.5317 6.95337
    endloop
  endfacet
  facet normal -0.173081 -0.645897 0.743546
    outer loop
      vertex 12.9646 45.1945 9
      vertex 11.2418 43.1114 6.78944
      vertex 13.9468 44.9313 9
    endloop
  endfacet
  facet normal -0.173011 -0.645936 0.743528
    outer loop
      vertex 11.2418 43.1114 6.78944
      vertex 12.9646 45.1945 9
      vertex 10.6113 43.4179 6.909
    endloop
  endfacet
  facet normal 0.58278 0.0509737 0.811029
    outer loop
      vertex -18.2447 24.3204 9
      vertex -15.0142 25.8576 6.58205
      vertex -15.0844 26.1528 6.61394
    endloop
  endfacet
  facet normal 0.582855 0.0507531 0.810989
    outer loop
      vertex -15.0142 25.8576 6.58205
      vertex -18.2447 24.3204 9
      vertex -18.2321 24.1757 9
    endloop
  endfacet
  facet normal 0.544448 0.145831 0.826021
    outer loop
      vertex -18.1945 24.0354 9
      vertex -14.6583 24.8431 6.52662
      vertex -14.7745 25.1744 6.54472
    endloop
  endfacet
  facet normal 0.54441 0.145951 0.826024
    outer loop
      vertex -18.1945 24.0354 9
      vertex -14.7745 25.1744 6.54472
      vertex -14.9091 25.5579 6.56567
    endloop
  endfacet
  facet normal 0.544433 0.145892 0.82602
    outer loop
      vertex -14.6583 24.8431 6.52662
      vertex -18.1945 24.0354 9
      vertex -17.9313 23.0532 9
    endloop
  endfacet
  facet normal 0.501558 0.233833 0.832923
    outer loop
      vertex -17.5016 22.1316 9
      vertex -14.1976 23.855 6.52662
      vertex -14.3349 24.1495 6.52662
    endloop
  endfacet
  facet normal 0.501486 0.233976 0.832927
    outer loop
      vertex -14.1976 23.855 6.52662
      vertex -17.5016 22.1316 9
      vertex -17.4402 22 9
    endloop
  endfacet
  facet normal 0.399175 -0.399084 0.825464
    outer loop
      vertex -15.9519 43.7736 9
      vertex -13.2896 41.3721 6.55153
      vertex -12.8749 41.8548 6.58436
    endloop
  endfacet
  facet normal 0.399093 -0.399172 0.825461
    outer loop
      vertex -15.9519 43.7736 9
      vertex -13.5752 41.0398 6.52892
      vertex -13.2896 41.3721 6.55153
    endloop
  endfacet
  facet normal 0.399134 -0.399134 0.82546
    outer loop
      vertex -13.5752 41.0398 6.52892
      vertex -15.9519 43.7736 9
      vertex -16.7736 42.9519 9
    endloop
  endfacet
  facet normal -0.262278 -0.56252 0.78408
    outer loop
      vertex 13.9468 44.9313 9
      vertex 11.8547 42.7144 6.70972
      vertex 14.8684 44.5016 9
    endloop
  endfacet
  facet normal -0.262347 -0.562469 0.784093
    outer loop
      vertex 11.8547 42.7144 6.70972
      vertex 13.9468 44.9313 9
      vertex 11.2418 43.1114 6.78944
    endloop
  endfacet
  facet normal -0.2624 -0.562407 0.78412
    outer loop
      vertex 14.8684 44.5016 9
      vertex 12.0977 42.5571 6.67812
      vertex 15 44.4402 9
    endloop
  endfacet
  facet normal -0.262217 -0.562587 0.784052
    outer loop
      vertex 12.0977 42.5571 6.67812
      vertex 14.8684 44.5016 9
      vertex 11.8547 42.7144 6.70972
    endloop
  endfacet
  facet normal -0.501547 0.233853 0.832924
    outer loop
      vertex 14.3349 24.1495 6.52662
      vertex 17.9313 23.0532 9
      vertex 14.6583 24.8431 6.52662
    endloop
  endfacet
  facet normal -0.501549 0.233849 0.832925
    outer loop
      vertex 17.9313 23.0532 9
      vertex 14.3349 24.1495 6.52662
      vertex 17.5016 22.1316 9
    endloop
  endfacet
  facet normal -0.453569 0.317498 0.832748
    outer loop
      vertex 14.1976 23.855 6.52662
      vertex 17.3569 21.881 9
      vertex 17.4402 22 9
    endloop
  endfacet
  facet normal -0.452842 0.318621 0.832715
    outer loop
      vertex 14.1746 23.8163 6.52892
      vertex 17.3569 21.881 9
      vertex 14.1976 23.855 6.52662
    endloop
  endfacet
  facet normal -0.45356 0.317492 0.832756
    outer loop
      vertex 17.3569 21.881 9
      vertex 14.1746 23.8163 6.52892
      vertex 14.0143 23.5873 6.52892
    endloop
  endfacet
  facet normal -0.399134 0.399134 0.82546
    outer loop
      vertex 13.5752 22.9602 6.52892
      vertex 15.9519 20.2264 9
      vertex 16.7736 21.0481 9
    endloop
  endfacet
  facet normal -0.399093 0.399172 0.825461
    outer loop
      vertex 13.2896 22.6279 6.55153
      vertex 15.9519 20.2264 9
      vertex 13.5752 22.9602 6.52892
    endloop
  endfacet
  facet normal -0.399175 0.399084 0.825464
    outer loop
      vertex 15.9519 20.2264 9
      vertex 13.2896 22.6279 6.55153
      vertex 12.8749 22.1452 6.58436
    endloop
  endfacet
  facet normal -0.501549 -0.233849 0.832925
    outer loop
      vertex 14.3349 39.8505 6.52662
      vertex 17.9313 40.9468 9
      vertex 17.5016 41.8684 9
    endloop
  endfacet
  facet normal -0.501547 -0.233853 0.832924
    outer loop
      vertex 17.9313 40.9468 9
      vertex 14.3349 39.8505 6.52662
      vertex 14.6583 39.1569 6.52662
    endloop
  endfacet
  facet normal -0.4535 -0.317597 0.832748
    outer loop
      vertex 16.7736 42.9519 9
      vertex 14.0143 40.4127 6.52892
      vertex 17.3569 42.119 9
    endloop
  endfacet
  facet normal -0.453529 -0.317564 0.832745
    outer loop
      vertex 14.0143 40.4127 6.52892
      vertex 16.7736 42.9519 9
      vertex 13.5752 41.0398 6.52892
    endloop
  endfacet
  facet normal 0.544428 -0.145905 0.82602
    outer loop
      vertex -18.2321 39.8243 9
      vertex -14.9091 38.4421 6.56567
      vertex -18.1945 39.9646 9
    endloop
  endfacet
  facet normal 0.54447 -0.145792 0.826013
    outer loop
      vertex -14.9091 38.4421 6.56567
      vertex -18.2321 39.8243 9
      vertex -15.0142 38.1424 6.58205
    endloop
  endfacet
  facet normal 0.544433 -0.145892 0.82602
    outer loop
      vertex -18.1945 39.9646 9
      vertex -14.6583 39.1569 6.52662
      vertex -17.9313 40.9468 9
    endloop
  endfacet
  facet normal 0.544448 -0.145831 0.826021
    outer loop
      vertex -14.6583 39.1569 6.52662
      vertex -18.1945 39.9646 9
      vertex -14.7745 38.8256 6.54472
    endloop
  endfacet
  facet normal 0.54441 -0.145951 0.826024
    outer loop
      vertex -14.7745 38.8256 6.54472
      vertex -18.1945 39.9646 9
      vertex -14.9091 38.4421 6.56567
    endloop
  endfacet
  facet normal 0.173106 -0.645862 0.74357
    outer loop
      vertex -12.8243 45.2321 9
      vertex -10.6113 43.4179 6.909
      vertex -10.3773 43.5317 6.95337
    endloop
  endfacet
  facet normal 0.173092 -0.645872 0.743565
    outer loop
      vertex -10.6113 43.4179 6.909
      vertex -12.8243 45.2321 9
      vertex -12.9646 45.1945 9
    endloop
  endfacet
  facet normal -0.2624 0.562407 0.78412
    outer loop
      vertex 12.0977 21.4429 6.67812
      vertex 14.8684 19.4984 9
      vertex 15 19.5598 9
    endloop
  endfacet
  facet normal -0.262217 0.562587 0.784052
    outer loop
      vertex 14.8684 19.4984 9
      vertex 12.0977 21.4429 6.67812
      vertex 11.8547 21.2856 6.70972
    endloop
  endfacet
  facet normal 0.45356 -0.317492 0.832756
    outer loop
      vertex -17.3569 42.119 9
      vertex -14.1746 40.1837 6.52892
      vertex -14.0143 40.4127 6.52892
    endloop
  endfacet
  facet normal 0.452842 -0.318621 0.832715
    outer loop
      vertex -17.3569 42.119 9
      vertex -14.1976 40.145 6.52662
      vertex -14.1746 40.1837 6.52892
    endloop
  endfacet
  facet normal 0.453569 -0.317498 0.832748
    outer loop
      vertex -14.1976 40.145 6.52662
      vertex -17.3569 42.119 9
      vertex -17.4402 42 9
    endloop
  endfacet
  facet normal -0.336386 0.480328 0.810018
    outer loop
      vertex 12.8749 22.1452 6.58436
      vertex 15.119 19.6431 9
      vertex 15.9519 20.2264 9
    endloop
  endfacet
  facet normal -0.336377 0.480336 0.810018
    outer loop
      vertex 12.3431 21.6429 6.66138
      vertex 15.119 19.6431 9
      vertex 12.8749 22.1452 6.58436
    endloop
  endfacet
  facet normal -0.333082 0.48397 0.809215
    outer loop
      vertex 15.119 19.6431 9
      vertex 12.3431 21.6429 6.66138
      vertex 12.3355 21.6368 6.6619
    endloop
  endfacet
  facet normal -0.336291 0.480416 0.810005
    outer loop
      vertex 12.3355 21.6368 6.6619
      vertex 15 19.5598 9
      vertex 15.119 19.6431 9
    endloop
  endfacet
  facet normal -0.336391 0.480312 0.810026
    outer loop
      vertex 15 19.5598 9
      vertex 12.3355 21.6368 6.6619
      vertex 12.0977 21.4429 6.67812
    endloop
  endfacet
  facet normal -0.262278 0.56252 0.78408
    outer loop
      vertex 11.8547 21.2856 6.70972
      vertex 13.9468 19.0687 9
      vertex 14.8684 19.4984 9
    endloop
  endfacet
  facet normal -0.262347 0.562469 0.784093
    outer loop
      vertex 13.9468 19.0687 9
      vertex 11.8547 21.2856 6.70972
      vertex 11.2418 20.8886 6.78944
    endloop
  endfacet
  facet normal -0.4535 0.317597 0.832748
    outer loop
      vertex 14.0143 23.5873 6.52892
      vertex 16.7736 21.0481 9
      vertex 17.3569 21.881 9
    endloop
  endfacet
  facet normal -0.453529 0.317564 0.832745
    outer loop
      vertex 16.7736 21.0481 9
      vertex 14.0143 23.5873 6.52892
      vertex 13.5752 22.9602 6.52892
    endloop
  endfacet
  facet normal 0.0634786 -0.728996 0.681568
    outer loop
      vertex -10.3773 43.5317 6.95337
      vertex -12.6796 45.2447 9
      vertex -12.8243 45.2321 9
    endloop
  endfacet
  facet normal 0.0637973 -0.728793 0.681756
    outer loop
      vertex -12.6796 45.2447 9
      vertex -10.3773 43.5317 6.95337
      vertex -10.1551 43.6032 7.00901
    endloop
  endfacet
  facet normal 0.0637515 -0.728826 0.681725
    outer loop
      vertex -10.1551 43.6032 7.00901
      vertex -11.6667 45.3333 9
      vertex -12.6796 45.2447 9
    endloop
  endfacet
  facet normal 0.0637994 -0.7288 0.681748
    outer loop
      vertex -11.6667 45.3333 9
      vertex -9.82527 43.7093 7.09159
      vertex -9.5092 43.7923 7.15074
    endloop
  endfacet
  facet normal 0.0637622 -0.728821 0.681729
    outer loop
      vertex -11.6667 45.3333 9
      vertex -10.1551 43.6032 7.00901
      vertex -9.82527 43.7093 7.09159
    endloop
  endfacet
  facet normal 0.978334 0.207031 3.53417e-05
    outer loop
      vertex -55.1 47.5824 56
      vertex -56.7904 55.5709 53.5
      vertex -56.4289 53.8623 55.3331
    endloop
  endfacet
  facet normal 0.978337 0.207017 -0.000101268
    outer loop
      vertex -55.1 47.5824 56
      vertex -56.4289 53.8623 55.3331
      vertex -56.2973 53.2407 56
    endloop
  endfacet
  facet normal 0.978337 0.20702 0
    outer loop
      vertex -56.7904 55.5709 53.5
      vertex -55.1 47.5824 56
      vertex -55.1 47.5824 14
    endloop
  endfacet
  facet normal 0.978337 0.20702 0
    outer loop
      vertex -56.7904 55.5709 53.5
      vertex -55.1 47.5824 14
      vertex -56.7904 55.5709 14
    endloop
  endfacet
  facet normal -0 0 1
    outer loop
      vertex -47.5625 42.0967 14
      vertex -46.9 41.5077 14
      vertex -46.9 47.5824 14
    endloop
  endfacet
  facet normal 0 0 1
    outer loop
      vertex -46.9 41.5077 14
      vertex -47.5625 42.0967 14
      vertex -46.9033 41.4375 14
    endloop
  endfacet
  facet normal 0 0 1
    outer loop
      vertex -46.9 47.5824 14
      vertex -47.5718 42.1032 14
      vertex -47.5625 42.0967 14
    endloop
  endfacet
  facet normal 0 0 1
    outer loop
      vertex -46.9 47.5824 14
      vertex -48.3261 42.6314 14
      vertex -47.5718 42.1032 14
    endloop
  endfacet
  facet normal -0 0 1
    outer loop
      vertex -49 58 14
      vertex -46.9 47.5824 14
      vertex -44.6956 58 14
    endloop
  endfacet
  facet normal -0 0 1
    outer loop
      vertex -51.4311 57.7873 14
      vertex -46.9 47.5824 14
      vertex -49 58 14
    endloop
  endfacet
  facet normal 0 0 1
    outer loop
      vertex -46.9 47.5824 14
      vertex -49.1606 43.0205 14
      vertex -48.3261 42.6314 14
    endloop
  endfacet
  facet normal 0 0 1
    outer loop
      vertex -46.9 47.5824 14
      vertex -49.1709 43.0253 14
      vertex -49.1606 43.0205 14
    endloop
  endfacet
  facet normal 0 0 1
    outer loop
      vertex -46.9 47.5824 14
      vertex -50.0604 43.2636 14
      vertex -49.1709 43.0253 14
    endloop
  endfacet
  facet normal 0 0 1
    outer loop
      vertex -46.9 47.5824 14
      vertex -50.0714 43.2666 14
      vertex -50.0604 43.2636 14
    endloop
  endfacet
  facet normal 0 -0 1
    outer loop
      vertex -51 43.3478 14
      vertex -46.9 47.5824 14
      vertex -55.1 47.5824 14
    endloop
  endfacet
  facet normal 0 0 1
    outer loop
      vertex -46.9 47.5824 14
      vertex -50.0827 43.2676 14
      vertex -50.0714 43.2666 14
    endloop
  endfacet
  facet normal 0 0 1
    outer loop
      vertex -46.9 47.5824 14
      vertex -51.4311 57.7873 14
      vertex -55.1 47.5824 14
    endloop
  endfacet
  facet normal 0 0 1
    outer loop
      vertex -46.9 47.5824 14
      vertex -51 43.3478 14
      vertex -50.0827 43.2676 14
    endloop
  endfacet
  facet normal 0 0 1
    outer loop
      vertex -51 43.3478 14
      vertex -55.1 47.5824 14
      vertex -51.9173 43.2676 14
    endloop
  endfacet
  facet normal 0 0 1
    outer loop
      vertex -51.9173 43.2676 14
      vertex -55.1 47.5824 14
      vertex -51.9286 43.2666 14
    endloop
  endfacet
  facet normal 0 0 1
    outer loop
      vertex -51.9286 43.2666 14
      vertex -55.1 47.5824 14
      vertex -51.9396 43.2636 14
    endloop
  endfacet
  facet normal 0 0 1
    outer loop
      vertex -51.9396 43.2636 14
      vertex -55.1 47.5824 14
      vertex -52.8291 43.0253 14
    endloop
  endfacet
  facet normal 0 0 1
    outer loop
      vertex -52.8291 43.0253 14
      vertex -55.1 47.5824 14
      vertex -52.8394 43.0205 14
    endloop
  endfacet
  facet normal 0 0 1
    outer loop
      vertex -55.1 47.5824 14
      vertex -51.4311 57.7873 14
      vertex -53.7883 57.1557 14
    endloop
  endfacet
  facet normal 0 0 1
    outer loop
      vertex -52.8394 43.0205 14
      vertex -55.1 47.5824 14
      vertex -53.6739 42.6314 14
    endloop
  endfacet
  facet normal 0 0 1
    outer loop
      vertex -53.6739 42.6314 14
      vertex -55.1 47.5824 14
      vertex -54.4282 42.1032 14
    endloop
  endfacet
  facet normal 0 0 1
    outer loop
      vertex -54.4282 42.1032 14
      vertex -55.1 47.5824 14
      vertex -54.4375 42.0967 14
    endloop
  endfacet
  facet normal 0 0 1
    outer loop
      vertex -55.1 41.5077 14
      vertex -54.4375 42.0967 14
      vertex -55.1 47.5824 14
    endloop
  endfacet
  facet normal -0 0 1
    outer loop
      vertex -56 56.1244 14
      vertex -55.1 47.5824 14
      vertex -53.7883 57.1557 14
    endloop
  endfacet
  facet normal 0 0 1
    outer loop
      vertex -55.1 47.5824 14
      vertex -56 56.1244 14
      vertex -56.7904 55.5709 14
    endloop
  endfacet
  facet normal -0 0 1
    outer loop
      vertex -45.7324 38.9173 14
      vertex -45.6 38 14
      vertex -45.682 38.9377 14
    endloop
  endfacet
  facet normal 0 0 1
    outer loop
      vertex -45.6 38 14
      vertex -45.7324 38.9173 14
      vertex -45.6522 38 14
    endloop
  endfacet
  facet normal 0 0 1
    outer loop
      vertex -45.682 38.9377 14
      vertex -45.7334 38.9286 14
      vertex -45.7324 38.9173 14
    endloop
  endfacet
  facet normal 0 0 1
    outer loop
      vertex -45.682 38.9377 14
      vertex -45.7364 38.9396 14
      vertex -45.7334 38.9286 14
    endloop
  endfacet
  facet normal 0 0 1
    outer loop
      vertex -45.9257 39.8469 14
      vertex -45.7364 38.9396 14
      vertex -45.682 38.9377 14
    endloop
  endfacet
  facet normal 0 0 1
    outer loop
      vertex -45.9257 39.8469 14
      vertex -45.9747 39.8291 14
      vertex -45.7364 38.9396 14
    endloop
  endfacet
  facet normal 0 0 1
    outer loop
      vertex -45.9257 39.8469 14
      vertex -45.9795 39.8394 14
      vertex -45.9747 39.8291 14
    endloop
  endfacet
  facet normal 0 0 1
    outer loop
      vertex -46.3235 40.7 14
      vertex -45.9795 39.8394 14
      vertex -45.9257 39.8469 14
    endloop
  endfacet
  facet normal 0 0 1
    outer loop
      vertex -46.3235 40.7 14
      vertex -46.3686 40.6739 14
      vertex -45.9795 39.8394 14
    endloop
  endfacet
  facet normal -0 0 1
    outer loop
      vertex -46.8968 41.4282 14
      vertex -46.3235 40.7 14
      vertex -46.8634 41.4711 14
    endloop
  endfacet
  facet normal 0 0 1
    outer loop
      vertex -46.3235 40.7 14
      vertex -46.8968 41.4282 14
      vertex -46.3686 40.6739 14
    endloop
  endfacet
  facet normal 0 0 1
    outer loop
      vertex -46.9033 41.4375 14
      vertex -46.8634 41.4711 14
      vertex -46.9 41.5077 14
    endloop
  endfacet
  facet normal 0 0 1
    outer loop
      vertex -46.8634 41.4711 14
      vertex -46.9033 41.4375 14
      vertex -46.8968 41.4282 14
    endloop
  endfacet
  facet normal 0 0 1
    outer loop
      vertex -45.7324 37.0827 14
      vertex -45.6 38 14
      vertex -45.6522 38 14
    endloop
  endfacet
  facet normal 0 0 1
    outer loop
      vertex -45.6 38 14
      vertex -45.7324 37.0827 14
      vertex -45.682 37.0623 14
    endloop
  endfacet
  facet normal -0 0 1
    outer loop
      vertex -45.7334 37.0714 14
      vertex -45.682 37.0623 14
      vertex -45.7324 37.0827 14
    endloop
  endfacet
  facet normal 0 0 1
    outer loop
      vertex -45.7364 37.0604 14
      vertex -45.682 37.0623 14
      vertex -45.7334 37.0714 14
    endloop
  endfacet
  facet normal -0 0 1
    outer loop
      vertex -45.7364 37.0604 14
      vertex -45.9257 36.1531 14
      vertex -45.682 37.0623 14
    endloop
  endfacet
  facet normal -0 0 1
    outer loop
      vertex -45.9747 36.1709 14
      vertex -45.9257 36.1531 14
      vertex -45.7364 37.0604 14
    endloop
  endfacet
  facet normal 0 0 1
    outer loop
      vertex -46.3638 35.3364 14
      vertex -45.9257 36.1531 14
      vertex -45.9747 36.1709 14
    endloop
  endfacet
  facet normal 0 0 1
    outer loop
      vertex -45.9257 36.1531 14
      vertex -46.3638 35.3364 14
      vertex -46.3235 35.3 14
    endloop
  endfacet
  facet normal -0 0 1
    outer loop
      vertex -46.3686 35.3261 14
      vertex -46.3235 35.3 14
      vertex -46.3638 35.3364 14
    endloop
  endfacet
  facet normal -0 0 1
    outer loop
      vertex -46.3752 35.3168 14
      vertex -46.3235 35.3 14
      vertex -46.3686 35.3261 14
    endloop
  endfacet
  facet normal 0 0 1
    outer loop
      vertex -46.3752 35.3168 14
      vertex -46.8634 34.5289 14
      vertex -46.3235 35.3 14
    endloop
  endfacet
  facet normal -0 0 1
    outer loop
      vertex -46.9033 34.5625 14
      vertex -46.8634 34.5289 14
      vertex -46.3752 35.3168 14
    endloop
  endfacet
  facet normal 0 0 1
    outer loop
      vertex -46.9033 34.5625 14
      vertex -47.5289 33.8634 14
      vertex -46.8634 34.5289 14
    endloop
  endfacet
  facet normal -0 0 1
    outer loop
      vertex -47.5625 33.9033 14
      vertex -47.5289 33.8634 14
      vertex -46.9033 34.5625 14
    endloop
  endfacet
  facet normal -0 0 1
    outer loop
      vertex -47.5718 33.8968 14
      vertex -47.5289 33.8634 14
      vertex -47.5625 33.9033 14
    endloop
  endfacet
  facet normal 0 0 1
    outer loop
      vertex -47.5718 33.8968 14
      vertex -48.3 33.3235 14
      vertex -47.5289 33.8634 14
    endloop
  endfacet
  facet normal -0 0 1
    outer loop
      vertex -48.3261 33.3686 14
      vertex -48.3 33.3235 14
      vertex -47.5718 33.8968 14
    endloop
  endfacet
  facet normal 0 0 1
    outer loop
      vertex -49.1606 32.9795 14
      vertex -48.3 33.3235 14
      vertex -48.3261 33.3686 14
    endloop
  endfacet
  facet normal 0 0 1
    outer loop
      vertex -48.3 33.3235 14
      vertex -49.1606 32.9795 14
      vertex -49.1531 32.9257 14
    endloop
  endfacet
  facet normal -0 0 1
    outer loop
      vertex -49.1709 32.9747 14
      vertex -49.1531 32.9257 14
      vertex -49.1606 32.9795 14
    endloop
  endfacet
  facet normal 0 0 1
    outer loop
      vertex -50.0604 32.7364 14
      vertex -49.1531 32.9257 14
      vertex -49.1709 32.9747 14
    endloop
  endfacet
  facet normal -0 0 1
    outer loop
      vertex -50.0604 32.7364 14
      vertex -50.0623 32.682 14
      vertex -49.1531 32.9257 14
    endloop
  endfacet
  facet normal -0 0 1
    outer loop
      vertex -50.0714 32.7334 14
      vertex -50.0623 32.682 14
      vertex -50.0604 32.7364 14
    endloop
  endfacet
  facet normal 0 0 1
    outer loop
      vertex -50.9887 32.6532 14
      vertex -50.0623 32.682 14
      vertex -50.0714 32.7334 14
    endloop
  endfacet
  facet normal 0 0 1
    outer loop
      vertex -51 32.6 14
      vertex -50.9887 32.6532 14
      vertex -51 32.6522 14
    endloop
  endfacet
  facet normal -0 0 1
    outer loop
      vertex -50.9887 32.6532 14
      vertex -51 32.6 14
      vertex -50.0623 32.682 14
    endloop
  endfacet
  facet normal 0 0 1
    outer loop
      vertex -51.0113 32.6532 14
      vertex -51 32.6 14
      vertex -51 32.6522 14
    endloop
  endfacet
  facet normal -0 0 1
    outer loop
      vertex -51.9377 32.682 14
      vertex -51.0113 32.6532 14
      vertex -51.9286 32.7334 14
    endloop
  endfacet
  facet normal 0 0 1
    outer loop
      vertex -51.0113 32.6532 14
      vertex -51.9377 32.682 14
      vertex -51 32.6 14
    endloop
  endfacet
  facet normal 0 0 1
    outer loop
      vertex -51.9396 32.7364 14
      vertex -51.9377 32.682 14
      vertex -51.9286 32.7334 14
    endloop
  endfacet
  facet normal -0 0 1
    outer loop
      vertex -52.8469 32.9257 14
      vertex -51.9396 32.7364 14
      vertex -52.8291 32.9747 14
    endloop
  endfacet
  facet normal 0 0 1
    outer loop
      vertex -51.9396 32.7364 14
      vertex -52.8469 32.9257 14
      vertex -51.9377 32.682 14
    endloop
  endfacet
  facet normal 0 0 1
    outer loop
      vertex -52.8394 32.9795 14
      vertex -52.8469 32.9257 14
      vertex -52.8291 32.9747 14
    endloop
  endfacet
  facet normal -0 0 1
    outer loop
      vertex -53.7 33.3235 14
      vertex -52.8394 32.9795 14
      vertex -53.6739 33.3686 14
    endloop
  endfacet
  facet normal 0 0 1
    outer loop
      vertex -52.8394 32.9795 14
      vertex -53.7 33.3235 14
      vertex -52.8469 32.9257 14
    endloop
  endfacet
  facet normal 0 0 1
    outer loop
      vertex -54.4282 33.8968 14
      vertex -53.7 33.3235 14
      vertex -53.6739 33.3686 14
    endloop
  endfacet
  facet normal 0 0 1
    outer loop
      vertex -54.4711 33.8634 14
      vertex -54.4282 33.8968 14
      vertex -54.4375 33.9033 14
    endloop
  endfacet
  facet normal 0 0 1
    outer loop
      vertex -54.4282 33.8968 14
      vertex -54.4711 33.8634 14
      vertex -53.7 33.3235 14
    endloop
  endfacet
  facet normal 0 0 1
    outer loop
      vertex -55.0967 34.5625 14
      vertex -54.4711 33.8634 14
      vertex -54.4375 33.9033 14
    endloop
  endfacet
  facet normal 0 0 1
    outer loop
      vertex -55.0967 34.5625 14
      vertex -55.1366 34.5289 14
      vertex -54.4711 33.8634 14
    endloop
  endfacet
  facet normal 0 0 1
    outer loop
      vertex -55.6248 35.3168 14
      vertex -55.1366 34.5289 14
      vertex -55.0967 34.5625 14
    endloop
  endfacet
  facet normal 0 0 1
    outer loop
      vertex -55.6765 35.3 14
      vertex -55.6248 35.3168 14
      vertex -55.6314 35.3261 14
    endloop
  endfacet
  facet normal 0 0 1
    outer loop
      vertex -55.6248 35.3168 14
      vertex -55.6765 35.3 14
      vertex -55.1366 34.5289 14
    endloop
  endfacet
  facet normal 0 0 1
    outer loop
      vertex -55.6362 35.3364 14
      vertex -55.6765 35.3 14
      vertex -55.6314 35.3261 14
    endloop
  endfacet
  facet normal -0 0 1
    outer loop
      vertex -56.0743 36.1531 14
      vertex -55.6362 35.3364 14
      vertex -56.0253 36.1709 14
    endloop
  endfacet
  facet normal 0 0 1
    outer loop
      vertex -55.6362 35.3364 14
      vertex -56.0743 36.1531 14
      vertex -55.6765 35.3 14
    endloop
  endfacet
  facet normal 0 0 1
    outer loop
      vertex -56.2636 37.0604 14
      vertex -56.0743 36.1531 14
      vertex -56.0253 36.1709 14
    endloop
  endfacet
  facet normal -0 0 1
    outer loop
      vertex -56.318 37.0623 14
      vertex -56.2636 37.0604 14
      vertex -56.2666 37.0714 14
    endloop
  endfacet
  facet normal 0 0 1
    outer loop
      vertex -56.2636 37.0604 14
      vertex -56.318 37.0623 14
      vertex -56.0743 36.1531 14
    endloop
  endfacet
  facet normal 0 0 1
    outer loop
      vertex -56.2676 37.0827 14
      vertex -56.318 37.0623 14
      vertex -56.2666 37.0714 14
    endloop
  endfacet
  facet normal -0 0 1
    outer loop
      vertex -56.4 38 14
      vertex -56.2676 37.0827 14
      vertex -56.3478 38 14
    endloop
  endfacet
  facet normal 0 0 1
    outer loop
      vertex -56.2676 37.0827 14
      vertex -56.4 38 14
      vertex -56.318 37.0623 14
    endloop
  endfacet
  facet normal 0 0 1
    outer loop
      vertex -54.4375 42.0967 14
      vertex -55.1 41.5077 14
      vertex -55.0967 41.4375 14
    endloop
  endfacet
  facet normal -0 0 1
    outer loop
      vertex -55.1366 41.4711 14
      vertex -55.0967 41.4375 14
      vertex -55.1 41.5077 14
    endloop
  endfacet
  facet normal 0 0 1
    outer loop
      vertex -55.0967 41.4375 14
      vertex -55.1366 41.4711 14
      vertex -55.1032 41.4282 14
    endloop
  endfacet
  facet normal 0 0 1
    outer loop
      vertex -55.6765 40.7 14
      vertex -55.1032 41.4282 14
      vertex -55.1366 41.4711 14
    endloop
  endfacet
  facet normal 0 0 1
    outer loop
      vertex -55.1032 41.4282 14
      vertex -55.6765 40.7 14
      vertex -55.6314 40.6739 14
    endloop
  endfacet
  facet normal 0 0 1
    outer loop
      vertex -55.6765 40.7 14
      vertex -56.0205 39.8394 14
      vertex -55.6314 40.6739 14
    endloop
  endfacet
  facet normal -0 0 1
    outer loop
      vertex -56.0743 39.8469 14
      vertex -56.0205 39.8394 14
      vertex -55.6765 40.7 14
    endloop
  endfacet
  facet normal 0 0 1
    outer loop
      vertex -56.0205 39.8394 14
      vertex -56.0743 39.8469 14
      vertex -56.0253 39.8291 14
    endloop
  endfacet
  facet normal 0 0 1
    outer loop
      vertex -56.0743 39.8469 14
      vertex -56.2636 38.9396 14
      vertex -56.0253 39.8291 14
    endloop
  endfacet
  facet normal 0 0 1
    outer loop
      vertex -56.318 38.9377 14
      vertex -56.2636 38.9396 14
      vertex -56.0743 39.8469 14
    endloop
  endfacet
  facet normal 0 0 1
    outer loop
      vertex -56.2636 38.9396 14
      vertex -56.318 38.9377 14
      vertex -56.2666 38.9286 14
    endloop
  endfacet
  facet normal 0 0 1
    outer loop
      vertex -56.318 38.9377 14
      vertex -56.2676 38.9173 14
      vertex -56.2666 38.9286 14
    endloop
  endfacet
  facet normal 0 0 1
    outer loop
      vertex -56.4 38 14
      vertex -56.2676 38.9173 14
      vertex -56.318 38.9377 14
    endloop
  endfacet
  facet normal 0 0 1
    outer loop
      vertex -56.2676 38.9173 14
      vertex -56.4 38 14
      vertex -56.3478 38 14
    endloop
  endfacet
  facet normal -0.978337 0.207019 0
    outer loop
      vertex -46.9 47.5824 14
      vertex -44.6956 58 26.7272
      vertex -44.6956 58 14
    endloop
  endfacet
  facet normal -0.978339 0.207008 9.98442e-06
    outer loop
      vertex -44.6956 58 26.7272
      vertex -46.9 47.5824 14
      vertex -44.9649 56.7272 28
    endloop
  endfacet
  facet normal -0.978336 0.207022 0
    outer loop
      vertex -46.9 47.5824 56
      vertex -44.9649 56.7272 28
      vertex -46.9 47.5824 14
    endloop
  endfacet
  facet normal -0.978336 0.207023 6.36087e-08
    outer loop
      vertex -44.9649 56.7272 28
      vertex -46.9 47.5824 56
      vertex -45.1611 55.8 56
    endloop
  endfacet
  facet normal -0.978341 0.206998 0
    outer loop
      vertex -44.9649 56.7272 28
      vertex -44.6956 58 53.5
      vertex -44.6956 58 29.2728
    endloop
  endfacet
  facet normal -0.978339 0.207007 -4.68689e-07
    outer loop
      vertex -44.6956 58 53.5
      vertex -44.9649 56.7272 28
      vertex -45.1611 55.8 56
    endloop
  endfacet
  facet normal 1 -0 0
    outer loop
      vertex -55.1 41.5077 56
      vertex -55.1 47.5824 14
      vertex -55.1 47.5824 56
    endloop
  endfacet
  facet normal 1 0 0
    outer loop
      vertex -55.1 47.5824 14
      vertex -55.1 41.5077 56
      vertex -55.1 41.5077 14
    endloop
  endfacet
  facet normal -1 0 0
    outer loop
      vertex -46.9 41.5077 14
      vertex -46.9 47.5824 56
      vertex -46.9 47.5824 14
    endloop
  endfacet
  facet normal -1 -0 0
    outer loop
      vertex -46.9 47.5824 56
      vertex -46.9 41.5077 14
      vertex -46.9 41.5077 56
    endloop
  endfacet
  facet normal -0.965904 -0.258899 0
    outer loop
      vertex -45.682 38.9377 14
      vertex -45.9257 39.8469 56
      vertex -45.9257 39.8469 14
    endloop
  endfacet
  facet normal -0.965904 -0.258899 0
    outer loop
      vertex -45.9257 39.8469 56
      vertex -45.682 38.9377 14
      vertex -45.682 38.9377 56
    endloop
  endfacet
  facet normal -0.996198 -0.0871156 0
    outer loop
      vertex -45.6 38 14
      vertex -45.682 38.9377 56
      vertex -45.682 38.9377 14
    endloop
  endfacet
  facet normal -0.996198 -0.0871156 0
    outer loop
      vertex -45.682 38.9377 56
      vertex -45.6 38 14
      vertex -45.6 38 56
    endloop
  endfacet
  facet normal -0.906311 -0.422612 0
    outer loop
      vertex -45.9257 39.8469 14
      vertex -46.3235 40.7 56
      vertex -46.3235 40.7 14
    endloop
  endfacet
  facet normal -0.906311 -0.422612 0
    outer loop
      vertex -46.3235 40.7 56
      vertex -45.9257 39.8469 14
      vertex -45.9257 39.8469 56
    endloop
  endfacet
  facet normal -0.422612 0.906311 0
    outer loop
      vertex -48.3 33.3235 14
      vertex -49.1531 32.9257 56
      vertex -48.3 33.3235 56
    endloop
  endfacet
  facet normal -0.422612 0.906311 0
    outer loop
      vertex -49.1531 32.9257 56
      vertex -48.3 33.3235 14
      vertex -49.1531 32.9257 14
    endloop
  endfacet
  facet normal -0.906311 0.422612 0
    outer loop
      vertex -46.3235 35.3 14
      vertex -45.9257 36.1531 56
      vertex -45.9257 36.1531 14
    endloop
  endfacet
  facet normal -0.906311 0.422612 0
    outer loop
      vertex -45.9257 36.1531 56
      vertex -46.3235 35.3 14
      vertex -46.3235 35.3 56
    endloop
  endfacet
  facet normal 0.819167 -0.573555 0
    outer loop
      vertex -55.6765 40.7 56
      vertex -55.1366 41.4711 14
      vertex -55.1366 41.4711 56
    endloop
  endfacet
  facet normal 0.819167 -0.573555 0
    outer loop
      vertex -55.1366 41.4711 14
      vertex -55.6765 40.7 56
      vertex -55.6765 40.7 14
    endloop
  endfacet
  facet normal 0.965904 -0.258899 0
    outer loop
      vertex -56.318 38.9377 56
      vertex -56.0743 39.8469 14
      vertex -56.0743 39.8469 56
    endloop
  endfacet
  facet normal 0.965904 -0.258899 0
    outer loop
      vertex -56.0743 39.8469 14
      vertex -56.318 38.9377 56
      vertex -56.318 38.9377 14
    endloop
  endfacet
  facet normal 0.906311 -0.422612 0
    outer loop
      vertex -56.0743 39.8469 56
      vertex -55.6765 40.7 14
      vertex -55.6765 40.7 56
    endloop
  endfacet
  facet normal 0.906311 -0.422612 0
    outer loop
      vertex -55.6765 40.7 14
      vertex -56.0743 39.8469 56
      vertex -56.0743 39.8469 14
    endloop
  endfacet
  facet normal 0.707107 -0.707107 0
    outer loop
      vertex -55.1366 41.4711 14
      vertex -55.1 41.5077 56
      vertex -55.1366 41.4711 56
    endloop
  endfacet
  facet normal 0.707107 -0.707107 0
    outer loop
      vertex -55.1 41.5077 56
      vertex -55.1366 41.4711 14
      vertex -55.1 41.5077 14
    endloop
  endfacet
  facet normal 0.422612 0.906311 -0
    outer loop
      vertex -52.8469 32.9257 14
      vertex -53.7 33.3235 56
      vertex -52.8469 32.9257 56
    endloop
  endfacet
  facet normal 0.422612 0.906311 0
    outer loop
      vertex -53.7 33.3235 56
      vertex -52.8469 32.9257 14
      vertex -53.7 33.3235 14
    endloop
  endfacet
  facet normal -0.0871156 0.996198 0
    outer loop
      vertex -50.0623 32.682 14
      vertex -51 32.6 56
      vertex -50.0623 32.682 56
    endloop
  endfacet
  facet normal -0.0871156 0.996198 0
    outer loop
      vertex -51 32.6 56
      vertex -50.0623 32.682 14
      vertex -51 32.6 14
    endloop
  endfacet
  facet normal -0.258899 0.965904 0
    outer loop
      vertex -49.1531 32.9257 14
      vertex -50.0623 32.682 56
      vertex -49.1531 32.9257 56
    endloop
  endfacet
  facet normal -0.258899 0.965904 0
    outer loop
      vertex -50.0623 32.682 56
      vertex -49.1531 32.9257 14
      vertex -50.0623 32.682 14
    endloop
  endfacet
  facet normal -0.819167 -0.573555 0
    outer loop
      vertex -46.3235 40.7 14
      vertex -46.8634 41.4711 56
      vertex -46.8634 41.4711 14
    endloop
  endfacet
  facet normal -0.819167 -0.573555 0
    outer loop
      vertex -46.8634 41.4711 56
      vertex -46.3235 40.7 14
      vertex -46.3235 40.7 56
    endloop
  endfacet
  facet normal 0.819167 0.573555 0
    outer loop
      vertex -55.1366 34.5289 56
      vertex -55.6765 35.3 14
      vertex -55.6765 35.3 56
    endloop
  endfacet
  facet normal 0.819167 0.573555 0
    outer loop
      vertex -55.6765 35.3 14
      vertex -55.1366 34.5289 56
      vertex -55.1366 34.5289 14
    endloop
  endfacet
  facet normal -0.996198 0.0871156 0
    outer loop
      vertex -45.682 37.0623 14
      vertex -45.6 38 56
      vertex -45.6 38 14
    endloop
  endfacet
  facet normal -0.996198 0.0871156 0
    outer loop
      vertex -45.6 38 56
      vertex -45.682 37.0623 14
      vertex -45.682 37.0623 56
    endloop
  endfacet
  facet normal -0.819167 0.573555 0
    outer loop
      vertex -46.8634 34.5289 14
      vertex -46.3235 35.3 56
      vertex -46.3235 35.3 14
    endloop
  endfacet
  facet normal -0.819167 0.573555 0
    outer loop
      vertex -46.3235 35.3 56
      vertex -46.8634 34.5289 14
      vertex -46.8634 34.5289 56
    endloop
  endfacet
  facet normal 0.0871156 0.996198 -0
    outer loop
      vertex -51 32.6 14
      vertex -51.9377 32.682 56
      vertex -51 32.6 56
    endloop
  endfacet
  facet normal 0.0871156 0.996198 0
    outer loop
      vertex -51.9377 32.682 56
      vertex -51 32.6 14
      vertex -51.9377 32.682 14
    endloop
  endfacet
  facet normal -0.707107 0.707107 0
    outer loop
      vertex -47.5289 33.8634 14
      vertex -46.8634 34.5289 56
      vertex -46.8634 34.5289 14
    endloop
  endfacet
  facet normal -0.707107 0.707107 0
    outer loop
      vertex -46.8634 34.5289 56
      vertex -47.5289 33.8634 14
      vertex -47.5289 33.8634 56
    endloop
  endfacet
  facet normal 0.906311 0.422612 0
    outer loop
      vertex -55.6765 35.3 56
      vertex -56.0743 36.1531 14
      vertex -56.0743 36.1531 56
    endloop
  endfacet
  facet normal 0.906311 0.422612 0
    outer loop
      vertex -56.0743 36.1531 14
      vertex -55.6765 35.3 56
      vertex -55.6765 35.3 14
    endloop
  endfacet
  facet normal 0.965904 0.258899 0
    outer loop
      vertex -56.0743 36.1531 56
      vertex -56.318 37.0623 14
      vertex -56.318 37.0623 56
    endloop
  endfacet
  facet normal 0.965904 0.258899 0
    outer loop
      vertex -56.318 37.0623 14
      vertex -56.0743 36.1531 56
      vertex -56.0743 36.1531 14
    endloop
  endfacet
  facet normal -0.573555 0.819167 0
    outer loop
      vertex -47.5289 33.8634 14
      vertex -48.3 33.3235 56
      vertex -47.5289 33.8634 56
    endloop
  endfacet
  facet normal -0.573555 0.819167 0
    outer loop
      vertex -48.3 33.3235 56
      vertex -47.5289 33.8634 14
      vertex -48.3 33.3235 14
    endloop
  endfacet
  facet normal 0.996198 -0.0871156 0
    outer loop
      vertex -56.4 38 56
      vertex -56.318 38.9377 14
      vertex -56.318 38.9377 56
    endloop
  endfacet
  facet normal 0.996198 -0.0871156 0
    outer loop
      vertex -56.318 38.9377 14
      vertex -56.4 38 56
      vertex -56.4 38 14
    endloop
  endfacet
  facet normal -0.965904 0.258899 0
    outer loop
      vertex -45.9257 36.1531 14
      vertex -45.682 37.0623 56
      vertex -45.682 37.0623 14
    endloop
  endfacet
  facet normal -0.965904 0.258899 0
    outer loop
      vertex -45.682 37.0623 56
      vertex -45.9257 36.1531 14
      vertex -45.9257 36.1531 56
    endloop
  endfacet
  facet normal 0.573555 0.819167 -0
    outer loop
      vertex -53.7 33.3235 14
      vertex -54.4711 33.8634 56
      vertex -53.7 33.3235 56
    endloop
  endfacet
  facet normal 0.573555 0.819167 0
    outer loop
      vertex -54.4711 33.8634 56
      vertex -53.7 33.3235 14
      vertex -54.4711 33.8634 14
    endloop
  endfacet
  facet normal 0.258899 0.965904 -0
    outer loop
      vertex -51.9377 32.682 14
      vertex -52.8469 32.9257 56
      vertex -51.9377 32.682 56
    endloop
  endfacet
  facet normal 0.258899 0.965904 0
    outer loop
      vertex -52.8469 32.9257 56
      vertex -51.9377 32.682 14
      vertex -52.8469 32.9257 14
    endloop
  endfacet
  facet normal -0.707107 -0.707107 0
    outer loop
      vertex -46.9 41.5077 14
      vertex -46.8634 41.4711 56
      vertex -46.9 41.5077 56
    endloop
  endfacet
  facet normal -0.707107 -0.707107 -0
    outer loop
      vertex -46.8634 41.4711 56
      vertex -46.9 41.5077 14
      vertex -46.8634 41.4711 14
    endloop
  endfacet
  facet normal 0.996198 0.0871156 0
    outer loop
      vertex -56.318 37.0623 56
      vertex -56.4 38 14
      vertex -56.4 38 56
    endloop
  endfacet
  facet normal 0.996198 0.0871156 0
    outer loop
      vertex -56.4 38 14
      vertex -56.318 37.0623 56
      vertex -56.318 37.0623 14
    endloop
  endfacet
  facet normal 0.707107 0.707107 0
    outer loop
      vertex -54.4711 33.8634 56
      vertex -55.1366 34.5289 14
      vertex -55.1366 34.5289 56
    endloop
  endfacet
  facet normal 0.707107 0.707107 0
    outer loop
      vertex -55.1366 34.5289 14
      vertex -54.4711 33.8634 56
      vertex -54.4711 33.8634 14
    endloop
  endfacet
  facet normal 0.804184 -0.374965 0.461182
    outer loop
      vertex -53.5981 39.5 9.5
      vertex -55.6314 40.6739 14
      vertex -56.0205 39.8394 14
    endloop
  endfacet
  facet normal 0.374965 -0.804184 0.461182
    outer loop
      vertex -52.5 40.5981 9.5
      vertex -52.8394 43.0205 14
      vertex -53.6739 42.6314 14
    endloop
  endfacet
  facet normal -0.233535 0.856297 0.46067
    outer loop
      vertex -49.9739 35.1809 9.5
      vertex -50.0714 32.7334 14
      vertex -50.0604 32.7364 14
    endloop
  endfacet
  facet normal -0.229543 0.857096 0.461191
    outer loop
      vertex -50.0714 32.7334 14
      vertex -49.9739 35.1809 9.5
      vertex -50.4791 35.0456 9.5
    endloop
  endfacet
  facet normal -0.883935 -0.0772829 0.461179
    outer loop
      vertex -45.6522 38 14
      vertex -45.7324 38.9173 14
      vertex -48 38 9.5
    endloop
  endfacet
  facet normal -0.883832 -0.0782152 0.461219
    outer loop
      vertex -48.0456 38.5209 9.5
      vertex -45.7324 38.9173 14
      vertex -45.7334 38.9286 14
    endloop
  endfacet
  facet normal -0.883921 -0.0773791 0.461191
    outer loop
      vertex -45.7324 38.9173 14
      vertex -48.0456 38.5209 9.5
      vertex -48 38 9.5
    endloop
  endfacet
  facet normal 0.883935 0.0772829 0.461179
    outer loop
      vertex -56.2676 37.0827 14
      vertex -54 38 9.5
      vertex -56.3478 38 14
    endloop
  endfacet
  facet normal -0.374965 0.804184 0.461182
    outer loop
      vertex -49.1606 32.9795 14
      vertex -48.3261 33.3686 14
      vertex -49.5 35.4019 9.5
    endloop
  endfacet
  facet normal -0.883921 0.0773791 0.461191
    outer loop
      vertex -48.0456 37.4791 9.5
      vertex -45.7324 37.0827 14
      vertex -48 38 9.5
    endloop
  endfacet
  facet normal -0.883832 0.0782152 0.461219
    outer loop
      vertex -45.7324 37.0827 14
      vertex -48.0456 37.4791 9.5
      vertex -45.7334 37.0714 14
    endloop
  endfacet
  facet normal 0.0782186 0.883871 0.461145
    outer loop
      vertex -51 35 9.5
      vertex -51.0113 32.6532 14
      vertex -51 32.6522 14
    endloop
  endfacet
  facet normal 0.0773799 0.88393 0.461173
    outer loop
      vertex -51.0113 32.6532 14
      vertex -51 35 9.5
      vertex -51.5209 35.0456 9.5
    endloop
  endfacet
  facet normal -0.229616 0.857085 0.461174
    outer loop
      vertex -49.1709 32.9747 14
      vertex -49.9739 35.1809 9.5
      vertex -50.0604 32.7364 14
    endloop
  endfacet
  facet normal 0.857085 0.229616 0.461174
    outer loop
      vertex -56.0253 36.1709 14
      vertex -53.8191 36.9739 9.5
      vertex -56.2636 37.0604 14
    endloop
  endfacet
  facet normal -0.857085 0.229616 0.461174
    outer loop
      vertex -45.9747 36.1709 14
      vertex -45.7364 37.0604 14
      vertex -48.1809 36.9739 9.5
    endloop
  endfacet
  facet normal 0.0782152 -0.883832 0.461219
    outer loop
      vertex -51.5209 40.9544 9.5
      vertex -51.9173 43.2676 14
      vertex -51.9286 43.2666 14
    endloop
  endfacet
  facet normal 0.0773791 -0.883921 0.461191
    outer loop
      vertex -51.9173 43.2676 14
      vertex -51.5209 40.9544 9.5
      vertex -51 41 9.5
    endloop
  endfacet
  facet normal -0.726814 0.508973 0.461181
    outer loop
      vertex -48.7019 36.0716 9.5
      vertex -46.3686 35.3261 14
      vertex -48.4019 36.5 9.5
    endloop
  endfacet
  facet normal -0.723908 0.513741 0.460464
    outer loop
      vertex -46.3686 35.3261 14
      vertex -48.7019 36.0716 9.5
      vertex -46.3752 35.3168 14
    endloop
  endfacet
  facet normal 0.726868 0.508895 0.461182
    outer loop
      vertex -55.0967 34.5625 14
      vertex -53.2981 36.0716 9.5
      vertex -55.6248 35.3168 14
    endloop
  endfacet
  facet normal -0.62742 0.62742 0.461182
    outer loop
      vertex -49.0716 35.7019 9.5
      vertex -46.9033 34.5625 14
      vertex -48.7019 36.0716 9.5
    endloop
  endfacet
  facet normal -0.62742 0.62742 0.461182
    outer loop
      vertex -46.9033 34.5625 14
      vertex -49.0716 35.7019 9.5
      vertex -47.5625 33.9033 14
    endloop
  endfacet
  facet normal 0.883935 -0.0772829 0.461179
    outer loop
      vertex -54 38 9.5
      vertex -56.2676 38.9173 14
      vertex -56.3478 38 14
    endloop
  endfacet
  facet normal -0.857096 0.229543 0.461191
    outer loop
      vertex -48.1809 36.9739 9.5
      vertex -45.7334 37.0714 14
      vertex -48.0456 37.4791 9.5
    endloop
  endfacet
  facet normal -0.856297 0.233535 0.46067
    outer loop
      vertex -45.7334 37.0714 14
      vertex -48.1809 36.9739 9.5
      vertex -45.7364 37.0604 14
    endloop
  endfacet
  facet normal 0.883921 0.0773791 0.461191
    outer loop
      vertex -56.2676 37.0827 14
      vertex -53.9544 37.4791 9.5
      vertex -54 38 9.5
    endloop
  endfacet
  facet normal 0.883832 0.0782152 0.461219
    outer loop
      vertex -53.9544 37.4791 9.5
      vertex -56.2676 37.0827 14
      vertex -56.2666 37.0714 14
    endloop
  endfacet
  facet normal 0.80425 -0.374796 0.461205
    outer loop
      vertex -56.0253 39.8291 14
      vertex -53.5981 39.5 9.5
      vertex -56.0205 39.8394 14
    endloop
  endfacet
  facet normal 0.804164 -0.375017 0.461175
    outer loop
      vertex -53.5981 39.5 9.5
      vertex -56.0253 39.8291 14
      vertex -53.8191 39.0261 9.5
    endloop
  endfacet
  facet normal -0.726868 0.508895 0.461182
    outer loop
      vertex -46.9033 34.5625 14
      vertex -46.3752 35.3168 14
      vertex -48.7019 36.0716 9.5
    endloop
  endfacet
  facet normal -0.883935 0.0772829 0.461179
    outer loop
      vertex -45.7324 37.0827 14
      vertex -45.6522 38 14
      vertex -48 38 9.5
    endloop
  endfacet
  facet normal 0.229543 0.857096 0.461191
    outer loop
      vertex -52.0261 35.1809 9.5
      vertex -51.9286 32.7334 14
      vertex -51.5209 35.0456 9.5
    endloop
  endfacet
  facet normal 0.233535 0.856297 0.46067
    outer loop
      vertex -51.9286 32.7334 14
      vertex -52.0261 35.1809 9.5
      vertex -51.9396 32.7364 14
    endloop
  endfacet
  facet normal 0.727287 -0.508319 0.461156
    outer loop
      vertex -55.1032 41.4282 14
      vertex -53.2981 39.9284 9.5
      vertex -55.0967 41.4375 14
    endloop
  endfacet
  facet normal 0.726813 -0.508972 0.461184
    outer loop
      vertex -53.2981 39.9284 9.5
      vertex -55.1032 41.4282 14
      vertex -53.5981 39.5 9.5
    endloop
  endfacet
  facet normal -0.804187 0.374966 0.461177
    outer loop
      vertex -46.3638 35.3364 14
      vertex -45.9747 36.1709 14
      vertex -48.1809 36.9739 9.5
    endloop
  endfacet
  facet normal 0.804187 0.374966 0.461177
    outer loop
      vertex -55.6362 35.3364 14
      vertex -53.8191 36.9739 9.5
      vertex -56.0253 36.1709 14
    endloop
  endfacet
  facet normal -0.508319 0.727287 0.461156
    outer loop
      vertex -49.0716 35.7019 9.5
      vertex -47.5718 33.8968 14
      vertex -47.5625 33.9033 14
    endloop
  endfacet
  facet normal -0.508972 0.726813 0.461184
    outer loop
      vertex -47.5718 33.8968 14
      vertex -49.0716 35.7019 9.5
      vertex -49.5 35.4019 9.5
    endloop
  endfacet
  facet normal 0.508959 0.726823 0.461182
    outer loop
      vertex -53.6739 33.3686 14
      vertex -52.5 35.4019 9.5
      vertex -54.4282 33.8968 14
    endloop
  endfacet
  facet normal -0.726823 -0.508959 0.461182
    outer loop
      vertex -46.3686 40.6739 14
      vertex -46.8968 41.4282 14
      vertex -48.4019 39.5 9.5
    endloop
  endfacet
  facet normal -0.80416 0.375015 0.461184
    outer loop
      vertex -48.4019 36.5 9.5
      vertex -46.3638 35.3364 14
      vertex -48.1809 36.9739 9.5
    endloop
  endfacet
  facet normal -0.804264 0.374803 0.461176
    outer loop
      vertex -46.3638 35.3364 14
      vertex -48.4019 36.5 9.5
      vertex -46.3686 35.3261 14
    endloop
  endfacet
  facet normal 0.856297 0.233535 0.46067
    outer loop
      vertex -53.8191 36.9739 9.5
      vertex -56.2666 37.0714 14
      vertex -56.2636 37.0604 14
    endloop
  endfacet
  facet normal 0.857096 0.229543 0.461191
    outer loop
      vertex -56.2666 37.0714 14
      vertex -53.8191 36.9739 9.5
      vertex -53.9544 37.4791 9.5
    endloop
  endfacet
  facet normal 0.857085 -0.229616 0.461174
    outer loop
      vertex -53.8191 39.0261 9.5
      vertex -56.0253 39.8291 14
      vertex -56.2636 38.9396 14
    endloop
  endfacet
  facet normal 0.883832 -0.0782152 0.461219
    outer loop
      vertex -56.2676 38.9173 14
      vertex -53.9544 38.5209 9.5
      vertex -56.2666 38.9286 14
    endloop
  endfacet
  facet normal 0.883921 -0.0773791 0.461191
    outer loop
      vertex -53.9544 38.5209 9.5
      vertex -56.2676 38.9173 14
      vertex -54 38 9.5
    endloop
  endfacet
  facet normal -0.80425 -0.374796 0.461205
    outer loop
      vertex -48.4019 39.5 9.5
      vertex -45.9747 39.8291 14
      vertex -45.9795 39.8394 14
    endloop
  endfacet
  facet normal -0.804164 -0.375017 0.461175
    outer loop
      vertex -45.9747 39.8291 14
      vertex -48.4019 39.5 9.5
      vertex -48.1809 39.0261 9.5
    endloop
  endfacet
  facet normal 0.233535 -0.856297 0.46067
    outer loop
      vertex -52.0261 40.8191 9.5
      vertex -51.9286 43.2666 14
      vertex -51.9396 43.2636 14
    endloop
  endfacet
  facet normal 0.229543 -0.857096 0.461191
    outer loop
      vertex -51.9286 43.2666 14
      vertex -52.0261 40.8191 9.5
      vertex -51.5209 40.9544 9.5
    endloop
  endfacet
  facet normal 0.375017 0.804164 0.461175
    outer loop
      vertex -52.5 35.4019 9.5
      vertex -52.8291 32.9747 14
      vertex -52.0261 35.1809 9.5
    endloop
  endfacet
  facet normal 0.374796 0.80425 0.461205
    outer loop
      vertex -52.8291 32.9747 14
      vertex -52.5 35.4019 9.5
      vertex -52.8394 32.9795 14
    endloop
  endfacet
  facet normal 0.374965 0.804184 0.461182
    outer loop
      vertex -52.8394 32.9795 14
      vertex -52.5 35.4019 9.5
      vertex -53.6739 33.3686 14
    endloop
  endfacet
  facet normal -0.0772829 -0.883935 0.461179
    outer loop
      vertex -50.0827 43.2676 14
      vertex -51 43.3478 14
      vertex -51 41 9.5
    endloop
  endfacet
  facet normal 0.508972 0.726813 0.461184
    outer loop
      vertex -52.9284 35.7019 9.5
      vertex -54.4282 33.8968 14
      vertex -52.5 35.4019 9.5
    endloop
  endfacet
  facet normal 0.508319 0.727287 0.461156
    outer loop
      vertex -54.4282 33.8968 14
      vertex -52.9284 35.7019 9.5
      vertex -54.4375 33.9033 14
    endloop
  endfacet
  facet normal -0.375017 -0.804164 0.461175
    outer loop
      vertex -49.5 40.5981 9.5
      vertex -49.1709 43.0253 14
      vertex -49.9739 40.8191 9.5
    endloop
  endfacet
  facet normal -0.374796 -0.80425 0.461205
    outer loop
      vertex -49.1709 43.0253 14
      vertex -49.5 40.5981 9.5
      vertex -49.1606 43.0205 14
    endloop
  endfacet
  facet normal 0.229616 0.857085 0.461174
    outer loop
      vertex -51.9396 32.7364 14
      vertex -52.0261 35.1809 9.5
      vertex -52.8291 32.9747 14
    endloop
  endfacet
  facet normal -0.374796 0.80425 0.461205
    outer loop
      vertex -49.5 35.4019 9.5
      vertex -49.1709 32.9747 14
      vertex -49.1606 32.9795 14
    endloop
  endfacet
  facet normal -0.375017 0.804164 0.461175
    outer loop
      vertex -49.1709 32.9747 14
      vertex -49.5 35.4019 9.5
      vertex -49.9739 35.1809 9.5
    endloop
  endfacet
  facet normal -0.508959 0.726823 0.461182
    outer loop
      vertex -48.3261 33.3686 14
      vertex -47.5718 33.8968 14
      vertex -49.5 35.4019 9.5
    endloop
  endfacet
  facet normal 0.508959 -0.726823 0.461182
    outer loop
      vertex -52.5 40.5981 9.5
      vertex -53.6739 42.6314 14
      vertex -54.4282 42.1032 14
    endloop
  endfacet
  facet normal 0.0772829 -0.883935 0.461179
    outer loop
      vertex -51 41 9.5
      vertex -51 43.3478 14
      vertex -51.9173 43.2676 14
    endloop
  endfacet
  facet normal 0.856297 -0.233535 0.46067
    outer loop
      vertex -56.2666 38.9286 14
      vertex -53.8191 39.0261 9.5
      vertex -56.2636 38.9396 14
    endloop
  endfacet
  facet normal 0.857096 -0.229543 0.461191
    outer loop
      vertex -53.8191 39.0261 9.5
      vertex -56.2666 38.9286 14
      vertex -53.9544 38.5209 9.5
    endloop
  endfacet
  facet normal 0.229616 -0.857085 0.461174
    outer loop
      vertex -52.0261 40.8191 9.5
      vertex -51.9396 43.2636 14
      vertex -52.8291 43.0253 14
    endloop
  endfacet
  facet normal -0.0773799 0.88393 0.461173
    outer loop
      vertex -51 35 9.5
      vertex -50.9887 32.6532 14
      vertex -50.4791 35.0456 9.5
    endloop
  endfacet
  facet normal -0.0782186 0.883871 0.461145
    outer loop
      vertex -50.9887 32.6532 14
      vertex -51 35 9.5
      vertex -51 32.6522 14
    endloop
  endfacet
  facet normal 0.726823 -0.508959 0.461182
    outer loop
      vertex -53.5981 39.5 9.5
      vertex -55.1032 41.4282 14
      vertex -55.6314 40.6739 14
    endloop
  endfacet
  facet normal -0.0773791 -0.883921 0.461191
    outer loop
      vertex -50.4791 40.9544 9.5
      vertex -50.0827 43.2676 14
      vertex -51 41 9.5
    endloop
  endfacet
  facet normal -0.0782152 -0.883832 0.461219
    outer loop
      vertex -50.0827 43.2676 14
      vertex -50.4791 40.9544 9.5
      vertex -50.0714 43.2666 14
    endloop
  endfacet
  facet normal -0.229616 -0.857085 0.461174
    outer loop
      vertex -49.9739 40.8191 9.5
      vertex -49.1709 43.0253 14
      vertex -50.0604 43.2636 14
    endloop
  endfacet
  facet normal 0.726814 0.508973 0.461181
    outer loop
      vertex -55.6314 35.3261 14
      vertex -53.2981 36.0716 9.5
      vertex -53.5981 36.5 9.5
    endloop
  endfacet
  facet normal 0.723908 0.513741 0.460464
    outer loop
      vertex -53.2981 36.0716 9.5
      vertex -55.6314 35.3261 14
      vertex -55.6248 35.3168 14
    endloop
  endfacet
  facet normal 0.80416 0.375015 0.461184
    outer loop
      vertex -55.6362 35.3364 14
      vertex -53.5981 36.5 9.5
      vertex -53.8191 36.9739 9.5
    endloop
  endfacet
  facet normal 0.804264 0.374803 0.461176
    outer loop
      vertex -53.5981 36.5 9.5
      vertex -55.6362 35.3364 14
      vertex -55.6314 35.3261 14
    endloop
  endfacet
  facet normal 0.0772826 0.883932 0.461186
    outer loop
      vertex -51.0113 32.6532 14
      vertex -51.5209 35.0456 9.5
      vertex -51.9286 32.7334 14
    endloop
  endfacet
  facet normal -0.0772826 0.883932 0.461186
    outer loop
      vertex -50.0714 32.7334 14
      vertex -50.4791 35.0456 9.5
      vertex -50.9887 32.6532 14
    endloop
  endfacet
  facet normal -0.508959 -0.726823 0.461182
    outer loop
      vertex -47.5718 42.1032 14
      vertex -48.3261 42.6314 14
      vertex -49.5 40.5981 9.5
    endloop
  endfacet
  facet normal -0.374965 -0.804184 0.461182
    outer loop
      vertex -48.3261 42.6314 14
      vertex -49.1606 43.0205 14
      vertex -49.5 40.5981 9.5
    endloop
  endfacet
  facet normal 0.508319 -0.727287 0.461156
    outer loop
      vertex -52.9284 40.2981 9.5
      vertex -54.4282 42.1032 14
      vertex -54.4375 42.0967 14
    endloop
  endfacet
  facet normal 0.508972 -0.726813 0.461184
    outer loop
      vertex -54.4282 42.1032 14
      vertex -52.9284 40.2981 9.5
      vertex -52.5 40.5981 9.5
    endloop
  endfacet
  facet normal 0.374796 -0.80425 0.461205
    outer loop
      vertex -52.5 40.5981 9.5
      vertex -52.8291 43.0253 14
      vertex -52.8394 43.0205 14
    endloop
  endfacet
  facet normal 0.375017 -0.804164 0.461175
    outer loop
      vertex -52.8291 43.0253 14
      vertex -52.5 40.5981 9.5
      vertex -52.0261 40.8191 9.5
    endloop
  endfacet
  facet normal -0.727287 -0.508319 0.461156
    outer loop
      vertex -48.7019 39.9284 9.5
      vertex -46.8968 41.4282 14
      vertex -46.9033 41.4375 14
    endloop
  endfacet
  facet normal -0.726813 -0.508972 0.461184
    outer loop
      vertex -46.8968 41.4282 14
      vertex -48.7019 39.9284 9.5
      vertex -48.4019 39.5 9.5
    endloop
  endfacet
  facet normal -0.804184 -0.374965 0.461182
    outer loop
      vertex -45.9795 39.8394 14
      vertex -46.3686 40.6739 14
      vertex -48.4019 39.5 9.5
    endloop
  endfacet
  facet normal 0.62742 0.62742 0.461182
    outer loop
      vertex -55.0967 34.5625 14
      vertex -52.9284 35.7019 9.5
      vertex -53.2981 36.0716 9.5
    endloop
  endfacet
  facet normal 0.62742 0.62742 0.461182
    outer loop
      vertex -52.9284 35.7019 9.5
      vertex -55.0967 34.5625 14
      vertex -54.4375 33.9033 14
    endloop
  endfacet
  facet normal -0.229543 -0.857096 0.461191
    outer loop
      vertex -49.9739 40.8191 9.5
      vertex -50.0714 43.2666 14
      vertex -50.4791 40.9544 9.5
    endloop
  endfacet
  facet normal -0.233535 -0.856297 0.46067
    outer loop
      vertex -50.0714 43.2666 14
      vertex -49.9739 40.8191 9.5
      vertex -50.0604 43.2636 14
    endloop
  endfacet
  facet normal 0.62742 -0.62742 0.461182
    outer loop
      vertex -55.0967 41.4375 14
      vertex -52.9284 40.2981 9.5
      vertex -54.4375 42.0967 14
    endloop
  endfacet
  facet normal 0.62742 -0.62742 0.461182
    outer loop
      vertex -52.9284 40.2981 9.5
      vertex -55.0967 41.4375 14
      vertex -53.2981 39.9284 9.5
    endloop
  endfacet
  facet normal -0.508972 -0.726813 0.461184
    outer loop
      vertex -49.0716 40.2981 9.5
      vertex -47.5718 42.1032 14
      vertex -49.5 40.5981 9.5
    endloop
  endfacet
  facet normal -0.508319 -0.727287 0.461156
    outer loop
      vertex -47.5718 42.1032 14
      vertex -49.0716 40.2981 9.5
      vertex -47.5625 42.0967 14
    endloop
  endfacet
  facet normal -0.62742 -0.62742 0.461182
    outer loop
      vertex -49.0716 40.2981 9.5
      vertex -46.9033 41.4375 14
      vertex -47.5625 42.0967 14
    endloop
  endfacet
  facet normal -0.62742 -0.62742 0.461182
    outer loop
      vertex -46.9033 41.4375 14
      vertex -49.0716 40.2981 9.5
      vertex -48.7019 39.9284 9.5
    endloop
  endfacet
  facet normal -0.857085 -0.229616 0.461174
    outer loop
      vertex -45.7364 38.9396 14
      vertex -45.9747 39.8291 14
      vertex -48.1809 39.0261 9.5
    endloop
  endfacet
  facet normal -0.856297 -0.233535 0.46067
    outer loop
      vertex -48.1809 39.0261 9.5
      vertex -45.7334 38.9286 14
      vertex -45.7364 38.9396 14
    endloop
  endfacet
  facet normal -0.857096 -0.229543 0.461191
    outer loop
      vertex -45.7334 38.9286 14
      vertex -48.1809 39.0261 9.5
      vertex -48.0456 38.5209 9.5
    endloop
  endfacet
  facet normal -0.258698 0.965958 0
    outer loop
      vertex -49.9739 35.1809 0
      vertex -50.4791 35.0456 9.5
      vertex -49.9739 35.1809 9.5
    endloop
  endfacet
  facet normal -0.258698 0.965958 0
    outer loop
      vertex -50.4791 35.0456 9.5
      vertex -49.9739 35.1809 0
      vertex -50.4791 35.0456 0
    endloop
  endfacet
  facet normal -0.965958 -0.258698 0
    outer loop
      vertex -48.0456 38.5209 0
      vertex -48.1809 39.0261 9.5
      vertex -48.1809 39.0261 0
    endloop
  endfacet
  facet normal -0.965958 -0.258698 0
    outer loop
      vertex -48.1809 39.0261 9.5
      vertex -48.0456 38.5209 0
      vertex -48.0456 38.5209 9.5
    endloop
  endfacet
  facet normal -0.99619 -0.0872073 0
    outer loop
      vertex -48 38 0
      vertex -48.0456 38.5209 9.5
      vertex -48.0456 38.5209 0
    endloop
  endfacet
  facet normal -0.99619 -0.0872073 0
    outer loop
      vertex -48.0456 38.5209 9.5
      vertex -48 38 0
      vertex -48 38 9.5
    endloop
  endfacet
  facet normal -0.906295 -0.422645 0
    outer loop
      vertex -48.1809 39.0261 0
      vertex -48.4019 39.5 9.5
      vertex -48.4019 39.5 0
    endloop
  endfacet
  facet normal -0.906295 -0.422645 0
    outer loop
      vertex -48.4019 39.5 9.5
      vertex -48.1809 39.0261 0
      vertex -48.1809 39.0261 9.5
    endloop
  endfacet
  facet normal 0.819124 0.573616 0
    outer loop
      vertex -53.2981 36.0716 9.5
      vertex -53.5981 36.5 0
      vertex -53.5981 36.5 9.5
    endloop
  endfacet
  facet normal 0.819124 0.573616 0
    outer loop
      vertex -53.5981 36.5 0
      vertex -53.2981 36.0716 9.5
      vertex -53.2981 36.0716 0
    endloop
  endfacet
  facet normal -0.573616 -0.819124 0
    outer loop
      vertex -49.5 40.5981 0
      vertex -49.0716 40.2981 9.5
      vertex -49.5 40.5981 9.5
    endloop
  endfacet
  facet normal -0.573616 -0.819124 -0
    outer loop
      vertex -49.0716 40.2981 9.5
      vertex -49.5 40.5981 0
      vertex -49.0716 40.2981 0
    endloop
  endfacet
  facet normal -0.573616 0.819124 0
    outer loop
      vertex -49.0716 35.7019 0
      vertex -49.5 35.4019 9.5
      vertex -49.0716 35.7019 9.5
    endloop
  endfacet
  facet normal -0.573616 0.819124 0
    outer loop
      vertex -49.5 35.4019 9.5
      vertex -49.0716 35.7019 0
      vertex -49.5 35.4019 0
    endloop
  endfacet
  facet normal -0.819124 -0.573616 0
    outer loop
      vertex -48.4019 39.5 0
      vertex -48.7019 39.9284 9.5
      vertex -48.7019 39.9284 0
    endloop
  endfacet
  facet normal -0.819124 -0.573616 0
    outer loop
      vertex -48.7019 39.9284 9.5
      vertex -48.4019 39.5 0
      vertex -48.4019 39.5 9.5
    endloop
  endfacet
  facet normal 0.819124 -0.573616 0
    outer loop
      vertex -53.5981 39.5 9.5
      vertex -53.2981 39.9284 0
      vertex -53.2981 39.9284 9.5
    endloop
  endfacet
  facet normal 0.819124 -0.573616 0
    outer loop
      vertex -53.2981 39.9284 0
      vertex -53.5981 39.5 9.5
      vertex -53.5981 39.5 0
    endloop
  endfacet
  facet normal 0.258698 0.965958 -0
    outer loop
      vertex -51.5209 35.0456 0
      vertex -52.0261 35.1809 9.5
      vertex -51.5209 35.0456 9.5
    endloop
  endfacet
  facet normal 0.258698 0.965958 0
    outer loop
      vertex -52.0261 35.1809 9.5
      vertex -51.5209 35.0456 0
      vertex -52.0261 35.1809 0
    endloop
  endfacet
  facet normal 0.0872073 -0.99619 0
    outer loop
      vertex -51.5209 40.9544 0
      vertex -51 41 9.5
      vertex -51.5209 40.9544 9.5
    endloop
  endfacet
  facet normal 0.0872073 -0.99619 0
    outer loop
      vertex -51 41 9.5
      vertex -51.5209 40.9544 0
      vertex -51 41 0
    endloop
  endfacet
  facet normal 0.906295 0.422645 0
    outer loop
      vertex -53.5981 36.5 9.5
      vertex -53.8191 36.9739 0
      vertex -53.8191 36.9739 9.5
    endloop
  endfacet
  facet normal 0.906295 0.422645 0
    outer loop
      vertex -53.8191 36.9739 0
      vertex -53.5981 36.5 9.5
      vertex -53.5981 36.5 0
    endloop
  endfacet
  facet normal -0.422645 0.906295 0
    outer loop
      vertex -49.5 35.4019 0
      vertex -49.9739 35.1809 9.5
      vertex -49.5 35.4019 9.5
    endloop
  endfacet
  facet normal -0.422645 0.906295 0
    outer loop
      vertex -49.9739 35.1809 9.5
      vertex -49.5 35.4019 0
      vertex -49.9739 35.1809 0
    endloop
  endfacet
  facet normal -0.99619 0.0872073 0
    outer loop
      vertex -48.0456 37.4791 0
      vertex -48 38 9.5
      vertex -48 38 0
    endloop
  endfacet
  facet normal -0.99619 0.0872073 0
    outer loop
      vertex -48 38 9.5
      vertex -48.0456 37.4791 0
      vertex -48.0456 37.4791 9.5
    endloop
  endfacet
  facet normal 0.99619 -0.0872073 0
    outer loop
      vertex -54 38 9.5
      vertex -53.9544 38.5209 0
      vertex -53.9544 38.5209 9.5
    endloop
  endfacet
  facet normal 0.99619 -0.0872073 0
    outer loop
      vertex -53.9544 38.5209 0
      vertex -54 38 9.5
      vertex -54 38 0
    endloop
  endfacet
  facet normal -0.707107 0.707107 0
    outer loop
      vertex -48.7019 36.0716 0
      vertex -49.0716 35.7019 9.5
      vertex -48.7019 36.0716 9.5
    endloop
  endfacet
  facet normal -0.707107 0.707107 0
    outer loop
      vertex -49.0716 35.7019 9.5
      vertex -48.7019 36.0716 0
      vertex -49.0716 35.7019 0
    endloop
  endfacet
  facet normal -0.819124 0.573616 0
    outer loop
      vertex -48.7019 36.0716 0
      vertex -48.4019 36.5 9.5
      vertex -48.4019 36.5 0
    endloop
  endfacet
  facet normal -0.819124 0.573616 0
    outer loop
      vertex -48.4019 36.5 9.5
      vertex -48.7019 36.0716 0
      vertex -48.7019 36.0716 9.5
    endloop
  endfacet
  facet normal -0.0872073 0.99619 0
    outer loop
      vertex -50.4791 35.0456 0
      vertex -51 35 9.5
      vertex -50.4791 35.0456 9.5
    endloop
  endfacet
  facet normal -0.0872073 0.99619 0
    outer loop
      vertex -51 35 9.5
      vertex -50.4791 35.0456 0
      vertex -51 35 0
    endloop
  endfacet
  facet normal 0.573616 -0.819124 0
    outer loop
      vertex -52.9284 40.2981 0
      vertex -52.5 40.5981 9.5
      vertex -52.9284 40.2981 9.5
    endloop
  endfacet
  facet normal 0.573616 -0.819124 0
    outer loop
      vertex -52.5 40.5981 9.5
      vertex -52.9284 40.2981 0
      vertex -52.5 40.5981 0
    endloop
  endfacet
  facet normal -0.906295 0.422645 0
    outer loop
      vertex -48.4019 36.5 0
      vertex -48.1809 36.9739 9.5
      vertex -48.1809 36.9739 0
    endloop
  endfacet
  facet normal -0.906295 0.422645 0
    outer loop
      vertex -48.1809 36.9739 9.5
      vertex -48.4019 36.5 0
      vertex -48.4019 36.5 9.5
    endloop
  endfacet
  facet normal -0.258698 -0.965958 0
    outer loop
      vertex -50.4791 40.9544 0
      vertex -49.9739 40.8191 9.5
      vertex -50.4791 40.9544 9.5
    endloop
  endfacet
  facet normal -0.258698 -0.965958 -0
    outer loop
      vertex -49.9739 40.8191 9.5
      vertex -50.4791 40.9544 0
      vertex -49.9739 40.8191 0
    endloop
  endfacet
  facet normal -0.707107 -0.707107 0
    outer loop
      vertex -48.7019 39.9284 0
      vertex -49.0716 40.2981 9.5
      vertex -49.0716 40.2981 0
    endloop
  endfacet
  facet normal -0.707107 -0.707107 0
    outer loop
      vertex -49.0716 40.2981 9.5
      vertex -48.7019 39.9284 0
      vertex -48.7019 39.9284 9.5
    endloop
  endfacet
  facet normal 0.99619 0.0872073 0
    outer loop
      vertex -53.9544 37.4791 9.5
      vertex -54 38 0
      vertex -54 38 9.5
    endloop
  endfacet
  facet normal 0.99619 0.0872073 0
    outer loop
      vertex -54 38 0
      vertex -53.9544 37.4791 9.5
      vertex -53.9544 37.4791 0
    endloop
  endfacet
  facet normal -0.422645 -0.906295 0
    outer loop
      vertex -49.9739 40.8191 0
      vertex -49.5 40.5981 9.5
      vertex -49.9739 40.8191 9.5
    endloop
  endfacet
  facet normal -0.422645 -0.906295 -0
    outer loop
      vertex -49.5 40.5981 9.5
      vertex -49.9739 40.8191 0
      vertex -49.5 40.5981 0
    endloop
  endfacet
  facet normal 0.422645 -0.906295 0
    outer loop
      vertex -52.5 40.5981 0
      vertex -52.0261 40.8191 9.5
      vertex -52.5 40.5981 9.5
    endloop
  endfacet
  facet normal 0.422645 -0.906295 0
    outer loop
      vertex -52.0261 40.8191 9.5
      vertex -52.5 40.5981 0
      vertex -52.0261 40.8191 0
    endloop
  endfacet
  facet normal 0.258698 -0.965958 0
    outer loop
      vertex -52.0261 40.8191 0
      vertex -51.5209 40.9544 9.5
      vertex -52.0261 40.8191 9.5
    endloop
  endfacet
  facet normal 0.258698 -0.965958 0
    outer loop
      vertex -51.5209 40.9544 9.5
      vertex -52.0261 40.8191 0
      vertex -51.5209 40.9544 0
    endloop
  endfacet
  facet normal 0.707107 -0.707107 0
    outer loop
      vertex -53.2981 39.9284 9.5
      vertex -52.9284 40.2981 0
      vertex -52.9284 40.2981 9.5
    endloop
  endfacet
  facet normal 0.707107 -0.707107 0
    outer loop
      vertex -52.9284 40.2981 0
      vertex -53.2981 39.9284 9.5
      vertex -53.2981 39.9284 0
    endloop
  endfacet
  facet normal -0.965958 0.258698 0
    outer loop
      vertex -48.1809 36.9739 0
      vertex -48.0456 37.4791 9.5
      vertex -48.0456 37.4791 0
    endloop
  endfacet
  facet normal -0.965958 0.258698 0
    outer loop
      vertex -48.0456 37.4791 9.5
      vertex -48.1809 36.9739 0
      vertex -48.1809 36.9739 9.5
    endloop
  endfacet
  facet normal 0.0872073 0.99619 -0
    outer loop
      vertex -51 35 0
      vertex -51.5209 35.0456 9.5
      vertex -51 35 9.5
    endloop
  endfacet
  facet normal 0.0872073 0.99619 0
    outer loop
      vertex -51.5209 35.0456 9.5
      vertex -51 35 0
      vertex -51.5209 35.0456 0
    endloop
  endfacet
  facet normal 0.573616 0.819124 -0
    outer loop
      vertex -52.5 35.4019 0
      vertex -52.9284 35.7019 9.5
      vertex -52.5 35.4019 9.5
    endloop
  endfacet
  facet normal 0.573616 0.819124 0
    outer loop
      vertex -52.9284 35.7019 9.5
      vertex -52.5 35.4019 0
      vertex -52.9284 35.7019 0
    endloop
  endfacet
  facet normal 0.422645 0.906295 -0
    outer loop
      vertex -52.0261 35.1809 0
      vertex -52.5 35.4019 9.5
      vertex -52.0261 35.1809 9.5
    endloop
  endfacet
  facet normal 0.422645 0.906295 0
    outer loop
      vertex -52.5 35.4019 9.5
      vertex -52.0261 35.1809 0
      vertex -52.5 35.4019 0
    endloop
  endfacet
  facet normal -0.0872073 -0.99619 0
    outer loop
      vertex -51 41 0
      vertex -50.4791 40.9544 9.5
      vertex -51 41 9.5
    endloop
  endfacet
  facet normal -0.0872073 -0.99619 -0
    outer loop
      vertex -50.4791 40.9544 9.5
      vertex -51 41 0
      vertex -50.4791 40.9544 0
    endloop
  endfacet
  facet normal 0.965958 0.258698 0
    outer loop
      vertex -53.8191 36.9739 9.5
      vertex -53.9544 37.4791 0
      vertex -53.9544 37.4791 9.5
    endloop
  endfacet
  facet normal 0.965958 0.258698 0
    outer loop
      vertex -53.9544 37.4791 0
      vertex -53.8191 36.9739 9.5
      vertex -53.8191 36.9739 0
    endloop
  endfacet
  facet normal 0.707107 0.707107 -0
    outer loop
      vertex -52.9284 35.7019 0
      vertex -53.2981 36.0716 9.5
      vertex -52.9284 35.7019 9.5
    endloop
  endfacet
  facet normal 0.707107 0.707107 0
    outer loop
      vertex -53.2981 36.0716 9.5
      vertex -52.9284 35.7019 0
      vertex -53.2981 36.0716 0
    endloop
  endfacet
  facet normal 0.965958 -0.258698 0
    outer loop
      vertex -53.9544 38.5209 9.5
      vertex -53.8191 39.0261 0
      vertex -53.8191 39.0261 9.5
    endloop
  endfacet
  facet normal 0.965958 -0.258698 0
    outer loop
      vertex -53.8191 39.0261 0
      vertex -53.9544 38.5209 9.5
      vertex -53.9544 38.5209 0
    endloop
  endfacet
  facet normal 0.906295 -0.422645 0
    outer loop
      vertex -53.8191 39.0261 9.5
      vertex -53.5981 39.5 0
      vertex -53.5981 39.5 9.5
    endloop
  endfacet
  facet normal 0.906295 -0.422645 0
    outer loop
      vertex -53.5981 39.5 0
      vertex -53.8191 39.0261 9.5
      vertex -53.8191 39.0261 0
    endloop
  endfacet
  facet normal -0.978337 0.207019 0
    outer loop
      vertex -29.9 47.5824 14
      vertex -27.6956 58 26.7272
      vertex -27.6956 58 14
    endloop
  endfacet
  facet normal -0.978339 0.207008 9.98442e-06
    outer loop
      vertex -27.6956 58 26.7272
      vertex -29.9 47.5824 14
      vertex -27.9649 56.7272 28
    endloop
  endfacet
  facet normal -0.978336 0.207022 0
    outer loop
      vertex -29.9 47.5824 56
      vertex -27.9649 56.7272 28
      vertex -29.9 47.5824 14
    endloop
  endfacet
  facet normal -0.978336 0.207023 6.36087e-08
    outer loop
      vertex -27.9649 56.7272 28
      vertex -29.9 47.5824 56
      vertex -28.1611 55.8 56
    endloop
  endfacet
  facet normal -0.978341 0.206998 0
    outer loop
      vertex -27.9649 56.7272 28
      vertex -27.6956 58 53.5
      vertex -27.6956 58 29.2728
    endloop
  endfacet
  facet normal -0.978339 0.207007 -4.68689e-07
    outer loop
      vertex -27.6956 58 53.5
      vertex -27.9649 56.7272 28
      vertex -28.1611 55.8 56
    endloop
  endfacet
  facet normal 0.978337 0.207019 0
    outer loop
      vertex -38.1 47.5824 56
      vertex -40.3044 58 29.2728
      vertex -40.3044 58 53.5
    endloop
  endfacet
  facet normal 0.978336 0.207023 1.36769e-05
    outer loop
      vertex -38.1 47.5824 56
      vertex -40.3044 58 53.5
      vertex -39.8389 55.8 56
    endloop
  endfacet
  facet normal 0.978339 0.207008 9.98442e-06
    outer loop
      vertex -38.1 47.5824 14
      vertex -40.3044 58 26.7272
      vertex -40.0351 56.7272 28
    endloop
  endfacet
  facet normal 0.97834 0.207004 -6.22126e-06
    outer loop
      vertex -40.3044 58 29.2728
      vertex -38.1 47.5824 56
      vertex -40.0351 56.7272 28
    endloop
  endfacet
  facet normal 0.978336 0.207022 -0
    outer loop
      vertex -38.1 47.5824 14
      vertex -40.0351 56.7272 28
      vertex -38.1 47.5824 56
    endloop
  endfacet
  facet normal 0.978337 0.207019 0
    outer loop
      vertex -40.3044 58 26.7272
      vertex -38.1 47.5824 14
      vertex -40.3044 58 14
    endloop
  endfacet
  facet normal -0 0 1
    outer loop
      vertex -30.5625 42.0967 14
      vertex -29.9 41.5077 14
      vertex -29.9 47.5824 14
    endloop
  endfacet
  facet normal 0 0 1
    outer loop
      vertex -29.9 41.5077 14
      vertex -30.5625 42.0967 14
      vertex -29.9033 41.4375 14
    endloop
  endfacet
  facet normal 0 0 1
    outer loop
      vertex -29.9 47.5824 14
      vertex -30.5718 42.1032 14
      vertex -30.5625 42.0967 14
    endloop
  endfacet
  facet normal 0 0 1
    outer loop
      vertex -29.9 47.5824 14
      vertex -31.3261 42.6314 14
      vertex -30.5718 42.1032 14
    endloop
  endfacet
  facet normal 0 0 1
    outer loop
      vertex -38.1 47.5824 14
      vertex -29.9 47.5824 14
      vertex -27.6956 58 14
    endloop
  endfacet
  facet normal 0 0 1
    outer loop
      vertex -29.9 47.5824 14
      vertex -32.1606 43.0205 14
      vertex -31.3261 42.6314 14
    endloop
  endfacet
  facet normal 0 0 1
    outer loop
      vertex -29.9 47.5824 14
      vertex -32.1709 43.0253 14
      vertex -32.1606 43.0205 14
    endloop
  endfacet
  facet normal 0 0 1
    outer loop
      vertex -29.9 47.5824 14
      vertex -33.0604 43.2636 14
      vertex -32.1709 43.0253 14
    endloop
  endfacet
  facet normal 0 -0 1
    outer loop
      vertex -34 43.3478 14
      vertex -29.9 47.5824 14
      vertex -38.1 47.5824 14
    endloop
  endfacet
  facet normal 0 0 1
    outer loop
      vertex -29.9 47.5824 14
      vertex -33.0714 43.2666 14
      vertex -33.0604 43.2636 14
    endloop
  endfacet
  facet normal 0 0 1
    outer loop
      vertex -29.9 47.5824 14
      vertex -33.0827 43.2676 14
      vertex -33.0714 43.2666 14
    endloop
  endfacet
  facet normal 0 0 1
    outer loop
      vertex -29.9 47.5824 14
      vertex -34 43.3478 14
      vertex -33.0827 43.2676 14
    endloop
  endfacet
  facet normal 0 0 1
    outer loop
      vertex -34 43.3478 14
      vertex -38.1 47.5824 14
      vertex -34.9173 43.2676 14
    endloop
  endfacet
  facet normal 0 0 1
    outer loop
      vertex -34.9173 43.2676 14
      vertex -38.1 47.5824 14
      vertex -34.9286 43.2666 14
    endloop
  endfacet
  facet normal 0 0 1
    outer loop
      vertex -34.9286 43.2666 14
      vertex -38.1 47.5824 14
      vertex -34.9396 43.2636 14
    endloop
  endfacet
  facet normal 0 0 1
    outer loop
      vertex -34.9396 43.2636 14
      vertex -38.1 47.5824 14
      vertex -35.8291 43.0253 14
    endloop
  endfacet
  facet normal 0 0 1
    outer loop
      vertex -35.8291 43.0253 14
      vertex -38.1 47.5824 14
      vertex -35.8394 43.0205 14
    endloop
  endfacet
  facet normal 0 0 1
    outer loop
      vertex -35.8394 43.0205 14
      vertex -38.1 47.5824 14
      vertex -36.6739 42.6314 14
    endloop
  endfacet
  facet normal 0 0 1
    outer loop
      vertex -36.6739 42.6314 14
      vertex -38.1 47.5824 14
      vertex -37.4282 42.1032 14
    endloop
  endfacet
  facet normal 0 0 1
    outer loop
      vertex -37.4282 42.1032 14
      vertex -38.1 47.5824 14
      vertex -37.4375 42.0967 14
    endloop
  endfacet
  facet normal 0 0 1
    outer loop
      vertex -37.4375 42.0967 14
      vertex -38.1 47.5824 14
      vertex -38.1 41.5077 14
    endloop
  endfacet
  facet normal 0 -0 1
    outer loop
      vertex -38.1 47.5824 14
      vertex -27.6956 58 14
      vertex -40.3044 58 14
    endloop
  endfacet
  facet normal -0 0 1
    outer loop
      vertex -28.7324 38.9173 14
      vertex -28.6 38 14
      vertex -28.682 38.9377 14
    endloop
  endfacet
  facet normal 0 0 1
    outer loop
      vertex -28.6 38 14
      vertex -28.7324 38.9173 14
      vertex -28.6522 38 14
    endloop
  endfacet
  facet normal 0 0 1
    outer loop
      vertex -28.682 38.9377 14
      vertex -28.7334 38.9286 14
      vertex -28.7324 38.9173 14
    endloop
  endfacet
  facet normal 0 0 1
    outer loop
      vertex -28.682 38.9377 14
      vertex -28.7364 38.9396 14
      vertex -28.7334 38.9286 14
    endloop
  endfacet
  facet normal 0 0 1
    outer loop
      vertex -28.9257 39.8469 14
      vertex -28.7364 38.9396 14
      vertex -28.682 38.9377 14
    endloop
  endfacet
  facet normal 0 0 1
    outer loop
      vertex -28.9257 39.8469 14
      vertex -28.9747 39.8291 14
      vertex -28.7364 38.9396 14
    endloop
  endfacet
  facet normal 0 0 1
    outer loop
      vertex -28.9257 39.8469 14
      vertex -28.9795 39.8394 14
      vertex -28.9747 39.8291 14
    endloop
  endfacet
  facet normal 0 0 1
    outer loop
      vertex -29.3235 40.7 14
      vertex -28.9795 39.8394 14
      vertex -28.9257 39.8469 14
    endloop
  endfacet
  facet normal 0 0 1
    outer loop
      vertex -29.3235 40.7 14
      vertex -29.3686 40.6739 14
      vertex -28.9795 39.8394 14
    endloop
  endfacet
  facet normal -0 0 1
    outer loop
      vertex -29.8968 41.4282 14
      vertex -29.3235 40.7 14
      vertex -29.8634 41.4711 14
    endloop
  endfacet
  facet normal 0 0 1
    outer loop
      vertex -29.3235 40.7 14
      vertex -29.8968 41.4282 14
      vertex -29.3686 40.6739 14
    endloop
  endfacet
  facet normal 0 0 1
    outer loop
      vertex -29.9033 41.4375 14
      vertex -29.8634 41.4711 14
      vertex -29.9 41.5077 14
    endloop
  endfacet
  facet normal 0 0 1
    outer loop
      vertex -29.8634 41.4711 14
      vertex -29.9033 41.4375 14
      vertex -29.8968 41.4282 14
    endloop
  endfacet
  facet normal 0 0 1
    outer loop
      vertex -28.7324 37.0827 14
      vertex -28.6 38 14
      vertex -28.6522 38 14
    endloop
  endfacet
  facet normal 0 0 1
    outer loop
      vertex -28.6 38 14
      vertex -28.7324 37.0827 14
      vertex -28.682 37.0623 14
    endloop
  endfacet
  facet normal -0 0 1
    outer loop
      vertex -28.7334 37.0714 14
      vertex -28.682 37.0623 14
      vertex -28.7324 37.0827 14
    endloop
  endfacet
  facet normal 0 0 1
    outer loop
      vertex -28.7364 37.0604 14
      vertex -28.682 37.0623 14
      vertex -28.7334 37.0714 14
    endloop
  endfacet
  facet normal -0 0 1
    outer loop
      vertex -28.7364 37.0604 14
      vertex -28.9257 36.1531 14
      vertex -28.682 37.0623 14
    endloop
  endfacet
  facet normal -0 0 1
    outer loop
      vertex -28.9747 36.1709 14
      vertex -28.9257 36.1531 14
      vertex -28.7364 37.0604 14
    endloop
  endfacet
  facet normal 0 0 1
    outer loop
      vertex -29.3638 35.3364 14
      vertex -28.9257 36.1531 14
      vertex -28.9747 36.1709 14
    endloop
  endfacet
  facet normal 0 0 1
    outer loop
      vertex -28.9257 36.1531 14
      vertex -29.3638 35.3364 14
      vertex -29.3235 35.3 14
    endloop
  endfacet
  facet normal -0 0 1
    outer loop
      vertex -29.3686 35.3261 14
      vertex -29.3235 35.3 14
      vertex -29.3638 35.3364 14
    endloop
  endfacet
  facet normal -0 0 1
    outer loop
      vertex -29.3752 35.3168 14
      vertex -29.3235 35.3 14
      vertex -29.3686 35.3261 14
    endloop
  endfacet
  facet normal 0 0 1
    outer loop
      vertex -29.3752 35.3168 14
      vertex -29.8634 34.5289 14
      vertex -29.3235 35.3 14
    endloop
  endfacet
  facet normal -0 0 1
    outer loop
      vertex -29.9033 34.5625 14
      vertex -29.8634 34.5289 14
      vertex -29.3752 35.3168 14
    endloop
  endfacet
  facet normal 0 0 1
    outer loop
      vertex -29.9033 34.5625 14
      vertex -30.5289 33.8634 14
      vertex -29.8634 34.5289 14
    endloop
  endfacet
  facet normal -0 0 1
    outer loop
      vertex -30.5625 33.9033 14
      vertex -30.5289 33.8634 14
      vertex -29.9033 34.5625 14
    endloop
  endfacet
  facet normal -0 0 1
    outer loop
      vertex -30.5718 33.8968 14
      vertex -30.5289 33.8634 14
      vertex -30.5625 33.9033 14
    endloop
  endfacet
  facet normal 0 0 1
    outer loop
      vertex -30.5718 33.8968 14
      vertex -31.3 33.3235 14
      vertex -30.5289 33.8634 14
    endloop
  endfacet
  facet normal -0 0 1
    outer loop
      vertex -31.3261 33.3686 14
      vertex -31.3 33.3235 14
      vertex -30.5718 33.8968 14
    endloop
  endfacet
  facet normal 0 0 1
    outer loop
      vertex -32.1606 32.9795 14
      vertex -31.3 33.3235 14
      vertex -31.3261 33.3686 14
    endloop
  endfacet
  facet normal 0 0 1
    outer loop
      vertex -31.3 33.3235 14
      vertex -32.1606 32.9795 14
      vertex -32.1531 32.9257 14
    endloop
  endfacet
  facet normal -0 0 1
    outer loop
      vertex -32.1709 32.9747 14
      vertex -32.1531 32.9257 14
      vertex -32.1606 32.9795 14
    endloop
  endfacet
  facet normal 0 0 1
    outer loop
      vertex -33.0604 32.7364 14
      vertex -32.1531 32.9257 14
      vertex -32.1709 32.9747 14
    endloop
  endfacet
  facet normal -0 0 1
    outer loop
      vertex -33.0604 32.7364 14
      vertex -33.0623 32.682 14
      vertex -32.1531 32.9257 14
    endloop
  endfacet
  facet normal -0 0 1
    outer loop
      vertex -33.0714 32.7334 14
      vertex -33.0623 32.682 14
      vertex -33.0604 32.7364 14
    endloop
  endfacet
  facet normal 0 0 1
    outer loop
      vertex -33.9887 32.6532 14
      vertex -33.0623 32.682 14
      vertex -33.0714 32.7334 14
    endloop
  endfacet
  facet normal 0 0 1
    outer loop
      vertex -34 32.6 14
      vertex -33.9887 32.6532 14
      vertex -34 32.6522 14
    endloop
  endfacet
  facet normal -0 0 1
    outer loop
      vertex -33.9887 32.6532 14
      vertex -34 32.6 14
      vertex -33.0623 32.682 14
    endloop
  endfacet
  facet normal 0 0 1
    outer loop
      vertex -34.0113 32.6532 14
      vertex -34 32.6 14
      vertex -34 32.6522 14
    endloop
  endfacet
  facet normal -0 0 1
    outer loop
      vertex -34.9377 32.682 14
      vertex -34.0113 32.6532 14
      vertex -34.9286 32.7334 14
    endloop
  endfacet
  facet normal 0 0 1
    outer loop
      vertex -34.0113 32.6532 14
      vertex -34.9377 32.682 14
      vertex -34 32.6 14
    endloop
  endfacet
  facet normal 0 0 1
    outer loop
      vertex -34.9396 32.7364 14
      vertex -34.9377 32.682 14
      vertex -34.9286 32.7334 14
    endloop
  endfacet
  facet normal -0 0 1
    outer loop
      vertex -35.8469 32.9257 14
      vertex -34.9396 32.7364 14
      vertex -35.8291 32.9747 14
    endloop
  endfacet
  facet normal 0 0 1
    outer loop
      vertex -34.9396 32.7364 14
      vertex -35.8469 32.9257 14
      vertex -34.9377 32.682 14
    endloop
  endfacet
  facet normal 0 0 1
    outer loop
      vertex -35.8394 32.9795 14
      vertex -35.8469 32.9257 14
      vertex -35.8291 32.9747 14
    endloop
  endfacet
  facet normal -0 0 1
    outer loop
      vertex -36.7 33.3235 14
      vertex -35.8394 32.9795 14
      vertex -36.6739 33.3686 14
    endloop
  endfacet
  facet normal 0 0 1
    outer loop
      vertex -35.8394 32.9795 14
      vertex -36.7 33.3235 14
      vertex -35.8469 32.9257 14
    endloop
  endfacet
  facet normal 0 0 1
    outer loop
      vertex -37.4282 33.8968 14
      vertex -36.7 33.3235 14
      vertex -36.6739 33.3686 14
    endloop
  endfacet
  facet normal 0 0 1
    outer loop
      vertex -37.4711 33.8634 14
      vertex -37.4282 33.8968 14
      vertex -37.4375 33.9033 14
    endloop
  endfacet
  facet normal 0 0 1
    outer loop
      vertex -37.4282 33.8968 14
      vertex -37.4711 33.8634 14
      vertex -36.7 33.3235 14
    endloop
  endfacet
  facet normal 0 0 1
    outer loop
      vertex -38.0967 34.5625 14
      vertex -37.4711 33.8634 14
      vertex -37.4375 33.9033 14
    endloop
  endfacet
  facet normal 0 0 1
    outer loop
      vertex -38.0967 34.5625 14
      vertex -38.1366 34.5289 14
      vertex -37.4711 33.8634 14
    endloop
  endfacet
  facet normal 0 0 1
    outer loop
      vertex -38.6248 35.3168 14
      vertex -38.1366 34.5289 14
      vertex -38.0967 34.5625 14
    endloop
  endfacet
  facet normal 0 0 1
    outer loop
      vertex -38.6765 35.3 14
      vertex -38.6248 35.3168 14
      vertex -38.6314 35.3261 14
    endloop
  endfacet
  facet normal 0 0 1
    outer loop
      vertex -38.6248 35.3168 14
      vertex -38.6765 35.3 14
      vertex -38.1366 34.5289 14
    endloop
  endfacet
  facet normal 0 0 1
    outer loop
      vertex -38.6362 35.3364 14
      vertex -38.6765 35.3 14
      vertex -38.6314 35.3261 14
    endloop
  endfacet
  facet normal -0 0 1
    outer loop
      vertex -39.0743 36.1531 14
      vertex -38.6362 35.3364 14
      vertex -39.0253 36.1709 14
    endloop
  endfacet
  facet normal 0 0 1
    outer loop
      vertex -38.6362 35.3364 14
      vertex -39.0743 36.1531 14
      vertex -38.6765 35.3 14
    endloop
  endfacet
  facet normal 0 0 1
    outer loop
      vertex -39.2636 37.0604 14
      vertex -39.0743 36.1531 14
      vertex -39.0253 36.1709 14
    endloop
  endfacet
  facet normal -0 0 1
    outer loop
      vertex -39.318 37.0623 14
      vertex -39.2636 37.0604 14
      vertex -39.2666 37.0714 14
    endloop
  endfacet
  facet normal 0 0 1
    outer loop
      vertex -39.2636 37.0604 14
      vertex -39.318 37.0623 14
      vertex -39.0743 36.1531 14
    endloop
  endfacet
  facet normal 0 0 1
    outer loop
      vertex -39.2676 37.0827 14
      vertex -39.318 37.0623 14
      vertex -39.2666 37.0714 14
    endloop
  endfacet
  facet normal -0 0 1
    outer loop
      vertex -39.4 38 14
      vertex -39.2676 37.0827 14
      vertex -39.3478 38 14
    endloop
  endfacet
  facet normal 0 0 1
    outer loop
      vertex -39.2676 37.0827 14
      vertex -39.4 38 14
      vertex -39.318 37.0623 14
    endloop
  endfacet
  facet normal 0 0 1
    outer loop
      vertex -37.4375 42.0967 14
      vertex -38.1 41.5077 14
      vertex -38.0967 41.4375 14
    endloop
  endfacet
  facet normal -0 0 1
    outer loop
      vertex -38.1366 41.4711 14
      vertex -38.0967 41.4375 14
      vertex -38.1 41.5077 14
    endloop
  endfacet
  facet normal 0 0 1
    outer loop
      vertex -38.0967 41.4375 14
      vertex -38.1366 41.4711 14
      vertex -38.1032 41.4282 14
    endloop
  endfacet
  facet normal 0 0 1
    outer loop
      vertex -38.6765 40.7 14
      vertex -38.1032 41.4282 14
      vertex -38.1366 41.4711 14
    endloop
  endfacet
  facet normal 0 0 1
    outer loop
      vertex -38.1032 41.4282 14
      vertex -38.6765 40.7 14
      vertex -38.6314 40.6739 14
    endloop
  endfacet
  facet normal 0 0 1
    outer loop
      vertex -38.6765 40.7 14
      vertex -39.0205 39.8394 14
      vertex -38.6314 40.6739 14
    endloop
  endfacet
  facet normal -0 0 1
    outer loop
      vertex -39.0743 39.8469 14
      vertex -39.0205 39.8394 14
      vertex -38.6765 40.7 14
    endloop
  endfacet
  facet normal 0 0 1
    outer loop
      vertex -39.0205 39.8394 14
      vertex -39.0743 39.8469 14
      vertex -39.0253 39.8291 14
    endloop
  endfacet
  facet normal 0 0 1
    outer loop
      vertex -39.0743 39.8469 14
      vertex -39.2636 38.9396 14
      vertex -39.0253 39.8291 14
    endloop
  endfacet
  facet normal 0 0 1
    outer loop
      vertex -39.318 38.9377 14
      vertex -39.2636 38.9396 14
      vertex -39.0743 39.8469 14
    endloop
  endfacet
  facet normal 0 0 1
    outer loop
      vertex -39.2636 38.9396 14
      vertex -39.318 38.9377 14
      vertex -39.2666 38.9286 14
    endloop
  endfacet
  facet normal 0 0 1
    outer loop
      vertex -39.318 38.9377 14
      vertex -39.2676 38.9173 14
      vertex -39.2666 38.9286 14
    endloop
  endfacet
  facet normal 0 0 1
    outer loop
      vertex -39.4 38 14
      vertex -39.2676 38.9173 14
      vertex -39.318 38.9377 14
    endloop
  endfacet
  facet normal 0 0 1
    outer loop
      vertex -39.2676 38.9173 14
      vertex -39.4 38 14
      vertex -39.3478 38 14
    endloop
  endfacet
  facet normal 1 -0 0
    outer loop
      vertex -38.1 41.5077 56
      vertex -38.1 47.5824 14
      vertex -38.1 47.5824 56
    endloop
  endfacet
  facet normal 1 0 0
    outer loop
      vertex -38.1 47.5824 14
      vertex -38.1 41.5077 56
      vertex -38.1 41.5077 14
    endloop
  endfacet
  facet normal -1 0 0
    outer loop
      vertex -29.9 41.5077 14
      vertex -29.9 47.5824 56
      vertex -29.9 47.5824 14
    endloop
  endfacet
  facet normal -1 -0 0
    outer loop
      vertex -29.9 47.5824 56
      vertex -29.9 41.5077 14
      vertex -29.9 41.5077 56
    endloop
  endfacet
  facet normal -0.965904 -0.258899 0
    outer loop
      vertex -28.682 38.9377 14
      vertex -28.9257 39.8469 56
      vertex -28.9257 39.8469 14
    endloop
  endfacet
  facet normal -0.965904 -0.258899 0
    outer loop
      vertex -28.9257 39.8469 56
      vertex -28.682 38.9377 14
      vertex -28.682 38.9377 56
    endloop
  endfacet
  facet normal -0.996198 -0.0871156 0
    outer loop
      vertex -28.6 38 14
      vertex -28.682 38.9377 56
      vertex -28.682 38.9377 14
    endloop
  endfacet
  facet normal -0.996198 -0.0871156 0
    outer loop
      vertex -28.682 38.9377 56
      vertex -28.6 38 14
      vertex -28.6 38 56
    endloop
  endfacet
  facet normal -0.906311 -0.422612 0
    outer loop
      vertex -28.9257 39.8469 14
      vertex -29.3235 40.7 56
      vertex -29.3235 40.7 14
    endloop
  endfacet
  facet normal -0.906311 -0.422612 0
    outer loop
      vertex -29.3235 40.7 56
      vertex -28.9257 39.8469 14
      vertex -28.9257 39.8469 56
    endloop
  endfacet
  facet normal -0.422612 0.906311 0
    outer loop
      vertex -31.3 33.3235 14
      vertex -32.1531 32.9257 56
      vertex -31.3 33.3235 56
    endloop
  endfacet
  facet normal -0.422612 0.906311 0
    outer loop
      vertex -32.1531 32.9257 56
      vertex -31.3 33.3235 14
      vertex -32.1531 32.9257 14
    endloop
  endfacet
  facet normal -0.906311 0.422612 0
    outer loop
      vertex -29.3235 35.3 14
      vertex -28.9257 36.1531 56
      vertex -28.9257 36.1531 14
    endloop
  endfacet
  facet normal -0.906311 0.422612 0
    outer loop
      vertex -28.9257 36.1531 56
      vertex -29.3235 35.3 14
      vertex -29.3235 35.3 56
    endloop
  endfacet
  facet normal 0.819167 -0.573555 0
    outer loop
      vertex -38.6765 40.7 56
      vertex -38.1366 41.4711 14
      vertex -38.1366 41.4711 56
    endloop
  endfacet
  facet normal 0.819167 -0.573555 0
    outer loop
      vertex -38.1366 41.4711 14
      vertex -38.6765 40.7 56
      vertex -38.6765 40.7 14
    endloop
  endfacet
  facet normal 0.965904 -0.258899 0
    outer loop
      vertex -39.318 38.9377 56
      vertex -39.0743 39.8469 14
      vertex -39.0743 39.8469 56
    endloop
  endfacet
  facet normal 0.965904 -0.258899 0
    outer loop
      vertex -39.0743 39.8469 14
      vertex -39.318 38.9377 56
      vertex -39.318 38.9377 14
    endloop
  endfacet
  facet normal 0.906311 -0.422612 0
    outer loop
      vertex -39.0743 39.8469 56
      vertex -38.6765 40.7 14
      vertex -38.6765 40.7 56
    endloop
  endfacet
  facet normal 0.906311 -0.422612 0
    outer loop
      vertex -38.6765 40.7 14
      vertex -39.0743 39.8469 56
      vertex -39.0743 39.8469 14
    endloop
  endfacet
  facet normal 0.707107 -0.707107 0
    outer loop
      vertex -38.1366 41.4711 14
      vertex -38.1 41.5077 56
      vertex -38.1366 41.4711 56
    endloop
  endfacet
  facet normal 0.707107 -0.707107 0
    outer loop
      vertex -38.1 41.5077 56
      vertex -38.1366 41.4711 14
      vertex -38.1 41.5077 14
    endloop
  endfacet
  facet normal 0.422612 0.906311 -0
    outer loop
      vertex -35.8469 32.9257 14
      vertex -36.7 33.3235 56
      vertex -35.8469 32.9257 56
    endloop
  endfacet
  facet normal 0.422612 0.906311 0
    outer loop
      vertex -36.7 33.3235 56
      vertex -35.8469 32.9257 14
      vertex -36.7 33.3235 14
    endloop
  endfacet
  facet normal -0.0871156 0.996198 0
    outer loop
      vertex -33.0623 32.682 14
      vertex -34 32.6 56
      vertex -33.0623 32.682 56
    endloop
  endfacet
  facet normal -0.0871156 0.996198 0
    outer loop
      vertex -34 32.6 56
      vertex -33.0623 32.682 14
      vertex -34 32.6 14
    endloop
  endfacet
  facet normal -0.258899 0.965904 0
    outer loop
      vertex -32.1531 32.9257 14
      vertex -33.0623 32.682 56
      vertex -32.1531 32.9257 56
    endloop
  endfacet
  facet normal -0.258899 0.965904 0
    outer loop
      vertex -33.0623 32.682 56
      vertex -32.1531 32.9257 14
      vertex -33.0623 32.682 14
    endloop
  endfacet
  facet normal -0.819167 -0.573555 0
    outer loop
      vertex -29.3235 40.7 14
      vertex -29.8634 41.4711 56
      vertex -29.8634 41.4711 14
    endloop
  endfacet
  facet normal -0.819167 -0.573555 0
    outer loop
      vertex -29.8634 41.4711 56
      vertex -29.3235 40.7 14
      vertex -29.3235 40.7 56
    endloop
  endfacet
  facet normal 0.819167 0.573555 0
    outer loop
      vertex -38.1366 34.5289 56
      vertex -38.6765 35.3 14
      vertex -38.6765 35.3 56
    endloop
  endfacet
  facet normal 0.819167 0.573555 0
    outer loop
      vertex -38.6765 35.3 14
      vertex -38.1366 34.5289 56
      vertex -38.1366 34.5289 14
    endloop
  endfacet
  facet normal -0.996198 0.0871156 0
    outer loop
      vertex -28.682 37.0623 14
      vertex -28.6 38 56
      vertex -28.6 38 14
    endloop
  endfacet
  facet normal -0.996198 0.0871156 0
    outer loop
      vertex -28.6 38 56
      vertex -28.682 37.0623 14
      vertex -28.682 37.0623 56
    endloop
  endfacet
  facet normal -0.819167 0.573555 0
    outer loop
      vertex -29.8634 34.5289 14
      vertex -29.3235 35.3 56
      vertex -29.3235 35.3 14
    endloop
  endfacet
  facet normal -0.819167 0.573555 0
    outer loop
      vertex -29.3235 35.3 56
      vertex -29.8634 34.5289 14
      vertex -29.8634 34.5289 56
    endloop
  endfacet
  facet normal 0.0871156 0.996198 -0
    outer loop
      vertex -34 32.6 14
      vertex -34.9377 32.682 56
      vertex -34 32.6 56
    endloop
  endfacet
  facet normal 0.0871156 0.996198 0
    outer loop
      vertex -34.9377 32.682 56
      vertex -34 32.6 14
      vertex -34.9377 32.682 14
    endloop
  endfacet
  facet normal 0.906311 0.422612 0
    outer loop
      vertex -38.6765 35.3 56
      vertex -39.0743 36.1531 14
      vertex -39.0743 36.1531 56
    endloop
  endfacet
  facet normal 0.906311 0.422612 0
    outer loop
      vertex -39.0743 36.1531 14
      vertex -38.6765 35.3 56
      vertex -38.6765 35.3 14
    endloop
  endfacet
  facet normal 0.965904 0.258899 0
    outer loop
      vertex -39.0743 36.1531 56
      vertex -39.318 37.0623 14
      vertex -39.318 37.0623 56
    endloop
  endfacet
  facet normal 0.965904 0.258899 0
    outer loop
      vertex -39.318 37.0623 14
      vertex -39.0743 36.1531 56
      vertex -39.0743 36.1531 14
    endloop
  endfacet
  facet normal -0.573555 0.819167 0
    outer loop
      vertex -30.5289 33.8634 14
      vertex -31.3 33.3235 56
      vertex -30.5289 33.8634 56
    endloop
  endfacet
  facet normal -0.573555 0.819167 0
    outer loop
      vertex -31.3 33.3235 56
      vertex -30.5289 33.8634 14
      vertex -31.3 33.3235 14
    endloop
  endfacet
  facet normal 0.996198 -0.0871156 0
    outer loop
      vertex -39.4 38 56
      vertex -39.318 38.9377 14
      vertex -39.318 38.9377 56
    endloop
  endfacet
  facet normal 0.996198 -0.0871156 0
    outer loop
      vertex -39.318 38.9377 14
      vertex -39.4 38 56
      vertex -39.4 38 14
    endloop
  endfacet
  facet normal -0.965904 0.258899 0
    outer loop
      vertex -28.9257 36.1531 14
      vertex -28.682 37.0623 56
      vertex -28.682 37.0623 14
    endloop
  endfacet
  facet normal -0.965904 0.258899 0
    outer loop
      vertex -28.682 37.0623 56
      vertex -28.9257 36.1531 14
      vertex -28.9257 36.1531 56
    endloop
  endfacet
  facet normal 0.573555 0.819167 -0
    outer loop
      vertex -36.7 33.3235 14
      vertex -37.4711 33.8634 56
      vertex -36.7 33.3235 56
    endloop
  endfacet
  facet normal 0.573555 0.819167 0
    outer loop
      vertex -37.4711 33.8634 56
      vertex -36.7 33.3235 14
      vertex -37.4711 33.8634 14
    endloop
  endfacet
  facet normal 0.258899 0.965904 -0
    outer loop
      vertex -34.9377 32.682 14
      vertex -35.8469 32.9257 56
      vertex -34.9377 32.682 56
    endloop
  endfacet
  facet normal 0.258899 0.965904 0
    outer loop
      vertex -35.8469 32.9257 56
      vertex -34.9377 32.682 14
      vertex -35.8469 32.9257 14
    endloop
  endfacet
  facet normal -0.707107 -0.707107 0
    outer loop
      vertex -29.9 41.5077 14
      vertex -29.8634 41.4711 56
      vertex -29.9 41.5077 56
    endloop
  endfacet
  facet normal -0.707107 -0.707107 -0
    outer loop
      vertex -29.8634 41.4711 56
      vertex -29.9 41.5077 14
      vertex -29.8634 41.4711 14
    endloop
  endfacet
  facet normal 0.996198 0.0871156 0
    outer loop
      vertex -39.318 37.0623 56
      vertex -39.4 38 14
      vertex -39.4 38 56
    endloop
  endfacet
  facet normal 0.996198 0.0871156 0
    outer loop
      vertex -39.4 38 14
      vertex -39.318 37.0623 56
      vertex -39.318 37.0623 14
    endloop
  endfacet
  facet normal 0.707107 0.707107 0
    outer loop
      vertex -37.4711 33.8634 56
      vertex -38.1366 34.5289 14
      vertex -38.1366 34.5289 56
    endloop
  endfacet
  facet normal 0.707107 0.707107 0
    outer loop
      vertex -38.1366 34.5289 14
      vertex -37.4711 33.8634 56
      vertex -37.4711 33.8634 14
    endloop
  endfacet
  facet normal -0.707107 0.707107 0
    outer loop
      vertex -30.5289 33.8634 14
      vertex -29.8634 34.5289 56
      vertex -29.8634 34.5289 14
    endloop
  endfacet
  facet normal -0.707107 0.707107 0
    outer loop
      vertex -29.8634 34.5289 56
      vertex -30.5289 33.8634 14
      vertex -30.5289 33.8634 56
    endloop
  endfacet
  facet normal 0.804184 -0.374965 0.461182
    outer loop
      vertex -36.5981 39.5 9.5
      vertex -38.6314 40.6739 14
      vertex -39.0205 39.8394 14
    endloop
  endfacet
  facet normal 0.374965 -0.804184 0.461182
    outer loop
      vertex -35.5 40.5981 9.5
      vertex -35.8394 43.0205 14
      vertex -36.6739 42.6314 14
    endloop
  endfacet
  facet normal -0.233535 0.856297 0.46067
    outer loop
      vertex -32.9739 35.1809 9.5
      vertex -33.0714 32.7334 14
      vertex -33.0604 32.7364 14
    endloop
  endfacet
  facet normal -0.229543 0.857096 0.461191
    outer loop
      vertex -33.0714 32.7334 14
      vertex -32.9739 35.1809 9.5
      vertex -33.4791 35.0456 9.5
    endloop
  endfacet
  facet normal -0.883935 -0.0772829 0.461179
    outer loop
      vertex -28.6522 38 14
      vertex -28.7324 38.9173 14
      vertex -31 38 9.5
    endloop
  endfacet
  facet normal -0.883832 -0.0782152 0.461219
    outer loop
      vertex -31.0456 38.5209 9.5
      vertex -28.7324 38.9173 14
      vertex -28.7334 38.9286 14
    endloop
  endfacet
  facet normal -0.883921 -0.0773791 0.461191
    outer loop
      vertex -28.7324 38.9173 14
      vertex -31.0456 38.5209 9.5
      vertex -31 38 9.5
    endloop
  endfacet
  facet normal 0.883935 0.0772829 0.461179
    outer loop
      vertex -39.2676 37.0827 14
      vertex -37 38 9.5
      vertex -39.3478 38 14
    endloop
  endfacet
  facet normal -0.374965 0.804184 0.461182
    outer loop
      vertex -32.1606 32.9795 14
      vertex -31.3261 33.3686 14
      vertex -32.5 35.4019 9.5
    endloop
  endfacet
  facet normal -0.883921 0.0773791 0.461191
    outer loop
      vertex -31.0456 37.4791 9.5
      vertex -28.7324 37.0827 14
      vertex -31 38 9.5
    endloop
  endfacet
  facet normal -0.883832 0.0782152 0.461219
    outer loop
      vertex -28.7324 37.0827 14
      vertex -31.0456 37.4791 9.5
      vertex -28.7334 37.0714 14
    endloop
  endfacet
  facet normal 0.0782186 0.883871 0.461145
    outer loop
      vertex -34 35 9.5
      vertex -34.0113 32.6532 14
      vertex -34 32.6522 14
    endloop
  endfacet
  facet normal 0.0773799 0.88393 0.461173
    outer loop
      vertex -34.0113 32.6532 14
      vertex -34 35 9.5
      vertex -34.5209 35.0456 9.5
    endloop
  endfacet
  facet normal -0.229616 0.857085 0.461174
    outer loop
      vertex -32.1709 32.9747 14
      vertex -32.9739 35.1809 9.5
      vertex -33.0604 32.7364 14
    endloop
  endfacet
  facet normal 0.857085 0.229616 0.461174
    outer loop
      vertex -39.0253 36.1709 14
      vertex -36.8191 36.9739 9.5
      vertex -39.2636 37.0604 14
    endloop
  endfacet
  facet normal -0.857085 0.229616 0.461174
    outer loop
      vertex -28.9747 36.1709 14
      vertex -28.7364 37.0604 14
      vertex -31.1809 36.9739 9.5
    endloop
  endfacet
  facet normal 0.0782152 -0.883832 0.461219
    outer loop
      vertex -34.5209 40.9544 9.5
      vertex -34.9173 43.2676 14
      vertex -34.9286 43.2666 14
    endloop
  endfacet
  facet normal 0.0773791 -0.883921 0.461191
    outer loop
      vertex -34.9173 43.2676 14
      vertex -34.5209 40.9544 9.5
      vertex -34 41 9.5
    endloop
  endfacet
  facet normal -0.726814 0.508973 0.461181
    outer loop
      vertex -31.7019 36.0716 9.5
      vertex -29.3686 35.3261 14
      vertex -31.4019 36.5 9.5
    endloop
  endfacet
  facet normal -0.723908 0.513741 0.460464
    outer loop
      vertex -29.3686 35.3261 14
      vertex -31.7019 36.0716 9.5
      vertex -29.3752 35.3168 14
    endloop
  endfacet
  facet normal 0.726868 0.508895 0.461182
    outer loop
      vertex -38.0967 34.5625 14
      vertex -36.2981 36.0716 9.5
      vertex -38.6248 35.3168 14
    endloop
  endfacet
  facet normal -0.62742 0.62742 0.461182
    outer loop
      vertex -32.0716 35.7019 9.5
      vertex -29.9033 34.5625 14
      vertex -31.7019 36.0716 9.5
    endloop
  endfacet
  facet normal -0.62742 0.62742 0.461182
    outer loop
      vertex -29.9033 34.5625 14
      vertex -32.0716 35.7019 9.5
      vertex -30.5625 33.9033 14
    endloop
  endfacet
  facet normal 0.883935 -0.0772829 0.461179
    outer loop
      vertex -37 38 9.5
      vertex -39.2676 38.9173 14
      vertex -39.3478 38 14
    endloop
  endfacet
  facet normal -0.857096 0.229543 0.461191
    outer loop
      vertex -31.1809 36.9739 9.5
      vertex -28.7334 37.0714 14
      vertex -31.0456 37.4791 9.5
    endloop
  endfacet
  facet normal -0.856297 0.233535 0.46067
    outer loop
      vertex -28.7334 37.0714 14
      vertex -31.1809 36.9739 9.5
      vertex -28.7364 37.0604 14
    endloop
  endfacet
  facet normal 0.883921 0.0773791 0.461191
    outer loop
      vertex -39.2676 37.0827 14
      vertex -36.9544 37.4791 9.5
      vertex -37 38 9.5
    endloop
  endfacet
  facet normal 0.883832 0.0782152 0.461219
    outer loop
      vertex -36.9544 37.4791 9.5
      vertex -39.2676 37.0827 14
      vertex -39.2666 37.0714 14
    endloop
  endfacet
  facet normal 0.80425 -0.374796 0.461205
    outer loop
      vertex -39.0253 39.8291 14
      vertex -36.5981 39.5 9.5
      vertex -39.0205 39.8394 14
    endloop
  endfacet
  facet normal 0.804164 -0.375017 0.461175
    outer loop
      vertex -36.5981 39.5 9.5
      vertex -39.0253 39.8291 14
      vertex -36.8191 39.0261 9.5
    endloop
  endfacet
  facet normal -0.726868 0.508895 0.461182
    outer loop
      vertex -29.9033 34.5625 14
      vertex -29.3752 35.3168 14
      vertex -31.7019 36.0716 9.5
    endloop
  endfacet
  facet normal -0.883935 0.0772829 0.461179
    outer loop
      vertex -28.7324 37.0827 14
      vertex -28.6522 38 14
      vertex -31 38 9.5
    endloop
  endfacet
  facet normal 0.229543 0.857096 0.461191
    outer loop
      vertex -35.0261 35.1809 9.5
      vertex -34.9286 32.7334 14
      vertex -34.5209 35.0456 9.5
    endloop
  endfacet
  facet normal 0.233535 0.856297 0.46067
    outer loop
      vertex -34.9286 32.7334 14
      vertex -35.0261 35.1809 9.5
      vertex -34.9396 32.7364 14
    endloop
  endfacet
  facet normal 0.727287 -0.508319 0.461156
    outer loop
      vertex -38.1032 41.4282 14
      vertex -36.2981 39.9284 9.5
      vertex -38.0967 41.4375 14
    endloop
  endfacet
  facet normal 0.726813 -0.508972 0.461184
    outer loop
      vertex -36.2981 39.9284 9.5
      vertex -38.1032 41.4282 14
      vertex -36.5981 39.5 9.5
    endloop
  endfacet
  facet normal -0.804187 0.374966 0.461177
    outer loop
      vertex -29.3638 35.3364 14
      vertex -28.9747 36.1709 14
      vertex -31.1809 36.9739 9.5
    endloop
  endfacet
  facet normal 0.804187 0.374966 0.461177
    outer loop
      vertex -38.6362 35.3364 14
      vertex -36.8191 36.9739 9.5
      vertex -39.0253 36.1709 14
    endloop
  endfacet
  facet normal -0.508319 0.727287 0.461156
    outer loop
      vertex -32.0716 35.7019 9.5
      vertex -30.5718 33.8968 14
      vertex -30.5625 33.9033 14
    endloop
  endfacet
  facet normal -0.508972 0.726813 0.461184
    outer loop
      vertex -30.5718 33.8968 14
      vertex -32.0716 35.7019 9.5
      vertex -32.5 35.4019 9.5
    endloop
  endfacet
  facet normal 0.508959 0.726823 0.461182
    outer loop
      vertex -36.6739 33.3686 14
      vertex -35.5 35.4019 9.5
      vertex -37.4282 33.8968 14
    endloop
  endfacet
  facet normal -0.726823 -0.508959 0.461182
    outer loop
      vertex -29.3686 40.6739 14
      vertex -29.8968 41.4282 14
      vertex -31.4019 39.5 9.5
    endloop
  endfacet
  facet normal -0.80416 0.375015 0.461184
    outer loop
      vertex -31.4019 36.5 9.5
      vertex -29.3638 35.3364 14
      vertex -31.1809 36.9739 9.5
    endloop
  endfacet
  facet normal -0.804264 0.374803 0.461176
    outer loop
      vertex -29.3638 35.3364 14
      vertex -31.4019 36.5 9.5
      vertex -29.3686 35.3261 14
    endloop
  endfacet
  facet normal 0.856297 0.233535 0.46067
    outer loop
      vertex -36.8191 36.9739 9.5
      vertex -39.2666 37.0714 14
      vertex -39.2636 37.0604 14
    endloop
  endfacet
  facet normal 0.857096 0.229543 0.461191
    outer loop
      vertex -39.2666 37.0714 14
      vertex -36.8191 36.9739 9.5
      vertex -36.9544 37.4791 9.5
    endloop
  endfacet
  facet normal 0.857085 -0.229616 0.461174
    outer loop
      vertex -36.8191 39.0261 9.5
      vertex -39.0253 39.8291 14
      vertex -39.2636 38.9396 14
    endloop
  endfacet
  facet normal 0.883832 -0.0782152 0.461219
    outer loop
      vertex -39.2676 38.9173 14
      vertex -36.9544 38.5209 9.5
      vertex -39.2666 38.9286 14
    endloop
  endfacet
  facet normal 0.883921 -0.0773791 0.461191
    outer loop
      vertex -36.9544 38.5209 9.5
      vertex -39.2676 38.9173 14
      vertex -37 38 9.5
    endloop
  endfacet
  facet normal -0.80425 -0.374796 0.461205
    outer loop
      vertex -31.4019 39.5 9.5
      vertex -28.9747 39.8291 14
      vertex -28.9795 39.8394 14
    endloop
  endfacet
  facet normal -0.804164 -0.375017 0.461175
    outer loop
      vertex -28.9747 39.8291 14
      vertex -31.4019 39.5 9.5
      vertex -31.1809 39.0261 9.5
    endloop
  endfacet
  facet normal 0.233535 -0.856297 0.46067
    outer loop
      vertex -35.0261 40.8191 9.5
      vertex -34.9286 43.2666 14
      vertex -34.9396 43.2636 14
    endloop
  endfacet
  facet normal 0.229543 -0.857096 0.461191
    outer loop
      vertex -34.9286 43.2666 14
      vertex -35.0261 40.8191 9.5
      vertex -34.5209 40.9544 9.5
    endloop
  endfacet
  facet normal 0.375017 0.804164 0.461175
    outer loop
      vertex -35.5 35.4019 9.5
      vertex -35.8291 32.9747 14
      vertex -35.0261 35.1809 9.5
    endloop
  endfacet
  facet normal 0.374796 0.80425 0.461205
    outer loop
      vertex -35.8291 32.9747 14
      vertex -35.5 35.4019 9.5
      vertex -35.8394 32.9795 14
    endloop
  endfacet
  facet normal 0.374965 0.804184 0.461182
    outer loop
      vertex -35.8394 32.9795 14
      vertex -35.5 35.4019 9.5
      vertex -36.6739 33.3686 14
    endloop
  endfacet
  facet normal -0.0772829 -0.883935 0.461179
    outer loop
      vertex -33.0827 43.2676 14
      vertex -34 43.3478 14
      vertex -34 41 9.5
    endloop
  endfacet
  facet normal 0.508972 0.726813 0.461184
    outer loop
      vertex -35.9284 35.7019 9.5
      vertex -37.4282 33.8968 14
      vertex -35.5 35.4019 9.5
    endloop
  endfacet
  facet normal 0.508319 0.727287 0.461156
    outer loop
      vertex -37.4282 33.8968 14
      vertex -35.9284 35.7019 9.5
      vertex -37.4375 33.9033 14
    endloop
  endfacet
  facet normal -0.375017 -0.804164 0.461175
    outer loop
      vertex -32.5 40.5981 9.5
      vertex -32.1709 43.0253 14
      vertex -32.9739 40.8191 9.5
    endloop
  endfacet
  facet normal -0.374796 -0.80425 0.461205
    outer loop
      vertex -32.1709 43.0253 14
      vertex -32.5 40.5981 9.5
      vertex -32.1606 43.0205 14
    endloop
  endfacet
  facet normal 0.229616 0.857085 0.461174
    outer loop
      vertex -34.9396 32.7364 14
      vertex -35.0261 35.1809 9.5
      vertex -35.8291 32.9747 14
    endloop
  endfacet
  facet normal -0.374796 0.80425 0.461205
    outer loop
      vertex -32.5 35.4019 9.5
      vertex -32.1709 32.9747 14
      vertex -32.1606 32.9795 14
    endloop
  endfacet
  facet normal -0.375017 0.804164 0.461175
    outer loop
      vertex -32.1709 32.9747 14
      vertex -32.5 35.4019 9.5
      vertex -32.9739 35.1809 9.5
    endloop
  endfacet
  facet normal -0.508959 0.726823 0.461182
    outer loop
      vertex -31.3261 33.3686 14
      vertex -30.5718 33.8968 14
      vertex -32.5 35.4019 9.5
    endloop
  endfacet
  facet normal 0.508959 -0.726823 0.461182
    outer loop
      vertex -35.5 40.5981 9.5
      vertex -36.6739 42.6314 14
      vertex -37.4282 42.1032 14
    endloop
  endfacet
  facet normal 0.0772829 -0.883935 0.461179
    outer loop
      vertex -34 41 9.5
      vertex -34 43.3478 14
      vertex -34.9173 43.2676 14
    endloop
  endfacet
  facet normal 0.856297 -0.233535 0.46067
    outer loop
      vertex -39.2666 38.9286 14
      vertex -36.8191 39.0261 9.5
      vertex -39.2636 38.9396 14
    endloop
  endfacet
  facet normal 0.857096 -0.229543 0.461191
    outer loop
      vertex -36.8191 39.0261 9.5
      vertex -39.2666 38.9286 14
      vertex -36.9544 38.5209 9.5
    endloop
  endfacet
  facet normal 0.229616 -0.857085 0.461174
    outer loop
      vertex -35.0261 40.8191 9.5
      vertex -34.9396 43.2636 14
      vertex -35.8291 43.0253 14
    endloop
  endfacet
  facet normal -0.0773799 0.88393 0.461173
    outer loop
      vertex -34 35 9.5
      vertex -33.9887 32.6532 14
      vertex -33.4791 35.0456 9.5
    endloop
  endfacet
  facet normal -0.0782186 0.883871 0.461145
    outer loop
      vertex -33.9887 32.6532 14
      vertex -34 35 9.5
      vertex -34 32.6522 14
    endloop
  endfacet
  facet normal 0.726823 -0.508959 0.461182
    outer loop
      vertex -36.5981 39.5 9.5
      vertex -38.1032 41.4282 14
      vertex -38.6314 40.6739 14
    endloop
  endfacet
  facet normal -0.0773791 -0.883921 0.461191
    outer loop
      vertex -33.4791 40.9544 9.5
      vertex -33.0827 43.2676 14
      vertex -34 41 9.5
    endloop
  endfacet
  facet normal -0.0782152 -0.883832 0.461219
    outer loop
      vertex -33.0827 43.2676 14
      vertex -33.4791 40.9544 9.5
      vertex -33.0714 43.2666 14
    endloop
  endfacet
  facet normal -0.229616 -0.857085 0.461174
    outer loop
      vertex -32.9739 40.8191 9.5
      vertex -32.1709 43.0253 14
      vertex -33.0604 43.2636 14
    endloop
  endfacet
  facet normal 0.726814 0.508973 0.461181
    outer loop
      vertex -38.6314 35.3261 14
      vertex -36.2981 36.0716 9.5
      vertex -36.5981 36.5 9.5
    endloop
  endfacet
  facet normal 0.723908 0.513741 0.460464
    outer loop
      vertex -36.2981 36.0716 9.5
      vertex -38.6314 35.3261 14
      vertex -38.6248 35.3168 14
    endloop
  endfacet
  facet normal 0.80416 0.375015 0.461184
    outer loop
      vertex -38.6362 35.3364 14
      vertex -36.5981 36.5 9.5
      vertex -36.8191 36.9739 9.5
    endloop
  endfacet
  facet normal 0.804264 0.374803 0.461176
    outer loop
      vertex -36.5981 36.5 9.5
      vertex -38.6362 35.3364 14
      vertex -38.6314 35.3261 14
    endloop
  endfacet
  facet normal 0.0772826 0.883932 0.461186
    outer loop
      vertex -34.0113 32.6532 14
      vertex -34.5209 35.0456 9.5
      vertex -34.9286 32.7334 14
    endloop
  endfacet
  facet normal -0.0772826 0.883932 0.461186
    outer loop
      vertex -33.0714 32.7334 14
      vertex -33.4791 35.0456 9.5
      vertex -33.9887 32.6532 14
    endloop
  endfacet
  facet normal -0.508959 -0.726823 0.461182
    outer loop
      vertex -30.5718 42.1032 14
      vertex -31.3261 42.6314 14
      vertex -32.5 40.5981 9.5
    endloop
  endfacet
  facet normal -0.374965 -0.804184 0.461182
    outer loop
      vertex -31.3261 42.6314 14
      vertex -32.1606 43.0205 14
      vertex -32.5 40.5981 9.5
    endloop
  endfacet
  facet normal 0.508319 -0.727287 0.461156
    outer loop
      vertex -35.9284 40.2981 9.5
      vertex -37.4282 42.1032 14
      vertex -37.4375 42.0967 14
    endloop
  endfacet
  facet normal 0.508972 -0.726813 0.461184
    outer loop
      vertex -37.4282 42.1032 14
      vertex -35.9284 40.2981 9.5
      vertex -35.5 40.5981 9.5
    endloop
  endfacet
  facet normal 0.374796 -0.80425 0.461205
    outer loop
      vertex -35.5 40.5981 9.5
      vertex -35.8291 43.0253 14
      vertex -35.8394 43.0205 14
    endloop
  endfacet
  facet normal 0.375017 -0.804164 0.461175
    outer loop
      vertex -35.8291 43.0253 14
      vertex -35.5 40.5981 9.5
      vertex -35.0261 40.8191 9.5
    endloop
  endfacet
  facet normal -0.727287 -0.508319 0.461156
    outer loop
      vertex -31.7019 39.9284 9.5
      vertex -29.8968 41.4282 14
      vertex -29.9033 41.4375 14
    endloop
  endfacet
  facet normal -0.726813 -0.508972 0.461184
    outer loop
      vertex -29.8968 41.4282 14
      vertex -31.7019 39.9284 9.5
      vertex -31.4019 39.5 9.5
    endloop
  endfacet
  facet normal -0.804184 -0.374965 0.461182
    outer loop
      vertex -28.9795 39.8394 14
      vertex -29.3686 40.6739 14
      vertex -31.4019 39.5 9.5
    endloop
  endfacet
  facet normal 0.62742 0.62742 0.461182
    outer loop
      vertex -38.0967 34.5625 14
      vertex -35.9284 35.7019 9.5
      vertex -36.2981 36.0716 9.5
    endloop
  endfacet
  facet normal 0.62742 0.62742 0.461182
    outer loop
      vertex -35.9284 35.7019 9.5
      vertex -38.0967 34.5625 14
      vertex -37.4375 33.9033 14
    endloop
  endfacet
  facet normal -0.229543 -0.857096 0.461191
    outer loop
      vertex -32.9739 40.8191 9.5
      vertex -33.0714 43.2666 14
      vertex -33.4791 40.9544 9.5
    endloop
  endfacet
  facet normal -0.233535 -0.856297 0.46067
    outer loop
      vertex -33.0714 43.2666 14
      vertex -32.9739 40.8191 9.5
      vertex -33.0604 43.2636 14
    endloop
  endfacet
  facet normal 0.62742 -0.62742 0.461182
    outer loop
      vertex -38.0967 41.4375 14
      vertex -35.9284 40.2981 9.5
      vertex -37.4375 42.0967 14
    endloop
  endfacet
  facet normal 0.62742 -0.62742 0.461182
    outer loop
      vertex -35.9284 40.2981 9.5
      vertex -38.0967 41.4375 14
      vertex -36.2981 39.9284 9.5
    endloop
  endfacet
  facet normal -0.508972 -0.726813 0.461184
    outer loop
      vertex -32.0716 40.2981 9.5
      vertex -30.5718 42.1032 14
      vertex -32.5 40.5981 9.5
    endloop
  endfacet
  facet normal -0.508319 -0.727287 0.461156
    outer loop
      vertex -30.5718 42.1032 14
      vertex -32.0716 40.2981 9.5
      vertex -30.5625 42.0967 14
    endloop
  endfacet
  facet normal -0.62742 -0.62742 0.461182
    outer loop
      vertex -32.0716 40.2981 9.5
      vertex -29.9033 41.4375 14
      vertex -30.5625 42.0967 14
    endloop
  endfacet
  facet normal -0.62742 -0.62742 0.461182
    outer loop
      vertex -29.9033 41.4375 14
      vertex -32.0716 40.2981 9.5
      vertex -31.7019 39.9284 9.5
    endloop
  endfacet
  facet normal -0.857085 -0.229616 0.461174
    outer loop
      vertex -28.7364 38.9396 14
      vertex -28.9747 39.8291 14
      vertex -31.1809 39.0261 9.5
    endloop
  endfacet
  facet normal -0.856297 -0.233535 0.46067
    outer loop
      vertex -31.1809 39.0261 9.5
      vertex -28.7334 38.9286 14
      vertex -28.7364 38.9396 14
    endloop
  endfacet
  facet normal -0.857096 -0.229543 0.461191
    outer loop
      vertex -28.7334 38.9286 14
      vertex -31.1809 39.0261 9.5
      vertex -31.0456 38.5209 9.5
    endloop
  endfacet
  facet normal -0.258698 0.965958 0
    outer loop
      vertex -32.9739 35.1809 0
      vertex -33.4791 35.0456 9.5
      vertex -32.9739 35.1809 9.5
    endloop
  endfacet
  facet normal -0.258698 0.965958 0
    outer loop
      vertex -33.4791 35.0456 9.5
      vertex -32.9739 35.1809 0
      vertex -33.4791 35.0456 0
    endloop
  endfacet
  facet normal -0.965958 -0.258698 0
    outer loop
      vertex -31.0456 38.5209 0
      vertex -31.1809 39.0261 9.5
      vertex -31.1809 39.0261 0
    endloop
  endfacet
  facet normal -0.965958 -0.258698 0
    outer loop
      vertex -31.1809 39.0261 9.5
      vertex -31.0456 38.5209 0
      vertex -31.0456 38.5209 9.5
    endloop
  endfacet
  facet normal -0.99619 -0.0872073 0
    outer loop
      vertex -31 38 0
      vertex -31.0456 38.5209 9.5
      vertex -31.0456 38.5209 0
    endloop
  endfacet
  facet normal -0.99619 -0.0872073 0
    outer loop
      vertex -31.0456 38.5209 9.5
      vertex -31 38 0
      vertex -31 38 9.5
    endloop
  endfacet
  facet normal -0.906295 -0.422645 0
    outer loop
      vertex -31.1809 39.0261 0
      vertex -31.4019 39.5 9.5
      vertex -31.4019 39.5 0
    endloop
  endfacet
  facet normal -0.906295 -0.422645 0
    outer loop
      vertex -31.4019 39.5 9.5
      vertex -31.1809 39.0261 0
      vertex -31.1809 39.0261 9.5
    endloop
  endfacet
  facet normal 0.819124 0.573616 0
    outer loop
      vertex -36.2981 36.0716 9.5
      vertex -36.5981 36.5 0
      vertex -36.5981 36.5 9.5
    endloop
  endfacet
  facet normal 0.819124 0.573616 0
    outer loop
      vertex -36.5981 36.5 0
      vertex -36.2981 36.0716 9.5
      vertex -36.2981 36.0716 0
    endloop
  endfacet
  facet normal -0.573616 -0.819124 0
    outer loop
      vertex -32.5 40.5981 0
      vertex -32.0716 40.2981 9.5
      vertex -32.5 40.5981 9.5
    endloop
  endfacet
  facet normal -0.573616 -0.819124 -0
    outer loop
      vertex -32.0716 40.2981 9.5
      vertex -32.5 40.5981 0
      vertex -32.0716 40.2981 0
    endloop
  endfacet
  facet normal -0.573616 0.819124 0
    outer loop
      vertex -32.0716 35.7019 0
      vertex -32.5 35.4019 9.5
      vertex -32.0716 35.7019 9.5
    endloop
  endfacet
  facet normal -0.573616 0.819124 0
    outer loop
      vertex -32.5 35.4019 9.5
      vertex -32.0716 35.7019 0
      vertex -32.5 35.4019 0
    endloop
  endfacet
  facet normal -0.819124 -0.573616 0
    outer loop
      vertex -31.4019 39.5 0
      vertex -31.7019 39.9284 9.5
      vertex -31.7019 39.9284 0
    endloop
  endfacet
  facet normal -0.819124 -0.573616 0
    outer loop
      vertex -31.7019 39.9284 9.5
      vertex -31.4019 39.5 0
      vertex -31.4019 39.5 9.5
    endloop
  endfacet
  facet normal 0.819124 -0.573616 0
    outer loop
      vertex -36.5981 39.5 9.5
      vertex -36.2981 39.9284 0
      vertex -36.2981 39.9284 9.5
    endloop
  endfacet
  facet normal 0.819124 -0.573616 0
    outer loop
      vertex -36.2981 39.9284 0
      vertex -36.5981 39.5 9.5
      vertex -36.5981 39.5 0
    endloop
  endfacet
  facet normal 0.258698 0.965958 -0
    outer loop
      vertex -34.5209 35.0456 0
      vertex -35.0261 35.1809 9.5
      vertex -34.5209 35.0456 9.5
    endloop
  endfacet
  facet normal 0.258698 0.965958 0
    outer loop
      vertex -35.0261 35.1809 9.5
      vertex -34.5209 35.0456 0
      vertex -35.0261 35.1809 0
    endloop
  endfacet
  facet normal 0.0872073 -0.99619 0
    outer loop
      vertex -34.5209 40.9544 0
      vertex -34 41 9.5
      vertex -34.5209 40.9544 9.5
    endloop
  endfacet
  facet normal 0.0872073 -0.99619 0
    outer loop
      vertex -34 41 9.5
      vertex -34.5209 40.9544 0
      vertex -34 41 0
    endloop
  endfacet
  facet normal 0.906295 0.422645 0
    outer loop
      vertex -36.5981 36.5 9.5
      vertex -36.8191 36.9739 0
      vertex -36.8191 36.9739 9.5
    endloop
  endfacet
  facet normal 0.906295 0.422645 0
    outer loop
      vertex -36.8191 36.9739 0
      vertex -36.5981 36.5 9.5
      vertex -36.5981 36.5 0
    endloop
  endfacet
  facet normal -0.422645 0.906295 0
    outer loop
      vertex -32.5 35.4019 0
      vertex -32.9739 35.1809 9.5
      vertex -32.5 35.4019 9.5
    endloop
  endfacet
  facet normal -0.422645 0.906295 0
    outer loop
      vertex -32.9739 35.1809 9.5
      vertex -32.5 35.4019 0
      vertex -32.9739 35.1809 0
    endloop
  endfacet
  facet normal -0.99619 0.0872073 0
    outer loop
      vertex -31.0456 37.4791 0
      vertex -31 38 9.5
      vertex -31 38 0
    endloop
  endfacet
  facet normal -0.99619 0.0872073 0
    outer loop
      vertex -31 38 9.5
      vertex -31.0456 37.4791 0
      vertex -31.0456 37.4791 9.5
    endloop
  endfacet
  facet normal 0.99619 -0.0872073 0
    outer loop
      vertex -37 38 9.5
      vertex -36.9544 38.5209 0
      vertex -36.9544 38.5209 9.5
    endloop
  endfacet
  facet normal 0.99619 -0.0872073 0
    outer loop
      vertex -36.9544 38.5209 0
      vertex -37 38 9.5
      vertex -37 38 0
    endloop
  endfacet
  facet normal -0.707107 0.707107 0
    outer loop
      vertex -31.7019 36.0716 0
      vertex -32.0716 35.7019 9.5
      vertex -31.7019 36.0716 9.5
    endloop
  endfacet
  facet normal -0.707107 0.707107 0
    outer loop
      vertex -32.0716 35.7019 9.5
      vertex -31.7019 36.0716 0
      vertex -32.0716 35.7019 0
    endloop
  endfacet
  facet normal -0.819124 0.573616 0
    outer loop
      vertex -31.7019 36.0716 0
      vertex -31.4019 36.5 9.5
      vertex -31.4019 36.5 0
    endloop
  endfacet
  facet normal -0.819124 0.573616 0
    outer loop
      vertex -31.4019 36.5 9.5
      vertex -31.7019 36.0716 0
      vertex -31.7019 36.0716 9.5
    endloop
  endfacet
  facet normal -0.0872073 0.99619 0
    outer loop
      vertex -33.4791 35.0456 0
      vertex -34 35 9.5
      vertex -33.4791 35.0456 9.5
    endloop
  endfacet
  facet normal -0.0872073 0.99619 0
    outer loop
      vertex -34 35 9.5
      vertex -33.4791 35.0456 0
      vertex -34 35 0
    endloop
  endfacet
  facet normal 0.573616 -0.819124 0
    outer loop
      vertex -35.9284 40.2981 0
      vertex -35.5 40.5981 9.5
      vertex -35.9284 40.2981 9.5
    endloop
  endfacet
  facet normal 0.573616 -0.819124 0
    outer loop
      vertex -35.5 40.5981 9.5
      vertex -35.9284 40.2981 0
      vertex -35.5 40.5981 0
    endloop
  endfacet
  facet normal -0.906295 0.422645 0
    outer loop
      vertex -31.4019 36.5 0
      vertex -31.1809 36.9739 9.5
      vertex -31.1809 36.9739 0
    endloop
  endfacet
  facet normal -0.906295 0.422645 0
    outer loop
      vertex -31.1809 36.9739 9.5
      vertex -31.4019 36.5 0
      vertex -31.4019 36.5 9.5
    endloop
  endfacet
  facet normal -0.258698 -0.965958 0
    outer loop
      vertex -33.4791 40.9544 0
      vertex -32.9739 40.8191 9.5
      vertex -33.4791 40.9544 9.5
    endloop
  endfacet
  facet normal -0.258698 -0.965958 -0
    outer loop
      vertex -32.9739 40.8191 9.5
      vertex -33.4791 40.9544 0
      vertex -32.9739 40.8191 0
    endloop
  endfacet
  facet normal -0.707107 -0.707107 0
    outer loop
      vertex -31.7019 39.9284 0
      vertex -32.0716 40.2981 9.5
      vertex -32.0716 40.2981 0
    endloop
  endfacet
  facet normal -0.707107 -0.707107 0
    outer loop
      vertex -32.0716 40.2981 9.5
      vertex -31.7019 39.9284 0
      vertex -31.7019 39.9284 9.5
    endloop
  endfacet
  facet normal 0.99619 0.0872073 0
    outer loop
      vertex -36.9544 37.4791 9.5
      vertex -37 38 0
      vertex -37 38 9.5
    endloop
  endfacet
  facet normal 0.99619 0.0872073 0
    outer loop
      vertex -37 38 0
      vertex -36.9544 37.4791 9.5
      vertex -36.9544 37.4791 0
    endloop
  endfacet
  facet normal -0.422645 -0.906295 0
    outer loop
      vertex -32.9739 40.8191 0
      vertex -32.5 40.5981 9.5
      vertex -32.9739 40.8191 9.5
    endloop
  endfacet
  facet normal -0.422645 -0.906295 -0
    outer loop
      vertex -32.5 40.5981 9.5
      vertex -32.9739 40.8191 0
      vertex -32.5 40.5981 0
    endloop
  endfacet
  facet normal 0.422645 -0.906295 0
    outer loop
      vertex -35.5 40.5981 0
      vertex -35.0261 40.8191 9.5
      vertex -35.5 40.5981 9.5
    endloop
  endfacet
  facet normal 0.422645 -0.906295 0
    outer loop
      vertex -35.0261 40.8191 9.5
      vertex -35.5 40.5981 0
      vertex -35.0261 40.8191 0
    endloop
  endfacet
  facet normal 0.258698 -0.965958 0
    outer loop
      vertex -35.0261 40.8191 0
      vertex -34.5209 40.9544 9.5
      vertex -35.0261 40.8191 9.5
    endloop
  endfacet
  facet normal 0.258698 -0.965958 0
    outer loop
      vertex -34.5209 40.9544 9.5
      vertex -35.0261 40.8191 0
      vertex -34.5209 40.9544 0
    endloop
  endfacet
  facet normal 0.707107 -0.707107 0
    outer loop
      vertex -36.2981 39.9284 9.5
      vertex -35.9284 40.2981 0
      vertex -35.9284 40.2981 9.5
    endloop
  endfacet
  facet normal 0.707107 -0.707107 0
    outer loop
      vertex -35.9284 40.2981 0
      vertex -36.2981 39.9284 9.5
      vertex -36.2981 39.9284 0
    endloop
  endfacet
  facet normal -0.965958 0.258698 0
    outer loop
      vertex -31.1809 36.9739 0
      vertex -31.0456 37.4791 9.5
      vertex -31.0456 37.4791 0
    endloop
  endfacet
  facet normal -0.965958 0.258698 0
    outer loop
      vertex -31.0456 37.4791 9.5
      vertex -31.1809 36.9739 0
      vertex -31.1809 36.9739 9.5
    endloop
  endfacet
  facet normal 0.0872073 0.99619 -0
    outer loop
      vertex -34 35 0
      vertex -34.5209 35.0456 9.5
      vertex -34 35 9.5
    endloop
  endfacet
  facet normal 0.0872073 0.99619 0
    outer loop
      vertex -34.5209 35.0456 9.5
      vertex -34 35 0
      vertex -34.5209 35.0456 0
    endloop
  endfacet
  facet normal 0.573616 0.819124 -0
    outer loop
      vertex -35.5 35.4019 0
      vertex -35.9284 35.7019 9.5
      vertex -35.5 35.4019 9.5
    endloop
  endfacet
  facet normal 0.573616 0.819124 0
    outer loop
      vertex -35.9284 35.7019 9.5
      vertex -35.5 35.4019 0
      vertex -35.9284 35.7019 0
    endloop
  endfacet
  facet normal 0.422645 0.906295 -0
    outer loop
      vertex -35.0261 35.1809 0
      vertex -35.5 35.4019 9.5
      vertex -35.0261 35.1809 9.5
    endloop
  endfacet
  facet normal 0.422645 0.906295 0
    outer loop
      vertex -35.5 35.4019 9.5
      vertex -35.0261 35.1809 0
      vertex -35.5 35.4019 0
    endloop
  endfacet
  facet normal -0.0872073 -0.99619 0
    outer loop
      vertex -34 41 0
      vertex -33.4791 40.9544 9.5
      vertex -34 41 9.5
    endloop
  endfacet
  facet normal -0.0872073 -0.99619 -0
    outer loop
      vertex -33.4791 40.9544 9.5
      vertex -34 41 0
      vertex -33.4791 40.9544 0
    endloop
  endfacet
  facet normal 0.965958 0.258698 0
    outer loop
      vertex -36.8191 36.9739 9.5
      vertex -36.9544 37.4791 0
      vertex -36.9544 37.4791 9.5
    endloop
  endfacet
  facet normal 0.965958 0.258698 0
    outer loop
      vertex -36.9544 37.4791 0
      vertex -36.8191 36.9739 9.5
      vertex -36.8191 36.9739 0
    endloop
  endfacet
  facet normal 0.707107 0.707107 -0
    outer loop
      vertex -35.9284 35.7019 0
      vertex -36.2981 36.0716 9.5
      vertex -35.9284 35.7019 9.5
    endloop
  endfacet
  facet normal 0.707107 0.707107 0
    outer loop
      vertex -36.2981 36.0716 9.5
      vertex -35.9284 35.7019 0
      vertex -36.2981 36.0716 0
    endloop
  endfacet
  facet normal 0.965958 -0.258698 0
    outer loop
      vertex -36.9544 38.5209 9.5
      vertex -36.8191 39.0261 0
      vertex -36.8191 39.0261 9.5
    endloop
  endfacet
  facet normal 0.965958 -0.258698 0
    outer loop
      vertex -36.8191 39.0261 0
      vertex -36.9544 38.5209 9.5
      vertex -36.9544 38.5209 0
    endloop
  endfacet
  facet normal 0.906295 -0.422645 0
    outer loop
      vertex -36.8191 39.0261 9.5
      vertex -36.5981 39.5 0
      vertex -36.5981 39.5 9.5
    endloop
  endfacet
  facet normal 0.906295 -0.422645 0
    outer loop
      vertex -36.5981 39.5 0
      vertex -36.8191 39.0261 9.5
      vertex -36.8191 39.0261 0
    endloop
  endfacet
  facet normal 0.978337 0.207019 0
    outer loop
      vertex 29.9 47.5824 56
      vertex 27.6956 58 29.2728
      vertex 27.6956 58 53.5
    endloop
  endfacet
  facet normal 0.978336 0.207023 1.36769e-05
    outer loop
      vertex 29.9 47.5824 56
      vertex 27.6956 58 53.5
      vertex 28.1611 55.8 56
    endloop
  endfacet
  facet normal 0.978339 0.207008 9.98442e-06
    outer loop
      vertex 29.9 47.5824 14
      vertex 27.6956 58 26.7272
      vertex 27.9649 56.7272 28
    endloop
  endfacet
  facet normal 0.97834 0.207004 -6.22126e-06
    outer loop
      vertex 27.6956 58 29.2728
      vertex 29.9 47.5824 56
      vertex 27.9649 56.7272 28
    endloop
  endfacet
  facet normal 0.978336 0.207022 -0
    outer loop
      vertex 29.9 47.5824 14
      vertex 27.9649 56.7272 28
      vertex 29.9 47.5824 56
    endloop
  endfacet
  facet normal 0.978337 0.207019 0
    outer loop
      vertex 27.6956 58 26.7272
      vertex 29.9 47.5824 14
      vertex 27.6956 58 14
    endloop
  endfacet
  facet normal -0 0 1
    outer loop
      vertex 37.4375 42.0967 14
      vertex 38.1 41.5077 14
      vertex 38.1 47.5824 14
    endloop
  endfacet
  facet normal 0 0 1
    outer loop
      vertex 38.1 41.5077 14
      vertex 37.4375 42.0967 14
      vertex 38.0967 41.4375 14
    endloop
  endfacet
  facet normal 0 0 1
    outer loop
      vertex 38.1 47.5824 14
      vertex 37.4282 42.1032 14
      vertex 37.4375 42.0967 14
    endloop
  endfacet
  facet normal 0 0 1
    outer loop
      vertex 38.1 47.5824 14
      vertex 36.6739 42.6314 14
      vertex 37.4282 42.1032 14
    endloop
  endfacet
  facet normal 0 0 1
    outer loop
      vertex 29.9 47.5824 14
      vertex 38.1 47.5824 14
      vertex 40.3044 58 14
    endloop
  endfacet
  facet normal 0 0 1
    outer loop
      vertex 38.1 47.5824 14
      vertex 35.8394 43.0205 14
      vertex 36.6739 42.6314 14
    endloop
  endfacet
  facet normal 0 0 1
    outer loop
      vertex 38.1 47.5824 14
      vertex 35.8291 43.0253 14
      vertex 35.8394 43.0205 14
    endloop
  endfacet
  facet normal 0 0 1
    outer loop
      vertex 38.1 47.5824 14
      vertex 34.9396 43.2636 14
      vertex 35.8291 43.0253 14
    endloop
  endfacet
  facet normal 0 -0 1
    outer loop
      vertex 34 43.3478 14
      vertex 38.1 47.5824 14
      vertex 29.9 47.5824 14
    endloop
  endfacet
  facet normal 0 0 1
    outer loop
      vertex 38.1 47.5824 14
      vertex 34.9286 43.2666 14
      vertex 34.9396 43.2636 14
    endloop
  endfacet
  facet normal 0 0 1
    outer loop
      vertex 38.1 47.5824 14
      vertex 34.9173 43.2676 14
      vertex 34.9286 43.2666 14
    endloop
  endfacet
  facet normal 0 0 1
    outer loop
      vertex 38.1 47.5824 14
      vertex 34 43.3478 14
      vertex 34.9173 43.2676 14
    endloop
  endfacet
  facet normal 0 0 1
    outer loop
      vertex 34 43.3478 14
      vertex 29.9 47.5824 14
      vertex 33.0827 43.2676 14
    endloop
  endfacet
  facet normal 0 0 1
    outer loop
      vertex 33.0827 43.2676 14
      vertex 29.9 47.5824 14
      vertex 33.0714 43.2666 14
    endloop
  endfacet
  facet normal 0 0 1
    outer loop
      vertex 33.0714 43.2666 14
      vertex 29.9 47.5824 14
      vertex 33.0604 43.2636 14
    endloop
  endfacet
  facet normal 0 0 1
    outer loop
      vertex 33.0604 43.2636 14
      vertex 29.9 47.5824 14
      vertex 32.1709 43.0253 14
    endloop
  endfacet
  facet normal 0 0 1
    outer loop
      vertex 32.1709 43.0253 14
      vertex 29.9 47.5824 14
      vertex 32.1606 43.0205 14
    endloop
  endfacet
  facet normal 0 0 1
    outer loop
      vertex 32.1606 43.0205 14
      vertex 29.9 47.5824 14
      vertex 31.3261 42.6314 14
    endloop
  endfacet
  facet normal 0 0 1
    outer loop
      vertex 31.3261 42.6314 14
      vertex 29.9 47.5824 14
      vertex 30.5718 42.1032 14
    endloop
  endfacet
  facet normal 0 0 1
    outer loop
      vertex 30.5718 42.1032 14
      vertex 29.9 47.5824 14
      vertex 30.5625 42.0967 14
    endloop
  endfacet
  facet normal 0 0 1
    outer loop
      vertex 30.5625 42.0967 14
      vertex 29.9 47.5824 14
      vertex 29.9 41.5077 14
    endloop
  endfacet
  facet normal 0 -0 1
    outer loop
      vertex 29.9 47.5824 14
      vertex 40.3044 58 14
      vertex 27.6956 58 14
    endloop
  endfacet
  facet normal -0 0 1
    outer loop
      vertex 39.2676 38.9173 14
      vertex 39.4 38 14
      vertex 39.318 38.9377 14
    endloop
  endfacet
  facet normal 0 0 1
    outer loop
      vertex 39.4 38 14
      vertex 39.2676 38.9173 14
      vertex 39.3478 38 14
    endloop
  endfacet
  facet normal 0 0 1
    outer loop
      vertex 39.318 38.9377 14
      vertex 39.2666 38.9286 14
      vertex 39.2676 38.9173 14
    endloop
  endfacet
  facet normal 0 0 1
    outer loop
      vertex 39.318 38.9377 14
      vertex 39.2636 38.9396 14
      vertex 39.2666 38.9286 14
    endloop
  endfacet
  facet normal 0 0 1
    outer loop
      vertex 39.0743 39.8469 14
      vertex 39.2636 38.9396 14
      vertex 39.318 38.9377 14
    endloop
  endfacet
  facet normal 0 0 1
    outer loop
      vertex 39.0743 39.8469 14
      vertex 39.0253 39.8291 14
      vertex 39.2636 38.9396 14
    endloop
  endfacet
  facet normal 0 0 1
    outer loop
      vertex 39.0743 39.8469 14
      vertex 39.0205 39.8394 14
      vertex 39.0253 39.8291 14
    endloop
  endfacet
  facet normal 0 0 1
    outer loop
      vertex 38.6765 40.7 14
      vertex 39.0205 39.8394 14
      vertex 39.0743 39.8469 14
    endloop
  endfacet
  facet normal 0 0 1
    outer loop
      vertex 38.6765 40.7 14
      vertex 38.6314 40.6739 14
      vertex 39.0205 39.8394 14
    endloop
  endfacet
  facet normal -0 0 1
    outer loop
      vertex 38.1032 41.4282 14
      vertex 38.6765 40.7 14
      vertex 38.1366 41.4711 14
    endloop
  endfacet
  facet normal 0 0 1
    outer loop
      vertex 38.6765 40.7 14
      vertex 38.1032 41.4282 14
      vertex 38.6314 40.6739 14
    endloop
  endfacet
  facet normal 0 0 1
    outer loop
      vertex 38.0967 41.4375 14
      vertex 38.1366 41.4711 14
      vertex 38.1 41.5077 14
    endloop
  endfacet
  facet normal 0 0 1
    outer loop
      vertex 38.1366 41.4711 14
      vertex 38.0967 41.4375 14
      vertex 38.1032 41.4282 14
    endloop
  endfacet
  facet normal 0 0 1
    outer loop
      vertex 39.2676 37.0827 14
      vertex 39.4 38 14
      vertex 39.3478 38 14
    endloop
  endfacet
  facet normal 0 0 1
    outer loop
      vertex 39.4 38 14
      vertex 39.2676 37.0827 14
      vertex 39.318 37.0623 14
    endloop
  endfacet
  facet normal -0 0 1
    outer loop
      vertex 39.2666 37.0714 14
      vertex 39.318 37.0623 14
      vertex 39.2676 37.0827 14
    endloop
  endfacet
  facet normal 0 0 1
    outer loop
      vertex 39.2636 37.0604 14
      vertex 39.318 37.0623 14
      vertex 39.2666 37.0714 14
    endloop
  endfacet
  facet normal -0 0 1
    outer loop
      vertex 39.2636 37.0604 14
      vertex 39.0743 36.1531 14
      vertex 39.318 37.0623 14
    endloop
  endfacet
  facet normal -0 0 1
    outer loop
      vertex 39.0253 36.1709 14
      vertex 39.0743 36.1531 14
      vertex 39.2636 37.0604 14
    endloop
  endfacet
  facet normal 0 0 1
    outer loop
      vertex 38.6362 35.3364 14
      vertex 39.0743 36.1531 14
      vertex 39.0253 36.1709 14
    endloop
  endfacet
  facet normal 0 0 1
    outer loop
      vertex 39.0743 36.1531 14
      vertex 38.6362 35.3364 14
      vertex 38.6765 35.3 14
    endloop
  endfacet
  facet normal -0 0 1
    outer loop
      vertex 38.6314 35.3261 14
      vertex 38.6765 35.3 14
      vertex 38.6362 35.3364 14
    endloop
  endfacet
  facet normal -0 0 1
    outer loop
      vertex 38.6248 35.3168 14
      vertex 38.6765 35.3 14
      vertex 38.6314 35.3261 14
    endloop
  endfacet
  facet normal 0 0 1
    outer loop
      vertex 38.6248 35.3168 14
      vertex 38.1366 34.5289 14
      vertex 38.6765 35.3 14
    endloop
  endfacet
  facet normal -0 0 1
    outer loop
      vertex 38.0967 34.5625 14
      vertex 38.1366 34.5289 14
      vertex 38.6248 35.3168 14
    endloop
  endfacet
  facet normal 0 0 1
    outer loop
      vertex 38.0967 34.5625 14
      vertex 37.4711 33.8634 14
      vertex 38.1366 34.5289 14
    endloop
  endfacet
  facet normal -0 0 1
    outer loop
      vertex 37.4375 33.9033 14
      vertex 37.4711 33.8634 14
      vertex 38.0967 34.5625 14
    endloop
  endfacet
  facet normal -0 0 1
    outer loop
      vertex 37.4282 33.8968 14
      vertex 37.4711 33.8634 14
      vertex 37.4375 33.9033 14
    endloop
  endfacet
  facet normal 0 0 1
    outer loop
      vertex 37.4282 33.8968 14
      vertex 36.7 33.3235 14
      vertex 37.4711 33.8634 14
    endloop
  endfacet
  facet normal -0 0 1
    outer loop
      vertex 36.6739 33.3686 14
      vertex 36.7 33.3235 14
      vertex 37.4282 33.8968 14
    endloop
  endfacet
  facet normal 0 0 1
    outer loop
      vertex 35.8394 32.9795 14
      vertex 36.7 33.3235 14
      vertex 36.6739 33.3686 14
    endloop
  endfacet
  facet normal 0 0 1
    outer loop
      vertex 36.7 33.3235 14
      vertex 35.8394 32.9795 14
      vertex 35.8469 32.9257 14
    endloop
  endfacet
  facet normal -0 0 1
    outer loop
      vertex 35.8291 32.9747 14
      vertex 35.8469 32.9257 14
      vertex 35.8394 32.9795 14
    endloop
  endfacet
  facet normal 0 0 1
    outer loop
      vertex 34.9396 32.7364 14
      vertex 35.8469 32.9257 14
      vertex 35.8291 32.9747 14
    endloop
  endfacet
  facet normal -0 0 1
    outer loop
      vertex 34.9396 32.7364 14
      vertex 34.9377 32.682 14
      vertex 35.8469 32.9257 14
    endloop
  endfacet
  facet normal -0 0 1
    outer loop
      vertex 34.9286 32.7334 14
      vertex 34.9377 32.682 14
      vertex 34.9396 32.7364 14
    endloop
  endfacet
  facet normal 0 0 1
    outer loop
      vertex 34.0113 32.6532 14
      vertex 34.9377 32.682 14
      vertex 34.9286 32.7334 14
    endloop
  endfacet
  facet normal 0 0 1
    outer loop
      vertex 34 32.6 14
      vertex 34.0113 32.6532 14
      vertex 34 32.6522 14
    endloop
  endfacet
  facet normal -0 0 1
    outer loop
      vertex 34.0113 32.6532 14
      vertex 34 32.6 14
      vertex 34.9377 32.682 14
    endloop
  endfacet
  facet normal 0 0 1
    outer loop
      vertex 33.9887 32.6532 14
      vertex 34 32.6 14
      vertex 34 32.6522 14
    endloop
  endfacet
  facet normal -0 0 1
    outer loop
      vertex 33.0623 32.682 14
      vertex 33.9887 32.6532 14
      vertex 33.0714 32.7334 14
    endloop
  endfacet
  facet normal 0 0 1
    outer loop
      vertex 33.9887 32.6532 14
      vertex 33.0623 32.682 14
      vertex 34 32.6 14
    endloop
  endfacet
  facet normal 0 0 1
    outer loop
      vertex 33.0604 32.7364 14
      vertex 33.0623 32.682 14
      vertex 33.0714 32.7334 14
    endloop
  endfacet
  facet normal -0 0 1
    outer loop
      vertex 32.1531 32.9257 14
      vertex 33.0604 32.7364 14
      vertex 32.1709 32.9747 14
    endloop
  endfacet
  facet normal 0 0 1
    outer loop
      vertex 33.0604 32.7364 14
      vertex 32.1531 32.9257 14
      vertex 33.0623 32.682 14
    endloop
  endfacet
  facet normal 0 0 1
    outer loop
      vertex 32.1606 32.9795 14
      vertex 32.1531 32.9257 14
      vertex 32.1709 32.9747 14
    endloop
  endfacet
  facet normal -0 0 1
    outer loop
      vertex 31.3 33.3235 14
      vertex 32.1606 32.9795 14
      vertex 31.3261 33.3686 14
    endloop
  endfacet
  facet normal 0 0 1
    outer loop
      vertex 32.1606 32.9795 14
      vertex 31.3 33.3235 14
      vertex 32.1531 32.9257 14
    endloop
  endfacet
  facet normal 0 0 1
    outer loop
      vertex 30.5718 33.8968 14
      vertex 31.3 33.3235 14
      vertex 31.3261 33.3686 14
    endloop
  endfacet
  facet normal 0 0 1
    outer loop
      vertex 30.5289 33.8634 14
      vertex 30.5718 33.8968 14
      vertex 30.5625 33.9033 14
    endloop
  endfacet
  facet normal 0 0 1
    outer loop
      vertex 30.5718 33.8968 14
      vertex 30.5289 33.8634 14
      vertex 31.3 33.3235 14
    endloop
  endfacet
  facet normal 0 0 1
    outer loop
      vertex 29.9033 34.5625 14
      vertex 30.5289 33.8634 14
      vertex 30.5625 33.9033 14
    endloop
  endfacet
  facet normal 0 0 1
    outer loop
      vertex 29.9033 34.5625 14
      vertex 29.8634 34.5289 14
      vertex 30.5289 33.8634 14
    endloop
  endfacet
  facet normal 0 0 1
    outer loop
      vertex 29.3752 35.3168 14
      vertex 29.8634 34.5289 14
      vertex 29.9033 34.5625 14
    endloop
  endfacet
  facet normal 0 0 1
    outer loop
      vertex 29.3235 35.3 14
      vertex 29.3752 35.3168 14
      vertex 29.3686 35.3261 14
    endloop
  endfacet
  facet normal 0 0 1
    outer loop
      vertex 29.3752 35.3168 14
      vertex 29.3235 35.3 14
      vertex 29.8634 34.5289 14
    endloop
  endfacet
  facet normal 0 0 1
    outer loop
      vertex 29.3638 35.3364 14
      vertex 29.3235 35.3 14
      vertex 29.3686 35.3261 14
    endloop
  endfacet
  facet normal -0 0 1
    outer loop
      vertex 28.9257 36.1531 14
      vertex 29.3638 35.3364 14
      vertex 28.9747 36.1709 14
    endloop
  endfacet
  facet normal 0 0 1
    outer loop
      vertex 29.3638 35.3364 14
      vertex 28.9257 36.1531 14
      vertex 29.3235 35.3 14
    endloop
  endfacet
  facet normal 0 0 1
    outer loop
      vertex 28.7364 37.0604 14
      vertex 28.9257 36.1531 14
      vertex 28.9747 36.1709 14
    endloop
  endfacet
  facet normal -0 0 1
    outer loop
      vertex 28.682 37.0623 14
      vertex 28.7364 37.0604 14
      vertex 28.7334 37.0714 14
    endloop
  endfacet
  facet normal 0 0 1
    outer loop
      vertex 28.7364 37.0604 14
      vertex 28.682 37.0623 14
      vertex 28.9257 36.1531 14
    endloop
  endfacet
  facet normal 0 0 1
    outer loop
      vertex 28.7324 37.0827 14
      vertex 28.682 37.0623 14
      vertex 28.7334 37.0714 14
    endloop
  endfacet
  facet normal -0 0 1
    outer loop
      vertex 28.6 38 14
      vertex 28.7324 37.0827 14
      vertex 28.6522 38 14
    endloop
  endfacet
  facet normal 0 0 1
    outer loop
      vertex 28.7324 37.0827 14
      vertex 28.6 38 14
      vertex 28.682 37.0623 14
    endloop
  endfacet
  facet normal 0 0 1
    outer loop
      vertex 30.5625 42.0967 14
      vertex 29.9 41.5077 14
      vertex 29.9033 41.4375 14
    endloop
  endfacet
  facet normal -0 0 1
    outer loop
      vertex 29.8634 41.4711 14
      vertex 29.9033 41.4375 14
      vertex 29.9 41.5077 14
    endloop
  endfacet
  facet normal 0 0 1
    outer loop
      vertex 29.9033 41.4375 14
      vertex 29.8634 41.4711 14
      vertex 29.8968 41.4282 14
    endloop
  endfacet
  facet normal 0 0 1
    outer loop
      vertex 29.3235 40.7 14
      vertex 29.8968 41.4282 14
      vertex 29.8634 41.4711 14
    endloop
  endfacet
  facet normal 0 0 1
    outer loop
      vertex 29.8968 41.4282 14
      vertex 29.3235 40.7 14
      vertex 29.3686 40.6739 14
    endloop
  endfacet
  facet normal 0 0 1
    outer loop
      vertex 29.3235 40.7 14
      vertex 28.9795 39.8394 14
      vertex 29.3686 40.6739 14
    endloop
  endfacet
  facet normal -0 0 1
    outer loop
      vertex 28.9257 39.8469 14
      vertex 28.9795 39.8394 14
      vertex 29.3235 40.7 14
    endloop
  endfacet
  facet normal 0 0 1
    outer loop
      vertex 28.9795 39.8394 14
      vertex 28.9257 39.8469 14
      vertex 28.9747 39.8291 14
    endloop
  endfacet
  facet normal 0 0 1
    outer loop
      vertex 28.9257 39.8469 14
      vertex 28.7364 38.9396 14
      vertex 28.9747 39.8291 14
    endloop
  endfacet
  facet normal 0 0 1
    outer loop
      vertex 28.682 38.9377 14
      vertex 28.7364 38.9396 14
      vertex 28.9257 39.8469 14
    endloop
  endfacet
  facet normal 0 0 1
    outer loop
      vertex 28.7364 38.9396 14
      vertex 28.682 38.9377 14
      vertex 28.7334 38.9286 14
    endloop
  endfacet
  facet normal 0 0 1
    outer loop
      vertex 28.682 38.9377 14
      vertex 28.7324 38.9173 14
      vertex 28.7334 38.9286 14
    endloop
  endfacet
  facet normal 0 0 1
    outer loop
      vertex 28.6 38 14
      vertex 28.7324 38.9173 14
      vertex 28.682 38.9377 14
    endloop
  endfacet
  facet normal 0 0 1
    outer loop
      vertex 28.7324 38.9173 14
      vertex 28.6 38 14
      vertex 28.6522 38 14
    endloop
  endfacet
  facet normal -0.978337 0.207019 0
    outer loop
      vertex 38.1 47.5824 14
      vertex 40.3044 58 26.7272
      vertex 40.3044 58 14
    endloop
  endfacet
  facet normal -0.978339 0.207008 9.98442e-06
    outer loop
      vertex 40.3044 58 26.7272
      vertex 38.1 47.5824 14
      vertex 40.0351 56.7272 28
    endloop
  endfacet
  facet normal -0.978336 0.207022 0
    outer loop
      vertex 38.1 47.5824 56
      vertex 40.0351 56.7272 28
      vertex 38.1 47.5824 14
    endloop
  endfacet
  facet normal -0.978336 0.207023 6.36087e-08
    outer loop
      vertex 40.0351 56.7272 28
      vertex 38.1 47.5824 56
      vertex 39.8389 55.8 56
    endloop
  endfacet
  facet normal -0.978341 0.206998 0
    outer loop
      vertex 40.0351 56.7272 28
      vertex 40.3044 58 53.5
      vertex 40.3044 58 29.2728
    endloop
  endfacet
  facet normal -0.978339 0.207007 -4.68689e-07
    outer loop
      vertex 40.3044 58 53.5
      vertex 40.0351 56.7272 28
      vertex 39.8389 55.8 56
    endloop
  endfacet
  facet normal 1 -0 0
    outer loop
      vertex 29.9 41.5077 56
      vertex 29.9 47.5824 14
      vertex 29.9 47.5824 56
    endloop
  endfacet
  facet normal 1 0 0
    outer loop
      vertex 29.9 47.5824 14
      vertex 29.9 41.5077 56
      vertex 29.9 41.5077 14
    endloop
  endfacet
  facet normal -1 0 0
    outer loop
      vertex 38.1 41.5077 14
      vertex 38.1 47.5824 56
      vertex 38.1 47.5824 14
    endloop
  endfacet
  facet normal -1 -0 0
    outer loop
      vertex 38.1 47.5824 56
      vertex 38.1 41.5077 14
      vertex 38.1 41.5077 56
    endloop
  endfacet
  facet normal -0.965904 -0.258899 0
    outer loop
      vertex 39.318 38.9377 14
      vertex 39.0743 39.8469 56
      vertex 39.0743 39.8469 14
    endloop
  endfacet
  facet normal -0.965904 -0.258899 0
    outer loop
      vertex 39.0743 39.8469 56
      vertex 39.318 38.9377 14
      vertex 39.318 38.9377 56
    endloop
  endfacet
  facet normal -0.996198 -0.0871156 0
    outer loop
      vertex 39.4 38 14
      vertex 39.318 38.9377 56
      vertex 39.318 38.9377 14
    endloop
  endfacet
  facet normal -0.996198 -0.0871156 0
    outer loop
      vertex 39.318 38.9377 56
      vertex 39.4 38 14
      vertex 39.4 38 56
    endloop
  endfacet
  facet normal -0.906311 -0.422612 0
    outer loop
      vertex 39.0743 39.8469 14
      vertex 38.6765 40.7 56
      vertex 38.6765 40.7 14
    endloop
  endfacet
  facet normal -0.906311 -0.422612 0
    outer loop
      vertex 38.6765 40.7 56
      vertex 39.0743 39.8469 14
      vertex 39.0743 39.8469 56
    endloop
  endfacet
  facet normal -0.422612 0.906311 0
    outer loop
      vertex 36.7 33.3235 14
      vertex 35.8469 32.9257 56
      vertex 36.7 33.3235 56
    endloop
  endfacet
  facet normal -0.422612 0.906311 0
    outer loop
      vertex 35.8469 32.9257 56
      vertex 36.7 33.3235 14
      vertex 35.8469 32.9257 14
    endloop
  endfacet
  facet normal -0.906311 0.422612 0
    outer loop
      vertex 38.6765 35.3 14
      vertex 39.0743 36.1531 56
      vertex 39.0743 36.1531 14
    endloop
  endfacet
  facet normal -0.906311 0.422612 0
    outer loop
      vertex 39.0743 36.1531 56
      vertex 38.6765 35.3 14
      vertex 38.6765 35.3 56
    endloop
  endfacet
  facet normal 0.819167 -0.573555 0
    outer loop
      vertex 29.3235 40.7 56
      vertex 29.8634 41.4711 14
      vertex 29.8634 41.4711 56
    endloop
  endfacet
  facet normal 0.819167 -0.573555 0
    outer loop
      vertex 29.8634 41.4711 14
      vertex 29.3235 40.7 56
      vertex 29.3235 40.7 14
    endloop
  endfacet
  facet normal 0.965904 -0.258899 0
    outer loop
      vertex 28.682 38.9377 56
      vertex 28.9257 39.8469 14
      vertex 28.9257 39.8469 56
    endloop
  endfacet
  facet normal 0.965904 -0.258899 0
    outer loop
      vertex 28.9257 39.8469 14
      vertex 28.682 38.9377 56
      vertex 28.682 38.9377 14
    endloop
  endfacet
  facet normal 0.906311 -0.422612 0
    outer loop
      vertex 28.9257 39.8469 56
      vertex 29.3235 40.7 14
      vertex 29.3235 40.7 56
    endloop
  endfacet
  facet normal 0.906311 -0.422612 0
    outer loop
      vertex 29.3235 40.7 14
      vertex 28.9257 39.8469 56
      vertex 28.9257 39.8469 14
    endloop
  endfacet
  facet normal 0.707107 -0.707107 0
    outer loop
      vertex 29.8634 41.4711 14
      vertex 29.9 41.5077 56
      vertex 29.8634 41.4711 56
    endloop
  endfacet
  facet normal 0.707107 -0.707107 0
    outer loop
      vertex 29.9 41.5077 56
      vertex 29.8634 41.4711 14
      vertex 29.9 41.5077 14
    endloop
  endfacet
  facet normal 0.422612 0.906311 -0
    outer loop
      vertex 32.1531 32.9257 14
      vertex 31.3 33.3235 56
      vertex 32.1531 32.9257 56
    endloop
  endfacet
  facet normal 0.422612 0.906311 0
    outer loop
      vertex 31.3 33.3235 56
      vertex 32.1531 32.9257 14
      vertex 31.3 33.3235 14
    endloop
  endfacet
  facet normal -0.0871156 0.996198 0
    outer loop
      vertex 34.9377 32.682 14
      vertex 34 32.6 56
      vertex 34.9377 32.682 56
    endloop
  endfacet
  facet normal -0.0871156 0.996198 0
    outer loop
      vertex 34 32.6 56
      vertex 34.9377 32.682 14
      vertex 34 32.6 14
    endloop
  endfacet
  facet normal -0.258899 0.965904 0
    outer loop
      vertex 35.8469 32.9257 14
      vertex 34.9377 32.682 56
      vertex 35.8469 32.9257 56
    endloop
  endfacet
  facet normal -0.258899 0.965904 0
    outer loop
      vertex 34.9377 32.682 56
      vertex 35.8469 32.9257 14
      vertex 34.9377 32.682 14
    endloop
  endfacet
  facet normal -0.819167 -0.573555 0
    outer loop
      vertex 38.6765 40.7 14
      vertex 38.1366 41.4711 56
      vertex 38.1366 41.4711 14
    endloop
  endfacet
  facet normal -0.819167 -0.573555 0
    outer loop
      vertex 38.1366 41.4711 56
      vertex 38.6765 40.7 14
      vertex 38.6765 40.7 56
    endloop
  endfacet
  facet normal 0.819167 0.573555 0
    outer loop
      vertex 29.8634 34.5289 56
      vertex 29.3235 35.3 14
      vertex 29.3235 35.3 56
    endloop
  endfacet
  facet normal 0.819167 0.573555 0
    outer loop
      vertex 29.3235 35.3 14
      vertex 29.8634 34.5289 56
      vertex 29.8634 34.5289 14
    endloop
  endfacet
  facet normal -0.996198 0.0871156 0
    outer loop
      vertex 39.318 37.0623 14
      vertex 39.4 38 56
      vertex 39.4 38 14
    endloop
  endfacet
  facet normal -0.996198 0.0871156 0
    outer loop
      vertex 39.4 38 56
      vertex 39.318 37.0623 14
      vertex 39.318 37.0623 56
    endloop
  endfacet
  facet normal -0.819167 0.573555 0
    outer loop
      vertex 38.1366 34.5289 14
      vertex 38.6765 35.3 56
      vertex 38.6765 35.3 14
    endloop
  endfacet
  facet normal -0.819167 0.573555 0
    outer loop
      vertex 38.6765 35.3 56
      vertex 38.1366 34.5289 14
      vertex 38.1366 34.5289 56
    endloop
  endfacet
  facet normal 0.0871156 0.996198 -0
    outer loop
      vertex 34 32.6 14
      vertex 33.0623 32.682 56
      vertex 34 32.6 56
    endloop
  endfacet
  facet normal 0.0871156 0.996198 0
    outer loop
      vertex 33.0623 32.682 56
      vertex 34 32.6 14
      vertex 33.0623 32.682 14
    endloop
  endfacet
  facet normal -0.707107 0.707107 0
    outer loop
      vertex 37.4711 33.8634 14
      vertex 38.1366 34.5289 56
      vertex 38.1366 34.5289 14
    endloop
  endfacet
  facet normal -0.707107 0.707107 0
    outer loop
      vertex 38.1366 34.5289 56
      vertex 37.4711 33.8634 14
      vertex 37.4711 33.8634 56
    endloop
  endfacet
  facet normal 0.906311 0.422612 0
    outer loop
      vertex 29.3235 35.3 56
      vertex 28.9257 36.1531 14
      vertex 28.9257 36.1531 56
    endloop
  endfacet
  facet normal 0.906311 0.422612 0
    outer loop
      vertex 28.9257 36.1531 14
      vertex 29.3235 35.3 56
      vertex 29.3235 35.3 14
    endloop
  endfacet
  facet normal 0.965904 0.258899 0
    outer loop
      vertex 28.9257 36.1531 56
      vertex 28.682 37.0623 14
      vertex 28.682 37.0623 56
    endloop
  endfacet
  facet normal 0.965904 0.258899 0
    outer loop
      vertex 28.682 37.0623 14
      vertex 28.9257 36.1531 56
      vertex 28.9257 36.1531 14
    endloop
  endfacet
  facet normal -0.573555 0.819167 0
    outer loop
      vertex 37.4711 33.8634 14
      vertex 36.7 33.3235 56
      vertex 37.4711 33.8634 56
    endloop
  endfacet
  facet normal -0.573555 0.819167 0
    outer loop
      vertex 36.7 33.3235 56
      vertex 37.4711 33.8634 14
      vertex 36.7 33.3235 14
    endloop
  endfacet
  facet normal 0.996198 -0.0871156 0
    outer loop
      vertex 28.6 38 56
      vertex 28.682 38.9377 14
      vertex 28.682 38.9377 56
    endloop
  endfacet
  facet normal 0.996198 -0.0871156 0
    outer loop
      vertex 28.682 38.9377 14
      vertex 28.6 38 56
      vertex 28.6 38 14
    endloop
  endfacet
  facet normal -0.965904 0.258899 0
    outer loop
      vertex 39.0743 36.1531 14
      vertex 39.318 37.0623 56
      vertex 39.318 37.0623 14
    endloop
  endfacet
  facet normal -0.965904 0.258899 0
    outer loop
      vertex 39.318 37.0623 56
      vertex 39.0743 36.1531 14
      vertex 39.0743 36.1531 56
    endloop
  endfacet
  facet normal 0.573555 0.819167 -0
    outer loop
      vertex 31.3 33.3235 14
      vertex 30.5289 33.8634 56
      vertex 31.3 33.3235 56
    endloop
  endfacet
  facet normal 0.573555 0.819167 0
    outer loop
      vertex 30.5289 33.8634 56
      vertex 31.3 33.3235 14
      vertex 30.5289 33.8634 14
    endloop
  endfacet
  facet normal 0.258899 0.965904 -0
    outer loop
      vertex 33.0623 32.682 14
      vertex 32.1531 32.9257 56
      vertex 33.0623 32.682 56
    endloop
  endfacet
  facet normal 0.258899 0.965904 0
    outer loop
      vertex 32.1531 32.9257 56
      vertex 33.0623 32.682 14
      vertex 32.1531 32.9257 14
    endloop
  endfacet
  facet normal -0.707107 -0.707107 0
    outer loop
      vertex 38.1 41.5077 14
      vertex 38.1366 41.4711 56
      vertex 38.1 41.5077 56
    endloop
  endfacet
  facet normal -0.707107 -0.707107 -0
    outer loop
      vertex 38.1366 41.4711 56
      vertex 38.1 41.5077 14
      vertex 38.1366 41.4711 14
    endloop
  endfacet
  facet normal 0.996198 0.0871156 0
    outer loop
      vertex 28.682 37.0623 56
      vertex 28.6 38 14
      vertex 28.6 38 56
    endloop
  endfacet
  facet normal 0.996198 0.0871156 0
    outer loop
      vertex 28.6 38 14
      vertex 28.682 37.0623 56
      vertex 28.682 37.0623 14
    endloop
  endfacet
  facet normal 0.707107 0.707107 0
    outer loop
      vertex 30.5289 33.8634 56
      vertex 29.8634 34.5289 14
      vertex 29.8634 34.5289 56
    endloop
  endfacet
  facet normal 0.707107 0.707107 0
    outer loop
      vertex 29.8634 34.5289 14
      vertex 30.5289 33.8634 56
      vertex 30.5289 33.8634 14
    endloop
  endfacet
  facet normal 0.804184 -0.374965 0.461182
    outer loop
      vertex 31.4019 39.5 9.5
      vertex 29.3686 40.6739 14
      vertex 28.9795 39.8394 14
    endloop
  endfacet
  facet normal 0.374965 -0.804184 0.461182
    outer loop
      vertex 32.5 40.5981 9.5
      vertex 32.1606 43.0205 14
      vertex 31.3261 42.6314 14
    endloop
  endfacet
  facet normal -0.233535 0.856297 0.46067
    outer loop
      vertex 35.0261 35.1809 9.5
      vertex 34.9286 32.7334 14
      vertex 34.9396 32.7364 14
    endloop
  endfacet
  facet normal -0.229543 0.857096 0.461191
    outer loop
      vertex 34.9286 32.7334 14
      vertex 35.0261 35.1809 9.5
      vertex 34.5209 35.0456 9.5
    endloop
  endfacet
  facet normal -0.883935 -0.0772829 0.461179
    outer loop
      vertex 39.3478 38 14
      vertex 39.2676 38.9173 14
      vertex 37 38 9.5
    endloop
  endfacet
  facet normal -0.883832 -0.0782152 0.461219
    outer loop
      vertex 36.9544 38.5209 9.5
      vertex 39.2676 38.9173 14
      vertex 39.2666 38.9286 14
    endloop
  endfacet
  facet normal -0.883921 -0.0773791 0.461191
    outer loop
      vertex 39.2676 38.9173 14
      vertex 36.9544 38.5209 9.5
      vertex 37 38 9.5
    endloop
  endfacet
  facet normal 0.883935 0.0772829 0.461179
    outer loop
      vertex 28.7324 37.0827 14
      vertex 31 38 9.5
      vertex 28.6522 38 14
    endloop
  endfacet
  facet normal -0.374965 0.804184 0.461182
    outer loop
      vertex 35.8394 32.9795 14
      vertex 36.6739 33.3686 14
      vertex 35.5 35.4019 9.5
    endloop
  endfacet
  facet normal -0.883921 0.0773791 0.461191
    outer loop
      vertex 36.9544 37.4791 9.5
      vertex 39.2676 37.0827 14
      vertex 37 38 9.5
    endloop
  endfacet
  facet normal -0.883832 0.0782152 0.461219
    outer loop
      vertex 39.2676 37.0827 14
      vertex 36.9544 37.4791 9.5
      vertex 39.2666 37.0714 14
    endloop
  endfacet
  facet normal 0.0782186 0.883871 0.461145
    outer loop
      vertex 34 35 9.5
      vertex 33.9887 32.6532 14
      vertex 34 32.6522 14
    endloop
  endfacet
  facet normal 0.0773799 0.88393 0.461173
    outer loop
      vertex 33.9887 32.6532 14
      vertex 34 35 9.5
      vertex 33.4791 35.0456 9.5
    endloop
  endfacet
  facet normal -0.229616 0.857085 0.461174
    outer loop
      vertex 35.8291 32.9747 14
      vertex 35.0261 35.1809 9.5
      vertex 34.9396 32.7364 14
    endloop
  endfacet
  facet normal 0.857085 0.229616 0.461174
    outer loop
      vertex 28.9747 36.1709 14
      vertex 31.1809 36.9739 9.5
      vertex 28.7364 37.0604 14
    endloop
  endfacet
  facet normal -0.857085 0.229616 0.461174
    outer loop
      vertex 39.0253 36.1709 14
      vertex 39.2636 37.0604 14
      vertex 36.8191 36.9739 9.5
    endloop
  endfacet
  facet normal 0.0782152 -0.883832 0.461219
    outer loop
      vertex 33.4791 40.9544 9.5
      vertex 33.0827 43.2676 14
      vertex 33.0714 43.2666 14
    endloop
  endfacet
  facet normal 0.0773791 -0.883921 0.461191
    outer loop
      vertex 33.0827 43.2676 14
      vertex 33.4791 40.9544 9.5
      vertex 34 41 9.5
    endloop
  endfacet
  facet normal -0.726814 0.508973 0.461181
    outer loop
      vertex 36.2981 36.0716 9.5
      vertex 38.6314 35.3261 14
      vertex 36.5981 36.5 9.5
    endloop
  endfacet
  facet normal -0.723908 0.513741 0.460464
    outer loop
      vertex 38.6314 35.3261 14
      vertex 36.2981 36.0716 9.5
      vertex 38.6248 35.3168 14
    endloop
  endfacet
  facet normal 0.726868 0.508895 0.461182
    outer loop
      vertex 29.9033 34.5625 14
      vertex 31.7019 36.0716 9.5
      vertex 29.3752 35.3168 14
    endloop
  endfacet
  facet normal -0.62742 0.62742 0.461182
    outer loop
      vertex 35.9284 35.7019 9.5
      vertex 38.0967 34.5625 14
      vertex 36.2981 36.0716 9.5
    endloop
  endfacet
  facet normal -0.62742 0.62742 0.461182
    outer loop
      vertex 38.0967 34.5625 14
      vertex 35.9284 35.7019 9.5
      vertex 37.4375 33.9033 14
    endloop
  endfacet
  facet normal 0.883935 -0.0772829 0.461179
    outer loop
      vertex 31 38 9.5
      vertex 28.7324 38.9173 14
      vertex 28.6522 38 14
    endloop
  endfacet
  facet normal -0.857096 0.229543 0.461191
    outer loop
      vertex 36.8191 36.9739 9.5
      vertex 39.2666 37.0714 14
      vertex 36.9544 37.4791 9.5
    endloop
  endfacet
  facet normal -0.856297 0.233535 0.46067
    outer loop
      vertex 39.2666 37.0714 14
      vertex 36.8191 36.9739 9.5
      vertex 39.2636 37.0604 14
    endloop
  endfacet
  facet normal 0.883921 0.0773791 0.461191
    outer loop
      vertex 28.7324 37.0827 14
      vertex 31.0456 37.4791 9.5
      vertex 31 38 9.5
    endloop
  endfacet
  facet normal 0.883832 0.0782152 0.461219
    outer loop
      vertex 31.0456 37.4791 9.5
      vertex 28.7324 37.0827 14
      vertex 28.7334 37.0714 14
    endloop
  endfacet
  facet normal 0.80425 -0.374796 0.461205
    outer loop
      vertex 28.9747 39.8291 14
      vertex 31.4019 39.5 9.5
      vertex 28.9795 39.8394 14
    endloop
  endfacet
  facet normal 0.804164 -0.375017 0.461175
    outer loop
      vertex 31.4019 39.5 9.5
      vertex 28.9747 39.8291 14
      vertex 31.1809 39.0261 9.5
    endloop
  endfacet
  facet normal -0.726868 0.508895 0.461182
    outer loop
      vertex 38.0967 34.5625 14
      vertex 38.6248 35.3168 14
      vertex 36.2981 36.0716 9.5
    endloop
  endfacet
  facet normal -0.883935 0.0772829 0.461179
    outer loop
      vertex 39.2676 37.0827 14
      vertex 39.3478 38 14
      vertex 37 38 9.5
    endloop
  endfacet
  facet normal 0.229543 0.857096 0.461191
    outer loop
      vertex 32.9739 35.1809 9.5
      vertex 33.0714 32.7334 14
      vertex 33.4791 35.0456 9.5
    endloop
  endfacet
  facet normal 0.233535 0.856297 0.46067
    outer loop
      vertex 33.0714 32.7334 14
      vertex 32.9739 35.1809 9.5
      vertex 33.0604 32.7364 14
    endloop
  endfacet
  facet normal 0.727287 -0.508319 0.461156
    outer loop
      vertex 29.8968 41.4282 14
      vertex 31.7019 39.9284 9.5
      vertex 29.9033 41.4375 14
    endloop
  endfacet
  facet normal 0.726813 -0.508972 0.461184
    outer loop
      vertex 31.7019 39.9284 9.5
      vertex 29.8968 41.4282 14
      vertex 31.4019 39.5 9.5
    endloop
  endfacet
  facet normal -0.804187 0.374966 0.461177
    outer loop
      vertex 38.6362 35.3364 14
      vertex 39.0253 36.1709 14
      vertex 36.8191 36.9739 9.5
    endloop
  endfacet
  facet normal 0.804187 0.374966 0.461177
    outer loop
      vertex 29.3638 35.3364 14
      vertex 31.1809 36.9739 9.5
      vertex 28.9747 36.1709 14
    endloop
  endfacet
  facet normal -0.508319 0.727287 0.461156
    outer loop
      vertex 35.9284 35.7019 9.5
      vertex 37.4282 33.8968 14
      vertex 37.4375 33.9033 14
    endloop
  endfacet
  facet normal -0.508972 0.726813 0.461184
    outer loop
      vertex 37.4282 33.8968 14
      vertex 35.9284 35.7019 9.5
      vertex 35.5 35.4019 9.5
    endloop
  endfacet
  facet normal 0.508959 0.726823 0.461182
    outer loop
      vertex 31.3261 33.3686 14
      vertex 32.5 35.4019 9.5
      vertex 30.5718 33.8968 14
    endloop
  endfacet
  facet normal -0.726823 -0.508959 0.461182
    outer loop
      vertex 38.6314 40.6739 14
      vertex 38.1032 41.4282 14
      vertex 36.5981 39.5 9.5
    endloop
  endfacet
  facet normal -0.80416 0.375015 0.461184
    outer loop
      vertex 36.5981 36.5 9.5
      vertex 38.6362 35.3364 14
      vertex 36.8191 36.9739 9.5
    endloop
  endfacet
  facet normal -0.804264 0.374803 0.461176
    outer loop
      vertex 38.6362 35.3364 14
      vertex 36.5981 36.5 9.5
      vertex 38.6314 35.3261 14
    endloop
  endfacet
  facet normal 0.856297 0.233535 0.46067
    outer loop
      vertex 31.1809 36.9739 9.5
      vertex 28.7334 37.0714 14
      vertex 28.7364 37.0604 14
    endloop
  endfacet
  facet normal 0.857096 0.229543 0.461191
    outer loop
      vertex 28.7334 37.0714 14
      vertex 31.1809 36.9739 9.5
      vertex 31.0456 37.4791 9.5
    endloop
  endfacet
  facet normal 0.857085 -0.229616 0.461174
    outer loop
      vertex 31.1809 39.0261 9.5
      vertex 28.9747 39.8291 14
      vertex 28.7364 38.9396 14
    endloop
  endfacet
  facet normal 0.883832 -0.0782152 0.461219
    outer loop
      vertex 28.7324 38.9173 14
      vertex 31.0456 38.5209 9.5
      vertex 28.7334 38.9286 14
    endloop
  endfacet
  facet normal 0.883921 -0.0773791 0.461191
    outer loop
      vertex 31.0456 38.5209 9.5
      vertex 28.7324 38.9173 14
      vertex 31 38 9.5
    endloop
  endfacet
  facet normal -0.80425 -0.374796 0.461205
    outer loop
      vertex 36.5981 39.5 9.5
      vertex 39.0253 39.8291 14
      vertex 39.0205 39.8394 14
    endloop
  endfacet
  facet normal -0.804164 -0.375017 0.461175
    outer loop
      vertex 39.0253 39.8291 14
      vertex 36.5981 39.5 9.5
      vertex 36.8191 39.0261 9.5
    endloop
  endfacet
  facet normal 0.233535 -0.856297 0.46067
    outer loop
      vertex 32.9739 40.8191 9.5
      vertex 33.0714 43.2666 14
      vertex 33.0604 43.2636 14
    endloop
  endfacet
  facet normal 0.229543 -0.857096 0.461191
    outer loop
      vertex 33.0714 43.2666 14
      vertex 32.9739 40.8191 9.5
      vertex 33.4791 40.9544 9.5
    endloop
  endfacet
  facet normal 0.375017 0.804164 0.461175
    outer loop
      vertex 32.5 35.4019 9.5
      vertex 32.1709 32.9747 14
      vertex 32.9739 35.1809 9.5
    endloop
  endfacet
  facet normal 0.374796 0.80425 0.461205
    outer loop
      vertex 32.1709 32.9747 14
      vertex 32.5 35.4019 9.5
      vertex 32.1606 32.9795 14
    endloop
  endfacet
  facet normal 0.374965 0.804184 0.461182
    outer loop
      vertex 32.1606 32.9795 14
      vertex 32.5 35.4019 9.5
      vertex 31.3261 33.3686 14
    endloop
  endfacet
  facet normal -0.0772829 -0.883935 0.461179
    outer loop
      vertex 34.9173 43.2676 14
      vertex 34 43.3478 14
      vertex 34 41 9.5
    endloop
  endfacet
  facet normal 0.508972 0.726813 0.461184
    outer loop
      vertex 32.0716 35.7019 9.5
      vertex 30.5718 33.8968 14
      vertex 32.5 35.4019 9.5
    endloop
  endfacet
  facet normal 0.508319 0.727287 0.461156
    outer loop
      vertex 30.5718 33.8968 14
      vertex 32.0716 35.7019 9.5
      vertex 30.5625 33.9033 14
    endloop
  endfacet
  facet normal -0.375017 -0.804164 0.461175
    outer loop
      vertex 35.5 40.5981 9.5
      vertex 35.8291 43.0253 14
      vertex 35.0261 40.8191 9.5
    endloop
  endfacet
  facet normal -0.374796 -0.80425 0.461205
    outer loop
      vertex 35.8291 43.0253 14
      vertex 35.5 40.5981 9.5
      vertex 35.8394 43.0205 14
    endloop
  endfacet
  facet normal 0.229616 0.857085 0.461174
    outer loop
      vertex 33.0604 32.7364 14
      vertex 32.9739 35.1809 9.5
      vertex 32.1709 32.9747 14
    endloop
  endfacet
  facet normal -0.374796 0.80425 0.461205
    outer loop
      vertex 35.5 35.4019 9.5
      vertex 35.8291 32.9747 14
      vertex 35.8394 32.9795 14
    endloop
  endfacet
  facet normal -0.375017 0.804164 0.461175
    outer loop
      vertex 35.8291 32.9747 14
      vertex 35.5 35.4019 9.5
      vertex 35.0261 35.1809 9.5
    endloop
  endfacet
  facet normal -0.508959 0.726823 0.461182
    outer loop
      vertex 36.6739 33.3686 14
      vertex 37.4282 33.8968 14
      vertex 35.5 35.4019 9.5
    endloop
  endfacet
  facet normal 0.508959 -0.726823 0.461182
    outer loop
      vertex 32.5 40.5981 9.5
      vertex 31.3261 42.6314 14
      vertex 30.5718 42.1032 14
    endloop
  endfacet
  facet normal 0.0772829 -0.883935 0.461179
    outer loop
      vertex 34 41 9.5
      vertex 34 43.3478 14
      vertex 33.0827 43.2676 14
    endloop
  endfacet
  facet normal 0.856297 -0.233535 0.46067
    outer loop
      vertex 28.7334 38.9286 14
      vertex 31.1809 39.0261 9.5
      vertex 28.7364 38.9396 14
    endloop
  endfacet
  facet normal 0.857096 -0.229543 0.461191
    outer loop
      vertex 31.1809 39.0261 9.5
      vertex 28.7334 38.9286 14
      vertex 31.0456 38.5209 9.5
    endloop
  endfacet
  facet normal 0.229616 -0.857085 0.461174
    outer loop
      vertex 32.9739 40.8191 9.5
      vertex 33.0604 43.2636 14
      vertex 32.1709 43.0253 14
    endloop
  endfacet
  facet normal -0.0773799 0.88393 0.461173
    outer loop
      vertex 34 35 9.5
      vertex 34.0113 32.6532 14
      vertex 34.5209 35.0456 9.5
    endloop
  endfacet
  facet normal -0.0782186 0.883871 0.461145
    outer loop
      vertex 34.0113 32.6532 14
      vertex 34 35 9.5
      vertex 34 32.6522 14
    endloop
  endfacet
  facet normal 0.726823 -0.508959 0.461182
    outer loop
      vertex 31.4019 39.5 9.5
      vertex 29.8968 41.4282 14
      vertex 29.3686 40.6739 14
    endloop
  endfacet
  facet normal -0.0773791 -0.883921 0.461191
    outer loop
      vertex 34.5209 40.9544 9.5
      vertex 34.9173 43.2676 14
      vertex 34 41 9.5
    endloop
  endfacet
  facet normal -0.0782152 -0.883832 0.461219
    outer loop
      vertex 34.9173 43.2676 14
      vertex 34.5209 40.9544 9.5
      vertex 34.9286 43.2666 14
    endloop
  endfacet
  facet normal -0.229616 -0.857085 0.461174
    outer loop
      vertex 35.0261 40.8191 9.5
      vertex 35.8291 43.0253 14
      vertex 34.9396 43.2636 14
    endloop
  endfacet
  facet normal 0.726814 0.508973 0.461181
    outer loop
      vertex 29.3686 35.3261 14
      vertex 31.7019 36.0716 9.5
      vertex 31.4019 36.5 9.5
    endloop
  endfacet
  facet normal 0.723908 0.513741 0.460464
    outer loop
      vertex 31.7019 36.0716 9.5
      vertex 29.3686 35.3261 14
      vertex 29.3752 35.3168 14
    endloop
  endfacet
  facet normal 0.80416 0.375015 0.461184
    outer loop
      vertex 29.3638 35.3364 14
      vertex 31.4019 36.5 9.5
      vertex 31.1809 36.9739 9.5
    endloop
  endfacet
  facet normal 0.804264 0.374803 0.461176
    outer loop
      vertex 31.4019 36.5 9.5
      vertex 29.3638 35.3364 14
      vertex 29.3686 35.3261 14
    endloop
  endfacet
  facet normal 0.0772826 0.883932 0.461186
    outer loop
      vertex 33.9887 32.6532 14
      vertex 33.4791 35.0456 9.5
      vertex 33.0714 32.7334 14
    endloop
  endfacet
  facet normal -0.0772826 0.883932 0.461186
    outer loop
      vertex 34.9286 32.7334 14
      vertex 34.5209 35.0456 9.5
      vertex 34.0113 32.6532 14
    endloop
  endfacet
  facet normal -0.508959 -0.726823 0.461182
    outer loop
      vertex 37.4282 42.1032 14
      vertex 36.6739 42.6314 14
      vertex 35.5 40.5981 9.5
    endloop
  endfacet
  facet normal -0.374965 -0.804184 0.461182
    outer loop
      vertex 36.6739 42.6314 14
      vertex 35.8394 43.0205 14
      vertex 35.5 40.5981 9.5
    endloop
  endfacet
  facet normal 0.508319 -0.727287 0.461156
    outer loop
      vertex 32.0716 40.2981 9.5
      vertex 30.5718 42.1032 14
      vertex 30.5625 42.0967 14
    endloop
  endfacet
  facet normal 0.508972 -0.726813 0.461184
    outer loop
      vertex 30.5718 42.1032 14
      vertex 32.0716 40.2981 9.5
      vertex 32.5 40.5981 9.5
    endloop
  endfacet
  facet normal 0.374796 -0.80425 0.461205
    outer loop
      vertex 32.5 40.5981 9.5
      vertex 32.1709 43.0253 14
      vertex 32.1606 43.0205 14
    endloop
  endfacet
  facet normal 0.375017 -0.804164 0.461175
    outer loop
      vertex 32.1709 43.0253 14
      vertex 32.5 40.5981 9.5
      vertex 32.9739 40.8191 9.5
    endloop
  endfacet
  facet normal -0.727287 -0.508319 0.461156
    outer loop
      vertex 36.2981 39.9284 9.5
      vertex 38.1032 41.4282 14
      vertex 38.0967 41.4375 14
    endloop
  endfacet
  facet normal -0.726813 -0.508972 0.461184
    outer loop
      vertex 38.1032 41.4282 14
      vertex 36.2981 39.9284 9.5
      vertex 36.5981 39.5 9.5
    endloop
  endfacet
  facet normal -0.804184 -0.374965 0.461182
    outer loop
      vertex 39.0205 39.8394 14
      vertex 38.6314 40.6739 14
      vertex 36.5981 39.5 9.5
    endloop
  endfacet
  facet normal 0.62742 0.62742 0.461182
    outer loop
      vertex 29.9033 34.5625 14
      vertex 32.0716 35.7019 9.5
      vertex 31.7019 36.0716 9.5
    endloop
  endfacet
  facet normal 0.62742 0.62742 0.461182
    outer loop
      vertex 32.0716 35.7019 9.5
      vertex 29.9033 34.5625 14
      vertex 30.5625 33.9033 14
    endloop
  endfacet
  facet normal -0.229543 -0.857096 0.461191
    outer loop
      vertex 35.0261 40.8191 9.5
      vertex 34.9286 43.2666 14
      vertex 34.5209 40.9544 9.5
    endloop
  endfacet
  facet normal -0.233535 -0.856297 0.46067
    outer loop
      vertex 34.9286 43.2666 14
      vertex 35.0261 40.8191 9.5
      vertex 34.9396 43.2636 14
    endloop
  endfacet
  facet normal 0.62742 -0.62742 0.461182
    outer loop
      vertex 29.9033 41.4375 14
      vertex 32.0716 40.2981 9.5
      vertex 30.5625 42.0967 14
    endloop
  endfacet
  facet normal 0.62742 -0.62742 0.461182
    outer loop
      vertex 32.0716 40.2981 9.5
      vertex 29.9033 41.4375 14
      vertex 31.7019 39.9284 9.5
    endloop
  endfacet
  facet normal -0.508972 -0.726813 0.461184
    outer loop
      vertex 35.9284 40.2981 9.5
      vertex 37.4282 42.1032 14
      vertex 35.5 40.5981 9.5
    endloop
  endfacet
  facet normal -0.508319 -0.727287 0.461156
    outer loop
      vertex 37.4282 42.1032 14
      vertex 35.9284 40.2981 9.5
      vertex 37.4375 42.0967 14
    endloop
  endfacet
  facet normal -0.62742 -0.62742 0.461182
    outer loop
      vertex 35.9284 40.2981 9.5
      vertex 38.0967 41.4375 14
      vertex 37.4375 42.0967 14
    endloop
  endfacet
  facet normal -0.62742 -0.62742 0.461182
    outer loop
      vertex 38.0967 41.4375 14
      vertex 35.9284 40.2981 9.5
      vertex 36.2981 39.9284 9.5
    endloop
  endfacet
  facet normal -0.857085 -0.229616 0.461174
    outer loop
      vertex 39.2636 38.9396 14
      vertex 39.0253 39.8291 14
      vertex 36.8191 39.0261 9.5
    endloop
  endfacet
  facet normal -0.856297 -0.233535 0.46067
    outer loop
      vertex 36.8191 39.0261 9.5
      vertex 39.2666 38.9286 14
      vertex 39.2636 38.9396 14
    endloop
  endfacet
  facet normal -0.857096 -0.229543 0.461191
    outer loop
      vertex 39.2666 38.9286 14
      vertex 36.8191 39.0261 9.5
      vertex 36.9544 38.5209 9.5
    endloop
  endfacet
  facet normal -0.258698 0.965958 0
    outer loop
      vertex 35.0261 35.1809 0
      vertex 34.5209 35.0456 9.5
      vertex 35.0261 35.1809 9.5
    endloop
  endfacet
  facet normal -0.258698 0.965958 0
    outer loop
      vertex 34.5209 35.0456 9.5
      vertex 35.0261 35.1809 0
      vertex 34.5209 35.0456 0
    endloop
  endfacet
  facet normal -0.965958 -0.258698 0
    outer loop
      vertex 36.9544 38.5209 0
      vertex 36.8191 39.0261 9.5
      vertex 36.8191 39.0261 0
    endloop
  endfacet
  facet normal -0.965958 -0.258698 0
    outer loop
      vertex 36.8191 39.0261 9.5
      vertex 36.9544 38.5209 0
      vertex 36.9544 38.5209 9.5
    endloop
  endfacet
  facet normal -0.99619 -0.0872073 0
    outer loop
      vertex 37 38 0
      vertex 36.9544 38.5209 9.5
      vertex 36.9544 38.5209 0
    endloop
  endfacet
  facet normal -0.99619 -0.0872073 0
    outer loop
      vertex 36.9544 38.5209 9.5
      vertex 37 38 0
      vertex 37 38 9.5
    endloop
  endfacet
  facet normal -0.906295 -0.422645 0
    outer loop
      vertex 36.8191 39.0261 0
      vertex 36.5981 39.5 9.5
      vertex 36.5981 39.5 0
    endloop
  endfacet
  facet normal -0.906295 -0.422645 0
    outer loop
      vertex 36.5981 39.5 9.5
      vertex 36.8191 39.0261 0
      vertex 36.8191 39.0261 9.5
    endloop
  endfacet
  facet normal 0.819124 0.573616 0
    outer loop
      vertex 31.7019 36.0716 9.5
      vertex 31.4019 36.5 0
      vertex 31.4019 36.5 9.5
    endloop
  endfacet
  facet normal 0.819124 0.573616 0
    outer loop
      vertex 31.4019 36.5 0
      vertex 31.7019 36.0716 9.5
      vertex 31.7019 36.0716 0
    endloop
  endfacet
  facet normal -0.573616 -0.819124 0
    outer loop
      vertex 35.5 40.5981 0
      vertex 35.9284 40.2981 9.5
      vertex 35.5 40.5981 9.5
    endloop
  endfacet
  facet normal -0.573616 -0.819124 -0
    outer loop
      vertex 35.9284 40.2981 9.5
      vertex 35.5 40.5981 0
      vertex 35.9284 40.2981 0
    endloop
  endfacet
  facet normal -0.573616 0.819124 0
    outer loop
      vertex 35.9284 35.7019 0
      vertex 35.5 35.4019 9.5
      vertex 35.9284 35.7019 9.5
    endloop
  endfacet
  facet normal -0.573616 0.819124 0
    outer loop
      vertex 35.5 35.4019 9.5
      vertex 35.9284 35.7019 0
      vertex 35.5 35.4019 0
    endloop
  endfacet
  facet normal -0.819124 -0.573616 0
    outer loop
      vertex 36.5981 39.5 0
      vertex 36.2981 39.9284 9.5
      vertex 36.2981 39.9284 0
    endloop
  endfacet
  facet normal -0.819124 -0.573616 0
    outer loop
      vertex 36.2981 39.9284 9.5
      vertex 36.5981 39.5 0
      vertex 36.5981 39.5 9.5
    endloop
  endfacet
  facet normal 0.819124 -0.573616 0
    outer loop
      vertex 31.4019 39.5 9.5
      vertex 31.7019 39.9284 0
      vertex 31.7019 39.9284 9.5
    endloop
  endfacet
  facet normal 0.819124 -0.573616 0
    outer loop
      vertex 31.7019 39.9284 0
      vertex 31.4019 39.5 9.5
      vertex 31.4019 39.5 0
    endloop
  endfacet
  facet normal 0.258698 0.965958 -0
    outer loop
      vertex 33.4791 35.0456 0
      vertex 32.9739 35.1809 9.5
      vertex 33.4791 35.0456 9.5
    endloop
  endfacet
  facet normal 0.258698 0.965958 0
    outer loop
      vertex 32.9739 35.1809 9.5
      vertex 33.4791 35.0456 0
      vertex 32.9739 35.1809 0
    endloop
  endfacet
  facet normal 0.0872073 -0.99619 0
    outer loop
      vertex 33.4791 40.9544 0
      vertex 34 41 9.5
      vertex 33.4791 40.9544 9.5
    endloop
  endfacet
  facet normal 0.0872073 -0.99619 0
    outer loop
      vertex 34 41 9.5
      vertex 33.4791 40.9544 0
      vertex 34 41 0
    endloop
  endfacet
  facet normal 0.906295 0.422645 0
    outer loop
      vertex 31.4019 36.5 9.5
      vertex 31.1809 36.9739 0
      vertex 31.1809 36.9739 9.5
    endloop
  endfacet
  facet normal 0.906295 0.422645 0
    outer loop
      vertex 31.1809 36.9739 0
      vertex 31.4019 36.5 9.5
      vertex 31.4019 36.5 0
    endloop
  endfacet
  facet normal -0.422645 0.906295 0
    outer loop
      vertex 35.5 35.4019 0
      vertex 35.0261 35.1809 9.5
      vertex 35.5 35.4019 9.5
    endloop
  endfacet
  facet normal -0.422645 0.906295 0
    outer loop
      vertex 35.0261 35.1809 9.5
      vertex 35.5 35.4019 0
      vertex 35.0261 35.1809 0
    endloop
  endfacet
  facet normal -0.99619 0.0872073 0
    outer loop
      vertex 36.9544 37.4791 0
      vertex 37 38 9.5
      vertex 37 38 0
    endloop
  endfacet
  facet normal -0.99619 0.0872073 0
    outer loop
      vertex 37 38 9.5
      vertex 36.9544 37.4791 0
      vertex 36.9544 37.4791 9.5
    endloop
  endfacet
  facet normal 0.99619 -0.0872073 0
    outer loop
      vertex 31 38 9.5
      vertex 31.0456 38.5209 0
      vertex 31.0456 38.5209 9.5
    endloop
  endfacet
  facet normal 0.99619 -0.0872073 0
    outer loop
      vertex 31.0456 38.5209 0
      vertex 31 38 9.5
      vertex 31 38 0
    endloop
  endfacet
  facet normal -0.707107 0.707107 0
    outer loop
      vertex 36.2981 36.0716 0
      vertex 35.9284 35.7019 9.5
      vertex 36.2981 36.0716 9.5
    endloop
  endfacet
  facet normal -0.707107 0.707107 0
    outer loop
      vertex 35.9284 35.7019 9.5
      vertex 36.2981 36.0716 0
      vertex 35.9284 35.7019 0
    endloop
  endfacet
  facet normal -0.819124 0.573616 0
    outer loop
      vertex 36.2981 36.0716 0
      vertex 36.5981 36.5 9.5
      vertex 36.5981 36.5 0
    endloop
  endfacet
  facet normal -0.819124 0.573616 0
    outer loop
      vertex 36.5981 36.5 9.5
      vertex 36.2981 36.0716 0
      vertex 36.2981 36.0716 9.5
    endloop
  endfacet
  facet normal -0.0872073 0.99619 0
    outer loop
      vertex 34.5209 35.0456 0
      vertex 34 35 9.5
      vertex 34.5209 35.0456 9.5
    endloop
  endfacet
  facet normal -0.0872073 0.99619 0
    outer loop
      vertex 34 35 9.5
      vertex 34.5209 35.0456 0
      vertex 34 35 0
    endloop
  endfacet
  facet normal 0.573616 -0.819124 0
    outer loop
      vertex 32.0716 40.2981 0
      vertex 32.5 40.5981 9.5
      vertex 32.0716 40.2981 9.5
    endloop
  endfacet
  facet normal 0.573616 -0.819124 0
    outer loop
      vertex 32.5 40.5981 9.5
      vertex 32.0716 40.2981 0
      vertex 32.5 40.5981 0
    endloop
  endfacet
  facet normal -0.906295 0.422645 0
    outer loop
      vertex 36.5981 36.5 0
      vertex 36.8191 36.9739 9.5
      vertex 36.8191 36.9739 0
    endloop
  endfacet
  facet normal -0.906295 0.422645 0
    outer loop
      vertex 36.8191 36.9739 9.5
      vertex 36.5981 36.5 0
      vertex 36.5981 36.5 9.5
    endloop
  endfacet
  facet normal -0.258698 -0.965958 0
    outer loop
      vertex 34.5209 40.9544 0
      vertex 35.0261 40.8191 9.5
      vertex 34.5209 40.9544 9.5
    endloop
  endfacet
  facet normal -0.258698 -0.965958 -0
    outer loop
      vertex 35.0261 40.8191 9.5
      vertex 34.5209 40.9544 0
      vertex 35.0261 40.8191 0
    endloop
  endfacet
  facet normal -0.707107 -0.707107 0
    outer loop
      vertex 36.2981 39.9284 0
      vertex 35.9284 40.2981 9.5
      vertex 35.9284 40.2981 0
    endloop
  endfacet
  facet normal -0.707107 -0.707107 0
    outer loop
      vertex 35.9284 40.2981 9.5
      vertex 36.2981 39.9284 0
      vertex 36.2981 39.9284 9.5
    endloop
  endfacet
  facet normal 0.99619 0.0872073 0
    outer loop
      vertex 31.0456 37.4791 9.5
      vertex 31 38 0
      vertex 31 38 9.5
    endloop
  endfacet
  facet normal 0.99619 0.0872073 0
    outer loop
      vertex 31 38 0
      vertex 31.0456 37.4791 9.5
      vertex 31.0456 37.4791 0
    endloop
  endfacet
  facet normal -0.422645 -0.906295 0
    outer loop
      vertex 35.0261 40.8191 0
      vertex 35.5 40.5981 9.5
      vertex 35.0261 40.8191 9.5
    endloop
  endfacet
  facet normal -0.422645 -0.906295 -0
    outer loop
      vertex 35.5 40.5981 9.5
      vertex 35.0261 40.8191 0
      vertex 35.5 40.5981 0
    endloop
  endfacet
  facet normal 0.422645 -0.906295 0
    outer loop
      vertex 32.5 40.5981 0
      vertex 32.9739 40.8191 9.5
      vertex 32.5 40.5981 9.5
    endloop
  endfacet
  facet normal 0.422645 -0.906295 0
    outer loop
      vertex 32.9739 40.8191 9.5
      vertex 32.5 40.5981 0
      vertex 32.9739 40.8191 0
    endloop
  endfacet
  facet normal 0.258698 -0.965958 0
    outer loop
      vertex 32.9739 40.8191 0
      vertex 33.4791 40.9544 9.5
      vertex 32.9739 40.8191 9.5
    endloop
  endfacet
  facet normal 0.258698 -0.965958 0
    outer loop
      vertex 33.4791 40.9544 9.5
      vertex 32.9739 40.8191 0
      vertex 33.4791 40.9544 0
    endloop
  endfacet
  facet normal 0.707107 -0.707107 0
    outer loop
      vertex 31.7019 39.9284 9.5
      vertex 32.0716 40.2981 0
      vertex 32.0716 40.2981 9.5
    endloop
  endfacet
  facet normal 0.707107 -0.707107 0
    outer loop
      vertex 32.0716 40.2981 0
      vertex 31.7019 39.9284 9.5
      vertex 31.7019 39.9284 0
    endloop
  endfacet
  facet normal -0.965958 0.258698 0
    outer loop
      vertex 36.8191 36.9739 0
      vertex 36.9544 37.4791 9.5
      vertex 36.9544 37.4791 0
    endloop
  endfacet
  facet normal -0.965958 0.258698 0
    outer loop
      vertex 36.9544 37.4791 9.5
      vertex 36.8191 36.9739 0
      vertex 36.8191 36.9739 9.5
    endloop
  endfacet
  facet normal 0.0872073 0.99619 -0
    outer loop
      vertex 34 35 0
      vertex 33.4791 35.0456 9.5
      vertex 34 35 9.5
    endloop
  endfacet
  facet normal 0.0872073 0.99619 0
    outer loop
      vertex 33.4791 35.0456 9.5
      vertex 34 35 0
      vertex 33.4791 35.0456 0
    endloop
  endfacet
  facet normal 0.573616 0.819124 -0
    outer loop
      vertex 32.5 35.4019 0
      vertex 32.0716 35.7019 9.5
      vertex 32.5 35.4019 9.5
    endloop
  endfacet
  facet normal 0.573616 0.819124 0
    outer loop
      vertex 32.0716 35.7019 9.5
      vertex 32.5 35.4019 0
      vertex 32.0716 35.7019 0
    endloop
  endfacet
  facet normal 0.422645 0.906295 -0
    outer loop
      vertex 32.9739 35.1809 0
      vertex 32.5 35.4019 9.5
      vertex 32.9739 35.1809 9.5
    endloop
  endfacet
  facet normal 0.422645 0.906295 0
    outer loop
      vertex 32.5 35.4019 9.5
      vertex 32.9739 35.1809 0
      vertex 32.5 35.4019 0
    endloop
  endfacet
  facet normal -0.0872073 -0.99619 0
    outer loop
      vertex 34 41 0
      vertex 34.5209 40.9544 9.5
      vertex 34 41 9.5
    endloop
  endfacet
  facet normal -0.0872073 -0.99619 -0
    outer loop
      vertex 34.5209 40.9544 9.5
      vertex 34 41 0
      vertex 34.5209 40.9544 0
    endloop
  endfacet
  facet normal 0.965958 0.258698 0
    outer loop
      vertex 31.1809 36.9739 9.5
      vertex 31.0456 37.4791 0
      vertex 31.0456 37.4791 9.5
    endloop
  endfacet
  facet normal 0.965958 0.258698 0
    outer loop
      vertex 31.0456 37.4791 0
      vertex 31.1809 36.9739 9.5
      vertex 31.1809 36.9739 0
    endloop
  endfacet
  facet normal 0.707107 0.707107 -0
    outer loop
      vertex 32.0716 35.7019 0
      vertex 31.7019 36.0716 9.5
      vertex 32.0716 35.7019 9.5
    endloop
  endfacet
  facet normal 0.707107 0.707107 0
    outer loop
      vertex 31.7019 36.0716 9.5
      vertex 32.0716 35.7019 0
      vertex 31.7019 36.0716 0
    endloop
  endfacet
  facet normal 0.965958 -0.258698 0
    outer loop
      vertex 31.0456 38.5209 9.5
      vertex 31.1809 39.0261 0
      vertex 31.1809 39.0261 9.5
    endloop
  endfacet
  facet normal 0.965958 -0.258698 0
    outer loop
      vertex 31.1809 39.0261 0
      vertex 31.0456 38.5209 9.5
      vertex 31.0456 38.5209 0
    endloop
  endfacet
  facet normal 0.906295 -0.422645 0
    outer loop
      vertex 31.1809 39.0261 9.5
      vertex 31.4019 39.5 0
      vertex 31.4019 39.5 9.5
    endloop
  endfacet
  facet normal 0.906295 -0.422645 0
    outer loop
      vertex 31.4019 39.5 0
      vertex 31.1809 39.0261 9.5
      vertex 31.1809 39.0261 0
    endloop
  endfacet
  facet normal 0.978337 0.207019 0
    outer loop
      vertex 46.9 47.5824 56
      vertex 44.6956 58 29.2728
      vertex 44.6956 58 53.5
    endloop
  endfacet
  facet normal 0.978336 0.207023 1.36769e-05
    outer loop
      vertex 46.9 47.5824 56
      vertex 44.6956 58 53.5
      vertex 45.1611 55.8 56
    endloop
  endfacet
  facet normal 0.978339 0.207008 9.98442e-06
    outer loop
      vertex 46.9 47.5824 14
      vertex 44.6956 58 26.7272
      vertex 44.9649 56.7272 28
    endloop
  endfacet
  facet normal 0.97834 0.207004 -6.22126e-06
    outer loop
      vertex 44.6956 58 29.2728
      vertex 46.9 47.5824 56
      vertex 44.9649 56.7272 28
    endloop
  endfacet
  facet normal 0.978336 0.207022 -0
    outer loop
      vertex 46.9 47.5824 14
      vertex 44.9649 56.7272 28
      vertex 46.9 47.5824 56
    endloop
  endfacet
  facet normal 0.978337 0.207019 0
    outer loop
      vertex 44.6956 58 26.7272
      vertex 46.9 47.5824 14
      vertex 44.6956 58 14
    endloop
  endfacet
  facet normal 0 0 1
    outer loop
      vertex 56 56.1244 14
      vertex 55.1 47.5824 14
      vertex 56.7904 55.5709 14
    endloop
  endfacet
  facet normal -0 0 1
    outer loop
      vertex 54.4375 42.0967 14
      vertex 55.1 41.5077 14
      vertex 55.1 47.5824 14
    endloop
  endfacet
  facet normal 0 0 1
    outer loop
      vertex 55.1 41.5077 14
      vertex 54.4375 42.0967 14
      vertex 55.0967 41.4375 14
    endloop
  endfacet
  facet normal 0 0 1
    outer loop
      vertex 53.7883 57.1557 14
      vertex 55.1 47.5824 14
      vertex 56 56.1244 14
    endloop
  endfacet
  facet normal 0 0 1
    outer loop
      vertex 55.1 47.5824 14
      vertex 54.4282 42.1032 14
      vertex 54.4375 42.0967 14
    endloop
  endfacet
  facet normal 0 0 1
    outer loop
      vertex 51.4311 57.7873 14
      vertex 55.1 47.5824 14
      vertex 53.7883 57.1557 14
    endloop
  endfacet
  facet normal 0 0 1
    outer loop
      vertex 55.1 47.5824 14
      vertex 53.6739 42.6314 14
      vertex 54.4282 42.1032 14
    endloop
  endfacet
  facet normal 0 0 1
    outer loop
      vertex 55.1 47.5824 14
      vertex 52.8394 43.0205 14
      vertex 53.6739 42.6314 14
    endloop
  endfacet
  facet normal 0 0 1
    outer loop
      vertex 55.1 47.5824 14
      vertex 52.8291 43.0253 14
      vertex 52.8394 43.0205 14
    endloop
  endfacet
  facet normal 0 0 1
    outer loop
      vertex 55.1 47.5824 14
      vertex 51.9396 43.2636 14
      vertex 52.8291 43.0253 14
    endloop
  endfacet
  facet normal 0 0 1
    outer loop
      vertex 55.1 47.5824 14
      vertex 51.9286 43.2666 14
      vertex 51.9396 43.2636 14
    endloop
  endfacet
  facet normal 0 -0 1
    outer loop
      vertex 51 43.3478 14
      vertex 55.1 47.5824 14
      vertex 46.9 47.5824 14
    endloop
  endfacet
  facet normal 0 0 1
    outer loop
      vertex 55.1 47.5824 14
      vertex 51.4311 57.7873 14
      vertex 46.9 47.5824 14
    endloop
  endfacet
  facet normal 0 0 1
    outer loop
      vertex 55.1 47.5824 14
      vertex 51.9173 43.2676 14
      vertex 51.9286 43.2666 14
    endloop
  endfacet
  facet normal 0 0 1
    outer loop
      vertex 55.1 47.5824 14
      vertex 51 43.3478 14
      vertex 51.9173 43.2676 14
    endloop
  endfacet
  facet normal 0 0 1
    outer loop
      vertex 51 43.3478 14
      vertex 46.9 47.5824 14
      vertex 50.0827 43.2676 14
    endloop
  endfacet
  facet normal 0 0 1
    outer loop
      vertex 50.0827 43.2676 14
      vertex 46.9 47.5824 14
      vertex 50.0714 43.2666 14
    endloop
  endfacet
  facet normal 0 0 1
    outer loop
      vertex 50.0714 43.2666 14
      vertex 46.9 47.5824 14
      vertex 50.0604 43.2636 14
    endloop
  endfacet
  facet normal 0 0 1
    outer loop
      vertex 50.0604 43.2636 14
      vertex 46.9 47.5824 14
      vertex 49.1709 43.0253 14
    endloop
  endfacet
  facet normal 0 0 1
    outer loop
      vertex 46.9 47.5824 14
      vertex 51.4311 57.7873 14
      vertex 49 58 14
    endloop
  endfacet
  facet normal 0 0 1
    outer loop
      vertex 49.1709 43.0253 14
      vertex 46.9 47.5824 14
      vertex 49.1606 43.0205 14
    endloop
  endfacet
  facet normal 0 0 1
    outer loop
      vertex 49.1606 43.0205 14
      vertex 46.9 47.5824 14
      vertex 48.3261 42.6314 14
    endloop
  endfacet
  facet normal 0 0 1
    outer loop
      vertex 48.3261 42.6314 14
      vertex 46.9 47.5824 14
      vertex 47.5718 42.1032 14
    endloop
  endfacet
  facet normal 0 0 1
    outer loop
      vertex 47.5718 42.1032 14
      vertex 46.9 47.5824 14
      vertex 47.5625 42.0967 14
    endloop
  endfacet
  facet normal 0 0 1
    outer loop
      vertex 47.5625 42.0967 14
      vertex 46.9 47.5824 14
      vertex 46.9 41.5077 14
    endloop
  endfacet
  facet normal 0 -0 1
    outer loop
      vertex 46.9 47.5824 14
      vertex 49 58 14
      vertex 44.6956 58 14
    endloop
  endfacet
  facet normal -0 0 1
    outer loop
      vertex 56.2676 38.9173 14
      vertex 56.4 38 14
      vertex 56.318 38.9377 14
    endloop
  endfacet
  facet normal 0 0 1
    outer loop
      vertex 56.4 38 14
      vertex 56.2676 38.9173 14
      vertex 56.3478 38 14
    endloop
  endfacet
  facet normal 0 0 1
    outer loop
      vertex 56.318 38.9377 14
      vertex 56.2666 38.9286 14
      vertex 56.2676 38.9173 14
    endloop
  endfacet
  facet normal 0 0 1
    outer loop
      vertex 56.318 38.9377 14
      vertex 56.2636 38.9396 14
      vertex 56.2666 38.9286 14
    endloop
  endfacet
  facet normal 0 0 1
    outer loop
      vertex 56.0743 39.8469 14
      vertex 56.2636 38.9396 14
      vertex 56.318 38.9377 14
    endloop
  endfacet
  facet normal 0 0 1
    outer loop
      vertex 56.0743 39.8469 14
      vertex 56.0253 39.8291 14
      vertex 56.2636 38.9396 14
    endloop
  endfacet
  facet normal 0 0 1
    outer loop
      vertex 56.0743 39.8469 14
      vertex 56.0205 39.8394 14
      vertex 56.0253 39.8291 14
    endloop
  endfacet
  facet normal 0 0 1
    outer loop
      vertex 55.6765 40.7 14
      vertex 56.0205 39.8394 14
      vertex 56.0743 39.8469 14
    endloop
  endfacet
  facet normal 0 0 1
    outer loop
      vertex 55.6765 40.7 14
      vertex 55.6314 40.6739 14
      vertex 56.0205 39.8394 14
    endloop
  endfacet
  facet normal -0 0 1
    outer loop
      vertex 55.1032 41.4282 14
      vertex 55.6765 40.7 14
      vertex 55.1366 41.4711 14
    endloop
  endfacet
  facet normal 0 0 1
    outer loop
      vertex 55.6765 40.7 14
      vertex 55.1032 41.4282 14
      vertex 55.6314 40.6739 14
    endloop
  endfacet
  facet normal 0 0 1
    outer loop
      vertex 55.0967 41.4375 14
      vertex 55.1366 41.4711 14
      vertex 55.1 41.5077 14
    endloop
  endfacet
  facet normal 0 0 1
    outer loop
      vertex 55.1366 41.4711 14
      vertex 55.0967 41.4375 14
      vertex 55.1032 41.4282 14
    endloop
  endfacet
  facet normal 0 0 1
    outer loop
      vertex 56.2676 37.0827 14
      vertex 56.4 38 14
      vertex 56.3478 38 14
    endloop
  endfacet
  facet normal 0 0 1
    outer loop
      vertex 56.4 38 14
      vertex 56.2676 37.0827 14
      vertex 56.318 37.0623 14
    endloop
  endfacet
  facet normal -0 0 1
    outer loop
      vertex 56.2666 37.0714 14
      vertex 56.318 37.0623 14
      vertex 56.2676 37.0827 14
    endloop
  endfacet
  facet normal 0 0 1
    outer loop
      vertex 56.2636 37.0604 14
      vertex 56.318 37.0623 14
      vertex 56.2666 37.0714 14
    endloop
  endfacet
  facet normal -0 0 1
    outer loop
      vertex 56.2636 37.0604 14
      vertex 56.0743 36.1531 14
      vertex 56.318 37.0623 14
    endloop
  endfacet
  facet normal -0 0 1
    outer loop
      vertex 56.0253 36.1709 14
      vertex 56.0743 36.1531 14
      vertex 56.2636 37.0604 14
    endloop
  endfacet
  facet normal 0 0 1
    outer loop
      vertex 55.6362 35.3364 14
      vertex 56.0743 36.1531 14
      vertex 56.0253 36.1709 14
    endloop
  endfacet
  facet normal 0 0 1
    outer loop
      vertex 56.0743 36.1531 14
      vertex 55.6362 35.3364 14
      vertex 55.6765 35.3 14
    endloop
  endfacet
  facet normal -0 0 1
    outer loop
      vertex 55.6314 35.3261 14
      vertex 55.6765 35.3 14
      vertex 55.6362 35.3364 14
    endloop
  endfacet
  facet normal -0 0 1
    outer loop
      vertex 55.6248 35.3168 14
      vertex 55.6765 35.3 14
      vertex 55.6314 35.3261 14
    endloop
  endfacet
  facet normal 0 0 1
    outer loop
      vertex 55.6248 35.3168 14
      vertex 55.1366 34.5289 14
      vertex 55.6765 35.3 14
    endloop
  endfacet
  facet normal -0 0 1
    outer loop
      vertex 55.0967 34.5625 14
      vertex 55.1366 34.5289 14
      vertex 55.6248 35.3168 14
    endloop
  endfacet
  facet normal 0 0 1
    outer loop
      vertex 55.0967 34.5625 14
      vertex 54.4711 33.8634 14
      vertex 55.1366 34.5289 14
    endloop
  endfacet
  facet normal -0 0 1
    outer loop
      vertex 54.4375 33.9033 14
      vertex 54.4711 33.8634 14
      vertex 55.0967 34.5625 14
    endloop
  endfacet
  facet normal -0 0 1
    outer loop
      vertex 54.4282 33.8968 14
      vertex 54.4711 33.8634 14
      vertex 54.4375 33.9033 14
    endloop
  endfacet
  facet normal 0 0 1
    outer loop
      vertex 54.4282 33.8968 14
      vertex 53.7 33.3235 14
      vertex 54.4711 33.8634 14
    endloop
  endfacet
  facet normal -0 0 1
    outer loop
      vertex 53.6739 33.3686 14
      vertex 53.7 33.3235 14
      vertex 54.4282 33.8968 14
    endloop
  endfacet
  facet normal 0 0 1
    outer loop
      vertex 52.8394 32.9795 14
      vertex 53.7 33.3235 14
      vertex 53.6739 33.3686 14
    endloop
  endfacet
  facet normal 0 0 1
    outer loop
      vertex 53.7 33.3235 14
      vertex 52.8394 32.9795 14
      vertex 52.8469 32.9257 14
    endloop
  endfacet
  facet normal -0 0 1
    outer loop
      vertex 52.8291 32.9747 14
      vertex 52.8469 32.9257 14
      vertex 52.8394 32.9795 14
    endloop
  endfacet
  facet normal 0 0 1
    outer loop
      vertex 51.9396 32.7364 14
      vertex 52.8469 32.9257 14
      vertex 52.8291 32.9747 14
    endloop
  endfacet
  facet normal -0 0 1
    outer loop
      vertex 51.9396 32.7364 14
      vertex 51.9377 32.682 14
      vertex 52.8469 32.9257 14
    endloop
  endfacet
  facet normal -0 0 1
    outer loop
      vertex 51.9286 32.7334 14
      vertex 51.9377 32.682 14
      vertex 51.9396 32.7364 14
    endloop
  endfacet
  facet normal 0 0 1
    outer loop
      vertex 51.0113 32.6532 14
      vertex 51.9377 32.682 14
      vertex 51.9286 32.7334 14
    endloop
  endfacet
  facet normal 0 0 1
    outer loop
      vertex 51 32.6 14
      vertex 51.0113 32.6532 14
      vertex 51 32.6522 14
    endloop
  endfacet
  facet normal -0 0 1
    outer loop
      vertex 51.0113 32.6532 14
      vertex 51 32.6 14
      vertex 51.9377 32.682 14
    endloop
  endfacet
  facet normal 0 0 1
    outer loop
      vertex 50.9887 32.6532 14
      vertex 51 32.6 14
      vertex 51 32.6522 14
    endloop
  endfacet
  facet normal -0 0 1
    outer loop
      vertex 50.0623 32.682 14
      vertex 50.9887 32.6532 14
      vertex 50.0714 32.7334 14
    endloop
  endfacet
  facet normal 0 0 1
    outer loop
      vertex 50.9887 32.6532 14
      vertex 50.0623 32.682 14
      vertex 51 32.6 14
    endloop
  endfacet
  facet normal 0 0 1
    outer loop
      vertex 50.0604 32.7364 14
      vertex 50.0623 32.682 14
      vertex 50.0714 32.7334 14
    endloop
  endfacet
  facet normal -0 0 1
    outer loop
      vertex 49.1531 32.9257 14
      vertex 50.0604 32.7364 14
      vertex 49.1709 32.9747 14
    endloop
  endfacet
  facet normal 0 0 1
    outer loop
      vertex 50.0604 32.7364 14
      vertex 49.1531 32.9257 14
      vertex 50.0623 32.682 14
    endloop
  endfacet
  facet normal 0 0 1
    outer loop
      vertex 49.1606 32.9795 14
      vertex 49.1531 32.9257 14
      vertex 49.1709 32.9747 14
    endloop
  endfacet
  facet normal -0 0 1
    outer loop
      vertex 48.3 33.3235 14
      vertex 49.1606 32.9795 14
      vertex 48.3261 33.3686 14
    endloop
  endfacet
  facet normal 0 0 1
    outer loop
      vertex 49.1606 32.9795 14
      vertex 48.3 33.3235 14
      vertex 49.1531 32.9257 14
    endloop
  endfacet
  facet normal 0 0 1
    outer loop
      vertex 47.5718 33.8968 14
      vertex 48.3 33.3235 14
      vertex 48.3261 33.3686 14
    endloop
  endfacet
  facet normal 0 0 1
    outer loop
      vertex 47.5289 33.8634 14
      vertex 47.5718 33.8968 14
      vertex 47.5625 33.9033 14
    endloop
  endfacet
  facet normal 0 0 1
    outer loop
      vertex 47.5718 33.8968 14
      vertex 47.5289 33.8634 14
      vertex 48.3 33.3235 14
    endloop
  endfacet
  facet normal 0 0 1
    outer loop
      vertex 46.9033 34.5625 14
      vertex 47.5289 33.8634 14
      vertex 47.5625 33.9033 14
    endloop
  endfacet
  facet normal 0 0 1
    outer loop
      vertex 46.9033 34.5625 14
      vertex 46.8634 34.5289 14
      vertex 47.5289 33.8634 14
    endloop
  endfacet
  facet normal 0 0 1
    outer loop
      vertex 46.3752 35.3168 14
      vertex 46.8634 34.5289 14
      vertex 46.9033 34.5625 14
    endloop
  endfacet
  facet normal 0 0 1
    outer loop
      vertex 46.3235 35.3 14
      vertex 46.3752 35.3168 14
      vertex 46.3686 35.3261 14
    endloop
  endfacet
  facet normal 0 0 1
    outer loop
      vertex 46.3752 35.3168 14
      vertex 46.3235 35.3 14
      vertex 46.8634 34.5289 14
    endloop
  endfacet
  facet normal 0 0 1
    outer loop
      vertex 46.3638 35.3364 14
      vertex 46.3235 35.3 14
      vertex 46.3686 35.3261 14
    endloop
  endfacet
  facet normal -0 0 1
    outer loop
      vertex 45.9257 36.1531 14
      vertex 46.3638 35.3364 14
      vertex 45.9747 36.1709 14
    endloop
  endfacet
  facet normal 0 0 1
    outer loop
      vertex 46.3638 35.3364 14
      vertex 45.9257 36.1531 14
      vertex 46.3235 35.3 14
    endloop
  endfacet
  facet normal 0 0 1
    outer loop
      vertex 45.7364 37.0604 14
      vertex 45.9257 36.1531 14
      vertex 45.9747 36.1709 14
    endloop
  endfacet
  facet normal -0 0 1
    outer loop
      vertex 45.682 37.0623 14
      vertex 45.7364 37.0604 14
      vertex 45.7334 37.0714 14
    endloop
  endfacet
  facet normal 0 0 1
    outer loop
      vertex 45.7364 37.0604 14
      vertex 45.682 37.0623 14
      vertex 45.9257 36.1531 14
    endloop
  endfacet
  facet normal 0 0 1
    outer loop
      vertex 45.7324 37.0827 14
      vertex 45.682 37.0623 14
      vertex 45.7334 37.0714 14
    endloop
  endfacet
  facet normal -0 0 1
    outer loop
      vertex 45.6 38 14
      vertex 45.7324 37.0827 14
      vertex 45.6522 38 14
    endloop
  endfacet
  facet normal 0 0 1
    outer loop
      vertex 45.7324 37.0827 14
      vertex 45.6 38 14
      vertex 45.682 37.0623 14
    endloop
  endfacet
  facet normal 0 0 1
    outer loop
      vertex 47.5625 42.0967 14
      vertex 46.9 41.5077 14
      vertex 46.9033 41.4375 14
    endloop
  endfacet
  facet normal -0 0 1
    outer loop
      vertex 46.8634 41.4711 14
      vertex 46.9033 41.4375 14
      vertex 46.9 41.5077 14
    endloop
  endfacet
  facet normal 0 0 1
    outer loop
      vertex 46.9033 41.4375 14
      vertex 46.8634 41.4711 14
      vertex 46.8968 41.4282 14
    endloop
  endfacet
  facet normal 0 0 1
    outer loop
      vertex 46.3235 40.7 14
      vertex 46.8968 41.4282 14
      vertex 46.8634 41.4711 14
    endloop
  endfacet
  facet normal 0 0 1
    outer loop
      vertex 46.8968 41.4282 14
      vertex 46.3235 40.7 14
      vertex 46.3686 40.6739 14
    endloop
  endfacet
  facet normal 0 0 1
    outer loop
      vertex 46.3235 40.7 14
      vertex 45.9795 39.8394 14
      vertex 46.3686 40.6739 14
    endloop
  endfacet
  facet normal -0 0 1
    outer loop
      vertex 45.9257 39.8469 14
      vertex 45.9795 39.8394 14
      vertex 46.3235 40.7 14
    endloop
  endfacet
  facet normal 0 0 1
    outer loop
      vertex 45.9795 39.8394 14
      vertex 45.9257 39.8469 14
      vertex 45.9747 39.8291 14
    endloop
  endfacet
  facet normal 0 0 1
    outer loop
      vertex 45.9257 39.8469 14
      vertex 45.7364 38.9396 14
      vertex 45.9747 39.8291 14
    endloop
  endfacet
  facet normal 0 0 1
    outer loop
      vertex 45.682 38.9377 14
      vertex 45.7364 38.9396 14
      vertex 45.9257 39.8469 14
    endloop
  endfacet
  facet normal 0 0 1
    outer loop
      vertex 45.7364 38.9396 14
      vertex 45.682 38.9377 14
      vertex 45.7334 38.9286 14
    endloop
  endfacet
  facet normal 0 0 1
    outer loop
      vertex 45.682 38.9377 14
      vertex 45.7324 38.9173 14
      vertex 45.7334 38.9286 14
    endloop
  endfacet
  facet normal 0 0 1
    outer loop
      vertex 45.6 38 14
      vertex 45.7324 38.9173 14
      vertex 45.682 38.9377 14
    endloop
  endfacet
  facet normal 0 0 1
    outer loop
      vertex 45.7324 38.9173 14
      vertex 45.6 38 14
      vertex 45.6522 38 14
    endloop
  endfacet
  facet normal -0.978337 0.20702 0
    outer loop
      vertex 55.1 47.5824 14
      vertex 56.7904 55.5709 53.5
      vertex 56.7904 55.5709 14
    endloop
  endfacet
  facet normal -0.978337 0.20702 0
    outer loop
      vertex 55.1 47.5824 56
      vertex 56.7904 55.5709 53.5
      vertex 55.1 47.5824 14
    endloop
  endfacet
  facet normal -0.978334 0.207031 3.53417e-05
    outer loop
      vertex 56.7904 55.5709 53.5
      vertex 55.1 47.5824 56
      vertex 56.4289 53.8623 55.3331
    endloop
  endfacet
  facet normal -0.978337 0.207017 -0.000101268
    outer loop
      vertex 56.4289 53.8623 55.3331
      vertex 55.1 47.5824 56
      vertex 56.2973 53.2407 56
    endloop
  endfacet
  facet normal 1 -0 0
    outer loop
      vertex 46.9 41.5077 56
      vertex 46.9 47.5824 14
      vertex 46.9 47.5824 56
    endloop
  endfacet
  facet normal 1 0 0
    outer loop
      vertex 46.9 47.5824 14
      vertex 46.9 41.5077 56
      vertex 46.9 41.5077 14
    endloop
  endfacet
  facet normal -1 0 0
    outer loop
      vertex 55.1 41.5077 14
      vertex 55.1 47.5824 56
      vertex 55.1 47.5824 14
    endloop
  endfacet
  facet normal -1 -0 0
    outer loop
      vertex 55.1 47.5824 56
      vertex 55.1 41.5077 14
      vertex 55.1 41.5077 56
    endloop
  endfacet
  facet normal -0.965904 -0.258899 0
    outer loop
      vertex 56.318 38.9377 14
      vertex 56.0743 39.8469 56
      vertex 56.0743 39.8469 14
    endloop
  endfacet
  facet normal -0.965904 -0.258899 0
    outer loop
      vertex 56.0743 39.8469 56
      vertex 56.318 38.9377 14
      vertex 56.318 38.9377 56
    endloop
  endfacet
  facet normal -0.996198 -0.0871156 0
    outer loop
      vertex 56.4 38 14
      vertex 56.318 38.9377 56
      vertex 56.318 38.9377 14
    endloop
  endfacet
  facet normal -0.996198 -0.0871156 0
    outer loop
      vertex 56.318 38.9377 56
      vertex 56.4 38 14
      vertex 56.4 38 56
    endloop
  endfacet
  facet normal -0.906311 -0.422612 0
    outer loop
      vertex 56.0743 39.8469 14
      vertex 55.6765 40.7 56
      vertex 55.6765 40.7 14
    endloop
  endfacet
  facet normal -0.906311 -0.422612 0
    outer loop
      vertex 55.6765 40.7 56
      vertex 56.0743 39.8469 14
      vertex 56.0743 39.8469 56
    endloop
  endfacet
  facet normal -0.422612 0.906311 0
    outer loop
      vertex 53.7 33.3235 14
      vertex 52.8469 32.9257 56
      vertex 53.7 33.3235 56
    endloop
  endfacet
  facet normal -0.422612 0.906311 0
    outer loop
      vertex 52.8469 32.9257 56
      vertex 53.7 33.3235 14
      vertex 52.8469 32.9257 14
    endloop
  endfacet
  facet normal -0.906311 0.422612 0
    outer loop
      vertex 55.6765 35.3 14
      vertex 56.0743 36.1531 56
      vertex 56.0743 36.1531 14
    endloop
  endfacet
  facet normal -0.906311 0.422612 0
    outer loop
      vertex 56.0743 36.1531 56
      vertex 55.6765 35.3 14
      vertex 55.6765 35.3 56
    endloop
  endfacet
  facet normal 0.819167 -0.573555 0
    outer loop
      vertex 46.3235 40.7 56
      vertex 46.8634 41.4711 14
      vertex 46.8634 41.4711 56
    endloop
  endfacet
  facet normal 0.819167 -0.573555 0
    outer loop
      vertex 46.8634 41.4711 14
      vertex 46.3235 40.7 56
      vertex 46.3235 40.7 14
    endloop
  endfacet
  facet normal 0.965904 -0.258899 0
    outer loop
      vertex 45.682 38.9377 56
      vertex 45.9257 39.8469 14
      vertex 45.9257 39.8469 56
    endloop
  endfacet
  facet normal 0.965904 -0.258899 0
    outer loop
      vertex 45.9257 39.8469 14
      vertex 45.682 38.9377 56
      vertex 45.682 38.9377 14
    endloop
  endfacet
  facet normal 0.906311 -0.422612 0
    outer loop
      vertex 45.9257 39.8469 56
      vertex 46.3235 40.7 14
      vertex 46.3235 40.7 56
    endloop
  endfacet
  facet normal 0.906311 -0.422612 0
    outer loop
      vertex 46.3235 40.7 14
      vertex 45.9257 39.8469 56
      vertex 45.9257 39.8469 14
    endloop
  endfacet
  facet normal 0.707107 -0.707107 0
    outer loop
      vertex 46.8634 41.4711 14
      vertex 46.9 41.5077 56
      vertex 46.8634 41.4711 56
    endloop
  endfacet
  facet normal 0.707107 -0.707107 0
    outer loop
      vertex 46.9 41.5077 56
      vertex 46.8634 41.4711 14
      vertex 46.9 41.5077 14
    endloop
  endfacet
  facet normal 0.422612 0.906311 -0
    outer loop
      vertex 49.1531 32.9257 14
      vertex 48.3 33.3235 56
      vertex 49.1531 32.9257 56
    endloop
  endfacet
  facet normal 0.422612 0.906311 0
    outer loop
      vertex 48.3 33.3235 56
      vertex 49.1531 32.9257 14
      vertex 48.3 33.3235 14
    endloop
  endfacet
  facet normal -0.0871156 0.996198 0
    outer loop
      vertex 51.9377 32.682 14
      vertex 51 32.6 56
      vertex 51.9377 32.682 56
    endloop
  endfacet
  facet normal -0.0871156 0.996198 0
    outer loop
      vertex 51 32.6 56
      vertex 51.9377 32.682 14
      vertex 51 32.6 14
    endloop
  endfacet
  facet normal -0.258899 0.965904 0
    outer loop
      vertex 52.8469 32.9257 14
      vertex 51.9377 32.682 56
      vertex 52.8469 32.9257 56
    endloop
  endfacet
  facet normal -0.258899 0.965904 0
    outer loop
      vertex 51.9377 32.682 56
      vertex 52.8469 32.9257 14
      vertex 51.9377 32.682 14
    endloop
  endfacet
  facet normal -0.819167 -0.573555 0
    outer loop
      vertex 55.6765 40.7 14
      vertex 55.1366 41.4711 56
      vertex 55.1366 41.4711 14
    endloop
  endfacet
  facet normal -0.819167 -0.573555 0
    outer loop
      vertex 55.1366 41.4711 56
      vertex 55.6765 40.7 14
      vertex 55.6765 40.7 56
    endloop
  endfacet
  facet normal 0.819167 0.573555 0
    outer loop
      vertex 46.8634 34.5289 56
      vertex 46.3235 35.3 14
      vertex 46.3235 35.3 56
    endloop
  endfacet
  facet normal 0.819167 0.573555 0
    outer loop
      vertex 46.3235 35.3 14
      vertex 46.8634 34.5289 56
      vertex 46.8634 34.5289 14
    endloop
  endfacet
  facet normal -0.996198 0.0871156 0
    outer loop
      vertex 56.318 37.0623 14
      vertex 56.4 38 56
      vertex 56.4 38 14
    endloop
  endfacet
  facet normal -0.996198 0.0871156 0
    outer loop
      vertex 56.4 38 56
      vertex 56.318 37.0623 14
      vertex 56.318 37.0623 56
    endloop
  endfacet
  facet normal -0.819167 0.573555 0
    outer loop
      vertex 55.1366 34.5289 14
      vertex 55.6765 35.3 56
      vertex 55.6765 35.3 14
    endloop
  endfacet
  facet normal -0.819167 0.573555 0
    outer loop
      vertex 55.6765 35.3 56
      vertex 55.1366 34.5289 14
      vertex 55.1366 34.5289 56
    endloop
  endfacet
  facet normal 0.0871156 0.996198 -0
    outer loop
      vertex 51 32.6 14
      vertex 50.0623 32.682 56
      vertex 51 32.6 56
    endloop
  endfacet
  facet normal 0.0871156 0.996198 0
    outer loop
      vertex 50.0623 32.682 56
      vertex 51 32.6 14
      vertex 50.0623 32.682 14
    endloop
  endfacet
  facet normal -0.707107 0.707107 0
    outer loop
      vertex 54.4711 33.8634 14
      vertex 55.1366 34.5289 56
      vertex 55.1366 34.5289 14
    endloop
  endfacet
  facet normal -0.707107 0.707107 0
    outer loop
      vertex 55.1366 34.5289 56
      vertex 54.4711 33.8634 14
      vertex 54.4711 33.8634 56
    endloop
  endfacet
  facet normal 0.906311 0.422612 0
    outer loop
      vertex 46.3235 35.3 56
      vertex 45.9257 36.1531 14
      vertex 45.9257 36.1531 56
    endloop
  endfacet
  facet normal 0.906311 0.422612 0
    outer loop
      vertex 45.9257 36.1531 14
      vertex 46.3235 35.3 56
      vertex 46.3235 35.3 14
    endloop
  endfacet
  facet normal 0.965904 0.258899 0
    outer loop
      vertex 45.9257 36.1531 56
      vertex 45.682 37.0623 14
      vertex 45.682 37.0623 56
    endloop
  endfacet
  facet normal 0.965904 0.258899 0
    outer loop
      vertex 45.682 37.0623 14
      vertex 45.9257 36.1531 56
      vertex 45.9257 36.1531 14
    endloop
  endfacet
  facet normal -0.573555 0.819167 0
    outer loop
      vertex 54.4711 33.8634 14
      vertex 53.7 33.3235 56
      vertex 54.4711 33.8634 56
    endloop
  endfacet
  facet normal -0.573555 0.819167 0
    outer loop
      vertex 53.7 33.3235 56
      vertex 54.4711 33.8634 14
      vertex 53.7 33.3235 14
    endloop
  endfacet
  facet normal 0.996198 -0.0871156 0
    outer loop
      vertex 45.6 38 56
      vertex 45.682 38.9377 14
      vertex 45.682 38.9377 56
    endloop
  endfacet
  facet normal 0.996198 -0.0871156 0
    outer loop
      vertex 45.682 38.9377 14
      vertex 45.6 38 56
      vertex 45.6 38 14
    endloop
  endfacet
  facet normal -0.965904 0.258899 0
    outer loop
      vertex 56.0743 36.1531 14
      vertex 56.318 37.0623 56
      vertex 56.318 37.0623 14
    endloop
  endfacet
  facet normal -0.965904 0.258899 0
    outer loop
      vertex 56.318 37.0623 56
      vertex 56.0743 36.1531 14
      vertex 56.0743 36.1531 56
    endloop
  endfacet
  facet normal 0.573555 0.819167 -0
    outer loop
      vertex 48.3 33.3235 14
      vertex 47.5289 33.8634 56
      vertex 48.3 33.3235 56
    endloop
  endfacet
  facet normal 0.573555 0.819167 0
    outer loop
      vertex 47.5289 33.8634 56
      vertex 48.3 33.3235 14
      vertex 47.5289 33.8634 14
    endloop
  endfacet
  facet normal 0.258899 0.965904 -0
    outer loop
      vertex 50.0623 32.682 14
      vertex 49.1531 32.9257 56
      vertex 50.0623 32.682 56
    endloop
  endfacet
  facet normal 0.258899 0.965904 0
    outer loop
      vertex 49.1531 32.9257 56
      vertex 50.0623 32.682 14
      vertex 49.1531 32.9257 14
    endloop
  endfacet
  facet normal -0.707107 -0.707107 0
    outer loop
      vertex 55.1 41.5077 14
      vertex 55.1366 41.4711 56
      vertex 55.1 41.5077 56
    endloop
  endfacet
  facet normal -0.707107 -0.707107 -0
    outer loop
      vertex 55.1366 41.4711 56
      vertex 55.1 41.5077 14
      vertex 55.1366 41.4711 14
    endloop
  endfacet
  facet normal 0.996198 0.0871156 0
    outer loop
      vertex 45.682 37.0623 56
      vertex 45.6 38 14
      vertex 45.6 38 56
    endloop
  endfacet
  facet normal 0.996198 0.0871156 0
    outer loop
      vertex 45.6 38 14
      vertex 45.682 37.0623 56
      vertex 45.682 37.0623 14
    endloop
  endfacet
  facet normal 0.707107 0.707107 0
    outer loop
      vertex 47.5289 33.8634 56
      vertex 46.8634 34.5289 14
      vertex 46.8634 34.5289 56
    endloop
  endfacet
  facet normal 0.707107 0.707107 0
    outer loop
      vertex 46.8634 34.5289 14
      vertex 47.5289 33.8634 56
      vertex 47.5289 33.8634 14
    endloop
  endfacet
  facet normal 0.804184 -0.374965 0.461182
    outer loop
      vertex 48.4019 39.5 9.5
      vertex 46.3686 40.6739 14
      vertex 45.9795 39.8394 14
    endloop
  endfacet
  facet normal 0.374965 -0.804184 0.461182
    outer loop
      vertex 49.5 40.5981 9.5
      vertex 49.1606 43.0205 14
      vertex 48.3261 42.6314 14
    endloop
  endfacet
  facet normal -0.233535 0.856297 0.46067
    outer loop
      vertex 52.0261 35.1809 9.5
      vertex 51.9286 32.7334 14
      vertex 51.9396 32.7364 14
    endloop
  endfacet
  facet normal -0.229543 0.857096 0.461191
    outer loop
      vertex 51.9286 32.7334 14
      vertex 52.0261 35.1809 9.5
      vertex 51.5209 35.0456 9.5
    endloop
  endfacet
  facet normal -0.883935 -0.0772829 0.461179
    outer loop
      vertex 56.3478 38 14
      vertex 56.2676 38.9173 14
      vertex 54 38 9.5
    endloop
  endfacet
  facet normal -0.883832 -0.0782152 0.461219
    outer loop
      vertex 53.9544 38.5209 9.5
      vertex 56.2676 38.9173 14
      vertex 56.2666 38.9286 14
    endloop
  endfacet
  facet normal -0.883921 -0.0773791 0.461191
    outer loop
      vertex 56.2676 38.9173 14
      vertex 53.9544 38.5209 9.5
      vertex 54 38 9.5
    endloop
  endfacet
  facet normal 0.883935 0.0772829 0.461179
    outer loop
      vertex 45.7324 37.0827 14
      vertex 48 38 9.5
      vertex 45.6522 38 14
    endloop
  endfacet
  facet normal -0.374965 0.804184 0.461182
    outer loop
      vertex 52.8394 32.9795 14
      vertex 53.6739 33.3686 14
      vertex 52.5 35.4019 9.5
    endloop
  endfacet
  facet normal -0.883921 0.0773791 0.461191
    outer loop
      vertex 53.9544 37.4791 9.5
      vertex 56.2676 37.0827 14
      vertex 54 38 9.5
    endloop
  endfacet
  facet normal -0.883832 0.0782152 0.461219
    outer loop
      vertex 56.2676 37.0827 14
      vertex 53.9544 37.4791 9.5
      vertex 56.2666 37.0714 14
    endloop
  endfacet
  facet normal 0.0782186 0.883871 0.461145
    outer loop
      vertex 51 35 9.5
      vertex 50.9887 32.6532 14
      vertex 51 32.6522 14
    endloop
  endfacet
  facet normal 0.0773799 0.88393 0.461173
    outer loop
      vertex 50.9887 32.6532 14
      vertex 51 35 9.5
      vertex 50.4791 35.0456 9.5
    endloop
  endfacet
  facet normal -0.229616 0.857085 0.461174
    outer loop
      vertex 52.8291 32.9747 14
      vertex 52.0261 35.1809 9.5
      vertex 51.9396 32.7364 14
    endloop
  endfacet
  facet normal 0.857085 0.229616 0.461174
    outer loop
      vertex 45.9747 36.1709 14
      vertex 48.1809 36.9739 9.5
      vertex 45.7364 37.0604 14
    endloop
  endfacet
  facet normal -0.857085 0.229616 0.461174
    outer loop
      vertex 56.0253 36.1709 14
      vertex 56.2636 37.0604 14
      vertex 53.8191 36.9739 9.5
    endloop
  endfacet
  facet normal 0.0782152 -0.883832 0.461219
    outer loop
      vertex 50.4791 40.9544 9.5
      vertex 50.0827 43.2676 14
      vertex 50.0714 43.2666 14
    endloop
  endfacet
  facet normal 0.0773791 -0.883921 0.461191
    outer loop
      vertex 50.0827 43.2676 14
      vertex 50.4791 40.9544 9.5
      vertex 51 41 9.5
    endloop
  endfacet
  facet normal -0.726814 0.508973 0.461181
    outer loop
      vertex 53.2981 36.0716 9.5
      vertex 55.6314 35.3261 14
      vertex 53.5981 36.5 9.5
    endloop
  endfacet
  facet normal -0.723908 0.513741 0.460464
    outer loop
      vertex 55.6314 35.3261 14
      vertex 53.2981 36.0716 9.5
      vertex 55.6248 35.3168 14
    endloop
  endfacet
  facet normal 0.726868 0.508895 0.461182
    outer loop
      vertex 46.9033 34.5625 14
      vertex 48.7019 36.0716 9.5
      vertex 46.3752 35.3168 14
    endloop
  endfacet
  facet normal -0.62742 0.62742 0.461182
    outer loop
      vertex 52.9284 35.7019 9.5
      vertex 55.0967 34.5625 14
      vertex 53.2981 36.0716 9.5
    endloop
  endfacet
  facet normal -0.62742 0.62742 0.461182
    outer loop
      vertex 55.0967 34.5625 14
      vertex 52.9284 35.7019 9.5
      vertex 54.4375 33.9033 14
    endloop
  endfacet
  facet normal 0.883935 -0.0772829 0.461179
    outer loop
      vertex 48 38 9.5
      vertex 45.7324 38.9173 14
      vertex 45.6522 38 14
    endloop
  endfacet
  facet normal -0.857096 0.229543 0.461191
    outer loop
      vertex 53.8191 36.9739 9.5
      vertex 56.2666 37.0714 14
      vertex 53.9544 37.4791 9.5
    endloop
  endfacet
  facet normal -0.856297 0.233535 0.46067
    outer loop
      vertex 56.2666 37.0714 14
      vertex 53.8191 36.9739 9.5
      vertex 56.2636 37.0604 14
    endloop
  endfacet
  facet normal 0.883921 0.0773791 0.461191
    outer loop
      vertex 45.7324 37.0827 14
      vertex 48.0456 37.4791 9.5
      vertex 48 38 9.5
    endloop
  endfacet
  facet normal 0.883832 0.0782152 0.461219
    outer loop
      vertex 48.0456 37.4791 9.5
      vertex 45.7324 37.0827 14
      vertex 45.7334 37.0714 14
    endloop
  endfacet
  facet normal 0.80425 -0.374796 0.461205
    outer loop
      vertex 45.9747 39.8291 14
      vertex 48.4019 39.5 9.5
      vertex 45.9795 39.8394 14
    endloop
  endfacet
  facet normal 0.804164 -0.375017 0.461175
    outer loop
      vertex 48.4019 39.5 9.5
      vertex 45.9747 39.8291 14
      vertex 48.1809 39.0261 9.5
    endloop
  endfacet
  facet normal -0.726868 0.508895 0.461182
    outer loop
      vertex 55.0967 34.5625 14
      vertex 55.6248 35.3168 14
      vertex 53.2981 36.0716 9.5
    endloop
  endfacet
  facet normal -0.883935 0.0772829 0.461179
    outer loop
      vertex 56.2676 37.0827 14
      vertex 56.3478 38 14
      vertex 54 38 9.5
    endloop
  endfacet
  facet normal 0.229543 0.857096 0.461191
    outer loop
      vertex 49.9739 35.1809 9.5
      vertex 50.0714 32.7334 14
      vertex 50.4791 35.0456 9.5
    endloop
  endfacet
  facet normal 0.233535 0.856297 0.46067
    outer loop
      vertex 50.0714 32.7334 14
      vertex 49.9739 35.1809 9.5
      vertex 50.0604 32.7364 14
    endloop
  endfacet
  facet normal 0.727287 -0.508319 0.461156
    outer loop
      vertex 46.8968 41.4282 14
      vertex 48.7019 39.9284 9.5
      vertex 46.9033 41.4375 14
    endloop
  endfacet
  facet normal 0.726813 -0.508972 0.461184
    outer loop
      vertex 48.7019 39.9284 9.5
      vertex 46.8968 41.4282 14
      vertex 48.4019 39.5 9.5
    endloop
  endfacet
  facet normal -0.804187 0.374966 0.461177
    outer loop
      vertex 55.6362 35.3364 14
      vertex 56.0253 36.1709 14
      vertex 53.8191 36.9739 9.5
    endloop
  endfacet
  facet normal 0.804187 0.374966 0.461177
    outer loop
      vertex 46.3638 35.3364 14
      vertex 48.1809 36.9739 9.5
      vertex 45.9747 36.1709 14
    endloop
  endfacet
  facet normal -0.508319 0.727287 0.461156
    outer loop
      vertex 52.9284 35.7019 9.5
      vertex 54.4282 33.8968 14
      vertex 54.4375 33.9033 14
    endloop
  endfacet
  facet normal -0.508972 0.726813 0.461184
    outer loop
      vertex 54.4282 33.8968 14
      vertex 52.9284 35.7019 9.5
      vertex 52.5 35.4019 9.5
    endloop
  endfacet
  facet normal 0.508959 0.726823 0.461182
    outer loop
      vertex 48.3261 33.3686 14
      vertex 49.5 35.4019 9.5
      vertex 47.5718 33.8968 14
    endloop
  endfacet
  facet normal -0.726823 -0.508959 0.461182
    outer loop
      vertex 55.6314 40.6739 14
      vertex 55.1032 41.4282 14
      vertex 53.5981 39.5 9.5
    endloop
  endfacet
  facet normal -0.80416 0.375015 0.461184
    outer loop
      vertex 53.5981 36.5 9.5
      vertex 55.6362 35.3364 14
      vertex 53.8191 36.9739 9.5
    endloop
  endfacet
  facet normal -0.804264 0.374803 0.461176
    outer loop
      vertex 55.6362 35.3364 14
      vertex 53.5981 36.5 9.5
      vertex 55.6314 35.3261 14
    endloop
  endfacet
  facet normal 0.856297 0.233535 0.46067
    outer loop
      vertex 48.1809 36.9739 9.5
      vertex 45.7334 37.0714 14
      vertex 45.7364 37.0604 14
    endloop
  endfacet
  facet normal 0.857096 0.229543 0.461191
    outer loop
      vertex 45.7334 37.0714 14
      vertex 48.1809 36.9739 9.5
      vertex 48.0456 37.4791 9.5
    endloop
  endfacet
  facet normal 0.857085 -0.229616 0.461174
    outer loop
      vertex 48.1809 39.0261 9.5
      vertex 45.9747 39.8291 14
      vertex 45.7364 38.9396 14
    endloop
  endfacet
  facet normal 0.883832 -0.0782152 0.461219
    outer loop
      vertex 45.7324 38.9173 14
      vertex 48.0456 38.5209 9.5
      vertex 45.7334 38.9286 14
    endloop
  endfacet
  facet normal 0.883921 -0.0773791 0.461191
    outer loop
      vertex 48.0456 38.5209 9.5
      vertex 45.7324 38.9173 14
      vertex 48 38 9.5
    endloop
  endfacet
  facet normal -0.80425 -0.374796 0.461205
    outer loop
      vertex 53.5981 39.5 9.5
      vertex 56.0253 39.8291 14
      vertex 56.0205 39.8394 14
    endloop
  endfacet
  facet normal -0.804164 -0.375017 0.461175
    outer loop
      vertex 56.0253 39.8291 14
      vertex 53.5981 39.5 9.5
      vertex 53.8191 39.0261 9.5
    endloop
  endfacet
  facet normal 0.233535 -0.856297 0.46067
    outer loop
      vertex 49.9739 40.8191 9.5
      vertex 50.0714 43.2666 14
      vertex 50.0604 43.2636 14
    endloop
  endfacet
  facet normal 0.229543 -0.857096 0.461191
    outer loop
      vertex 50.0714 43.2666 14
      vertex 49.9739 40.8191 9.5
      vertex 50.4791 40.9544 9.5
    endloop
  endfacet
  facet normal 0.375017 0.804164 0.461175
    outer loop
      vertex 49.5 35.4019 9.5
      vertex 49.1709 32.9747 14
      vertex 49.9739 35.1809 9.5
    endloop
  endfacet
  facet normal 0.374796 0.80425 0.461205
    outer loop
      vertex 49.1709 32.9747 14
      vertex 49.5 35.4019 9.5
      vertex 49.1606 32.9795 14
    endloop
  endfacet
  facet normal 0.374965 0.804184 0.461182
    outer loop
      vertex 49.1606 32.9795 14
      vertex 49.5 35.4019 9.5
      vertex 48.3261 33.3686 14
    endloop
  endfacet
  facet normal -0.0772829 -0.883935 0.461179
    outer loop
      vertex 51.9173 43.2676 14
      vertex 51 43.3478 14
      vertex 51 41 9.5
    endloop
  endfacet
  facet normal 0.508972 0.726813 0.461184
    outer loop
      vertex 49.0716 35.7019 9.5
      vertex 47.5718 33.8968 14
      vertex 49.5 35.4019 9.5
    endloop
  endfacet
  facet normal 0.508319 0.727287 0.461156
    outer loop
      vertex 47.5718 33.8968 14
      vertex 49.0716 35.7019 9.5
      vertex 47.5625 33.9033 14
    endloop
  endfacet
  facet normal -0.375017 -0.804164 0.461175
    outer loop
      vertex 52.5 40.5981 9.5
      vertex 52.8291 43.0253 14
      vertex 52.0261 40.8191 9.5
    endloop
  endfacet
  facet normal -0.374796 -0.80425 0.461205
    outer loop
      vertex 52.8291 43.0253 14
      vertex 52.5 40.5981 9.5
      vertex 52.8394 43.0205 14
    endloop
  endfacet
  facet normal 0.229616 0.857085 0.461174
    outer loop
      vertex 50.0604 32.7364 14
      vertex 49.9739 35.1809 9.5
      vertex 49.1709 32.9747 14
    endloop
  endfacet
  facet normal -0.374796 0.80425 0.461205
    outer loop
      vertex 52.5 35.4019 9.5
      vertex 52.8291 32.9747 14
      vertex 52.8394 32.9795 14
    endloop
  endfacet
  facet normal -0.375017 0.804164 0.461175
    outer loop
      vertex 52.8291 32.9747 14
      vertex 52.5 35.4019 9.5
      vertex 52.0261 35.1809 9.5
    endloop
  endfacet
  facet normal -0.508959 0.726823 0.461182
    outer loop
      vertex 53.6739 33.3686 14
      vertex 54.4282 33.8968 14
      vertex 52.5 35.4019 9.5
    endloop
  endfacet
  facet normal 0.508959 -0.726823 0.461182
    outer loop
      vertex 49.5 40.5981 9.5
      vertex 48.3261 42.6314 14
      vertex 47.5718 42.1032 14
    endloop
  endfacet
  facet normal 0.0772829 -0.883935 0.461179
    outer loop
      vertex 51 41 9.5
      vertex 51 43.3478 14
      vertex 50.0827 43.2676 14
    endloop
  endfacet
  facet normal 0.856297 -0.233535 0.46067
    outer loop
      vertex 45.7334 38.9286 14
      vertex 48.1809 39.0261 9.5
      vertex 45.7364 38.9396 14
    endloop
  endfacet
  facet normal 0.857096 -0.229543 0.461191
    outer loop
      vertex 48.1809 39.0261 9.5
      vertex 45.7334 38.9286 14
      vertex 48.0456 38.5209 9.5
    endloop
  endfacet
  facet normal 0.229616 -0.857085 0.461174
    outer loop
      vertex 49.9739 40.8191 9.5
      vertex 50.0604 43.2636 14
      vertex 49.1709 43.0253 14
    endloop
  endfacet
  facet normal -0.0773799 0.88393 0.461173
    outer loop
      vertex 51 35 9.5
      vertex 51.0113 32.6532 14
      vertex 51.5209 35.0456 9.5
    endloop
  endfacet
  facet normal -0.0782186 0.883871 0.461145
    outer loop
      vertex 51.0113 32.6532 14
      vertex 51 35 9.5
      vertex 51 32.6522 14
    endloop
  endfacet
  facet normal 0.726823 -0.508959 0.461182
    outer loop
      vertex 48.4019 39.5 9.5
      vertex 46.8968 41.4282 14
      vertex 46.3686 40.6739 14
    endloop
  endfacet
  facet normal -0.0773791 -0.883921 0.461191
    outer loop
      vertex 51.5209 40.9544 9.5
      vertex 51.9173 43.2676 14
      vertex 51 41 9.5
    endloop
  endfacet
  facet normal -0.0782152 -0.883832 0.461219
    outer loop
      vertex 51.9173 43.2676 14
      vertex 51.5209 40.9544 9.5
      vertex 51.9286 43.2666 14
    endloop
  endfacet
  facet normal -0.229616 -0.857085 0.461174
    outer loop
      vertex 52.0261 40.8191 9.5
      vertex 52.8291 43.0253 14
      vertex 51.9396 43.2636 14
    endloop
  endfacet
  facet normal 0.726814 0.508973 0.461181
    outer loop
      vertex 46.3686 35.3261 14
      vertex 48.7019 36.0716 9.5
      vertex 48.4019 36.5 9.5
    endloop
  endfacet
  facet normal 0.723908 0.513741 0.460464
    outer loop
      vertex 48.7019 36.0716 9.5
      vertex 46.3686 35.3261 14
      vertex 46.3752 35.3168 14
    endloop
  endfacet
  facet normal 0.80416 0.375015 0.461184
    outer loop
      vertex 46.3638 35.3364 14
      vertex 48.4019 36.5 9.5
      vertex 48.1809 36.9739 9.5
    endloop
  endfacet
  facet normal 0.804264 0.374803 0.461176
    outer loop
      vertex 48.4019 36.5 9.5
      vertex 46.3638 35.3364 14
      vertex 46.3686 35.3261 14
    endloop
  endfacet
  facet normal 0.0772826 0.883932 0.461186
    outer loop
      vertex 50.9887 32.6532 14
      vertex 50.4791 35.0456 9.5
      vertex 50.0714 32.7334 14
    endloop
  endfacet
  facet normal -0.0772826 0.883932 0.461186
    outer loop
      vertex 51.9286 32.7334 14
      vertex 51.5209 35.0456 9.5
      vertex 51.0113 32.6532 14
    endloop
  endfacet
  facet normal -0.508959 -0.726823 0.461182
    outer loop
      vertex 54.4282 42.1032 14
      vertex 53.6739 42.6314 14
      vertex 52.5 40.5981 9.5
    endloop
  endfacet
  facet normal -0.374965 -0.804184 0.461182
    outer loop
      vertex 53.6739 42.6314 14
      vertex 52.8394 43.0205 14
      vertex 52.5 40.5981 9.5
    endloop
  endfacet
  facet normal 0.508319 -0.727287 0.461156
    outer loop
      vertex 49.0716 40.2981 9.5
      vertex 47.5718 42.1032 14
      vertex 47.5625 42.0967 14
    endloop
  endfacet
  facet normal 0.508972 -0.726813 0.461184
    outer loop
      vertex 47.5718 42.1032 14
      vertex 49.0716 40.2981 9.5
      vertex 49.5 40.5981 9.5
    endloop
  endfacet
  facet normal 0.374796 -0.80425 0.461205
    outer loop
      vertex 49.5 40.5981 9.5
      vertex 49.1709 43.0253 14
      vertex 49.1606 43.0205 14
    endloop
  endfacet
  facet normal 0.375017 -0.804164 0.461175
    outer loop
      vertex 49.1709 43.0253 14
      vertex 49.5 40.5981 9.5
      vertex 49.9739 40.8191 9.5
    endloop
  endfacet
  facet normal -0.727287 -0.508319 0.461156
    outer loop
      vertex 53.2981 39.9284 9.5
      vertex 55.1032 41.4282 14
      vertex 55.0967 41.4375 14
    endloop
  endfacet
  facet normal -0.726813 -0.508972 0.461184
    outer loop
      vertex 55.1032 41.4282 14
      vertex 53.2981 39.9284 9.5
      vertex 53.5981 39.5 9.5
    endloop
  endfacet
  facet normal -0.804184 -0.374965 0.461182
    outer loop
      vertex 56.0205 39.8394 14
      vertex 55.6314 40.6739 14
      vertex 53.5981 39.5 9.5
    endloop
  endfacet
  facet normal 0.62742 0.62742 0.461182
    outer loop
      vertex 46.9033 34.5625 14
      vertex 49.0716 35.7019 9.5
      vertex 48.7019 36.0716 9.5
    endloop
  endfacet
  facet normal 0.62742 0.62742 0.461182
    outer loop
      vertex 49.0716 35.7019 9.5
      vertex 46.9033 34.5625 14
      vertex 47.5625 33.9033 14
    endloop
  endfacet
  facet normal -0.229543 -0.857096 0.461191
    outer loop
      vertex 52.0261 40.8191 9.5
      vertex 51.9286 43.2666 14
      vertex 51.5209 40.9544 9.5
    endloop
  endfacet
  facet normal -0.233535 -0.856297 0.46067
    outer loop
      vertex 51.9286 43.2666 14
      vertex 52.0261 40.8191 9.5
      vertex 51.9396 43.2636 14
    endloop
  endfacet
  facet normal 0.62742 -0.62742 0.461182
    outer loop
      vertex 46.9033 41.4375 14
      vertex 49.0716 40.2981 9.5
      vertex 47.5625 42.0967 14
    endloop
  endfacet
  facet normal 0.62742 -0.62742 0.461182
    outer loop
      vertex 49.0716 40.2981 9.5
      vertex 46.9033 41.4375 14
      vertex 48.7019 39.9284 9.5
    endloop
  endfacet
  facet normal -0.508972 -0.726813 0.461184
    outer loop
      vertex 52.9284 40.2981 9.5
      vertex 54.4282 42.1032 14
      vertex 52.5 40.5981 9.5
    endloop
  endfacet
  facet normal -0.508319 -0.727287 0.461156
    outer loop
      vertex 54.4282 42.1032 14
      vertex 52.9284 40.2981 9.5
      vertex 54.4375 42.0967 14
    endloop
  endfacet
  facet normal -0.62742 -0.62742 0.461182
    outer loop
      vertex 52.9284 40.2981 9.5
      vertex 55.0967 41.4375 14
      vertex 54.4375 42.0967 14
    endloop
  endfacet
  facet normal -0.62742 -0.62742 0.461182
    outer loop
      vertex 55.0967 41.4375 14
      vertex 52.9284 40.2981 9.5
      vertex 53.2981 39.9284 9.5
    endloop
  endfacet
  facet normal -0.857085 -0.229616 0.461174
    outer loop
      vertex 56.2636 38.9396 14
      vertex 56.0253 39.8291 14
      vertex 53.8191 39.0261 9.5
    endloop
  endfacet
  facet normal -0.856297 -0.233535 0.46067
    outer loop
      vertex 53.8191 39.0261 9.5
      vertex 56.2666 38.9286 14
      vertex 56.2636 38.9396 14
    endloop
  endfacet
  facet normal -0.857096 -0.229543 0.461191
    outer loop
      vertex 56.2666 38.9286 14
      vertex 53.8191 39.0261 9.5
      vertex 53.9544 38.5209 9.5
    endloop
  endfacet
  facet normal -0.258698 0.965958 0
    outer loop
      vertex 52.0261 35.1809 0
      vertex 51.5209 35.0456 9.5
      vertex 52.0261 35.1809 9.5
    endloop
  endfacet
  facet normal -0.258698 0.965958 0
    outer loop
      vertex 51.5209 35.0456 9.5
      vertex 52.0261 35.1809 0
      vertex 51.5209 35.0456 0
    endloop
  endfacet
  facet normal -0.965958 -0.258698 0
    outer loop
      vertex 53.9544 38.5209 0
      vertex 53.8191 39.0261 9.5
      vertex 53.8191 39.0261 0
    endloop
  endfacet
  facet normal -0.965958 -0.258698 0
    outer loop
      vertex 53.8191 39.0261 9.5
      vertex 53.9544 38.5209 0
      vertex 53.9544 38.5209 9.5
    endloop
  endfacet
  facet normal -0.99619 -0.0872073 0
    outer loop
      vertex 54 38 0
      vertex 53.9544 38.5209 9.5
      vertex 53.9544 38.5209 0
    endloop
  endfacet
  facet normal -0.99619 -0.0872073 0
    outer loop
      vertex 53.9544 38.5209 9.5
      vertex 54 38 0
      vertex 54 38 9.5
    endloop
  endfacet
  facet normal -0.906295 -0.422645 0
    outer loop
      vertex 53.8191 39.0261 0
      vertex 53.5981 39.5 9.5
      vertex 53.5981 39.5 0
    endloop
  endfacet
  facet normal -0.906295 -0.422645 0
    outer loop
      vertex 53.5981 39.5 9.5
      vertex 53.8191 39.0261 0
      vertex 53.8191 39.0261 9.5
    endloop
  endfacet
  facet normal 0.819124 0.573616 0
    outer loop
      vertex 48.7019 36.0716 9.5
      vertex 48.4019 36.5 0
      vertex 48.4019 36.5 9.5
    endloop
  endfacet
  facet normal 0.819124 0.573616 0
    outer loop
      vertex 48.4019 36.5 0
      vertex 48.7019 36.0716 9.5
      vertex 48.7019 36.0716 0
    endloop
  endfacet
  facet normal -0.573616 -0.819124 0
    outer loop
      vertex 52.5 40.5981 0
      vertex 52.9284 40.2981 9.5
      vertex 52.5 40.5981 9.5
    endloop
  endfacet
  facet normal -0.573616 -0.819124 -0
    outer loop
      vertex 52.9284 40.2981 9.5
      vertex 52.5 40.5981 0
      vertex 52.9284 40.2981 0
    endloop
  endfacet
  facet normal -0.573616 0.819124 0
    outer loop
      vertex 52.9284 35.7019 0
      vertex 52.5 35.4019 9.5
      vertex 52.9284 35.7019 9.5
    endloop
  endfacet
  facet normal -0.573616 0.819124 0
    outer loop
      vertex 52.5 35.4019 9.5
      vertex 52.9284 35.7019 0
      vertex 52.5 35.4019 0
    endloop
  endfacet
  facet normal -0.819124 -0.573616 0
    outer loop
      vertex 53.5981 39.5 0
      vertex 53.2981 39.9284 9.5
      vertex 53.2981 39.9284 0
    endloop
  endfacet
  facet normal -0.819124 -0.573616 0
    outer loop
      vertex 53.2981 39.9284 9.5
      vertex 53.5981 39.5 0
      vertex 53.5981 39.5 9.5
    endloop
  endfacet
  facet normal 0.819124 -0.573616 0
    outer loop
      vertex 48.4019 39.5 9.5
      vertex 48.7019 39.9284 0
      vertex 48.7019 39.9284 9.5
    endloop
  endfacet
  facet normal 0.819124 -0.573616 0
    outer loop
      vertex 48.7019 39.9284 0
      vertex 48.4019 39.5 9.5
      vertex 48.4019 39.5 0
    endloop
  endfacet
  facet normal 0.258698 0.965958 -0
    outer loop
      vertex 50.4791 35.0456 0
      vertex 49.9739 35.1809 9.5
      vertex 50.4791 35.0456 9.5
    endloop
  endfacet
  facet normal 0.258698 0.965958 0
    outer loop
      vertex 49.9739 35.1809 9.5
      vertex 50.4791 35.0456 0
      vertex 49.9739 35.1809 0
    endloop
  endfacet
  facet normal 0.0872073 -0.99619 0
    outer loop
      vertex 50.4791 40.9544 0
      vertex 51 41 9.5
      vertex 50.4791 40.9544 9.5
    endloop
  endfacet
  facet normal 0.0872073 -0.99619 0
    outer loop
      vertex 51 41 9.5
      vertex 50.4791 40.9544 0
      vertex 51 41 0
    endloop
  endfacet
  facet normal 0.906295 0.422645 0
    outer loop
      vertex 48.4019 36.5 9.5
      vertex 48.1809 36.9739 0
      vertex 48.1809 36.9739 9.5
    endloop
  endfacet
  facet normal 0.906295 0.422645 0
    outer loop
      vertex 48.1809 36.9739 0
      vertex 48.4019 36.5 9.5
      vertex 48.4019 36.5 0
    endloop
  endfacet
  facet normal -0.422645 0.906295 0
    outer loop
      vertex 52.5 35.4019 0
      vertex 52.0261 35.1809 9.5
      vertex 52.5 35.4019 9.5
    endloop
  endfacet
  facet normal -0.422645 0.906295 0
    outer loop
      vertex 52.0261 35.1809 9.5
      vertex 52.5 35.4019 0
      vertex 52.0261 35.1809 0
    endloop
  endfacet
  facet normal -0.99619 0.0872073 0
    outer loop
      vertex 53.9544 37.4791 0
      vertex 54 38 9.5
      vertex 54 38 0
    endloop
  endfacet
  facet normal -0.99619 0.0872073 0
    outer loop
      vertex 54 38 9.5
      vertex 53.9544 37.4791 0
      vertex 53.9544 37.4791 9.5
    endloop
  endfacet
  facet normal 0.99619 -0.0872073 0
    outer loop
      vertex 48 38 9.5
      vertex 48.0456 38.5209 0
      vertex 48.0456 38.5209 9.5
    endloop
  endfacet
  facet normal 0.99619 -0.0872073 0
    outer loop
      vertex 48.0456 38.5209 0
      vertex 48 38 9.5
      vertex 48 38 0
    endloop
  endfacet
  facet normal -0.707107 0.707107 0
    outer loop
      vertex 53.2981 36.0716 0
      vertex 52.9284 35.7019 9.5
      vertex 53.2981 36.0716 9.5
    endloop
  endfacet
  facet normal -0.707107 0.707107 0
    outer loop
      vertex 52.9284 35.7019 9.5
      vertex 53.2981 36.0716 0
      vertex 52.9284 35.7019 0
    endloop
  endfacet
  facet normal -0.819124 0.573616 0
    outer loop
      vertex 53.2981 36.0716 0
      vertex 53.5981 36.5 9.5
      vertex 53.5981 36.5 0
    endloop
  endfacet
  facet normal -0.819124 0.573616 0
    outer loop
      vertex 53.5981 36.5 9.5
      vertex 53.2981 36.0716 0
      vertex 53.2981 36.0716 9.5
    endloop
  endfacet
  facet normal -0.0872073 0.99619 0
    outer loop
      vertex 51.5209 35.0456 0
      vertex 51 35 9.5
      vertex 51.5209 35.0456 9.5
    endloop
  endfacet
  facet normal -0.0872073 0.99619 0
    outer loop
      vertex 51 35 9.5
      vertex 51.5209 35.0456 0
      vertex 51 35 0
    endloop
  endfacet
  facet normal 0.573616 -0.819124 0
    outer loop
      vertex 49.0716 40.2981 0
      vertex 49.5 40.5981 9.5
      vertex 49.0716 40.2981 9.5
    endloop
  endfacet
  facet normal 0.573616 -0.819124 0
    outer loop
      vertex 49.5 40.5981 9.5
      vertex 49.0716 40.2981 0
      vertex 49.5 40.5981 0
    endloop
  endfacet
  facet normal -0.906295 0.422645 0
    outer loop
      vertex 53.5981 36.5 0
      vertex 53.8191 36.9739 9.5
      vertex 53.8191 36.9739 0
    endloop
  endfacet
  facet normal -0.906295 0.422645 0
    outer loop
      vertex 53.8191 36.9739 9.5
      vertex 53.5981 36.5 0
      vertex 53.5981 36.5 9.5
    endloop
  endfacet
  facet normal -0.258698 -0.965958 0
    outer loop
      vertex 51.5209 40.9544 0
      vertex 52.0261 40.8191 9.5
      vertex 51.5209 40.9544 9.5
    endloop
  endfacet
  facet normal -0.258698 -0.965958 -0
    outer loop
      vertex 52.0261 40.8191 9.5
      vertex 51.5209 40.9544 0
      vertex 52.0261 40.8191 0
    endloop
  endfacet
  facet normal -0.707107 -0.707107 0
    outer loop
      vertex 53.2981 39.9284 0
      vertex 52.9284 40.2981 9.5
      vertex 52.9284 40.2981 0
    endloop
  endfacet
  facet normal -0.707107 -0.707107 0
    outer loop
      vertex 52.9284 40.2981 9.5
      vertex 53.2981 39.9284 0
      vertex 53.2981 39.9284 9.5
    endloop
  endfacet
  facet normal 0.99619 0.0872073 0
    outer loop
      vertex 48.0456 37.4791 9.5
      vertex 48 38 0
      vertex 48 38 9.5
    endloop
  endfacet
  facet normal 0.99619 0.0872073 0
    outer loop
      vertex 48 38 0
      vertex 48.0456 37.4791 9.5
      vertex 48.0456 37.4791 0
    endloop
  endfacet
  facet normal -0.422645 -0.906295 0
    outer loop
      vertex 52.0261 40.8191 0
      vertex 52.5 40.5981 9.5
      vertex 52.0261 40.8191 9.5
    endloop
  endfacet
  facet normal -0.422645 -0.906295 -0
    outer loop
      vertex 52.5 40.5981 9.5
      vertex 52.0261 40.8191 0
      vertex 52.5 40.5981 0
    endloop
  endfacet
  facet normal 0.422645 -0.906295 0
    outer loop
      vertex 49.5 40.5981 0
      vertex 49.9739 40.8191 9.5
      vertex 49.5 40.5981 9.5
    endloop
  endfacet
  facet normal 0.422645 -0.906295 0
    outer loop
      vertex 49.9739 40.8191 9.5
      vertex 49.5 40.5981 0
      vertex 49.9739 40.8191 0
    endloop
  endfacet
  facet normal 0.258698 -0.965958 0
    outer loop
      vertex 49.9739 40.8191 0
      vertex 50.4791 40.9544 9.5
      vertex 49.9739 40.8191 9.5
    endloop
  endfacet
  facet normal 0.258698 -0.965958 0
    outer loop
      vertex 50.4791 40.9544 9.5
      vertex 49.9739 40.8191 0
      vertex 50.4791 40.9544 0
    endloop
  endfacet
  facet normal 0.707107 -0.707107 0
    outer loop
      vertex 48.7019 39.9284 9.5
      vertex 49.0716 40.2981 0
      vertex 49.0716 40.2981 9.5
    endloop
  endfacet
  facet normal 0.707107 -0.707107 0
    outer loop
      vertex 49.0716 40.2981 0
      vertex 48.7019 39.9284 9.5
      vertex 48.7019 39.9284 0
    endloop
  endfacet
  facet normal -0.965958 0.258698 0
    outer loop
      vertex 53.8191 36.9739 0
      vertex 53.9544 37.4791 9.5
      vertex 53.9544 37.4791 0
    endloop
  endfacet
  facet normal -0.965958 0.258698 0
    outer loop
      vertex 53.9544 37.4791 9.5
      vertex 53.8191 36.9739 0
      vertex 53.8191 36.9739 9.5
    endloop
  endfacet
  facet normal 0.0872073 0.99619 -0
    outer loop
      vertex 51 35 0
      vertex 50.4791 35.0456 9.5
      vertex 51 35 9.5
    endloop
  endfacet
  facet normal 0.0872073 0.99619 0
    outer loop
      vertex 50.4791 35.0456 9.5
      vertex 51 35 0
      vertex 50.4791 35.0456 0
    endloop
  endfacet
  facet normal 0.573616 0.819124 -0
    outer loop
      vertex 49.5 35.4019 0
      vertex 49.0716 35.7019 9.5
      vertex 49.5 35.4019 9.5
    endloop
  endfacet
  facet normal 0.573616 0.819124 0
    outer loop
      vertex 49.0716 35.7019 9.5
      vertex 49.5 35.4019 0
      vertex 49.0716 35.7019 0
    endloop
  endfacet
  facet normal 0.422645 0.906295 -0
    outer loop
      vertex 49.9739 35.1809 0
      vertex 49.5 35.4019 9.5
      vertex 49.9739 35.1809 9.5
    endloop
  endfacet
  facet normal 0.422645 0.906295 0
    outer loop
      vertex 49.5 35.4019 9.5
      vertex 49.9739 35.1809 0
      vertex 49.5 35.4019 0
    endloop
  endfacet
  facet normal -0.0872073 -0.99619 0
    outer loop
      vertex 51 41 0
      vertex 51.5209 40.9544 9.5
      vertex 51 41 9.5
    endloop
  endfacet
  facet normal -0.0872073 -0.99619 -0
    outer loop
      vertex 51.5209 40.9544 9.5
      vertex 51 41 0
      vertex 51.5209 40.9544 0
    endloop
  endfacet
  facet normal 0.965958 0.258698 0
    outer loop
      vertex 48.1809 36.9739 9.5
      vertex 48.0456 37.4791 0
      vertex 48.0456 37.4791 9.5
    endloop
  endfacet
  facet normal 0.965958 0.258698 0
    outer loop
      vertex 48.0456 37.4791 0
      vertex 48.1809 36.9739 9.5
      vertex 48.1809 36.9739 0
    endloop
  endfacet
  facet normal 0.707107 0.707107 -0
    outer loop
      vertex 49.0716 35.7019 0
      vertex 48.7019 36.0716 9.5
      vertex 49.0716 35.7019 9.5
    endloop
  endfacet
  facet normal 0.707107 0.707107 0
    outer loop
      vertex 48.7019 36.0716 9.5
      vertex 49.0716 35.7019 0
      vertex 48.7019 36.0716 0
    endloop
  endfacet
  facet normal 0.965958 -0.258698 0
    outer loop
      vertex 48.0456 38.5209 9.5
      vertex 48.1809 39.0261 0
      vertex 48.1809 39.0261 9.5
    endloop
  endfacet
  facet normal 0.965958 -0.258698 0
    outer loop
      vertex 48.1809 39.0261 0
      vertex 48.0456 38.5209 9.5
      vertex 48.0456 38.5209 0
    endloop
  endfacet
  facet normal 0.906295 -0.422645 0
    outer loop
      vertex 48.1809 39.0261 9.5
      vertex 48.4019 39.5 0
      vertex 48.4019 39.5 9.5
    endloop
  endfacet
  facet normal 0.906295 -0.422645 0
    outer loop
      vertex 48.4019 39.5 0
      vertex 48.1809 39.0261 9.5
      vertex 48.1809 39.0261 0
    endloop
  endfacet
  facet normal -0.824771 -0.0721552 -0.560844
    outer loop
      vertex 25.7499 36.3676 0
      vertex 26.132 32 0
      vertex 24.5 32 2.4
    endloop
  endfacet
  facet normal -0.349898 0.75035 -0.560844
    outer loop
      vertex 9.09249 7.51615 0
      vertex 8.37949 8.97753 2.4
      vertex 12.25 10.7824 2.4
    endloop
  endfacet
  facet normal -0.34992 0.75034 -0.560844
    outer loop
      vertex 8.37949 8.97753 2.4
      vertex 9.09249 7.51615 0
      vertex 8.93767 7.44395 0
    endloop
  endfacet
  facet normal 0.799709 0.214278 -0.560848
    outer loop
      vertex -23.0225 23.6205 2.4
      vertex -24.6003 23.2273 0
      vertex -24.1278 27.7456 2.4
    endloop
  endfacet
  facet normal 0.799603 0.214681 -0.560844
    outer loop
      vertex -24.6003 23.2273 0
      vertex -23.0225 23.6205 2.4
      vertex -24.556 23.0623 0
    endloop
  endfacet
  facet normal -0.678097 -0.475007 -0.56085
    outer loop
      vertex 20.1163 48.6574 0
      vertex 18.7681 47.7483 2.4
      vertex 20.0183 48.7973 0
    endloop
  endfacet
  facet normal -0.678193 -0.474869 -0.560851
    outer loop
      vertex 18.7681 47.7483 2.4
      vertex 20.1163 48.6574 0
      vertex 21.2176 44.25 2.4
    endloop
  endfacet
  facet normal 0.82477 0.0721558 -0.560845
    outer loop
      vertex -24.1278 27.7456 2.4
      vertex -25.7499 27.6324 0
      vertex -24.5 32 2.4
    endloop
  endfacet
  facet normal 0.824767 0.0722034 -0.560845
    outer loop
      vertex -25.7499 27.6324 0
      vertex -24.1278 27.7456 2.4
      vertex -25.735 27.4622 0
    endloop
  endfacet
  facet normal -0.475007 0.678097 -0.56085
    outer loop
      vertex 16.6574 11.8837 0
      vertex 15.7483 13.2319 2.4
      vertex 16.7973 11.9817 0
    endloop
  endfacet
  facet normal -0.474869 0.678193 -0.560851
    outer loop
      vertex 15.7483 13.2319 2.4
      vertex 16.6574 11.8837 0
      vertex 12.25 10.7824 2.4
    endloop
  endfacet
  facet normal 0.799603 -0.214681 -0.560844
    outer loop
      vertex -23.0225 40.3795 2.4
      vertex -24.6003 40.7727 0
      vertex -24.556 40.9377 0
    endloop
  endfacet
  facet normal 0.799709 -0.214278 -0.560848
    outer loop
      vertex -24.6003 40.7727 0
      vertex -23.0225 40.3795 2.4
      vertex -24.1278 36.2544 2.4
    endloop
  endfacet
  facet normal 0.678193 0.474869 -0.560851
    outer loop
      vertex -18.7681 16.2517 2.4
      vertex -20.1163 15.3426 0
      vertex -21.2176 19.75 2.4
    endloop
  endfacet
  facet normal 0.678097 0.475007 -0.56085
    outer loop
      vertex -20.1163 15.3426 0
      vertex -18.7681 16.2517 2.4
      vertex -20.0183 15.2027 0
    endloop
  endfacet
  facet normal 0.0721536 -0.824773 -0.560842
    outer loop
      vertex -1.50876 58 0
      vertex 0 56.5 2.4
      vertex -4.3676 57.7499 0
    endloop
  endfacet
  facet normal 0.0721582 -0.824771 -0.560844
    outer loop
      vertex 0 56.5 2.4
      vertex -1.50876 58 0
      vertex 0 58 0.194117
    endloop
  endfacet
  facet normal 0.750345 -0.349903 -0.560848
    outer loop
      vertex -23.0225 40.3795 2.4
      vertex -24.4839 41.0925 0
      vertex -21.2176 44.25 2.4
    endloop
  endfacet
  facet normal 0.750508 -0.349558 -0.560845
    outer loop
      vertex -24.4839 41.0925 0
      vertex -23.0225 40.3795 2.4
      vertex -24.556 40.9377 0
    endloop
  endfacet
  facet normal 0.750508 0.349558 -0.560845
    outer loop
      vertex -23.0225 23.6205 2.4
      vertex -24.4839 22.9075 0
      vertex -24.556 23.0623 0
    endloop
  endfacet
  facet normal 0.750345 0.349903 -0.560848
    outer loop
      vertex -24.4839 22.9075 0
      vertex -23.0225 23.6205 2.4
      vertex -21.2176 19.75 2.4
    endloop
  endfacet
  facet normal -0.474869 -0.678193 -0.560851
    outer loop
      vertex 16.6574 52.1163 0
      vertex 15.7483 50.7681 2.4
      vertex 12.25 53.2176 2.4
    endloop
  endfacet
  facet normal -0.475007 -0.678097 -0.56085
    outer loop
      vertex 15.7483 50.7681 2.4
      vertex 16.6574 52.1163 0
      vertex 16.7973 52.0183 0
    endloop
  endfacet
  facet normal 0.799713 -0.214275 -0.560843
    outer loop
      vertex -24.6003 40.7727 0
      vertex -24.1278 36.2544 2.4
      vertex -25.735 36.5378 0
    endloop
  endfacet
  facet normal 0.214275 -0.799713 -0.560843
    outer loop
      vertex -4.53777 57.735 0
      vertex -4.25438 56.1278 2.4
      vertex -8.77267 56.6003 0
    endloop
  endfacet
  facet normal -0.214275 -0.799713 -0.560843
    outer loop
      vertex 4.53777 57.735 0
      vertex 8.77267 56.6003 0
      vertex 4.25438 56.1278 2.4
    endloop
  endfacet
  facet normal -0.0721582 -0.824771 -0.560844
    outer loop
      vertex 1.50876 58 0
      vertex 0 56.5 2.4
      vertex 0 58 0.194117
    endloop
  endfacet
  facet normal -0.0721536 -0.824773 -0.560842
    outer loop
      vertex 0 56.5 2.4
      vertex 1.50876 58 0
      vertex 4.3676 57.7499 0
    endloop
  endfacet
  facet normal 0.58543 0.58543 -0.560842
    outer loop
      vertex -15.7483 13.2319 2.4
      vertex -20.0183 15.2027 0
      vertex -18.7681 16.2517 2.4
    endloop
  endfacet
  facet normal 0.58543 0.58543 -0.560842
    outer loop
      vertex -20.0183 15.2027 0
      vertex -15.7483 13.2319 2.4
      vertex -16.7973 11.9817 0
    endloop
  endfacet
  facet normal -0.678191 -0.474869 -0.560853
    outer loop
      vertex 22.631 45.066 0
      vertex 21.2176 44.25 2.4
      vertex 20.1163 48.6574 0
    endloop
  endfacet
  facet normal -0.824771 0.0721552 -0.560844
    outer loop
      vertex 26.132 32 0
      vertex 25.7499 27.6324 0
      vertex 24.5 32 2.4
    endloop
  endfacet
  facet normal 0.349892 0.750349 -0.56085
    outer loop
      vertex -12.25 10.7824 2.4
      vertex -9.09249 7.51615 0
      vertex -13.066 9.36902 0
    endloop
  endfacet
  facet normal 0.678191 -0.474869 -0.560853
    outer loop
      vertex -20.1163 48.6574 0
      vertex -21.2176 44.25 2.4
      vertex -22.631 45.066 0
    endloop
  endfacet
  facet normal -0.824767 -0.0722034 -0.560845
    outer loop
      vertex 25.7499 36.3676 0
      vertex 24.1278 36.2544 2.4
      vertex 25.735 36.5378 0
    endloop
  endfacet
  facet normal -0.82477 -0.0721558 -0.560845
    outer loop
      vertex 24.1278 36.2544 2.4
      vertex 25.7499 36.3676 0
      vertex 24.5 32 2.4
    endloop
  endfacet
  facet normal -0.0721589 0.824771 -0.560844
    outer loop
      vertex 0 7.5 2.4
      vertex 4.3676 6.25012 0
      vertex 0 5.868 0
    endloop
  endfacet
  facet normal 0.0721582 0.824772 -0.560843
    outer loop
      vertex -4.3676 6.25012 0
      vertex -4.25438 7.87221 2.4
      vertex 0 7.5 2.4
    endloop
  endfacet
  facet normal 0.0721199 0.824775 -0.560843
    outer loop
      vertex -4.25438 7.87221 2.4
      vertex -4.3676 6.25012 0
      vertex -4.53777 6.265 0
    endloop
  endfacet
  facet normal -0.678191 0.474869 -0.560853
    outer loop
      vertex 21.2176 19.75 2.4
      vertex 22.631 18.934 0
      vertex 20.1163 15.3426 0
    endloop
  endfacet
  facet normal -0.58543 -0.58543 -0.560842
    outer loop
      vertex 20.0183 48.7973 0
      vertex 15.7483 50.7681 2.4
      vertex 16.7973 52.0183 0
    endloop
  endfacet
  facet normal -0.58543 -0.58543 -0.560842
    outer loop
      vertex 15.7483 50.7681 2.4
      vertex 20.0183 48.7973 0
      vertex 18.7681 47.7483 2.4
    endloop
  endfacet
  facet normal 0 0 -1
    outer loop
      vertex 23.9412 27.8111 2.4
      vertex 24.5 32 2.4
      vertex 24.1278 27.7456 2.4
    endloop
  endfacet
  facet normal -0 0 -1
    outer loop
      vertex 24.5 32 2.4
      vertex 23.9412 27.8111 2.4
      vertex 24.3077 32 2.4
    endloop
  endfacet
  facet normal 0 0 -1
    outer loop
      vertex 24.1278 27.7456 2.4
      vertex 23.9384 27.779 2.4
      vertex 23.9412 27.8111 2.4
    endloop
  endfacet
  facet normal 0 0 -1
    outer loop
      vertex 24.1278 27.7456 2.4
      vertex 23.9301 27.7479 2.4
      vertex 23.9384 27.779 2.4
    endloop
  endfacet
  facet normal 0 0 -1
    outer loop
      vertex 23.0225 23.6205 2.4
      vertex 23.9301 27.7479 2.4
      vertex 24.1278 27.7456 2.4
    endloop
  endfacet
  facet normal 0 0 -1
    outer loop
      vertex 23.0225 23.6205 2.4
      vertex 22.8418 23.6863 2.4
      vertex 23.9301 27.7479 2.4
    endloop
  endfacet
  facet normal 0 0 -1
    outer loop
      vertex 23.0225 23.6205 2.4
      vertex 22.8282 23.6571 2.4
      vertex 22.8418 23.6863 2.4
    endloop
  endfacet
  facet normal 0 0 -1
    outer loop
      vertex 21.2176 19.75 2.4
      vertex 22.8282 23.6571 2.4
      vertex 23.0225 23.6205 2.4
    endloop
  endfacet
  facet normal 0 0 -1
    outer loop
      vertex 21.2176 19.75 2.4
      vertex 21.0511 19.8462 2.4
      vertex 22.8282 23.6571 2.4
    endloop
  endfacet
  facet normal 0 0 -1
    outer loop
      vertex 18.6392 16.4017 2.4
      vertex 21.2176 19.75 2.4
      vertex 18.7681 16.2517 2.4
    endloop
  endfacet
  facet normal -0 0 -1
    outer loop
      vertex 21.2176 19.75 2.4
      vertex 18.6392 16.4017 2.4
      vertex 21.0511 19.8462 2.4
    endloop
  endfacet
  facet normal 0 0 -1
    outer loop
      vertex 18.7681 16.2517 2.4
      vertex 18.6208 16.3753 2.4
      vertex 18.6392 16.4017 2.4
    endloop
  endfacet
  facet normal 0 0 -1
    outer loop
      vertex 15.7483 13.2319 2.4
      vertex 18.6208 16.3753 2.4
      vertex 18.7681 16.2517 2.4
    endloop
  endfacet
  facet normal 0 0 -1
    outer loop
      vertex 15.7483 13.2319 2.4
      vertex 15.6247 13.3792 2.4
      vertex 18.6208 16.3753 2.4
    endloop
  endfacet
  facet normal 0 0 -1
    outer loop
      vertex 15.7483 13.2319 2.4
      vertex 15.5983 13.3608 2.4
      vertex 15.6247 13.3792 2.4
    endloop
  endfacet
  facet normal 0 0 -1
    outer loop
      vertex 12.25 10.7824 2.4
      vertex 15.5983 13.3608 2.4
      vertex 15.7483 13.2319 2.4
    endloop
  endfacet
  facet normal 0 0 -1
    outer loop
      vertex 12.25 10.7824 2.4
      vertex 12.1538 10.9489 2.4
      vertex 15.5983 13.3608 2.4
    endloop
  endfacet
  facet normal 0 0 -1
    outer loop
      vertex 8.34289 9.17184 2.4
      vertex 12.25 10.7824 2.4
      vertex 8.37949 8.97753 2.4
    endloop
  endfacet
  facet normal -0 0 -1
    outer loop
      vertex 12.25 10.7824 2.4
      vertex 8.34289 9.17184 2.4
      vertex 12.1538 10.9489 2.4
    endloop
  endfacet
  facet normal 0 0 -1
    outer loop
      vertex 8.37949 8.97753 2.4
      vertex 8.31372 9.15824 2.4
      vertex 8.34289 9.17184 2.4
    endloop
  endfacet
  facet normal 0 0 -1
    outer loop
      vertex 4.25207 8.06993 2.4
      vertex 8.37949 8.97753 2.4
      vertex 4.25438 7.87221 2.4
    endloop
  endfacet
  facet normal -0 0 -1
    outer loop
      vertex 8.37949 8.97753 2.4
      vertex 4.25207 8.06993 2.4
      vertex 8.31372 9.15824 2.4
    endloop
  endfacet
  facet normal 0 0 -1
    outer loop
      vertex 4.25438 7.87221 2.4
      vertex 4.22099 8.0616 2.4
      vertex 4.25207 8.06993 2.4
    endloop
  endfacet
  facet normal 0 0 -1
    outer loop
      vertex 4.25438 7.87221 2.4
      vertex 4.18893 8.05879 2.4
      vertex 4.22099 8.0616 2.4
    endloop
  endfacet
  facet normal 0 0 -1
    outer loop
      vertex 0 7.5 2.4
      vertex 4.18893 8.05879 2.4
      vertex 4.25438 7.87221 2.4
    endloop
  endfacet
  facet normal 0 0 -1
    outer loop
      vertex 0 7.5 2.4
      vertex 0 7.69231 2.4
      vertex 4.18893 8.05879 2.4
    endloop
  endfacet
  facet normal 0 0 -1
    outer loop
      vertex 0 7.5 2.4
      vertex -4.18893 8.05879 2.4
      vertex 0 7.69231 2.4
    endloop
  endfacet
  facet normal 0 0 -1
    outer loop
      vertex -4.25438 7.87221 2.4
      vertex -4.18893 8.05879 2.4
      vertex 0 7.5 2.4
    endloop
  endfacet
  facet normal -0 0 -1
    outer loop
      vertex -4.18893 8.05879 2.4
      vertex -4.25438 7.87221 2.4
      vertex -4.22099 8.0616 2.4
    endloop
  endfacet
  facet normal 0 0 -1
    outer loop
      vertex -4.25438 7.87221 2.4
      vertex -4.25207 8.06993 2.4
      vertex -4.22099 8.0616 2.4
    endloop
  endfacet
  facet normal 0 0 -1
    outer loop
      vertex -8.37949 8.97753 2.4
      vertex -4.25207 8.06993 2.4
      vertex -4.25438 7.87221 2.4
    endloop
  endfacet
  facet normal 0 0 -1
    outer loop
      vertex -4.25207 8.06993 2.4
      vertex -8.37949 8.97753 2.4
      vertex -8.31372 9.15824 2.4
    endloop
  endfacet
  facet normal 0 0 -1
    outer loop
      vertex -8.37949 8.97753 2.4
      vertex -8.34289 9.17184 2.4
      vertex -8.31372 9.15824 2.4
    endloop
  endfacet
  facet normal 0 0 -1
    outer loop
      vertex -12.25 10.7824 2.4
      vertex -8.34289 9.17184 2.4
      vertex -8.37949 8.97753 2.4
    endloop
  endfacet
  facet normal 0 0 -1
    outer loop
      vertex -8.34289 9.17184 2.4
      vertex -12.25 10.7824 2.4
      vertex -12.1538 10.9489 2.4
    endloop
  endfacet
  facet normal 0 0 -1
    outer loop
      vertex -12.25 10.7824 2.4
      vertex -15.5983 13.3608 2.4
      vertex -12.1538 10.9489 2.4
    endloop
  endfacet
  facet normal 0 0 -1
    outer loop
      vertex -15.7483 13.2319 2.4
      vertex -15.5983 13.3608 2.4
      vertex -12.25 10.7824 2.4
    endloop
  endfacet
  facet normal -0 0 -1
    outer loop
      vertex -15.5983 13.3608 2.4
      vertex -15.7483 13.2319 2.4
      vertex -15.6247 13.3792 2.4
    endloop
  endfacet
  facet normal 0 0 -1
    outer loop
      vertex -15.7483 13.2319 2.4
      vertex -18.6208 16.3753 2.4
      vertex -15.6247 13.3792 2.4
    endloop
  endfacet
  facet normal 0 0 -1
    outer loop
      vertex -18.7681 16.2517 2.4
      vertex -18.6208 16.3753 2.4
      vertex -15.7483 13.2319 2.4
    endloop
  endfacet
  facet normal 0 0 -1
    outer loop
      vertex -18.7681 16.2517 2.4
      vertex -18.6392 16.4017 2.4
      vertex -18.6208 16.3753 2.4
    endloop
  endfacet
  facet normal 0 0 -1
    outer loop
      vertex -21.2176 19.75 2.4
      vertex -18.6392 16.4017 2.4
      vertex -18.7681 16.2517 2.4
    endloop
  endfacet
  facet normal 0 0 -1
    outer loop
      vertex -18.6392 16.4017 2.4
      vertex -21.2176 19.75 2.4
      vertex -21.0511 19.8462 2.4
    endloop
  endfacet
  facet normal 0 0 -1
    outer loop
      vertex -21.2176 19.75 2.4
      vertex -22.8282 23.6571 2.4
      vertex -21.0511 19.8462 2.4
    endloop
  endfacet
  facet normal 0 0 -1
    outer loop
      vertex -23.0225 23.6205 2.4
      vertex -22.8282 23.6571 2.4
      vertex -21.2176 19.75 2.4
    endloop
  endfacet
  facet normal -0 0 -1
    outer loop
      vertex -22.8282 23.6571 2.4
      vertex -23.0225 23.6205 2.4
      vertex -22.8418 23.6863 2.4
    endloop
  endfacet
  facet normal 0 0 -1
    outer loop
      vertex -23.0225 23.6205 2.4
      vertex -23.9301 27.7479 2.4
      vertex -22.8418 23.6863 2.4
    endloop
  endfacet
  facet normal 0 0 -1
    outer loop
      vertex -24.1278 27.7456 2.4
      vertex -23.9301 27.7479 2.4
      vertex -23.0225 23.6205 2.4
    endloop
  endfacet
  facet normal -0 0 -1
    outer loop
      vertex -23.9301 27.7479 2.4
      vertex -24.1278 27.7456 2.4
      vertex -23.9384 27.779 2.4
    endloop
  endfacet
  facet normal 0 0 -1
    outer loop
      vertex -24.1278 27.7456 2.4
      vertex -23.9412 27.8111 2.4
      vertex -23.9384 27.779 2.4
    endloop
  endfacet
  facet normal 0 0 -1
    outer loop
      vertex -24.5 32 2.4
      vertex -23.9412 27.8111 2.4
      vertex -24.1278 27.7456 2.4
    endloop
  endfacet
  facet normal 0 0 -1
    outer loop
      vertex -23.9412 27.8111 2.4
      vertex -24.5 32 2.4
      vertex -24.3077 32 2.4
    endloop
  endfacet
  facet normal 0 0 -1
    outer loop
      vertex 23.9412 36.1889 2.4
      vertex 24.5 32 2.4
      vertex 24.3077 32 2.4
    endloop
  endfacet
  facet normal 0 0 -1
    outer loop
      vertex 24.5 32 2.4
      vertex 23.9412 36.1889 2.4
      vertex 24.1278 36.2544 2.4
    endloop
  endfacet
  facet normal 0 0 -1
    outer loop
      vertex 23.9384 36.221 2.4
      vertex 24.1278 36.2544 2.4
      vertex 23.9412 36.1889 2.4
    endloop
  endfacet
  facet normal 0 0 -1
    outer loop
      vertex 23.9301 36.2521 2.4
      vertex 24.1278 36.2544 2.4
      vertex 23.9384 36.221 2.4
    endloop
  endfacet
  facet normal 0 0 -1
    outer loop
      vertex 23.9301 36.2521 2.4
      vertex 23.0225 40.3795 2.4
      vertex 24.1278 36.2544 2.4
    endloop
  endfacet
  facet normal 0 0 -1
    outer loop
      vertex 22.8418 40.3137 2.4
      vertex 23.0225 40.3795 2.4
      vertex 23.9301 36.2521 2.4
    endloop
  endfacet
  facet normal 0 0 -1
    outer loop
      vertex 22.8282 40.3429 2.4
      vertex 23.0225 40.3795 2.4
      vertex 22.8418 40.3137 2.4
    endloop
  endfacet
  facet normal 0 0 -1
    outer loop
      vertex 22.8282 40.3429 2.4
      vertex 21.2176 44.25 2.4
      vertex 23.0225 40.3795 2.4
    endloop
  endfacet
  facet normal 0 0 -1
    outer loop
      vertex 21.0511 44.1538 2.4
      vertex 21.2176 44.25 2.4
      vertex 22.8282 40.3429 2.4
    endloop
  endfacet
  facet normal 0 0 -1
    outer loop
      vertex 18.6392 47.5983 2.4
      vertex 21.2176 44.25 2.4
      vertex 21.0511 44.1538 2.4
    endloop
  endfacet
  facet normal 0 0 -1
    outer loop
      vertex 21.2176 44.25 2.4
      vertex 18.6392 47.5983 2.4
      vertex 18.7681 47.7483 2.4
    endloop
  endfacet
  facet normal 0 0 -1
    outer loop
      vertex 18.6208 47.6247 2.4
      vertex 18.7681 47.7483 2.4
      vertex 18.6392 47.5983 2.4
    endloop
  endfacet
  facet normal 0 0 -1
    outer loop
      vertex 18.6208 47.6247 2.4
      vertex 15.7483 50.7681 2.4
      vertex 18.7681 47.7483 2.4
    endloop
  endfacet
  facet normal 0 0 -1
    outer loop
      vertex 15.6247 50.6208 2.4
      vertex 15.7483 50.7681 2.4
      vertex 18.6208 47.6247 2.4
    endloop
  endfacet
  facet normal 0 0 -1
    outer loop
      vertex 15.5983 50.6392 2.4
      vertex 15.7483 50.7681 2.4
      vertex 15.6247 50.6208 2.4
    endloop
  endfacet
  facet normal 0 0 -1
    outer loop
      vertex 15.5983 50.6392 2.4
      vertex 12.25 53.2176 2.4
      vertex 15.7483 50.7681 2.4
    endloop
  endfacet
  facet normal 0 0 -1
    outer loop
      vertex 12.1538 53.0511 2.4
      vertex 12.25 53.2176 2.4
      vertex 15.5983 50.6392 2.4
    endloop
  endfacet
  facet normal 0 0 -1
    outer loop
      vertex 8.34289 54.8282 2.4
      vertex 12.25 53.2176 2.4
      vertex 12.1538 53.0511 2.4
    endloop
  endfacet
  facet normal 0 0 -1
    outer loop
      vertex 12.25 53.2176 2.4
      vertex 8.34289 54.8282 2.4
      vertex 8.37949 55.0225 2.4
    endloop
  endfacet
  facet normal 0 0 -1
    outer loop
      vertex 8.31372 54.8418 2.4
      vertex 8.37949 55.0225 2.4
      vertex 8.34289 54.8282 2.4
    endloop
  endfacet
  facet normal 0 0 -1
    outer loop
      vertex 4.25207 55.9301 2.4
      vertex 8.37949 55.0225 2.4
      vertex 8.31372 54.8418 2.4
    endloop
  endfacet
  facet normal 0 0 -1
    outer loop
      vertex 8.37949 55.0225 2.4
      vertex 4.25207 55.9301 2.4
      vertex 4.25438 56.1278 2.4
    endloop
  endfacet
  facet normal 0 0 -1
    outer loop
      vertex 4.22099 55.9384 2.4
      vertex 4.25438 56.1278 2.4
      vertex 4.25207 55.9301 2.4
    endloop
  endfacet
  facet normal 0 0 -1
    outer loop
      vertex 4.18893 55.9412 2.4
      vertex 4.25438 56.1278 2.4
      vertex 4.22099 55.9384 2.4
    endloop
  endfacet
  facet normal 0 0 -1
    outer loop
      vertex 0 56.5 2.4
      vertex 4.18893 55.9412 2.4
      vertex 0 56.3077 2.4
    endloop
  endfacet
  facet normal 0 0 -1
    outer loop
      vertex 4.18893 55.9412 2.4
      vertex 0 56.5 2.4
      vertex 4.25438 56.1278 2.4
    endloop
  endfacet
  facet normal 0 0 -1
    outer loop
      vertex -4.18893 55.9412 2.4
      vertex 0 56.5 2.4
      vertex 0 56.3077 2.4
    endloop
  endfacet
  facet normal 0 0 -1
    outer loop
      vertex -4.25438 56.1278 2.4
      vertex -4.18893 55.9412 2.4
      vertex -4.22099 55.9384 2.4
    endloop
  endfacet
  facet normal 0 0 -1
    outer loop
      vertex -4.18893 55.9412 2.4
      vertex -4.25438 56.1278 2.4
      vertex 0 56.5 2.4
    endloop
  endfacet
  facet normal 0 0 -1
    outer loop
      vertex -4.25207 55.9301 2.4
      vertex -4.25438 56.1278 2.4
      vertex -4.22099 55.9384 2.4
    endloop
  endfacet
  facet normal 0 0 -1
    outer loop
      vertex -8.37949 55.0225 2.4
      vertex -4.25207 55.9301 2.4
      vertex -8.31372 54.8418 2.4
    endloop
  endfacet
  facet normal -0 0 -1
    outer loop
      vertex -4.25207 55.9301 2.4
      vertex -8.37949 55.0225 2.4
      vertex -4.25438 56.1278 2.4
    endloop
  endfacet
  facet normal 0 0 -1
    outer loop
      vertex -8.34289 54.8282 2.4
      vertex -8.37949 55.0225 2.4
      vertex -8.31372 54.8418 2.4
    endloop
  endfacet
  facet normal 0 0 -1
    outer loop
      vertex -12.25 53.2176 2.4
      vertex -8.34289 54.8282 2.4
      vertex -12.1538 53.0511 2.4
    endloop
  endfacet
  facet normal -0 0 -1
    outer loop
      vertex -8.34289 54.8282 2.4
      vertex -12.25 53.2176 2.4
      vertex -8.37949 55.0225 2.4
    endloop
  endfacet
  facet normal 0 0 -1
    outer loop
      vertex -15.5983 50.6392 2.4
      vertex -12.25 53.2176 2.4
      vertex -12.1538 53.0511 2.4
    endloop
  endfacet
  facet normal 0 0 -1
    outer loop
      vertex -15.7483 50.7681 2.4
      vertex -15.5983 50.6392 2.4
      vertex -15.6247 50.6208 2.4
    endloop
  endfacet
  facet normal 0 0 -1
    outer loop
      vertex -15.5983 50.6392 2.4
      vertex -15.7483 50.7681 2.4
      vertex -12.25 53.2176 2.4
    endloop
  endfacet
  facet normal 0 0 -1
    outer loop
      vertex -18.6208 47.6247 2.4
      vertex -15.7483 50.7681 2.4
      vertex -15.6247 50.6208 2.4
    endloop
  endfacet
  facet normal 0 0 -1
    outer loop
      vertex -18.6208 47.6247 2.4
      vertex -18.7681 47.7483 2.4
      vertex -15.7483 50.7681 2.4
    endloop
  endfacet
  facet normal 0 0 -1
    outer loop
      vertex -18.6392 47.5983 2.4
      vertex -18.7681 47.7483 2.4
      vertex -18.6208 47.6247 2.4
    endloop
  endfacet
  facet normal 0 0 -1
    outer loop
      vertex -21.2176 44.25 2.4
      vertex -18.6392 47.5983 2.4
      vertex -21.0511 44.1538 2.4
    endloop
  endfacet
  facet normal -0 0 -1
    outer loop
      vertex -18.6392 47.5983 2.4
      vertex -21.2176 44.25 2.4
      vertex -18.7681 47.7483 2.4
    endloop
  endfacet
  facet normal 0 0 -1
    outer loop
      vertex -22.8282 40.3429 2.4
      vertex -21.2176 44.25 2.4
      vertex -21.0511 44.1538 2.4
    endloop
  endfacet
  facet normal 0 0 -1
    outer loop
      vertex -23.0225 40.3795 2.4
      vertex -22.8282 40.3429 2.4
      vertex -22.8418 40.3137 2.4
    endloop
  endfacet
  facet normal 0 0 -1
    outer loop
      vertex -22.8282 40.3429 2.4
      vertex -23.0225 40.3795 2.4
      vertex -21.2176 44.25 2.4
    endloop
  endfacet
  facet normal 0 0 -1
    outer loop
      vertex -23.9301 36.2521 2.4
      vertex -23.0225 40.3795 2.4
      vertex -22.8418 40.3137 2.4
    endloop
  endfacet
  facet normal 0 0 -1
    outer loop
      vertex -24.1278 36.2544 2.4
      vertex -23.9301 36.2521 2.4
      vertex -23.9384 36.221 2.4
    endloop
  endfacet
  facet normal 0 0 -1
    outer loop
      vertex -23.9301 36.2521 2.4
      vertex -24.1278 36.2544 2.4
      vertex -23.0225 40.3795 2.4
    endloop
  endfacet
  facet normal 0 0 -1
    outer loop
      vertex -23.9412 36.1889 2.4
      vertex -24.1278 36.2544 2.4
      vertex -23.9384 36.221 2.4
    endloop
  endfacet
  facet normal 0 0 -1
    outer loop
      vertex -24.5 32 2.4
      vertex -23.9412 36.1889 2.4
      vertex -24.3077 32 2.4
    endloop
  endfacet
  facet normal -0 0 -1
    outer loop
      vertex -23.9412 36.1889 2.4
      vertex -24.5 32 2.4
      vertex -24.1278 36.2544 2.4
    endloop
  endfacet
  facet normal 0.214682 -0.799604 -0.560843
    outer loop
      vertex -8.77267 56.6003 0
      vertex -8.37949 55.0225 2.4
      vertex -8.93767 56.556 0
    endloop
  endfacet
  facet normal 0.214278 -0.79971 -0.560847
    outer loop
      vertex -8.37949 55.0225 2.4
      vertex -8.77267 56.6003 0
      vertex -4.25438 56.1278 2.4
    endloop
  endfacet
  facet normal -0.750343 -0.349896 -0.560854
    outer loop
      vertex 22.631 45.066 0
      vertex 24.4839 41.0925 0
      vertex 21.2176 44.25 2.4
    endloop
  endfacet
  facet normal -0.750508 -0.349558 -0.560845
    outer loop
      vertex 23.0225 40.3795 2.4
      vertex 24.4839 41.0925 0
      vertex 24.556 40.9377 0
    endloop
  endfacet
  facet normal -0.750345 -0.349903 -0.560848
    outer loop
      vertex 24.4839 41.0925 0
      vertex 23.0225 40.3795 2.4
      vertex 21.2176 44.25 2.4
    endloop
  endfacet
  facet normal -0.0721561 -0.82477 -0.560845
    outer loop
      vertex 4.3676 57.7499 0
      vertex 4.25438 56.1278 2.4
      vertex 0 56.5 2.4
    endloop
  endfacet
  facet normal -0.072216 -0.824765 -0.560845
    outer loop
      vertex 4.25438 56.1278 2.4
      vertex 4.3676 57.7499 0
      vertex 4.53777 57.735 0
    endloop
  endfacet
  facet normal 0.799713 0.214275 -0.560843
    outer loop
      vertex -24.1278 27.7456 2.4
      vertex -24.6003 23.2273 0
      vertex -25.735 27.4622 0
    endloop
  endfacet
  facet normal -0.474869 -0.678191 -0.560853
    outer loop
      vertex 13.066 54.631 0
      vertex 16.6574 52.1163 0
      vertex 12.25 53.2176 2.4
    endloop
  endfacet
  facet normal 0.58543 -0.58543 -0.560842
    outer loop
      vertex -15.7483 50.7681 2.4
      vertex -20.0183 48.7973 0
      vertex -16.7973 52.0183 0
    endloop
  endfacet
  facet normal 0.58543 -0.58543 -0.560842
    outer loop
      vertex -20.0183 48.7973 0
      vertex -15.7483 50.7681 2.4
      vertex -18.7681 47.7483 2.4
    endloop
  endfacet
  facet normal -0.750343 0.349896 -0.560854
    outer loop
      vertex 24.4839 22.9075 0
      vertex 22.631 18.934 0
      vertex 21.2176 19.75 2.4
    endloop
  endfacet
  facet normal -0.678193 0.474869 -0.560851
    outer loop
      vertex 20.1163 15.3426 0
      vertex 18.7681 16.2517 2.4
      vertex 21.2176 19.75 2.4
    endloop
  endfacet
  facet normal -0.678097 0.475007 -0.56085
    outer loop
      vertex 18.7681 16.2517 2.4
      vertex 20.1163 15.3426 0
      vertex 20.0183 15.2027 0
    endloop
  endfacet
  facet normal 0.072216 -0.824765 -0.560845
    outer loop
      vertex -4.3676 57.7499 0
      vertex -4.25438 56.1278 2.4
      vertex -4.53777 57.735 0
    endloop
  endfacet
  facet normal 0.0721561 -0.82477 -0.560845
    outer loop
      vertex -4.25438 56.1278 2.4
      vertex -4.3676 57.7499 0
      vertex 0 56.5 2.4
    endloop
  endfacet
  facet normal -0.799603 -0.214681 -0.560844
    outer loop
      vertex 24.6003 40.7727 0
      vertex 23.0225 40.3795 2.4
      vertex 24.556 40.9377 0
    endloop
  endfacet
  facet normal -0.799709 -0.214278 -0.560848
    outer loop
      vertex 23.0225 40.3795 2.4
      vertex 24.6003 40.7727 0
      vertex 24.1278 36.2544 2.4
    endloop
  endfacet
  facet normal -0.799713 -0.214275 -0.560843
    outer loop
      vertex 24.6003 40.7727 0
      vertex 25.735 36.5378 0
      vertex 24.1278 36.2544 2.4
    endloop
  endfacet
  facet normal -0.799713 0.214275 -0.560843
    outer loop
      vertex 25.735 27.4622 0
      vertex 24.6003 23.2273 0
      vertex 24.1278 27.7456 2.4
    endloop
  endfacet
  facet normal -0.82477 0.0721558 -0.560845
    outer loop
      vertex 25.7499 27.6324 0
      vertex 24.1278 27.7456 2.4
      vertex 24.5 32 2.4
    endloop
  endfacet
  facet normal -0.824767 0.0722034 -0.560845
    outer loop
      vertex 24.1278 27.7456 2.4
      vertex 25.7499 27.6324 0
      vertex 25.735 27.4622 0
    endloop
  endfacet
  facet normal 0.475007 -0.678097 -0.56085
    outer loop
      vertex -16.6574 52.1163 0
      vertex -15.7483 50.7681 2.4
      vertex -16.7973 52.0183 0
    endloop
  endfacet
  facet normal 0.474869 -0.678193 -0.560851
    outer loop
      vertex -15.7483 50.7681 2.4
      vertex -16.6574 52.1163 0
      vertex -12.25 53.2176 2.4
    endloop
  endfacet
  facet normal -0.349895 -0.750344 -0.560854
    outer loop
      vertex 13.066 54.631 0
      vertex 12.25 53.2176 2.4
      vertex 9.09249 56.4839 0
    endloop
  endfacet
  facet normal 0.474869 -0.678191 -0.560853
    outer loop
      vertex -13.066 54.631 0
      vertex -12.25 53.2176 2.4
      vertex -16.6574 52.1163 0
    endloop
  endfacet
  facet normal 0.349895 -0.750344 -0.560854
    outer loop
      vertex -9.09249 56.4839 0
      vertex -12.25 53.2176 2.4
      vertex -13.066 54.631 0
    endloop
  endfacet
  facet normal 0.349902 -0.750345 -0.560848
    outer loop
      vertex -9.09249 56.4839 0
      vertex -8.37949 55.0225 2.4
      vertex -12.25 53.2176 2.4
    endloop
  endfacet
  facet normal 0.349521 -0.750525 -0.560844
    outer loop
      vertex -8.37949 55.0225 2.4
      vertex -9.09249 56.4839 0
      vertex -8.93767 56.556 0
    endloop
  endfacet
  facet normal -0.349892 0.750349 -0.56085
    outer loop
      vertex 12.25 10.7824 2.4
      vertex 13.066 9.36902 0
      vertex 9.09249 7.51615 0
    endloop
  endfacet
  facet normal 0.824771 -0.0721552 -0.560844
    outer loop
      vertex -25.7499 36.3676 0
      vertex -24.5 32 2.4
      vertex -26.132 32 0
    endloop
  endfacet
  facet normal 0.474868 0.678194 -0.56085
    outer loop
      vertex -12.25 10.7824 2.4
      vertex -13.066 9.36902 0
      vertex -16.6574 11.8837 0
    endloop
  endfacet
  facet normal -0.214278 -0.79971 -0.560847
    outer loop
      vertex 8.77267 56.6003 0
      vertex 8.37949 55.0225 2.4
      vertex 4.25438 56.1278 2.4
    endloop
  endfacet
  facet normal -0.214682 -0.799604 -0.560843
    outer loop
      vertex 8.37949 55.0225 2.4
      vertex 8.77267 56.6003 0
      vertex 8.93767 56.556 0
    endloop
  endfacet
  facet normal 0.34992 0.75034 -0.560844
    outer loop
      vertex -9.09249 7.51615 0
      vertex -8.37949 8.97753 2.4
      vertex -8.93767 7.44395 0
    endloop
  endfacet
  facet normal 0.349898 0.75035 -0.560844
    outer loop
      vertex -8.37949 8.97753 2.4
      vertex -9.09249 7.51615 0
      vertex -12.25 10.7824 2.4
    endloop
  endfacet
  facet normal 0.214282 0.79971 -0.560844
    outer loop
      vertex -8.77267 7.39974 0
      vertex -8.37949 8.97753 2.4
      vertex -4.25438 7.87221 2.4
    endloop
  endfacet
  facet normal 0.214274 0.799712 -0.560844
    outer loop
      vertex -8.37949 8.97753 2.4
      vertex -8.77267 7.39974 0
      vertex -8.93767 7.44395 0
    endloop
  endfacet
  facet normal 0.678097 -0.475007 -0.56085
    outer loop
      vertex -18.7681 47.7483 2.4
      vertex -20.1163 48.6574 0
      vertex -20.0183 48.7973 0
    endloop
  endfacet
  facet normal 0.678193 -0.474869 -0.560851
    outer loop
      vertex -20.1163 48.6574 0
      vertex -18.7681 47.7483 2.4
      vertex -21.2176 44.25 2.4
    endloop
  endfacet
  facet normal -0.750508 0.349558 -0.560845
    outer loop
      vertex 24.4839 22.9075 0
      vertex 23.0225 23.6205 2.4
      vertex 24.556 23.0623 0
    endloop
  endfacet
  facet normal -0.750345 0.349903 -0.560848
    outer loop
      vertex 23.0225 23.6205 2.4
      vertex 24.4839 22.9075 0
      vertex 21.2176 19.75 2.4
    endloop
  endfacet
  facet normal -0.58543 0.58543 -0.560842
    outer loop
      vertex 20.0183 15.2027 0
      vertex 15.7483 13.2319 2.4
      vertex 18.7681 16.2517 2.4
    endloop
  endfacet
  facet normal -0.58543 0.58543 -0.560842
    outer loop
      vertex 15.7483 13.2319 2.4
      vertex 20.0183 15.2027 0
      vertex 16.7973 11.9817 0
    endloop
  endfacet
  facet normal 0.750343 -0.349896 -0.560854
    outer loop
      vertex -22.631 45.066 0
      vertex -21.2176 44.25 2.4
      vertex -24.4839 41.0925 0
    endloop
  endfacet
  facet normal -0.799709 0.214278 -0.560848
    outer loop
      vertex 24.6003 23.2273 0
      vertex 23.0225 23.6205 2.4
      vertex 24.1278 27.7456 2.4
    endloop
  endfacet
  facet normal -0.799603 0.214681 -0.560844
    outer loop
      vertex 23.0225 23.6205 2.4
      vertex 24.6003 23.2273 0
      vertex 24.556 23.0623 0
    endloop
  endfacet
  facet normal -0.349521 -0.750525 -0.560844
    outer loop
      vertex 9.09249 56.4839 0
      vertex 8.37949 55.0225 2.4
      vertex 8.93767 56.556 0
    endloop
  endfacet
  facet normal -0.349902 -0.750345 -0.560848
    outer loop
      vertex 8.37949 55.0225 2.4
      vertex 9.09249 56.4839 0
      vertex 12.25 53.2176 2.4
    endloop
  endfacet
  facet normal 0.824767 -0.0722034 -0.560845
    outer loop
      vertex -24.1278 36.2544 2.4
      vertex -25.7499 36.3676 0
      vertex -25.735 36.5378 0
    endloop
  endfacet
  facet normal 0.82477 -0.0721558 -0.560845
    outer loop
      vertex -25.7499 36.3676 0
      vertex -24.1278 36.2544 2.4
      vertex -24.5 32 2.4
    endloop
  endfacet
  facet normal 0.750343 0.349896 -0.560854
    outer loop
      vertex -21.2176 19.75 2.4
      vertex -22.631 18.934 0
      vertex -24.4839 22.9075 0
    endloop
  endfacet
  facet normal 0.474869 0.678193 -0.560851
    outer loop
      vertex -16.6574 11.8837 0
      vertex -15.7483 13.2319 2.4
      vertex -12.25 10.7824 2.4
    endloop
  endfacet
  facet normal 0.475007 0.678097 -0.56085
    outer loop
      vertex -15.7483 13.2319 2.4
      vertex -16.6574 11.8837 0
      vertex -16.7973 11.9817 0
    endloop
  endfacet
  facet normal 0.0721589 0.824771 -0.560844
    outer loop
      vertex 0 7.5 2.4
      vertex 0 5.868 0
      vertex -4.3676 6.25012 0
    endloop
  endfacet
  facet normal -0.0721199 0.824775 -0.560843
    outer loop
      vertex 4.3676 6.25012 0
      vertex 4.25438 7.87221 2.4
      vertex 4.53777 6.265 0
    endloop
  endfacet
  facet normal -0.0721582 0.824772 -0.560843
    outer loop
      vertex 4.25438 7.87221 2.4
      vertex 4.3676 6.25012 0
      vertex 0 7.5 2.4
    endloop
  endfacet
  facet normal 0.824771 0.0721552 -0.560844
    outer loop
      vertex -24.5 32 2.4
      vertex -25.7499 27.6324 0
      vertex -26.132 32 0
    endloop
  endfacet
  facet normal -0.214274 0.799712 -0.560844
    outer loop
      vertex 8.77267 7.39974 0
      vertex 8.37949 8.97753 2.4
      vertex 8.93767 7.44395 0
    endloop
  endfacet
  facet normal -0.214282 0.79971 -0.560844
    outer loop
      vertex 8.37949 8.97753 2.4
      vertex 8.77267 7.39974 0
      vertex 4.25438 7.87221 2.4
    endloop
  endfacet
  facet normal -0.474868 0.678194 -0.56085
    outer loop
      vertex 16.6574 11.8837 0
      vertex 13.066 9.36902 0
      vertex 12.25 10.7824 2.4
    endloop
  endfacet
  facet normal 0.214282 0.79971 -0.560845
    outer loop
      vertex -4.25438 7.87221 2.4
      vertex -4.53777 6.265 0
      vertex -8.77267 7.39974 0
    endloop
  endfacet
  facet normal -0.214282 0.79971 -0.560845
    outer loop
      vertex 8.77267 7.39974 0
      vertex 4.53777 6.265 0
      vertex 4.25438 7.87221 2.4
    endloop
  endfacet
  facet normal 0.678191 0.474869 -0.560853
    outer loop
      vertex -21.2176 19.75 2.4
      vertex -20.1163 15.3426 0
      vertex -22.631 18.934 0
    endloop
  endfacet
  facet normal -0.460978 -0.0403465 -0.886494
    outer loop
      vertex 15.5382 33.2412 6.90366
      vertex 24.3077 32 2.4
      vertex 15.5827 32 6.93701
    endloop
  endfacet
  facet normal -0.460977 -0.0403323 -0.886495
    outer loop
      vertex 24.3077 32 2.4
      vertex 15.5382 33.2412 6.90366
      vertex 23.9412 36.1889 2.4
    endloop
  endfacet
  facet normal -0.26463 -0.379686 -0.886459
    outer loop
      vertex 9.82527 43.7093 7.09159
      vertex 15.5983 50.6392 2.4
      vertex 15.6247 50.6208 2.4
    endloop
  endfacet
  facet normal -0.265436 -0.379039 -0.886495
    outer loop
      vertex 9.5092 43.7923 7.15074
      vertex 15.5983 50.6392 2.4
      vertex 9.82527 43.7093 7.09159
    endloop
  endfacet
  facet normal -0.265411 -0.37906 -0.886493
    outer loop
      vertex 15.5983 50.6392 2.4
      vertex 9.5092 43.7923 7.15074
      vertex 7.96088 44.0771 7.49252
    endloop
  endfacet
  facet normal -0.119763 -0.446971 -0.886495
    outer loop
      vertex 2.24896 44.7545 8.30536
      vertex 4.25207 55.9301 2.4
      vertex 4.11978 44.6062 8.12739
    endloop
  endfacet
  facet normal -0.119385 -0.447046 -0.886508
    outer loop
      vertex 4.25207 55.9301 2.4
      vertex 2.24896 44.7545 8.30536
      vertex 4.22099 55.9384 2.4
    endloop
  endfacet
  facet normal 0.418967 -0.196311 -0.886526
    outer loop
      vertex -14.1976 40.145 6.52662
      vertex -21.0511 44.1538 2.4
      vertex -14.1746 40.1837 6.52892
    endloop
  endfacet
  facet normal 0.419402 -0.195531 -0.886493
    outer loop
      vertex -14.3349 39.8505 6.52662
      vertex -21.0511 44.1538 2.4
      vertex -14.1976 40.145 6.52662
    endloop
  endfacet
  facet normal 0.419393 -0.195547 -0.886494
    outer loop
      vertex -14.6583 39.1569 6.52662
      vertex -21.0511 44.1538 2.4
      vertex -14.3349 39.8505 6.52662
    endloop
  endfacet
  facet normal 0.419387 -0.195528 -0.8865
    outer loop
      vertex -22.8282 40.3429 2.4
      vertex -14.6583 39.1569 6.52662
      vertex -14.7745 38.8256 6.54472
    endloop
  endfacet
  facet normal 0.41938 -0.195565 -0.886496
    outer loop
      vertex -14.6583 39.1569 6.52662
      vertex -22.8282 40.3429 2.4
      vertex -21.0511 44.1538 2.4
    endloop
  endfacet
  facet normal 0.460978 -0.0403465 -0.886494
    outer loop
      vertex -24.3077 32 2.4
      vertex -15.5382 33.2412 6.90366
      vertex -15.5827 32 6.93701
    endloop
  endfacet
  facet normal 0.460977 -0.0403323 -0.886495
    outer loop
      vertex -15.5382 33.2412 6.90366
      vertex -24.3077 32 2.4
      vertex -23.9412 36.1889 2.4
    endloop
  endfacet
  facet normal 0.460981 -0.0403162 -0.886494
    outer loop
      vertex -23.9412 36.1889 2.4
      vertex -15.4849 34.7304 6.86365
      vertex -15.5382 33.2412 6.90366
    endloop
  endfacet
  facet normal 0.460997 -0.0402116 -0.88649
    outer loop
      vertex -15.4849 34.7304 6.86365
      vertex -23.9412 36.1889 2.4
      vertex -23.9384 36.221 2.4
    endloop
  endfacet
  facet normal 0.379053 0.265416 -0.886495
    outer loop
      vertex -21.0511 19.8462 2.4
      vertex -14.0143 23.5873 6.52892
      vertex -13.5752 22.9602 6.52892
    endloop
  endfacet
  facet normal 0.379026 0.265441 -0.886499
    outer loop
      vertex -18.6392 16.4017 2.4
      vertex -13.5752 22.9602 6.52892
      vertex -13.2896 22.6279 6.55153
    endloop
  endfacet
  facet normal 0.379052 0.265419 -0.886495
    outer loop
      vertex -21.0511 19.8462 2.4
      vertex -13.5752 22.9602 6.52892
      vertex -18.6392 16.4017 2.4
    endloop
  endfacet
  facet normal 0.379085 0.265359 -0.886498
    outer loop
      vertex -14.0143 23.5873 6.52892
      vertex -21.0511 19.8462 2.4
      vertex -14.1746 23.8163 6.52892
    endloop
  endfacet
  facet normal -0.379052 0.265419 -0.886495
    outer loop
      vertex 13.5752 22.9602 6.52892
      vertex 21.0511 19.8462 2.4
      vertex 18.6392 16.4017 2.4
    endloop
  endfacet
  facet normal -0.379085 0.265359 -0.886498
    outer loop
      vertex 21.0511 19.8462 2.4
      vertex 14.0143 23.5873 6.52892
      vertex 14.1746 23.8163 6.52892
    endloop
  endfacet
  facet normal -0.379053 0.265416 -0.886495
    outer loop
      vertex 21.0511 19.8462 2.4
      vertex 13.5752 22.9602 6.52892
      vertex 14.0143 23.5873 6.52892
    endloop
  endfacet
  facet normal -0.379026 0.265441 -0.886499
    outer loop
      vertex 13.5752 22.9602 6.52892
      vertex 18.6392 16.4017 2.4
      vertex 13.2896 22.6279 6.55153
    endloop
  endfacet
  facet normal -0.119764 -0.446971 -0.886495
    outer loop
      vertex 4.57513 44.5701 8.08407
      vertex 4.25207 55.9301 2.4
      vertex 8.31372 54.8418 2.4
    endloop
  endfacet
  facet normal -0.119773 -0.446971 -0.886494
    outer loop
      vertex 4.25207 55.9301 2.4
      vertex 4.57513 44.5701 8.08407
      vertex 4.11978 44.6062 8.12739
    endloop
  endfacet
  facet normal -0.195565 -0.419381 -0.886495
    outer loop
      vertex 7.06759 44.2414 7.68971
      vertex 8.34289 54.8282 2.4
      vertex 12.1538 53.0511 2.4
    endloop
  endfacet
  facet normal -0.1956 -0.419374 -0.886491
    outer loop
      vertex 8.34289 54.8282 2.4
      vertex 7.06759 44.2414 7.68971
      vertex 6.3658 44.334 7.80075
    endloop
  endfacet
  facet normal 0.446967 -0.119773 -0.886496
    outer loop
      vertex -15.2281 37.1141 6.67108
      vertex -22.8418 40.3137 2.4
      vertex -15.1626 37.5187 6.64944
    endloop
  endfacet
  facet normal 0.44697 -0.119767 -0.886495
    outer loop
      vertex -23.9301 36.2521 2.4
      vertex -15.2281 37.1141 6.67108
      vertex -15.3318 36.1516 6.74883
    endloop
  endfacet
  facet normal 0.44697 -0.119765 -0.886496
    outer loop
      vertex -15.2281 37.1141 6.67108
      vertex -23.9301 36.2521 2.4
      vertex -22.8418 40.3137 2.4
    endloop
  endfacet
  facet normal -0.0402611 -0.460989 -0.886492
    outer loop
      vertex 2.24896 44.7545 8.30536
      vertex 4.18893 55.9412 2.4
      vertex 4.22099 55.9384 2.4
    endloop
  endfacet
  facet normal -0.0403286 -0.460979 -0.886494
    outer loop
      vertex 4.18893 55.9412 2.4
      vertex 2.24896 44.7545 8.30536
      vertex 0.282907 44.8065 8.36776
    endloop
  endfacet
  facet normal 0.419366 0.195616 -0.886491
    outer loop
      vertex -22.8282 23.6571 2.4
      vertex -14.9091 25.5579 6.56567
      vertex -14.7745 25.1744 6.54472
    endloop
  endfacet
  facet normal 0.419392 0.195525 -0.886499
    outer loop
      vertex -14.9091 25.5579 6.56567
      vertex -22.8282 23.6571 2.4
      vertex -15.0142 25.8576 6.58205
    endloop
  endfacet
  facet normal 0.419399 0.195502 -0.8865
    outer loop
      vertex -22.8282 23.6571 2.4
      vertex -15.0844 26.1528 6.61394
      vertex -15.0142 25.8576 6.58205
    endloop
  endfacet
  facet normal 0.419355 0.195629 -0.886494
    outer loop
      vertex -22.8282 23.6571 2.4
      vertex -15.1626 26.4813 6.64944
      vertex -15.0844 26.1528 6.61394
    endloop
  endfacet
  facet normal 0.419458 0.195364 -0.886503
    outer loop
      vertex -15.1626 26.4813 6.64944
      vertex -22.8282 23.6571 2.4
      vertex -22.8418 23.6863 2.4
    endloop
  endfacet
  facet normal 0.0403597 -0.460978 -0.886493
    outer loop
      vertex -0.282907 44.8065 8.36776
      vertex 0 56.3077 2.4
      vertex 0 44.814 8.37674
    endloop
  endfacet
  facet normal 0.0403321 -0.460978 -0.886495
    outer loop
      vertex 0 56.3077 2.4
      vertex -0.282907 44.8065 8.36776
      vertex -4.18893 55.9412 2.4
    endloop
  endfacet
  facet normal -0.44697 -0.119767 -0.886495
    outer loop
      vertex 15.2281 37.1141 6.67108
      vertex 23.9301 36.2521 2.4
      vertex 15.3318 36.1516 6.74883
    endloop
  endfacet
  facet normal -0.44697 -0.119765 -0.886496
    outer loop
      vertex 23.9301 36.2521 2.4
      vertex 15.2281 37.1141 6.67108
      vertex 22.8418 40.3137 2.4
    endloop
  endfacet
  facet normal -0.446967 -0.119773 -0.886496
    outer loop
      vertex 22.8418 40.3137 2.4
      vertex 15.2281 37.1141 6.67108
      vertex 15.1626 37.5187 6.64944
    endloop
  endfacet
  facet normal -0.195535 0.419394 -0.886496
    outer loop
      vertex 4.57513 19.4299 8.08407
      vertex 8.34289 9.17184 2.4
      vertex 8.31372 9.15824 2.4
    endloop
  endfacet
  facet normal -0.195557 0.419386 -0.886495
    outer loop
      vertex 8.34289 9.17184 2.4
      vertex 4.57513 19.4299 8.08407
      vertex 6.3658 19.666 7.80075
    endloop
  endfacet
  facet normal -0.195562 0.419383 -0.886495
    outer loop
      vertex 8.34289 9.17184 2.4
      vertex 7.06759 19.7586 7.68971
      vertex 12.1538 10.9489 2.4
    endloop
  endfacet
  facet normal -0.1956 0.419375 -0.88649
    outer loop
      vertex 7.06759 19.7586 7.68971
      vertex 8.34289 9.17184 2.4
      vertex 6.3658 19.666 7.80075
    endloop
  endfacet
  facet normal -0.0403597 -0.460978 -0.886493
    outer loop
      vertex 0 56.3077 2.4
      vertex 0.282907 44.8065 8.36776
      vertex 0 44.814 8.37674
    endloop
  endfacet
  facet normal -0.0403321 -0.460978 -0.886495
    outer loop
      vertex 0.282907 44.8065 8.36776
      vertex 0 56.3077 2.4
      vertex 4.18893 55.9412 2.4
    endloop
  endfacet
  facet normal -0.379085 -0.265359 -0.886498
    outer loop
      vertex 14.0143 40.4127 6.52892
      vertex 21.0511 44.1538 2.4
      vertex 14.1746 40.1837 6.52892
    endloop
  endfacet
  facet normal -0.379053 -0.265416 -0.886495
    outer loop
      vertex 13.5752 41.0398 6.52892
      vertex 21.0511 44.1538 2.4
      vertex 14.0143 40.4127 6.52892
    endloop
  endfacet
  facet normal -0.379052 -0.265419 -0.886495
    outer loop
      vertex 21.0511 44.1538 2.4
      vertex 13.5752 41.0398 6.52892
      vertex 18.6392 47.5983 2.4
    endloop
  endfacet
  facet normal -0.379026 -0.265441 -0.886499
    outer loop
      vertex 18.6392 47.5983 2.4
      vertex 13.5752 41.0398 6.52892
      vertex 13.2896 41.3721 6.55153
    endloop
  endfacet
  facet normal -0.419458 0.195364 -0.886503
    outer loop
      vertex 22.8282 23.6571 2.4
      vertex 15.1626 26.4813 6.64944
      vertex 22.8418 23.6863 2.4
    endloop
  endfacet
  facet normal -0.419355 0.195629 -0.886494
    outer loop
      vertex 22.8282 23.6571 2.4
      vertex 15.0844 26.1528 6.61394
      vertex 15.1626 26.4813 6.64944
    endloop
  endfacet
  facet normal -0.419399 0.195502 -0.8865
    outer loop
      vertex 22.8282 23.6571 2.4
      vertex 15.0142 25.8576 6.58205
      vertex 15.0844 26.1528 6.61394
    endloop
  endfacet
  facet normal -0.419392 0.195525 -0.886499
    outer loop
      vertex 22.8282 23.6571 2.4
      vertex 14.9091 25.5579 6.56567
      vertex 15.0142 25.8576 6.58205
    endloop
  endfacet
  facet normal -0.419366 0.195616 -0.886491
    outer loop
      vertex 14.9091 25.5579 6.56567
      vertex 22.8282 23.6571 2.4
      vertex 14.7745 25.1744 6.54472
    endloop
  endfacet
  facet normal -0.119795 0.446966 -0.886493
    outer loop
      vertex 2.24896 19.2455 8.30536
      vertex 4.25207 8.06993 2.4
      vertex 4.22099 8.0616 2.4
    endloop
  endfacet
  facet normal -0.119763 0.446972 -0.886495
    outer loop
      vertex 4.25207 8.06993 2.4
      vertex 2.24896 19.2455 8.30536
      vertex 4.11978 19.3938 8.12739
    endloop
  endfacet
  facet normal 0.418967 0.196311 -0.886526
    outer loop
      vertex -21.0511 19.8462 2.4
      vertex -14.1976 23.855 6.52662
      vertex -14.1746 23.8163 6.52892
    endloop
  endfacet
  facet normal 0.419402 0.195531 -0.886493
    outer loop
      vertex -21.0511 19.8462 2.4
      vertex -14.3349 24.1495 6.52662
      vertex -14.1976 23.855 6.52662
    endloop
  endfacet
  facet normal 0.419393 0.195547 -0.886494
    outer loop
      vertex -21.0511 19.8462 2.4
      vertex -14.6583 24.8431 6.52662
      vertex -14.3349 24.1495 6.52662
    endloop
  endfacet
  facet normal 0.41938 0.195565 -0.886496
    outer loop
      vertex -22.8282 23.6571 2.4
      vertex -14.6583 24.8431 6.52662
      vertex -21.0511 19.8462 2.4
    endloop
  endfacet
  facet normal 0.419387 0.195528 -0.8865
    outer loop
      vertex -14.6583 24.8431 6.52662
      vertex -22.8282 23.6571 2.4
      vertex -14.7745 25.1744 6.54472
    endloop
  endfacet
  facet normal -0.265419 0.379052 -0.886495
    outer loop
      vertex 12.1538 10.9489 2.4
      vertex 7.96088 19.9229 7.49252
      vertex 15.5983 13.3608 2.4
    endloop
  endfacet
  facet normal -0.265409 0.379057 -0.886495
    outer loop
      vertex 7.96088 19.9229 7.49252
      vertex 12.1538 10.9489 2.4
      vertex 7.06759 19.7586 7.68971
    endloop
  endfacet
  facet normal 0.265411 0.37906 -0.886493
    outer loop
      vertex -15.5983 13.3608 2.4
      vertex -9.5092 20.2077 7.15074
      vertex -7.96088 19.9229 7.49252
    endloop
  endfacet
  facet normal 0.265436 0.379039 -0.886495
    outer loop
      vertex -15.5983 13.3608 2.4
      vertex -9.82527 20.2907 7.09159
      vertex -9.5092 20.2077 7.15074
    endloop
  endfacet
  facet normal 0.26463 0.379686 -0.886459
    outer loop
      vertex -9.82527 20.2907 7.09159
      vertex -15.5983 13.3608 2.4
      vertex -15.6247 13.3792 2.4
    endloop
  endfacet
  facet normal -0.41938 0.195565 -0.886496
    outer loop
      vertex 14.6583 24.8431 6.52662
      vertex 22.8282 23.6571 2.4
      vertex 21.0511 19.8462 2.4
    endloop
  endfacet
  facet normal -0.419387 0.195528 -0.8865
    outer loop
      vertex 22.8282 23.6571 2.4
      vertex 14.6583 24.8431 6.52662
      vertex 14.7745 25.1744 6.54472
    endloop
  endfacet
  facet normal -0.419393 0.195547 -0.886494
    outer loop
      vertex 21.0511 19.8462 2.4
      vertex 14.3349 24.1495 6.52662
      vertex 14.6583 24.8431 6.52662
    endloop
  endfacet
  facet normal -0.419402 0.195531 -0.886493
    outer loop
      vertex 21.0511 19.8462 2.4
      vertex 14.1976 23.855 6.52662
      vertex 14.3349 24.1495 6.52662
    endloop
  endfacet
  facet normal -0.418967 0.196311 -0.886526
    outer loop
      vertex 14.1976 23.855 6.52662
      vertex 21.0511 19.8462 2.4
      vertex 14.1746 23.8163 6.52892
    endloop
  endfacet
  facet normal -0.265419 -0.379052 -0.886495
    outer loop
      vertex 7.96088 44.0771 7.49252
      vertex 12.1538 53.0511 2.4
      vertex 15.5983 50.6392 2.4
    endloop
  endfacet
  facet normal -0.265409 -0.379057 -0.886495
    outer loop
      vertex 12.1538 53.0511 2.4
      vertex 7.96088 44.0771 7.49252
      vertex 7.06759 44.2414 7.68971
    endloop
  endfacet
  facet normal -0.460977 0.0403323 -0.886495
    outer loop
      vertex 15.5382 30.7588 6.90366
      vertex 24.3077 32 2.4
      vertex 23.9412 27.8111 2.4
    endloop
  endfacet
  facet normal -0.460978 0.0403465 -0.886494
    outer loop
      vertex 24.3077 32 2.4
      vertex 15.5382 30.7588 6.90366
      vertex 15.5827 32 6.93701
    endloop
  endfacet
  facet normal 0.460977 0.0403323 -0.886495
    outer loop
      vertex -24.3077 32 2.4
      vertex -15.5382 30.7588 6.90366
      vertex -23.9412 27.8111 2.4
    endloop
  endfacet
  facet normal 0.460978 0.0403465 -0.886494
    outer loop
      vertex -15.5382 30.7588 6.90366
      vertex -24.3077 32 2.4
      vertex -15.5827 32 6.93701
    endloop
  endfacet
  facet normal 0.1956 -0.419374 -0.886491
    outer loop
      vertex -7.06759 44.2414 7.68971
      vertex -8.34289 54.8282 2.4
      vertex -6.3658 44.334 7.80075
    endloop
  endfacet
  facet normal 0.195565 -0.419381 -0.886495
    outer loop
      vertex -8.34289 54.8282 2.4
      vertex -7.06759 44.2414 7.68971
      vertex -12.1538 53.0511 2.4
    endloop
  endfacet
  facet normal 0.379026 -0.265441 -0.886499
    outer loop
      vertex -13.5752 41.0398 6.52892
      vertex -18.6392 47.5983 2.4
      vertex -13.2896 41.3721 6.55153
    endloop
  endfacet
  facet normal 0.379053 -0.265416 -0.886495
    outer loop
      vertex -21.0511 44.1538 2.4
      vertex -13.5752 41.0398 6.52892
      vertex -14.0143 40.4127 6.52892
    endloop
  endfacet
  facet normal 0.379085 -0.265359 -0.886498
    outer loop
      vertex -21.0511 44.1538 2.4
      vertex -14.0143 40.4127 6.52892
      vertex -14.1746 40.1837 6.52892
    endloop
  endfacet
  facet normal 0.379052 -0.265419 -0.886495
    outer loop
      vertex -13.5752 41.0398 6.52892
      vertex -21.0511 44.1538 2.4
      vertex -18.6392 47.5983 2.4
    endloop
  endfacet
  facet normal -0.419387 -0.195528 -0.8865
    outer loop
      vertex 14.6583 39.1569 6.52662
      vertex 22.8282 40.3429 2.4
      vertex 14.7745 38.8256 6.54472
    endloop
  endfacet
  facet normal -0.41938 -0.195565 -0.886496
    outer loop
      vertex 22.8282 40.3429 2.4
      vertex 14.6583 39.1569 6.52662
      vertex 21.0511 44.1538 2.4
    endloop
  endfacet
  facet normal -0.419393 -0.195547 -0.886494
    outer loop
      vertex 14.3349 39.8505 6.52662
      vertex 21.0511 44.1538 2.4
      vertex 14.6583 39.1569 6.52662
    endloop
  endfacet
  facet normal -0.419402 -0.195531 -0.886493
    outer loop
      vertex 14.1976 40.145 6.52662
      vertex 21.0511 44.1538 2.4
      vertex 14.3349 39.8505 6.52662
    endloop
  endfacet
  facet normal -0.418967 -0.196311 -0.886526
    outer loop
      vertex 21.0511 44.1538 2.4
      vertex 14.1976 40.145 6.52662
      vertex 14.1746 40.1837 6.52892
    endloop
  endfacet
  facet normal -0.379083 -0.265387 -0.886491
    outer loop
      vertex 12.8749 41.8548 6.58436
      vertex 18.6392 47.5983 2.4
      vertex 13.2896 41.3721 6.55153
    endloop
  endfacet
  facet normal -0.379069 -0.265402 -0.886492
    outer loop
      vertex 12.3431 42.3571 6.66138
      vertex 18.6392 47.5983 2.4
      vertex 12.8749 41.8548 6.58436
    endloop
  endfacet
  facet normal -0.379688 -0.264631 -0.886458
    outer loop
      vertex 18.6392 47.5983 2.4
      vertex 12.3431 42.3571 6.66138
      vertex 18.6208 47.6247 2.4
    endloop
  endfacet
  facet normal 0.195557 -0.419385 -0.886495
    outer loop
      vertex -8.34289 54.8282 2.4
      vertex -4.57513 44.5701 8.08407
      vertex -6.3658 44.334 7.80075
    endloop
  endfacet
  facet normal 0.195535 -0.419393 -0.886496
    outer loop
      vertex -4.57513 44.5701 8.08407
      vertex -8.34289 54.8282 2.4
      vertex -8.31372 54.8418 2.4
    endloop
  endfacet
  facet normal -0.325157 -0.329554 -0.886379
    outer loop
      vertex 12.3355 42.3632 6.6619
      vertex 18.6208 47.6247 2.4
      vertex 12.3431 42.3571 6.66138
    endloop
  endfacet
  facet normal -0.327236 -0.327167 -0.886498
    outer loop
      vertex 12.0977 42.5571 6.67812
      vertex 18.6208 47.6247 2.4
      vertex 12.3355 42.3632 6.6619
    endloop
  endfacet
  facet normal -0.327205 -0.327205 -0.886495
    outer loop
      vertex 18.6208 47.6247 2.4
      vertex 12.0977 42.5571 6.67812
      vertex 15.6247 50.6208 2.4
    endloop
  endfacet
  facet normal -0.32712 -0.32725 -0.88651
    outer loop
      vertex 11.8547 42.7144 6.70972
      vertex 15.6247 50.6208 2.4
      vertex 12.0977 42.5571 6.67812
    endloop
  endfacet
  facet normal -0.327236 -0.327184 -0.886491
    outer loop
      vertex 11.2418 43.1114 6.78944
      vertex 15.6247 50.6208 2.4
      vertex 11.8547 42.7144 6.70972
    endloop
  endfacet
  facet normal -0.327175 -0.327224 -0.886499
    outer loop
      vertex 10.6113 43.4179 6.909
      vertex 15.6247 50.6208 2.4
      vertex 11.2418 43.1114 6.78944
    endloop
  endfacet
  facet normal -0.327216 -0.327194 -0.886495
    outer loop
      vertex 10.3773 43.5317 6.95337
      vertex 15.6247 50.6208 2.4
      vertex 10.6113 43.4179 6.909
    endloop
  endfacet
  facet normal -0.327257 -0.327161 -0.886492
    outer loop
      vertex 10.1551 43.6032 7.00901
      vertex 15.6247 50.6208 2.4
      vertex 10.3773 43.5317 6.95337
    endloop
  endfacet
  facet normal -0.327208 -0.327202 -0.886495
    outer loop
      vertex 15.6247 50.6208 2.4
      vertex 10.1551 43.6032 7.00901
      vertex 9.82527 43.7093 7.09159
    endloop
  endfacet
  facet normal 0.0403286 0.460978 -0.886494
    outer loop
      vertex -4.18893 8.05879 2.4
      vertex -2.24896 19.2455 8.30536
      vertex -0.282907 19.1935 8.36776
    endloop
  endfacet
  facet normal 0.0404029 0.460967 -0.886497
    outer loop
      vertex -2.24896 19.2455 8.30536
      vertex -4.18893 8.05879 2.4
      vertex -4.22099 8.0616 2.4
    endloop
  endfacet
  facet normal 0.0403597 0.460978 -0.886493
    outer loop
      vertex 0 7.69231 2.4
      vertex -0.282907 19.1935 8.36776
      vertex 0 19.186 8.37674
    endloop
  endfacet
  facet normal 0.0403299 0.460978 -0.886495
    outer loop
      vertex -0.282907 19.1935 8.36776
      vertex 0 7.69231 2.4
      vertex -4.18893 8.05879 2.4
    endloop
  endfacet
  facet normal -0.0404029 0.460967 -0.886497
    outer loop
      vertex 4.18893 8.05879 2.4
      vertex 2.24896 19.2455 8.30536
      vertex 4.22099 8.0616 2.4
    endloop
  endfacet
  facet normal -0.0403286 0.460978 -0.886494
    outer loop
      vertex 2.24896 19.2455 8.30536
      vertex 4.18893 8.05879 2.4
      vertex 0.282907 19.1935 8.36776
    endloop
  endfacet
  facet normal -0.379688 0.264631 -0.886458
    outer loop
      vertex 12.3431 21.6429 6.66138
      vertex 18.6392 16.4017 2.4
      vertex 18.6208 16.3753 2.4
    endloop
  endfacet
  facet normal -0.379083 0.265387 -0.886491
    outer loop
      vertex 18.6392 16.4017 2.4
      vertex 12.8749 22.1452 6.58436
      vertex 13.2896 22.6279 6.55153
    endloop
  endfacet
  facet normal -0.379069 0.265402 -0.886492
    outer loop
      vertex 18.6392 16.4017 2.4
      vertex 12.3431 21.6429 6.66138
      vertex 12.8749 22.1452 6.58436
    endloop
  endfacet
  facet normal -0.195557 -0.419385 -0.886495
    outer loop
      vertex 4.57513 44.5701 8.08407
      vertex 8.34289 54.8282 2.4
      vertex 6.3658 44.334 7.80075
    endloop
  endfacet
  facet normal -0.195535 -0.419393 -0.886496
    outer loop
      vertex 8.34289 54.8282 2.4
      vertex 4.57513 44.5701 8.08407
      vertex 8.31372 54.8418 2.4
    endloop
  endfacet
  facet normal -0.44697 0.119765 -0.886496
    outer loop
      vertex 15.2281 26.8859 6.67108
      vertex 23.9301 27.7479 2.4
      vertex 22.8418 23.6863 2.4
    endloop
  endfacet
  facet normal -0.44697 0.119767 -0.886495
    outer loop
      vertex 23.9301 27.7479 2.4
      vertex 15.2281 26.8859 6.67108
      vertex 15.3318 27.8484 6.74883
    endloop
  endfacet
  facet normal -0.446967 0.119773 -0.886496
    outer loop
      vertex 15.2281 26.8859 6.67108
      vertex 22.8418 23.6863 2.4
      vertex 15.1626 26.4813 6.64944
    endloop
  endfacet
  facet normal 0.0403286 -0.460979 -0.886494
    outer loop
      vertex -2.24896 44.7545 8.30536
      vertex -4.18893 55.9412 2.4
      vertex -0.282907 44.8065 8.36776
    endloop
  endfacet
  facet normal 0.0402611 -0.460989 -0.886492
    outer loop
      vertex -4.18893 55.9412 2.4
      vertex -2.24896 44.7545 8.30536
      vertex -4.22099 55.9384 2.4
    endloop
  endfacet
  facet normal 0.44697 0.119771 -0.886495
    outer loop
      vertex -23.9301 27.7479 2.4
      vertex -15.4849 29.2696 6.86365
      vertex -15.3318 27.8484 6.74883
    endloop
  endfacet
  facet normal 0.447061 0.119312 -0.886511
    outer loop
      vertex -15.4849 29.2696 6.86365
      vertex -23.9301 27.7479 2.4
      vertex -23.9384 27.779 2.4
    endloop
  endfacet
  facet normal -0.119765 0.446972 -0.886494
    outer loop
      vertex 4.25207 8.06993 2.4
      vertex 4.57513 19.4299 8.08407
      vertex 8.31372 9.15824 2.4
    endloop
  endfacet
  facet normal -0.119773 0.446972 -0.886494
    outer loop
      vertex 4.57513 19.4299 8.08407
      vertex 4.25207 8.06993 2.4
      vertex 4.11978 19.3938 8.12739
    endloop
  endfacet
  facet normal -0.0403299 0.460978 -0.886495
    outer loop
      vertex 0 7.69231 2.4
      vertex 0.282907 19.1935 8.36776
      vertex 4.18893 8.05879 2.4
    endloop
  endfacet
  facet normal -0.0403597 0.460978 -0.886493
    outer loop
      vertex 0.282907 19.1935 8.36776
      vertex 0 7.69231 2.4
      vertex 0 19.186 8.37674
    endloop
  endfacet
  facet normal 0.1956 0.419375 -0.88649
    outer loop
      vertex -8.34289 9.17184 2.4
      vertex -7.06759 19.7586 7.68971
      vertex -6.3658 19.666 7.80075
    endloop
  endfacet
  facet normal 0.195562 0.419383 -0.886495
    outer loop
      vertex -7.06759 19.7586 7.68971
      vertex -8.34289 9.17184 2.4
      vertex -12.1538 10.9489 2.4
    endloop
  endfacet
  facet normal 0.265409 -0.379057 -0.886495
    outer loop
      vertex -7.96088 44.0771 7.49252
      vertex -12.1538 53.0511 2.4
      vertex -7.06759 44.2414 7.68971
    endloop
  endfacet
  facet normal 0.265419 -0.379052 -0.886495
    outer loop
      vertex -12.1538 53.0511 2.4
      vertex -7.96088 44.0771 7.49252
      vertex -15.5983 50.6392 2.4
    endloop
  endfacet
  facet normal -0.419458 -0.195364 -0.886503
    outer loop
      vertex 15.1626 37.5187 6.64944
      vertex 22.8282 40.3429 2.4
      vertex 22.8418 40.3137 2.4
    endloop
  endfacet
  facet normal -0.419355 -0.195629 -0.886494
    outer loop
      vertex 15.0844 37.8472 6.61394
      vertex 22.8282 40.3429 2.4
      vertex 15.1626 37.5187 6.64944
    endloop
  endfacet
  facet normal -0.419399 -0.195502 -0.8865
    outer loop
      vertex 15.0142 38.1424 6.58205
      vertex 22.8282 40.3429 2.4
      vertex 15.0844 37.8472 6.61394
    endloop
  endfacet
  facet normal -0.419392 -0.195525 -0.886499
    outer loop
      vertex 14.9091 38.4421 6.56567
      vertex 22.8282 40.3429 2.4
      vertex 15.0142 38.1424 6.58205
    endloop
  endfacet
  facet normal -0.419366 -0.195616 -0.886491
    outer loop
      vertex 22.8282 40.3429 2.4
      vertex 14.9091 38.4421 6.56567
      vertex 14.7745 38.8256 6.54472
    endloop
  endfacet
  facet normal 0.119773 -0.446971 -0.886494
    outer loop
      vertex -4.57513 44.5701 8.08407
      vertex -4.25207 55.9301 2.4
      vertex -4.11978 44.6062 8.12739
    endloop
  endfacet
  facet normal 0.119764 -0.446971 -0.886495
    outer loop
      vertex -4.25207 55.9301 2.4
      vertex -4.57513 44.5701 8.08407
      vertex -8.31372 54.8418 2.4
    endloop
  endfacet
  facet normal 0.265411 -0.37906 -0.886493
    outer loop
      vertex -9.5092 43.7923 7.15074
      vertex -15.5983 50.6392 2.4
      vertex -7.96088 44.0771 7.49252
    endloop
  endfacet
  facet normal 0.265436 -0.379039 -0.886495
    outer loop
      vertex -9.82527 43.7093 7.09159
      vertex -15.5983 50.6392 2.4
      vertex -9.5092 43.7923 7.15074
    endloop
  endfacet
  facet normal 0.26463 -0.379686 -0.886459
    outer loop
      vertex -15.5983 50.6392 2.4
      vertex -9.82527 43.7093 7.09159
      vertex -15.6247 50.6208 2.4
    endloop
  endfacet
  facet normal 0.44697 -0.119771 -0.886495
    outer loop
      vertex -15.4849 34.7304 6.86365
      vertex -23.9301 36.2521 2.4
      vertex -15.3318 36.1516 6.74883
    endloop
  endfacet
  facet normal 0.447061 -0.119312 -0.886511
    outer loop
      vertex -23.9301 36.2521 2.4
      vertex -15.4849 34.7304 6.86365
      vertex -23.9384 36.221 2.4
    endloop
  endfacet
  facet normal 0.327175 -0.327224 -0.886499
    outer loop
      vertex -15.6247 50.6208 2.4
      vertex -10.6113 43.4179 6.909
      vertex -11.2418 43.1114 6.78944
    endloop
  endfacet
  facet normal 0.32712 -0.32725 -0.88651
    outer loop
      vertex -15.6247 50.6208 2.4
      vertex -11.8547 42.7144 6.70972
      vertex -12.0977 42.5571 6.67812
    endloop
  endfacet
  facet normal 0.327208 -0.327202 -0.886495
    outer loop
      vertex -10.1551 43.6032 7.00901
      vertex -15.6247 50.6208 2.4
      vertex -9.82527 43.7093 7.09159
    endloop
  endfacet
  facet normal 0.327257 -0.327161 -0.886492
    outer loop
      vertex -10.3773 43.5317 6.95337
      vertex -15.6247 50.6208 2.4
      vertex -10.1551 43.6032 7.00901
    endloop
  endfacet
  facet normal 0.327216 -0.327194 -0.886495
    outer loop
      vertex -10.6113 43.4179 6.909
      vertex -15.6247 50.6208 2.4
      vertex -10.3773 43.5317 6.95337
    endloop
  endfacet
  facet normal 0.327236 -0.327184 -0.886491
    outer loop
      vertex -11.8547 42.7144 6.70972
      vertex -15.6247 50.6208 2.4
      vertex -11.2418 43.1114 6.78944
    endloop
  endfacet
  facet normal 0.327236 -0.327167 -0.886498
    outer loop
      vertex -18.6208 47.6247 2.4
      vertex -12.0977 42.5571 6.67812
      vertex -12.3355 42.3632 6.6619
    endloop
  endfacet
  facet normal 0.325157 -0.329554 -0.886379
    outer loop
      vertex -18.6208 47.6247 2.4
      vertex -12.3355 42.3632 6.6619
      vertex -12.3431 42.3571 6.66138
    endloop
  endfacet
  facet normal 0.327205 -0.327205 -0.886495
    outer loop
      vertex -12.0977 42.5571 6.67812
      vertex -18.6208 47.6247 2.4
      vertex -15.6247 50.6208 2.4
    endloop
  endfacet
  facet normal 0.460997 0.0402116 -0.88649
    outer loop
      vertex -23.9412 27.8111 2.4
      vertex -15.4849 29.2696 6.86365
      vertex -23.9384 27.779 2.4
    endloop
  endfacet
  facet normal 0.460981 0.0403162 -0.886494
    outer loop
      vertex -15.4849 29.2696 6.86365
      vertex -23.9412 27.8111 2.4
      vertex -15.5382 30.7588 6.90366
    endloop
  endfacet
  facet normal 0.379069 -0.265402 -0.886492
    outer loop
      vertex -18.6392 47.5983 2.4
      vertex -12.3431 42.3571 6.66138
      vertex -12.8749 41.8548 6.58436
    endloop
  endfacet
  facet normal 0.379083 -0.265387 -0.886491
    outer loop
      vertex -18.6392 47.5983 2.4
      vertex -12.8749 41.8548 6.58436
      vertex -13.2896 41.3721 6.55153
    endloop
  endfacet
  facet normal 0.379688 -0.264631 -0.886458
    outer loop
      vertex -12.3431 42.3571 6.66138
      vertex -18.6392 47.5983 2.4
      vertex -18.6208 47.6247 2.4
    endloop
  endfacet
  facet normal 0.119763 -0.446971 -0.886495
    outer loop
      vertex -4.25207 55.9301 2.4
      vertex -2.24896 44.7545 8.30536
      vertex -4.11978 44.6062 8.12739
    endloop
  endfacet
  facet normal 0.119385 -0.447046 -0.886508
    outer loop
      vertex -2.24896 44.7545 8.30536
      vertex -4.25207 55.9301 2.4
      vertex -4.22099 55.9384 2.4
    endloop
  endfacet
  facet normal 0.446967 0.119773 -0.886496
    outer loop
      vertex -22.8418 23.6863 2.4
      vertex -15.2281 26.8859 6.67108
      vertex -15.1626 26.4813 6.64944
    endloop
  endfacet
  facet normal 0.44697 0.119765 -0.886496
    outer loop
      vertex -23.9301 27.7479 2.4
      vertex -15.2281 26.8859 6.67108
      vertex -22.8418 23.6863 2.4
    endloop
  endfacet
  facet normal 0.44697 0.119767 -0.886495
    outer loop
      vertex -15.2281 26.8859 6.67108
      vertex -23.9301 27.7479 2.4
      vertex -15.3318 27.8484 6.74883
    endloop
  endfacet
  facet normal -0.26463 0.379686 -0.886459
    outer loop
      vertex 15.5983 13.3608 2.4
      vertex 9.82527 20.2907 7.09159
      vertex 15.6247 13.3792 2.4
    endloop
  endfacet
  facet normal -0.265436 0.379039 -0.886495
    outer loop
      vertex 15.5983 13.3608 2.4
      vertex 9.5092 20.2077 7.15074
      vertex 9.82527 20.2907 7.09159
    endloop
  endfacet
  facet normal -0.265411 0.37906 -0.886493
    outer loop
      vertex 9.5092 20.2077 7.15074
      vertex 15.5983 13.3608 2.4
      vertex 7.96088 19.9229 7.49252
    endloop
  endfacet
  facet normal -0.327205 0.327205 -0.886495
    outer loop
      vertex 12.0977 21.4429 6.67812
      vertex 18.6208 16.3753 2.4
      vertex 15.6247 13.3792 2.4
    endloop
  endfacet
  facet normal -0.325157 0.329554 -0.886379
    outer loop
      vertex 18.6208 16.3753 2.4
      vertex 12.3355 21.6368 6.6619
      vertex 12.3431 21.6429 6.66138
    endloop
  endfacet
  facet normal -0.327236 0.327167 -0.886498
    outer loop
      vertex 18.6208 16.3753 2.4
      vertex 12.0977 21.4429 6.67812
      vertex 12.3355 21.6368 6.6619
    endloop
  endfacet
  facet normal -0.32712 0.32725 -0.88651
    outer loop
      vertex 15.6247 13.3792 2.4
      vertex 11.8547 21.2856 6.70972
      vertex 12.0977 21.4429 6.67812
    endloop
  endfacet
  facet normal -0.327236 0.327184 -0.886491
    outer loop
      vertex 15.6247 13.3792 2.4
      vertex 11.2418 20.8886 6.78944
      vertex 11.8547 21.2856 6.70972
    endloop
  endfacet
  facet normal -0.327175 0.327224 -0.886499
    outer loop
      vertex 15.6247 13.3792 2.4
      vertex 10.6113 20.5821 6.909
      vertex 11.2418 20.8886 6.78944
    endloop
  endfacet
  facet normal -0.327216 0.327194 -0.886495
    outer loop
      vertex 15.6247 13.3792 2.4
      vertex 10.3773 20.4683 6.95337
      vertex 10.6113 20.5821 6.909
    endloop
  endfacet
  facet normal -0.327257 0.327161 -0.886492
    outer loop
      vertex 15.6247 13.3792 2.4
      vertex 10.1551 20.3968 7.00901
      vertex 10.3773 20.4683 6.95337
    endloop
  endfacet
  facet normal -0.327208 0.327202 -0.886495
    outer loop
      vertex 10.1551 20.3968 7.00901
      vertex 15.6247 13.3792 2.4
      vertex 9.82527 20.2907 7.09159
    endloop
  endfacet
  facet normal -0.447061 -0.119312 -0.886511
    outer loop
      vertex 15.4849 34.7304 6.86365
      vertex 23.9301 36.2521 2.4
      vertex 23.9384 36.221 2.4
    endloop
  endfacet
  facet normal -0.44697 -0.119771 -0.886495
    outer loop
      vertex 23.9301 36.2521 2.4
      vertex 15.4849 34.7304 6.86365
      vertex 15.3318 36.1516 6.74883
    endloop
  endfacet
  facet normal 0.379688 0.264631 -0.886458
    outer loop
      vertex -18.6392 16.4017 2.4
      vertex -12.3431 21.6429 6.66138
      vertex -18.6208 16.3753 2.4
    endloop
  endfacet
  facet normal 0.379069 0.265402 -0.886492
    outer loop
      vertex -12.3431 21.6429 6.66138
      vertex -18.6392 16.4017 2.4
      vertex -12.8749 22.1452 6.58436
    endloop
  endfacet
  facet normal 0.379083 0.265387 -0.886491
    outer loop
      vertex -12.8749 22.1452 6.58436
      vertex -18.6392 16.4017 2.4
      vertex -13.2896 22.6279 6.55153
    endloop
  endfacet
  facet normal 0.265409 0.379057 -0.886495
    outer loop
      vertex -12.1538 10.9489 2.4
      vertex -7.96088 19.9229 7.49252
      vertex -7.06759 19.7586 7.68971
    endloop
  endfacet
  facet normal 0.265419 0.379052 -0.886495
    outer loop
      vertex -7.96088 19.9229 7.49252
      vertex -12.1538 10.9489 2.4
      vertex -15.5983 13.3608 2.4
    endloop
  endfacet
  facet normal -0.447061 0.119312 -0.886511
    outer loop
      vertex 23.9301 27.7479 2.4
      vertex 15.4849 29.2696 6.86365
      vertex 23.9384 27.779 2.4
    endloop
  endfacet
  facet normal -0.44697 0.119771 -0.886495
    outer loop
      vertex 15.4849 29.2696 6.86365
      vertex 23.9301 27.7479 2.4
      vertex 15.3318 27.8484 6.74883
    endloop
  endfacet
  facet normal -0.460997 0.0402116 -0.88649
    outer loop
      vertex 15.4849 29.2696 6.86365
      vertex 23.9412 27.8111 2.4
      vertex 23.9384 27.779 2.4
    endloop
  endfacet
  facet normal -0.460981 0.0403162 -0.886494
    outer loop
      vertex 23.9412 27.8111 2.4
      vertex 15.4849 29.2696 6.86365
      vertex 15.5382 30.7588 6.90366
    endloop
  endfacet
  facet normal 0.419392 -0.195525 -0.886499
    outer loop
      vertex -22.8282 40.3429 2.4
      vertex -14.9091 38.4421 6.56567
      vertex -15.0142 38.1424 6.58205
    endloop
  endfacet
  facet normal 0.419366 -0.195616 -0.886491
    outer loop
      vertex -14.9091 38.4421 6.56567
      vertex -22.8282 40.3429 2.4
      vertex -14.7745 38.8256 6.54472
    endloop
  endfacet
  facet normal 0.419399 -0.195502 -0.8865
    outer loop
      vertex -15.0844 37.8472 6.61394
      vertex -22.8282 40.3429 2.4
      vertex -15.0142 38.1424 6.58205
    endloop
  endfacet
  facet normal 0.419355 -0.195629 -0.886494
    outer loop
      vertex -15.1626 37.5187 6.64944
      vertex -22.8282 40.3429 2.4
      vertex -15.0844 37.8472 6.61394
    endloop
  endfacet
  facet normal 0.419458 -0.195364 -0.886503
    outer loop
      vertex -22.8282 40.3429 2.4
      vertex -15.1626 37.5187 6.64944
      vertex -22.8418 40.3137 2.4
    endloop
  endfacet
  facet normal 0.327208 0.327202 -0.886495
    outer loop
      vertex -15.6247 13.3792 2.4
      vertex -10.1551 20.3968 7.00901
      vertex -9.82527 20.2907 7.09159
    endloop
  endfacet
  facet normal 0.327216 0.327194 -0.886495
    outer loop
      vertex -15.6247 13.3792 2.4
      vertex -10.6113 20.5821 6.909
      vertex -10.3773 20.4683 6.95337
    endloop
  endfacet
  facet normal 0.327257 0.327161 -0.886492
    outer loop
      vertex -10.1551 20.3968 7.00901
      vertex -15.6247 13.3792 2.4
      vertex -10.3773 20.4683 6.95337
    endloop
  endfacet
  facet normal 0.327175 0.327224 -0.886499
    outer loop
      vertex -10.6113 20.5821 6.909
      vertex -15.6247 13.3792 2.4
      vertex -11.2418 20.8886 6.78944
    endloop
  endfacet
  facet normal 0.327236 0.327184 -0.886491
    outer loop
      vertex -15.6247 13.3792 2.4
      vertex -11.8547 21.2856 6.70972
      vertex -11.2418 20.8886 6.78944
    endloop
  endfacet
  facet normal 0.32712 0.32725 -0.88651
    outer loop
      vertex -15.6247 13.3792 2.4
      vertex -12.0977 21.4429 6.67812
      vertex -11.8547 21.2856 6.70972
    endloop
  endfacet
  facet normal 0.327205 0.327205 -0.886495
    outer loop
      vertex -18.6208 16.3753 2.4
      vertex -12.0977 21.4429 6.67812
      vertex -15.6247 13.3792 2.4
    endloop
  endfacet
  facet normal 0.327236 0.327167 -0.886498
    outer loop
      vertex -12.0977 21.4429 6.67812
      vertex -18.6208 16.3753 2.4
      vertex -12.3355 21.6368 6.6619
    endloop
  endfacet
  facet normal 0.325157 0.329554 -0.886379
    outer loop
      vertex -12.3355 21.6368 6.6619
      vertex -18.6208 16.3753 2.4
      vertex -12.3431 21.6429 6.66138
    endloop
  endfacet
  facet normal 0.195535 0.419394 -0.886496
    outer loop
      vertex -8.34289 9.17184 2.4
      vertex -4.57513 19.4299 8.08407
      vertex -8.31372 9.15824 2.4
    endloop
  endfacet
  facet normal 0.195557 0.419386 -0.886495
    outer loop
      vertex -4.57513 19.4299 8.08407
      vertex -8.34289 9.17184 2.4
      vertex -6.3658 19.666 7.80075
    endloop
  endfacet
  facet normal 0.119773 0.446972 -0.886494
    outer loop
      vertex -4.25207 8.06993 2.4
      vertex -4.57513 19.4299 8.08407
      vertex -4.11978 19.3938 8.12739
    endloop
  endfacet
  facet normal 0.119765 0.446972 -0.886494
    outer loop
      vertex -4.57513 19.4299 8.08407
      vertex -4.25207 8.06993 2.4
      vertex -8.31372 9.15824 2.4
    endloop
  endfacet
  facet normal -0.460981 -0.0403162 -0.886494
    outer loop
      vertex 15.4849 34.7304 6.86365
      vertex 23.9412 36.1889 2.4
      vertex 15.5382 33.2412 6.90366
    endloop
  endfacet
  facet normal -0.460997 -0.0402116 -0.88649
    outer loop
      vertex 23.9412 36.1889 2.4
      vertex 15.4849 34.7304 6.86365
      vertex 23.9384 36.221 2.4
    endloop
  endfacet
  facet normal 0.119795 0.446966 -0.886493
    outer loop
      vertex -4.25207 8.06993 2.4
      vertex -2.24896 19.2455 8.30536
      vertex -4.22099 8.0616 2.4
    endloop
  endfacet
  facet normal 0.119763 0.446972 -0.886495
    outer loop
      vertex -2.24896 19.2455 8.30536
      vertex -4.25207 8.06993 2.4
      vertex -4.11978 19.3938 8.12739
    endloop
  endfacet
endsolid OpenSCAD_Model
