solid OpenSCAD_Model
  facet normal 0 0 -1
    outer loop
      vertex 53.2498 44.3188 0
      vertex 74 50 0
      vertex 74 0 0
    endloop
  endfacet
  facet normal 0 -0 -1
    outer loop
      vertex 54.5 47 0
      vertex 74 50 0
      vertex 54.4468 46.3922 0
    endloop
  endfacet
  facet normal 0 0 -1
    outer loop
      vertex 54.4468 47.6078 0
      vertex 74 50 0
      vertex 54.5 47 0
    endloop
  endfacet
  facet normal 0 0 -1
    outer loop
      vertex 74 50 0
      vertex 54.2889 45.8029 0
      vertex 54.4468 46.3922 0
    endloop
  endfacet
  facet normal 0 0 -1
    outer loop
      vertex 74 50 0
      vertex 54.0311 45.25 0
      vertex 54.2889 45.8029 0
    endloop
  endfacet
  facet normal 0 0 -1
    outer loop
      vertex 74 50 0
      vertex 53.6812 44.7502 0
      vertex 54.0311 45.25 0
    endloop
  endfacet
  facet normal 0 0 -1
    outer loop
      vertex 74 50 0
      vertex 53.2498 44.3188 0
      vertex 53.6812 44.7502 0
    endloop
  endfacet
  facet normal 0 0 -1
    outer loop
      vertex 74 0 0
      vertex 52.75 43.9689 0
      vertex 53.2498 44.3188 0
    endloop
  endfacet
  facet normal 0 0 -1
    outer loop
      vertex 41.6651 18.3467 0
      vertex 52.75 43.9689 0
      vertex 74 0 0
    endloop
  endfacet
  facet normal 0 0 -1
    outer loop
      vertex 41.6446 18.4233 0
      vertex 52.75 43.9689 0
      vertex 41.6651 18.3467 0
    endloop
  endfacet
  facet normal 0 0 -1
    outer loop
      vertex 41.4806 19.0355 0
      vertex 52.75 43.9689 0
      vertex 41.6446 18.4233 0
    endloop
  endfacet
  facet normal 0 0 -1
    outer loop
      vertex 52.75 43.9689 0
      vertex 41.4806 19.0355 0
      vertex 52.1971 43.7111 0
    endloop
  endfacet
  facet normal 0 0 -1
    outer loop
      vertex 41.4471 19.1073 0
      vertex 52.1971 43.7111 0
      vertex 41.4806 19.0355 0
    endloop
  endfacet
  facet normal 0 0 -1
    outer loop
      vertex 41.1792 19.6818 0
      vertex 52.1971 43.7111 0
      vertex 41.4471 19.1073 0
    endloop
  endfacet
  facet normal 0 0 -1
    outer loop
      vertex 40.8156 20.201 0
      vertex 51.6078 43.5532 0
      vertex 41.1792 19.6818 0
    endloop
  endfacet
  facet normal 0 0 -1
    outer loop
      vertex 51.6078 43.5532 0
      vertex 40.7702 20.2659 0
      vertex 51 43.5 0
    endloop
  endfacet
  facet normal 0 0 -1
    outer loop
      vertex 40.2659 20.7702 0
      vertex 51 43.5 0
      vertex 40.7702 20.2659 0
    endloop
  endfacet
  facet normal 0 0 -1
    outer loop
      vertex 52.1971 43.7111 0
      vertex 41.1792 19.6818 0
      vertex 51.6078 43.5532 0
    endloop
  endfacet
  facet normal 0 0 -1
    outer loop
      vertex 41.6651 18.3467 0
      vertex 74 0 0
      vertex 41.672 18.2678 0
    endloop
  endfacet
  facet normal 0 0 -1
    outer loop
      vertex 41.672 18.2678 0
      vertex 74 0 0
      vertex 41.7273 17.6364 0
    endloop
  endfacet
  facet normal 0 0 -1
    outer loop
      vertex 41.7273 17.6364 0
      vertex 74 0 0
      vertex 41.7273 16.3636 0
    endloop
  endfacet
  facet normal 0 0 -1
    outer loop
      vertex 74 0 0
      vertex 41.672 15.7322 0
      vertex 41.7273 16.3636 0
    endloop
  endfacet
  facet normal 0 0 -1
    outer loop
      vertex 74 0 0
      vertex 41.6651 15.6533 0
      vertex 41.672 15.7322 0
    endloop
  endfacet
  facet normal 0 0 -1
    outer loop
      vertex 74 0 0
      vertex 41.6446 15.5767 0
      vertex 41.6651 15.6533 0
    endloop
  endfacet
  facet normal 0 0 -1
    outer loop
      vertex 74 0 0
      vertex 41.4806 14.9645 0
      vertex 41.6446 15.5767 0
    endloop
  endfacet
  facet normal 0 0 -1
    outer loop
      vertex 74 0 0
      vertex 41.4471 14.8927 0
      vertex 41.4806 14.9645 0
    endloop
  endfacet
  facet normal 0 0 -1
    outer loop
      vertex 74 0 0
      vertex 41.1792 14.3182 0
      vertex 41.4471 14.8927 0
    endloop
  endfacet
  facet normal 0 0 -1
    outer loop
      vertex 74 0 0
      vertex 40.8156 13.799 0
      vertex 41.1792 14.3182 0
    endloop
  endfacet
  facet normal 0 0 -1
    outer loop
      vertex 74 0 0
      vertex 40.7702 13.7341 0
      vertex 40.8156 13.799 0
    endloop
  endfacet
  facet normal 0 0 -1
    outer loop
      vertex 74 0 0
      vertex 40.2659 13.2298 0
      vertex 40.7702 13.7341 0
    endloop
  endfacet
  facet normal 0 0 -1
    outer loop
      vertex 74 0 0
      vertex 40.201 13.1844 0
      vertex 40.2659 13.2298 0
    endloop
  endfacet
  facet normal 0 0 -1
    outer loop
      vertex 74 0 0
      vertex 39.6818 12.8208 0
      vertex 40.201 13.1844 0
    endloop
  endfacet
  facet normal 0 0 -1
    outer loop
      vertex 74 0 0
      vertex 39.1073 12.5529 0
      vertex 39.6818 12.8208 0
    endloop
  endfacet
  facet normal 0 0 -1
    outer loop
      vertex 74 0 0
      vertex 39.0355 12.5194 0
      vertex 39.1073 12.5529 0
    endloop
  endfacet
  facet normal 0 0 -1
    outer loop
      vertex 74 0 0
      vertex 38.4233 12.3554 0
      vertex 39.0355 12.5194 0
    endloop
  endfacet
  facet normal 0 0 -1
    outer loop
      vertex 74 0 0
      vertex 38.3467 12.3349 0
      vertex 38.4233 12.3554 0
    endloop
  endfacet
  facet normal 0 0 -1
    outer loop
      vertex 16.8305 0 0
      vertex 38.3467 12.3349 0
      vertex 74 0 0
    endloop
  endfacet
  facet normal 0 0 -1
    outer loop
      vertex 38.3467 12.3349 0
      vertex 16.8305 0 0
      vertex 38.2678 12.328 0
    endloop
  endfacet
  facet normal 0 0 -1
    outer loop
      vertex 38.2678 12.328 0
      vertex 16.8305 0 0
      vertex 37.6364 12.2727 0
    endloop
  endfacet
  facet normal -0 0 -1
    outer loop
      vertex 37.6364 12.2727 0
      vertex 16.8305 0 0
      vertex 34.3636 12.2727 0
    endloop
  endfacet
  facet normal -0 0 -1
    outer loop
      vertex 34.3636 12.2727 0
      vertex 16.8305 0 0
      vertex 33.7322 12.328 0
    endloop
  endfacet
  facet normal -0 0 -1
    outer loop
      vertex 33.7322 12.328 0
      vertex 16.8305 0 0
      vertex 33.6533 12.3349 0
    endloop
  endfacet
  facet normal 0 -0 -1
    outer loop
      vertex 17.4438 2.88545 0
      vertex 33.6533 12.3349 0
      vertex 16.8305 0 0
    endloop
  endfacet
  facet normal 0 0 -1
    outer loop
      vertex 17.8717 4.88999 0
      vertex 32.8927 12.5529 0
      vertex 32.9645 12.5194 0
    endloop
  endfacet
  facet normal 0 0 -1
    outer loop
      vertex 17.8717 4.88999 0
      vertex 31.799 13.1844 0
      vertex 32.3182 12.8208 0
    endloop
  endfacet
  facet normal 0 0 -1
    outer loop
      vertex 17.8717 4.88999 0
      vertex 30.5529 14.8927 0
      vertex 30.8208 14.3182 0
    endloop
  endfacet
  facet normal 0 0 -1
    outer loop
      vertex 17.8717 4.88999 0
      vertex 30.3554 15.5767 0
      vertex 30.5194 14.9645 0
    endloop
  endfacet
  facet normal 0 0 -1
    outer loop
      vertex 17.8717 4.88999 0
      vertex 30.328 15.7322 0
      vertex 30.3349 15.6533 0
    endloop
  endfacet
  facet normal 0 0 -1
    outer loop
      vertex 17.8717 4.88999 0
      vertex 30.2727 17.6364 0
      vertex 30.2727 16.3636 0
    endloop
  endfacet
  facet normal -0 0 -1
    outer loop
      vertex 30.328 15.7322 0
      vertex 17.8717 4.88999 0
      vertex 30.2727 16.3636 0
    endloop
  endfacet
  facet normal 0 0 -1
    outer loop
      vertex 30.2727 17.6364 0
      vertex 20.5 47 0
      vertex 24.6667 62 0
    endloop
  endfacet
  facet normal -0 0 -1
    outer loop
      vertex 30.3554 15.5767 0
      vertex 17.8717 4.88999 0
      vertex 30.3349 15.6533 0
    endloop
  endfacet
  facet normal 0 0 -1
    outer loop
      vertex 30.2727 17.6364 0
      vertex 20.4468 46.3922 0
      vertex 20.5 47 0
    endloop
  endfacet
  facet normal 0 0 -1
    outer loop
      vertex 30.2727 17.6364 0
      vertex 20.2889 45.8029 0
      vertex 20.4468 46.3922 0
    endloop
  endfacet
  facet normal 0 0 -1
    outer loop
      vertex 30.2727 17.6364 0
      vertex 20.0311 45.25 0
      vertex 20.2889 45.8029 0
    endloop
  endfacet
  facet normal 0 0 -1
    outer loop
      vertex 30.2727 17.6364 0
      vertex 19.6812 44.7502 0
      vertex 20.0311 45.25 0
    endloop
  endfacet
  facet normal 0 0 -1
    outer loop
      vertex 30.2727 17.6364 0
      vertex 19.2498 44.3188 0
      vertex 19.6812 44.7502 0
    endloop
  endfacet
  facet normal 0 0 -1
    outer loop
      vertex 30.2727 17.6364 0
      vertex 18.75 43.9689 0
      vertex 19.2498 44.3188 0
    endloop
  endfacet
  facet normal 0 0 -1
    outer loop
      vertex 30.2727 17.6364 0
      vertex 18.1971 43.7111 0
      vertex 18.75 43.9689 0
    endloop
  endfacet
  facet normal -0 0 -1
    outer loop
      vertex 30.2727 17.6364 0
      vertex 17.8717 4.88999 0
      vertex 16.3922 43.5532 0
    endloop
  endfacet
  facet normal -0 0 -1
    outer loop
      vertex 30.5529 14.8927 0
      vertex 17.8717 4.88999 0
      vertex 30.5194 14.9645 0
    endloop
  endfacet
  facet normal -0 0 -1
    outer loop
      vertex 31.1844 13.799 0
      vertex 17.8717 4.88999 0
      vertex 30.8208 14.3182 0
    endloop
  endfacet
  facet normal -0 0 -1
    outer loop
      vertex 31.2298 13.7341 0
      vertex 17.8717 4.88999 0
      vertex 31.1844 13.799 0
    endloop
  endfacet
  facet normal -0 0 -1
    outer loop
      vertex 31.7341 13.2298 0
      vertex 17.8717 4.88999 0
      vertex 31.2298 13.7341 0
    endloop
  endfacet
  facet normal -0 0 -1
    outer loop
      vertex 31.799 13.1844 0
      vertex 17.8717 4.88999 0
      vertex 31.7341 13.2298 0
    endloop
  endfacet
  facet normal -0 0 -1
    outer loop
      vertex 32.8927 12.5529 0
      vertex 17.8717 4.88999 0
      vertex 32.3182 12.8208 0
    endloop
  endfacet
  facet normal -0 0 -1
    outer loop
      vertex 33.6533 12.3349 0
      vertex 17.4438 2.88545 0
      vertex 33.5767 12.3554 0
    endloop
  endfacet
  facet normal 0 0 -1
    outer loop
      vertex 32.9645 12.5194 0
      vertex 17.4438 2.88545 0
      vertex 17.8717 4.88999 0
    endloop
  endfacet
  facet normal -0 0 -1
    outer loop
      vertex 33.5767 12.3554 0
      vertex 17.4438 2.88545 0
      vertex 32.9645 12.5194 0
    endloop
  endfacet
  facet normal 0 0 -1
    outer loop
      vertex 54.2889 48.1971 0
      vertex 74 50 0
      vertex 54.4468 47.6078 0
    endloop
  endfacet
  facet normal 0 0 -1
    outer loop
      vertex 54.0311 48.75 0
      vertex 74 50 0
      vertex 54.2889 48.1971 0
    endloop
  endfacet
  facet normal -0 0 -1
    outer loop
      vertex 74 50 0
      vertex 54.0311 48.75 0
      vertex 62 64 0
    endloop
  endfacet
  facet normal 0 0 -1
    outer loop
      vertex 53.6812 49.2498 0
      vertex 62 64 0
      vertex 54.0311 48.75 0
    endloop
  endfacet
  facet normal 0 0 -1
    outer loop
      vertex 53.2498 49.6812 0
      vertex 62 64 0
      vertex 53.6812 49.2498 0
    endloop
  endfacet
  facet normal 0 0 -1
    outer loop
      vertex 52.75 50.0311 0
      vertex 62 64 0
      vertex 53.2498 49.6812 0
    endloop
  endfacet
  facet normal 0 0 -1
    outer loop
      vertex 52.1971 50.2889 0
      vertex 62 64 0
      vertex 52.75 50.0311 0
    endloop
  endfacet
  facet normal 0 0 -1
    outer loop
      vertex 49.3333 64 0
      vertex 52.1971 50.2889 0
      vertex 51.6078 50.4468 0
    endloop
  endfacet
  facet normal 0 0 -1
    outer loop
      vertex 49.3333 64 0
      vertex 51.6078 50.4468 0
      vertex 51 50.5 0
    endloop
  endfacet
  facet normal 0 0 -1
    outer loop
      vertex 49.3333 64 0
      vertex 51 50.5 0
      vertex 50.3922 50.4468 0
    endloop
  endfacet
  facet normal 0 0 -1
    outer loop
      vertex 49.3333 64 0
      vertex 50.3922 50.4468 0
      vertex 49.8029 50.2889 0
    endloop
  endfacet
  facet normal 0 0 -1
    outer loop
      vertex 52.1971 50.2889 0
      vertex 49.3333 64 0
      vertex 62 64 0
    endloop
  endfacet
  facet normal 0 0 -1
    outer loop
      vertex 49.25 50.0311 0
      vertex 49.3333 64 0
      vertex 49.8029 50.2889 0
    endloop
  endfacet
  facet normal 0 0 -1
    outer loop
      vertex 48.7502 49.6812 0
      vertex 49.3333 64 0
      vertex 49.25 50.0311 0
    endloop
  endfacet
  facet normal 0 0 -1
    outer loop
      vertex 48.3188 49.2498 0
      vertex 49.3333 64 0
      vertex 48.7502 49.6812 0
    endloop
  endfacet
  facet normal 0 0 -1
    outer loop
      vertex 24.6667 62 0
      vertex 48.3188 49.2498 0
      vertex 47.9689 48.75 0
    endloop
  endfacet
  facet normal 0 0 -1
    outer loop
      vertex 24.6667 62 0
      vertex 47.9689 48.75 0
      vertex 47.7111 48.1971 0
    endloop
  endfacet
  facet normal 0 0 -1
    outer loop
      vertex 24.6667 62 0
      vertex 47.7111 48.1971 0
      vertex 47.5532 47.6078 0
    endloop
  endfacet
  facet normal 0 0 -1
    outer loop
      vertex 40.7702 20.2659 0
      vertex 51.6078 43.5532 0
      vertex 40.8156 20.201 0
    endloop
  endfacet
  facet normal -0 0 -1
    outer loop
      vertex 51 43.5 0
      vertex 40.2659 20.7702 0
      vertex 50.3922 43.5532 0
    endloop
  endfacet
  facet normal 0 0 -1
    outer loop
      vertex 40.201 20.8156 0
      vertex 50.3922 43.5532 0
      vertex 40.2659 20.7702 0
    endloop
  endfacet
  facet normal 0 0 -1
    outer loop
      vertex 39.6818 21.1792 0
      vertex 50.3922 43.5532 0
      vertex 40.201 20.8156 0
    endloop
  endfacet
  facet normal -0 0 -1
    outer loop
      vertex 50.3922 43.5532 0
      vertex 39.6818 21.1792 0
      vertex 49.8029 43.7111 0
    endloop
  endfacet
  facet normal 0 0 -1
    outer loop
      vertex 39.1073 21.4471 0
      vertex 49.8029 43.7111 0
      vertex 39.6818 21.1792 0
    endloop
  endfacet
  facet normal -0 0 -1
    outer loop
      vertex 49.8029 43.7111 0
      vertex 39.1073 21.4471 0
      vertex 49.25 43.9689 0
    endloop
  endfacet
  facet normal 0 0 -1
    outer loop
      vertex 39.0355 21.4806 0
      vertex 49.25 43.9689 0
      vertex 39.1073 21.4471 0
    endloop
  endfacet
  facet normal 0 0 -1
    outer loop
      vertex 38.4233 21.6446 0
      vertex 49.25 43.9689 0
      vertex 39.0355 21.4806 0
    endloop
  endfacet
  facet normal -0 0 -1
    outer loop
      vertex 49.25 43.9689 0
      vertex 38.4233 21.6446 0
      vertex 48.7502 44.3188 0
    endloop
  endfacet
  facet normal 0 0 -1
    outer loop
      vertex 38.3467 21.6651 0
      vertex 48.7502 44.3188 0
      vertex 38.4233 21.6446 0
    endloop
  endfacet
  facet normal 0 0 -1
    outer loop
      vertex 38.2678 21.672 0
      vertex 48.7502 44.3188 0
      vertex 38.3467 21.6651 0
    endloop
  endfacet
  facet normal -0 0 -1
    outer loop
      vertex 48.7502 44.3188 0
      vertex 38.2678 21.672 0
      vertex 48.3188 44.7502 0
    endloop
  endfacet
  facet normal 0 0 -1
    outer loop
      vertex 37.6364 21.7273 0
      vertex 48.3188 44.7502 0
      vertex 38.2678 21.672 0
    endloop
  endfacet
  facet normal -0 0 -1
    outer loop
      vertex 48.3188 44.7502 0
      vertex 37.6364 21.7273 0
      vertex 47.9689 45.25 0
    endloop
  endfacet
  facet normal 0 0 -1
    outer loop
      vertex 34.3636 21.7273 0
      vertex 47.9689 45.25 0
      vertex 37.6364 21.7273 0
    endloop
  endfacet
  facet normal -0 0 -1
    outer loop
      vertex 47.9689 45.25 0
      vertex 34.3636 21.7273 0
      vertex 47.7111 45.8029 0
    endloop
  endfacet
  facet normal 0 0 -1
    outer loop
      vertex 33.7322 21.672 0
      vertex 47.7111 45.8029 0
      vertex 34.3636 21.7273 0
    endloop
  endfacet
  facet normal 0 0 -1
    outer loop
      vertex 33.6533 21.6651 0
      vertex 47.7111 45.8029 0
      vertex 33.7322 21.672 0
    endloop
  endfacet
  facet normal -0 0 -1
    outer loop
      vertex 47.7111 45.8029 0
      vertex 33.6533 21.6651 0
      vertex 47.5532 46.3922 0
    endloop
  endfacet
  facet normal 0 0 -1
    outer loop
      vertex 33.5767 21.6446 0
      vertex 47.5532 46.3922 0
      vertex 33.6533 21.6651 0
    endloop
  endfacet
  facet normal 0 0 -1
    outer loop
      vertex 32.9645 21.4806 0
      vertex 47.5532 46.3922 0
      vertex 33.5767 21.6446 0
    endloop
  endfacet
  facet normal 0 0 -1
    outer loop
      vertex 24.6667 62 0
      vertex 47.5532 46.3922 0
      vertex 32.9645 21.4806 0
    endloop
  endfacet
  facet normal 0 0 -1
    outer loop
      vertex 47.5 47 0
      vertex 24.6667 62 0
      vertex 47.5532 47.6078 0
    endloop
  endfacet
  facet normal 0 0 -1
    outer loop
      vertex 47.5532 46.3922 0
      vertex 24.6667 62 0
      vertex 47.5 47 0
    endloop
  endfacet
  facet normal 0 0 -1
    outer loop
      vertex 24.6667 62 0
      vertex 32.9645 21.4806 0
      vertex 32.8927 21.4471 0
    endloop
  endfacet
  facet normal 0 0 -1
    outer loop
      vertex 24.6667 62 0
      vertex 32.8927 21.4471 0
      vertex 32.3182 21.1792 0
    endloop
  endfacet
  facet normal 0 0 -1
    outer loop
      vertex 24.6667 62 0
      vertex 32.3182 21.1792 0
      vertex 31.799 20.8156 0
    endloop
  endfacet
  facet normal 0 0 -1
    outer loop
      vertex 24.6667 62 0
      vertex 31.799 20.8156 0
      vertex 31.7341 20.7702 0
    endloop
  endfacet
  facet normal 0 0 -1
    outer loop
      vertex 24.6667 62 0
      vertex 31.7341 20.7702 0
      vertex 31.2298 20.2659 0
    endloop
  endfacet
  facet normal 0 0 -1
    outer loop
      vertex 24.6667 62 0
      vertex 31.2298 20.2659 0
      vertex 31.1844 20.201 0
    endloop
  endfacet
  facet normal 0 0 -1
    outer loop
      vertex 24.6667 62 0
      vertex 31.1844 20.201 0
      vertex 30.8208 19.6818 0
    endloop
  endfacet
  facet normal 0 0 -1
    outer loop
      vertex 24.6667 62 0
      vertex 30.8208 19.6818 0
      vertex 30.5529 19.1073 0
    endloop
  endfacet
  facet normal 0 0 -1
    outer loop
      vertex 24.6667 62 0
      vertex 30.5529 19.1073 0
      vertex 30.5194 19.0355 0
    endloop
  endfacet
  facet normal 0 0 1
    outer loop
      vertex 30.3349 18.3467 0
      vertex 30.5194 19.0355 0
      vertex 30.3554 18.4233 0
    endloop
  endfacet
  facet normal 0 0 -1
    outer loop
      vertex 30.2727 17.6364 0
      vertex 30.3349 18.3467 0
      vertex 30.328 18.2678 0
    endloop
  endfacet
  facet normal 0 0 -1
    outer loop
      vertex 48.3188 49.2498 0
      vertex 24.6667 62 0
      vertex 49.3333 64 0
    endloop
  endfacet
  facet normal 0 0 -1
    outer loop
      vertex 30.3349 18.3467 0
      vertex 24.6667 62 0
      vertex 30.5194 19.0355 0
    endloop
  endfacet
  facet normal 0 0 -1
    outer loop
      vertex 24.6667 62 0
      vertex 30.3349 18.3467 0
      vertex 30.2727 17.6364 0
    endloop
  endfacet
  facet normal 0 0 -1
    outer loop
      vertex 20.4468 47.6078 0
      vertex 24.6667 62 0
      vertex 20.5 47 0
    endloop
  endfacet
  facet normal 0 0 -1
    outer loop
      vertex 20.2889 48.1971 0
      vertex 24.6667 62 0
      vertex 20.4468 47.6078 0
    endloop
  endfacet
  facet normal 0 0 -1
    outer loop
      vertex 20.0311 48.75 0
      vertex 24.6667 62 0
      vertex 20.2889 48.1971 0
    endloop
  endfacet
  facet normal 0 0 -1
    outer loop
      vertex 19.6812 49.2498 0
      vertex 24.6667 62 0
      vertex 20.0311 48.75 0
    endloop
  endfacet
  facet normal 0 0 -1
    outer loop
      vertex 19.2498 49.6812 0
      vertex 24.6667 62 0
      vertex 19.6812 49.2498 0
    endloop
  endfacet
  facet normal 0 0 -1
    outer loop
      vertex 18.75 50.0311 0
      vertex 24.6667 62 0
      vertex 19.2498 49.6812 0
    endloop
  endfacet
  facet normal 0 0 -1
    outer loop
      vertex 18.1971 50.2889 0
      vertex 24.6667 62 0
      vertex 18.75 50.0311 0
    endloop
  endfacet
  facet normal 0 0 -1
    outer loop
      vertex 17.6078 50.4468 0
      vertex 24.6667 62 0
      vertex 18.1971 50.2889 0
    endloop
  endfacet
  facet normal 0 0 -1
    outer loop
      vertex 17 50.5 0
      vertex 24.6667 62 0
      vertex 17.6078 50.4468 0
    endloop
  endfacet
  facet normal 0 0 -1
    outer loop
      vertex 16.3922 50.4468 0
      vertex 24.6667 62 0
      vertex 17 50.5 0
    endloop
  endfacet
  facet normal 0 0 -1
    outer loop
      vertex 15.8029 50.2889 0
      vertex 24.6667 62 0
      vertex 16.3922 50.4468 0
    endloop
  endfacet
  facet normal 0 0 -1
    outer loop
      vertex 0 64 0
      vertex 15.8029 50.2889 0
      vertex 15.25 50.0311 0
    endloop
  endfacet
  facet normal 0 0 -1
    outer loop
      vertex 0 64 0
      vertex 15.25 50.0311 0
      vertex 14.7502 49.6812 0
    endloop
  endfacet
  facet normal 0 0 -1
    outer loop
      vertex 0 64 0
      vertex 14.7502 49.6812 0
      vertex 14.3188 49.2498 0
    endloop
  endfacet
  facet normal 0 0 -1
    outer loop
      vertex 15.8029 50.2889 0
      vertex 0 64 0
      vertex 24.6667 62 0
    endloop
  endfacet
  facet normal 0 0 -1
    outer loop
      vertex 13.9689 48.75 0
      vertex 0 64 0
      vertex 14.3188 49.2498 0
    endloop
  endfacet
  facet normal 0 0 -1
    outer loop
      vertex 13.7111 48.1971 0
      vertex 0 64 0
      vertex 13.9689 48.75 0
    endloop
  endfacet
  facet normal 0 0 -1
    outer loop
      vertex 13.5532 47.6078 0
      vertex 0 64 0
      vertex 13.7111 48.1971 0
    endloop
  endfacet
  facet normal 0 0 -1
    outer loop
      vertex -13.5532 47.6078 0
      vertex 13.5532 47.6078 0
      vertex 13.5 47 0
    endloop
  endfacet
  facet normal 0 0 -1
    outer loop
      vertex 30.2727 17.6364 0
      vertex 17.6078 43.5532 0
      vertex 18.1971 43.7111 0
    endloop
  endfacet
  facet normal 0 0 -1
    outer loop
      vertex 30.2727 17.6364 0
      vertex 17 43.5 0
      vertex 17.6078 43.5532 0
    endloop
  endfacet
  facet normal 0 0 -1
    outer loop
      vertex 30.2727 17.6364 0
      vertex 16.3922 43.5532 0
      vertex 17 43.5 0
    endloop
  endfacet
  facet normal 0 0 -1
    outer loop
      vertex 17.8717 4.88999 0
      vertex 15.8029 43.7111 0
      vertex 16.3922 43.5532 0
    endloop
  endfacet
  facet normal 0 0 -1
    outer loop
      vertex 17.8717 4.88999 0
      vertex 15.25 43.9689 0
      vertex 15.8029 43.7111 0
    endloop
  endfacet
  facet normal 0 0 -1
    outer loop
      vertex 17.8717 4.88999 0
      vertex 14.7502 44.3188 0
      vertex 15.25 43.9689 0
    endloop
  endfacet
  facet normal 0 0 -1
    outer loop
      vertex -14.7502 44.3188 0
      vertex 14.7502 44.3188 0
      vertex 17.8717 4.88999 0
    endloop
  endfacet
  facet normal 0 0 -1
    outer loop
      vertex 14.7502 44.3188 0
      vertex -14.7502 44.3188 0
      vertex 14.3188 44.7502 0
    endloop
  endfacet
  facet normal 0 -0 -1
    outer loop
      vertex -14.3188 44.7502 0
      vertex 14.3188 44.7502 0
      vertex -14.7502 44.3188 0
    endloop
  endfacet
  facet normal 0 0 -1
    outer loop
      vertex 14.3188 44.7502 0
      vertex -14.3188 44.7502 0
      vertex 13.9689 45.25 0
    endloop
  endfacet
  facet normal 0 0 -1
    outer loop
      vertex -13.5 47 0
      vertex 13.5 47 0
      vertex 13.5532 46.3922 0
    endloop
  endfacet
  facet normal 0 -0 -1
    outer loop
      vertex -13.9689 45.25 0
      vertex 13.9689 45.25 0
      vertex -14.3188 44.7502 0
    endloop
  endfacet
  facet normal 0 -0 -1
    outer loop
      vertex -13.5532 46.3922 0
      vertex 13.5532 46.3922 0
      vertex -13.7111 45.8029 0
    endloop
  endfacet
  facet normal 0 0 -1
    outer loop
      vertex 13.5 47 0
      vertex -13.5 47 0
      vertex -13.5532 47.6078 0
    endloop
  endfacet
  facet normal 0 -0 -1
    outer loop
      vertex -13.5 47 0
      vertex 13.5532 46.3922 0
      vertex -13.5532 46.3922 0
    endloop
  endfacet
  facet normal 0 0 -1
    outer loop
      vertex 13.7111 45.8029 0
      vertex -13.7111 45.8029 0
      vertex 13.5532 46.3922 0
    endloop
  endfacet
  facet normal 0 -0 -1
    outer loop
      vertex -13.7111 45.8029 0
      vertex 13.7111 45.8029 0
      vertex -13.9689 45.25 0
    endloop
  endfacet
  facet normal 0 0 -1
    outer loop
      vertex 13.9689 45.25 0
      vertex -13.9689 45.25 0
      vertex 13.7111 45.8029 0
    endloop
  endfacet
  facet normal 0 0 -1
    outer loop
      vertex -17.8717 4.88999 0
      vertex -14.7502 44.3188 0
      vertex 17.8717 4.88999 0
    endloop
  endfacet
  facet normal 0 0 -1
    outer loop
      vertex -14.7502 44.3188 0
      vertex -17.8717 4.88999 0
      vertex -15.25 43.9689 0
    endloop
  endfacet
  facet normal 0 0 -1
    outer loop
      vertex -15.25 43.9689 0
      vertex -17.8717 4.88999 0
      vertex -15.8029 43.7111 0
    endloop
  endfacet
  facet normal 0 0 -1
    outer loop
      vertex -15.8029 43.7111 0
      vertex -17.8717 4.88999 0
      vertex -16.3922 43.5532 0
    endloop
  endfacet
  facet normal 0 0 -1
    outer loop
      vertex -30.5194 19.0355 0
      vertex -16.3922 43.5532 0
      vertex -17.8717 4.88999 0
    endloop
  endfacet
  facet normal 0 0 -1
    outer loop
      vertex -30.5529 19.1073 0
      vertex -16.3922 43.5532 0
      vertex -30.5194 19.0355 0
    endloop
  endfacet
  facet normal 0 0 -1
    outer loop
      vertex -16.3922 43.5532 0
      vertex -30.5529 19.1073 0
      vertex -17 43.5 0
    endloop
  endfacet
  facet normal 0 0 -1
    outer loop
      vertex -33.6533 12.3349 0
      vertex -17.4438 2.88545 0
      vertex -16.8305 0 0
    endloop
  endfacet
  facet normal 0 0 -1
    outer loop
      vertex -30.8208 19.6818 0
      vertex -17 43.5 0
      vertex -30.5529 19.1073 0
    endloop
  endfacet
  facet normal -0 0 -1
    outer loop
      vertex -17 43.5 0
      vertex -30.8208 19.6818 0
      vertex -17.6078 43.5532 0
    endloop
  endfacet
  facet normal 0 0 -1
    outer loop
      vertex -31.1844 20.201 0
      vertex -17.6078 43.5532 0
      vertex -30.8208 19.6818 0
    endloop
  endfacet
  facet normal 0 0 -1
    outer loop
      vertex -31.2298 20.2659 0
      vertex -17.6078 43.5532 0
      vertex -31.1844 20.201 0
    endloop
  endfacet
  facet normal -0 0 -1
    outer loop
      vertex -17.6078 43.5532 0
      vertex -31.2298 20.2659 0
      vertex -18.1971 43.7111 0
    endloop
  endfacet
  facet normal 0 0 -1
    outer loop
      vertex -31.7341 20.7702 0
      vertex -18.1971 43.7111 0
      vertex -31.2298 20.2659 0
    endloop
  endfacet
  facet normal -0 0 -1
    outer loop
      vertex -18.1971 43.7111 0
      vertex -31.7341 20.7702 0
      vertex -18.75 43.9689 0
    endloop
  endfacet
  facet normal 0 0 -1
    outer loop
      vertex -31.799 20.8156 0
      vertex -18.75 43.9689 0
      vertex -31.7341 20.7702 0
    endloop
  endfacet
  facet normal 0 0 -1
    outer loop
      vertex -30.2727 17.6364 0
      vertex -17.8717 4.88999 0
      vertex -30.2727 16.3636 0
    endloop
  endfacet
  facet normal 0 0 -1
    outer loop
      vertex -17.4438 2.88545 0
      vertex -32.9645 12.5194 0
      vertex -17.8717 4.88999 0
    endloop
  endfacet
  facet normal 0 0 -1
    outer loop
      vertex -17.8717 4.88999 0
      vertex -30.328 15.7322 0
      vertex -30.2727 16.3636 0
    endloop
  endfacet
  facet normal 0 0 -1
    outer loop
      vertex -17.8717 4.88999 0
      vertex -30.3349 15.6533 0
      vertex -30.328 15.7322 0
    endloop
  endfacet
  facet normal 0 0 -1
    outer loop
      vertex -17.8717 4.88999 0
      vertex -30.3554 15.5767 0
      vertex -30.3349 15.6533 0
    endloop
  endfacet
  facet normal 0 0 -1
    outer loop
      vertex -17.8717 4.88999 0
      vertex -30.5194 14.9645 0
      vertex -30.3554 15.5767 0
    endloop
  endfacet
  facet normal 0 0 -1
    outer loop
      vertex -17.8717 4.88999 0
      vertex -30.5529 14.8927 0
      vertex -30.5194 14.9645 0
    endloop
  endfacet
  facet normal 0 0 -1
    outer loop
      vertex -17.8717 4.88999 0
      vertex -30.8208 14.3182 0
      vertex -30.5529 14.8927 0
    endloop
  endfacet
  facet normal 0 0 -1
    outer loop
      vertex -17.8717 4.88999 0
      vertex -31.1844 13.799 0
      vertex -30.8208 14.3182 0
    endloop
  endfacet
  facet normal 0 0 -1
    outer loop
      vertex -17.8717 4.88999 0
      vertex -31.2298 13.7341 0
      vertex -31.1844 13.799 0
    endloop
  endfacet
  facet normal 0 0 -1
    outer loop
      vertex -17.8717 4.88999 0
      vertex -31.7341 13.2298 0
      vertex -31.2298 13.7341 0
    endloop
  endfacet
  facet normal 0 0 -1
    outer loop
      vertex -17.8717 4.88999 0
      vertex -31.799 13.1844 0
      vertex -31.7341 13.2298 0
    endloop
  endfacet
  facet normal 0 0 -1
    outer loop
      vertex -17.8717 4.88999 0
      vertex -32.3182 12.8208 0
      vertex -31.799 13.1844 0
    endloop
  endfacet
  facet normal 0 0 -1
    outer loop
      vertex -17.8717 4.88999 0
      vertex -32.8927 12.5529 0
      vertex -32.3182 12.8208 0
    endloop
  endfacet
  facet normal 0 0 -1
    outer loop
      vertex -17.8717 4.88999 0
      vertex -32.9645 12.5194 0
      vertex -32.8927 12.5529 0
    endloop
  endfacet
  facet normal 0 0 -1
    outer loop
      vertex -17.4438 2.88545 0
      vertex -33.5767 12.3554 0
      vertex -32.9645 12.5194 0
    endloop
  endfacet
  facet normal 0 0 -1
    outer loop
      vertex -17.4438 2.88545 0
      vertex -33.6533 12.3349 0
      vertex -33.5767 12.3554 0
    endloop
  endfacet
  facet normal 0 0 -1
    outer loop
      vertex -16.8305 0 0
      vertex -33.7322 12.328 0
      vertex -33.6533 12.3349 0
    endloop
  endfacet
  facet normal 0 0 -1
    outer loop
      vertex -16.8305 0 0
      vertex -34.3636 12.2727 0
      vertex -33.7322 12.328 0
    endloop
  endfacet
  facet normal 0 0 -1
    outer loop
      vertex -16.8305 0 0
      vertex -37.6364 12.2727 0
      vertex -34.3636 12.2727 0
    endloop
  endfacet
  facet normal 0 0 -1
    outer loop
      vertex -16.8305 0 0
      vertex -38.2678 12.328 0
      vertex -37.6364 12.2727 0
    endloop
  endfacet
  facet normal 0 0 -1
    outer loop
      vertex -16.8305 0 0
      vertex -38.3467 12.3349 0
      vertex -38.2678 12.328 0
    endloop
  endfacet
  facet normal 0 0 -1
    outer loop
      vertex -74 0 0
      vertex -38.3467 12.3349 0
      vertex -16.8305 0 0
    endloop
  endfacet
  facet normal -0 0 -1
    outer loop
      vertex -38.3467 12.3349 0
      vertex -74 0 0
      vertex -38.4233 12.3554 0
    endloop
  endfacet
  facet normal -0 0 -1
    outer loop
      vertex -38.4233 12.3554 0
      vertex -74 0 0
      vertex -39.0355 12.5194 0
    endloop
  endfacet
  facet normal -0 0 -1
    outer loop
      vertex -39.0355 12.5194 0
      vertex -74 0 0
      vertex -39.1073 12.5529 0
    endloop
  endfacet
  facet normal 0 0 -1
    outer loop
      vertex -74 0 0
      vertex -40.201 13.1844 0
      vertex -39.6818 12.8208 0
    endloop
  endfacet
  facet normal 0 0 -1
    outer loop
      vertex -74 0 0
      vertex -41.4471 14.8927 0
      vertex -41.1792 14.3182 0
    endloop
  endfacet
  facet normal 0 0 -1
    outer loop
      vertex -74 0 0
      vertex -41.6446 15.5767 0
      vertex -41.4806 14.9645 0
    endloop
  endfacet
  facet normal 0 0 -1
    outer loop
      vertex -74 0 0
      vertex -41.672 15.7322 0
      vertex -41.6651 15.6533 0
    endloop
  endfacet
  facet normal 0 0 -1
    outer loop
      vertex -74 0 0
      vertex -41.7273 17.6364 0
      vertex -41.7273 16.3636 0
    endloop
  endfacet
  facet normal -0 0 -1
    outer loop
      vertex -41.672 15.7322 0
      vertex -74 0 0
      vertex -41.7273 16.3636 0
    endloop
  endfacet
  facet normal 0 0 -1
    outer loop
      vertex -41.7273 17.6364 0
      vertex -47.5532 46.3922 0
      vertex -47.5 47 0
    endloop
  endfacet
  facet normal 0 0 -1
    outer loop
      vertex -41.7273 17.6364 0
      vertex -47.7111 45.8029 0
      vertex -47.5532 46.3922 0
    endloop
  endfacet
  facet normal 0 0 -1
    outer loop
      vertex -41.7273 17.6364 0
      vertex -47.9689 45.25 0
      vertex -47.7111 45.8029 0
    endloop
  endfacet
  facet normal 0 0 -1
    outer loop
      vertex -41.7273 17.6364 0
      vertex -48.3188 44.7502 0
      vertex -47.9689 45.25 0
    endloop
  endfacet
  facet normal 0 0 -1
    outer loop
      vertex -41.7273 17.6364 0
      vertex -48.7502 44.3188 0
      vertex -48.3188 44.7502 0
    endloop
  endfacet
  facet normal 0 0 -1
    outer loop
      vertex -41.7273 17.6364 0
      vertex -49.25 43.9689 0
      vertex -48.7502 44.3188 0
    endloop
  endfacet
  facet normal 0 0 -1
    outer loop
      vertex -41.7273 17.6364 0
      vertex -49.8029 43.7111 0
      vertex -49.25 43.9689 0
    endloop
  endfacet
  facet normal -0 0 -1
    outer loop
      vertex -41.6446 15.5767 0
      vertex -74 0 0
      vertex -41.6651 15.6533 0
    endloop
  endfacet
  facet normal 0 0 -1
    outer loop
      vertex -41.7273 17.6364 0
      vertex -50.3922 43.5532 0
      vertex -49.8029 43.7111 0
    endloop
  endfacet
  facet normal 0 0 -1
    outer loop
      vertex -41.7273 17.6364 0
      vertex -51 43.5 0
      vertex -50.3922 43.5532 0
    endloop
  endfacet
  facet normal 0 0 -1
    outer loop
      vertex -41.7273 17.6364 0
      vertex -51.6078 43.5532 0
      vertex -51 43.5 0
    endloop
  endfacet
  facet normal 0 0 -1
    outer loop
      vertex -41.7273 17.6364 0
      vertex -52.1971 43.7111 0
      vertex -51.6078 43.5532 0
    endloop
  endfacet
  facet normal 0 0 -1
    outer loop
      vertex -41.7273 17.6364 0
      vertex -52.75 43.9689 0
      vertex -52.1971 43.7111 0
    endloop
  endfacet
  facet normal -0 0 -1
    outer loop
      vertex -41.7273 17.6364 0
      vertex -74 0 0
      vertex -52.75 43.9689 0
    endloop
  endfacet
  facet normal -0 0 -1
    outer loop
      vertex -52.75 43.9689 0
      vertex -74 0 0
      vertex -53.2498 44.3188 0
    endloop
  endfacet
  facet normal 0 0 -1
    outer loop
      vertex -74 50 0
      vertex -53.2498 44.3188 0
      vertex -74 0 0
    endloop
  endfacet
  facet normal 0 0 -1
    outer loop
      vertex -53.2498 44.3188 0
      vertex -74 50 0
      vertex -53.6812 44.7502 0
    endloop
  endfacet
  facet normal 0 0 -1
    outer loop
      vertex -74 50 0
      vertex -54.5 47 0
      vertex -54.4468 46.3922 0
    endloop
  endfacet
  facet normal 0 0 -1
    outer loop
      vertex -74 50 0
      vertex -54.4468 46.3922 0
      vertex -54.2889 45.8029 0
    endloop
  endfacet
  facet normal 0 0 -1
    outer loop
      vertex -53.6812 44.7502 0
      vertex -74 50 0
      vertex -54.0311 45.25 0
    endloop
  endfacet
  facet normal -0 0 -1
    outer loop
      vertex -39.1073 12.5529 0
      vertex -74 0 0
      vertex -39.6818 12.8208 0
    endloop
  endfacet
  facet normal -0 0 -1
    outer loop
      vertex -40.201 13.1844 0
      vertex -74 0 0
      vertex -40.2659 13.2298 0
    endloop
  endfacet
  facet normal 0 0 -1
    outer loop
      vertex -74 0 0
      vertex -40.7702 13.7341 0
      vertex -40.2659 13.2298 0
    endloop
  endfacet
  facet normal 0 0 -1
    outer loop
      vertex -74 0 0
      vertex -40.8156 13.799 0
      vertex -40.7702 13.7341 0
    endloop
  endfacet
  facet normal 0 0 -1
    outer loop
      vertex -74 0 0
      vertex -41.1792 14.3182 0
      vertex -40.8156 13.799 0
    endloop
  endfacet
  facet normal -0 0 -1
    outer loop
      vertex -41.4471 14.8927 0
      vertex -74 0 0
      vertex -41.4806 14.9645 0
    endloop
  endfacet
  facet normal 0 0 -1
    outer loop
      vertex -54.0311 45.25 0
      vertex -74 50 0
      vertex -54.2889 45.8029 0
    endloop
  endfacet
  facet normal 0 0 -1
    outer loop
      vertex -54.5 47 0
      vertex -74 50 0
      vertex -62 64 0
    endloop
  endfacet
  facet normal 0 0 -1
    outer loop
      vertex 13.5532 47.6078 0
      vertex -13.5532 47.6078 0
      vertex 0 64 0
    endloop
  endfacet
  facet normal 0 0 -1
    outer loop
      vertex -13.7111 48.1971 0
      vertex 0 64 0
      vertex -13.5532 47.6078 0
    endloop
  endfacet
  facet normal 0 0 -1
    outer loop
      vertex -13.9689 48.75 0
      vertex 0 64 0
      vertex -13.7111 48.1971 0
    endloop
  endfacet
  facet normal 0 0 -1
    outer loop
      vertex -14.3188 49.2498 0
      vertex 0 64 0
      vertex -13.9689 48.75 0
    endloop
  endfacet
  facet normal 0 0 -1
    outer loop
      vertex -14.7502 49.6812 0
      vertex 0 64 0
      vertex -14.3188 49.2498 0
    endloop
  endfacet
  facet normal 0 0 -1
    outer loop
      vertex -15.25 50.0311 0
      vertex 0 64 0
      vertex -14.7502 49.6812 0
    endloop
  endfacet
  facet normal 0 0 -1
    outer loop
      vertex -15.8029 50.2889 0
      vertex 0 64 0
      vertex -15.25 50.0311 0
    endloop
  endfacet
  facet normal 0 0 -1
    outer loop
      vertex -24.6667 62 0
      vertex -15.8029 50.2889 0
      vertex -16.3922 50.4468 0
    endloop
  endfacet
  facet normal 0 0 -1
    outer loop
      vertex -24.6667 62 0
      vertex -16.3922 50.4468 0
      vertex -17 50.5 0
    endloop
  endfacet
  facet normal 0 0 -1
    outer loop
      vertex -24.6667 62 0
      vertex -17 50.5 0
      vertex -17.6078 50.4468 0
    endloop
  endfacet
  facet normal 0 0 -1
    outer loop
      vertex -24.6667 62 0
      vertex -17.6078 50.4468 0
      vertex -18.1971 50.2889 0
    endloop
  endfacet
  facet normal 0 0 -1
    outer loop
      vertex -24.6667 62 0
      vertex -18.1971 50.2889 0
      vertex -18.75 50.0311 0
    endloop
  endfacet
  facet normal 0 0 -1
    outer loop
      vertex -24.6667 62 0
      vertex -18.75 50.0311 0
      vertex -19.2498 49.6812 0
    endloop
  endfacet
  facet normal 0 0 -1
    outer loop
      vertex -15.8029 50.2889 0
      vertex -24.6667 62 0
      vertex 0 64 0
    endloop
  endfacet
  facet normal 0 0 -1
    outer loop
      vertex -19.6812 49.2498 0
      vertex -24.6667 62 0
      vertex -19.2498 49.6812 0
    endloop
  endfacet
  facet normal 0 0 -1
    outer loop
      vertex -20.0311 48.75 0
      vertex -24.6667 62 0
      vertex -19.6812 49.2498 0
    endloop
  endfacet
  facet normal 0 0 -1
    outer loop
      vertex -20.2889 48.1971 0
      vertex -24.6667 62 0
      vertex -20.0311 48.75 0
    endloop
  endfacet
  facet normal 0 0 -1
    outer loop
      vertex -20.4468 47.6078 0
      vertex -24.6667 62 0
      vertex -20.2889 48.1971 0
    endloop
  endfacet
  facet normal 0 0 -1
    outer loop
      vertex -24.6667 62 0
      vertex -20.4468 47.6078 0
      vertex -20.5 47 0
    endloop
  endfacet
  facet normal 0 0 -1
    outer loop
      vertex -30.328 18.2678 0
      vertex -17.8717 4.88999 0
      vertex -30.2727 17.6364 0
    endloop
  endfacet
  facet normal 0 0 -1
    outer loop
      vertex -30.3349 18.3467 0
      vertex -17.8717 4.88999 0
      vertex -30.328 18.2678 0
    endloop
  endfacet
  facet normal 0 0 -1
    outer loop
      vertex -30.3554 18.4233 0
      vertex -17.8717 4.88999 0
      vertex -30.3349 18.3467 0
    endloop
  endfacet
  facet normal 0 0 -1
    outer loop
      vertex -30.5194 19.0355 0
      vertex -17.8717 4.88999 0
      vertex -30.3554 18.4233 0
    endloop
  endfacet
  facet normal 0 0 -1
    outer loop
      vertex -32.3182 21.1792 0
      vertex -18.75 43.9689 0
      vertex -31.799 20.8156 0
    endloop
  endfacet
  facet normal -0 0 -1
    outer loop
      vertex -18.75 43.9689 0
      vertex -32.3182 21.1792 0
      vertex -19.2498 44.3188 0
    endloop
  endfacet
  facet normal 0 0 -1
    outer loop
      vertex -32.8927 21.4471 0
      vertex -19.2498 44.3188 0
      vertex -32.3182 21.1792 0
    endloop
  endfacet
  facet normal 0 0 -1
    outer loop
      vertex -32.9645 21.4806 0
      vertex -19.2498 44.3188 0
      vertex -32.8927 21.4471 0
    endloop
  endfacet
  facet normal -0 0 -1
    outer loop
      vertex -19.2498 44.3188 0
      vertex -32.9645 21.4806 0
      vertex -19.6812 44.7502 0
    endloop
  endfacet
  facet normal 0 0 -1
    outer loop
      vertex -33.5767 21.6446 0
      vertex -19.6812 44.7502 0
      vertex -32.9645 21.4806 0
    endloop
  endfacet
  facet normal 0 0 -1
    outer loop
      vertex -33.6533 21.6651 0
      vertex -19.6812 44.7502 0
      vertex -33.5767 21.6446 0
    endloop
  endfacet
  facet normal -0 0 -1
    outer loop
      vertex -19.6812 44.7502 0
      vertex -33.6533 21.6651 0
      vertex -20.0311 45.25 0
    endloop
  endfacet
  facet normal 0 0 -1
    outer loop
      vertex -33.7322 21.672 0
      vertex -20.0311 45.25 0
      vertex -33.6533 21.6651 0
    endloop
  endfacet
  facet normal 0 0 -1
    outer loop
      vertex -34.3636 21.7273 0
      vertex -20.0311 45.25 0
      vertex -33.7322 21.672 0
    endloop
  endfacet
  facet normal 0 0 -1
    outer loop
      vertex -47.5 47 0
      vertex -20.0311 45.25 0
      vertex -34.3636 21.7273 0
    endloop
  endfacet
  facet normal 0 0 -1
    outer loop
      vertex -20.0311 45.25 0
      vertex -47.5 47 0
      vertex -20.2889 45.8029 0
    endloop
  endfacet
  facet normal 0 0 -1
    outer loop
      vertex -20.2889 45.8029 0
      vertex -47.5 47 0
      vertex -20.4468 46.3922 0
    endloop
  endfacet
  facet normal 0 0 -1
    outer loop
      vertex -20.4468 46.3922 0
      vertex -47.5 47 0
      vertex -20.5 47 0
    endloop
  endfacet
  facet normal 0 0 -1
    outer loop
      vertex -47.5 47 0
      vertex -34.3636 21.7273 0
      vertex -37.6364 21.7273 0
    endloop
  endfacet
  facet normal 0 0 -1
    outer loop
      vertex -47.5 47 0
      vertex -37.6364 21.7273 0
      vertex -38.2678 21.672 0
    endloop
  endfacet
  facet normal 0 0 -1
    outer loop
      vertex -47.5 47 0
      vertex -38.2678 21.672 0
      vertex -38.3467 21.6651 0
    endloop
  endfacet
  facet normal 0 0 -1
    outer loop
      vertex -47.5 47 0
      vertex -38.3467 21.6651 0
      vertex -38.4233 21.6446 0
    endloop
  endfacet
  facet normal 0 0 -1
    outer loop
      vertex -47.5 47 0
      vertex -38.4233 21.6446 0
      vertex -39.0355 21.4806 0
    endloop
  endfacet
  facet normal 0 0 -1
    outer loop
      vertex -47.5 47 0
      vertex -39.0355 21.4806 0
      vertex -39.1073 21.4471 0
    endloop
  endfacet
  facet normal 0 0 -1
    outer loop
      vertex -47.5 47 0
      vertex -39.1073 21.4471 0
      vertex -39.6818 21.1792 0
    endloop
  endfacet
  facet normal 0 0 -1
    outer loop
      vertex -47.5 47 0
      vertex -39.6818 21.1792 0
      vertex -40.201 20.8156 0
    endloop
  endfacet
  facet normal 0 0 -1
    outer loop
      vertex -47.5 47 0
      vertex -40.201 20.8156 0
      vertex -40.2659 20.7702 0
    endloop
  endfacet
  facet normal 0 0 -1
    outer loop
      vertex -47.5 47 0
      vertex -40.2659 20.7702 0
      vertex -40.7702 20.2659 0
    endloop
  endfacet
  facet normal 0 0 -1
    outer loop
      vertex -47.5 47 0
      vertex -40.7702 20.2659 0
      vertex -40.8156 20.201 0
    endloop
  endfacet
  facet normal 0 0 -1
    outer loop
      vertex -47.5 47 0
      vertex -40.8156 20.201 0
      vertex -41.1792 19.6818 0
    endloop
  endfacet
  facet normal 0 0 -1
    outer loop
      vertex -47.5 47 0
      vertex -41.1792 19.6818 0
      vertex -41.4471 19.1073 0
    endloop
  endfacet
  facet normal 0 0 -1
    outer loop
      vertex -47.5 47 0
      vertex -41.4471 19.1073 0
      vertex -41.4806 19.0355 0
    endloop
  endfacet
  facet normal 0 0 -1
    outer loop
      vertex -47.5 47 0
      vertex -41.6446 18.4233 0
      vertex -41.6651 18.3467 0
    endloop
  endfacet
  facet normal 0 0 -1
    outer loop
      vertex -41.7273 17.6364 0
      vertex -41.6651 18.3467 0
      vertex -41.672 18.2678 0
    endloop
  endfacet
  facet normal 0 0 -1
    outer loop
      vertex -47.5 47 0
      vertex -41.6651 18.3467 0
      vertex -41.7273 17.6364 0
    endloop
  endfacet
  facet normal 0 0 -1
    outer loop
      vertex -41.6446 18.4233 0
      vertex -47.5 47 0
      vertex -41.4806 19.0355 0
    endloop
  endfacet
  facet normal 0 0 -1
    outer loop
      vertex -47.5532 47.6078 0
      vertex -20.5 47 0
      vertex -47.5 47 0
    endloop
  endfacet
  facet normal 0 0 -1
    outer loop
      vertex -20.5 47 0
      vertex -47.5532 47.6078 0
      vertex -24.6667 62 0
    endloop
  endfacet
  facet normal 0 0 -1
    outer loop
      vertex -47.7111 48.1971 0
      vertex -24.6667 62 0
      vertex -47.5532 47.6078 0
    endloop
  endfacet
  facet normal 0 0 -1
    outer loop
      vertex -47.9689 48.75 0
      vertex -24.6667 62 0
      vertex -47.7111 48.1971 0
    endloop
  endfacet
  facet normal 0 0 -1
    outer loop
      vertex -48.3188 49.2498 0
      vertex -24.6667 62 0
      vertex -47.9689 48.75 0
    endloop
  endfacet
  facet normal 0 0 -1
    outer loop
      vertex -49.3333 64 0
      vertex -48.3188 49.2498 0
      vertex -48.7502 49.6812 0
    endloop
  endfacet
  facet normal 0 0 -1
    outer loop
      vertex -49.3333 64 0
      vertex -48.7502 49.6812 0
      vertex -49.25 50.0311 0
    endloop
  endfacet
  facet normal 0 0 -1
    outer loop
      vertex -48.3188 49.2498 0
      vertex -49.3333 64 0
      vertex -24.6667 62 0
    endloop
  endfacet
  facet normal 0 0 -1
    outer loop
      vertex -49.8029 50.2889 0
      vertex -49.3333 64 0
      vertex -49.25 50.0311 0
    endloop
  endfacet
  facet normal 0 0 -1
    outer loop
      vertex -50.3922 50.4468 0
      vertex -49.3333 64 0
      vertex -49.8029 50.2889 0
    endloop
  endfacet
  facet normal 0 0 -1
    outer loop
      vertex -51 50.5 0
      vertex -49.3333 64 0
      vertex -50.3922 50.4468 0
    endloop
  endfacet
  facet normal 0 0 -1
    outer loop
      vertex -51.6078 50.4468 0
      vertex -49.3333 64 0
      vertex -51 50.5 0
    endloop
  endfacet
  facet normal 0 0 -1
    outer loop
      vertex -52.1971 50.2889 0
      vertex -49.3333 64 0
      vertex -51.6078 50.4468 0
    endloop
  endfacet
  facet normal 0 0 -1
    outer loop
      vertex -62 64 0
      vertex -52.1971 50.2889 0
      vertex -52.75 50.0311 0
    endloop
  endfacet
  facet normal 0 0 -1
    outer loop
      vertex -62 64 0
      vertex -52.75 50.0311 0
      vertex -53.2498 49.6812 0
    endloop
  endfacet
  facet normal 0 0 -1
    outer loop
      vertex -62 64 0
      vertex -53.2498 49.6812 0
      vertex -53.6812 49.2498 0
    endloop
  endfacet
  facet normal 0 0 -1
    outer loop
      vertex -62 64 0
      vertex -53.6812 49.2498 0
      vertex -54.0311 48.75 0
    endloop
  endfacet
  facet normal 0 0 -1
    outer loop
      vertex -62 64 0
      vertex -54.0311 48.75 0
      vertex -54.2889 48.1971 0
    endloop
  endfacet
  facet normal 0 0 -1
    outer loop
      vertex -52.1971 50.2889 0
      vertex -62 64 0
      vertex -49.3333 64 0
    endloop
  endfacet
  facet normal 0 0 -1
    outer loop
      vertex -54.4468 47.6078 0
      vertex -62 64 0
      vertex -54.2889 48.1971 0
    endloop
  endfacet
  facet normal 0 0 -1
    outer loop
      vertex -62 64 0
      vertex -54.4468 47.6078 0
      vertex -54.5 47 0
    endloop
  endfacet
  facet normal 0.759257 0.650791 0
    outer loop
      vertex 74 50 27.5
      vertex 62 64 0
      vertex 62 64 27.5
    endloop
  endfacet
  facet normal 0.759257 0.650791 0
    outer loop
      vertex 62 64 0
      vertex 74 50 27.5
      vertex 74 50 0
    endloop
  endfacet
  facet normal 0 1 0
    outer loop
      vertex 62 64 27.5
      vertex 59.3337 64 14
      vertex 59.3337 64 27.5
    endloop
  endfacet
  facet normal 0 1 -0
    outer loop
      vertex 62 64 0
      vertex 59.3337 64 14
      vertex 62 64 27.5
    endloop
  endfacet
  facet normal 0 1 0
    outer loop
      vertex 49.3333 64 0
      vertex 59.3337 64 14
      vertex 62 64 0
    endloop
  endfacet
  facet normal 0 1 0
    outer loop
      vertex 59.3337 64 14
      vertex 49.3333 64 0
      vertex 49.3333 64 14
    endloop
  endfacet
  facet normal -0.0808142 0.996729 0
    outer loop
      vertex 49.3333 64 0
      vertex 42.7817 63.4688 14
      vertex 49.3333 64 14
    endloop
  endfacet
  facet normal -0.0808161 0.996729 -8.7189e-07
    outer loop
      vertex 24.6667 62 0
      vertex 42.7817 63.4688 14
      vertex 49.3333 64 0
    endloop
  endfacet
  facet normal -0.0808159 0.996729 -1.15451e-06
    outer loop
      vertex 42.7817 63.4688 14
      vertex 24.6667 62 0
      vertex 24.9033 62.0192 14
    endloop
  endfacet
  facet normal -0.0808837 0.996724 0
    outer loop
      vertex 24.9033 62.0192 14
      vertex 24.6667 62 0
      vertex 24.6667 62 14
    endloop
  endfacet
  facet normal -0.0808159 0.996729 0
    outer loop
      vertex 42.7817 63.4688 14
      vertex 24.9033 62.0192 27.5
      vertex 42.7817 63.4688 27.5
    endloop
  endfacet
  facet normal -0.0808159 0.996729 0
    outer loop
      vertex 24.9033 62.0192 27.5
      vertex 42.7817 63.4688 14
      vertex 24.9033 62.0192 14
    endloop
  endfacet
  facet normal 0.0808141 0.996729 0
    outer loop
      vertex 24.6667 62 14
      vertex 24.6667 62 0
      vertex 8.82172 63.2847 14
    endloop
  endfacet
  facet normal 0.0808187 0.996729 -0
    outer loop
      vertex 8.82172 63.2847 14
      vertex 0 64 27.5
      vertex 8.82172 63.2847 27.5
    endloop
  endfacet
  facet normal 0.0808187 0.996729 0
    outer loop
      vertex 8.82172 63.2847 14
      vertex 0 64 0
      vertex 0 64 27.5
    endloop
  endfacet
  facet normal 0.0808158 0.996729 1.87755e-06
    outer loop
      vertex 0 64 0
      vertex 8.82172 63.2847 14
      vertex 24.6667 62 0
    endloop
  endfacet
  facet normal -0.0808187 0.996729 0
    outer loop
      vertex 0 64 27.5
      vertex -8.82172 63.2847 14
      vertex -8.82172 63.2847 27.5
    endloop
  endfacet
  facet normal -0.0808187 0.996729 0
    outer loop
      vertex 0 64 0
      vertex -8.82172 63.2847 14
      vertex 0 64 27.5
    endloop
  endfacet
  facet normal -0.0808158 0.996729 1.87755e-06
    outer loop
      vertex -24.6667 62 0
      vertex -8.82172 63.2847 14
      vertex 0 64 0
    endloop
  endfacet
  facet normal -0.0808141 0.996729 0
    outer loop
      vertex -8.82172 63.2847 14
      vertex -24.6667 62 0
      vertex -24.6667 62 14
    endloop
  endfacet
  facet normal 0.0808837 0.996724 -0
    outer loop
      vertex -24.6667 62 0
      vertex -24.9033 62.0192 14
      vertex -24.6667 62 14
    endloop
  endfacet
  facet normal 0.0808159 0.996729 -1.15451e-06
    outer loop
      vertex -24.9033 62.0192 14
      vertex -24.6667 62 0
      vertex -42.7817 63.4688 14
    endloop
  endfacet
  facet normal 0.0808161 0.996729 -8.7189e-07
    outer loop
      vertex -49.3333 64 0
      vertex -42.7817 63.4688 14
      vertex -24.6667 62 0
    endloop
  endfacet
  facet normal 0.0808142 0.996729 0
    outer loop
      vertex -42.7817 63.4688 14
      vertex -49.3333 64 0
      vertex -49.3333 64 14
    endloop
  endfacet
  facet normal 0.0808159 0.996729 -0
    outer loop
      vertex -24.9033 62.0192 14
      vertex -42.7817 63.4688 27.5
      vertex -24.9033 62.0192 27.5
    endloop
  endfacet
  facet normal 0.0808159 0.996729 0
    outer loop
      vertex -42.7817 63.4688 27.5
      vertex -24.9033 62.0192 14
      vertex -42.7817 63.4688 14
    endloop
  endfacet
  facet normal 0 1 0
    outer loop
      vertex -49.3333 64 14
      vertex -49.3333 64 0
      vertex -59.3337 64 14
    endloop
  endfacet
  facet normal 0 1 -0
    outer loop
      vertex -59.3337 64 14
      vertex -62 64 27.5
      vertex -59.3337 64 27.5
    endloop
  endfacet
  facet normal 0 1 0
    outer loop
      vertex -59.3337 64 14
      vertex -62 64 0
      vertex -62 64 27.5
    endloop
  endfacet
  facet normal 0 1 0
    outer loop
      vertex -62 64 0
      vertex -59.3337 64 14
      vertex -49.3333 64 0
    endloop
  endfacet
  facet normal -0.759257 0.650791 0
    outer loop
      vertex -74 50 0
      vertex -62 64 27.5
      vertex -62 64 0
    endloop
  endfacet
  facet normal -0.759257 0.650791 0
    outer loop
      vertex -62 64 27.5
      vertex -74 50 0
      vertex -74 50 27.5
    endloop
  endfacet
  facet normal -1 0 0
    outer loop
      vertex -74 50 0
      vertex -74 24 27.5
      vertex -74 50 27.5
    endloop
  endfacet
  facet normal -1 0 0
    outer loop
      vertex -74 0 0
      vertex -74 24 27.5
      vertex -74 50 0
    endloop
  endfacet
  facet normal -1 0 0
    outer loop
      vertex -74 0 55.5
      vertex -74 24 27.5
      vertex -74 0 0
    endloop
  endfacet
  facet normal -1 0 0
    outer loop
      vertex -74 24 27.5
      vertex -74 0 55.5
      vertex -74 24 55.5
    endloop
  endfacet
  facet normal 0 -1 0
    outer loop
      vertex -19.3023 0 43.4975
      vertex -72.25 0 58
      vertex -72.3472 0 57.8611
    endloop
  endfacet
  facet normal 0 -1 0
    outer loop
      vertex -72.25 0 58
      vertex -19.2796 0 43.6183
      vertex 72.25 0 58
    endloop
  endfacet
  facet normal 0 -1 0
    outer loop
      vertex -19.3023 0 43.4975
      vertex -72.3472 0 57.8611
      vertex -72.3958 0 57.7917
    endloop
  endfacet
  facet normal 0 -1 0
    outer loop
      vertex 19.2796 0 43.6183
      vertex 72.25 0 58
      vertex -19.2796 0 43.6183
    endloop
  endfacet
  facet normal 0 -1 0
    outer loop
      vertex -19.3023 0 43.4975
      vertex -72.3958 0 57.7917
      vertex -72.4444 0 57.7222
    endloop
  endfacet
  facet normal 0 -1 0
    outer loop
      vertex 19.3021 0 43.6
      vertex 72.25 0 58
      vertex 19.2796 0 43.6183
    endloop
  endfacet
  facet normal 0 -1 0
    outer loop
      vertex -19.233 0 42.2778
      vertex -72.4444 0 57.7222
      vertex -72.4931 0 57.6528
    endloop
  endfacet
  facet normal 0 -1 0
    outer loop
      vertex 19.3024 0 43.5
      vertex 72.25 0 58
      vertex 19.3021 0 43.6
    endloop
  endfacet
  facet normal 0 -1 0
    outer loop
      vertex -19.233 0 42.2778
      vertex -72.4931 0 57.6528
      vertex -72.5417 0 57.5833
    endloop
  endfacet
  facet normal 0 -1 0
    outer loop
      vertex 19.3023 0 43.4975
      vertex 72.25 0 58
      vertex 19.3024 0 43.5
    endloop
  endfacet
  facet normal 0 -1 0
    outer loop
      vertex -19.233 0 42.2778
      vertex -72.5417 0 57.5833
      vertex -72.5903 0 57.5139
    endloop
  endfacet
  facet normal 0 -1 -0
    outer loop
      vertex 72.25 0 58
      vertex 19.3023 0 43.4975
      vertex 72.3472 0 57.8611
    endloop
  endfacet
  facet normal 0 -1 0
    outer loop
      vertex -19.233 0 42.2778
      vertex -72.5903 0 57.5139
      vertex -72.6389 0 57.4444
    endloop
  endfacet
  facet normal 0 -1 -0
    outer loop
      vertex 72.3472 0 57.8611
      vertex 19.3023 0 43.4975
      vertex 72.3958 0 57.7917
    endloop
  endfacet
  facet normal 0 -1 0
    outer loop
      vertex -19.233 0 42.2778
      vertex -72.6389 0 57.4444
      vertex -72.6875 0 57.375
    endloop
  endfacet
  facet normal 0 -1 -0
    outer loop
      vertex 72.3958 0 57.7917
      vertex 19.3023 0 43.4975
      vertex 72.4444 0 57.7222
    endloop
  endfacet
  facet normal 0 -1 0
    outer loop
      vertex -19.233 0 42.2778
      vertex -72.6875 0 57.375
      vertex -72.7847 0 57.2361
    endloop
  endfacet
  facet normal 0 -1 0
    outer loop
      vertex 19.233 0 42.2778
      vertex 72.4444 0 57.7222
      vertex 19.3023 0 43.4975
    endloop
  endfacet
  facet normal 0 -1 0
    outer loop
      vertex -19.233 0 42.2778
      vertex -72.7847 0 57.2361
      vertex -72.8333 0 57.1667
    endloop
  endfacet
  facet normal 0 -1 -0
    outer loop
      vertex 72.4444 0 57.7222
      vertex 19.233 0 42.2778
      vertex 72.4931 0 57.6528
    endloop
  endfacet
  facet normal 0 -1 0
    outer loop
      vertex -19.233 0 42.2778
      vertex -72.8333 0 57.1667
      vertex -72.8819 0 57.0972
    endloop
  endfacet
  facet normal 0 -1 -0
    outer loop
      vertex 72.4931 0 57.6528
      vertex 19.233 0 42.2778
      vertex 72.5417 0 57.5833
    endloop
  endfacet
  facet normal 0 -1 0
    outer loop
      vertex -19.2328 0 42.2753
      vertex -72.8819 0 57.0972
      vertex -72.9306 0 57.0278
    endloop
  endfacet
  facet normal 0 -1 -0
    outer loop
      vertex 72.5417 0 57.5833
      vertex 19.233 0 42.2778
      vertex 72.5903 0 57.5139
    endloop
  endfacet
  facet normal 0 -1 0
    outer loop
      vertex -19.2328 0 42.2753
      vertex -72.9306 0 57.0278
      vertex -72.9792 0 56.9583
    endloop
  endfacet
  facet normal 0 -1 -0
    outer loop
      vertex 72.5903 0 57.5139
      vertex 19.233 0 42.2778
      vertex 72.6389 0 57.4444
    endloop
  endfacet
  facet normal 0 -1 0
    outer loop
      vertex -19.2328 0 42.2753
      vertex -72.9792 0 56.9583
      vertex -73.0278 0 56.8889
    endloop
  endfacet
  facet normal 0 -1 -0
    outer loop
      vertex 72.6389 0 57.4444
      vertex 19.233 0 42.2778
      vertex 72.6875 0 57.375
    endloop
  endfacet
  facet normal 0 -1 0
    outer loop
      vertex -19.2328 0 42.2753
      vertex -73.0278 0 56.8889
      vertex -73.0764 0 56.8194
    endloop
  endfacet
  facet normal 0 -1 -0
    outer loop
      vertex 72.6875 0 57.375
      vertex 19.233 0 42.2778
      vertex 72.7847 0 57.2361
    endloop
  endfacet
  facet normal 0 -1 0
    outer loop
      vertex -19.2328 0 42.2753
      vertex -73.0764 0 56.8194
      vertex -73.125 0 56.75
    endloop
  endfacet
  facet normal 0 -1 -0
    outer loop
      vertex 72.7847 0 57.2361
      vertex 19.233 0 42.2778
      vertex 72.8333 0 57.1667
    endloop
  endfacet
  facet normal 0 -1 0
    outer loop
      vertex -19.1635 0 41.0556
      vertex -73.125 0 56.75
      vertex -73.2222 0 56.6111
    endloop
  endfacet
  facet normal 0 -1 -0
    outer loop
      vertex 72.8333 0 57.1667
      vertex 19.233 0 42.2778
      vertex 72.8819 0 57.0972
    endloop
  endfacet
  facet normal 0 -1 0
    outer loop
      vertex -19.1635 0 41.0556
      vertex -73.2222 0 56.6111
      vertex -73.2708 0 56.5417
    endloop
  endfacet
  facet normal 0 -1 0
    outer loop
      vertex 19.2328 0 42.2753
      vertex 72.8819 0 57.0972
      vertex 19.233 0 42.2778
    endloop
  endfacet
  facet normal 0 -1 0
    outer loop
      vertex -19.1635 0 41.0556
      vertex -73.2708 0 56.5417
      vertex -73.3194 0 56.4722
    endloop
  endfacet
  facet normal 0 -1 -0
    outer loop
      vertex 72.8819 0 57.0972
      vertex 19.2328 0 42.2753
      vertex 72.9306 0 57.0278
    endloop
  endfacet
  facet normal 0 -1 0
    outer loop
      vertex -19.1635 0 41.0556
      vertex -73.3194 0 56.4722
      vertex -73.3681 0 56.4028
    endloop
  endfacet
  facet normal 0 -1 -0
    outer loop
      vertex 72.9306 0 57.0278
      vertex 19.2328 0 42.2753
      vertex 72.9792 0 56.9583
    endloop
  endfacet
  facet normal 0 -1 0
    outer loop
      vertex -19.1635 0 41.0556
      vertex -73.3681 0 56.4028
      vertex -73.4167 0 56.3333
    endloop
  endfacet
  facet normal 0 -1 -0
    outer loop
      vertex 72.9792 0 56.9583
      vertex 19.2328 0 42.2753
      vertex 73.0278 0 56.8889
    endloop
  endfacet
  facet normal 0 -1 0
    outer loop
      vertex -19.1635 0 41.0556
      vertex -73.4167 0 56.3333
      vertex -73.4653 0 56.2639
    endloop
  endfacet
  facet normal 0 -1 -0
    outer loop
      vertex 73.0278 0 56.8889
      vertex 19.2328 0 42.2753
      vertex 73.0764 0 56.8194
    endloop
  endfacet
  facet normal 0 -1 0
    outer loop
      vertex -19.1635 0 41.0556
      vertex -73.4653 0 56.2639
      vertex -73.5139 0 56.1944
    endloop
  endfacet
  facet normal 0 -1 -0
    outer loop
      vertex 73.0764 0 56.8194
      vertex 19.2328 0 42.2753
      vertex 73.125 0 56.75
    endloop
  endfacet
  facet normal 0 -1 0
    outer loop
      vertex -19.1635 0 41.0556
      vertex -73.5139 0 56.1944
      vertex -73.5625 0 56.125
    endloop
  endfacet
  facet normal 0 -1 0
    outer loop
      vertex 19.1635 0 41.0556
      vertex 73.125 0 56.75
      vertex 19.2328 0 42.2753
    endloop
  endfacet
  facet normal 0 -1 0
    outer loop
      vertex -19.1634 0 41.0531
      vertex -73.5625 0 56.125
      vertex -73.6597 0 55.9861
    endloop
  endfacet
  facet normal 0 -1 -0
    outer loop
      vertex 73.125 0 56.75
      vertex 19.1635 0 41.0556
      vertex 73.2222 0 56.6111
    endloop
  endfacet
  facet normal 0 -1 0
    outer loop
      vertex -19.1634 0 41.0531
      vertex -73.6597 0 55.9861
      vertex -73.7083 0 55.9167
    endloop
  endfacet
  facet normal 0 -1 -0
    outer loop
      vertex 73.2222 0 56.6111
      vertex 19.1635 0 41.0556
      vertex 73.2708 0 56.5417
    endloop
  endfacet
  facet normal 0 -1 0
    outer loop
      vertex -19.1634 0 41.0531
      vertex -73.7083 0 55.9167
      vertex -73.7569 0 55.8472
    endloop
  endfacet
  facet normal 0 -1 -0
    outer loop
      vertex 73.2708 0 56.5417
      vertex 19.1635 0 41.0556
      vertex 73.3194 0 56.4722
    endloop
  endfacet
  facet normal 0 -1 0
    outer loop
      vertex -19.1634 0 41.0531
      vertex -73.7569 0 55.8472
      vertex -73.8056 0 55.7778
    endloop
  endfacet
  facet normal 0 -1 -0
    outer loop
      vertex 73.3194 0 56.4722
      vertex 19.1635 0 41.0556
      vertex 73.3681 0 56.4028
    endloop
  endfacet
  facet normal 0 -1 0
    outer loop
      vertex -19.1634 0 41.0531
      vertex -73.8056 0 55.7778
      vertex -73.8542 0 55.7083
    endloop
  endfacet
  facet normal 0 -1 -0
    outer loop
      vertex 73.3681 0 56.4028
      vertex 19.1635 0 41.0556
      vertex 73.4167 0 56.3333
    endloop
  endfacet
  facet normal 0 -1 0
    outer loop
      vertex -19.0941 0 39.8333
      vertex -73.8542 0 55.7083
      vertex -73.9028 0 55.6389
    endloop
  endfacet
  facet normal 0 -1 -0
    outer loop
      vertex 73.4167 0 56.3333
      vertex 19.1635 0 41.0556
      vertex 73.4653 0 56.2639
    endloop
  endfacet
  facet normal 0 -1 0
    outer loop
      vertex -19.0941 0 39.8333
      vertex -73.9028 0 55.6389
      vertex -73.9514 0 55.5694
    endloop
  endfacet
  facet normal 0 -1 -0
    outer loop
      vertex 73.4653 0 56.2639
      vertex 19.1635 0 41.0556
      vertex 73.5139 0 56.1944
    endloop
  endfacet
  facet normal 0 -1 0
    outer loop
      vertex -19.0941 0 39.8333
      vertex -73.9514 0 55.5694
      vertex -74 0 55.5
    endloop
  endfacet
  facet normal 0 -1 -0
    outer loop
      vertex 73.5139 0 56.1944
      vertex 19.1635 0 41.0556
      vertex 73.5625 0 56.125
    endloop
  endfacet
  facet normal 0 -1 0
    outer loop
      vertex 19.1634 0 41.0531
      vertex 73.5625 0 56.125
      vertex 19.1635 0 41.0556
    endloop
  endfacet
  facet normal 0 -1 0
    outer loop
      vertex -72.25 0 58
      vertex -19.3021 0 43.6
      vertex -19.2796 0 43.6183
    endloop
  endfacet
  facet normal 0 -1 0
    outer loop
      vertex -72.25 0 58
      vertex -19.3024 0 43.5
      vertex -19.3021 0 43.6
    endloop
  endfacet
  facet normal 0 -1 0
    outer loop
      vertex -72.25 0 58
      vertex -19.3023 0 43.4975
      vertex -19.3024 0 43.5
    endloop
  endfacet
  facet normal 0 -1 0
    outer loop
      vertex -72.4444 0 57.7222
      vertex -19.233 0 42.2778
      vertex -19.3023 0 43.4975
    endloop
  endfacet
  facet normal 0 -1 0
    outer loop
      vertex -72.8819 0 57.0972
      vertex -19.2328 0 42.2753
      vertex -19.233 0 42.2778
    endloop
  endfacet
  facet normal 0 -1 0
    outer loop
      vertex -73.125 0 56.75
      vertex -19.1635 0 41.0556
      vertex -19.2328 0 42.2753
    endloop
  endfacet
  facet normal 0 -1 0
    outer loop
      vertex -73.5625 0 56.125
      vertex -19.1634 0 41.0531
      vertex -19.1635 0 41.0556
    endloop
  endfacet
  facet normal 0 -1 0
    outer loop
      vertex -73.8542 0 55.7083
      vertex -19.0941 0 39.8333
      vertex -19.1634 0 41.0531
    endloop
  endfacet
  facet normal 0 -1 0
    outer loop
      vertex -74 0 55.5
      vertex -19.0939 0 39.8308
      vertex -19.0941 0 39.8333
    endloop
  endfacet
  facet normal 0 -1 0
    outer loop
      vertex -74 0 55.5
      vertex -19.0246 0 38.6111
      vertex -19.0939 0 39.8308
    endloop
  endfacet
  facet normal 0 -1 0
    outer loop
      vertex -74 0 55.5
      vertex -19.0245 0 38.6086
      vertex -19.0246 0 38.6111
    endloop
  endfacet
  facet normal 0 -1 0
    outer loop
      vertex -74 0 55.5
      vertex -18.9552 0 37.3889
      vertex -19.0245 0 38.6086
    endloop
  endfacet
  facet normal 0 -1 0
    outer loop
      vertex -74 0 55.5
      vertex -18.955 0 37.3864
      vertex -18.9552 0 37.3889
    endloop
  endfacet
  facet normal 0 -1 0
    outer loop
      vertex -74 0 55.5
      vertex -18.8857 0 36.1667
      vertex -18.955 0 37.3864
    endloop
  endfacet
  facet normal 0 -1 0
    outer loop
      vertex -74 0 55.5
      vertex -18.8856 0 36.1642
      vertex -18.8857 0 36.1667
    endloop
  endfacet
  facet normal 0 -1 0
    outer loop
      vertex -74 0 55.5
      vertex -18.8163 0 34.9444
      vertex -18.8856 0 36.1642
    endloop
  endfacet
  facet normal 0 -1 0
    outer loop
      vertex -74 0 55.5
      vertex -18.8161 0 34.9419
      vertex -18.8163 0 34.9444
    endloop
  endfacet
  facet normal 0 -1 0
    outer loop
      vertex -74 0 55.5
      vertex -18.7468 0 33.7222
      vertex -18.8161 0 34.9419
    endloop
  endfacet
  facet normal 0 -1 0
    outer loop
      vertex -74 0 55.5
      vertex -18.7467 0 33.7197
      vertex -18.7468 0 33.7222
    endloop
  endfacet
  facet normal 0 -1 0
    outer loop
      vertex -74 0 55.5
      vertex -18.6773 0 32.5
      vertex -18.7467 0 33.7197
    endloop
  endfacet
  facet normal 0 -1 0
    outer loop
      vertex -74 0 55.5
      vertex -18.6772 0 32.4975
      vertex -18.6773 0 32.5
    endloop
  endfacet
  facet normal 0 -1 0
    outer loop
      vertex -74 0 55.5
      vertex -18.6079 0 31.2778
      vertex -18.6772 0 32.4975
    endloop
  endfacet
  facet normal 0 -1 0
    outer loop
      vertex -74 0 55.5
      vertex -18.6077 0 31.2753
      vertex -18.6079 0 31.2778
    endloop
  endfacet
  facet normal 0 -1 0
    outer loop
      vertex -74 0 55.5
      vertex -18.5384 0 30.0556
      vertex -18.6077 0 31.2753
    endloop
  endfacet
  facet normal 0 -1 0
    outer loop
      vertex -74 0 55.5
      vertex -18.5383 0 30.0531
      vertex -18.5384 0 30.0556
    endloop
  endfacet
  facet normal 0 -1 0
    outer loop
      vertex -74 0 55.5
      vertex -18.469 0 28.8333
      vertex -18.5383 0 30.0531
    endloop
  endfacet
  facet normal 0 -1 0
    outer loop
      vertex -74 0 0
      vertex -18.469 0 28.8333
      vertex -74 0 55.5
    endloop
  endfacet
  facet normal 0 -1 -0
    outer loop
      vertex -18.469 0 28.8333
      vertex -74 0 0
      vertex -18.4688 0 28.8308
    endloop
  endfacet
  facet normal 0 -1 -0
    outer loop
      vertex -18.4688 0 28.8308
      vertex -74 0 0
      vertex -18.3995 0 27.6111
    endloop
  endfacet
  facet normal 0 -1 -0
    outer loop
      vertex -18.3995 0 27.6111
      vertex -74 0 0
      vertex -18.3994 0 27.6086
    endloop
  endfacet
  facet normal 0 -1 -0
    outer loop
      vertex -18.3994 0 27.6086
      vertex -74 0 0
      vertex -18.3301 0 26.3889
    endloop
  endfacet
  facet normal 0 -1 -0
    outer loop
      vertex -18.3301 0 26.3889
      vertex -74 0 0
      vertex -18.3299 0 26.3864
    endloop
  endfacet
  facet normal 0 -1 -0
    outer loop
      vertex -18.3299 0 26.3864
      vertex -74 0 0
      vertex -18.2606 0 25.1667
    endloop
  endfacet
  facet normal 0 -1 -0
    outer loop
      vertex -18.2606 0 25.1667
      vertex -74 0 0
      vertex -18.2605 0 25.1642
    endloop
  endfacet
  facet normal 0 -1 -0
    outer loop
      vertex -18.2605 0 25.1642
      vertex -74 0 0
      vertex -18.1912 0 23.9444
    endloop
  endfacet
  facet normal 0 -1 -0
    outer loop
      vertex -18.1912 0 23.9444
      vertex -74 0 0
      vertex -18.191 0 23.9419
    endloop
  endfacet
  facet normal 0 -1 -0
    outer loop
      vertex -18.191 0 23.9419
      vertex -74 0 0
      vertex -18.1217 0 22.7222
    endloop
  endfacet
  facet normal 0 -1 -0
    outer loop
      vertex -18.1217 0 22.7222
      vertex -74 0 0
      vertex -18.1216 0 22.7197
    endloop
  endfacet
  facet normal 0 -1 -0
    outer loop
      vertex -18.1216 0 22.7197
      vertex -74 0 0
      vertex -18.0523 0 21.5
    endloop
  endfacet
  facet normal 0 -1 -0
    outer loop
      vertex -18.0523 0 21.5
      vertex -74 0 0
      vertex -18.0521 0 21.4975
    endloop
  endfacet
  facet normal 0 -1 -0
    outer loop
      vertex -18.0521 0 21.4975
      vertex -74 0 0
      vertex -17.9828 0 20.2778
    endloop
  endfacet
  facet normal 0 -1 -0
    outer loop
      vertex -17.9828 0 20.2778
      vertex -74 0 0
      vertex -17.9827 0 20.2753
    endloop
  endfacet
  facet normal 0 -1 -0
    outer loop
      vertex -17.9827 0 20.2753
      vertex -74 0 0
      vertex -17.9134 0 19.0556
    endloop
  endfacet
  facet normal 0 -1 -0
    outer loop
      vertex -17.9134 0 19.0556
      vertex -74 0 0
      vertex -17.9132 0 19.0531
    endloop
  endfacet
  facet normal 0 -1 -0
    outer loop
      vertex -17.9132 0 19.0531
      vertex -74 0 0
      vertex -17.8439 0 17.8333
    endloop
  endfacet
  facet normal 0 -1 -0
    outer loop
      vertex -17.8439 0 17.8333
      vertex -74 0 0
      vertex -17.8438 0 17.8308
    endloop
  endfacet
  facet normal 0 -1 -0
    outer loop
      vertex -17.8438 0 17.8308
      vertex -74 0 0
      vertex -17.7745 0 16.6111
    endloop
  endfacet
  facet normal 0 -1 -0
    outer loop
      vertex -17.7745 0 16.6111
      vertex -74 0 0
      vertex -17.7743 0 16.6086
    endloop
  endfacet
  facet normal 0 -1 -0
    outer loop
      vertex -17.7743 0 16.6086
      vertex -74 0 0
      vertex -17.705 0 15.3889
    endloop
  endfacet
  facet normal 0 -1 -0
    outer loop
      vertex -17.705 0 15.3889
      vertex -74 0 0
      vertex -17.7049 0 15.3864
    endloop
  endfacet
  facet normal 0 -1 -0
    outer loop
      vertex -17.7049 0 15.3864
      vertex -74 0 0
      vertex -17.6356 0 14.1667
    endloop
  endfacet
  facet normal 0 -1 -0
    outer loop
      vertex -17.6356 0 14.1667
      vertex -74 0 0
      vertex -17.6354 0 14.1642
    endloop
  endfacet
  facet normal 0 -1 -0
    outer loop
      vertex -17.6354 0 14.1642
      vertex -74 0 0
      vertex -17.5661 0 12.9444
    endloop
  endfacet
  facet normal 0 -1 -0
    outer loop
      vertex -17.5661 0 12.9444
      vertex -74 0 0
      vertex -17.5659 0 12.9419
    endloop
  endfacet
  facet normal 0 -1 -0
    outer loop
      vertex -17.5659 0 12.9419
      vertex -74 0 0
      vertex -17.4966 0 11.7222
    endloop
  endfacet
  facet normal 0 -1 -0
    outer loop
      vertex -17.4966 0 11.7222
      vertex -74 0 0
      vertex -17.4965 0 11.7197
    endloop
  endfacet
  facet normal 0 -1 -0
    outer loop
      vertex -17.4965 0 11.7197
      vertex -74 0 0
      vertex -17.4272 0 10.5
    endloop
  endfacet
  facet normal 0 -1 -0
    outer loop
      vertex -17.4272 0 10.5
      vertex -74 0 0
      vertex -17.427 0 10.4975
    endloop
  endfacet
  facet normal 0 -1 -0
    outer loop
      vertex -17.427 0 10.4975
      vertex -74 0 0
      vertex -17.3577 0 9.27778
    endloop
  endfacet
  facet normal 0 -1 -0
    outer loop
      vertex -17.3577 0 9.27778
      vertex -74 0 0
      vertex -17.3576 0 9.27528
    endloop
  endfacet
  facet normal 0 -1 -0
    outer loop
      vertex -17.3576 0 9.27528
      vertex -74 0 0
      vertex -17.2883 0 8.05556
    endloop
  endfacet
  facet normal 0 -1 -0
    outer loop
      vertex -17.2883 0 8.05556
      vertex -74 0 0
      vertex -17.2881 0 8.05306
    endloop
  endfacet
  facet normal 0 -1 -0
    outer loop
      vertex -17.2881 0 8.05306
      vertex -74 0 0
      vertex -17.2188 0 6.83333
    endloop
  endfacet
  facet normal 0 -1 -0
    outer loop
      vertex -17.2188 0 6.83333
      vertex -74 0 0
      vertex -17.2187 0 6.83084
    endloop
  endfacet
  facet normal 0 -1 -0
    outer loop
      vertex -17.2187 0 6.83084
      vertex -74 0 0
      vertex -17.1494 0 5.61111
    endloop
  endfacet
  facet normal 0 -1 -0
    outer loop
      vertex -17.1494 0 5.61111
      vertex -74 0 0
      vertex -17.1492 0 5.60862
    endloop
  endfacet
  facet normal 0 -1 -0
    outer loop
      vertex -17.1492 0 5.60862
      vertex -74 0 0
      vertex -17.0799 0 4.38889
    endloop
  endfacet
  facet normal 0 -1 -0
    outer loop
      vertex -17.0799 0 4.38889
      vertex -74 0 0
      vertex -17.0798 0 4.38639
    endloop
  endfacet
  facet normal 0 -1 -0
    outer loop
      vertex -17.0798 0 4.38639
      vertex -74 0 0
      vertex -17.0105 0 3.16667
    endloop
  endfacet
  facet normal 0 -1 -0
    outer loop
      vertex -17.0105 0 3.16667
      vertex -74 0 0
      vertex -17.0103 0 3.16417
    endloop
  endfacet
  facet normal 0 -1 -0
    outer loop
      vertex -17.0103 0 3.16417
      vertex -74 0 0
      vertex -16.941 0 1.94444
    endloop
  endfacet
  facet normal 0 -1 -0
    outer loop
      vertex -16.941 0 1.94444
      vertex -74 0 0
      vertex -16.9409 0 1.94195
    endloop
  endfacet
  facet normal 0 -1 -0
    outer loop
      vertex -16.9409 0 1.94195
      vertex -74 0 0
      vertex -16.8716 0 0.722221
    endloop
  endfacet
  facet normal 0 -1 -0
    outer loop
      vertex -16.8716 0 0.722221
      vertex -74 0 0
      vertex -16.8714 0 0.719727
    endloop
  endfacet
  facet normal 0 -1 -0
    outer loop
      vertex -16.8714 0 0.719727
      vertex -74 0 0
      vertex -16.8305 0 0
    endloop
  endfacet
  facet normal 0 -1 -0
    outer loop
      vertex 73.5625 0 56.125
      vertex 19.1634 0 41.0531
      vertex 73.6597 0 55.9861
    endloop
  endfacet
  facet normal 0 -1 -0
    outer loop
      vertex 73.6597 0 55.9861
      vertex 19.1634 0 41.0531
      vertex 73.7083 0 55.9167
    endloop
  endfacet
  facet normal 0 -1 0
    outer loop
      vertex 19.3024 0 43.5
      vertex 19.3021 0 43.6
      vertex 19.3021 0 43.5
    endloop
  endfacet
  facet normal 0 -1 -0
    outer loop
      vertex 73.7083 0 55.9167
      vertex 19.1634 0 41.0531
      vertex 73.7569 0 55.8472
    endloop
  endfacet
  facet normal 0 -1 -0
    outer loop
      vertex 73.7569 0 55.8472
      vertex 19.1634 0 41.0531
      vertex 73.8056 0 55.7778
    endloop
  endfacet
  facet normal 0 -1 -0
    outer loop
      vertex 73.8056 0 55.7778
      vertex 19.1634 0 41.0531
      vertex 73.8542 0 55.7083
    endloop
  endfacet
  facet normal 0 -1 0
    outer loop
      vertex 19.0941 0 39.8333
      vertex 73.8542 0 55.7083
      vertex 19.1634 0 41.0531
    endloop
  endfacet
  facet normal 0 -1 -0
    outer loop
      vertex 73.8542 0 55.7083
      vertex 19.0941 0 39.8333
      vertex 73.9028 0 55.6389
    endloop
  endfacet
  facet normal 0 -1 -0
    outer loop
      vertex 73.9028 0 55.6389
      vertex 19.0941 0 39.8333
      vertex 73.9514 0 55.5694
    endloop
  endfacet
  facet normal 0 -1 -0
    outer loop
      vertex 73.9514 0 55.5694
      vertex 19.0941 0 39.8333
      vertex 74 0 55.5
    endloop
  endfacet
  facet normal 0 -1 0
    outer loop
      vertex 19.0939 0 39.8308
      vertex 74 0 55.5
      vertex 19.0941 0 39.8333
    endloop
  endfacet
  facet normal 0 -1 0
    outer loop
      vertex 19.0246 0 38.6111
      vertex 74 0 55.5
      vertex 19.0939 0 39.8308
    endloop
  endfacet
  facet normal 0 -1 0
    outer loop
      vertex 19.0245 0 38.6086
      vertex 74 0 55.5
      vertex 19.0246 0 38.6111
    endloop
  endfacet
  facet normal 0 -1 0
    outer loop
      vertex 18.9552 0 37.3889
      vertex 74 0 55.5
      vertex 19.0245 0 38.6086
    endloop
  endfacet
  facet normal 0 -1 0
    outer loop
      vertex 18.955 0 37.3864
      vertex 74 0 55.5
      vertex 18.9552 0 37.3889
    endloop
  endfacet
  facet normal 0 -1 0
    outer loop
      vertex 18.8857 0 36.1667
      vertex 74 0 55.5
      vertex 18.955 0 37.3864
    endloop
  endfacet
  facet normal 0 -1 0
    outer loop
      vertex 18.8856 0 36.1642
      vertex 74 0 55.5
      vertex 18.8857 0 36.1667
    endloop
  endfacet
  facet normal 0 -1 0
    outer loop
      vertex 18.8163 0 34.9444
      vertex 74 0 55.5
      vertex 18.8856 0 36.1642
    endloop
  endfacet
  facet normal 0 -1 0
    outer loop
      vertex 18.8161 0 34.9419
      vertex 74 0 55.5
      vertex 18.8163 0 34.9444
    endloop
  endfacet
  facet normal 0 -1 0
    outer loop
      vertex 18.7468 0 33.7222
      vertex 74 0 55.5
      vertex 18.8161 0 34.9419
    endloop
  endfacet
  facet normal 0 -1 0
    outer loop
      vertex 18.7467 0 33.7197
      vertex 74 0 55.5
      vertex 18.7468 0 33.7222
    endloop
  endfacet
  facet normal 0 -1 0
    outer loop
      vertex 18.6773 0 32.5
      vertex 74 0 55.5
      vertex 18.7467 0 33.7197
    endloop
  endfacet
  facet normal 0 -1 0
    outer loop
      vertex 18.6772 0 32.4975
      vertex 74 0 55.5
      vertex 18.6773 0 32.5
    endloop
  endfacet
  facet normal 0 -1 0
    outer loop
      vertex 18.6079 0 31.2778
      vertex 74 0 55.5
      vertex 18.6772 0 32.4975
    endloop
  endfacet
  facet normal 0 -1 0
    outer loop
      vertex 18.6077 0 31.2753
      vertex 74 0 55.5
      vertex 18.6079 0 31.2778
    endloop
  endfacet
  facet normal 0 -1 0
    outer loop
      vertex 18.5384 0 30.0556
      vertex 74 0 55.5
      vertex 18.6077 0 31.2753
    endloop
  endfacet
  facet normal 0 -1 0
    outer loop
      vertex 18.5383 0 30.0531
      vertex 74 0 55.5
      vertex 18.5384 0 30.0556
    endloop
  endfacet
  facet normal 0 -1 0
    outer loop
      vertex 18.469 0 28.8333
      vertex 74 0 55.5
      vertex 18.5383 0 30.0531
    endloop
  endfacet
  facet normal 0 -1 0
    outer loop
      vertex 74 0 0
      vertex 18.469 0 28.8333
      vertex 18.4688 0 28.8308
    endloop
  endfacet
  facet normal 0 -1 0
    outer loop
      vertex 74 0 0
      vertex 18.4688 0 28.8308
      vertex 18.3995 0 27.6111
    endloop
  endfacet
  facet normal 0 -1 0
    outer loop
      vertex 74 0 0
      vertex 18.3995 0 27.6111
      vertex 18.3994 0 27.6086
    endloop
  endfacet
  facet normal 0 -1 0
    outer loop
      vertex 74 0 0
      vertex 18.3994 0 27.6086
      vertex 18.3301 0 26.3889
    endloop
  endfacet
  facet normal 0 -1 0
    outer loop
      vertex 74 0 0
      vertex 18.3301 0 26.3889
      vertex 18.3299 0 26.3864
    endloop
  endfacet
  facet normal 0 -1 0
    outer loop
      vertex 74 0 0
      vertex 18.3299 0 26.3864
      vertex 18.2606 0 25.1667
    endloop
  endfacet
  facet normal 0 -1 0
    outer loop
      vertex 74 0 0
      vertex 18.2606 0 25.1667
      vertex 18.2605 0 25.1642
    endloop
  endfacet
  facet normal 0 -1 0
    outer loop
      vertex 74 0 0
      vertex 18.2605 0 25.1642
      vertex 18.1912 0 23.9444
    endloop
  endfacet
  facet normal 0 -1 0
    outer loop
      vertex 74 0 0
      vertex 18.1912 0 23.9444
      vertex 18.191 0 23.9419
    endloop
  endfacet
  facet normal 0 -1 0
    outer loop
      vertex 74 0 0
      vertex 18.191 0 23.9419
      vertex 18.1217 0 22.7222
    endloop
  endfacet
  facet normal 0 -1 0
    outer loop
      vertex 74 0 0
      vertex 18.1217 0 22.7222
      vertex 18.1216 0 22.7197
    endloop
  endfacet
  facet normal 0 -1 0
    outer loop
      vertex 74 0 0
      vertex 18.1216 0 22.7197
      vertex 18.0523 0 21.5
    endloop
  endfacet
  facet normal 0 -1 0
    outer loop
      vertex 74 0 0
      vertex 18.0523 0 21.5
      vertex 18.0521 0 21.4975
    endloop
  endfacet
  facet normal 0 -1 0
    outer loop
      vertex 74 0 0
      vertex 18.0521 0 21.4975
      vertex 17.9828 0 20.2778
    endloop
  endfacet
  facet normal 0 -1 0
    outer loop
      vertex 74 0 0
      vertex 17.9828 0 20.2778
      vertex 17.9827 0 20.2753
    endloop
  endfacet
  facet normal 0 -1 0
    outer loop
      vertex 74 0 0
      vertex 17.9827 0 20.2753
      vertex 17.9134 0 19.0556
    endloop
  endfacet
  facet normal 0 -1 0
    outer loop
      vertex 74 0 0
      vertex 17.9134 0 19.0556
      vertex 17.9132 0 19.0531
    endloop
  endfacet
  facet normal 0 -1 0
    outer loop
      vertex 74 0 0
      vertex 17.9132 0 19.0531
      vertex 17.8439 0 17.8333
    endloop
  endfacet
  facet normal 0 -1 0
    outer loop
      vertex 74 0 0
      vertex 17.8439 0 17.8333
      vertex 17.8438 0 17.8308
    endloop
  endfacet
  facet normal 0 -1 0
    outer loop
      vertex 74 0 0
      vertex 17.8438 0 17.8308
      vertex 17.7745 0 16.6111
    endloop
  endfacet
  facet normal 0 -1 0
    outer loop
      vertex 74 0 0
      vertex 17.7745 0 16.6111
      vertex 17.7743 0 16.6086
    endloop
  endfacet
  facet normal 0 -1 0
    outer loop
      vertex 74 0 0
      vertex 17.7743 0 16.6086
      vertex 17.705 0 15.3889
    endloop
  endfacet
  facet normal 0 -1 0
    outer loop
      vertex 74 0 0
      vertex 17.705 0 15.3889
      vertex 17.7049 0 15.3864
    endloop
  endfacet
  facet normal 0 -1 0
    outer loop
      vertex 74 0 0
      vertex 17.7049 0 15.3864
      vertex 17.6356 0 14.1667
    endloop
  endfacet
  facet normal 0 -1 0
    outer loop
      vertex 74 0 0
      vertex 17.6356 0 14.1667
      vertex 17.6354 0 14.1642
    endloop
  endfacet
  facet normal 0 -1 0
    outer loop
      vertex 74 0 0
      vertex 17.6354 0 14.1642
      vertex 17.5661 0 12.9444
    endloop
  endfacet
  facet normal 0 -1 0
    outer loop
      vertex 74 0 0
      vertex 17.5661 0 12.9444
      vertex 17.5659 0 12.9419
    endloop
  endfacet
  facet normal 0 -1 0
    outer loop
      vertex 74 0 0
      vertex 17.5659 0 12.9419
      vertex 17.4966 0 11.7222
    endloop
  endfacet
  facet normal 0 -1 0
    outer loop
      vertex 74 0 0
      vertex 17.4966 0 11.7222
      vertex 17.4965 0 11.7197
    endloop
  endfacet
  facet normal 0 -1 0
    outer loop
      vertex 74 0 0
      vertex 17.4965 0 11.7197
      vertex 17.4272 0 10.5
    endloop
  endfacet
  facet normal 0 -1 0
    outer loop
      vertex 74 0 0
      vertex 17.4272 0 10.5
      vertex 17.427 0 10.4975
    endloop
  endfacet
  facet normal 0 -1 0
    outer loop
      vertex 74 0 0
      vertex 17.427 0 10.4975
      vertex 17.3577 0 9.27778
    endloop
  endfacet
  facet normal 0 -1 0
    outer loop
      vertex 74 0 0
      vertex 17.3577 0 9.27778
      vertex 17.3576 0 9.27528
    endloop
  endfacet
  facet normal 0 -1 0
    outer loop
      vertex 74 0 0
      vertex 17.3576 0 9.27528
      vertex 17.2883 0 8.05556
    endloop
  endfacet
  facet normal 0 -1 0
    outer loop
      vertex 74 0 0
      vertex 17.2883 0 8.05556
      vertex 17.2881 0 8.05306
    endloop
  endfacet
  facet normal 0 -1 0
    outer loop
      vertex 74 0 0
      vertex 17.2881 0 8.05306
      vertex 17.2188 0 6.83333
    endloop
  endfacet
  facet normal 0 -1 0
    outer loop
      vertex 74 0 0
      vertex 17.2188 0 6.83333
      vertex 17.2187 0 6.83084
    endloop
  endfacet
  facet normal 0 -1 0
    outer loop
      vertex 74 0 0
      vertex 17.2187 0 6.83084
      vertex 17.1494 0 5.61111
    endloop
  endfacet
  facet normal 0 -1 0
    outer loop
      vertex 74 0 0
      vertex 17.1494 0 5.61111
      vertex 17.1492 0 5.60862
    endloop
  endfacet
  facet normal 0 -1 0
    outer loop
      vertex 74 0 0
      vertex 17.1492 0 5.60862
      vertex 17.0799 0 4.38889
    endloop
  endfacet
  facet normal 0 -1 0
    outer loop
      vertex 74 0 0
      vertex 17.0799 0 4.38889
      vertex 17.0798 0 4.38639
    endloop
  endfacet
  facet normal 0 -1 0
    outer loop
      vertex 74 0 0
      vertex 17.0798 0 4.38639
      vertex 17.0105 0 3.16667
    endloop
  endfacet
  facet normal 0 -1 0
    outer loop
      vertex 74 0 0
      vertex 17.0105 0 3.16667
      vertex 17.0103 0 3.16417
    endloop
  endfacet
  facet normal 0 -1 0
    outer loop
      vertex 74 0 0
      vertex 17.0103 0 3.16417
      vertex 16.941 0 1.94444
    endloop
  endfacet
  facet normal 0 -1 0
    outer loop
      vertex 74 0 0
      vertex 16.941 0 1.94444
      vertex 16.9409 0 1.94195
    endloop
  endfacet
  facet normal 0 -1 0
    outer loop
      vertex 74 0 0
      vertex 16.9409 0 1.94195
      vertex 16.8716 0 0.722221
    endloop
  endfacet
  facet normal 0 -1 0
    outer loop
      vertex 74 0 0
      vertex 16.8716 0 0.722221
      vertex 16.8714 0 0.719727
    endloop
  endfacet
  facet normal 0 -1 0
    outer loop
      vertex 74 0 0
      vertex 16.8714 0 0.719727
      vertex 16.8305 0 0
    endloop
  endfacet
  facet normal 0 -1 0
    outer loop
      vertex 18.469 0 28.8333
      vertex 74 0 0
      vertex 74 0 55.5
    endloop
  endfacet
  facet normal 0 -1 -0
    outer loop
      vertex -19.3021 0 43.6
      vertex -19.3024 0 43.5
      vertex -19.3021 0 43.5
    endloop
  endfacet
  facet normal 1 0 0
    outer loop
      vertex 74 24 55.5
      vertex 74 0 55.5
      vertex 74 24 27.5
    endloop
  endfacet
  facet normal 1 -0 0
    outer loop
      vertex 74 24 27.5
      vertex 74 50 0
      vertex 74 50 27.5
    endloop
  endfacet
  facet normal 1 0 0
    outer loop
      vertex 74 24 27.5
      vertex 74 0 0
      vertex 74 50 0
    endloop
  endfacet
  facet normal 1 0 0
    outer loop
      vertex 74 0 0
      vertex 74 24 27.5
      vertex 74 0 55.5
    endloop
  endfacet
  facet normal 0 0 1
    outer loop
      vertex -72.25 48.0469 30
      vertex -56.6382 49.0521 30
      vertex -60.5338 61.5 30
    endloop
  endfacet
  facet normal 0 0 1
    outer loop
      vertex -56.2613 49.8603 30
      vertex -60.5338 61.5 30
      vertex -56.6382 49.0521 30
    endloop
  endfacet
  facet normal -0 0 1
    outer loop
      vertex -60.5338 61.5 30
      vertex -56.2613 49.8603 30
      vertex -58.7905 61.5 30
    endloop
  endfacet
  facet normal 0 0 1
    outer loop
      vertex -22.6382 49.0521 30
      vertex -45.3618 49.0521 30
      vertex -22.9088 48.0419 30
    endloop
  endfacet
  facet normal 0 0 1
    outer loop
      vertex -45.3618 49.0521 30
      vertex -22.6382 49.0521 30
      vertex -24.378 59.6016 30
    endloop
  endfacet
  facet normal 0 0 1
    outer loop
      vertex -24.378 59.6016 30
      vertex -22.6382 49.0521 30
      vertex -22.2613 49.8603 30
    endloop
  endfacet
  facet normal 0 0 1
    outer loop
      vertex 11.3618 49.0521 30
      vertex 0 61.5 30
      vertex 11.0912 48.0419 30
    endloop
  endfacet
  facet normal 0 0 1
    outer loop
      vertex 11.7387 49.8603 30
      vertex 0 61.5 30
      vertex 11.3618 49.0521 30
    endloop
  endfacet
  facet normal 0 0 1
    outer loop
      vertex 0 61.5 30
      vertex 11.7387 49.8603 30
      vertex 9.37204 60.7521 30
    endloop
  endfacet
  facet normal 0 0 1
    outer loop
      vertex 22.6382 49.0521 30
      vertex 45.3618 49.0521 30
      vertex 24.378 59.6016 30
    endloop
  endfacet
  facet normal -0 0 1
    outer loop
      vertex 24.378 59.6016 30
      vertex 45.3618 49.0521 30
      vertex 43.294 61.1112 30
    endloop
  endfacet
  facet normal 0 0 1
    outer loop
      vertex 43.294 61.1112 30
      vertex 45.3618 49.0521 30
      vertex 45.7387 49.8603 30
    endloop
  endfacet
  facet normal 0 0 1
    outer loop
      vertex 72.25 48.0469 30
      vertex 56.9088 48.0419 30
      vertex 57 47 30
    endloop
  endfacet
  facet normal 0 0 1
    outer loop
      vertex 60.5338 61.5 30
      vertex 56.6382 49.0521 30
      vertex 56.9088 48.0419 30
    endloop
  endfacet
  facet normal 0 0 1
    outer loop
      vertex 60.5338 61.5 30
      vertex 56.2613 49.8603 30
      vertex 56.6382 49.0521 30
    endloop
  endfacet
  facet normal 0 0 1
    outer loop
      vertex 72.25 48.0469 30
      vertex 64 34 30
      vertex 72.25 25.75 30
    endloop
  endfacet
  facet normal 0 0 1
    outer loop
      vertex 56.9088 48.0419 30
      vertex 72.25 48.0469 30
      vertex 60.5338 61.5 30
    endloop
  endfacet
  facet normal 0 0 1
    outer loop
      vertex 56.2613 49.8603 30
      vertex 60.5338 61.5 30
      vertex 58.7905 61.5 30
    endloop
  endfacet
  facet normal 0 0 1
    outer loop
      vertex 56.9088 45.9581 30
      vertex 72.25 48.0469 30
      vertex 57 47 30
    endloop
  endfacet
  facet normal 0 0 1
    outer loop
      vertex 56.6382 44.9479 30
      vertex 72.25 48.0469 30
      vertex 56.9088 45.9581 30
    endloop
  endfacet
  facet normal 0 0 1
    outer loop
      vertex 72.25 48.0469 30
      vertex 56.6382 44.9479 30
      vertex 64 34 30
    endloop
  endfacet
  facet normal -0 0 1
    outer loop
      vertex 56.1962 44 30
      vertex 64 34 30
      vertex 56.6382 44.9479 30
    endloop
  endfacet
  facet normal -0 0 1
    outer loop
      vertex 55.5963 43.1433 30
      vertex 64 34 30
      vertex 56.1962 44 30
    endloop
  endfacet
  facet normal -0 0 1
    outer loop
      vertex 54.8567 42.4037 30
      vertex 64 34 30
      vertex 55.5963 43.1433 30
    endloop
  endfacet
  facet normal -0 0 1
    outer loop
      vertex 54 41.8038 30
      vertex 64 34 30
      vertex 54.8567 42.4037 30
    endloop
  endfacet
  facet normal -0 0 1
    outer loop
      vertex 53.0521 41.3618 30
      vertex 64 34 30
      vertex 54 41.8038 30
    endloop
  endfacet
  facet normal 0 0 1
    outer loop
      vertex 49.3333 34 30
      vertex 53.0521 41.3618 30
      vertex 52.0419 41.0912 30
    endloop
  endfacet
  facet normal 0 0 1
    outer loop
      vertex 49.3333 34 30
      vertex 52.0419 41.0912 30
      vertex 51 41 30
    endloop
  endfacet
  facet normal 0 0 1
    outer loop
      vertex 49.3333 34 30
      vertex 51 41 30
      vertex 49.9581 41.0912 30
    endloop
  endfacet
  facet normal 0 0 1
    outer loop
      vertex 53.0521 41.3618 30
      vertex 49.3333 34 30
      vertex 64 34 30
    endloop
  endfacet
  facet normal 0 0 1
    outer loop
      vertex 48.9479 41.3618 30
      vertex 49.3333 34 30
      vertex 49.9581 41.0912 30
    endloop
  endfacet
  facet normal 0 0 1
    outer loop
      vertex 48 41.8038 30
      vertex 49.3333 34 30
      vertex 48.9479 41.3618 30
    endloop
  endfacet
  facet normal 0 0 1
    outer loop
      vertex 47.1433 42.4037 30
      vertex 49.3333 34 30
      vertex 48 41.8038 30
    endloop
  endfacet
  facet normal 0 0 1
    outer loop
      vertex 46.4037 43.1433 30
      vertex 49.3333 34 30
      vertex 47.1433 42.4037 30
    endloop
  endfacet
  facet normal 0 0 1
    outer loop
      vertex 24.6667 32.5 30
      vertex 46.4037 43.1433 30
      vertex 45.8038 44 30
    endloop
  endfacet
  facet normal 0 0 1
    outer loop
      vertex 24.6667 32.5 30
      vertex 45.8038 44 30
      vertex 45.3618 44.9479 30
    endloop
  endfacet
  facet normal 0 0 1
    outer loop
      vertex 45.3618 49.0521 30
      vertex 22.6382 49.0521 30
      vertex 45.0912 48.0419 30
    endloop
  endfacet
  facet normal 0 0 1
    outer loop
      vertex 46.4037 43.1433 30
      vertex 24.6667 32.5 30
      vertex 49.3333 34 30
    endloop
  endfacet
  facet normal 0 0 1
    outer loop
      vertex 22.6382 44.9479 30
      vertex 45.3618 44.9479 30
      vertex 45.0912 45.9581 30
    endloop
  endfacet
  facet normal 0 0 1
    outer loop
      vertex 45.0912 48.0419 30
      vertex 22.9088 48.0419 30
      vertex 45 47 30
    endloop
  endfacet
  facet normal 0 -0 1
    outer loop
      vertex 22.9088 48.0419 30
      vertex 45.0912 48.0419 30
      vertex 22.6382 49.0521 30
    endloop
  endfacet
  facet normal 0 0 1
    outer loop
      vertex 45.0912 45.9581 30
      vertex 23 47 30
      vertex 22.9088 45.9581 30
    endloop
  endfacet
  facet normal 0 0 1
    outer loop
      vertex 22.6382 44.9479 30
      vertex 45.0912 45.9581 30
      vertex 22.9088 45.9581 30
    endloop
  endfacet
  facet normal 0 0 1
    outer loop
      vertex 45.3618 44.9479 30
      vertex 22.6382 44.9479 30
      vertex 24.6667 32.5 30
    endloop
  endfacet
  facet normal -0 0 1
    outer loop
      vertex 22.1962 44 30
      vertex 24.6667 32.5 30
      vertex 22.6382 44.9479 30
    endloop
  endfacet
  facet normal -0 0 1
    outer loop
      vertex 21.5963 43.1433 30
      vertex 24.6667 32.5 30
      vertex 22.1962 44 30
    endloop
  endfacet
  facet normal -0 0 1
    outer loop
      vertex 20.8567 42.4037 30
      vertex 24.6667 32.5 30
      vertex 21.5963 43.1433 30
    endloop
  endfacet
  facet normal -0 0 1
    outer loop
      vertex 20 41.8038 30
      vertex 24.6667 32.5 30
      vertex 20.8567 42.4037 30
    endloop
  endfacet
  facet normal -0 0 1
    outer loop
      vertex 19.0521 41.3618 30
      vertex 24.6667 32.5 30
      vertex 20 41.8038 30
    endloop
  endfacet
  facet normal -0 0 1
    outer loop
      vertex 18.0419 41.0912 30
      vertex 24.6667 32.5 30
      vertex 19.0521 41.3618 30
    endloop
  endfacet
  facet normal -0 0 1
    outer loop
      vertex 17 41 30
      vertex 24.6667 32.5 30
      vertex 18.0419 41.0912 30
    endloop
  endfacet
  facet normal 0 0 1
    outer loop
      vertex 15.9581 41.0912 30
      vertex 24.6667 32.5 30
      vertex 17 41 30
    endloop
  endfacet
  facet normal 0 0 1
    outer loop
      vertex 14.9479 41.3618 30
      vertex 24.6667 32.5 30
      vertex 15.9581 41.0912 30
    endloop
  endfacet
  facet normal 0 0 1
    outer loop
      vertex 0 34 30
      vertex 14.9479 41.3618 30
      vertex 14 41.8038 30
    endloop
  endfacet
  facet normal 0 0 1
    outer loop
      vertex 0 34 30
      vertex 14 41.8038 30
      vertex 13.1433 42.4037 30
    endloop
  endfacet
  facet normal 0 0 1
    outer loop
      vertex -11.0912 48.0419 30
      vertex 11.0912 48.0419 30
      vertex 0 61.5 30
    endloop
  endfacet
  facet normal 0 0 1
    outer loop
      vertex 11.0912 48.0419 30
      vertex -11.0912 48.0419 30
      vertex 11 47 30
    endloop
  endfacet
  facet normal 0 -0 1
    outer loop
      vertex -11 47 30
      vertex 11 47 30
      vertex -11.0912 48.0419 30
    endloop
  endfacet
  facet normal 0 0 1
    outer loop
      vertex 11 47 30
      vertex -11 47 30
      vertex 11.0912 45.9581 30
    endloop
  endfacet
  facet normal 0 0 1
    outer loop
      vertex 14.9479 41.3618 30
      vertex 0 34 30
      vertex 24.6667 32.5 30
    endloop
  endfacet
  facet normal 0 0 1
    outer loop
      vertex 12.4037 43.1433 30
      vertex 0 34 30
      vertex 13.1433 42.4037 30
    endloop
  endfacet
  facet normal 0 0 1
    outer loop
      vertex 11.8038 44 30
      vertex 0 34 30
      vertex 12.4037 43.1433 30
    endloop
  endfacet
  facet normal 0 0 1
    outer loop
      vertex -11.0912 45.9581 30
      vertex 11.0912 45.9581 30
      vertex -11 47 30
    endloop
  endfacet
  facet normal 0 0 1
    outer loop
      vertex -11.7387 49.8603 30
      vertex 0 61.5 30
      vertex -9.37204 60.7521 30
    endloop
  endfacet
  facet normal 0 -0 1
    outer loop
      vertex 0 34 30
      vertex 11.0912 45.9581 30
      vertex -11.0912 45.9581 30
    endloop
  endfacet
  facet normal 0 0 1
    outer loop
      vertex 11.0912 45.9581 30
      vertex 0 34 30
      vertex 11.3618 44.9479 30
    endloop
  endfacet
  facet normal -0 0 1
    outer loop
      vertex -11.3618 44.9479 30
      vertex 0 34 30
      vertex -11.0912 45.9581 30
    endloop
  endfacet
  facet normal -0 0 1
    outer loop
      vertex -11.8038 44 30
      vertex 0 34 30
      vertex -11.3618 44.9479 30
    endloop
  endfacet
  facet normal -0 0 1
    outer loop
      vertex -12.4037 43.1433 30
      vertex 0 34 30
      vertex -11.8038 44 30
    endloop
  endfacet
  facet normal -0 0 1
    outer loop
      vertex -13.1433 42.4037 30
      vertex 0 34 30
      vertex -12.4037 43.1433 30
    endloop
  endfacet
  facet normal -0 0 1
    outer loop
      vertex -14 41.8038 30
      vertex 0 34 30
      vertex -13.1433 42.4037 30
    endloop
  endfacet
  facet normal -0 0 1
    outer loop
      vertex -14.9479 41.3618 30
      vertex 0 34 30
      vertex -14 41.8038 30
    endloop
  endfacet
  facet normal -0 0 1
    outer loop
      vertex -15.9581 41.0912 30
      vertex 0 34 30
      vertex -14.9479 41.3618 30
    endloop
  endfacet
  facet normal 0 0 1
    outer loop
      vertex -24.6667 32.5 30
      vertex -15.9581 41.0912 30
      vertex -17 41 30
    endloop
  endfacet
  facet normal 0 0 1
    outer loop
      vertex -24.6667 32.5 30
      vertex -17 41 30
      vertex -18.0419 41.0912 30
    endloop
  endfacet
  facet normal 0 0 1
    outer loop
      vertex -24.6667 32.5 30
      vertex -18.0419 41.0912 30
      vertex -19.0521 41.3618 30
    endloop
  endfacet
  facet normal 0 -0 1
    outer loop
      vertex -45.0912 48.0419 30
      vertex -22.9088 48.0419 30
      vertex -45.3618 49.0521 30
    endloop
  endfacet
  facet normal 0 0 1
    outer loop
      vertex -15.9581 41.0912 30
      vertex -24.6667 32.5 30
      vertex 0 34 30
    endloop
  endfacet
  facet normal 0 0 1
    outer loop
      vertex -20 41.8038 30
      vertex -24.6667 32.5 30
      vertex -19.0521 41.3618 30
    endloop
  endfacet
  facet normal 0 0 1
    outer loop
      vertex -20.8567 42.4037 30
      vertex -24.6667 32.5 30
      vertex -20 41.8038 30
    endloop
  endfacet
  facet normal 0 0 1
    outer loop
      vertex -21.5963 43.1433 30
      vertex -24.6667 32.5 30
      vertex -20.8567 42.4037 30
    endloop
  endfacet
  facet normal 0 0 1
    outer loop
      vertex -22.1962 44 30
      vertex -24.6667 32.5 30
      vertex -21.5963 43.1433 30
    endloop
  endfacet
  facet normal 0 0 1
    outer loop
      vertex -22.6382 44.9479 30
      vertex -24.6667 32.5 30
      vertex -22.1962 44 30
    endloop
  endfacet
  facet normal 0 0 1
    outer loop
      vertex -45.3618 44.9479 30
      vertex -22.6382 44.9479 30
      vertex -22.9088 45.9581 30
    endloop
  endfacet
  facet normal 0 -0 1
    outer loop
      vertex -45 47 30
      vertex -23 47 30
      vertex -45.0912 48.0419 30
    endloop
  endfacet
  facet normal 0 0 1
    outer loop
      vertex -45.3618 49.0521 30
      vertex -24.378 59.6016 30
      vertex -43.294 61.1112 30
    endloop
  endfacet
  facet normal 0 0 1
    outer loop
      vertex -23 47 30
      vertex -45 47 30
      vertex -22.9088 45.9581 30
    endloop
  endfacet
  facet normal 0 0 1
    outer loop
      vertex -45.3618 44.9479 30
      vertex -22.9088 45.9581 30
      vertex -45.0912 45.9581 30
    endloop
  endfacet
  facet normal 0 0 1
    outer loop
      vertex -22.6382 44.9479 30
      vertex -45.3618 44.9479 30
      vertex -24.6667 32.5 30
    endloop
  endfacet
  facet normal -0 0 1
    outer loop
      vertex -45.8038 44 30
      vertex -24.6667 32.5 30
      vertex -45.3618 44.9479 30
    endloop
  endfacet
  facet normal -0 0 1
    outer loop
      vertex -46.4037 43.1433 30
      vertex -24.6667 32.5 30
      vertex -45.8038 44 30
    endloop
  endfacet
  facet normal 0 0 1
    outer loop
      vertex -49.3333 34 30
      vertex -46.4037 43.1433 30
      vertex -47.1433 42.4037 30
    endloop
  endfacet
  facet normal 0 0 1
    outer loop
      vertex -49.3333 34 30
      vertex -47.1433 42.4037 30
      vertex -48 41.8038 30
    endloop
  endfacet
  facet normal 0 0 1
    outer loop
      vertex -49.3333 34 30
      vertex -48 41.8038 30
      vertex -48.9479 41.3618 30
    endloop
  endfacet
  facet normal 0 0 1
    outer loop
      vertex -46.4037 43.1433 30
      vertex -49.3333 34 30
      vertex -24.6667 32.5 30
    endloop
  endfacet
  facet normal -0 0 1
    outer loop
      vertex -49.9581 41.0912 30
      vertex -49.3333 34 30
      vertex -48.9479 41.3618 30
    endloop
  endfacet
  facet normal -0 0 1
    outer loop
      vertex -51 41 30
      vertex -49.3333 34 30
      vertex -49.9581 41.0912 30
    endloop
  endfacet
  facet normal 0 0 1
    outer loop
      vertex -52.0419 41.0912 30
      vertex -49.3333 34 30
      vertex -51 41 30
    endloop
  endfacet
  facet normal 0 0 1
    outer loop
      vertex -53.0521 41.3618 30
      vertex -49.3333 34 30
      vertex -52.0419 41.0912 30
    endloop
  endfacet
  facet normal 0 0 1
    outer loop
      vertex -54 41.8038 30
      vertex -49.3333 34 30
      vertex -53.0521 41.3618 30
    endloop
  endfacet
  facet normal 0 0 1
    outer loop
      vertex -64 34 30
      vertex -54 41.8038 30
      vertex -54.8567 42.4037 30
    endloop
  endfacet
  facet normal 0 0 1
    outer loop
      vertex -64 34 30
      vertex -54.8567 42.4037 30
      vertex -55.5963 43.1433 30
    endloop
  endfacet
  facet normal 0 0 1
    outer loop
      vertex -64 34 30
      vertex -55.5963 43.1433 30
      vertex -56.1962 44 30
    endloop
  endfacet
  facet normal 0 0 1
    outer loop
      vertex -56.6382 49.0521 30
      vertex -72.25 48.0469 30
      vertex -56.9088 48.0419 30
    endloop
  endfacet
  facet normal 0 0 1
    outer loop
      vertex -56.9088 48.0419 30
      vertex -72.25 48.0469 30
      vertex -57 47 30
    endloop
  endfacet
  facet normal 0 0 1
    outer loop
      vertex -54 41.8038 30
      vertex -64 34 30
      vertex -49.3333 34 30
    endloop
  endfacet
  facet normal 0 0 1
    outer loop
      vertex -56.6382 44.9479 30
      vertex -64 34 30
      vertex -56.1962 44 30
    endloop
  endfacet
  facet normal 0 0 1
    outer loop
      vertex -72.25 48.0469 30
      vertex -56.6382 44.9479 30
      vertex -56.9088 45.9581 30
    endloop
  endfacet
  facet normal 0 0 1
    outer loop
      vertex -57 47 30
      vertex -72.25 48.0469 30
      vertex -56.9088 45.9581 30
    endloop
  endfacet
  facet normal 0 0 1
    outer loop
      vertex -56.6382 44.9479 30
      vertex -72.25 48.0469 30
      vertex -64 34 30
    endloop
  endfacet
  facet normal 0 0 1
    outer loop
      vertex -64 34 30
      vertex -72.25 48.0469 30
      vertex -72.25 25.75 30
    endloop
  endfacet
  facet normal 0 0 1
    outer loop
      vertex 45 47 30
      vertex 23 47 30
      vertex 45.0912 45.9581 30
    endloop
  endfacet
  facet normal 0 -0 1
    outer loop
      vertex 23 47 30
      vertex 45 47 30
      vertex 22.9088 48.0419 30
    endloop
  endfacet
  facet normal 0 -0 1
    outer loop
      vertex 22.6382 49.0521 30
      vertex 24.378 59.6016 30
      vertex 22.2613 49.8603 30
    endloop
  endfacet
  facet normal 0 0 1
    outer loop
      vertex 11.3618 44.9479 30
      vertex 0 34 30
      vertex 11.8038 44 30
    endloop
  endfacet
  facet normal 0 0 1
    outer loop
      vertex 0 61.5 30
      vertex -11.3618 49.0521 30
      vertex -11.0912 48.0419 30
    endloop
  endfacet
  facet normal 0 0 1
    outer loop
      vertex 0 61.5 30
      vertex -11.7387 49.8603 30
      vertex -11.3618 49.0521 30
    endloop
  endfacet
  facet normal 0 0 1
    outer loop
      vertex -45.0912 45.9581 30
      vertex -22.9088 45.9581 30
      vertex -45 47 30
    endloop
  endfacet
  facet normal 0 0 1
    outer loop
      vertex -22.9088 48.0419 30
      vertex -45.0912 48.0419 30
      vertex -23 47 30
    endloop
  endfacet
  facet normal 0 -0 1
    outer loop
      vertex -45.3618 49.0521 30
      vertex -43.294 61.1112 30
      vertex -45.7387 49.8603 30
    endloop
  endfacet
  facet normal 0.511734 0.438629 0.738738
    outer loop
      vertex 74 50 27.5
      vertex 62 64 27.5
      vertex 61.9593 63.9306 27.5694
    endloop
  endfacet
  facet normal 0.525912 0.450971 0.721139
    outer loop
      vertex 73.9514 49.9457 27.5694
      vertex 74 50 27.5
      vertex 61.9593 63.9306 27.5694
    endloop
  endfacet
  facet normal -0 0.707107 0.707107
    outer loop
      vertex 59.3337 64 27.5
      vertex 61.9593 63.9306 27.5694
      vertex 62 64 27.5
    endloop
  endfacet
  facet normal 0 0.707107 0.707107
    outer loop
      vertex 61.9593 63.9306 27.5694
      vertex 59.3337 64 27.5
      vertex 59.3186 63.9306 27.5694
    endloop
  endfacet
  facet normal -0.0583373 0.719488 0.692051
    outer loop
      vertex 42.7817 63.4688 27.5
      vertex 24.9031 62.0185 27.5007
      vertex 42.7922 63.4205 27.5511
    endloop
  endfacet
  facet normal -0.0579036 0.714144 0.6976
    outer loop
      vertex 24.9031 62.0185 27.5007
      vertex 42.7817 63.4688 27.5
      vertex 24.9033 62.0192 27.5
    endloop
  endfacet
  facet normal -0.0586371 0.723458 0.687874
    outer loop
      vertex 42.7922 63.4205 27.5511
      vertex 24.8887 61.952 27.5694
      vertex 42.7959 63.4034 27.5694
    endloop
  endfacet
  facet normal -0.0586319 0.723395 0.68794
    outer loop
      vertex 24.8887 61.952 27.5694
      vertex 42.7922 63.4205 27.5511
      vertex 24.9031 62.0185 27.5007
    endloop
  endfacet
  facet normal 0.0576331 0.710783 0.701046
    outer loop
      vertex 8.82716 63.2597 27.5249
      vertex 8.82172 63.2847 27.5
      vertex 0 64 27.5
    endloop
  endfacet
  facet normal 0.0572138 0.705949 0.705949
    outer loop
      vertex 0 63.9306 27.5694
      vertex 8.82716 63.2597 27.5249
      vertex 0 64 27.5
    endloop
  endfacet
  facet normal 0.0571573 0.705152 0.706749
    outer loop
      vertex 8.82716 63.2597 27.5249
      vertex 0 63.9306 27.5694
      vertex 8.83702 63.2143 27.5694
    endloop
  endfacet
  facet normal -0.0576331 0.710783 0.701046
    outer loop
      vertex 0 64 27.5
      vertex -8.82172 63.2847 27.5
      vertex -8.82716 63.2597 27.5249
    endloop
  endfacet
  facet normal -0.0571573 0.705152 0.706749
    outer loop
      vertex 0 63.9306 27.5694
      vertex -8.82716 63.2597 27.5249
      vertex -8.83702 63.2143 27.5694
    endloop
  endfacet
  facet normal -0.0572138 0.705949 0.705949
    outer loop
      vertex -8.82716 63.2597 27.5249
      vertex 0 63.9306 27.5694
      vertex 0 64 27.5
    endloop
  endfacet
  facet normal 0.0579343 0.714147 0.697594
    outer loop
      vertex -24.9033 62.0192 27.5
      vertex -42.7922 63.4205 27.5511
      vertex -24.9031 62.0185 27.5007
    endloop
  endfacet
  facet normal 0.0583368 0.719488 0.692051
    outer loop
      vertex -42.7922 63.4205 27.5511
      vertex -24.9033 62.0192 27.5
      vertex -42.7817 63.4688 27.5
    endloop
  endfacet
  facet normal 0.0586371 0.723458 0.687874
    outer loop
      vertex -24.8887 61.952 27.5694
      vertex -42.7922 63.4205 27.5511
      vertex -42.7959 63.4034 27.5694
    endloop
  endfacet
  facet normal 0.0586319 0.723395 0.68794
    outer loop
      vertex -42.7922 63.4205 27.5511
      vertex -24.8887 61.952 27.5694
      vertex -24.9031 62.0185 27.5007
    endloop
  endfacet
  facet normal 0 0.707107 0.707107
    outer loop
      vertex -59.3337 64 27.5
      vertex -61.9593 63.9306 27.5694
      vertex -59.3186 63.9306 27.5694
    endloop
  endfacet
  facet normal 0 0.707107 0.707107
    outer loop
      vertex -61.9593 63.9306 27.5694
      vertex -59.3337 64 27.5
      vertex -62 64 27.5
    endloop
  endfacet
  facet normal -0.511734 0.438629 0.738738
    outer loop
      vertex -61.9593 63.9306 27.5694
      vertex -62 64 27.5
      vertex -74 50 27.5
    endloop
  endfacet
  facet normal -0.525912 0.450971 0.721139
    outer loop
      vertex -73.9514 49.9457 27.5694
      vertex -61.9593 63.9306 27.5694
      vertex -74 50 27.5
    endloop
  endfacet
  facet normal -0.819121 0 0.573621
    outer loop
      vertex -74 24 27.5
      vertex -73.9514 49.9457 27.5694
      vertex -74 50 27.5
    endloop
  endfacet
  facet normal -0.819121 0 0.573621
    outer loop
      vertex -73.9514 49.9457 27.5694
      vertex -74 24 27.5
      vertex -73.9514 24.0486 27.5694
    endloop
  endfacet
  facet normal 0.819121 0 0.573621
    outer loop
      vertex 74 24 27.5
      vertex 73.9514 49.9457 27.5694
      vertex 73.9514 24.0486 27.5694
    endloop
  endfacet
  facet normal 0.819121 0 0.573621
    outer loop
      vertex 73.9514 49.9457 27.5694
      vertex 74 24 27.5
      vertex 74 50 27.5
    endloop
  endfacet
  facet normal 0.511507 0.438619 0.7389
    outer loop
      vertex 73.9514 49.9457 27.5694
      vertex 61.9593 63.9306 27.5694
      vertex 61.9185 63.8611 27.6389
    endloop
  endfacet
  facet normal 0.526445 0.451629 0.720338
    outer loop
      vertex 73.9028 49.8915 27.6389
      vertex 73.9514 49.9457 27.5694
      vertex 61.9185 63.8611 27.6389
    endloop
  endfacet
  facet normal -0.0583034 0.719381 0.692164
    outer loop
      vertex 42.7959 63.4034 27.5694
      vertex 24.8886 61.9514 27.5701
      vertex 42.8065 63.3549 27.6207
    endloop
  endfacet
  facet normal -0.0617732 0.76215 0.644447
    outer loop
      vertex 24.8886 61.9514 27.5701
      vertex 42.7959 63.4034 27.5694
      vertex 24.8887 61.952 27.5694
    endloop
  endfacet
  facet normal -0.0586154 0.72356 0.687769
    outer loop
      vertex 42.8065 63.3549 27.6207
      vertex 24.8741 61.8849 27.6389
      vertex 42.8102 63.3379 27.6389
    endloop
  endfacet
  facet normal -0.0586465 0.723934 0.687372
    outer loop
      vertex 24.8741 61.8849 27.6389
      vertex 42.8065 63.3549 27.6207
      vertex 24.8886 61.9514 27.5701
    endloop
  endfacet
  facet normal 0.057727 0.71218 0.699619
    outer loop
      vertex 8.84246 63.1893 27.5944
      vertex 8.83702 63.2143 27.5694
      vertex 0 63.9306 27.5694
    endloop
  endfacet
  facet normal 0.0571856 0.705933 0.705966
    outer loop
      vertex 8.84246 63.1893 27.5944
      vertex 0 63.8611 27.6389
      vertex 8.85231 63.144 27.6389
    endloop
  endfacet
  facet normal 0.0571868 0.70595 0.70595
    outer loop
      vertex 0 63.8611 27.6389
      vertex 8.84246 63.1893 27.5944
      vertex 0 63.9306 27.5694
    endloop
  endfacet
  facet normal -0.057727 0.71218 0.699619
    outer loop
      vertex 0 63.9306 27.5694
      vertex -8.83702 63.2143 27.5694
      vertex -8.84246 63.1893 27.5944
    endloop
  endfacet
  facet normal -0.0571856 0.705933 0.705966
    outer loop
      vertex 0 63.8611 27.6389
      vertex -8.84246 63.1893 27.5944
      vertex -8.85231 63.144 27.6389
    endloop
  endfacet
  facet normal -0.0571868 0.70595 0.70595
    outer loop
      vertex -8.84246 63.1893 27.5944
      vertex 0 63.8611 27.6389
      vertex 0 63.9306 27.5694
    endloop
  endfacet
  facet normal 0.0615184 0.762144 0.644478
    outer loop
      vertex -24.8887 61.952 27.5694
      vertex -42.8065 63.3549 27.6207
      vertex -24.8886 61.9514 27.5701
    endloop
  endfacet
  facet normal 0.0583067 0.719381 0.692164
    outer loop
      vertex -42.8065 63.3549 27.6207
      vertex -24.8887 61.952 27.5694
      vertex -42.7959 63.4034 27.5694
    endloop
  endfacet
  facet normal 0.0586154 0.72356 0.687769
    outer loop
      vertex -24.8741 61.8849 27.6389
      vertex -42.8065 63.3549 27.6207
      vertex -42.8102 63.3379 27.6389
    endloop
  endfacet
  facet normal 0.0586465 0.723934 0.687372
    outer loop
      vertex -42.8065 63.3549 27.6207
      vertex -24.8741 61.8849 27.6389
      vertex -24.8886 61.9514 27.5701
    endloop
  endfacet
  facet normal 0 0.707107 0.707107
    outer loop
      vertex -59.3186 63.9306 27.5694
      vertex -61.6742 63.4444 28.0556
      vertex -59.213 63.4444 28.0556
    endloop
  endfacet
  facet normal 0 0.707107 0.707107
    outer loop
      vertex -59.3186 63.9306 27.5694
      vertex -61.7149 63.5139 27.9861
      vertex -61.6742 63.4444 28.0556
    endloop
  endfacet
  facet normal 0 0.707107 0.707107
    outer loop
      vertex -59.3186 63.9306 27.5694
      vertex -61.7556 63.5833 27.9167
      vertex -61.7149 63.5139 27.9861
    endloop
  endfacet
  facet normal 0 0.707107 0.707107
    outer loop
      vertex -59.3186 63.9306 27.5694
      vertex -61.7964 63.6528 27.8472
      vertex -61.7556 63.5833 27.9167
    endloop
  endfacet
  facet normal 0 0.707107 0.707107
    outer loop
      vertex -59.3186 63.9306 27.5694
      vertex -61.8371 63.7222 27.7778
      vertex -61.7964 63.6528 27.8472
    endloop
  endfacet
  facet normal 0 0.707107 0.707107
    outer loop
      vertex -59.3186 63.9306 27.5694
      vertex -61.8778 63.7917 27.7083
      vertex -61.8371 63.7222 27.7778
    endloop
  endfacet
  facet normal 0 0.707107 0.707107
    outer loop
      vertex -59.3186 63.9306 27.5694
      vertex -61.9185 63.8611 27.6389
      vertex -61.8778 63.7917 27.7083
    endloop
  endfacet
  facet normal 0 0.707107 0.707107
    outer loop
      vertex -61.9185 63.8611 27.6389
      vertex -59.3186 63.9306 27.5694
      vertex -61.9593 63.9306 27.5694
    endloop
  endfacet
  facet normal -0.511507 0.438619 0.7389
    outer loop
      vertex -61.9185 63.8611 27.6389
      vertex -61.9593 63.9306 27.5694
      vertex -73.9514 49.9457 27.5694
    endloop
  endfacet
  facet normal -0.526445 0.451629 0.720338
    outer loop
      vertex -73.9028 49.8915 27.6389
      vertex -61.9185 63.8611 27.6389
      vertex -73.9514 49.9457 27.5694
    endloop
  endfacet
  facet normal -0.819509 0 0.573067
    outer loop
      vertex -73.9514 24.0486 27.5694
      vertex -73.9028 49.8915 27.6389
      vertex -73.9514 49.9457 27.5694
    endloop
  endfacet
  facet normal -0.819509 0 0.573067
    outer loop
      vertex -73.9028 49.8915 27.6389
      vertex -73.9514 24.0486 27.5694
      vertex -73.9028 24.0972 27.6389
    endloop
  endfacet
  facet normal 0.819509 0 0.573067
    outer loop
      vertex 73.9514 24.0486 27.5694
      vertex 73.9028 49.8915 27.6389
      vertex 73.9028 24.0972 27.6389
    endloop
  endfacet
  facet normal 0.819509 0 0.573067
    outer loop
      vertex 73.9028 49.8915 27.6389
      vertex 73.9514 24.0486 27.5694
      vertex 73.9514 49.9457 27.5694
    endloop
  endfacet
  facet normal 0.511505 0.438812 0.738787
    outer loop
      vertex 73.9028 49.8915 27.6389
      vertex 61.9185 63.8611 27.6389
      vertex 61.8778 63.7917 27.7083
    endloop
  endfacet
  facet normal 0.525703 0.451183 0.721159
    outer loop
      vertex 73.8542 49.8372 27.7083
      vertex 73.9028 49.8915 27.6389
      vertex 61.8778 63.7917 27.7083
    endloop
  endfacet
  facet normal -0.0582826 0.719442 0.692103
    outer loop
      vertex 42.8102 63.3379 27.6389
      vertex 24.874 61.8842 27.6396
      vertex 42.8207 63.2894 27.6902
    endloop
  endfacet
  facet normal -0.0575196 0.710033 0.701816
    outer loop
      vertex 24.874 61.8842 27.6396
      vertex 42.8102 63.3379 27.6389
      vertex 24.8741 61.8849 27.6389
    endloop
  endfacet
  facet normal -0.0586022 0.723661 0.687663
    outer loop
      vertex 42.8207 63.2894 27.6902
      vertex 24.8595 61.8177 27.7083
      vertex 42.8244 63.2725 27.7083
    endloop
  endfacet
  facet normal -0.0585834 0.723434 0.687903
    outer loop
      vertex 24.8595 61.8177 27.7083
      vertex 42.8207 63.2894 27.6902
      vertex 24.874 61.8842 27.6396
    endloop
  endfacet
  facet normal 0.0575785 0.710783 0.701051
    outer loop
      vertex 8.85777 63.1189 27.6639
      vertex 8.85231 63.144 27.6389
      vertex 0 63.8611 27.6389
    endloop
  endfacet
  facet normal 0.0571597 0.705951 0.705951
    outer loop
      vertex 0 63.7917 27.7083
      vertex 8.85777 63.1189 27.6639
      vertex 0 63.8611 27.6389
    endloop
  endfacet
  facet normal 0.0571013 0.705127 0.706778
    outer loop
      vertex 8.85777 63.1189 27.6639
      vertex 0 63.7917 27.7083
      vertex 8.8676 63.0736 27.7083
    endloop
  endfacet
  facet normal -0.0575785 0.710783 0.701051
    outer loop
      vertex 0 63.8611 27.6389
      vertex -8.85231 63.144 27.6389
      vertex -8.85777 63.1189 27.6639
    endloop
  endfacet
  facet normal -0.0571597 0.705951 0.705951
    outer loop
      vertex -8.85777 63.1189 27.6639
      vertex 0 63.7917 27.7083
      vertex 0 63.8611 27.6389
    endloop
  endfacet
  facet normal -0.0571013 0.705127 0.706778
    outer loop
      vertex 0 63.7917 27.7083
      vertex -8.85777 63.1189 27.6639
      vertex -8.8676 63.0736 27.7083
    endloop
  endfacet
  facet normal 0.0575734 0.710034 0.70181
    outer loop
      vertex -24.8741 61.8849 27.6389
      vertex -42.8207 63.2894 27.6902
      vertex -24.874 61.8842 27.6396
    endloop
  endfacet
  facet normal 0.0582818 0.719442 0.692103
    outer loop
      vertex -42.8207 63.2894 27.6902
      vertex -24.8741 61.8849 27.6389
      vertex -42.8102 63.3379 27.6389
    endloop
  endfacet
  facet normal 0.0586022 0.723661 0.687663
    outer loop
      vertex -24.8595 61.8177 27.7083
      vertex -42.8207 63.2894 27.6902
      vertex -42.8244 63.2725 27.7083
    endloop
  endfacet
  facet normal 0.0585834 0.723434 0.687903
    outer loop
      vertex -42.8207 63.2894 27.6902
      vertex -24.8595 61.8177 27.7083
      vertex -24.874 61.8842 27.6396
    endloop
  endfacet
  facet normal -0.511505 0.438812 0.738787
    outer loop
      vertex -61.8778 63.7917 27.7083
      vertex -61.9185 63.8611 27.6389
      vertex -73.9028 49.8915 27.6389
    endloop
  endfacet
  facet normal -0.525703 0.451183 0.721159
    outer loop
      vertex -73.8542 49.8372 27.7083
      vertex -61.8778 63.7917 27.7083
      vertex -73.9028 49.8915 27.6389
    endloop
  endfacet
  facet normal -0.819121 0 0.573621
    outer loop
      vertex -73.9028 24.0972 27.6389
      vertex -73.8542 49.8372 27.7083
      vertex -73.9028 49.8915 27.6389
    endloop
  endfacet
  facet normal -0.819121 0 0.573621
    outer loop
      vertex -73.8542 49.8372 27.7083
      vertex -73.9028 24.0972 27.6389
      vertex -73.8542 24.1458 27.7083
    endloop
  endfacet
  facet normal 0.819121 0 0.573621
    outer loop
      vertex 73.9028 24.0972 27.6389
      vertex 73.8542 49.8372 27.7083
      vertex 73.8542 24.1458 27.7083
    endloop
  endfacet
  facet normal 0.819121 0 0.573621
    outer loop
      vertex 73.8542 49.8372 27.7083
      vertex 73.9028 24.0972 27.6389
      vertex 73.9028 49.8915 27.6389
    endloop
  endfacet
  facet normal 0.511557 0.439042 0.738615
    outer loop
      vertex 73.8542 49.8372 27.7083
      vertex 61.8778 63.7917 27.7083
      vertex 61.8371 63.7222 27.7778
    endloop
  endfacet
  facet normal 0.526238 0.451839 0.720358
    outer loop
      vertex 73.8056 49.783 27.7778
      vertex 73.8542 49.8372 27.7083
      vertex 61.8371 63.7222 27.7778
    endloop
  endfacet
  facet normal -0.0582487 0.719336 0.692216
    outer loop
      vertex 42.8244 63.2725 27.7083
      vertex 24.8594 61.8171 27.709
      vertex 42.835 63.2238 27.7598
    endloop
  endfacet
  facet normal -0.0617189 0.762149 0.644453
    outer loop
      vertex 24.8594 61.8171 27.709
      vertex 42.8244 63.2725 27.7083
      vertex 24.8595 61.8177 27.7083
    endloop
  endfacet
  facet normal -0.0585942 0.723927 0.687384
    outer loop
      vertex 42.835 63.2238 27.7598
      vertex 24.8449 61.7506 27.7778
      vertex 42.8386 63.207 27.7778
    endloop
  endfacet
  facet normal -0.0585945 0.72393 0.68738
    outer loop
      vertex 24.8449 61.7506 27.7778
      vertex 42.835 63.2238 27.7598
      vertex 24.8594 61.8171 27.709
    endloop
  endfacet
  facet normal 0.0575586 0.710774 0.701062
    outer loop
      vertex 8.87307 63.0484 27.7334
      vertex 8.8676 63.0736 27.7083
      vertex 0 63.7917 27.7083
    endloop
  endfacet
  facet normal 0.0571379 0.705911 0.705993
    outer loop
      vertex 8.87307 63.0484 27.7334
      vertex 0 63.7222 27.7778
      vertex 8.88289 63.0032 27.7778
    endloop
  endfacet
  facet normal 0.0571408 0.705951 0.705951
    outer loop
      vertex 0 63.7222 27.7778
      vertex 8.87307 63.0484 27.7334
      vertex 0 63.7917 27.7083
    endloop
  endfacet
  facet normal -0.0575586 0.710774 0.701062
    outer loop
      vertex 0 63.7917 27.7083
      vertex -8.8676 63.0736 27.7083
      vertex -8.87307 63.0484 27.7334
    endloop
  endfacet
  facet normal -0.0571379 0.705911 0.705993
    outer loop
      vertex 0 63.7222 27.7778
      vertex -8.87307 63.0484 27.7334
      vertex -8.88289 63.0032 27.7778
    endloop
  endfacet
  facet normal -0.0571408 0.705951 0.705951
    outer loop
      vertex -8.87307 63.0484 27.7334
      vertex 0 63.7222 27.7778
      vertex 0 63.7917 27.7083
    endloop
  endfacet
  facet normal 0.0614637 0.762143 0.644485
    outer loop
      vertex -24.8595 61.8177 27.7083
      vertex -42.835 63.2238 27.7598
      vertex -24.8594 61.8171 27.709
    endloop
  endfacet
  facet normal 0.0582519 0.719336 0.692216
    outer loop
      vertex -42.835 63.2238 27.7598
      vertex -24.8595 61.8177 27.7083
      vertex -42.8244 63.2725 27.7083
    endloop
  endfacet
  facet normal 0.0585942 0.723927 0.687384
    outer loop
      vertex -24.8449 61.7506 27.7778
      vertex -42.835 63.2238 27.7598
      vertex -42.8386 63.207 27.7778
    endloop
  endfacet
  facet normal 0.0585945 0.72393 0.68738
    outer loop
      vertex -42.835 63.2238 27.7598
      vertex -24.8449 61.7506 27.7778
      vertex -24.8594 61.8171 27.709
    endloop
  endfacet
  facet normal -0.511557 0.439042 0.738615
    outer loop
      vertex -61.8371 63.7222 27.7778
      vertex -61.8778 63.7917 27.7083
      vertex -73.8542 49.8372 27.7083
    endloop
  endfacet
  facet normal -0.526238 0.451839 0.720358
    outer loop
      vertex -73.8056 49.783 27.7778
      vertex -61.8371 63.7222 27.7778
      vertex -73.8542 49.8372 27.7083
    endloop
  endfacet
  facet normal -0.819509 0 0.573067
    outer loop
      vertex -73.8542 24.1458 27.7083
      vertex -73.8056 49.783 27.7778
      vertex -73.8542 49.8372 27.7083
    endloop
  endfacet
  facet normal -0.819509 0 0.573067
    outer loop
      vertex -73.8056 49.783 27.7778
      vertex -73.8542 24.1458 27.7083
      vertex -73.8056 24.1944 27.7778
    endloop
  endfacet
  facet normal 0.819509 0 0.573067
    outer loop
      vertex 73.8542 24.1458 27.7083
      vertex 73.8056 49.783 27.7778
      vertex 73.8056 24.1944 27.7778
    endloop
  endfacet
  facet normal 0.819509 0 0.573067
    outer loop
      vertex 73.8056 49.783 27.7778
      vertex 73.8542 24.1458 27.7083
      vertex 73.8542 49.8372 27.7083
    endloop
  endfacet
  facet normal 0.511278 0.438994 0.738836
    outer loop
      vertex 73.8056 49.783 27.7778
      vertex 61.8371 63.7222 27.7778
      vertex 61.7964 63.6528 27.8472
    endloop
  endfacet
  facet normal 0.525211 0.451145 0.721541
    outer loop
      vertex 73.7569 49.7287 27.8472
      vertex 73.8056 49.783 27.7778
      vertex 61.7964 63.6528 27.8472
    endloop
  endfacet
  facet normal -0.0582216 0.719314 0.692241
    outer loop
      vertex 42.8386 63.207 27.7778
      vertex 24.8448 61.7499 27.7785
      vertex 42.8492 63.1582 27.8294
    endloop
  endfacet
  facet normal -0.0574695 0.710031 0.701821
    outer loop
      vertex 24.8448 61.7499 27.7785
      vertex 42.8386 63.207 27.7778
      vertex 24.8449 61.7506 27.7778
    endloop
  endfacet
  facet normal -0.0585897 0.724134 0.687166
    outer loop
      vertex 42.8492 63.1582 27.8294
      vertex 24.8303 61.6834 27.8472
      vertex 42.8528 63.1416 27.8472
    endloop
  endfacet
  facet normal -0.0585314 0.723431 0.687911
    outer loop
      vertex 24.8303 61.6834 27.8472
      vertex 42.8492 63.1582 27.8294
      vertex 24.8448 61.7499 27.7785
    endloop
  endfacet
  facet normal 0.0575332 0.710795 0.701043
    outer loop
      vertex 8.88838 62.978 27.8029
      vertex 8.88289 63.0032 27.7778
      vertex 0 63.7222 27.7778
    endloop
  endfacet
  facet normal 0.0571099 0.705896 0.70601
    outer loop
      vertex 8.88838 62.978 27.8029
      vertex 0 63.6528 27.8472
      vertex 8.89818 62.9329 27.8472
    endloop
  endfacet
  facet normal 0.0571139 0.705953 0.705953
    outer loop
      vertex 0 63.6528 27.8472
      vertex 8.88838 62.978 27.8029
      vertex 0 63.7222 27.7778
    endloop
  endfacet
  facet normal -0.0575332 0.710795 0.701043
    outer loop
      vertex 0 63.7222 27.7778
      vertex -8.88289 63.0032 27.7778
      vertex -8.88838 62.978 27.8029
    endloop
  endfacet
  facet normal -0.0571099 0.705896 0.70601
    outer loop
      vertex 0 63.6528 27.8472
      vertex -8.88838 62.978 27.8029
      vertex -8.89818 62.9329 27.8472
    endloop
  endfacet
  facet normal -0.0571139 0.705953 0.705953
    outer loop
      vertex -8.88838 62.978 27.8029
      vertex 0 63.6528 27.8472
      vertex 0 63.7222 27.7778
    endloop
  endfacet
  facet normal 0.0575227 0.710033 0.701815
    outer loop
      vertex -24.8449 61.7506 27.7778
      vertex -42.8492 63.1582 27.8294
      vertex -24.8448 61.7499 27.7785
    endloop
  endfacet
  facet normal 0.0582209 0.719314 0.692241
    outer loop
      vertex -42.8492 63.1582 27.8294
      vertex -24.8449 61.7506 27.7778
      vertex -42.8386 63.207 27.7778
    endloop
  endfacet
  facet normal 0.0585897 0.724134 0.687166
    outer loop
      vertex -24.8303 61.6834 27.8472
      vertex -42.8492 63.1582 27.8294
      vertex -42.8528 63.1416 27.8472
    endloop
  endfacet
  facet normal 0.0585314 0.723431 0.687911
    outer loop
      vertex -42.8492 63.1582 27.8294
      vertex -24.8303 61.6834 27.8472
      vertex -24.8448 61.7499 27.7785
    endloop
  endfacet
  facet normal -0.511278 0.438994 0.738836
    outer loop
      vertex -61.7964 63.6528 27.8472
      vertex -61.8371 63.7222 27.7778
      vertex -73.8056 49.783 27.7778
    endloop
  endfacet
  facet normal -0.525211 0.451145 0.721541
    outer loop
      vertex -73.7569 49.7287 27.8472
      vertex -61.7964 63.6528 27.8472
      vertex -73.8056 49.783 27.7778
    endloop
  endfacet
  facet normal -0.818566 0 0.574412
    outer loop
      vertex -73.8056 24.1944 27.7778
      vertex -73.7569 49.7287 27.8472
      vertex -73.8056 49.783 27.7778
    endloop
  endfacet
  facet normal -0.818566 0 0.574412
    outer loop
      vertex -73.7569 49.7287 27.8472
      vertex -73.8056 24.1944 27.7778
      vertex -73.7569 24.2431 27.8472
    endloop
  endfacet
  facet normal 0.818566 0 0.574412
    outer loop
      vertex 73.8056 24.1944 27.7778
      vertex 73.7569 49.7287 27.8472
      vertex 73.7569 24.2431 27.8472
    endloop
  endfacet
  facet normal 0.818566 0 0.574412
    outer loop
      vertex 73.7569 49.7287 27.8472
      vertex 73.8056 24.1944 27.7778
      vertex 73.8056 49.783 27.7778
    endloop
  endfacet
  facet normal 0.511053 0.438984 0.738998
    outer loop
      vertex 73.7569 49.7287 27.8472
      vertex 61.7964 63.6528 27.8472
      vertex 61.7556 63.5833 27.9167
    endloop
  endfacet
  facet normal 0.52603 0.45205 0.720377
    outer loop
      vertex 73.7083 49.6745 27.9167
      vertex 73.7569 49.7287 27.8472
      vertex 61.7556 63.5833 27.9167
    endloop
  endfacet
  facet normal -0.058194 0.719235 0.692326
    outer loop
      vertex 42.8528 63.1416 27.8472
      vertex 24.8302 61.6827 27.8479
      vertex 42.8635 63.0927 27.8989
    endloop
  endfacet
  facet normal -0.0574486 0.710031 0.701824
    outer loop
      vertex 24.8302 61.6827 27.8479
      vertex 42.8528 63.1416 27.8472
      vertex 24.8303 61.6834 27.8472
    endloop
  endfacet
  facet normal -0.0585604 0.724138 0.687164
    outer loop
      vertex 42.8635 63.0927 27.8989
      vertex 24.8157 61.6163 27.9167
      vertex 42.8671 63.0761 27.9167
    endloop
  endfacet
  facet normal -0.0585863 0.724451 0.686832
    outer loop
      vertex 24.8157 61.6163 27.9167
      vertex 42.8635 63.0927 27.8989
      vertex 24.8302 61.6827 27.8479
    endloop
  endfacet
  facet normal 0.0575055 0.710785 0.701055
    outer loop
      vertex 8.90368 62.9076 27.8724
      vertex 8.89818 62.9329 27.8472
      vertex 0 63.6528 27.8472
    endloop
  endfacet
  facet normal 0.0570873 0.705954 0.705954
    outer loop
      vertex 0 63.5833 27.9167
      vertex 8.90368 62.9076 27.8724
      vertex 0 63.6528 27.8472
    endloop
  endfacet
  facet normal 0.0570826 0.705888 0.70602
    outer loop
      vertex 8.90368 62.9076 27.8724
      vertex 0 63.5833 27.9167
      vertex 8.91347 62.8625 27.9167
    endloop
  endfacet
  facet normal -0.0575055 0.710785 0.701055
    outer loop
      vertex 0 63.6528 27.8472
      vertex -8.89818 62.9329 27.8472
      vertex -8.90368 62.9076 27.8724
    endloop
  endfacet
  facet normal -0.0570873 0.705954 0.705954
    outer loop
      vertex -8.90368 62.9076 27.8724
      vertex 0 63.5833 27.9167
      vertex 0 63.6528 27.8472
    endloop
  endfacet
  facet normal -0.0570826 0.705888 0.70602
    outer loop
      vertex 0 63.5833 27.9167
      vertex -8.90368 62.9076 27.8724
      vertex -8.91347 62.8625 27.9167
    endloop
  endfacet
  facet normal 0.0575013 0.710032 0.701818
    outer loop
      vertex -24.8303 61.6834 27.8472
      vertex -42.8635 63.0927 27.8989
      vertex -24.8302 61.6827 27.8479
    endloop
  endfacet
  facet normal 0.0581933 0.719235 0.692326
    outer loop
      vertex -42.8635 63.0927 27.8989
      vertex -24.8303 61.6834 27.8472
      vertex -42.8528 63.1416 27.8472
    endloop
  endfacet
  facet normal 0.0585604 0.724138 0.687164
    outer loop
      vertex -24.8157 61.6163 27.9167
      vertex -42.8635 63.0927 27.8989
      vertex -42.8671 63.0761 27.9167
    endloop
  endfacet
  facet normal 0.0585863 0.724451 0.686832
    outer loop
      vertex -42.8635 63.0927 27.8989
      vertex -24.8157 61.6163 27.9167
      vertex -24.8302 61.6827 27.8479
    endloop
  endfacet
  facet normal -0.511053 0.438984 0.738998
    outer loop
      vertex -61.7556 63.5833 27.9167
      vertex -61.7964 63.6528 27.8472
      vertex -73.7569 49.7287 27.8472
    endloop
  endfacet
  facet normal -0.52603 0.45205 0.720377
    outer loop
      vertex -73.7083 49.6745 27.9167
      vertex -61.7556 63.5833 27.9167
      vertex -73.7569 49.7287 27.8472
    endloop
  endfacet
  facet normal -0.819509 0 0.573067
    outer loop
      vertex -73.7569 24.2431 27.8472
      vertex -73.7083 49.6745 27.9167
      vertex -73.7569 49.7287 27.8472
    endloop
  endfacet
  facet normal -0.819509 0 0.573067
    outer loop
      vertex -73.7083 49.6745 27.9167
      vertex -73.7569 24.2431 27.8472
      vertex -73.7083 24.2917 27.9167
    endloop
  endfacet
  facet normal 0.819509 0 0.573067
    outer loop
      vertex 73.7569 24.2431 27.8472
      vertex 73.7083 49.6745 27.9167
      vertex 73.7083 24.2917 27.9167
    endloop
  endfacet
  facet normal 0.819509 0 0.573067
    outer loop
      vertex 73.7083 49.6745 27.9167
      vertex 73.7569 24.2431 27.8472
      vertex 73.7569 49.7287 27.8472
    endloop
  endfacet
  facet normal 0.51105 0.439177 0.738885
    outer loop
      vertex 73.7083 49.6745 27.9167
      vertex 61.7556 63.5833 27.9167
      vertex 61.7149 63.5139 27.9861
    endloop
  endfacet
  facet normal 0.525288 0.451605 0.721198
    outer loop
      vertex 73.6597 49.6202 27.9861
      vertex 73.7083 49.6745 27.9167
      vertex 61.7149 63.5139 27.9861
    endloop
  endfacet
  facet normal -0.0581673 0.719269 0.692292
    outer loop
      vertex 42.8671 63.0761 27.9167
      vertex 24.8156 61.6156 27.9174
      vertex 42.8777 63.0271 27.9685
    endloop
  endfacet
  facet normal -0.0574194 0.71003 0.701827
    outer loop
      vertex 24.8156 61.6156 27.9174
      vertex 42.8671 63.0761 27.9167
      vertex 24.8157 61.6163 27.9167
    endloop
  endfacet
  facet normal -0.0585564 0.724351 0.686941
    outer loop
      vertex 42.8777 63.0271 27.9685
      vertex 24.8011 61.5491 27.9861
      vertex 42.8813 63.0107 27.9861
    endloop
  endfacet
  facet normal -0.05848 0.723428 0.687919
    outer loop
      vertex 24.8011 61.5491 27.9861
      vertex 42.8777 63.0271 27.9685
      vertex 24.8156 61.6156 27.9174
    endloop
  endfacet
  facet normal 0.0573658 0.70939 0.702477
    outer loop
      vertex 8.91898 62.8371 27.9419
      vertex 8.91347 62.8625 27.9167
      vertex 0 63.5833 27.9167
    endloop
  endfacet
  facet normal 0.0570632 0.70588 0.70603
    outer loop
      vertex 8.91898 62.8371 27.9419
      vertex 0 63.5139 27.9861
      vertex 8.92876 62.7921 27.9861
    endloop
  endfacet
  facet normal 0.0570685 0.705954 0.705954
    outer loop
      vertex 0 63.5139 27.9861
      vertex 8.91898 62.8371 27.9419
      vertex 0 63.5833 27.9167
    endloop
  endfacet
  facet normal -0.0573658 0.70939 0.702477
    outer loop
      vertex 0 63.5833 27.9167
      vertex -8.91347 62.8625 27.9167
      vertex -8.91898 62.8371 27.9419
    endloop
  endfacet
  facet normal -0.0570632 0.70588 0.70603
    outer loop
      vertex 0 63.5139 27.9861
      vertex -8.91898 62.8371 27.9419
      vertex -8.92876 62.7921 27.9861
    endloop
  endfacet
  facet normal -0.0570685 0.705954 0.705954
    outer loop
      vertex -8.91898 62.8371 27.9419
      vertex 0 63.5139 27.9861
      vertex 0 63.5833 27.9167
    endloop
  endfacet
  facet normal 0.0574724 0.710031 0.701821
    outer loop
      vertex -24.8157 61.6163 27.9167
      vertex -42.8777 63.0271 27.9685
      vertex -24.8156 61.6156 27.9174
    endloop
  endfacet
  facet normal 0.0581666 0.719269 0.692292
    outer loop
      vertex -42.8777 63.0271 27.9685
      vertex -24.8157 61.6163 27.9167
      vertex -42.8671 63.0761 27.9167
    endloop
  endfacet
  facet normal 0.0585564 0.724351 0.686941
    outer loop
      vertex -24.8011 61.5491 27.9861
      vertex -42.8777 63.0271 27.9685
      vertex -42.8813 63.0107 27.9861
    endloop
  endfacet
  facet normal 0.05848 0.723428 0.687919
    outer loop
      vertex -42.8777 63.0271 27.9685
      vertex -24.8011 61.5491 27.9861
      vertex -24.8156 61.6156 27.9174
    endloop
  endfacet
  facet normal -0.51105 0.439177 0.738885
    outer loop
      vertex -61.7149 63.5139 27.9861
      vertex -61.7556 63.5833 27.9167
      vertex -73.7083 49.6745 27.9167
    endloop
  endfacet
  facet normal -0.525288 0.451605 0.721198
    outer loop
      vertex -73.6597 49.6202 27.9861
      vertex -61.7149 63.5139 27.9861
      vertex -73.7083 49.6745 27.9167
    endloop
  endfacet
  facet normal -0.819121 0 0.573621
    outer loop
      vertex -73.7083 24.2917 27.9167
      vertex -73.6597 49.6202 27.9861
      vertex -73.7083 49.6745 27.9167
    endloop
  endfacet
  facet normal -0.819121 0 0.573621
    outer loop
      vertex -73.6597 49.6202 27.9861
      vertex -73.7083 24.2917 27.9167
      vertex -73.6597 24.3403 27.9861
    endloop
  endfacet
  facet normal 0.819121 0 0.573621
    outer loop
      vertex 73.7083 24.2917 27.9167
      vertex 73.6597 49.6202 27.9861
      vertex 73.6597 24.3403 27.9861
    endloop
  endfacet
  facet normal 0.819121 0 0.573621
    outer loop
      vertex 73.6597 49.6202 27.9861
      vertex 73.7083 24.2917 27.9167
      vertex 73.7083 49.6745 27.9167
    endloop
  endfacet
  facet normal 0.5111 0.439407 0.738714
    outer loop
      vertex 73.6597 49.6202 27.9861
      vertex 61.7149 63.5139 27.9861
      vertex 61.6742 63.4444 28.0556
    endloop
  endfacet
  facet normal 0.525821 0.452262 0.720396
    outer loop
      vertex 73.6111 49.566 28.0556
      vertex 73.6597 49.6202 27.9861
      vertex 61.6742 63.4444 28.0556
    endloop
  endfacet
  facet normal 0 0.707107 0.707107
    outer loop
      vertex 59.3186 63.9306 27.5694
      vertex 61.8778 63.7917 27.7083
      vertex 61.9185 63.8611 27.6389
    endloop
  endfacet
  facet normal 0 0.707107 0.707107
    outer loop
      vertex 61.8778 63.7917 27.7083
      vertex 59.3186 63.9306 27.5694
      vertex 61.8371 63.7222 27.7778
    endloop
  endfacet
  facet normal -0 0.707107 0.707107
    outer loop
      vertex 59.3186 63.9306 27.5694
      vertex 61.9185 63.8611 27.6389
      vertex 61.9593 63.9306 27.5694
    endloop
  endfacet
  facet normal 0 0.707107 0.707107
    outer loop
      vertex 59.3186 63.9306 27.5694
      vertex 61.7556 63.5833 27.9167
      vertex 61.7964 63.6528 27.8472
    endloop
  endfacet
  facet normal 0 0.707107 0.707107
    outer loop
      vertex 61.7556 63.5833 27.9167
      vertex 59.3186 63.9306 27.5694
      vertex 61.7149 63.5139 27.9861
    endloop
  endfacet
  facet normal 0 0.707107 0.707107
    outer loop
      vertex 61.8371 63.7222 27.7778
      vertex 59.3186 63.9306 27.5694
      vertex 61.7964 63.6528 27.8472
    endloop
  endfacet
  facet normal 0 0.707107 0.707107
    outer loop
      vertex 61.7149 63.5139 27.9861
      vertex 59.3186 63.9306 27.5694
      vertex 61.6742 63.4444 28.0556
    endloop
  endfacet
  facet normal 0 0.707107 0.707107
    outer loop
      vertex 61.6742 63.4444 28.0556
      vertex 59.3186 63.9306 27.5694
      vertex 59.213 63.4444 28.0556
    endloop
  endfacet
  facet normal -0.0580886 0.718556 0.693039
    outer loop
      vertex 42.8813 63.0107 27.9861
      vertex 24.801 61.5484 27.9868
      vertex 42.8919 62.9615 28.038
    endloop
  endfacet
  facet normal -0.0573986 0.710029 0.701829
    outer loop
      vertex 24.801 61.5484 27.9868
      vertex 42.8813 63.0107 27.9861
      vertex 24.8011 61.5491 27.9861
    endloop
  endfacet
  facet normal -0.0586936 0.726405 0.684756
    outer loop
      vertex 42.8919 62.9615 28.038
      vertex 24.7866 61.482 28.0556
      vertex 42.8955 62.9452 28.0556
    endloop
  endfacet
  facet normal -0.0585281 0.724405 0.686885
    outer loop
      vertex 24.7866 61.482 28.0556
      vertex 42.8919 62.9615 28.038
      vertex 24.801 61.5484 27.9868
    endloop
  endfacet
  facet normal 0.0574607 0.710797 0.701047
    outer loop
      vertex 8.93429 62.7667 28.0114
      vertex 8.92876 62.7921 27.9861
      vertex 0 63.5139 27.9861
    endloop
  endfacet
  facet normal 0.0570419 0.705955 0.705955
    outer loop
      vertex 0 63.4444 28.0556
      vertex 8.93429 62.7667 28.0114
      vertex 0 63.5139 27.9861
    endloop
  endfacet
  facet normal 0.0570355 0.705865 0.706046
    outer loop
      vertex 8.93429 62.7667 28.0114
      vertex 0 63.4444 28.0556
      vertex 8.94405 62.7217 28.0556
    endloop
  endfacet
  facet normal -0.0574607 0.710797 0.701047
    outer loop
      vertex 0 63.5139 27.9861
      vertex -8.92876 62.7921 27.9861
      vertex -8.93429 62.7667 28.0114
    endloop
  endfacet
  facet normal -0.0570419 0.705955 0.705955
    outer loop
      vertex -8.93429 62.7667 28.0114
      vertex 0 63.4444 28.0556
      vertex 0 63.5139 27.9861
    endloop
  endfacet
  facet normal -0.0570355 0.705865 0.706046
    outer loop
      vertex 0 63.4444 28.0556
      vertex -8.93429 62.7667 28.0114
      vertex -8.94405 62.7217 28.0556
    endloop
  endfacet
  facet normal 0.0574475 0.71003 0.701824
    outer loop
      vertex -24.8011 61.5491 27.9861
      vertex -42.8919 62.9615 28.038
      vertex -24.801 61.5484 27.9868
    endloop
  endfacet
  facet normal 0.058088 0.718556 0.693039
    outer loop
      vertex -42.8919 62.9615 28.038
      vertex -24.8011 61.5491 27.9861
      vertex -42.8813 63.0107 27.9861
    endloop
  endfacet
  facet normal 0.0586936 0.726405 0.684756
    outer loop
      vertex -24.7866 61.482 28.0556
      vertex -42.8919 62.9615 28.038
      vertex -42.8955 62.9452 28.0556
    endloop
  endfacet
  facet normal 0.0585281 0.724405 0.686885
    outer loop
      vertex -42.8919 62.9615 28.038
      vertex -24.7866 61.482 28.0556
      vertex -24.801 61.5484 27.9868
    endloop
  endfacet
  facet normal -0.5111 0.439407 0.738714
    outer loop
      vertex -61.6742 63.4444 28.0556
      vertex -61.7149 63.5139 27.9861
      vertex -73.6597 49.6202 27.9861
    endloop
  endfacet
  facet normal -0.525821 0.452262 0.720396
    outer loop
      vertex -73.6111 49.566 28.0556
      vertex -61.6742 63.4444 28.0556
      vertex -73.6597 49.6202 27.9861
    endloop
  endfacet
  facet normal -0.874132 -0.343434 0.343434
    outer loop
      vertex -73.6597 49.6202 27.9861
      vertex -73.5625 49.5117 28.125
      vertex -73.6111 49.566 28.0556
    endloop
  endfacet
  facet normal -0.819315 0 0.573344
    outer loop
      vertex -73.6597 24.3403 27.9861
      vertex -73.5625 49.5117 28.125
      vertex -73.6597 49.6202 27.9861
    endloop
  endfacet
  facet normal -0.819315 0 0.573344
    outer loop
      vertex -73.5625 49.5117 28.125
      vertex -73.6597 24.3403 27.9861
      vertex -73.5625 24.4375 28.125
    endloop
  endfacet
  facet normal 0.510543 0.439122 0.739268
    outer loop
      vertex 73.6111 49.566 28.0556
      vertex 61.6742 63.4444 28.0556
      vertex 61.6334 63.375 28.125
    endloop
  endfacet
  facet normal 0.525077 0.451818 0.721217
    outer loop
      vertex 73.5625 49.5117 28.125
      vertex 73.6111 49.566 28.0556
      vertex 61.6334 63.375 28.125
    endloop
  endfacet
  facet normal -0 0.707107 0.707107
    outer loop
      vertex 59.213 63.4444 28.0556
      vertex 61.6334 63.375 28.125
      vertex 61.6742 63.4444 28.0556
    endloop
  endfacet
  facet normal 0 0.707107 0.707107
    outer loop
      vertex 61.6334 63.375 28.125
      vertex 59.213 63.4444 28.0556
      vertex 59.1979 63.375 28.125
    endloop
  endfacet
  facet normal -0.0581093 0.719169 0.692401
    outer loop
      vertex 42.8955 62.9452 28.0556
      vertex 24.7864 61.4813 28.0563
      vertex 42.9062 62.896 28.1076
    endloop
  endfacet
  facet normal -0.0577012 0.714124 0.697638
    outer loop
      vertex 24.7864 61.4813 28.0563
      vertex 42.8955 62.9452 28.0556
      vertex 24.7866 61.482 28.0556
    endloop
  endfacet
  facet normal -0.0583668 0.72267 0.688724
    outer loop
      vertex 42.9062 62.896 28.1076
      vertex 24.772 61.4148 28.125
      vertex 42.9097 62.8797 28.125
    endloop
  endfacet
  facet normal -0.0584257 0.723383 0.687971
    outer loop
      vertex 24.772 61.4148 28.125
      vertex 42.9062 62.896 28.1076
      vertex 24.7864 61.4813 28.0563
    endloop
  endfacet
  facet normal 0.0574348 0.710806 0.701039
    outer loop
      vertex 8.94959 62.6963 28.0809
      vertex 8.94405 62.7217 28.0556
      vertex 0 63.4444 28.0556
    endloop
  endfacet
  facet normal 0.0570084 0.705856 0.706057
    outer loop
      vertex 8.94959 62.6963 28.0809
      vertex 0 63.375 28.125
      vertex 8.95934 62.6514 28.125
    endloop
  endfacet
  facet normal 0.0570155 0.705957 0.705957
    outer loop
      vertex 0 63.375 28.125
      vertex 8.94959 62.6963 28.0809
      vertex 0 63.4444 28.0556
    endloop
  endfacet
  facet normal -0.0574348 0.710806 0.701039
    outer loop
      vertex 0 63.4444 28.0556
      vertex -8.94405 62.7217 28.0556
      vertex -8.94959 62.6963 28.0809
    endloop
  endfacet
  facet normal -0.0570084 0.705856 0.706057
    outer loop
      vertex 0 63.375 28.125
      vertex -8.94959 62.6963 28.0809
      vertex -8.95934 62.6514 28.125
    endloop
  endfacet
  facet normal -0.0570155 0.705957 0.705957
    outer loop
      vertex -8.94959 62.6963 28.0809
      vertex 0 63.375 28.125
      vertex 0 63.4444 28.0556
    endloop
  endfacet
  facet normal 0.0577304 0.714126 0.697632
    outer loop
      vertex -24.7866 61.482 28.0556
      vertex -42.9062 62.896 28.1076
      vertex -24.7864 61.4813 28.0563
    endloop
  endfacet
  facet normal 0.0581089 0.719169 0.692401
    outer loop
      vertex -42.9062 62.896 28.1076
      vertex -24.7866 61.482 28.0556
      vertex -42.8955 62.9452 28.0556
    endloop
  endfacet
  facet normal 0.0583668 0.72267 0.688724
    outer loop
      vertex -24.772 61.4148 28.125
      vertex -42.9062 62.896 28.1076
      vertex -42.9097 62.8797 28.125
    endloop
  endfacet
  facet normal 0.0584257 0.723383 0.687971
    outer loop
      vertex -42.9062 62.896 28.1076
      vertex -24.772 61.4148 28.125
      vertex -24.7864 61.4813 28.0563
    endloop
  endfacet
  facet normal 0 0.707107 0.707107
    outer loop
      vertex -59.213 63.4444 28.0556
      vertex -61.6334 63.375 28.125
      vertex -59.1979 63.375 28.125
    endloop
  endfacet
  facet normal 0 0.707107 0.707107
    outer loop
      vertex -61.6334 63.375 28.125
      vertex -59.213 63.4444 28.0556
      vertex -61.6742 63.4444 28.0556
    endloop
  endfacet
  facet normal -0.510543 0.439122 0.739268
    outer loop
      vertex -61.6334 63.375 28.125
      vertex -61.6742 63.4444 28.0556
      vertex -73.6111 49.566 28.0556
    endloop
  endfacet
  facet normal -0.525077 0.451818 0.721217
    outer loop
      vertex -73.5625 49.5117 28.125
      vertex -61.6334 63.375 28.125
      vertex -73.6111 49.566 28.0556
    endloop
  endfacet
  facet normal 0.874132 -0.343434 0.343434
    outer loop
      vertex 73.5625 49.5117 28.125
      vertex 73.6597 49.6202 27.9861
      vertex 73.6111 49.566 28.0556
    endloop
  endfacet
  facet normal 0.819315 0 0.573344
    outer loop
      vertex 73.6597 24.3403 27.9861
      vertex 73.5625 49.5117 28.125
      vertex 73.5625 24.4375 28.125
    endloop
  endfacet
  facet normal 0.819315 0 0.573344
    outer loop
      vertex 73.5625 49.5117 28.125
      vertex 73.6597 24.3403 27.9861
      vertex 73.6597 49.6202 27.9861
    endloop
  endfacet
  facet normal 0.510706 0.439453 0.738959
    outer loop
      vertex 73.5625 49.5117 28.125
      vertex 61.6334 63.375 28.125
      vertex 61.5927 63.3056 28.1944
    endloop
  endfacet
  facet normal 0.525219 0.452137 0.720914
    outer loop
      vertex 73.5139 49.4575 28.1944
      vertex 73.5625 49.5117 28.125
      vertex 61.5927 63.3056 28.1944
    endloop
  endfacet
  facet normal -0 0.707107 0.707107
    outer loop
      vertex 59.1979 63.375 28.125
      vertex 61.5927 63.3056 28.1944
      vertex 61.6334 63.375 28.125
    endloop
  endfacet
  facet normal 0 0.707107 0.707107
    outer loop
      vertex 61.5927 63.3056 28.1944
      vertex 59.1979 63.375 28.125
      vertex 59.1828 63.3056 28.1944
    endloop
  endfacet
  facet normal -0.058136 0.719808 0.691735
    outer loop
      vertex 42.9097 62.8797 28.125
      vertex 24.7718 61.4141 28.1257
      vertex 42.9204 62.8304 28.1772
    endloop
  endfacet
  facet normal -0.0576763 0.714121 0.697642
    outer loop
      vertex 24.7718 61.4141 28.1257
      vertex 42.9097 62.8797 28.125
      vertex 24.772 61.4148 28.125
    endloop
  endfacet
  facet normal -0.058358 0.72287 0.688515
    outer loop
      vertex 42.9204 62.8304 28.1772
      vertex 24.7574 61.3477 28.1944
      vertex 42.9239 62.8143 28.1944
    endloop
  endfacet
  facet normal -0.0584436 0.723905 0.68742
    outer loop
      vertex 24.7574 61.3477 28.1944
      vertex 42.9204 62.8304 28.1772
      vertex 24.7718 61.4141 28.1257
    endloop
  endfacet
  facet normal 0.0572949 0.709403 0.70247
    outer loop
      vertex 8.96489 62.6258 28.1504
      vertex 8.95934 62.6514 28.125
      vertex 0 63.375 28.125
    endloop
  endfacet
  facet normal 0.056997 0.705957 0.705957
    outer loop
      vertex 0 63.3056 28.1944
      vertex 8.96489 62.6258 28.1504
      vertex 0 63.375 28.125
    endloop
  endfacet
  facet normal 0.0569893 0.705848 0.706067
    outer loop
      vertex 8.96489 62.6258 28.1504
      vertex 0 63.3056 28.1944
      vertex 8.97463 62.581 28.1944
    endloop
  endfacet
  facet normal -0.0572949 0.709403 0.70247
    outer loop
      vertex 0 63.375 28.125
      vertex -8.95934 62.6514 28.125
      vertex -8.96489 62.6258 28.1504
    endloop
  endfacet
  facet normal -0.0569893 0.705848 0.706067
    outer loop
      vertex 0 63.3056 28.1944
      vertex -8.96489 62.6258 28.1504
      vertex -8.97463 62.581 28.1944
    endloop
  endfacet
  facet normal -0.056997 0.705957 0.705957
    outer loop
      vertex -8.96489 62.6258 28.1504
      vertex 0 63.3056 28.1944
      vertex 0 63.375 28.125
    endloop
  endfacet
  facet normal 0.0577093 0.714124 0.697636
    outer loop
      vertex -24.772 61.4148 28.125
      vertex -42.9204 62.8304 28.1772
      vertex -24.7718 61.4141 28.1257
    endloop
  endfacet
  facet normal 0.0581356 0.719808 0.691735
    outer loop
      vertex -42.9204 62.8304 28.1772
      vertex -24.772 61.4148 28.125
      vertex -42.9097 62.8797 28.125
    endloop
  endfacet
  facet normal 0.058358 0.72287 0.688515
    outer loop
      vertex -24.7574 61.3477 28.1944
      vertex -42.9204 62.8304 28.1772
      vertex -42.9239 62.8143 28.1944
    endloop
  endfacet
  facet normal 0.0584436 0.723905 0.68742
    outer loop
      vertex -42.9204 62.8304 28.1772
      vertex -24.7574 61.3477 28.1944
      vertex -24.7718 61.4141 28.1257
    endloop
  endfacet
  facet normal 0 0.707107 0.707107
    outer loop
      vertex -59.1979 63.375 28.125
      vertex -61.5927 63.3056 28.1944
      vertex -59.1828 63.3056 28.1944
    endloop
  endfacet
  facet normal 0 0.707107 0.707107
    outer loop
      vertex -61.5927 63.3056 28.1944
      vertex -59.1979 63.375 28.125
      vertex -61.6334 63.375 28.125
    endloop
  endfacet
  facet normal -0.510706 0.439453 0.738959
    outer loop
      vertex -61.5927 63.3056 28.1944
      vertex -61.6334 63.375 28.125
      vertex -73.5625 49.5117 28.125
    endloop
  endfacet
  facet normal -0.525219 0.452137 0.720914
    outer loop
      vertex -73.5139 49.4575 28.1944
      vertex -61.5927 63.3056 28.1944
      vertex -73.5625 49.5117 28.125
    endloop
  endfacet
  facet normal -0.819121 0 0.573621
    outer loop
      vertex -73.5625 24.4375 28.125
      vertex -73.5139 49.4575 28.1944
      vertex -73.5625 49.5117 28.125
    endloop
  endfacet
  facet normal -0.819121 0 0.573621
    outer loop
      vertex -73.5139 49.4575 28.1944
      vertex -73.5625 24.4375 28.125
      vertex -73.5139 24.4861 28.1944
    endloop
  endfacet
  facet normal 0.819121 0 0.573621
    outer loop
      vertex 73.5625 24.4375 28.125
      vertex 73.5139 49.4575 28.1944
      vertex 73.5139 24.4861 28.1944
    endloop
  endfacet
  facet normal 0.819121 0 0.573621
    outer loop
      vertex 73.5139 49.4575 28.1944
      vertex 73.5625 24.4375 28.125
      vertex 73.5625 49.5117 28.125
    endloop
  endfacet
  facet normal 0.510754 0.439685 0.738788
    outer loop
      vertex 73.5139 49.4575 28.1944
      vertex 61.5927 63.3056 28.1944
      vertex 61.552 63.2361 28.2639
    endloop
  endfacet
  facet normal 0.52526 0.452369 0.720738
    outer loop
      vertex 73.4653 49.4032 28.2639
      vertex 73.5139 49.4575 28.1944
      vertex 61.552 63.2361 28.2639
    endloop
  endfacet
  facet normal -0.0580458 0.719045 0.692536
    outer loop
      vertex 42.9239 62.8143 28.1944
      vertex 24.7572 61.347 28.1952
      vertex 42.9347 62.7648 28.2467
    endloop
  endfacet
  facet normal -0.0612508 0.758702 0.648552
    outer loop
      vertex 24.7572 61.347 28.1952
      vertex 42.9239 62.8143 28.1944
      vertex 24.7574 61.3477 28.1944
    endloop
  endfacet
  facet normal -0.0585022 0.724968 0.686293
    outer loop
      vertex 42.9347 62.7648 28.2467
      vertex 24.7428 61.2805 28.2639
      vertex 42.9382 62.7488 28.2639
    endloop
  endfacet
  facet normal -0.0583709 0.723379 0.687979
    outer loop
      vertex 24.7428 61.2805 28.2639
      vertex 42.9347 62.7648 28.2467
      vertex 24.7572 61.347 28.1952
    endloop
  endfacet
  facet normal 0.057389 0.710799 0.701051
    outer loop
      vertex 8.9802 62.5554 28.2199
      vertex 8.97463 62.581 28.1944
      vertex 0 63.3056 28.1944
    endloop
  endfacet
  facet normal 0.0570185 0.706633 0.705279
    outer loop
      vertex 8.9802 62.5554 28.2199
      vertex 0 63.2361 28.2639
      vertex 8.98992 62.5107 28.2639
    endloop
  endfacet
  facet normal 0.0569707 0.705958 0.705958
    outer loop
      vertex 0 63.2361 28.2639
      vertex 8.9802 62.5554 28.2199
      vertex 0 63.3056 28.1944
    endloop
  endfacet
  facet normal -0.057389 0.710799 0.701051
    outer loop
      vertex 0 63.3056 28.1944
      vertex -8.97463 62.581 28.1944
      vertex -8.9802 62.5554 28.2199
    endloop
  endfacet
  facet normal -0.0570185 0.706633 0.705279
    outer loop
      vertex 0 63.2361 28.2639
      vertex -8.9802 62.5554 28.2199
      vertex -8.98992 62.5107 28.2639
    endloop
  endfacet
  facet normal -0.0569707 0.705958 0.705958
    outer loop
      vertex -8.9802 62.5554 28.2199
      vertex 0 63.2361 28.2639
      vertex 0 63.3056 28.1944
    endloop
  endfacet
  facet normal 0.0610131 0.758684 0.648595
    outer loop
      vertex -24.7574 61.3477 28.1944
      vertex -42.9347 62.7648 28.2467
      vertex -24.7572 61.347 28.1952
    endloop
  endfacet
  facet normal 0.0580492 0.719044 0.692536
    outer loop
      vertex -42.9347 62.7648 28.2467
      vertex -24.7574 61.3477 28.1944
      vertex -42.9239 62.8143 28.1944
    endloop
  endfacet
  facet normal 0.0585022 0.724968 0.686293
    outer loop
      vertex -24.7428 61.2805 28.2639
      vertex -42.9347 62.7648 28.2467
      vertex -42.9382 62.7488 28.2639
    endloop
  endfacet
  facet normal 0.0583709 0.723379 0.687979
    outer loop
      vertex -42.9347 62.7648 28.2467
      vertex -24.7428 61.2805 28.2639
      vertex -24.7572 61.347 28.1952
    endloop
  endfacet
  facet normal 0 0.707107 0.707107
    outer loop
      vertex -59.1828 63.3056 28.1944
      vertex -61.3076 62.8194 28.6806
      vertex -59.0772 62.8194 28.6806
    endloop
  endfacet
  facet normal 0 0.707107 0.707107
    outer loop
      vertex -59.1828 63.3056 28.1944
      vertex -61.3483 62.8889 28.6111
      vertex -61.3076 62.8194 28.6806
    endloop
  endfacet
  facet normal 0 0.707107 0.707107
    outer loop
      vertex -59.1828 63.3056 28.1944
      vertex -61.3891 62.9583 28.5417
      vertex -61.3483 62.8889 28.6111
    endloop
  endfacet
  facet normal 0 0.707107 0.707107
    outer loop
      vertex -59.1828 63.3056 28.1944
      vertex -61.4298 63.0278 28.4722
      vertex -61.3891 62.9583 28.5417
    endloop
  endfacet
  facet normal 0 0.707107 0.707107
    outer loop
      vertex -59.1828 63.3056 28.1944
      vertex -61.4705 63.0972 28.4028
      vertex -61.4298 63.0278 28.4722
    endloop
  endfacet
  facet normal 0 0.707107 0.707107
    outer loop
      vertex -59.1828 63.3056 28.1944
      vertex -61.5113 63.1667 28.3333
      vertex -61.4705 63.0972 28.4028
    endloop
  endfacet
  facet normal 0 0.707107 0.707107
    outer loop
      vertex -59.1828 63.3056 28.1944
      vertex -61.552 63.2361 28.2639
      vertex -61.5113 63.1667 28.3333
    endloop
  endfacet
  facet normal 0 0.707107 0.707107
    outer loop
      vertex -61.552 63.2361 28.2639
      vertex -59.1828 63.3056 28.1944
      vertex -61.5927 63.3056 28.1944
    endloop
  endfacet
  facet normal -0.510754 0.439685 0.738788
    outer loop
      vertex -61.552 63.2361 28.2639
      vertex -61.5927 63.3056 28.1944
      vertex -73.5139 49.4575 28.1944
    endloop
  endfacet
  facet normal -0.52526 0.452369 0.720738
    outer loop
      vertex -73.4653 49.4032 28.2639
      vertex -61.552 63.2361 28.2639
      vertex -73.5139 49.4575 28.1944
    endloop
  endfacet
  facet normal -0.819509 0 0.573067
    outer loop
      vertex -73.5139 24.4861 28.1944
      vertex -73.4653 49.4032 28.2639
      vertex -73.5139 49.4575 28.1944
    endloop
  endfacet
  facet normal -0.819509 0 0.573067
    outer loop
      vertex -73.4653 49.4032 28.2639
      vertex -73.5139 24.4861 28.1944
      vertex -73.4653 24.5347 28.2639
    endloop
  endfacet
  facet normal 0.819509 0 0.573067
    outer loop
      vertex 73.5139 24.4861 28.1944
      vertex 73.4653 49.4032 28.2639
      vertex 73.4653 24.5347 28.2639
    endloop
  endfacet
  facet normal 0.819509 0 0.573067
    outer loop
      vertex 73.4653 49.4032 28.2639
      vertex 73.5139 24.4861 28.1944
      vertex 73.5139 49.4575 28.1944
    endloop
  endfacet
  facet normal 0.510476 0.439637 0.739008
    outer loop
      vertex 73.4653 49.4032 28.2639
      vertex 61.552 63.2361 28.2639
      vertex 61.5113 63.1667 28.3333
    endloop
  endfacet
  facet normal 0.525009 0.45235 0.720934
    outer loop
      vertex 73.4167 49.349 28.3333
      vertex 73.4653 49.4032 28.2639
      vertex 61.5113 63.1667 28.3333
    endloop
  endfacet
  facet normal -0.0580272 0.719078 0.692503
    outer loop
      vertex 42.9382 62.7488 28.2639
      vertex 24.7426 61.2798 28.2646
      vertex 42.9489 62.6992 28.3163
    endloop
  endfacet
  facet normal -0.0576265 0.714116 0.697651
    outer loop
      vertex 24.7426 61.2798 28.2646
      vertex 42.9382 62.7488 28.2639
      vertex 24.7428 61.2805 28.2639
    endloop
  endfacet
  facet normal -0.058321 0.723079 0.688299
    outer loop
      vertex 42.9489 62.6992 28.3163
      vertex 24.7282 61.2134 28.3333
      vertex 42.9524 62.6833 28.3333
    endloop
  endfacet
  facet normal -0.0583889 0.723902 0.687428
    outer loop
      vertex 24.7282 61.2134 28.3333
      vertex 42.9489 62.6992 28.3163
      vertex 24.7426 61.2798 28.2646
    endloop
  endfacet
  facet normal 0.0572433 0.70942 0.702458
    outer loop
      vertex 8.9955 62.485 28.2894
      vertex 8.98992 62.5107 28.2639
      vertex 0 63.2361 28.2639
    endloop
  endfacet
  facet normal 0.0569445 0.705959 0.705959
    outer loop
      vertex 0 63.1667 28.3333
      vertex 8.9955 62.485 28.2894
      vertex 0 63.2361 28.2639
    endloop
  endfacet
  facet normal 0.056935 0.705825 0.706094
    outer loop
      vertex 8.9955 62.485 28.2894
      vertex 0 63.1667 28.3333
      vertex 9.00521 62.4403 28.3333
    endloop
  endfacet
  facet normal -0.0572433 0.70942 0.702458
    outer loop
      vertex 0 63.2361 28.2639
      vertex -8.98992 62.5107 28.2639
      vertex -8.9955 62.485 28.2894
    endloop
  endfacet
  facet normal -0.0569445 0.705959 0.705959
    outer loop
      vertex -8.9955 62.485 28.2894
      vertex 0 63.1667 28.3333
      vertex 0 63.2361 28.2639
    endloop
  endfacet
  facet normal -0.056935 0.705825 0.706094
    outer loop
      vertex 0 63.1667 28.3333
      vertex -8.9955 62.485 28.2894
      vertex -9.00521 62.4403 28.3333
    endloop
  endfacet
  facet normal 0.0576552 0.714119 0.697646
    outer loop
      vertex -24.7428 61.2805 28.2639
      vertex -42.9489 62.6992 28.3163
      vertex -24.7426 61.2798 28.2646
    endloop
  endfacet
  facet normal 0.0580269 0.719078 0.692503
    outer loop
      vertex -42.9489 62.6992 28.3163
      vertex -24.7428 61.2805 28.2639
      vertex -42.9382 62.7488 28.2639
    endloop
  endfacet
  facet normal 0.058321 0.723079 0.688299
    outer loop
      vertex -24.7282 61.2134 28.3333
      vertex -42.9489 62.6992 28.3163
      vertex -42.9524 62.6833 28.3333
    endloop
  endfacet
  facet normal 0.0583889 0.723902 0.687428
    outer loop
      vertex -42.9489 62.6992 28.3163
      vertex -24.7282 61.2134 28.3333
      vertex -24.7426 61.2798 28.2646
    endloop
  endfacet
  facet normal -0.510476 0.439637 0.739008
    outer loop
      vertex -61.5113 63.1667 28.3333
      vertex -61.552 63.2361 28.2639
      vertex -73.4653 49.4032 28.2639
    endloop
  endfacet
  facet normal -0.525009 0.45235 0.720934
    outer loop
      vertex -73.4167 49.349 28.3333
      vertex -61.5113 63.1667 28.3333
      vertex -73.4653 49.4032 28.2639
    endloop
  endfacet
  facet normal -0.819121 0 0.573621
    outer loop
      vertex -73.4653 24.5347 28.2639
      vertex -73.4167 49.349 28.3333
      vertex -73.4653 49.4032 28.2639
    endloop
  endfacet
  facet normal -0.819121 0 0.573621
    outer loop
      vertex -73.4167 49.349 28.3333
      vertex -73.4653 24.5347 28.2639
      vertex -73.4167 24.5833 28.3333
    endloop
  endfacet
  facet normal 0.819121 0 0.573621
    outer loop
      vertex 73.4653 24.5347 28.2639
      vertex 73.4167 49.349 28.3333
      vertex 73.4167 24.5833 28.3333
    endloop
  endfacet
  facet normal 0.819121 0 0.573621
    outer loop
      vertex 73.4167 49.349 28.3333
      vertex 73.4653 24.5347 28.2639
      vertex 73.4653 49.4032 28.2639
    endloop
  endfacet
  facet normal 0.510246 0.439631 0.739171
    outer loop
      vertex 73.4167 49.349 28.3333
      vertex 61.5113 63.1667 28.3333
      vertex 61.4705 63.0972 28.4028
    endloop
  endfacet
  facet normal 0.525047 0.452585 0.720758
    outer loop
      vertex 73.3681 49.2947 28.4028
      vertex 73.4167 49.349 28.3333
      vertex 61.4705 63.0972 28.4028
    endloop
  endfacet
  facet normal -0.0580456 0.719658 0.691899
    outer loop
      vertex 42.9524 62.6833 28.3333
      vertex 24.728 61.2126 28.3341
      vertex 42.9632 62.6336 28.3859
    endloop
  endfacet
  facet normal -0.0575153 0.713089 0.69871
    outer loop
      vertex 24.728 61.2126 28.3341
      vertex 42.9524 62.6833 28.3333
      vertex 24.7282 61.2134 28.3333
    endloop
  endfacet
  facet normal -0.0584946 0.725489 0.685743
    outer loop
      vertex 42.9632 62.6336 28.3859
      vertex 24.7136 61.1462 28.4028
      vertex 42.9666 62.6179 28.4028
    endloop
  endfacet
  facet normal -0.0583636 0.7239 0.687431
    outer loop
      vertex 24.7136 61.1462 28.4028
      vertex 42.9632 62.6336 28.3859
      vertex 24.728 61.2126 28.3341
    endloop
  endfacet
  facet normal 0.0573361 0.710798 0.701055
    outer loop
      vertex 9.0108 62.4146 28.3589
      vertex 9.00521 62.4403 28.3333
      vertex 0 63.1667 28.3333
    endloop
  endfacet
  facet normal 0.0569082 0.705817 0.706105
    outer loop
      vertex 9.0108 62.4146 28.3589
      vertex 0 63.0972 28.4028
      vertex 9.0205 62.3699 28.4028
    endloop
  endfacet
  facet normal 0.0569184 0.70596 0.70596
    outer loop
      vertex 0 63.0972 28.4028
      vertex 9.0108 62.4146 28.3589
      vertex 0 63.1667 28.3333
    endloop
  endfacet
  facet normal -0.0573361 0.710798 0.701055
    outer loop
      vertex 0 63.1667 28.3333
      vertex -9.00521 62.4403 28.3333
      vertex -9.0108 62.4146 28.3589
    endloop
  endfacet
  facet normal -0.0569082 0.705817 0.706105
    outer loop
      vertex 0 63.0972 28.4028
      vertex -9.0108 62.4146 28.3589
      vertex -9.0205 62.3699 28.4028
    endloop
  endfacet
  facet normal -0.0569184 0.70596 0.70596
    outer loop
      vertex -9.0108 62.4146 28.3589
      vertex 0 63.0972 28.4028
      vertex 0 63.1667 28.3333
    endloop
  endfacet
  facet normal 0.0575534 0.713092 0.698704
    outer loop
      vertex -24.7282 61.2134 28.3333
      vertex -42.9632 62.6336 28.3859
      vertex -24.728 61.2126 28.3341
    endloop
  endfacet
  facet normal 0.0580451 0.719658 0.691899
    outer loop
      vertex -42.9632 62.6336 28.3859
      vertex -24.7282 61.2134 28.3333
      vertex -42.9524 62.6833 28.3333
    endloop
  endfacet
  facet normal 0.0584946 0.725489 0.685743
    outer loop
      vertex -24.7136 61.1462 28.4028
      vertex -42.9632 62.6336 28.3859
      vertex -42.9666 62.6179 28.4028
    endloop
  endfacet
  facet normal 0.0583636 0.7239 0.687431
    outer loop
      vertex -42.9632 62.6336 28.3859
      vertex -24.7136 61.1462 28.4028
      vertex -24.728 61.2126 28.3341
    endloop
  endfacet
  facet normal -0.510246 0.439631 0.739171
    outer loop
      vertex -61.4705 63.0972 28.4028
      vertex -61.5113 63.1667 28.3333
      vertex -73.4167 49.349 28.3333
    endloop
  endfacet
  facet normal -0.525047 0.452585 0.720758
    outer loop
      vertex -73.3681 49.2947 28.4028
      vertex -61.4705 63.0972 28.4028
      vertex -73.4167 49.349 28.3333
    endloop
  endfacet
  facet normal -0.819509 0 0.573067
    outer loop
      vertex -73.4167 24.5833 28.3333
      vertex -73.3681 49.2947 28.4028
      vertex -73.4167 49.349 28.3333
    endloop
  endfacet
  facet normal -0.819509 0 0.573067
    outer loop
      vertex -73.3681 49.2947 28.4028
      vertex -73.4167 24.5833 28.3333
      vertex -73.3681 24.6319 28.4028
    endloop
  endfacet
  facet normal 0.819509 0 0.573067
    outer loop
      vertex 73.4167 24.5833 28.3333
      vertex 73.3681 49.2947 28.4028
      vertex 73.3681 24.6319 28.4028
    endloop
  endfacet
  facet normal 0.819509 0 0.573067
    outer loop
      vertex 73.3681 49.2947 28.4028
      vertex 73.4167 24.5833 28.3333
      vertex 73.4167 49.349 28.3333
    endloop
  endfacet
  facet normal 0.510243 0.439824 0.739058
    outer loop
      vertex 73.3681 49.2947 28.4028
      vertex 61.4705 63.0972 28.4028
      vertex 61.4298 63.0278 28.4722
    endloop
  endfacet
  facet normal 0.524512 0.452317 0.721316
    outer loop
      vertex 73.3194 49.2405 28.4722
      vertex 73.3681 49.2947 28.4028
      vertex 61.4298 63.0278 28.4722
    endloop
  endfacet
  facet normal -0.0579701 0.71898 0.692609
    outer loop
      vertex 42.9666 62.6179 28.4028
      vertex 24.7134 61.1455 28.4035
      vertex 42.9774 62.5681 28.4554
    endloop
  endfacet
  facet normal -0.0575772 0.714111 0.69766
    outer loop
      vertex 24.7134 61.1455 28.4035
      vertex 42.9666 62.6179 28.4028
      vertex 24.7136 61.1462 28.4028
    endloop
  endfacet
  facet normal -0.0582925 0.723292 0.688078
    outer loop
      vertex 42.9774 62.5681 28.4554
      vertex 24.699 61.079 28.4722
      vertex 42.9809 62.5524 28.4722
    endloop
  endfacet
  facet normal -0.0582994 0.723375 0.68799
    outer loop
      vertex 24.699 61.079 28.4722
      vertex 42.9774 62.5681 28.4554
      vertex 24.7134 61.1455 28.4035
    endloop
  endfacet
  facet normal 0.0573106 0.710808 0.701048
    outer loop
      vertex 9.0261 62.3442 28.4284
      vertex 9.0205 62.3699 28.4028
      vertex 0 63.0972 28.4028
    endloop
  endfacet
  facet normal 0.0568924 0.705961 0.705961
    outer loop
      vertex 0 63.0278 28.4722
      vertex 9.0261 62.3442 28.4284
      vertex 0 63.0972 28.4028
    endloop
  endfacet
  facet normal 0.0568815 0.705808 0.706116
    outer loop
      vertex 9.0261 62.3442 28.4284
      vertex 0 63.0278 28.4722
      vertex 9.03579 62.2996 28.4722
    endloop
  endfacet
  facet normal -0.0573106 0.710808 0.701048
    outer loop
      vertex 0 63.0972 28.4028
      vertex -9.0205 62.3699 28.4028
      vertex -9.0261 62.3442 28.4284
    endloop
  endfacet
  facet normal -0.0568815 0.705808 0.706116
    outer loop
      vertex 0 63.0278 28.4722
      vertex -9.0261 62.3442 28.4284
      vertex -9.03579 62.2996 28.4722
    endloop
  endfacet
  facet normal -0.0568924 0.705961 0.705961
    outer loop
      vertex -9.0261 62.3442 28.4284
      vertex 0 63.0278 28.4722
      vertex 0 63.0972 28.4028
    endloop
  endfacet
  facet normal 0.0576055 0.714114 0.697655
    outer loop
      vertex -24.7136 61.1462 28.4028
      vertex -42.9774 62.5681 28.4554
      vertex -24.7134 61.1455 28.4035
    endloop
  endfacet
  facet normal 0.0579698 0.71898 0.692609
    outer loop
      vertex -42.9774 62.5681 28.4554
      vertex -24.7136 61.1462 28.4028
      vertex -42.9666 62.6179 28.4028
    endloop
  endfacet
  facet normal 0.0582925 0.723292 0.688078
    outer loop
      vertex -24.699 61.079 28.4722
      vertex -42.9774 62.5681 28.4554
      vertex -42.9809 62.5524 28.4722
    endloop
  endfacet
  facet normal 0.0582994 0.723375 0.68799
    outer loop
      vertex -42.9774 62.5681 28.4554
      vertex -24.699 61.079 28.4722
      vertex -24.7134 61.1455 28.4035
    endloop
  endfacet
  facet normal -0.510243 0.439824 0.739058
    outer loop
      vertex -61.4298 63.0278 28.4722
      vertex -61.4705 63.0972 28.4028
      vertex -73.3681 49.2947 28.4028
    endloop
  endfacet
  facet normal -0.524512 0.452317 0.721316
    outer loop
      vertex -73.3194 49.2405 28.4722
      vertex -61.4298 63.0278 28.4722
      vertex -73.3681 49.2947 28.4028
    endloop
  endfacet
  facet normal -0.818566 0 0.574412
    outer loop
      vertex -73.3681 24.6319 28.4028
      vertex -73.3194 49.2405 28.4722
      vertex -73.3681 49.2947 28.4028
    endloop
  endfacet
  facet normal -0.818566 0 0.574412
    outer loop
      vertex -73.3194 49.2405 28.4722
      vertex -73.3681 24.6319 28.4028
      vertex -73.3194 24.6806 28.4722
    endloop
  endfacet
  facet normal 0.818566 0 0.574412
    outer loop
      vertex 73.3681 24.6319 28.4028
      vertex 73.3194 49.2405 28.4722
      vertex 73.3194 24.6806 28.4722
    endloop
  endfacet
  facet normal 0.818566 0 0.574412
    outer loop
      vertex 73.3194 49.2405 28.4722
      vertex 73.3681 24.6319 28.4028
      vertex 73.3681 49.2947 28.4028
    endloop
  endfacet
  facet normal 0.510292 0.440055 0.738887
    outer loop
      vertex 73.3194 49.2405 28.4722
      vertex 61.4298 63.0278 28.4722
      vertex 61.3891 62.9583 28.5417
    endloop
  endfacet
  facet normal 0.524838 0.452797 0.720777
    outer loop
      vertex 73.2708 49.1862 28.5417
      vertex 73.3194 49.2405 28.4722
      vertex 61.3891 62.9583 28.5417
    endloop
  endfacet
  facet normal -0.0579926 0.719612 0.69195
    outer loop
      vertex 42.9809 62.5524 28.4722
      vertex 24.6988 61.0783 28.473
      vertex 42.9917 62.5025 28.525
    endloop
  endfacet
  facet normal -0.0611457 0.758694 0.648571
    outer loop
      vertex 24.6988 61.0783 28.473
      vertex 42.9809 62.5524 28.4722
      vertex 24.699 61.079 28.4722
    endloop
  endfacet
  facet normal -0.0582868 0.723575 0.687781
    outer loop
      vertex 42.9917 62.5025 28.525
      vertex 24.6844 61.0119 28.5417
      vertex 42.9951 62.4869 28.5417
    endloop
  endfacet
  facet normal -0.0583134 0.723897 0.687439
    outer loop
      vertex 24.6844 61.0119 28.5417
      vertex 42.9917 62.5025 28.525
      vertex 24.6988 61.0783 28.473
    endloop
  endfacet
  facet normal 0.0571727 0.709421 0.702462
    outer loop
      vertex 9.0414 62.2737 28.4979
      vertex 9.03579 62.2996 28.4722
      vertex 0 63.0278 28.4722
    endloop
  endfacet
  facet normal 0.0568743 0.705962 0.705962
    outer loop
      vertex 0 62.9583 28.5417
      vertex 9.0414 62.2737 28.4979
      vertex 0 63.0278 28.4722
    endloop
  endfacet
  facet normal 0.0569192 0.706597 0.705323
    outer loop
      vertex 9.0414 62.2737 28.4979
      vertex 0 62.9583 28.5417
      vertex 9.05107 62.2292 28.5417
    endloop
  endfacet
  facet normal -0.0571727 0.709421 0.702462
    outer loop
      vertex 0 63.0278 28.4722
      vertex -9.03579 62.2996 28.4722
      vertex -9.0414 62.2737 28.4979
    endloop
  endfacet
  facet normal -0.0568743 0.705962 0.705962
    outer loop
      vertex -9.0414 62.2737 28.4979
      vertex 0 62.9583 28.5417
      vertex 0 63.0278 28.4722
    endloop
  endfacet
  facet normal -0.0569192 0.706597 0.705323
    outer loop
      vertex 0 62.9583 28.5417
      vertex -9.0414 62.2737 28.4979
      vertex -9.05107 62.2292 28.5417
    endloop
  endfacet
  facet normal 0.0609108 0.758676 0.648614
    outer loop
      vertex -24.699 61.079 28.4722
      vertex -42.9917 62.5025 28.525
      vertex -24.6988 61.0783 28.473
    endloop
  endfacet
  facet normal 0.0579959 0.719612 0.69195
    outer loop
      vertex -42.9917 62.5025 28.525
      vertex -24.699 61.079 28.4722
      vertex -42.9809 62.5524 28.4722
    endloop
  endfacet
  facet normal 0.0582868 0.723575 0.687781
    outer loop
      vertex -24.6844 61.0119 28.5417
      vertex -42.9917 62.5025 28.525
      vertex -42.9951 62.4869 28.5417
    endloop
  endfacet
  facet normal 0.0583134 0.723897 0.687439
    outer loop
      vertex -42.9917 62.5025 28.525
      vertex -24.6844 61.0119 28.5417
      vertex -24.6988 61.0783 28.473
    endloop
  endfacet
  facet normal -0.510292 0.440055 0.738887
    outer loop
      vertex -61.3891 62.9583 28.5417
      vertex -61.4298 63.0278 28.4722
      vertex -73.3194 49.2405 28.4722
    endloop
  endfacet
  facet normal -0.524838 0.452797 0.720777
    outer loop
      vertex -73.2708 49.1862 28.5417
      vertex -61.3891 62.9583 28.5417
      vertex -73.3194 49.2405 28.4722
    endloop
  endfacet
  facet normal -0.819509 0 0.573067
    outer loop
      vertex -73.3194 24.6806 28.4722
      vertex -73.2708 49.1862 28.5417
      vertex -73.3194 49.2405 28.4722
    endloop
  endfacet
  facet normal -0.819509 0 0.573067
    outer loop
      vertex -73.2708 49.1862 28.5417
      vertex -73.3194 24.6806 28.4722
      vertex -73.2708 24.7292 28.5417
    endloop
  endfacet
  facet normal 0.819509 0 0.573067
    outer loop
      vertex 73.3194 24.6806 28.4722
      vertex 73.2708 49.1862 28.5417
      vertex 73.2708 24.7292 28.5417
    endloop
  endfacet
  facet normal 0.819509 0 0.573067
    outer loop
      vertex 73.2708 49.1862 28.5417
      vertex 73.3194 24.6806 28.4722
      vertex 73.3194 49.2405 28.4722
    endloop
  endfacet
  facet normal 0.509736 0.439768 0.739441
    outer loop
      vertex 73.2708 49.1862 28.5417
      vertex 61.3891 62.9583 28.5417
      vertex 61.3483 62.8889 28.6111
    endloop
  endfacet
  facet normal 0.524339 0.452566 0.721285
    outer loop
      vertex 73.2222 49.1319 28.6111
      vertex 73.2708 49.1862 28.5417
      vertex 61.3483 62.8889 28.6111
    endloop
  endfacet
  facet normal -0.0579622 0.719535 0.692033
    outer loop
      vertex 42.9951 62.4869 28.5417
      vertex 24.6843 61.0112 28.5424
      vertex 43.006 62.4369 28.5946
    endloop
  endfacet
  facet normal -0.0571952 0.710023 0.701852
    outer loop
      vertex 24.6843 61.0112 28.5424
      vertex 42.9951 62.4869 28.5417
      vertex 24.6844 61.0119 28.5417
    endloop
  endfacet
  facet normal -0.0581186 0.721789 0.689668
    outer loop
      vertex 43.006 62.4369 28.5946
      vertex 24.6698 60.9447 28.6111
      vertex 43.0093 62.4214 28.6111
    endloop
  endfacet
  facet normal -0.0582524 0.723414 0.687953
    outer loop
      vertex 24.6698 60.9447 28.6111
      vertex 43.006 62.4369 28.5946
      vertex 24.6843 61.0112 28.5424
    endloop
  endfacet
  facet normal 0.0571484 0.709442 0.702443
    outer loop
      vertex 9.0567 62.2033 28.5674
      vertex 9.05107 62.2292 28.5417
      vertex 0 62.9583 28.5417
    endloop
  endfacet
  facet normal 0.0568928 0.70659 0.705332
    outer loop
      vertex 9.0567 62.2033 28.5674
      vertex 0 62.8889 28.6111
      vertex 9.06636 62.1589 28.6111
    endloop
  endfacet
  facet normal 0.0568484 0.705963 0.705963
    outer loop
      vertex 0 62.8889 28.6111
      vertex 9.0567 62.2033 28.5674
      vertex 0 62.9583 28.5417
    endloop
  endfacet
  facet normal -0.0571484 0.709442 0.702443
    outer loop
      vertex 0 62.9583 28.5417
      vertex -9.05107 62.2292 28.5417
      vertex -9.0567 62.2033 28.5674
    endloop
  endfacet
  facet normal -0.0568928 0.70659 0.705332
    outer loop
      vertex 0 62.8889 28.6111
      vertex -9.0567 62.2033 28.5674
      vertex -9.06636 62.1589 28.6111
    endloop
  endfacet
  facet normal -0.0568484 0.705963 0.705963
    outer loop
      vertex -9.0567 62.2033 28.5674
      vertex 0 62.8889 28.6111
      vertex 0 62.9583 28.5417
    endloop
  endfacet
  facet normal 0.0572501 0.710024 0.701846
    outer loop
      vertex -24.6844 61.0119 28.5417
      vertex -43.006 62.4369 28.5946
      vertex -24.6843 61.0112 28.5424
    endloop
  endfacet
  facet normal 0.0579614 0.719535 0.692033
    outer loop
      vertex -43.006 62.4369 28.5946
      vertex -24.6844 61.0119 28.5417
      vertex -42.9951 62.4869 28.5417
    endloop
  endfacet
  facet normal 0.0581186 0.721789 0.689668
    outer loop
      vertex -24.6698 60.9447 28.6111
      vertex -43.006 62.4369 28.5946
      vertex -43.0093 62.4214 28.6111
    endloop
  endfacet
  facet normal 0.0582524 0.723414 0.687953
    outer loop
      vertex -43.006 62.4369 28.5946
      vertex -24.6698 60.9447 28.6111
      vertex -24.6843 61.0112 28.5424
    endloop
  endfacet
  facet normal -0.509736 0.439768 0.739441
    outer loop
      vertex -61.3483 62.8889 28.6111
      vertex -61.3891 62.9583 28.5417
      vertex -73.2708 49.1862 28.5417
    endloop
  endfacet
  facet normal -0.524339 0.452566 0.721285
    outer loop
      vertex -73.2222 49.1319 28.6111
      vertex -61.3483 62.8889 28.6111
      vertex -73.2708 49.1862 28.5417
    endloop
  endfacet
  facet normal -0.819121 0 0.573621
    outer loop
      vertex -73.2708 24.7292 28.5417
      vertex -73.2222 49.1319 28.6111
      vertex -73.2708 49.1862 28.5417
    endloop
  endfacet
  facet normal -0.819121 0 0.573621
    outer loop
      vertex -73.2222 49.1319 28.6111
      vertex -73.2708 24.7292 28.5417
      vertex -73.2222 24.7778 28.6111
    endloop
  endfacet
  facet normal 0.819121 0 0.573621
    outer loop
      vertex 73.2708 24.7292 28.5417
      vertex 73.2222 49.1319 28.6111
      vertex 73.2222 24.7778 28.6111
    endloop
  endfacet
  facet normal 0.819121 0 0.573621
    outer loop
      vertex 73.2222 49.1319 28.6111
      vertex 73.2708 24.7292 28.5417
      vertex 73.2708 49.1862 28.5417
    endloop
  endfacet
  facet normal 0.510059 0.440241 0.738937
    outer loop
      vertex 73.2222 49.1319 28.6111
      vertex 61.3483 62.8889 28.6111
      vertex 61.3076 62.8194 28.6806
    endloop
  endfacet
  facet normal 0.52487 0.453227 0.720483
    outer loop
      vertex 73.1736 49.0777 28.6806
      vertex 73.2222 49.1319 28.6111
      vertex 61.3076 62.8194 28.6806
    endloop
  endfacet
  facet normal 0 0.707107 0.707107
    outer loop
      vertex 59.1828 63.3056 28.1944
      vertex 61.5113 63.1667 28.3333
      vertex 61.552 63.2361 28.2639
    endloop
  endfacet
  facet normal 0 0.707107 0.707107
    outer loop
      vertex 59.1828 63.3056 28.1944
      vertex 61.4298 63.0278 28.4722
      vertex 61.4705 63.0972 28.4028
    endloop
  endfacet
  facet normal 0 0.707107 0.707107
    outer loop
      vertex 61.5113 63.1667 28.3333
      vertex 59.1828 63.3056 28.1944
      vertex 61.4705 63.0972 28.4028
    endloop
  endfacet
  facet normal 0 0.707107 0.707107
    outer loop
      vertex 61.4298 63.0278 28.4722
      vertex 59.1828 63.3056 28.1944
      vertex 61.3891 62.9583 28.5417
    endloop
  endfacet
  facet normal -0 0.707107 0.707107
    outer loop
      vertex 59.1828 63.3056 28.1944
      vertex 61.552 63.2361 28.2639
      vertex 61.5927 63.3056 28.1944
    endloop
  endfacet
  facet normal 0 0.707107 0.707107
    outer loop
      vertex 61.3891 62.9583 28.5417
      vertex 59.1828 63.3056 28.1944
      vertex 61.3483 62.8889 28.6111
    endloop
  endfacet
  facet normal 0 0.707107 0.707107
    outer loop
      vertex 59.1828 63.3056 28.1944
      vertex 61.3076 62.8194 28.6806
      vertex 61.3483 62.8889 28.6111
    endloop
  endfacet
  facet normal 0 0.707107 0.707107
    outer loop
      vertex 61.3076 62.8194 28.6806
      vertex 59.1828 63.3056 28.1944
      vertex 59.0772 62.8194 28.6806
    endloop
  endfacet
  facet normal -0.0579323 0.719513 0.692058
    outer loop
      vertex 43.0093 62.4214 28.6111
      vertex 24.6697 60.944 28.6119
      vertex 43.0202 62.3713 28.6641
    endloop
  endfacet
  facet normal -0.0607878 0.754938 0.652972
    outer loop
      vertex 24.6697 60.944 28.6119
      vertex 43.0093 62.4214 28.6111
      vertex 24.6698 60.9447 28.6111
    endloop
  endfacet
  facet normal -0.0582662 0.723974 0.687362
    outer loop
      vertex 43.0202 62.3713 28.6641
      vertex 24.6552 60.8776 28.6806
      vertex 43.0235 62.3559 28.6806
    endloop
  endfacet
  facet normal -0.0582631 0.723936 0.687402
    outer loop
      vertex 24.6552 60.8776 28.6806
      vertex 43.0202 62.3713 28.6641
      vertex 24.6697 60.944 28.6119
    endloop
  endfacet
  facet normal 0.0571221 0.709437 0.70245
    outer loop
      vertex 9.072 62.1329 28.6369
      vertex 9.06636 62.1589 28.6111
      vertex 0 62.8889 28.6111
    endloop
  endfacet
  facet normal 0.0568227 0.705964 0.705964
    outer loop
      vertex 0 62.8194 28.6806
      vertex 9.072 62.1329 28.6369
      vertex 0 62.8889 28.6111
    endloop
  endfacet
  facet normal 0.0568664 0.706582 0.705343
    outer loop
      vertex 9.072 62.1329 28.6369
      vertex 0 62.8194 28.6806
      vertex 9.08165 62.0885 28.6806
    endloop
  endfacet
  facet normal -0.0571221 0.709437 0.70245
    outer loop
      vertex 0 62.8889 28.6111
      vertex -9.06636 62.1589 28.6111
      vertex -9.072 62.1329 28.6369
    endloop
  endfacet
  facet normal -0.0568227 0.705964 0.705964
    outer loop
      vertex -9.072 62.1329 28.6369
      vertex 0 62.8194 28.6806
      vertex 0 62.8889 28.6111
    endloop
  endfacet
  facet normal -0.0568664 0.706582 0.705343
    outer loop
      vertex 0 62.8194 28.6806
      vertex -9.072 62.1329 28.6369
      vertex -9.08165 62.0885 28.6806
    endloop
  endfacet
  facet normal 0.0605763 0.754935 0.652996
    outer loop
      vertex -24.6698 60.9447 28.6111
      vertex -43.0202 62.3713 28.6641
      vertex -24.6697 60.944 28.6119
    endloop
  endfacet
  facet normal 0.0579353 0.719513 0.692058
    outer loop
      vertex -43.0202 62.3713 28.6641
      vertex -24.6698 60.9447 28.6111
      vertex -43.0093 62.4214 28.6111
    endloop
  endfacet
  facet normal 0.0582662 0.723974 0.687362
    outer loop
      vertex -24.6552 60.8776 28.6806
      vertex -43.0202 62.3713 28.6641
      vertex -43.0235 62.3559 28.6806
    endloop
  endfacet
  facet normal 0.0582631 0.723936 0.687402
    outer loop
      vertex -43.0202 62.3713 28.6641
      vertex -24.6552 60.8776 28.6806
      vertex -24.6697 60.944 28.6119
    endloop
  endfacet
  facet normal -0.510059 0.440241 0.738937
    outer loop
      vertex -61.3076 62.8194 28.6806
      vertex -61.3483 62.8889 28.6111
      vertex -73.2222 49.1319 28.6111
    endloop
  endfacet
  facet normal -0.52487 0.453227 0.720483
    outer loop
      vertex -73.1736 49.0777 28.6806
      vertex -61.3076 62.8194 28.6806
      vertex -73.2222 49.1319 28.6111
    endloop
  endfacet
  facet normal -0.874132 -0.343434 0.343434
    outer loop
      vertex -73.2222 49.1319 28.6111
      vertex -73.125 49.0234 28.75
      vertex -73.1736 49.0777 28.6806
    endloop
  endfacet
  facet normal -0.819315 0 0.573344
    outer loop
      vertex -73.2222 24.7778 28.6111
      vertex -73.125 49.0234 28.75
      vertex -73.2222 49.1319 28.6111
    endloop
  endfacet
  facet normal -0.819315 0 0.573344
    outer loop
      vertex -73.125 49.0234 28.75
      vertex -73.2222 24.7778 28.6111
      vertex -73.125 24.875 28.75
    endloop
  endfacet
  facet normal 0.509779 0.440195 0.739158
    outer loop
      vertex 73.1736 49.0777 28.6806
      vertex 61.3076 62.8194 28.6806
      vertex 61.2669 62.75 28.75
    endloop
  endfacet
  facet normal 0.524126 0.452781 0.721305
    outer loop
      vertex 73.125 49.0234 28.75
      vertex 73.1736 49.0777 28.6806
      vertex 61.2669 62.75 28.75
    endloop
  endfacet
  facet normal -0 0.707107 0.707107
    outer loop
      vertex 59.0772 62.8194 28.6806
      vertex 61.2669 62.75 28.75
      vertex 61.3076 62.8194 28.6806
    endloop
  endfacet
  facet normal 0 0.707107 0.707107
    outer loop
      vertex 61.2669 62.75 28.75
      vertex 59.0772 62.8194 28.6806
      vertex 59.0621 62.75 28.75
    endloop
  endfacet
  facet normal -0.0579018 0.719437 0.69214
    outer loop
      vertex 43.0235 62.3559 28.6806
      vertex 24.6551 60.8769 28.6813
      vertex 43.0345 62.3057 28.7337
    endloop
  endfacet
  facet normal -0.0571433 0.710021 0.701858
    outer loop
      vertex 24.6551 60.8769 28.6813
      vertex 43.0235 62.3559 28.6806
      vertex 24.6552 60.8776 28.6806
    endloop
  endfacet
  facet normal -0.0582637 0.7242 0.687124
    outer loop
      vertex 43.0345 62.3057 28.7337
      vertex 24.6406 60.8104 28.75
      vertex 43.0378 62.2905 28.75
    endloop
  endfacet
  facet normal -0.0581987 0.72341 0.687961
    outer loop
      vertex 24.6406 60.8104 28.75
      vertex 43.0345 62.3057 28.7337
      vertex 24.6551 60.8769 28.6813
    endloop
  endfacet
  facet normal 0.057097 0.709447 0.702442
    outer loop
      vertex 9.0873 62.0625 28.7064
      vertex 9.08165 62.0885 28.6806
      vertex 0 62.8194 28.6806
    endloop
  endfacet
  facet normal 0.0568402 0.706575 0.705352
    outer loop
      vertex 9.0873 62.0625 28.7064
      vertex 0 62.75 28.75
      vertex 9.09694 62.0182 28.75
    endloop
  endfacet
  facet normal 0.056797 0.705965 0.705965
    outer loop
      vertex 0 62.75 28.75
      vertex 9.0873 62.0625 28.7064
      vertex 0 62.8194 28.6806
    endloop
  endfacet
  facet normal -0.057097 0.709447 0.702442
    outer loop
      vertex 0 62.8194 28.6806
      vertex -9.08165 62.0885 28.6806
      vertex -9.0873 62.0625 28.7064
    endloop
  endfacet
  facet normal -0.0568402 0.706575 0.705352
    outer loop
      vertex 0 62.75 28.75
      vertex -9.0873 62.0625 28.7064
      vertex -9.09694 62.0182 28.75
    endloop
  endfacet
  facet normal -0.056797 0.705965 0.705965
    outer loop
      vertex -9.0873 62.0625 28.7064
      vertex 0 62.75 28.75
      vertex 0 62.8194 28.6806
    endloop
  endfacet
  facet normal 0.0571976 0.710023 0.701852
    outer loop
      vertex -24.6552 60.8776 28.6806
      vertex -43.0345 62.3057 28.7337
      vertex -24.6551 60.8769 28.6813
    endloop
  endfacet
  facet normal 0.057901 0.719437 0.69214
    outer loop
      vertex -43.0345 62.3057 28.7337
      vertex -24.6552 60.8776 28.6806
      vertex -43.0235 62.3559 28.6806
    endloop
  endfacet
  facet normal 0.0582637 0.7242 0.687124
    outer loop
      vertex -24.6406 60.8104 28.75
      vertex -43.0345 62.3057 28.7337
      vertex -43.0378 62.2905 28.75
    endloop
  endfacet
  facet normal 0.0581987 0.72341 0.687961
    outer loop
      vertex -43.0345 62.3057 28.7337
      vertex -24.6406 60.8104 28.75
      vertex -24.6551 60.8769 28.6813
    endloop
  endfacet
  facet normal 0 0.707107 0.707107
    outer loop
      vertex -59.0772 62.8194 28.6806
      vertex -61.2669 62.75 28.75
      vertex -59.0621 62.75 28.75
    endloop
  endfacet
  facet normal 0 0.707107 0.707107
    outer loop
      vertex -61.2669 62.75 28.75
      vertex -59.0772 62.8194 28.6806
      vertex -61.3076 62.8194 28.6806
    endloop
  endfacet
  facet normal -0.509779 0.440195 0.739158
    outer loop
      vertex -61.2669 62.75 28.75
      vertex -61.3076 62.8194 28.6806
      vertex -73.1736 49.0777 28.6806
    endloop
  endfacet
  facet normal -0.524126 0.452781 0.721305
    outer loop
      vertex -73.125 49.0234 28.75
      vertex -61.2669 62.75 28.75
      vertex -73.1736 49.0777 28.6806
    endloop
  endfacet
  facet normal 0.874132 -0.343434 0.343434
    outer loop
      vertex 73.125 49.0234 28.75
      vertex 73.2222 49.1319 28.6111
      vertex 73.1736 49.0777 28.6806
    endloop
  endfacet
  facet normal 0.819315 0 0.573344
    outer loop
      vertex 73.2222 24.7778 28.6111
      vertex 73.125 49.0234 28.75
      vertex 73.125 24.875 28.75
    endloop
  endfacet
  facet normal 0.819315 0 0.573344
    outer loop
      vertex 73.125 49.0234 28.75
      vertex 73.2222 24.7778 28.6111
      vertex 73.2222 49.1319 28.6111
    endloop
  endfacet
  facet normal 0.509664 0.440287 0.739182
    outer loop
      vertex 73.125 49.0234 28.75
      vertex 61.2669 62.75 28.75
      vertex 61.2262 62.6806 28.8194
    endloop
  endfacet
  facet normal 0.524267 0.453102 0.721001
    outer loop
      vertex 73.0764 48.9692 28.8194
      vertex 73.125 49.0234 28.75
      vertex 61.2262 62.6806 28.8194
    endloop
  endfacet
  facet normal -0 0.707107 0.707107
    outer loop
      vertex 59.0621 62.75 28.75
      vertex 61.2262 62.6806 28.8194
      vertex 61.2669 62.75 28.75
    endloop
  endfacet
  facet normal 0 0.707107 0.707107
    outer loop
      vertex 61.2262 62.6806 28.8194
      vertex 59.0621 62.75 28.75
      vertex 59.047 62.6806 28.8194
    endloop
  endfacet
  facet normal -0.057878 0.719443 0.692135
    outer loop
      vertex 43.0378 62.2905 28.75
      vertex 24.6405 60.8097 28.7508
      vertex 43.0487 62.2401 28.8033
    endloop
  endfacet
  facet normal -0.0607366 0.754937 0.652978
    outer loop
      vertex 24.6405 60.8097 28.7508
      vertex 43.0378 62.2905 28.75
      vertex 24.6406 60.8104 28.75
    endloop
  endfacet
  facet normal -0.0580745 0.722198 0.689244
    outer loop
      vertex 43.0487 62.2401 28.8033
      vertex 24.626 60.7433 28.8194
      vertex 43.052 62.225 28.8194
    endloop
  endfacet
  facet normal -0.0581761 0.723435 0.687937
    outer loop
      vertex 24.626 60.7433 28.8194
      vertex 43.0487 62.2401 28.8033
      vertex 24.6405 60.8097 28.7508
    endloop
  endfacet
  facet normal 0.0570708 0.709442 0.702449
    outer loop
      vertex 9.1026 61.9921 28.7759
      vertex 9.09694 62.0182 28.75
      vertex 0 62.75 28.75
    endloop
  endfacet
  facet normal 0.0567563 0.705753 0.706181
    outer loop
      vertex 9.1026 61.9921 28.7759
      vertex 0 62.6806 28.8194
      vertex 9.11222 61.9478 28.8194
    endloop
  endfacet
  facet normal 0.0567714 0.705966 0.705966
    outer loop
      vertex 0 62.6806 28.8194
      vertex 9.1026 61.9921 28.7759
      vertex 0 62.75 28.75
    endloop
  endfacet
  facet normal -0.0570708 0.709442 0.702449
    outer loop
      vertex 0 62.75 28.75
      vertex -9.09694 62.0182 28.75
      vertex -9.1026 61.9921 28.7759
    endloop
  endfacet
  facet normal -0.0567563 0.705753 0.706181
    outer loop
      vertex 0 62.6806 28.8194
      vertex -9.1026 61.9921 28.7759
      vertex -9.11222 61.9478 28.8194
    endloop
  endfacet
  facet normal -0.0567714 0.705966 0.705966
    outer loop
      vertex -9.1026 61.9921 28.7759
      vertex 0 62.6806 28.8194
      vertex 0 62.75 28.75
    endloop
  endfacet
  facet normal 0.0605241 0.754934 0.653002
    outer loop
      vertex -24.6406 60.8104 28.75
      vertex -43.0487 62.2401 28.8033
      vertex -24.6405 60.8097 28.7508
    endloop
  endfacet
  facet normal 0.057881 0.719443 0.692136
    outer loop
      vertex -43.0487 62.2401 28.8033
      vertex -24.6406 60.8104 28.75
      vertex -43.0378 62.2905 28.75
    endloop
  endfacet
  facet normal 0.0580745 0.722198 0.689244
    outer loop
      vertex -24.626 60.7433 28.8194
      vertex -43.0487 62.2401 28.8033
      vertex -43.052 62.225 28.8194
    endloop
  endfacet
  facet normal 0.0581761 0.723435 0.687937
    outer loop
      vertex -43.0487 62.2401 28.8033
      vertex -24.626 60.7433 28.8194
      vertex -24.6405 60.8097 28.7508
    endloop
  endfacet
  facet normal 0 0.707107 0.707107
    outer loop
      vertex -59.0621 62.75 28.75
      vertex -61.2262 62.6806 28.8194
      vertex -59.047 62.6806 28.8194
    endloop
  endfacet
  facet normal 0 0.707107 0.707107
    outer loop
      vertex -61.2262 62.6806 28.8194
      vertex -59.0621 62.75 28.75
      vertex -61.2669 62.75 28.75
    endloop
  endfacet
  facet normal -0.509664 0.440287 0.739182
    outer loop
      vertex -61.2262 62.6806 28.8194
      vertex -61.2669 62.75 28.75
      vertex -73.125 49.0234 28.75
    endloop
  endfacet
  facet normal -0.524267 0.453102 0.721001
    outer loop
      vertex -73.0764 48.9692 28.8194
      vertex -61.2262 62.6806 28.8194
      vertex -73.125 49.0234 28.75
    endloop
  endfacet
  facet normal -0.819121 0 0.573621
    outer loop
      vertex -73.125 24.875 28.75
      vertex -73.0764 48.9692 28.8194
      vertex -73.125 49.0234 28.75
    endloop
  endfacet
  facet normal -0.819121 0 0.573621
    outer loop
      vertex -73.0764 48.9692 28.8194
      vertex -73.125 24.875 28.75
      vertex -73.0764 24.9236 28.8194
    endloop
  endfacet
  facet normal 0.819121 0 0.573621
    outer loop
      vertex 73.125 24.875 28.75
      vertex 73.0764 48.9692 28.8194
      vertex 73.0764 24.9236 28.8194
    endloop
  endfacet
  facet normal 0.819121 0 0.573621
    outer loop
      vertex 73.0764 48.9692 28.8194
      vertex 73.125 24.875 28.75
      vertex 73.125 49.0234 28.75
    endloop
  endfacet
  facet normal 0.509433 0.440282 0.739344
    outer loop
      vertex 73.0764 48.9692 28.8194
      vertex 61.2262 62.6806 28.8194
      vertex 61.1854 62.6111 28.8889
    endloop
  endfacet
  facet normal 0.524303 0.453338 0.720826
    outer loop
      vertex 73.0278 48.9149 28.8889
      vertex 73.0764 48.9692 28.8194
      vertex 61.1854 62.6111 28.8889
    endloop
  endfacet
  facet normal -0.0578477 0.719367 0.692217
    outer loop
      vertex 43.052 62.225 28.8194
      vertex 24.6259 60.7425 28.8202
      vertex 43.063 62.1745 28.8728
    endloop
  endfacet
  facet normal -0.0570544 0.709512 0.70238
    outer loop
      vertex 24.6259 60.7425 28.8202
      vertex 43.052 62.225 28.8194
      vertex 24.626 60.7433 28.8194
    endloop
  endfacet
  facet normal -0.0582452 0.724617 0.686686
    outer loop
      vertex 43.063 62.1745 28.8728
      vertex 24.6115 60.6761 28.8889
      vertex 43.0662 62.1595 28.8889
    endloop
  endfacet
  facet normal -0.0581854 0.723889 0.687458
    outer loop
      vertex 24.6115 60.6761 28.8889
      vertex 43.063 62.1745 28.8728
      vertex 24.6259 60.7425 28.8202
    endloop
  endfacet
  facet normal 0.0572708 0.71215 0.699687
    outer loop
      vertex 9.1179 61.9217 28.8455
      vertex 9.11222 61.9478 28.8194
      vertex 0 62.6806 28.8194
    endloop
  endfacet
  facet normal 0.0567223 0.705744 0.706193
    outer loop
      vertex 9.1179 61.9217 28.8455
      vertex 0 62.6111 28.8889
      vertex 9.12751 61.8775 28.8889
    endloop
  endfacet
  facet normal 0.0567382 0.705968 0.705968
    outer loop
      vertex 0 62.6111 28.8889
      vertex 9.1179 61.9217 28.8455
      vertex 0 62.6806 28.8194
    endloop
  endfacet
  facet normal -0.0572708 0.71215 0.699687
    outer loop
      vertex 0 62.6806 28.8194
      vertex -9.11222 61.9478 28.8194
      vertex -9.1179 61.9217 28.8455
    endloop
  endfacet
  facet normal -0.0567223 0.705744 0.706193
    outer loop
      vertex 0 62.6111 28.8889
      vertex -9.1179 61.9217 28.8455
      vertex -9.12751 61.8775 28.8889
    endloop
  endfacet
  facet normal -0.0567382 0.705968 0.705968
    outer loop
      vertex -9.1179 61.9217 28.8455
      vertex 0 62.6111 28.8889
      vertex 0 62.6806 28.8194
    endloop
  endfacet
  facet normal 0.0571113 0.709513 0.702374
    outer loop
      vertex -24.626 60.7433 28.8194
      vertex -43.063 62.1745 28.8728
      vertex -24.6259 60.7425 28.8202
    endloop
  endfacet
  facet normal 0.0578469 0.719368 0.692217
    outer loop
      vertex -43.063 62.1745 28.8728
      vertex -24.626 60.7433 28.8194
      vertex -43.052 62.225 28.8194
    endloop
  endfacet
  facet normal 0.0582452 0.724617 0.686686
    outer loop
      vertex -24.6115 60.6761 28.8889
      vertex -43.063 62.1745 28.8728
      vertex -43.0662 62.1595 28.8889
    endloop
  endfacet
  facet normal 0.0581854 0.723889 0.687458
    outer loop
      vertex -43.063 62.1745 28.8728
      vertex -24.6115 60.6761 28.8889
      vertex -24.6259 60.7425 28.8202
    endloop
  endfacet
  facet normal 0 0.707107 0.707107
    outer loop
      vertex -59.047 62.6806 28.8194
      vertex -60.9411 62.1944 29.3056
      vertex -58.9414 62.1944 29.3056
    endloop
  endfacet
  facet normal 0 0.707107 0.707107
    outer loop
      vertex -59.047 62.6806 28.8194
      vertex -60.9818 62.2639 29.2361
      vertex -60.9411 62.1944 29.3056
    endloop
  endfacet
  facet normal 0 0.707107 0.707107
    outer loop
      vertex -59.047 62.6806 28.8194
      vertex -61.0225 62.3333 29.1667
      vertex -60.9818 62.2639 29.2361
    endloop
  endfacet
  facet normal 0 0.707107 0.707107
    outer loop
      vertex -59.047 62.6806 28.8194
      vertex -61.0633 62.4028 29.0972
      vertex -61.0225 62.3333 29.1667
    endloop
  endfacet
  facet normal 0 0.707107 0.707107
    outer loop
      vertex -59.047 62.6806 28.8194
      vertex -61.104 62.4722 29.0278
      vertex -61.0633 62.4028 29.0972
    endloop
  endfacet
  facet normal 0 0.707107 0.707107
    outer loop
      vertex -59.047 62.6806 28.8194
      vertex -61.1447 62.5417 28.9583
      vertex -61.104 62.4722 29.0278
    endloop
  endfacet
  facet normal 0 0.707107 0.707107
    outer loop
      vertex -59.047 62.6806 28.8194
      vertex -61.1854 62.6111 28.8889
      vertex -61.1447 62.5417 28.9583
    endloop
  endfacet
  facet normal 0 0.707107 0.707107
    outer loop
      vertex -61.1854 62.6111 28.8889
      vertex -59.047 62.6806 28.8194
      vertex -61.2262 62.6806 28.8194
    endloop
  endfacet
  facet normal -0.509433 0.440282 0.739344
    outer loop
      vertex -61.1854 62.6111 28.8889
      vertex -61.2262 62.6806 28.8194
      vertex -73.0764 48.9692 28.8194
    endloop
  endfacet
  facet normal -0.524303 0.453338 0.720826
    outer loop
      vertex -73.0278 48.9149 28.8889
      vertex -61.1854 62.6111 28.8889
      vertex -73.0764 48.9692 28.8194
    endloop
  endfacet
  facet normal -0.819509 0 0.573067
    outer loop
      vertex -73.0764 24.9236 28.8194
      vertex -73.0278 48.9149 28.8889
      vertex -73.0764 48.9692 28.8194
    endloop
  endfacet
  facet normal -0.819509 0 0.573067
    outer loop
      vertex -73.0278 48.9149 28.8889
      vertex -73.0764 24.9236 28.8194
      vertex -73.0278 24.9722 28.8889
    endloop
  endfacet
  facet normal 0.819509 0 0.573067
    outer loop
      vertex 73.0764 24.9236 28.8194
      vertex 73.0278 48.9149 28.8889
      vertex 73.0278 24.9722 28.8889
    endloop
  endfacet
  facet normal 0.819509 0 0.573067
    outer loop
      vertex 73.0278 48.9149 28.8889
      vertex 73.0764 24.9236 28.8194
      vertex 73.0764 48.9692 28.8194
    endloop
  endfacet
  facet normal 0.509428 0.440476 0.739232
    outer loop
      vertex 73.0278 48.9149 28.8889
      vertex 61.1854 62.6111 28.8889
      vertex 61.1447 62.5417 28.9583
    endloop
  endfacet
  facet normal 0.524051 0.453321 0.721021
    outer loop
      vertex 72.9792 48.8607 28.9583
      vertex 73.0278 48.9149 28.8889
      vertex 61.1447 62.5417 28.9583
    endloop
  endfacet
  facet normal -0.0577643 0.718677 0.692941
    outer loop
      vertex 43.0662 62.1595 28.8889
      vertex 24.6113 60.6754 28.8897
      vertex 43.0772 62.1088 28.9424
    endloop
  endfacet
  facet normal -0.0609833 0.758682 0.648601
    outer loop
      vertex 24.6113 60.6754 28.8897
      vertex 43.0662 62.1595 28.8889
      vertex 24.6115 60.6761 28.8889
    endloop
  endfacet
  facet normal -0.0582216 0.724676 0.686625
    outer loop
      vertex 43.0772 62.1088 28.9424
      vertex 24.5969 60.609 28.9583
      vertex 43.0805 62.094 28.9583
    endloop
  endfacet
  facet normal -0.0581159 0.723389 0.687991
    outer loop
      vertex 24.5969 60.609 28.9583
      vertex 43.0772 62.1088 28.9424
      vertex 24.6113 60.6754 28.8897
    endloop
  endfacet
  facet normal 0.0571288 0.710801 0.70107
    outer loop
      vertex 9.1332 61.8513 28.915
      vertex 9.12751 61.8775 28.8889
      vertex 0 62.6111 28.8889
    endloop
  endfacet
  facet normal 0.0567128 0.705969 0.705969
    outer loop
      vertex 0 62.5417 28.9583
      vertex 9.1332 61.8513 28.915
      vertex 0 62.6111 28.8889
    endloop
  endfacet
  facet normal 0.0566383 0.704917 0.707025
    outer loop
      vertex 9.1332 61.8513 28.915
      vertex 0 62.5417 28.9583
      vertex 9.14279 61.8071 28.9583
    endloop
  endfacet
  facet normal -0.0571288 0.710801 0.70107
    outer loop
      vertex 0 62.6111 28.8889
      vertex -9.12751 61.8775 28.8889
      vertex -9.1332 61.8513 28.915
    endloop
  endfacet
  facet normal -0.0567128 0.705969 0.705969
    outer loop
      vertex -9.1332 61.8513 28.915
      vertex 0 62.5417 28.9583
      vertex 0 62.6111 28.8889
    endloop
  endfacet
  facet normal -0.0566383 0.704917 0.707025
    outer loop
      vertex 0 62.5417 28.9583
      vertex -9.1332 61.8513 28.915
      vertex -9.14279 61.8071 28.9583
    endloop
  endfacet
  facet normal 0.0607418 0.758663 0.648645
    outer loop
      vertex -24.6115 60.6761 28.8889
      vertex -43.0772 62.1088 28.9424
      vertex -24.6113 60.6754 28.8897
    endloop
  endfacet
  facet normal 0.0577676 0.718676 0.692941
    outer loop
      vertex -43.0772 62.1088 28.9424
      vertex -24.6115 60.6761 28.8889
      vertex -43.0662 62.1595 28.8889
    endloop
  endfacet
  facet normal 0.0582216 0.724676 0.686625
    outer loop
      vertex -24.5969 60.609 28.9583
      vertex -43.0772 62.1088 28.9424
      vertex -43.0805 62.094 28.9583
    endloop
  endfacet
  facet normal 0.0581159 0.723389 0.687991
    outer loop
      vertex -43.0772 62.1088 28.9424
      vertex -24.5969 60.609 28.9583
      vertex -24.6113 60.6754 28.8897
    endloop
  endfacet
  facet normal -0.509428 0.440476 0.739232
    outer loop
      vertex -61.1447 62.5417 28.9583
      vertex -61.1854 62.6111 28.8889
      vertex -73.0278 48.9149 28.8889
    endloop
  endfacet
  facet normal -0.524051 0.453321 0.721021
    outer loop
      vertex -72.9792 48.8607 28.9583
      vertex -61.1447 62.5417 28.9583
      vertex -73.0278 48.9149 28.8889
    endloop
  endfacet
  facet normal -0.819121 0 0.573621
    outer loop
      vertex -73.0278 24.9722 28.8889
      vertex -72.9792 48.8607 28.9583
      vertex -73.0278 48.9149 28.8889
    endloop
  endfacet
  facet normal -0.819121 0 0.573621
    outer loop
      vertex -72.9792 48.8607 28.9583
      vertex -73.0278 24.9722 28.8889
      vertex -72.9792 25.0208 28.9583
    endloop
  endfacet
  facet normal 0.819121 0 0.573621
    outer loop
      vertex 73.0278 24.9722 28.8889
      vertex 72.9792 48.8607 28.9583
      vertex 72.9792 25.0208 28.9583
    endloop
  endfacet
  facet normal 0.819121 0 0.573621
    outer loop
      vertex 72.9792 48.8607 28.9583
      vertex 73.0278 24.9722 28.8889
      vertex 73.0278 48.9149 28.8889
    endloop
  endfacet
  facet normal 0.509472 0.44071 0.739062
    outer loop
      vertex 72.9792 48.8607 28.9583
      vertex 61.1447 62.5417 28.9583
      vertex 61.104 62.4722 29.0278
    endloop
  endfacet
  facet normal 0.524089 0.453555 0.720846
    outer loop
      vertex 72.9306 48.8064 29.0278
      vertex 72.9792 48.8607 28.9583
      vertex 61.104 62.4722 29.0278
    endloop
  endfacet
  facet normal -0.0577901 0.719299 0.692292
    outer loop
      vertex 43.0805 62.094 28.9583
      vertex 24.5967 60.6082 28.9591
      vertex 43.0915 62.0432 29.012
    endloop
  endfacet
  facet normal -0.0572891 0.71307 0.698748
    outer loop
      vertex 24.5967 60.6082 28.9591
      vertex 43.0805 62.094 28.9583
      vertex 24.5969 60.609 28.9583
    endloop
  endfacet
  facet normal -0.0582222 0.724983 0.686301
    outer loop
      vertex 43.0915 62.0432 29.012
      vertex 24.5823 60.5418 29.0278
      vertex 43.0947 62.0285 29.0278
    endloop
  endfacet
  facet normal -0.0581322 0.723886 0.687466
    outer loop
      vertex 24.5823 60.5418 29.0278
      vertex 43.0915 62.0432 29.012
      vertex 24.5967 60.6082 28.9591
    endloop
  endfacet
  facet normal 0.0572199 0.712156 0.699685
    outer loop
      vertex 9.1485 61.7809 28.9845
      vertex 9.14279 61.8071 28.9583
      vertex 0 62.5417 28.9583
    endloop
  endfacet
  facet normal 0.0566698 0.70572 0.706221
    outer loop
      vertex 9.1485 61.7809 28.9845
      vertex 0 62.4722 29.0278
      vertex 9.15808 61.7368 29.0278
    endloop
  endfacet
  facet normal 0.0566875 0.70597 0.70597
    outer loop
      vertex 0 62.4722 29.0278
      vertex 9.1485 61.7809 28.9845
      vertex 0 62.5417 28.9583
    endloop
  endfacet
  facet normal -0.0572199 0.712156 0.699685
    outer loop
      vertex 0 62.5417 28.9583
      vertex -9.14279 61.8071 28.9583
      vertex -9.1485 61.7809 28.9845
    endloop
  endfacet
  facet normal -0.0566698 0.70572 0.706221
    outer loop
      vertex 0 62.4722 29.0278
      vertex -9.1485 61.7809 28.9845
      vertex -9.15808 61.7368 29.0278
    endloop
  endfacet
  facet normal -0.0566875 0.70597 0.70597
    outer loop
      vertex -9.1485 61.7809 28.9845
      vertex 0 62.4722 29.0278
      vertex 0 62.5417 28.9583
    endloop
  endfacet
  facet normal 0.0573255 0.713073 0.698742
    outer loop
      vertex -24.5969 60.609 28.9583
      vertex -43.0915 62.0432 29.012
      vertex -24.5967 60.6082 28.9591
    endloop
  endfacet
  facet normal 0.0577896 0.719299 0.692292
    outer loop
      vertex -43.0915 62.0432 29.012
      vertex -24.5969 60.609 28.9583
      vertex -43.0805 62.094 28.9583
    endloop
  endfacet
  facet normal 0.0582222 0.724983 0.686301
    outer loop
      vertex -24.5823 60.5418 29.0278
      vertex -43.0915 62.0432 29.012
      vertex -43.0947 62.0285 29.0278
    endloop
  endfacet
  facet normal 0.0581322 0.723886 0.687466
    outer loop
      vertex -43.0915 62.0432 29.012
      vertex -24.5823 60.5418 29.0278
      vertex -24.5967 60.6082 28.9591
    endloop
  endfacet
  facet normal -0.509472 0.44071 0.739062
    outer loop
      vertex -61.104 62.4722 29.0278
      vertex -61.1447 62.5417 28.9583
      vertex -72.9792 48.8607 28.9583
    endloop
  endfacet
  facet normal -0.524089 0.453555 0.720846
    outer loop
      vertex -72.9306 48.8064 29.0278
      vertex -61.104 62.4722 29.0278
      vertex -72.9792 48.8607 28.9583
    endloop
  endfacet
  facet normal -0.819509 0 0.573067
    outer loop
      vertex -72.9792 25.0208 28.9583
      vertex -72.9306 48.8064 29.0278
      vertex -72.9792 48.8607 28.9583
    endloop
  endfacet
  facet normal -0.819509 0 0.573067
    outer loop
      vertex -72.9306 48.8064 29.0278
      vertex -72.9792 25.0208 28.9583
      vertex -72.9306 25.0694 29.0278
    endloop
  endfacet
  facet normal 0.819509 0 0.573067
    outer loop
      vertex 72.9792 25.0208 28.9583
      vertex 72.9306 48.8064 29.0278
      vertex 72.9306 25.0694 29.0278
    endloop
  endfacet
  facet normal 0.819509 0 0.573067
    outer loop
      vertex 72.9306 48.8064 29.0278
      vertex 72.9792 25.0208 28.9583
      vertex 72.9792 48.8607 28.9583
    endloop
  endfacet
  facet normal 0.509193 0.440664 0.739282
    outer loop
      vertex 72.9306 48.8064 29.0278
      vertex 61.104 62.4722 29.0278
      vertex 61.0633 62.4028 29.0972
    endloop
  endfacet
  facet normal 0.523553 0.453289 0.721402
    outer loop
      vertex 72.8819 48.7522 29.0972
      vertex 72.9306 48.8064 29.0278
      vertex 61.0633 62.4028 29.0972
    endloop
  endfacet
  facet normal -0.0577091 0.718637 0.692987
    outer loop
      vertex 43.0947 62.0285 29.0278
      vertex 24.5821 60.5411 29.0286
      vertex 43.1057 61.9776 29.0815
    endloop
  endfacet
  facet normal -0.0609281 0.758678 0.648611
    outer loop
      vertex 24.5821 60.5411 29.0286
      vertex 43.0947 62.0285 29.0278
      vertex 24.5823 60.5418 29.0278
    endloop
  endfacet
  facet normal -0.0582045 0.72511 0.686169
    outer loop
      vertex 43.1057 61.9776 29.0815
      vertex 24.5677 60.4747 29.0972
      vertex 43.1089 61.963 29.0972
    endloop
  endfacet
  facet normal -0.0580632 0.723386 0.687998
    outer loop
      vertex 24.5677 60.4747 29.0972
      vertex 43.1057 61.9776 29.0815
      vertex 24.5821 60.5411 29.0286
    endloop
  endfacet
  facet normal 0.0569702 0.709461 0.702439
    outer loop
      vertex 9.1638 61.7104 29.054
      vertex 9.15808 61.7368 29.0278
      vertex 0 62.4722 29.0278
    endloop
  endfacet
  facet normal 0.0566511 0.705705 0.706237
    outer loop
      vertex 9.1638 61.7104 29.054
      vertex 0 62.4028 29.0972
      vertex 9.17336 61.6664 29.0972
    endloop
  endfacet
  facet normal 0.0566699 0.70597 0.70597
    outer loop
      vertex 0 62.4028 29.0972
      vertex 9.1638 61.7104 29.054
      vertex 0 62.4722 29.0278
    endloop
  endfacet
  facet normal -0.0569702 0.709461 0.702439
    outer loop
      vertex 0 62.4722 29.0278
      vertex -9.15808 61.7368 29.0278
      vertex -9.1638 61.7104 29.054
    endloop
  endfacet
  facet normal -0.0566511 0.705705 0.706237
    outer loop
      vertex 0 62.4028 29.0972
      vertex -9.1638 61.7104 29.054
      vertex -9.17336 61.6664 29.0972
    endloop
  endfacet
  facet normal -0.0566699 0.70597 0.70597
    outer loop
      vertex -9.1638 61.7104 29.054
      vertex 0 62.4028 29.0972
      vertex 0 62.4722 29.0278
    endloop
  endfacet
  facet normal 0.0606862 0.758659 0.648655
    outer loop
      vertex -24.5823 60.5418 29.0278
      vertex -43.1057 61.9776 29.0815
      vertex -24.5821 60.5411 29.0286
    endloop
  endfacet
  facet normal 0.0577125 0.718636 0.692987
    outer loop
      vertex -43.1057 61.9776 29.0815
      vertex -24.5823 60.5418 29.0278
      vertex -43.0947 62.0285 29.0278
    endloop
  endfacet
  facet normal 0.0582045 0.72511 0.686169
    outer loop
      vertex -24.5677 60.4747 29.0972
      vertex -43.1057 61.9776 29.0815
      vertex -43.1089 61.963 29.0972
    endloop
  endfacet
  facet normal 0.0580632 0.723386 0.687998
    outer loop
      vertex -43.1057 61.9776 29.0815
      vertex -24.5677 60.4747 29.0972
      vertex -24.5821 60.5411 29.0286
    endloop
  endfacet
  facet normal -0.509193 0.440664 0.739282
    outer loop
      vertex -61.0633 62.4028 29.0972
      vertex -61.104 62.4722 29.0278
      vertex -72.9306 48.8064 29.0278
    endloop
  endfacet
  facet normal -0.523553 0.453289 0.721402
    outer loop
      vertex -72.8819 48.7522 29.0972
      vertex -61.0633 62.4028 29.0972
      vertex -72.9306 48.8064 29.0278
    endloop
  endfacet
  facet normal -0.818566 0 0.574412
    outer loop
      vertex -72.9306 25.0694 29.0278
      vertex -72.8819 48.7522 29.0972
      vertex -72.9306 48.8064 29.0278
    endloop
  endfacet
  facet normal -0.818566 0 0.574412
    outer loop
      vertex -72.8819 48.7522 29.0972
      vertex -72.9306 25.0694 29.0278
      vertex -72.8819 25.1181 29.0972
    endloop
  endfacet
  facet normal 0.818566 0 0.574412
    outer loop
      vertex 72.9306 25.0694 29.0278
      vertex 72.8819 48.7522 29.0972
      vertex 72.8819 25.1181 29.0972
    endloop
  endfacet
  facet normal 0.818566 0 0.574412
    outer loop
      vertex 72.8819 48.7522 29.0972
      vertex 72.9306 25.0694 29.0278
      vertex 72.9306 48.8064 29.0278
    endloop
  endfacet
  facet normal 0.508963 0.440657 0.739444
    outer loop
      vertex 72.8819 48.7522 29.0972
      vertex 61.0633 62.4028 29.0972
      vertex 61.0225 62.3333 29.1667
    endloop
  endfacet
  facet normal 0.523874 0.453773 0.720865
    outer loop
      vertex 72.8333 48.6979 29.1667
      vertex 72.8819 48.7522 29.0972
      vertex 61.0225 62.3333 29.1667
    endloop
  endfacet
  facet normal -0.0577309 0.719204 0.692397
    outer loop
      vertex 43.1089 61.963 29.0972
      vertex 24.5675 60.4739 29.098
      vertex 43.12 61.912 29.1511
    endloop
  endfacet
  facet normal -0.0572377 0.713066 0.698757
    outer loop
      vertex 24.5675 60.4739 29.098
      vertex 43.1089 61.963 29.0972
      vertex 24.5677 60.4747 29.0972
    endloop
  endfacet
  facet normal -0.0581905 0.725237 0.686035
    outer loop
      vertex 43.12 61.912 29.1511
      vertex 24.5531 60.4075 29.1667
      vertex 43.1232 61.8975 29.1667
    endloop
  endfacet
  facet normal -0.0580795 0.723883 0.687474
    outer loop
      vertex 24.5531 60.4075 29.1667
      vertex 43.12 61.912 29.1511
      vertex 24.5675 60.4739 29.098
    endloop
  endfacet
  facet normal 0.0570612 0.710813 0.701062
    outer loop
      vertex 9.1791 61.64 29.1235
      vertex 9.17336 61.6664 29.0972
      vertex 0 62.4028 29.0972
    endloop
  endfacet
  facet normal 0.0566448 0.705971 0.705971
    outer loop
      vertex 0 62.3333 29.1667
      vertex 9.1791 61.64 29.1235
      vertex 0 62.4028 29.0972
    endloop
  endfacet
  facet normal 0.056683 0.706511 0.705428
    outer loop
      vertex 9.1791 61.64 29.1235
      vertex 0 62.3333 29.1667
      vertex 9.18865 61.5961 29.1667
    endloop
  endfacet
  facet normal -0.0570612 0.710813 0.701062
    outer loop
      vertex 0 62.4028 29.0972
      vertex -9.17336 61.6664 29.0972
      vertex -9.1791 61.64 29.1235
    endloop
  endfacet
  facet normal -0.0566448 0.705971 0.705971
    outer loop
      vertex -9.1791 61.64 29.1235
      vertex 0 62.3333 29.1667
      vertex 0 62.4028 29.0972
    endloop
  endfacet
  facet normal -0.056683 0.706511 0.705428
    outer loop
      vertex 0 62.3333 29.1667
      vertex -9.1791 61.64 29.1235
      vertex -9.18865 61.5961 29.1667
    endloop
  endfacet
  facet normal 0.0572736 0.713069 0.698751
    outer loop
      vertex -24.5677 60.4747 29.0972
      vertex -43.12 61.912 29.1511
      vertex -24.5675 60.4739 29.098
    endloop
  endfacet
  facet normal 0.0577304 0.719204 0.692397
    outer loop
      vertex -43.12 61.912 29.1511
      vertex -24.5677 60.4747 29.0972
      vertex -43.1089 61.963 29.0972
    endloop
  endfacet
  facet normal 0.0581905 0.725237 0.686035
    outer loop
      vertex -24.5531 60.4075 29.1667
      vertex -43.12 61.912 29.1511
      vertex -43.1232 61.8975 29.1667
    endloop
  endfacet
  facet normal 0.0580795 0.723883 0.687474
    outer loop
      vertex -43.12 61.912 29.1511
      vertex -24.5531 60.4075 29.1667
      vertex -24.5675 60.4739 29.098
    endloop
  endfacet
  facet normal -0.508963 0.440657 0.739444
    outer loop
      vertex -61.0225 62.3333 29.1667
      vertex -61.0633 62.4028 29.0972
      vertex -72.8819 48.7522 29.0972
    endloop
  endfacet
  facet normal -0.523874 0.453773 0.720865
    outer loop
      vertex -72.8333 48.6979 29.1667
      vertex -61.0225 62.3333 29.1667
      vertex -72.8819 48.7522 29.0972
    endloop
  endfacet
  facet normal -0.819509 0 0.573067
    outer loop
      vertex -72.8819 25.1181 29.0972
      vertex -72.8333 48.6979 29.1667
      vertex -72.8819 48.7522 29.0972
    endloop
  endfacet
  facet normal -0.819509 0 0.573067
    outer loop
      vertex -72.8333 48.6979 29.1667
      vertex -72.8819 25.1181 29.0972
      vertex -72.8333 25.1667 29.1667
    endloop
  endfacet
  facet normal 0.819509 0 0.573067
    outer loop
      vertex 72.8819 25.1181 29.0972
      vertex 72.8333 48.6979 29.1667
      vertex 72.8333 25.1667 29.1667
    endloop
  endfacet
  facet normal 0.819509 0 0.573067
    outer loop
      vertex 72.8333 48.6979 29.1667
      vertex 72.8819 25.1181 29.0972
      vertex 72.8819 48.7522 29.0972
    endloop
  endfacet
  facet normal 0.508957 0.440852 0.739332
    outer loop
      vertex 72.8333 48.6979 29.1667
      vertex 61.0225 62.3333 29.1667
      vertex 60.9818 62.2639 29.2361
    endloop
  endfacet
  facet normal 0.523621 0.453756 0.72106
    outer loop
      vertex 72.7847 48.6437 29.2361
      vertex 72.8333 48.6979 29.1667
      vertex 60.9818 62.2639 29.2361
    endloop
  endfacet
  facet normal -0.0577052 0.719182 0.692421
    outer loop
      vertex 43.1232 61.8975 29.1667
      vertex 24.5529 60.4067 29.1675
      vertex 43.1343 61.8464 29.2207
    endloop
  endfacet
  facet normal -0.0572138 0.713064 0.698761
    outer loop
      vertex 24.5529 60.4067 29.1675
      vertex 43.1232 61.8975 29.1667
      vertex 24.5531 60.4075 29.1667
    endloop
  endfacet
  facet normal -0.0580108 0.723342 0.688049
    outer loop
      vertex 43.1343 61.8464 29.2207
      vertex 24.5385 60.3404 29.2361
      vertex 43.1374 61.832 29.2361
    endloop
  endfacet
  facet normal -0.0580571 0.723908 0.68745
    outer loop
      vertex 24.5385 60.3404 29.2361
      vertex 43.1343 61.8464 29.2207
      vertex 24.5529 60.4067 29.1675
    endloop
  endfacet
  facet normal 0.0569209 0.709476 0.702427
    outer loop
      vertex 9.1944 61.5696 29.193
      vertex 9.18865 61.5961 29.1667
      vertex 0 62.3333 29.1667
    endloop
  endfacet
  facet normal 0.0565991 0.705681 0.706265
    outer loop
      vertex 9.1944 61.5696 29.193
      vertex 0 62.2639 29.2361
      vertex 9.20393 61.5257 29.2361
    endloop
  endfacet
  facet normal 0.0566197 0.705972 0.705972
    outer loop
      vertex 0 62.2639 29.2361
      vertex 9.1944 61.5696 29.193
      vertex 0 62.3333 29.1667
    endloop
  endfacet
  facet normal -0.0569209 0.709476 0.702427
    outer loop
      vertex 0 62.3333 29.1667
      vertex -9.18865 61.5961 29.1667
      vertex -9.1944 61.5696 29.193
    endloop
  endfacet
  facet normal -0.0565991 0.705681 0.706265
    outer loop
      vertex 0 62.2639 29.2361
      vertex -9.1944 61.5696 29.193
      vertex -9.20393 61.5257 29.2361
    endloop
  endfacet
  facet normal -0.0566197 0.705972 0.705972
    outer loop
      vertex -9.1944 61.5696 29.193
      vertex 0 62.2639 29.2361
      vertex 0 62.3333 29.1667
    endloop
  endfacet
  facet normal 0.0572495 0.713067 0.698755
    outer loop
      vertex -24.5531 60.4075 29.1667
      vertex -43.1343 61.8464 29.2207
      vertex -24.5529 60.4067 29.1675
    endloop
  endfacet
  facet normal 0.0577047 0.719182 0.692421
    outer loop
      vertex -43.1343 61.8464 29.2207
      vertex -24.5531 60.4075 29.1667
      vertex -43.1232 61.8975 29.1667
    endloop
  endfacet
  facet normal 0.0580108 0.723342 0.688049
    outer loop
      vertex -24.5385 60.3404 29.2361
      vertex -43.1343 61.8464 29.2207
      vertex -43.1374 61.832 29.2361
    endloop
  endfacet
  facet normal 0.0580571 0.723908 0.68745
    outer loop
      vertex -43.1343 61.8464 29.2207
      vertex -24.5385 60.3404 29.2361
      vertex -24.5529 60.4067 29.1675
    endloop
  endfacet
  facet normal -0.508957 0.440852 0.739332
    outer loop
      vertex -60.9818 62.2639 29.2361
      vertex -61.0225 62.3333 29.1667
      vertex -72.8333 48.6979 29.1667
    endloop
  endfacet
  facet normal -0.523621 0.453756 0.72106
    outer loop
      vertex -72.7847 48.6437 29.2361
      vertex -60.9818 62.2639 29.2361
      vertex -72.8333 48.6979 29.1667
    endloop
  endfacet
  facet normal -0.819121 0 0.573621
    outer loop
      vertex -72.8333 25.1667 29.1667
      vertex -72.7847 48.6437 29.2361
      vertex -72.8333 48.6979 29.1667
    endloop
  endfacet
  facet normal -0.819121 0 0.573621
    outer loop
      vertex -72.7847 48.6437 29.2361
      vertex -72.8333 25.1667 29.1667
      vertex -72.7847 25.2153 29.2361
    endloop
  endfacet
  facet normal 0.819121 0 0.573621
    outer loop
      vertex 72.8333 25.1667 29.1667
      vertex 72.7847 48.6437 29.2361
      vertex 72.7847 25.2153 29.2361
    endloop
  endfacet
  facet normal 0.819121 0 0.573621
    outer loop
      vertex 72.7847 48.6437 29.2361
      vertex 72.8333 25.1667 29.1667
      vertex 72.8333 48.6979 29.1667
    endloop
  endfacet
  facet normal 0.509 0.441086 0.739163
    outer loop
      vertex 72.7847 48.6437 29.2361
      vertex 60.9818 62.2639 29.2361
      vertex 60.9411 62.1944 29.3056
    endloop
  endfacet
  facet normal 0.523658 0.453991 0.720885
    outer loop
      vertex 72.7361 48.5894 29.3056
      vertex 72.7847 48.6437 29.2361
      vertex 60.9411 62.1944 29.3056
    endloop
  endfacet
  facet normal -0 0.707107 0.707107
    outer loop
      vertex 59.047 62.6806 28.8194
      vertex 61.1854 62.6111 28.8889
      vertex 61.2262 62.6806 28.8194
    endloop
  endfacet
  facet normal 0 0.707107 0.707107
    outer loop
      vertex 61.1854 62.6111 28.8889
      vertex 59.047 62.6806 28.8194
      vertex 61.1447 62.5417 28.9583
    endloop
  endfacet
  facet normal 0 0.707107 0.707107
    outer loop
      vertex 59.047 62.6806 28.8194
      vertex 61.0633 62.4028 29.0972
      vertex 61.104 62.4722 29.0278
    endloop
  endfacet
  facet normal 0 0.707107 0.707107
    outer loop
      vertex 61.0633 62.4028 29.0972
      vertex 59.047 62.6806 28.8194
      vertex 61.0225 62.3333 29.1667
    endloop
  endfacet
  facet normal 0 0.707107 0.707107
    outer loop
      vertex 61.1447 62.5417 28.9583
      vertex 59.047 62.6806 28.8194
      vertex 61.104 62.4722 29.0278
    endloop
  endfacet
  facet normal 0 0.707107 0.707107
    outer loop
      vertex 61.0225 62.3333 29.1667
      vertex 59.047 62.6806 28.8194
      vertex 60.9818 62.2639 29.2361
    endloop
  endfacet
  facet normal 0 0.707107 0.707107
    outer loop
      vertex 59.047 62.6806 28.8194
      vertex 60.9411 62.1944 29.3056
      vertex 60.9818 62.2639 29.2361
    endloop
  endfacet
  facet normal 0 0.707107 0.707107
    outer loop
      vertex 60.9411 62.1944 29.3056
      vertex 59.047 62.6806 28.8194
      vertex 58.9414 62.1944 29.3056
    endloop
  endfacet
  facet normal -0.0576229 0.7185 0.693136
    outer loop
      vertex 43.1374 61.832 29.2361
      vertex 24.5383 60.3396 29.2369
      vertex 43.1485 61.7807 29.2902
    endloop
  endfacet
  facet normal -0.0571863 0.713062 0.698765
    outer loop
      vertex 24.5383 60.3396 29.2369
      vertex 43.1374 61.832 29.2361
      vertex 24.5385 60.3404 29.2361
    endloop
  endfacet
  facet normal -0.0581712 0.725687 0.685562
    outer loop
      vertex 43.1485 61.7807 29.2902
      vertex 24.5239 60.2732 29.3056
      vertex 43.1516 61.7664 29.3056
    endloop
  endfacet
  facet normal -0.0580233 0.723879 0.687482
    outer loop
      vertex 24.5239 60.2732 29.3056
      vertex 43.1485 61.7807 29.2902
      vertex 24.5383 60.3396 29.2369
    endloop
  endfacet
  facet normal 0.0570107 0.710813 0.701067
    outer loop
      vertex 9.20969 61.4992 29.2625
      vertex 9.20393 61.5257 29.2361
      vertex 0 62.2639 29.2361
    endloop
  endfacet
  facet normal 0.0565948 0.705973 0.705973
    outer loop
      vertex 0 62.1944 29.3056
      vertex 9.20969 61.4992 29.2625
      vertex 0 62.2639 29.2361
    endloop
  endfacet
  facet normal 0.0566317 0.706496 0.705448
    outer loop
      vertex 9.20969 61.4992 29.2625
      vertex 0 62.1944 29.3056
      vertex 9.21922 61.4554 29.3056
    endloop
  endfacet
  facet normal -0.0570107 0.710813 0.701067
    outer loop
      vertex 0 62.2639 29.2361
      vertex -9.20393 61.5257 29.2361
      vertex -9.20969 61.4992 29.2625
    endloop
  endfacet
  facet normal -0.0565948 0.705973 0.705973
    outer loop
      vertex -9.20969 61.4992 29.2625
      vertex 0 62.1944 29.3056
      vertex 0 62.2639 29.2361
    endloop
  endfacet
  facet normal -0.0566317 0.706496 0.705448
    outer loop
      vertex 0 62.1944 29.3056
      vertex -9.20969 61.4992 29.2625
      vertex -9.21922 61.4554 29.3056
    endloop
  endfacet
  facet normal 0.0572181 0.713064 0.69876
    outer loop
      vertex -24.5385 60.3404 29.2361
      vertex -43.1485 61.7807 29.2902
      vertex -24.5383 60.3396 29.2369
    endloop
  endfacet
  facet normal 0.0576225 0.7185 0.693136
    outer loop
      vertex -43.1485 61.7807 29.2902
      vertex -24.5385 60.3404 29.2361
      vertex -43.1374 61.832 29.2361
    endloop
  endfacet
  facet normal 0.0581712 0.725687 0.685562
    outer loop
      vertex -24.5239 60.2732 29.3056
      vertex -43.1485 61.7807 29.2902
      vertex -43.1516 61.7664 29.3056
    endloop
  endfacet
  facet normal 0.0580233 0.723879 0.687482
    outer loop
      vertex -43.1485 61.7807 29.2902
      vertex -24.5239 60.2732 29.3056
      vertex -24.5383 60.3396 29.2369
    endloop
  endfacet
  facet normal -0.509 0.441086 0.739163
    outer loop
      vertex -60.9411 62.1944 29.3056
      vertex -60.9818 62.2639 29.2361
      vertex -72.7847 48.6437 29.2361
    endloop
  endfacet
  facet normal -0.523658 0.453991 0.720885
    outer loop
      vertex -72.7361 48.5894 29.3056
      vertex -60.9411 62.1944 29.3056
      vertex -72.7847 48.6437 29.2361
    endloop
  endfacet
  facet normal 0.215935 -0.690424 -0.690424
    outer loop
      vertex -72.7847 48.6437 29.2361
      vertex -72.6875 48.5352 29.375
      vertex -72.7361 48.5894 29.3056
    endloop
  endfacet
  facet normal -0.819315 0 0.573344
    outer loop
      vertex -72.7847 25.2153 29.2361
      vertex -72.6875 48.5352 29.375
      vertex -72.7847 48.6437 29.2361
    endloop
  endfacet
  facet normal -0.819315 0 0.573344
    outer loop
      vertex -72.6875 48.5352 29.375
      vertex -72.7847 25.2153 29.2361
      vertex -72.6875 25.3125 29.375
    endloop
  endfacet
  facet normal 0.508445 0.440802 0.739715
    outer loop
      vertex 72.7361 48.5894 29.3056
      vertex 60.9411 62.1944 29.3056
      vertex 60.9003 62.125 29.375
    endloop
  endfacet
  facet normal 0.523403 0.453977 0.721079
    outer loop
      vertex 72.6875 48.5352 29.375
      vertex 72.7361 48.5894 29.3056
      vertex 60.9003 62.125 29.375
    endloop
  endfacet
  facet normal -0 0.707107 0.707107
    outer loop
      vertex 58.9414 62.1944 29.3056
      vertex 60.9003 62.125 29.375
      vertex 60.9411 62.1944 29.3056
    endloop
  endfacet
  facet normal 0 0.707107 0.707107
    outer loop
      vertex 60.9003 62.125 29.375
      vertex 58.9414 62.1944 29.3056
      vertex 58.9263 62.125 29.375
    endloop
  endfacet
  facet normal -0.0576428 0.719088 0.692524
    outer loop
      vertex 43.1516 61.7664 29.3056
      vertex 24.5237 60.2724 29.3064
      vertex 43.1628 61.7151 29.3598
    endloop
  endfacet
  facet normal -0.057159 0.713059 0.69877
    outer loop
      vertex 24.5237 60.2724 29.3064
      vertex 43.1516 61.7664 29.3056
      vertex 24.5239 60.2732 29.3056
    endloop
  endfacet
  facet normal -0.0579784 0.72358 0.687801
    outer loop
      vertex 43.1628 61.7151 29.3598
      vertex 24.5093 60.206 29.375
      vertex 43.1659 61.7009 29.375
    endloop
  endfacet
  facet normal -0.057962 0.723379 0.688014
    outer loop
      vertex 24.5093 60.206 29.375
      vertex 43.1628 61.7151 29.3598
      vertex 24.5237 60.2724 29.3064
    endloop
  endfacet
  facet normal 0.056871 0.709481 0.702426
    outer loop
      vertex 9.22499 61.4288 29.332
      vertex 9.21922 61.4554 29.3056
      vertex 0 62.1944 29.3056
    endloop
  endfacet
  facet normal 0.0566058 0.706482 0.705464
    outer loop
      vertex 9.22499 61.4288 29.332
      vertex 0 62.125 29.375
      vertex 9.2345 61.3851 29.375
    endloop
  endfacet
  facet normal 0.0565699 0.705974 0.705974
    outer loop
      vertex 0 62.125 29.375
      vertex 9.22499 61.4288 29.332
      vertex 0 62.1944 29.3056
    endloop
  endfacet
  facet normal -0.056871 0.709481 0.702426
    outer loop
      vertex 0 62.1944 29.3056
      vertex -9.21922 61.4554 29.3056
      vertex -9.22499 61.4288 29.332
    endloop
  endfacet
  facet normal -0.0566058 0.706482 0.705464
    outer loop
      vertex 0 62.125 29.375
      vertex -9.22499 61.4288 29.332
      vertex -9.2345 61.3851 29.375
    endloop
  endfacet
  facet normal -0.0565699 0.705974 0.705974
    outer loop
      vertex -9.22499 61.4288 29.332
      vertex 0 62.125 29.375
      vertex 0 62.1944 29.3056
    endloop
  endfacet
  facet normal 0.0571942 0.713062 0.698764
    outer loop
      vertex -24.5239 60.2732 29.3056
      vertex -43.1628 61.7151 29.3598
      vertex -24.5237 60.2724 29.3064
    endloop
  endfacet
  facet normal 0.0576422 0.719088 0.692524
    outer loop
      vertex -43.1628 61.7151 29.3598
      vertex -24.5239 60.2732 29.3056
      vertex -43.1516 61.7664 29.3056
    endloop
  endfacet
  facet normal 0.0579784 0.72358 0.687801
    outer loop
      vertex -24.5093 60.206 29.375
      vertex -43.1628 61.7151 29.3598
      vertex -43.1659 61.7009 29.375
    endloop
  endfacet
  facet normal 0.057962 0.723379 0.688014
    outer loop
      vertex -43.1628 61.7151 29.3598
      vertex -24.5093 60.206 29.375
      vertex -24.5237 60.2724 29.3064
    endloop
  endfacet
  facet normal 0 0.707107 0.707107
    outer loop
      vertex -58.9414 62.1944 29.3056
      vertex -60.9003 62.125 29.375
      vertex -58.9263 62.125 29.375
    endloop
  endfacet
  facet normal 0 0.707107 0.707107
    outer loop
      vertex -60.9003 62.125 29.375
      vertex -58.9414 62.1944 29.3056
      vertex -60.9411 62.1944 29.3056
    endloop
  endfacet
  facet normal -0.508445 0.440802 0.739715
    outer loop
      vertex -60.9003 62.125 29.375
      vertex -60.9411 62.1944 29.3056
      vertex -72.7361 48.5894 29.3056
    endloop
  endfacet
  facet normal -0.523403 0.453977 0.721079
    outer loop
      vertex -72.6875 48.5352 29.375
      vertex -60.9003 62.125 29.375
      vertex -72.7361 48.5894 29.3056
    endloop
  endfacet
  facet normal -0.215935 -0.690424 -0.690424
    outer loop
      vertex 72.6875 48.5352 29.375
      vertex 72.7847 48.6437 29.2361
      vertex 72.7361 48.5894 29.3056
    endloop
  endfacet
  facet normal 0.819315 0 0.573344
    outer loop
      vertex 72.7847 25.2153 29.2361
      vertex 72.6875 48.5352 29.375
      vertex 72.6875 25.3125 29.375
    endloop
  endfacet
  facet normal 0.819315 0 0.573344
    outer loop
      vertex 72.6875 48.5352 29.375
      vertex 72.7847 25.2153 29.2361
      vertex 72.7847 48.6437 29.2361
    endloop
  endfacet
  facet normal 0.5086 0.441137 0.739408
    outer loop
      vertex 72.6875 48.5352 29.375
      vertex 60.9003 62.125 29.375
      vertex 60.8596 62.0556 29.4444
    endloop
  endfacet
  facet normal 0.523049 0.45387 0.721403
    outer loop
      vertex 72.6389 48.4809 29.4444
      vertex 72.6875 48.5352 29.375
      vertex 60.8596 62.0556 29.4444
    endloop
  endfacet
  facet normal -0 0.707107 0.707107
    outer loop
      vertex 58.9263 62.125 29.375
      vertex 60.8596 62.0556 29.4444
      vertex 60.9003 62.125 29.375
    endloop
  endfacet
  facet normal 0 0.707107 0.707107
    outer loop
      vertex 60.8596 62.0556 29.4444
      vertex 58.9263 62.125 29.375
      vertex 58.9112 62.0556 29.4444
    endloop
  endfacet
  facet normal -0.0576686 0.719755 0.691829
    outer loop
      vertex 43.1659 61.7009 29.375
      vertex 24.5091 60.2053 29.3758
      vertex 43.177 61.6495 29.4294
    endloop
  endfacet
  facet normal -0.0607898 0.758667 0.648636
    outer loop
      vertex 24.5091 60.2053 29.3758
      vertex 43.1659 61.7009 29.375
      vertex 24.5093 60.206 29.375
    endloop
  endfacet
  facet normal -0.0577783 0.721424 0.690079
    outer loop
      vertex 43.177 61.6495 29.4294
      vertex 24.4947 60.1389 29.4444
      vertex 43.1801 61.6354 29.4444
    endloop
  endfacet
  facet normal -0.057938 0.723378 0.688017
    outer loop
      vertex 24.4947 60.1389 29.4444
      vertex 43.177 61.6495 29.4294
      vertex 24.5091 60.2053 29.3758
    endloop
  endfacet
  facet normal 0.0568466 0.709487 0.702422
    outer loop
      vertex 9.24029 61.3584 29.4015
      vertex 9.2345 61.3851 29.375
      vertex 0 62.125 29.375
    endloop
  endfacet
  facet normal 0.0565219 0.705648 0.706304
    outer loop
      vertex 9.24029 61.3584 29.4015
      vertex 0 62.0556 29.4444
      vertex 9.24978 61.3147 29.4444
    endloop
  endfacet
  facet normal 0.056545 0.705975 0.705975
    outer loop
      vertex 0 62.0556 29.4444
      vertex 9.24029 61.3584 29.4015
      vertex 0 62.125 29.375
    endloop
  endfacet
  facet normal -0.0568466 0.709487 0.702422
    outer loop
      vertex 0 62.125 29.375
      vertex -9.2345 61.3851 29.375
      vertex -9.24029 61.3584 29.4015
    endloop
  endfacet
  facet normal -0.0565219 0.705648 0.706304
    outer loop
      vertex 0 62.0556 29.4444
      vertex -9.24029 61.3584 29.4015
      vertex -9.24978 61.3147 29.4444
    endloop
  endfacet
  facet normal -0.056545 0.705975 0.705975
    outer loop
      vertex -9.24029 61.3584 29.4015
      vertex 0 62.0556 29.4444
      vertex 0 62.125 29.375
    endloop
  endfacet
  facet normal 0.0605537 0.758649 0.648679
    outer loop
      vertex -24.5093 60.206 29.375
      vertex -43.177 61.6495 29.4294
      vertex -24.5091 60.2053 29.3758
    endloop
  endfacet
  facet normal 0.0576718 0.719754 0.691829
    outer loop
      vertex -43.177 61.6495 29.4294
      vertex -24.5093 60.206 29.375
      vertex -43.1659 61.7009 29.375
    endloop
  endfacet
  facet normal 0.0577783 0.721424 0.690079
    outer loop
      vertex -24.4947 60.1389 29.4444
      vertex -43.177 61.6495 29.4294
      vertex -43.1801 61.6354 29.4444
    endloop
  endfacet
  facet normal 0.057938 0.723378 0.688017
    outer loop
      vertex -43.177 61.6495 29.4294
      vertex -24.4947 60.1389 29.4444
      vertex -24.5091 60.2053 29.3758
    endloop
  endfacet
  facet normal 0 0.707107 0.707107
    outer loop
      vertex -58.9263 62.125 29.375
      vertex -60.8596 62.0556 29.4444
      vertex -58.9112 62.0556 29.4444
    endloop
  endfacet
  facet normal 0 0.707107 0.707107
    outer loop
      vertex -60.8596 62.0556 29.4444
      vertex -58.9263 62.125 29.375
      vertex -60.9003 62.125 29.375
    endloop
  endfacet
  facet normal -0.5086 0.441137 0.739408
    outer loop
      vertex -60.8596 62.0556 29.4444
      vertex -60.9003 62.125 29.375
      vertex -72.6875 48.5352 29.375
    endloop
  endfacet
  facet normal -0.523049 0.45387 0.721403
    outer loop
      vertex -72.6389 48.4809 29.4444
      vertex -60.8596 62.0556 29.4444
      vertex -72.6875 48.5352 29.375
    endloop
  endfacet
  facet normal -0.819121 0 0.573621
    outer loop
      vertex -72.6875 25.3125 29.375
      vertex -72.6389 48.4809 29.4444
      vertex -72.6875 48.5352 29.375
    endloop
  endfacet
  facet normal -0.819121 0 0.573621
    outer loop
      vertex -72.6389 48.4809 29.4444
      vertex -72.6875 25.3125 29.375
      vertex -72.6389 25.3611 29.4444
    endloop
  endfacet
  facet normal 0.819121 0 0.573621
    outer loop
      vertex 72.6875 25.3125 29.375
      vertex 72.6389 48.4809 29.4444
      vertex 72.6389 25.3611 29.4444
    endloop
  endfacet
  facet normal 0.819121 0 0.573621
    outer loop
      vertex 72.6389 48.4809 29.4444
      vertex 72.6875 25.3125 29.375
      vertex 72.6875 48.5352 29.375
    endloop
  endfacet
  facet normal 0.508644 0.44137 0.739238
    outer loop
      vertex 72.6389 48.4809 29.4444
      vertex 60.8596 62.0556 29.4444
      vertex 60.8189 61.9861 29.5139
    endloop
  endfacet
  facet normal 0.523577 0.454536 0.7206
    outer loop
      vertex 72.5903 48.4267 29.5139
      vertex 72.6389 48.4809 29.4444
      vertex 60.8189 61.9861 29.5139
    endloop
  endfacet
  facet normal -0.0575828 0.719023 0.692597
    outer loop
      vertex 43.1801 61.6354 29.4444
      vertex 24.4945 60.1381 29.4453
      vertex 43.1913 61.5838 29.4989
    endloop
  endfacet
  facet normal -0.0602803 0.752664 0.655639
    outer loop
      vertex 24.4945 60.1381 29.4453
      vertex 43.1801 61.6354 29.4444
      vertex 24.4947 60.1389 29.4444
    endloop
  endfacet
  facet normal -0.0581551 0.726423 0.684783
    outer loop
      vertex 43.1913 61.5838 29.4989
      vertex 24.4801 60.0717 29.5139
      vertex 43.1943 61.5699 29.5139
    endloop
  endfacet
  facet normal -0.0579063 0.723376 0.688022
    outer loop
      vertex 24.4801 60.0717 29.5139
      vertex 43.1913 61.5838 29.4989
      vertex 24.4945 60.1381 29.4453
    endloop
  endfacet
  facet normal 0.0569356 0.710814 0.701072
    outer loop
      vertex 9.25558 61.288 29.471
      vertex 9.24978 61.3147 29.4444
      vertex 0 62.0556 29.4444
    endloop
  endfacet
  facet normal 0.056555 0.706466 0.705483
    outer loop
      vertex 9.25558 61.288 29.471
      vertex 0 61.9861 29.5139
      vertex 9.26507 61.2444 29.5139
    endloop
  endfacet
  facet normal 0.0565203 0.705976 0.705976
    outer loop
      vertex 0 61.9861 29.5139
      vertex 9.25558 61.288 29.471
      vertex 0 62.0556 29.4444
    endloop
  endfacet
  facet normal -0.0569356 0.710814 0.701072
    outer loop
      vertex 0 62.0556 29.4444
      vertex -9.24978 61.3147 29.4444
      vertex -9.25558 61.288 29.471
    endloop
  endfacet
  facet normal -0.056555 0.706466 0.705483
    outer loop
      vertex 0 61.9861 29.5139
      vertex -9.25558 61.288 29.471
      vertex -9.26507 61.2444 29.5139
    endloop
  endfacet
  facet normal -0.0565203 0.705976 0.705976
    outer loop
      vertex -9.25558 61.288 29.471
      vertex 0 61.9861 29.5139
      vertex 0 62.0556 29.4444
    endloop
  endfacet
  facet normal 0.0600772 0.752651 0.655673
    outer loop
      vertex -24.4947 60.1389 29.4444
      vertex -43.1913 61.5838 29.4989
      vertex -24.4945 60.1381 29.4453
    endloop
  endfacet
  facet normal 0.057586 0.719023 0.692597
    outer loop
      vertex -43.1913 61.5838 29.4989
      vertex -24.4947 60.1389 29.4444
      vertex -43.1801 61.6354 29.4444
    endloop
  endfacet
  facet normal 0.0581551 0.726423 0.684783
    outer loop
      vertex -24.4801 60.0717 29.5139
      vertex -43.1913 61.5838 29.4989
      vertex -43.1943 61.5699 29.5139
    endloop
  endfacet
  facet normal 0.0579063 0.723376 0.688022
    outer loop
      vertex -43.1913 61.5838 29.4989
      vertex -24.4801 60.0717 29.5139
      vertex -24.4945 60.1381 29.4453
    endloop
  endfacet
  facet normal 0 0.707107 0.707107
    outer loop
      vertex -58.9112 62.0556 29.4444
      vertex -60.5745 61.5694 29.9306
      vertex -58.8056 61.5694 29.9306
    endloop
  endfacet
  facet normal 0 0.707107 0.707107
    outer loop
      vertex -58.9112 62.0556 29.4444
      vertex -60.6152 61.6389 29.8611
      vertex -60.5745 61.5694 29.9306
    endloop
  endfacet
  facet normal 0 0.707107 0.707107
    outer loop
      vertex -58.9112 62.0556 29.4444
      vertex -60.656 61.7083 29.7917
      vertex -60.6152 61.6389 29.8611
    endloop
  endfacet
  facet normal 0 0.707107 0.707107
    outer loop
      vertex -58.9112 62.0556 29.4444
      vertex -60.6967 61.7778 29.7222
      vertex -60.656 61.7083 29.7917
    endloop
  endfacet
  facet normal 0 0.707107 0.707107
    outer loop
      vertex -58.9112 62.0556 29.4444
      vertex -60.7374 61.8472 29.6528
      vertex -60.6967 61.7778 29.7222
    endloop
  endfacet
  facet normal 0 0.707107 0.707107
    outer loop
      vertex -58.9112 62.0556 29.4444
      vertex -60.7782 61.9167 29.5833
      vertex -60.7374 61.8472 29.6528
    endloop
  endfacet
  facet normal 0 0.707107 0.707107
    outer loop
      vertex -58.9112 62.0556 29.4444
      vertex -60.8189 61.9861 29.5139
      vertex -60.7782 61.9167 29.5833
    endloop
  endfacet
  facet normal 0 0.707107 0.707107
    outer loop
      vertex -60.8189 61.9861 29.5139
      vertex -58.9112 62.0556 29.4444
      vertex -60.8596 62.0556 29.4444
    endloop
  endfacet
  facet normal -0.508644 0.44137 0.739238
    outer loop
      vertex -60.8189 61.9861 29.5139
      vertex -60.8596 62.0556 29.4444
      vertex -72.6389 48.4809 29.4444
    endloop
  endfacet
  facet normal -0.523577 0.454536 0.7206
    outer loop
      vertex -72.5903 48.4267 29.5139
      vertex -60.8189 61.9861 29.5139
      vertex -72.6389 48.4809 29.4444
    endloop
  endfacet
  facet normal -0.819509 0 0.573067
    outer loop
      vertex -72.6389 25.3611 29.4444
      vertex -72.5903 48.4267 29.5139
      vertex -72.6389 48.4809 29.4444
    endloop
  endfacet
  facet normal -0.819509 0 0.573067
    outer loop
      vertex -72.5903 48.4267 29.5139
      vertex -72.6389 25.3611 29.4444
      vertex -72.5903 25.4097 29.5139
    endloop
  endfacet
  facet normal 0.819509 0 0.573067
    outer loop
      vertex 72.6389 25.3611 29.4444
      vertex 72.5903 48.4267 29.5139
      vertex 72.5903 25.4097 29.5139
    endloop
  endfacet
  facet normal 0.819509 0 0.573067
    outer loop
      vertex 72.5903 48.4267 29.5139
      vertex 72.6389 25.3611 29.4444
      vertex 72.6389 48.4809 29.4444
    endloop
  endfacet
  facet normal 0.508362 0.441327 0.739458
    outer loop
      vertex 72.5903 48.4267 29.5139
      vertex 60.8189 61.9861 29.5139
      vertex 60.7782 61.9167 29.5833
    endloop
  endfacet
  facet normal 0.522831 0.45409 0.721422
    outer loop
      vertex 72.5417 48.3724 29.5833
      vertex 72.5903 48.4267 29.5139
      vertex 60.7782 61.9167 29.5833
    endloop
  endfacet
  facet normal -0.0575576 0.718949 0.692675
    outer loop
      vertex 43.1943 61.5699 29.5139
      vertex 24.48 60.0709 29.5147
      vertex 43.2056 61.5182 29.5685
    endloop
  endfacet
  facet normal -0.0568008 0.709506 0.702406
    outer loop
      vertex 24.48 60.0709 29.5147
      vertex 43.1943 61.5699 29.5139
      vertex 24.4801 60.0717 29.5139
    endloop
  endfacet
  facet normal -0.057955 0.724268 0.687079
    outer loop
      vertex 43.2056 61.5182 29.5685
      vertex 24.4655 60.0046 29.5833
      vertex 43.2086 61.5044 29.5833
    endloop
  endfacet
  facet normal -0.0579284 0.723941 0.687425
    outer loop
      vertex 24.4655 60.0046 29.5833
      vertex 43.2056 61.5182 29.5685
      vertex 24.48 60.0709 29.5147
    endloop
  endfacet
  facet normal 0.0567972 0.709492 0.702421
    outer loop
      vertex 9.27088 61.2176 29.5405
      vertex 9.26507 61.2444 29.5139
      vertex 0 61.9861 29.5139
    endloop
  endfacet
  facet normal 0.0564957 0.705977 0.705977
    outer loop
      vertex 0 61.9167 29.5833
      vertex 9.27088 61.2176 29.5405
      vertex 0 61.9861 29.5139
    endloop
  endfacet
  facet normal 0.0565293 0.706453 0.705499
    outer loop
      vertex 9.27088 61.2176 29.5405
      vertex 0 61.9167 29.5833
      vertex 9.28035 61.1741 29.5833
    endloop
  endfacet
  facet normal -0.0567972 0.709492 0.702421
    outer loop
      vertex 0 61.9861 29.5139
      vertex -9.26507 61.2444 29.5139
      vertex -9.27088 61.2176 29.5405
    endloop
  endfacet
  facet normal -0.0564957 0.705977 0.705977
    outer loop
      vertex -9.27088 61.2176 29.5405
      vertex 0 61.9167 29.5833
      vertex 0 61.9861 29.5139
    endloop
  endfacet
  facet normal -0.0565293 0.706453 0.705499
    outer loop
      vertex 0 61.9167 29.5833
      vertex -9.27088 61.2176 29.5405
      vertex -9.28035 61.1741 29.5833
    endloop
  endfacet
  facet normal 0.0568558 0.709508 0.702401
    outer loop
      vertex -24.4801 60.0717 29.5139
      vertex -43.2056 61.5182 29.5685
      vertex -24.48 60.0709 29.5147
    endloop
  endfacet
  facet normal 0.0575568 0.718949 0.692675
    outer loop
      vertex -43.2056 61.5182 29.5685
      vertex -24.4801 60.0717 29.5139
      vertex -43.1943 61.5699 29.5139
    endloop
  endfacet
  facet normal 0.057955 0.724268 0.687079
    outer loop
      vertex -24.4655 60.0046 29.5833
      vertex -43.2056 61.5182 29.5685
      vertex -43.2086 61.5044 29.5833
    endloop
  endfacet
  facet normal 0.0579284 0.723941 0.687425
    outer loop
      vertex -43.2056 61.5182 29.5685
      vertex -24.4655 60.0046 29.5833
      vertex -24.48 60.0709 29.5147
    endloop
  endfacet
  facet normal -0.508362 0.441327 0.739458
    outer loop
      vertex -60.7782 61.9167 29.5833
      vertex -60.8189 61.9861 29.5139
      vertex -72.5903 48.4267 29.5139
    endloop
  endfacet
  facet normal -0.522831 0.45409 0.721422
    outer loop
      vertex -72.5417 48.3724 29.5833
      vertex -60.7782 61.9167 29.5833
      vertex -72.5903 48.4267 29.5139
    endloop
  endfacet
  facet normal -0.819121 0 0.573621
    outer loop
      vertex -72.5903 25.4097 29.5139
      vertex -72.5417 48.3724 29.5833
      vertex -72.5903 48.4267 29.5139
    endloop
  endfacet
  facet normal -0.819121 0 0.573621
    outer loop
      vertex -72.5417 48.3724 29.5833
      vertex -72.5903 25.4097 29.5139
      vertex -72.5417 25.4583 29.5833
    endloop
  endfacet
  facet normal 0.819121 0 0.573621
    outer loop
      vertex 72.5903 25.4097 29.5139
      vertex 72.5417 48.3724 29.5833
      vertex 72.5417 25.4583 29.5833
    endloop
  endfacet
  facet normal 0.819121 0 0.573621
    outer loop
      vertex 72.5417 48.3724 29.5833
      vertex 72.5903 25.4097 29.5139
      vertex 72.5903 48.4267 29.5139
    endloop
  endfacet
  facet normal 0.508131 0.441322 0.73962
    outer loop
      vertex 72.5417 48.3724 29.5833
      vertex 60.7782 61.9167 29.5833
      vertex 60.7374 61.8472 29.6528
    endloop
  endfacet
  facet normal 0.523112 0.454542 0.720934
    outer loop
      vertex 72.4931 48.3181 29.6528
      vertex 72.5417 48.3724 29.5833
      vertex 60.7374 61.8472 29.6528
    endloop
  endfacet
  facet normal -0.0575796 0.719612 0.691985
    outer loop
      vertex 43.2086 61.5044 29.5833
      vertex 24.4654 60.0038 29.5842
      vertex 43.2198 61.4526 29.6381
    endloop
  endfacet
  facet normal -0.0599631 0.749363 0.659438
    outer loop
      vertex 24.4654 60.0038 29.5842
      vertex 43.2086 61.5044 29.5833
      vertex 24.4655 60.0046 29.5833
    endloop
  endfacet
  facet normal -0.0577424 0.721949 0.689532
    outer loop
      vertex 43.2198 61.4526 29.6381
      vertex 24.4509 59.9374 29.6528
      vertex 43.2228 61.4388 29.6528
    endloop
  endfacet
  facet normal -0.0578619 0.723415 0.687985
    outer loop
      vertex 24.4509 59.9374 29.6528
      vertex 43.2198 61.4526 29.6381
      vertex 24.4654 60.0038 29.5842
    endloop
  endfacet
  facet normal 0.056773 0.709498 0.702416
    outer loop
      vertex 9.28618 61.1472 29.61
      vertex 9.28035 61.1741 29.5833
      vertex 0 61.9167 29.5833
    endloop
  endfacet
  facet normal 0.0565036 0.706438 0.705516
    outer loop
      vertex 9.28618 61.1472 29.61
      vertex 0 61.8472 29.6528
      vertex 9.29563 61.1037 29.6528
    endloop
  endfacet
  facet normal 0.0564711 0.705978 0.705978
    outer loop
      vertex 0 61.8472 29.6528
      vertex 9.28618 61.1472 29.61
      vertex 0 61.9167 29.5833
    endloop
  endfacet
  facet normal -0.056773 0.709498 0.702416
    outer loop
      vertex 0 61.9167 29.5833
      vertex -9.28035 61.1741 29.5833
      vertex -9.28618 61.1472 29.61
    endloop
  endfacet
  facet normal -0.0565036 0.706438 0.705516
    outer loop
      vertex 0 61.8472 29.6528
      vertex -9.28618 61.1472 29.61
      vertex -9.29563 61.1037 29.6528
    endloop
  endfacet
  facet normal -0.0564711 0.705978 0.705978
    outer loop
      vertex -9.28618 61.1472 29.61
      vertex 0 61.8472 29.6528
      vertex 0 61.9167 29.5833
    endloop
  endfacet
  facet normal 0.0597844 0.749362 0.659457
    outer loop
      vertex -24.4655 60.0046 29.5833
      vertex -43.2198 61.4526 29.6381
      vertex -24.4654 60.0038 29.5842
    endloop
  endfacet
  facet normal 0.0575824 0.719611 0.691985
    outer loop
      vertex -43.2198 61.4526 29.6381
      vertex -24.4655 60.0046 29.5833
      vertex -43.2086 61.5044 29.5833
    endloop
  endfacet
  facet normal 0.0577424 0.721949 0.689532
    outer loop
      vertex -24.4509 59.9374 29.6528
      vertex -43.2198 61.4526 29.6381
      vertex -43.2228 61.4388 29.6528
    endloop
  endfacet
  facet normal 0.0578619 0.723415 0.687985
    outer loop
      vertex -43.2198 61.4526 29.6381
      vertex -24.4509 59.9374 29.6528
      vertex -24.4654 60.0038 29.5842
    endloop
  endfacet
  facet normal -0.508131 0.441322 0.73962
    outer loop
      vertex -60.7374 61.8472 29.6528
      vertex -60.7782 61.9167 29.5833
      vertex -72.5417 48.3724 29.5833
    endloop
  endfacet
  facet normal -0.523112 0.454542 0.720934
    outer loop
      vertex -72.4931 48.3181 29.6528
      vertex -60.7374 61.8472 29.6528
      vertex -72.5417 48.3724 29.5833
    endloop
  endfacet
  facet normal -0.819509 0 0.573067
    outer loop
      vertex -72.5417 25.4583 29.5833
      vertex -72.4931 48.3181 29.6528
      vertex -72.5417 48.3724 29.5833
    endloop
  endfacet
  facet normal -0.819509 0 0.573067
    outer loop
      vertex -72.4931 48.3181 29.6528
      vertex -72.5417 25.4583 29.5833
      vertex -72.4931 25.5069 29.6528
    endloop
  endfacet
  facet normal 0.819509 0 0.573067
    outer loop
      vertex 72.5417 25.4583 29.5833
      vertex 72.4931 48.3181 29.6528
      vertex 72.4931 25.5069 29.6528
    endloop
  endfacet
  facet normal 0.819509 0 0.573067
    outer loop
      vertex 72.4931 48.3181 29.6528
      vertex 72.5417 25.4583 29.5833
      vertex 72.5417 48.3724 29.5833
    endloop
  endfacet
  facet normal 0.508123 0.441518 0.739509
    outer loop
      vertex 72.4931 48.3181 29.6528
      vertex 60.7374 61.8472 29.6528
      vertex 60.6967 61.7778 29.7222
    endloop
  endfacet
  facet normal 0.522576 0.454278 0.721489
    outer loop
      vertex 72.4444 48.2639 29.7222
      vertex 72.4931 48.3181 29.6528
      vertex 60.6967 61.7778 29.7222
    endloop
  endfacet
  facet normal -0.0575504 0.719538 0.692064
    outer loop
      vertex 43.2228 61.4388 29.6528
      vertex 24.4508 59.9366 29.6536
      vertex 43.2341 61.3869 29.7077
    endloop
  endfacet
  facet normal -0.0567471 0.709505 0.702412
    outer loop
      vertex 24.4508 59.9366 29.6536
      vertex 43.2228 61.4388 29.6528
      vertex 24.4509 59.9374 29.6528
    endloop
  endfacet
  facet normal -0.0577332 0.722176 0.689296
    outer loop
      vertex 43.2341 61.3869 29.7077
      vertex 24.4363 59.8703 29.7222
      vertex 43.2371 61.3733 29.7222
    endloop
  endfacet
  facet normal -0.0578768 0.723938 0.687433
    outer loop
      vertex 24.4363 59.8703 29.7222
      vertex 43.2341 61.3869 29.7077
      vertex 24.4508 59.9366 29.6536
    endloop
  endfacet
  facet normal 0.0568551 0.710833 0.701059
    outer loop
      vertex 9.30147 61.0769 29.6795
      vertex 9.29563 61.1037 29.6528
      vertex 0 61.8472 29.6528
    endloop
  endfacet
  facet normal 0.0564391 0.70598 0.70598
    outer loop
      vertex 0 61.7778 29.7222
      vertex 9.30147 61.0769 29.6795
      vertex 0 61.8472 29.6528
    endloop
  endfacet
  facet normal 0.0564127 0.705607 0.706355
    outer loop
      vertex 9.30147 61.0769 29.6795
      vertex 0 61.7778 29.7222
      vertex 9.31091 61.0334 29.7222
    endloop
  endfacet
  facet normal -0.0568551 0.710833 0.701059
    outer loop
      vertex 0 61.8472 29.6528
      vertex -9.29563 61.1037 29.6528
      vertex -9.30147 61.0769 29.6795
    endloop
  endfacet
  facet normal -0.0564127 0.705607 0.706355
    outer loop
      vertex 0 61.7778 29.7222
      vertex -9.30147 61.0769 29.6795
      vertex -9.31091 61.0334 29.7222
    endloop
  endfacet
  facet normal -0.0564391 0.70598 0.70598
    outer loop
      vertex -9.30147 61.0769 29.6795
      vertex 0 61.7778 29.7222
      vertex 0 61.8472 29.6528
    endloop
  endfacet
  facet normal 0.0568056 0.709506 0.702406
    outer loop
      vertex -24.4509 59.9374 29.6528
      vertex -43.2341 61.3869 29.7077
      vertex -24.4508 59.9366 29.6536
    endloop
  endfacet
  facet normal 0.0575495 0.719538 0.692064
    outer loop
      vertex -43.2341 61.3869 29.7077
      vertex -24.4509 59.9374 29.6528
      vertex -43.2228 61.4388 29.6528
    endloop
  endfacet
  facet normal 0.0577332 0.722176 0.689296
    outer loop
      vertex -24.4363 59.8703 29.7222
      vertex -43.2341 61.3869 29.7077
      vertex -43.2371 61.3733 29.7222
    endloop
  endfacet
  facet normal 0.0578768 0.723938 0.687433
    outer loop
      vertex -43.2341 61.3869 29.7077
      vertex -24.4363 59.8703 29.7222
      vertex -24.4508 59.9366 29.6536
    endloop
  endfacet
  facet normal -0.508123 0.441518 0.739509
    outer loop
      vertex -60.6967 61.7778 29.7222
      vertex -60.7374 61.8472 29.6528
      vertex -72.4931 48.3181 29.6528
    endloop
  endfacet
  facet normal -0.522576 0.454278 0.721489
    outer loop
      vertex -72.4444 48.2639 29.7222
      vertex -60.6967 61.7778 29.7222
      vertex -72.4931 48.3181 29.6528
    endloop
  endfacet
  facet normal -0.818566 0 0.574412
    outer loop
      vertex -72.4931 25.5069 29.6528
      vertex -72.4444 48.2639 29.7222
      vertex -72.4931 48.3181 29.6528
    endloop
  endfacet
  facet normal -0.818566 0 0.574412
    outer loop
      vertex -72.4444 48.2639 29.7222
      vertex -72.4931 25.5069 29.6528
      vertex -72.4444 25.5556 29.7222
    endloop
  endfacet
  facet normal 0.818566 0 0.574412
    outer loop
      vertex 72.4931 25.5069 29.6528
      vertex 72.4444 48.2639 29.7222
      vertex 72.4444 25.5556 29.7222
    endloop
  endfacet
  facet normal 0.818566 0 0.574412
    outer loop
      vertex 72.4444 48.2639 29.7222
      vertex 72.4931 25.5069 29.6528
      vertex 72.4931 48.3181 29.6528
    endloop
  endfacet
  facet normal 0.508166 0.441751 0.739339
    outer loop
      vertex 72.4444 48.2639 29.7222
      vertex 60.6967 61.7778 29.7222
      vertex 60.656 61.7083 29.7917
    endloop
  endfacet
  facet normal 0.522895 0.454761 0.720953
    outer loop
      vertex 72.3958 48.2096 29.7917
      vertex 72.4444 48.2639 29.7222
      vertex 60.656 61.7083 29.7917
    endloop
  endfacet
  facet normal -0.0575216 0.719517 0.692089
    outer loop
      vertex 43.2371 61.3733 29.7222
      vertex 24.4362 59.8694 29.7231
      vertex 43.2484 61.3213 29.7772
    endloop
  endfacet
  facet normal -0.0566888 0.709112 0.702813
    outer loop
      vertex 24.4362 59.8694 29.7231
      vertex 43.2371 61.3733 29.7222
      vertex 24.4363 59.8703 29.7222
    endloop
  endfacet
  facet normal -0.057925 0.724861 0.686456
    outer loop
      vertex 43.2484 61.3213 29.7772
      vertex 24.4218 59.8031 29.7917
      vertex 43.2513 61.3078 29.7917
    endloop
  endfacet
  facet normal -0.0578462 0.723894 0.687481
    outer loop
      vertex 24.4218 59.8031 29.7917
      vertex 43.2484 61.3213 29.7772
      vertex 24.4362 59.8694 29.7231
    endloop
  endfacet
  facet normal 0.0568306 0.710834 0.70106
    outer loop
      vertex 9.31677 61.0065 29.749
      vertex 9.31091 61.0334 29.7222
      vertex 0 61.7778 29.7222
    endloop
  endfacet
  facet normal 0.0564147 0.705981 0.705981
    outer loop
      vertex 0 61.7083 29.7917
      vertex 9.31677 61.0065 29.749
      vertex 0 61.7778 29.7222
    endloop
  endfacet
  facet normal 0.0564454 0.706415 0.705543
    outer loop
      vertex 9.31677 61.0065 29.749
      vertex 0 61.7083 29.7917
      vertex 9.32619 60.9631 29.7917
    endloop
  endfacet
  facet normal -0.0568306 0.710834 0.70106
    outer loop
      vertex 0 61.7778 29.7222
      vertex -9.31091 61.0334 29.7222
      vertex -9.31677 61.0065 29.749
    endloop
  endfacet
  facet normal -0.0564147 0.705981 0.705981
    outer loop
      vertex -9.31677 61.0065 29.749
      vertex 0 61.7083 29.7917
      vertex 0 61.7778 29.7222
    endloop
  endfacet
  facet normal -0.0564454 0.706415 0.705543
    outer loop
      vertex 0 61.7083 29.7917
      vertex -9.31677 61.0065 29.749
      vertex -9.32619 60.9631 29.7917
    endloop
  endfacet
  facet normal 0.0567495 0.709113 0.702807
    outer loop
      vertex -24.4363 59.8703 29.7222
      vertex -43.2484 61.3213 29.7772
      vertex -24.4362 59.8694 29.7231
    endloop
  endfacet
  facet normal 0.0575206 0.719517 0.692089
    outer loop
      vertex -43.2484 61.3213 29.7772
      vertex -24.4363 59.8703 29.7222
      vertex -43.2371 61.3733 29.7222
    endloop
  endfacet
  facet normal 0.057925 0.724861 0.686456
    outer loop
      vertex -24.4218 59.8031 29.7917
      vertex -43.2484 61.3213 29.7772
      vertex -43.2513 61.3078 29.7917
    endloop
  endfacet
  facet normal 0.0578462 0.723894 0.687481
    outer loop
      vertex -43.2484 61.3213 29.7772
      vertex -24.4218 59.8031 29.7917
      vertex -24.4362 59.8694 29.7231
    endloop
  endfacet
  facet normal -0.508166 0.441751 0.739339
    outer loop
      vertex -60.656 61.7083 29.7917
      vertex -60.6967 61.7778 29.7222
      vertex -72.4444 48.2639 29.7222
    endloop
  endfacet
  facet normal -0.522895 0.454761 0.720953
    outer loop
      vertex -72.3958 48.2096 29.7917
      vertex -60.656 61.7083 29.7917
      vertex -72.4444 48.2639 29.7222
    endloop
  endfacet
  facet normal -0.819509 0 0.573067
    outer loop
      vertex -72.4444 25.5556 29.7222
      vertex -72.3958 48.2096 29.7917
      vertex -72.4444 48.2639 29.7222
    endloop
  endfacet
  facet normal -0.819509 0 0.573067
    outer loop
      vertex -72.3958 48.2096 29.7917
      vertex -72.4444 25.5556 29.7222
      vertex -72.3958 25.6042 29.7917
    endloop
  endfacet
  facet normal 0.819509 0 0.573067
    outer loop
      vertex 72.4444 25.5556 29.7222
      vertex 72.3958 48.2096 29.7917
      vertex 72.3958 25.6042 29.7917
    endloop
  endfacet
  facet normal 0.819509 0 0.573067
    outer loop
      vertex 72.3958 48.2096 29.7917
      vertex 72.4444 25.5556 29.7222
      vertex 72.4444 48.2639 29.7222
    endloop
  endfacet
  facet normal 0.50761 0.441468 0.73989
    outer loop
      vertex 72.3958 48.2096 29.7917
      vertex 60.656 61.7083 29.7917
      vertex 60.6152 61.6389 29.8611
    endloop
  endfacet
  facet normal 0.522639 0.454748 0.721147
    outer loop
      vertex 72.3472 48.1554 29.8611
      vertex 72.3958 48.2096 29.7917
      vertex 60.6152 61.6389 29.8611
    endloop
  endfacet
  facet normal -0.0574448 0.718845 0.692792
    outer loop
      vertex 43.2513 61.3078 29.7917
      vertex 24.4216 59.8023 29.7925
      vertex 43.2626 61.2556 29.8468
    endloop
  endfacet
  facet normal -0.0569807 0.713045 0.698799
    outer loop
      vertex 24.4216 59.8023 29.7925
      vertex 43.2513 61.3078 29.7917
      vertex 24.4218 59.8031 29.7917
    endloop
  endfacet
  facet normal -0.0577147 0.722613 0.688839
    outer loop
      vertex 43.2626 61.2556 29.8468
      vertex 24.4072 59.736 29.8611
      vertex 43.2655 61.2422 29.8611
    endloop
  endfacet
  facet normal -0.0578188 0.723893 0.687485
    outer loop
      vertex 24.4072 59.736 29.8611
      vertex 43.2626 61.2556 29.8468
      vertex 24.4216 59.8023 29.7925
    endloop
  endfacet
  facet normal 0.0566936 0.709522 0.702399
    outer loop
      vertex 9.33206 60.9361 29.8185
      vertex 9.32619 60.9631 29.7917
      vertex 0 61.7083 29.7917
    endloop
  endfacet
  facet normal 0.0563626 0.705589 0.706376
    outer loop
      vertex 9.33206 60.9361 29.8185
      vertex 0 61.6389 29.8611
      vertex 9.34148 60.8927 29.8611
    endloop
  endfacet
  facet normal 0.0563904 0.705982 0.705982
    outer loop
      vertex 0 61.6389 29.8611
      vertex 9.33206 60.9361 29.8185
      vertex 0 61.7083 29.7917
    endloop
  endfacet
  facet normal -0.0566936 0.709522 0.702399
    outer loop
      vertex 0 61.7083 29.7917
      vertex -9.32619 60.9631 29.7917
      vertex -9.33206 60.9361 29.8185
    endloop
  endfacet
  facet normal -0.0563626 0.705589 0.706376
    outer loop
      vertex 0 61.6389 29.8611
      vertex -9.33206 60.9361 29.8185
      vertex -9.34148 60.8927 29.8611
    endloop
  endfacet
  facet normal -0.0563904 0.705982 0.705982
    outer loop
      vertex -9.33206 60.9361 29.8185
      vertex 0 61.6389 29.8611
      vertex 0 61.7083 29.7917
    endloop
  endfacet
  facet normal 0.0570148 0.713047 0.698794
    outer loop
      vertex -24.4218 59.8031 29.7917
      vertex -43.2626 61.2556 29.8468
      vertex -24.4216 59.8023 29.7925
    endloop
  endfacet
  facet normal 0.0574443 0.718846 0.692792
    outer loop
      vertex -43.2626 61.2556 29.8468
      vertex -24.4218 59.8031 29.7917
      vertex -43.2513 61.3078 29.7917
    endloop
  endfacet
  facet normal 0.0577147 0.722613 0.688839
    outer loop
      vertex -24.4072 59.736 29.8611
      vertex -43.2626 61.2556 29.8468
      vertex -43.2655 61.2422 29.8611
    endloop
  endfacet
  facet normal 0.0578188 0.723893 0.687485
    outer loop
      vertex -43.2626 61.2556 29.8468
      vertex -24.4072 59.736 29.8611
      vertex -24.4216 59.8023 29.7925
    endloop
  endfacet
  facet normal -0.50761 0.441468 0.73989
    outer loop
      vertex -60.6152 61.6389 29.8611
      vertex -60.656 61.7083 29.7917
      vertex -72.3958 48.2096 29.7917
    endloop
  endfacet
  facet normal -0.522639 0.454748 0.721147
    outer loop
      vertex -72.3472 48.1554 29.8611
      vertex -60.6152 61.6389 29.8611
      vertex -72.3958 48.2096 29.7917
    endloop
  endfacet
  facet normal -0.819121 0 0.573621
    outer loop
      vertex -72.3958 25.6042 29.7917
      vertex -72.3472 48.1554 29.8611
      vertex -72.3958 48.2096 29.7917
    endloop
  endfacet
  facet normal -0.819121 0 0.573621
    outer loop
      vertex -72.3472 48.1554 29.8611
      vertex -72.3958 25.6042 29.7917
      vertex -72.3472 25.6528 29.8611
    endloop
  endfacet
  facet normal 0.819121 0 0.573621
    outer loop
      vertex 72.3958 25.6042 29.7917
      vertex 72.3472 48.1554 29.8611
      vertex 72.3472 25.6528 29.8611
    endloop
  endfacet
  facet normal 0.819121 0 0.573621
    outer loop
      vertex 72.3472 48.1554 29.8611
      vertex 72.3958 25.6042 29.7917
      vertex 72.3958 48.2096 29.7917
    endloop
  endfacet
  facet normal 0.507924 0.441945 0.739391
    outer loop
      vertex 72.3472 48.1554 29.8611
      vertex 60.6152 61.6389 29.8611
      vertex 60.5745 61.5694 29.9306
    endloop
  endfacet
  facet normal 0.522673 0.454985 0.720973
    outer loop
      vertex 72.2986 48.1011 29.9306
      vertex 72.3472 48.1554 29.8611
      vertex 60.5745 61.5694 29.9306
    endloop
  endfacet
  facet normal -0 0.707107 0.707107
    outer loop
      vertex 58.9112 62.0556 29.4444
      vertex 60.8189 61.9861 29.5139
      vertex 60.8596 62.0556 29.4444
    endloop
  endfacet
  facet normal 0 0.707107 0.707107
    outer loop
      vertex 58.9112 62.0556 29.4444
      vertex 60.7374 61.8472 29.6528
      vertex 60.7782 61.9167 29.5833
    endloop
  endfacet
  facet normal 0 0.707107 0.707107
    outer loop
      vertex 60.8189 61.9861 29.5139
      vertex 58.9112 62.0556 29.4444
      vertex 60.7782 61.9167 29.5833
    endloop
  endfacet
  facet normal 0 0.707107 0.707107
    outer loop
      vertex 58.9112 62.0556 29.4444
      vertex 60.6152 61.6389 29.8611
      vertex 60.656 61.7083 29.7917
    endloop
  endfacet
  facet normal 0 0.707107 0.707107
    outer loop
      vertex 60.7374 61.8472 29.6528
      vertex 58.9112 62.0556 29.4444
      vertex 60.6967 61.7778 29.7222
    endloop
  endfacet
  facet normal 0 0.707107 0.707107
    outer loop
      vertex 58.9112 62.0556 29.4444
      vertex 60.656 61.7083 29.7917
      vertex 60.6967 61.7778 29.7222
    endloop
  endfacet
  facet normal 0 0.707107 0.707107
    outer loop
      vertex 60.6152 61.6389 29.8611
      vertex 58.9112 62.0556 29.4444
      vertex 60.5745 61.5694 29.9306
    endloop
  endfacet
  facet normal 0 0.707107 0.707107
    outer loop
      vertex 60.5745 61.5694 29.9306
      vertex 58.9112 62.0556 29.4444
      vertex 58.8056 61.5694 29.9306
    endloop
  endfacet
  facet normal -0.057514 0.720046 0.691538
    outer loop
      vertex 43.2655 61.2422 29.8611
      vertex 24.407 59.7351 29.8619
      vertex 43.2769 61.19 29.9164
    endloop
  endfacet
  facet normal -0.0535148 0.670029 0.740404
    outer loop
      vertex 24.407 59.7351 29.8619
      vertex 43.2655 61.2422 29.8611
      vertex 24.4072 59.736 29.8611
    endloop
  endfacet
  facet normal -0.0577011 0.722735 0.688712
    outer loop
      vertex 43.2769 61.19 29.9164
      vertex 24.3926 59.6688 29.9306
      vertex 43.2798 61.1767 29.9306
    endloop
  endfacet
  facet normal -0.0578357 0.72439 0.686961
    outer loop
      vertex 24.3926 59.6688 29.9306
      vertex 43.2769 61.19 29.9164
      vertex 24.407 59.7351 29.8619
    endloop
  endfacet
  facet normal 0.0567816 0.710834 0.701064
    outer loop
      vertex 9.34736 60.8657 29.888
      vertex 9.34148 60.8927 29.8611
      vertex 0 61.6389 29.8611
    endloop
  endfacet
  facet normal 0.0563662 0.705983 0.705983
    outer loop
      vertex 0 61.5694 29.9306
      vertex 9.34736 60.8657 29.888
      vertex 0 61.6389 29.8611
    endloop
  endfacet
  facet normal 0.0563956 0.7064 0.705563
    outer loop
      vertex 9.34736 60.8657 29.888
      vertex 0 61.5694 29.9306
      vertex 9.35676 60.8224 29.9306
    endloop
  endfacet
  facet normal -0.0567816 0.710834 0.701064
    outer loop
      vertex 0 61.6389 29.8611
      vertex -9.34148 60.8927 29.8611
      vertex -9.34736 60.8657 29.888
    endloop
  endfacet
  facet normal -0.0563662 0.705983 0.705983
    outer loop
      vertex -9.34736 60.8657 29.888
      vertex 0 61.5694 29.9306
      vertex 0 61.6389 29.8611
    endloop
  endfacet
  facet normal -0.0563956 0.7064 0.705563
    outer loop
      vertex 0 61.5694 29.9306
      vertex -9.34736 60.8657 29.888
      vertex -9.35676 60.8224 29.9306
    endloop
  endfacet
  facet normal 0.0538005 0.670054 0.74036
    outer loop
      vertex -24.4072 59.736 29.8611
      vertex -43.2769 61.19 29.9164
      vertex -24.407 59.7351 29.8619
    endloop
  endfacet
  facet normal 0.0575097 0.720047 0.691538
    outer loop
      vertex -43.2769 61.19 29.9164
      vertex -24.4072 59.736 29.8611
      vertex -43.2655 61.2422 29.8611
    endloop
  endfacet
  facet normal 0.0577011 0.722735 0.688712
    outer loop
      vertex -24.3926 59.6688 29.9306
      vertex -43.2769 61.19 29.9164
      vertex -43.2798 61.1767 29.9306
    endloop
  endfacet
  facet normal 0.0578357 0.72439 0.686961
    outer loop
      vertex -43.2769 61.19 29.9164
      vertex -24.3926 59.6688 29.9306
      vertex -24.407 59.7351 29.8619
    endloop
  endfacet
  facet normal -0.507924 0.441945 0.739391
    outer loop
      vertex -60.5745 61.5694 29.9306
      vertex -60.6152 61.6389 29.8611
      vertex -72.3472 48.1554 29.8611
    endloop
  endfacet
  facet normal -0.522673 0.454985 0.720973
    outer loop
      vertex -72.2986 48.1011 29.9306
      vertex -60.5745 61.5694 29.9306
      vertex -72.3472 48.1554 29.8611
    endloop
  endfacet
  facet normal 0.215935 -0.690424 -0.690424
    outer loop
      vertex -72.3472 48.1554 29.8611
      vertex -72.25 48.0469 30
      vertex -72.2986 48.1011 29.9306
    endloop
  endfacet
  facet normal -0.819315 0 0.573344
    outer loop
      vertex -72.3472 25.6528 29.8611
      vertex -72.25 48.0469 30
      vertex -72.3472 48.1554 29.8611
    endloop
  endfacet
  facet normal -0.819315 0 0.573344
    outer loop
      vertex -72.25 48.0469 30
      vertex -72.3472 25.6528 29.8611
      vertex -72.25 25.75 30
    endloop
  endfacet
  facet normal 0.507642 0.441901 0.73961
    outer loop
      vertex 72.2986 48.1011 29.9306
      vertex 60.5745 61.5694 29.9306
      vertex 60.5338 61.5 30
    endloop
  endfacet
  facet normal 0.522419 0.45497 0.721166
    outer loop
      vertex 72.25 48.0469 30
      vertex 72.2986 48.1011 29.9306
      vertex 60.5338 61.5 30
    endloop
  endfacet
  facet normal -0 0.707107 0.707107
    outer loop
      vertex 58.8056 61.5694 29.9306
      vertex 60.5338 61.5 30
      vertex 60.5745 61.5694 29.9306
    endloop
  endfacet
  facet normal 0 0.707107 0.707107
    outer loop
      vertex 60.5338 61.5 30
      vertex 58.8056 61.5694 29.9306
      vertex 58.7905 61.5 30
    endloop
  endfacet
  facet normal -0.0573838 0.718755 0.692892
    outer loop
      vertex 43.2798 61.1767 29.9306
      vertex 24.3924 59.668 29.9314
      vertex 43.2912 61.1243 29.9859
    endloop
  endfacet
  facet normal -0.0569271 0.71304 0.698808
    outer loop
      vertex 24.3924 59.668 29.9314
      vertex 43.2798 61.1767 29.9306
      vertex 24.3926 59.6688 29.9306
    endloop
  endfacet
  facet normal -0.0579083 0.725619 0.685656
    outer loop
      vertex 43.2912 61.1243 29.9859
      vertex 24.378 59.6016 30
      vertex 43.294 61.1112 30
    endloop
  endfacet
  facet normal -0.0577251 0.723365 0.688049
    outer loop
      vertex 24.378 59.6016 30
      vertex 43.2912 61.1243 29.9859
      vertex 24.3924 59.668 29.9314
    endloop
  endfacet
  facet normal 0.0567489 0.710824 0.701077
    outer loop
      vertex 9.36265 60.7953 29.9576
      vertex 9.35676 60.8224 29.9306
      vertex 0 61.5694 29.9306
    endloop
  endfacet
  facet normal 0.0563048 0.705563 0.706406
    outer loop
      vertex 9.36265 60.7953 29.9576
      vertex 0 61.5 30
      vertex 9.37204 60.7521 30
    endloop
  endfacet
  facet normal 0.0563345 0.705984 0.705984
    outer loop
      vertex 0 61.5 30
      vertex 9.36265 60.7953 29.9576
      vertex 0 61.5694 29.9306
    endloop
  endfacet
  facet normal -0.0567489 0.710824 0.701077
    outer loop
      vertex 0 61.5694 29.9306
      vertex -9.35676 60.8224 29.9306
      vertex -9.36265 60.7953 29.9576
    endloop
  endfacet
  facet normal -0.0563048 0.705563 0.706406
    outer loop
      vertex 0 61.5 30
      vertex -9.36265 60.7953 29.9576
      vertex -9.37204 60.7521 30
    endloop
  endfacet
  facet normal -0.0563345 0.705984 0.705984
    outer loop
      vertex -9.36265 60.7953 29.9576
      vertex 0 61.5 30
      vertex 0 61.5694 29.9306
    endloop
  endfacet
  facet normal 0.0569607 0.713043 0.698803
    outer loop
      vertex -24.3926 59.6688 29.9306
      vertex -43.2912 61.1243 29.9859
      vertex -24.3924 59.668 29.9314
    endloop
  endfacet
  facet normal 0.0573833 0.718755 0.692892
    outer loop
      vertex -43.2912 61.1243 29.9859
      vertex -24.3926 59.6688 29.9306
      vertex -43.2798 61.1767 29.9306
    endloop
  endfacet
  facet normal 0.0579083 0.725619 0.685656
    outer loop
      vertex -24.378 59.6016 30
      vertex -43.2912 61.1243 29.9859
      vertex -43.294 61.1112 30
    endloop
  endfacet
  facet normal 0.0577251 0.723365 0.688049
    outer loop
      vertex -43.2912 61.1243 29.9859
      vertex -24.378 59.6016 30
      vertex -24.3924 59.668 29.9314
    endloop
  endfacet
  facet normal 0 0.707107 0.707107
    outer loop
      vertex -58.8056 61.5694 29.9306
      vertex -60.5338 61.5 30
      vertex -58.7905 61.5 30
    endloop
  endfacet
  facet normal 0 0.707107 0.707107
    outer loop
      vertex -60.5338 61.5 30
      vertex -58.8056 61.5694 29.9306
      vertex -60.5745 61.5694 29.9306
    endloop
  endfacet
  facet normal -0.507642 0.441901 0.73961
    outer loop
      vertex -60.5338 61.5 30
      vertex -60.5745 61.5694 29.9306
      vertex -72.2986 48.1011 29.9306
    endloop
  endfacet
  facet normal -0.522419 0.45497 0.721166
    outer loop
      vertex -72.25 48.0469 30
      vertex -60.5338 61.5 30
      vertex -72.2986 48.1011 29.9306
    endloop
  endfacet
  facet normal -0.215935 -0.690424 -0.690424
    outer loop
      vertex 72.25 48.0469 30
      vertex 72.3472 48.1554 29.8611
      vertex 72.2986 48.1011 29.9306
    endloop
  endfacet
  facet normal 0.819315 0 0.573344
    outer loop
      vertex 72.3472 25.6528 29.8611
      vertex 72.25 48.0469 30
      vertex 72.25 25.75 30
    endloop
  endfacet
  facet normal 0.819315 0 0.573344
    outer loop
      vertex 72.25 48.0469 30
      vertex 72.3472 25.6528 29.8611
      vertex 72.3472 48.1554 29.8611
    endloop
  endfacet
  facet normal 0.707107 0.707107 0
    outer loop
      vertex 64 34 55.5
      vertex 72.25 25.75 30
      vertex 64 34 30
    endloop
  endfacet
  facet normal 0.707107 0.707107 0
    outer loop
      vertex 74 24 55.5
      vertex 72.25 25.75 30
      vertex 64 34 55.5
    endloop
  endfacet
  facet normal 0.707107 0.707107 0
    outer loop
      vertex 72.25 25.75 30
      vertex 74 24 55.5
      vertex 72.3472 25.6528 29.8611
    endloop
  endfacet
  facet normal 0.707107 0.707107 -6.10814e-15
    outer loop
      vertex 72.3472 25.6528 29.8611
      vertex 74 24 55.5
      vertex 72.3958 25.6042 29.7917
    endloop
  endfacet
  facet normal 0.707107 0.707107 5.74688e-15
    outer loop
      vertex 72.3958 25.6042 29.7917
      vertex 74 24 55.5
      vertex 72.4444 25.5556 29.7222
    endloop
  endfacet
  facet normal 0.707107 0.707107 0
    outer loop
      vertex 72.4444 25.5556 29.7222
      vertex 74 24 55.5
      vertex 72.4931 25.5069 29.6528
    endloop
  endfacet
  facet normal 0.707107 0.707107 5.55946e-15
    outer loop
      vertex 72.4931 25.5069 29.6528
      vertex 74 24 55.5
      vertex 72.5417 25.4583 29.5833
    endloop
  endfacet
  facet normal 0.707107 0.707107 -5.20669e-15
    outer loop
      vertex 72.5417 25.4583 29.5833
      vertex 74 24 55.5
      vertex 72.5903 25.4097 29.5139
    endloop
  endfacet
  facet normal 0.707107 0.707107 5.20615e-15
    outer loop
      vertex 72.5903 25.4097 29.5139
      vertex 74 24 55.5
      vertex 72.6389 25.3611 29.4444
    endloop
  endfacet
  facet normal 0.707107 0.707107 -4.8461e-15
    outer loop
      vertex 72.6389 25.3611 29.4444
      vertex 74 24 55.5
      vertex 72.6875 25.3125 29.375
    endloop
  endfacet
  facet normal 0.707107 0.707107 0
    outer loop
      vertex 72.6875 25.3125 29.375
      vertex 74 24 55.5
      vertex 72.7847 25.2153 29.2361
    endloop
  endfacet
  facet normal 0.707107 0.707107 -4.48551e-15
    outer loop
      vertex 72.7847 25.2153 29.2361
      vertex 74 24 55.5
      vertex 72.8333 25.1667 29.1667
    endloop
  endfacet
  facet normal 0.707107 0.707107 4.12819e-15
    outer loop
      vertex 72.8333 25.1667 29.1667
      vertex 74 24 55.5
      vertex 72.8819 25.1181 29.0972
    endloop
  endfacet
  facet normal 0.707107 0.707107 0
    outer loop
      vertex 72.8819 25.1181 29.0972
      vertex 74 24 55.5
      vertex 72.9306 25.0694 29.0278
    endloop
  endfacet
  facet normal 0.707107 0.707107 3.94795e-15
    outer loop
      vertex 72.9306 25.0694 29.0278
      vertex 74 24 55.5
      vertex 72.9792 25.0208 28.9583
    endloop
  endfacet
  facet normal 0.707107 0.707107 -3.59128e-15
    outer loop
      vertex 72.9792 25.0208 28.9583
      vertex 74 24 55.5
      vertex 73.0278 24.9722 28.8889
    endloop
  endfacet
  facet normal 0.707107 0.707107 3.58742e-15
    outer loop
      vertex 73.0278 24.9722 28.8889
      vertex 74 24 55.5
      vertex 73.0764 24.9236 28.8194
    endloop
  endfacet
  facet normal 0.707107 0.707107 -3.2307e-15
    outer loop
      vertex 73.0764 24.9236 28.8194
      vertex 74 24 55.5
      vertex 73.125 24.875 28.75
    endloop
  endfacet
  facet normal 0.707107 0.707107 0
    outer loop
      vertex 73.125 24.875 28.75
      vertex 74 24 55.5
      vertex 73.2222 24.7778 28.6111
    endloop
  endfacet
  facet normal 0.707107 0.707107 -2.87012e-15
    outer loop
      vertex 73.2222 24.7778 28.6111
      vertex 74 24 55.5
      vertex 73.2708 24.7292 28.5417
    endloop
  endfacet
  facet normal 0.707107 0.707107 2.51303e-15
    outer loop
      vertex 73.2708 24.7292 28.5417
      vertex 74 24 55.5
      vertex 73.3194 24.6806 28.4722
    endloop
  endfacet
  facet normal 0.707107 0.707107 0
    outer loop
      vertex 73.3194 24.6806 28.4722
      vertex 74 24 55.5
      vertex 73.3681 24.6319 28.4028
    endloop
  endfacet
  facet normal 0.707107 0.707107 2.33457e-15
    outer loop
      vertex 73.3681 24.6319 28.4028
      vertex 74 24 55.5
      vertex 73.4167 24.5833 28.3333
    endloop
  endfacet
  facet normal 0.707107 0.707107 -1.97411e-15
    outer loop
      vertex 73.4167 24.5833 28.3333
      vertex 74 24 55.5
      vertex 73.4653 24.5347 28.2639
    endloop
  endfacet
  facet normal 0.707107 0.707107 1.97403e-15
    outer loop
      vertex 73.4653 24.5347 28.2639
      vertex 74 24 55.5
      vertex 73.5139 24.4861 28.1944
    endloop
  endfacet
  facet normal 0.707107 0.707107 -1.61534e-15
    outer loop
      vertex 73.5139 24.4861 28.1944
      vertex 74 24 55.5
      vertex 73.5625 24.4375 28.125
    endloop
  endfacet
  facet normal 0.707107 0.707107 0
    outer loop
      vertex 73.5625 24.4375 28.125
      vertex 74 24 55.5
      vertex 73.6597 24.3403 27.9861
    endloop
  endfacet
  facet normal 0.707107 0.707107 -1.25657e-15
    outer loop
      vertex 73.6597 24.3403 27.9861
      vertex 74 24 55.5
      vertex 73.7083 24.2917 27.9167
    endloop
  endfacet
  facet normal 0.707107 0.707107 8.97787e-16
    outer loop
      vertex 73.7083 24.2917 27.9167
      vertex 74 24 55.5
      vertex 73.7569 24.2431 27.8472
    endloop
  endfacet
  facet normal 0.707107 0.707107 0
    outer loop
      vertex 73.7569 24.2431 27.8472
      vertex 74 24 55.5
      vertex 73.8056 24.1944 27.7778
    endloop
  endfacet
  facet normal 0.707107 0.707107 7.17515e-16
    outer loop
      vertex 73.8056 24.1944 27.7778
      vertex 74 24 55.5
      vertex 73.8542 24.1458 27.7083
    endloop
  endfacet
  facet normal 0.707107 0.707107 -3.58761e-16
    outer loop
      vertex 73.8542 24.1458 27.7083
      vertex 74 24 55.5
      vertex 73.9028 24.0972 27.6389
    endloop
  endfacet
  facet normal 0.707107 0.707107 3.58759e-16
    outer loop
      vertex 73.9028 24.0972 27.6389
      vertex 74 24 55.5
      vertex 73.9514 24.0486 27.5694
    endloop
  endfacet
  facet normal 0.707107 0.707107 0
    outer loop
      vertex 73.9514 24.0486 27.5694
      vertex 74 24 55.5
      vertex 74 24 27.5
    endloop
  endfacet
  facet normal 0 1 -0
    outer loop
      vertex 64 34 30
      vertex 49.3333 34 55.5
      vertex 64 34 55.5
    endloop
  endfacet
  facet normal 0 1 0
    outer loop
      vertex 49.3333 34 55.5
      vertex 64 34 30
      vertex 49.3333 34 30
    endloop
  endfacet
  facet normal -0.0606988 0.998156 0
    outer loop
      vertex 49.3333 34 30
      vertex 24.6667 32.5 55.5
      vertex 49.3333 34 55.5
    endloop
  endfacet
  facet normal -0.0606988 0.998156 0
    outer loop
      vertex 24.6667 32.5 55.5
      vertex 49.3333 34 30
      vertex 24.6667 32.5 30
    endloop
  endfacet
  facet normal 0.0606986 0.998156 -0
    outer loop
      vertex 24.6667 32.5 30
      vertex 0 34 55.5
      vertex 24.6667 32.5 55.5
    endloop
  endfacet
  facet normal 0.0606986 0.998156 0
    outer loop
      vertex 0 34 55.5
      vertex 24.6667 32.5 30
      vertex 0 34 30
    endloop
  endfacet
  facet normal -0.0606986 0.998156 0
    outer loop
      vertex 0 34 30
      vertex -24.6667 32.5 55.5
      vertex 0 34 55.5
    endloop
  endfacet
  facet normal -0.0606986 0.998156 0
    outer loop
      vertex -24.6667 32.5 55.5
      vertex 0 34 30
      vertex -24.6667 32.5 30
    endloop
  endfacet
  facet normal 0.0606988 0.998156 -0
    outer loop
      vertex -24.6667 32.5 30
      vertex -49.3333 34 55.5
      vertex -24.6667 32.5 55.5
    endloop
  endfacet
  facet normal 0.0606988 0.998156 0
    outer loop
      vertex -49.3333 34 55.5
      vertex -24.6667 32.5 30
      vertex -49.3333 34 30
    endloop
  endfacet
  facet normal 0 1 -0
    outer loop
      vertex -49.3333 34 30
      vertex -64 34 55.5
      vertex -49.3333 34 55.5
    endloop
  endfacet
  facet normal 0 1 0
    outer loop
      vertex -64 34 55.5
      vertex -49.3333 34 30
      vertex -64 34 30
    endloop
  endfacet
  facet normal -0.707107 0.707107 0
    outer loop
      vertex -72.25 25.75 30
      vertex -64 34 55.5
      vertex -64 34 30
    endloop
  endfacet
  facet normal -0.707107 0.707107 0
    outer loop
      vertex -74 24 55.5
      vertex -72.25 25.75 30
      vertex -72.3472 25.6528 29.8611
    endloop
  endfacet
  facet normal -0.707107 0.707107 -5.99996e-15
    outer loop
      vertex -74 24 55.5
      vertex -72.3472 25.6528 29.8611
      vertex -72.3958 25.6042 29.7917
    endloop
  endfacet
  facet normal -0.707107 0.707107 5.76852e-15
    outer loop
      vertex -74 24 55.5
      vertex -72.3958 25.6042 29.7917
      vertex -72.4444 25.5556 29.7222
    endloop
  endfacet
  facet normal -0.707107 0.707107 0
    outer loop
      vertex -74 24 55.5
      vertex -72.4444 25.5556 29.7222
      vertex -72.4931 25.5069 29.6528
    endloop
  endfacet
  facet normal -0.707107 0.707107 5.53782e-15
    outer loop
      vertex -74 24 55.5
      vertex -72.4931 25.5069 29.6528
      vertex -72.5417 25.4583 29.5833
    endloop
  endfacet
  facet normal -0.707107 0.707107 -5.30765e-15
    outer loop
      vertex -74 24 55.5
      vertex -72.5417 25.4583 29.5833
      vertex -72.5903 25.4097 29.5139
    endloop
  endfacet
  facet normal -0.707107 0.707107 5.19173e-15
    outer loop
      vertex -74 24 55.5
      vertex -72.5903 25.4097 29.5139
      vertex -72.6389 25.3611 29.4444
    endloop
  endfacet
  facet normal -0.707107 0.707107 -4.8461e-15
    outer loop
      vertex -74 24 55.5
      vertex -72.6389 25.3611 29.4444
      vertex -72.6875 25.3125 29.375
    endloop
  endfacet
  facet normal -0.707107 0.707107 0
    outer loop
      vertex -74 24 55.5
      vertex -72.6875 25.3125 29.375
      vertex -72.7847 25.2153 29.2361
    endloop
  endfacet
  facet normal -0.707107 0.707107 -4.49993e-15
    outer loop
      vertex -74 24 55.5
      vertex -72.7847 25.2153 29.2361
      vertex -72.8333 25.1667 29.1667
    endloop
  endfacet
  facet normal -0.707107 0.707107 4.15343e-15
    outer loop
      vertex -74 24 55.5
      vertex -72.8333 25.1667 29.1667
      vertex -72.8819 25.1181 29.0972
    endloop
  endfacet
  facet normal -0.707107 0.707107 0
    outer loop
      vertex -74 24 55.5
      vertex -72.8819 25.1181 29.0972
      vertex -72.9306 25.0694 29.0278
    endloop
  endfacet
  facet normal -0.707107 0.707107 3.92272e-15
    outer loop
      vertex -74 24 55.5
      vertex -72.9306 25.0694 29.0278
      vertex -72.9792 25.0208 28.9583
    endloop
  endfacet
  facet normal -0.707107 0.707107 -3.57686e-15
    outer loop
      vertex -74 24 55.5
      vertex -72.9792 25.0208 28.9583
      vertex -73.0278 24.9722 28.8889
    endloop
  endfacet
  facet normal -0.707107 0.707107 3.57661e-15
    outer loop
      vertex -74 24 55.5
      vertex -73.0278 24.9722 28.8889
      vertex -73.0764 24.9236 28.8194
    endloop
  endfacet
  facet normal -0.707107 0.707107 -3.2307e-15
    outer loop
      vertex -74 24 55.5
      vertex -73.0764 24.9236 28.8194
      vertex -73.125 24.875 28.75
    endloop
  endfacet
  facet normal -0.707107 0.707107 0
    outer loop
      vertex -74 24 55.5
      vertex -73.125 24.875 28.75
      vertex -73.2222 24.7778 28.6111
    endloop
  endfacet
  facet normal -0.707107 0.707107 -2.88455e-15
    outer loop
      vertex -74 24 55.5
      vertex -73.2222 24.7778 28.6111
      vertex -73.2708 24.7292 28.5417
    endloop
  endfacet
  facet normal -0.707107 0.707107 2.50942e-15
    outer loop
      vertex -74 24 55.5
      vertex -73.2708 24.7292 28.5417
      vertex -73.3194 24.6806 28.4722
    endloop
  endfacet
  facet normal -0.707107 0.707107 0
    outer loop
      vertex -74 24 55.5
      vertex -73.3194 24.6806 28.4722
      vertex -73.3681 24.6319 28.4028
    endloop
  endfacet
  facet normal -0.707107 0.707107 2.33638e-15
    outer loop
      vertex -74 24 55.5
      vertex -73.3681 24.6319 28.4028
      vertex -73.4167 24.5833 28.3333
    endloop
  endfacet
  facet normal -0.707107 0.707107 -1.99033e-15
    outer loop
      vertex -74 24 55.5
      vertex -73.4167 24.5833 28.3333
      vertex -73.4653 24.5347 28.2639
    endloop
  endfacet
  facet normal -0.707107 0.707107 1.99025e-15
    outer loop
      vertex -74 24 55.5
      vertex -73.4653 24.5347 28.2639
      vertex -73.5139 24.4861 28.1944
    endloop
  endfacet
  facet normal -0.707107 0.707107 -1.61534e-15
    outer loop
      vertex -74 24 55.5
      vertex -73.5139 24.4861 28.1944
      vertex -73.5625 24.4375 28.125
    endloop
  endfacet
  facet normal -0.707107 0.707107 0
    outer loop
      vertex -74 24 55.5
      vertex -73.5625 24.4375 28.125
      vertex -73.6597 24.3403 27.9861
    endloop
  endfacet
  facet normal -0.707107 0.707107 -1.26198e-15
    outer loop
      vertex -74 24 55.5
      vertex -73.6597 24.3403 27.9861
      vertex -73.7083 24.2917 27.9167
    endloop
  endfacet
  facet normal -0.707107 0.707107 8.94182e-16
    outer loop
      vertex -74 24 55.5
      vertex -73.7083 24.2917 27.9167
      vertex -73.7569 24.2431 27.8472
    endloop
  endfacet
  facet normal -0.707107 0.707107 0
    outer loop
      vertex -74 24 55.5
      vertex -73.7569 24.2431 27.8472
      vertex -73.8056 24.1944 27.7778
    endloop
  endfacet
  facet normal -0.707107 0.707107 7.17515e-16
    outer loop
      vertex -74 24 55.5
      vertex -73.8056 24.1944 27.7778
      vertex -73.8542 24.1458 27.7083
    endloop
  endfacet
  facet normal -0.707107 0.707107 -3.58761e-16
    outer loop
      vertex -74 24 55.5
      vertex -73.8542 24.1458 27.7083
      vertex -73.9028 24.0972 27.6389
    endloop
  endfacet
  facet normal -0.707107 0.707107 3.58759e-16
    outer loop
      vertex -74 24 55.5
      vertex -73.9028 24.0972 27.6389
      vertex -73.9514 24.0486 27.5694
    endloop
  endfacet
  facet normal -0.707107 0.707107 0
    outer loop
      vertex -74 24 55.5
      vertex -73.9514 24.0486 27.5694
      vertex -74 24 27.5
    endloop
  endfacet
  facet normal -0.707107 0.707107 0
    outer loop
      vertex -72.25 25.75 30
      vertex -74 24 55.5
      vertex -64 34 55.5
    endloop
  endfacet
  facet normal 0 0 1
    outer loop
      vertex 0 31.5 58
      vertex -12.0912 25.0419 58
      vertex -12 24 58
    endloop
  endfacet
  facet normal 0 0 1
    outer loop
      vertex 0 31.5 58
      vertex -12.3618 26.0521 58
      vertex -12.0912 25.0419 58
    endloop
  endfacet
  facet normal 0 0 1
    outer loop
      vertex 0 31.5 58
      vertex -12.8038 27 58
      vertex -12.3618 26.0521 58
    endloop
  endfacet
  facet normal 0 0 1
    outer loop
      vertex 0 31.5 58
      vertex -13.4037 27.8567 58
      vertex -12.8038 27 58
    endloop
  endfacet
  facet normal 0 0 1
    outer loop
      vertex 0 31.5 58
      vertex -14.1433 28.5963 58
      vertex -13.4037 27.8567 58
    endloop
  endfacet
  facet normal 0 0 1
    outer loop
      vertex 0 31.5 58
      vertex -15 29.1962 58
      vertex -14.1433 28.5963 58
    endloop
  endfacet
  facet normal 0 0 1
    outer loop
      vertex 0 31.5 58
      vertex -15.9479 29.6382 58
      vertex -15 29.1962 58
    endloop
  endfacet
  facet normal 0 0 1
    outer loop
      vertex 0 31.5 58
      vertex -16.9581 29.9088 58
      vertex -15.9479 29.6382 58
    endloop
  endfacet
  facet normal 0 0 1
    outer loop
      vertex 0 31.5 58
      vertex -18 30 58
      vertex -16.9581 29.9088 58
    endloop
  endfacet
  facet normal -0 0 1
    outer loop
      vertex -24.0833 30.1103 58
      vertex -18 30 58
      vertex 0 31.5 58
    endloop
  endfacet
  facet normal 0 0 1
    outer loop
      vertex -24.0833 30.1103 58
      vertex -54 30 58
      vertex -18 30 58
    endloop
  endfacet
  facet normal 0 0 1
    outer loop
      vertex -48.1667 31.5 58
      vertex -54 30 58
      vertex -24.0833 30.1103 58
    endloop
  endfacet
  facet normal -0 0 1
    outer loop
      vertex -62.4865 31.5 58
      vertex -54 30 58
      vertex -48.1667 31.5 58
    endloop
  endfacet
  facet normal 0 0 1
    outer loop
      vertex -59.9088 25.0419 58
      vertex -72.25 22.2353 58
      vertex -60 24 58
    endloop
  endfacet
  facet normal 0 0 1
    outer loop
      vertex -72.25 22.2353 58
      vertex -59.9088 25.0419 58
      vertex -62.4865 31.5 58
    endloop
  endfacet
  facet normal 0 0 1
    outer loop
      vertex -59.6382 26.0521 58
      vertex -62.4865 31.5 58
      vertex -59.9088 25.0419 58
    endloop
  endfacet
  facet normal 0 0 1
    outer loop
      vertex -59.1962 27 58
      vertex -62.4865 31.5 58
      vertex -59.6382 26.0521 58
    endloop
  endfacet
  facet normal 0 0 1
    outer loop
      vertex -58.5963 27.8567 58
      vertex -62.4865 31.5 58
      vertex -59.1962 27 58
    endloop
  endfacet
  facet normal 0 0 1
    outer loop
      vertex -57.8567 28.5963 58
      vertex -62.4865 31.5 58
      vertex -58.5963 27.8567 58
    endloop
  endfacet
  facet normal 0 0 1
    outer loop
      vertex -57 29.1962 58
      vertex -62.4865 31.5 58
      vertex -57.8567 28.5963 58
    endloop
  endfacet
  facet normal 0 0 1
    outer loop
      vertex -56.0521 29.6382 58
      vertex -62.4865 31.5 58
      vertex -57 29.1962 58
    endloop
  endfacet
  facet normal 0 0 1
    outer loop
      vertex -55.0419 29.9088 58
      vertex -62.4865 31.5 58
      vertex -56.0521 29.6382 58
    endloop
  endfacet
  facet normal 0 0 1
    outer loop
      vertex -54 30 58
      vertex -62.4865 31.5 58
      vertex -55.0419 29.9088 58
    endloop
  endfacet
  facet normal 0 0 1
    outer loop
      vertex 72.25 22.2353 58
      vertex 59.9088 25.0419 58
      vertex 60 24 58
    endloop
  endfacet
  facet normal 0 0 1
    outer loop
      vertex 62.4865 31.5 58
      vertex 59.6382 26.0521 58
      vertex 59.9088 25.0419 58
    endloop
  endfacet
  facet normal 0 0 1
    outer loop
      vertex 62.4865 31.5 58
      vertex 59.1962 27 58
      vertex 59.6382 26.0521 58
    endloop
  endfacet
  facet normal 0 0 1
    outer loop
      vertex 62.4865 31.5 58
      vertex 58.5963 27.8567 58
      vertex 59.1962 27 58
    endloop
  endfacet
  facet normal 0 0 1
    outer loop
      vertex 62.4865 31.5 58
      vertex 57.8567 28.5963 58
      vertex 58.5963 27.8567 58
    endloop
  endfacet
  facet normal 0 0 1
    outer loop
      vertex 62.4865 31.5 58
      vertex 57 29.1962 58
      vertex 57.8567 28.5963 58
    endloop
  endfacet
  facet normal 0 0 1
    outer loop
      vertex 62.4865 31.5 58
      vertex 56.0521 29.6382 58
      vertex 57 29.1962 58
    endloop
  endfacet
  facet normal 0 0 1
    outer loop
      vertex 62.4865 31.5 58
      vertex 55.0419 29.9088 58
      vertex 56.0521 29.6382 58
    endloop
  endfacet
  facet normal 0 0 1
    outer loop
      vertex 62.4865 31.5 58
      vertex 54 30 58
      vertex 55.0419 29.9088 58
    endloop
  endfacet
  facet normal -0 0 1
    outer loop
      vertex 48.1667 31.5 58
      vertex 54 30 58
      vertex 62.4865 31.5 58
    endloop
  endfacet
  facet normal -0 0 1
    outer loop
      vertex 24.0833 30.1103 58
      vertex 54 30 58
      vertex 48.1667 31.5 58
    endloop
  endfacet
  facet normal 0 0 1
    outer loop
      vertex 24.0833 30.1103 58
      vertex 18 30 58
      vertex 54 30 58
    endloop
  endfacet
  facet normal 0 0 1
    outer loop
      vertex -12 24 58
      vertex 12 24 58
      vertex 0 31.5 58
    endloop
  endfacet
  facet normal 0 0 1
    outer loop
      vertex 12.0912 25.0419 58
      vertex 0 31.5 58
      vertex 12 24 58
    endloop
  endfacet
  facet normal 0 0 1
    outer loop
      vertex 12.3618 26.0521 58
      vertex 0 31.5 58
      vertex 12.0912 25.0419 58
    endloop
  endfacet
  facet normal 0 0 1
    outer loop
      vertex 12.8038 27 58
      vertex 0 31.5 58
      vertex 12.3618 26.0521 58
    endloop
  endfacet
  facet normal 0 0 1
    outer loop
      vertex 13.4037 27.8567 58
      vertex 0 31.5 58
      vertex 12.8038 27 58
    endloop
  endfacet
  facet normal 0 0 1
    outer loop
      vertex 14.1433 28.5963 58
      vertex 0 31.5 58
      vertex 13.4037 27.8567 58
    endloop
  endfacet
  facet normal 0 0 1
    outer loop
      vertex 15 29.1962 58
      vertex 0 31.5 58
      vertex 14.1433 28.5963 58
    endloop
  endfacet
  facet normal 0 0 1
    outer loop
      vertex 15.9479 29.6382 58
      vertex 0 31.5 58
      vertex 15 29.1962 58
    endloop
  endfacet
  facet normal 0 0 1
    outer loop
      vertex 16.9581 29.9088 58
      vertex 0 31.5 58
      vertex 15.9479 29.6382 58
    endloop
  endfacet
  facet normal 0 0 1
    outer loop
      vertex 18 30 58
      vertex 0 31.5 58
      vertex 16.9581 29.9088 58
    endloop
  endfacet
  facet normal 0 0 1
    outer loop
      vertex 0 31.5 58
      vertex 18 30 58
      vertex 24.0833 30.1103 58
    endloop
  endfacet
  facet normal -0 0 1
    outer loop
      vertex 59.9088 25.0419 58
      vertex 72.25 22.2353 58
      vertex 62.4865 31.5 58
    endloop
  endfacet
  facet normal 0 0 1
    outer loop
      vertex 60 10 58
      vertex 72.25 22.2353 58
      vertex 60 24 58
    endloop
  endfacet
  facet normal 0 0 1
    outer loop
      vertex 72.25 22.2353 58
      vertex 60 10 58
      vertex 72.25 0 58
    endloop
  endfacet
  facet normal -0 0 1
    outer loop
      vertex 59.9088 8.95811 58
      vertex 72.25 0 58
      vertex 60 10 58
    endloop
  endfacet
  facet normal -0 0 1
    outer loop
      vertex 59.6382 7.94788 58
      vertex 72.25 0 58
      vertex 59.9088 8.95811 58
    endloop
  endfacet
  facet normal -0 0 1
    outer loop
      vertex 59.1962 7 58
      vertex 72.25 0 58
      vertex 59.6382 7.94788 58
    endloop
  endfacet
  facet normal -0 0 1
    outer loop
      vertex 58.5963 6.14328 58
      vertex 72.25 0 58
      vertex 59.1962 7 58
    endloop
  endfacet
  facet normal -0 0 1
    outer loop
      vertex 57.8567 5.40373 58
      vertex 72.25 0 58
      vertex 58.5963 6.14328 58
    endloop
  endfacet
  facet normal -0 0 1
    outer loop
      vertex 57 4.80385 58
      vertex 72.25 0 58
      vertex 57.8567 5.40373 58
    endloop
  endfacet
  facet normal -0 0 1
    outer loop
      vertex 56.0521 4.36185 58
      vertex 72.25 0 58
      vertex 57 4.80385 58
    endloop
  endfacet
  facet normal -0 0 1
    outer loop
      vertex 55.0419 4.09115 58
      vertex 72.25 0 58
      vertex 56.0521 4.36185 58
    endloop
  endfacet
  facet normal -0 0 1
    outer loop
      vertex 54 4 58
      vertex 72.25 0 58
      vertex 55.0419 4.09115 58
    endloop
  endfacet
  facet normal -0 0 1
    outer loop
      vertex 18 4 58
      vertex 72.25 0 58
      vertex 54 4 58
    endloop
  endfacet
  facet normal 0 0 1
    outer loop
      vertex 12 24 58
      vertex -12 24 58
      vertex 12 10 58
    endloop
  endfacet
  facet normal 0 0 1
    outer loop
      vertex -12 10 58
      vertex 12 10 58
      vertex -12 24 58
    endloop
  endfacet
  facet normal 0 0 1
    outer loop
      vertex -12.0912 8.95811 58
      vertex 12.0912 8.95811 58
      vertex -12 10 58
    endloop
  endfacet
  facet normal 0 0 1
    outer loop
      vertex 12 10 58
      vertex -12 10 58
      vertex 12.0912 8.95811 58
    endloop
  endfacet
  facet normal 0 0 1
    outer loop
      vertex 12.0912 8.95811 58
      vertex -12.0912 8.95811 58
      vertex 12.3618 7.94788 58
    endloop
  endfacet
  facet normal 0 0 1
    outer loop
      vertex -12.3618 7.94788 58
      vertex 12.3618 7.94788 58
      vertex -12.0912 8.95811 58
    endloop
  endfacet
  facet normal 0 0 1
    outer loop
      vertex 12.3618 7.94788 58
      vertex -12.3618 7.94788 58
      vertex 12.8038 7 58
    endloop
  endfacet
  facet normal 0 0 1
    outer loop
      vertex -12.8038 7 58
      vertex 12.8038 7 58
      vertex -12.3618 7.94788 58
    endloop
  endfacet
  facet normal 0 0 1
    outer loop
      vertex 12.8038 7 58
      vertex -12.8038 7 58
      vertex 13.4037 6.14328 58
    endloop
  endfacet
  facet normal 0 0 1
    outer loop
      vertex -13.4037 6.14328 58
      vertex 13.4037 6.14328 58
      vertex -12.8038 7 58
    endloop
  endfacet
  facet normal 0 0 1
    outer loop
      vertex 13.4037 6.14328 58
      vertex -13.4037 6.14328 58
      vertex 14.1433 5.40373 58
    endloop
  endfacet
  facet normal 0 0 1
    outer loop
      vertex -14.1433 5.40373 58
      vertex 14.1433 5.40373 58
      vertex -13.4037 6.14328 58
    endloop
  endfacet
  facet normal 0 0 1
    outer loop
      vertex 14.1433 5.40373 58
      vertex -14.1433 5.40373 58
      vertex 15 4.80385 58
    endloop
  endfacet
  facet normal 0 0 1
    outer loop
      vertex -15 4.80385 58
      vertex 15 4.80385 58
      vertex -14.1433 5.40373 58
    endloop
  endfacet
  facet normal 0 0 1
    outer loop
      vertex 15 4.80385 58
      vertex -15 4.80385 58
      vertex 15.9479 4.36185 58
    endloop
  endfacet
  facet normal 0 0 1
    outer loop
      vertex -15.9479 4.36185 58
      vertex 15.9479 4.36185 58
      vertex -15 4.80385 58
    endloop
  endfacet
  facet normal 0 0 1
    outer loop
      vertex 15.9479 4.36185 58
      vertex -15.9479 4.36185 58
      vertex 16.9581 4.09115 58
    endloop
  endfacet
  facet normal 0 0 1
    outer loop
      vertex -16.9581 4.09115 58
      vertex 16.9581 4.09115 58
      vertex -15.9479 4.36185 58
    endloop
  endfacet
  facet normal 0 0 1
    outer loop
      vertex 16.9581 4.09115 58
      vertex -16.9581 4.09115 58
      vertex 18 4 58
    endloop
  endfacet
  facet normal 0 0 1
    outer loop
      vertex -18 4 58
      vertex 18 4 58
      vertex -16.9581 4.09115 58
    endloop
  endfacet
  facet normal 0 0 1
    outer loop
      vertex 18 4 58
      vertex -18 4 58
      vertex 72.25 0 58
    endloop
  endfacet
  facet normal 0 0 1
    outer loop
      vertex -72.25 0 58
      vertex -18 4 58
      vertex -54 4 58
    endloop
  endfacet
  facet normal 0 0 1
    outer loop
      vertex -60 24 58
      vertex -72.25 22.2353 58
      vertex -60 10 58
    endloop
  endfacet
  facet normal 0 0 1
    outer loop
      vertex -72.25 0 58
      vertex -60 10 58
      vertex -72.25 22.2353 58
    endloop
  endfacet
  facet normal 0 0 1
    outer loop
      vertex -60 10 58
      vertex -72.25 0 58
      vertex -59.9088 8.95811 58
    endloop
  endfacet
  facet normal 0 0 1
    outer loop
      vertex -59.9088 8.95811 58
      vertex -72.25 0 58
      vertex -59.6382 7.94788 58
    endloop
  endfacet
  facet normal 0 0 1
    outer loop
      vertex -59.6382 7.94788 58
      vertex -72.25 0 58
      vertex -59.1962 7 58
    endloop
  endfacet
  facet normal 0 0 1
    outer loop
      vertex -18 4 58
      vertex -72.25 0 58
      vertex 72.25 0 58
    endloop
  endfacet
  facet normal 0 0 1
    outer loop
      vertex -55.0419 4.09115 58
      vertex -72.25 0 58
      vertex -54 4 58
    endloop
  endfacet
  facet normal 0 0 1
    outer loop
      vertex -56.0521 4.36185 58
      vertex -72.25 0 58
      vertex -55.0419 4.09115 58
    endloop
  endfacet
  facet normal 0 0 1
    outer loop
      vertex -57 4.80385 58
      vertex -72.25 0 58
      vertex -56.0521 4.36185 58
    endloop
  endfacet
  facet normal 0 0 1
    outer loop
      vertex -57.8567 5.40373 58
      vertex -72.25 0 58
      vertex -57 4.80385 58
    endloop
  endfacet
  facet normal 0 0 1
    outer loop
      vertex -58.5963 6.14328 58
      vertex -72.25 0 58
      vertex -57.8567 5.40373 58
    endloop
  endfacet
  facet normal 0 0 1
    outer loop
      vertex -59.1962 7 58
      vertex -72.25 0 58
      vertex -58.5963 6.14328 58
    endloop
  endfacet
  facet normal 0.467442 0.467442 0.750331
    outer loop
      vertex 74 24 55.5
      vertex 64 34 55.5
      vertex 63.958 33.9306 55.5694
    endloop
  endfacet
  facet normal 0.501047 0.501739 0.705131
    outer loop
      vertex 73.9514 23.951 55.5694
      vertex 74 24 55.5
      vertex 63.958 33.9306 55.5694
    endloop
  endfacet
  facet normal -0 0.707107 0.707107
    outer loop
      vertex 49.3333 34 55.5
      vertex 63.958 33.9306 55.5694
      vertex 64 34 55.5
    endloop
  endfacet
  facet normal 0 0.707107 0.707107
    outer loop
      vertex 63.958 33.9306 55.5694
      vertex 49.3333 34 55.5
      vertex 49.3009 33.9306 55.5694
    endloop
  endfacet
  facet normal -0.0435731 0.716533 0.696191
    outer loop
      vertex 49.3009 33.9306 55.5694
      vertex 49.3333 34 55.5
      vertex 24.6667 32.5 55.5
    endloop
  endfacet
  facet normal -0.0441486 0.726975 0.685244
    outer loop
      vertex 49.3009 33.9306 55.5694
      vertex 24.6667 32.5 55.5
      vertex 24.6505 32.4336 55.5694
    endloop
  endfacet
  facet normal 0.0435869 0.716763 0.695953
    outer loop
      vertex 24.6505 32.4336 55.5694
      vertex 24.6667 32.5 55.5
      vertex 0 34 55.5
    endloop
  endfacet
  facet normal 0.0429023 0.706456 0.706456
    outer loop
      vertex 24.6505 32.4336 55.5694
      vertex 0 34 55.5
      vertex 0 33.9306 55.5694
    endloop
  endfacet
  facet normal -0.0435869 0.716763 0.695953
    outer loop
      vertex -24.6505 32.4336 55.5694
      vertex 0 34 55.5
      vertex -24.6667 32.5 55.5
    endloop
  endfacet
  facet normal -0.0429023 0.706456 0.706456
    outer loop
      vertex 0 33.9306 55.5694
      vertex 0 34 55.5
      vertex -24.6505 32.4336 55.5694
    endloop
  endfacet
  facet normal 0.0435731 0.716533 0.696191
    outer loop
      vertex -49.3009 33.9306 55.5694
      vertex -24.6667 32.5 55.5
      vertex -49.3333 34 55.5
    endloop
  endfacet
  facet normal 0.0441486 0.726975 0.685244
    outer loop
      vertex -24.6505 32.4336 55.5694
      vertex -24.6667 32.5 55.5
      vertex -49.3009 33.9306 55.5694
    endloop
  endfacet
  facet normal 0 0.707107 0.707107
    outer loop
      vertex -49.3333 34 55.5
      vertex -63.958 33.9306 55.5694
      vertex -49.3009 33.9306 55.5694
    endloop
  endfacet
  facet normal 0 0.707107 0.707107
    outer loop
      vertex -63.958 33.9306 55.5694
      vertex -49.3333 34 55.5
      vertex -64 34 55.5
    endloop
  endfacet
  facet normal -0.467442 0.467442 0.750331
    outer loop
      vertex -63.958 33.9306 55.5694
      vertex -64 34 55.5
      vertex -74 24 55.5
    endloop
  endfacet
  facet normal -0.501047 0.501739 0.705131
    outer loop
      vertex -73.9514 23.951 55.5694
      vertex -63.958 33.9306 55.5694
      vertex -74 24 55.5
    endloop
  endfacet
  facet normal -0.819121 0 0.573621
    outer loop
      vertex -74 0 55.5
      vertex -73.9514 23.951 55.5694
      vertex -74 24 55.5
    endloop
  endfacet
  facet normal -0.819121 0 0.573621
    outer loop
      vertex -73.9514 23.951 55.5694
      vertex -74 0 55.5
      vertex -73.9514 0 55.5694
    endloop
  endfacet
  facet normal 0.819121 0 0.573621
    outer loop
      vertex 74 0 55.5
      vertex 73.9514 23.951 55.5694
      vertex 73.9514 0 55.5694
    endloop
  endfacet
  facet normal 0.819121 0 0.573621
    outer loop
      vertex 73.9514 23.951 55.5694
      vertex 74 0 55.5
      vertex 74 24 55.5
    endloop
  endfacet
  facet normal 0.466981 0.467627 0.750503
    outer loop
      vertex 73.9514 23.951 55.5694
      vertex 63.958 33.9306 55.5694
      vertex 63.9159 33.8611 55.6389
    endloop
  endfacet
  facet normal 0.501052 0.50245 0.704621
    outer loop
      vertex 73.9028 23.902 55.6389
      vertex 73.9514 23.951 55.5694
      vertex 63.9159 33.8611 55.6389
    endloop
  endfacet
  facet normal -0.0435129 0.716507 0.696222
    outer loop
      vertex 49.2685 33.8611 55.6389
      vertex 49.3009 33.9306 55.5694
      vertex 24.6505 32.4336 55.5694
    endloop
  endfacet
  facet normal -0.0441174 0.727492 0.684696
    outer loop
      vertex 49.2685 33.8611 55.6389
      vertex 24.6505 32.4336 55.5694
      vertex 24.6342 32.3672 55.6389
    endloop
  endfacet
  facet normal 0.0435573 0.71724 0.695464
    outer loop
      vertex 24.6342 32.3672 55.6389
      vertex 24.6505 32.4336 55.5694
      vertex 0 33.9306 55.5694
    endloop
  endfacet
  facet normal 0.0428419 0.706458 0.706458
    outer loop
      vertex 24.6342 32.3672 55.6389
      vertex 0 33.9306 55.5694
      vertex 0 33.8611 55.6389
    endloop
  endfacet
  facet normal -0.0435573 0.71724 0.695464
    outer loop
      vertex -24.6342 32.3672 55.6389
      vertex 0 33.9306 55.5694
      vertex -24.6505 32.4336 55.5694
    endloop
  endfacet
  facet normal -0.0428419 0.706458 0.706458
    outer loop
      vertex 0 33.8611 55.6389
      vertex 0 33.9306 55.5694
      vertex -24.6342 32.3672 55.6389
    endloop
  endfacet
  facet normal 0.0435129 0.716507 0.696222
    outer loop
      vertex -49.2685 33.8611 55.6389
      vertex -24.6505 32.4336 55.5694
      vertex -49.3009 33.9306 55.5694
    endloop
  endfacet
  facet normal 0.0441174 0.727492 0.684696
    outer loop
      vertex -24.6342 32.3672 55.6389
      vertex -24.6505 32.4336 55.5694
      vertex -49.2685 33.8611 55.6389
    endloop
  endfacet
  facet normal 0 0.707107 0.707107
    outer loop
      vertex -49.1065 33.5139 55.9861
      vertex -63.6637 33.4444 56.0556
      vertex -49.0741 33.4444 56.0556
    endloop
  endfacet
  facet normal 0 0.707107 0.707107
    outer loop
      vertex -49.1389 33.5833 55.9167
      vertex -63.6637 33.4444 56.0556
      vertex -49.1065 33.5139 55.9861
    endloop
  endfacet
  facet normal 0 0.707107 0.707107
    outer loop
      vertex -49.1713 33.6528 55.8472
      vertex -63.6637 33.4444 56.0556
      vertex -49.1389 33.5833 55.9167
    endloop
  endfacet
  facet normal 0 0.707107 0.707107
    outer loop
      vertex -49.2037 33.7222 55.7778
      vertex -63.6637 33.4444 56.0556
      vertex -49.1713 33.6528 55.8472
    endloop
  endfacet
  facet normal 0 0.707107 0.707107
    outer loop
      vertex -49.2361 33.7917 55.7083
      vertex -63.6637 33.4444 56.0556
      vertex -49.2037 33.7222 55.7778
    endloop
  endfacet
  facet normal 0 0.707107 0.707107
    outer loop
      vertex -49.2685 33.8611 55.6389
      vertex -63.6637 33.4444 56.0556
      vertex -49.2361 33.7917 55.7083
    endloop
  endfacet
  facet normal 0 0.707107 0.707107
    outer loop
      vertex -49.3009 33.9306 55.5694
      vertex -63.6637 33.4444 56.0556
      vertex -49.2685 33.8611 55.6389
    endloop
  endfacet
  facet normal 0 0.707107 0.707107
    outer loop
      vertex -63.6637 33.4444 56.0556
      vertex -49.3009 33.9306 55.5694
      vertex -63.7057 33.5139 55.9861
    endloop
  endfacet
  facet normal 0 0.707107 0.707107
    outer loop
      vertex -63.7057 33.5139 55.9861
      vertex -49.3009 33.9306 55.5694
      vertex -63.7477 33.5833 55.9167
    endloop
  endfacet
  facet normal 0 0.707107 0.707107
    outer loop
      vertex -63.7477 33.5833 55.9167
      vertex -49.3009 33.9306 55.5694
      vertex -63.7898 33.6528 55.8472
    endloop
  endfacet
  facet normal 0 0.707107 0.707107
    outer loop
      vertex -63.7898 33.6528 55.8472
      vertex -49.3009 33.9306 55.5694
      vertex -63.8318 33.7222 55.7778
    endloop
  endfacet
  facet normal 0 0.707107 0.707107
    outer loop
      vertex -63.8318 33.7222 55.7778
      vertex -49.3009 33.9306 55.5694
      vertex -63.8739 33.7917 55.7083
    endloop
  endfacet
  facet normal 0 0.707107 0.707107
    outer loop
      vertex -63.8739 33.7917 55.7083
      vertex -49.3009 33.9306 55.5694
      vertex -63.9159 33.8611 55.6389
    endloop
  endfacet
  facet normal 0 0.707107 0.707107
    outer loop
      vertex -63.9159 33.8611 55.6389
      vertex -49.3009 33.9306 55.5694
      vertex -63.958 33.9306 55.5694
    endloop
  endfacet
  facet normal -0.466981 0.467627 0.750503
    outer loop
      vertex -63.9159 33.8611 55.6389
      vertex -63.958 33.9306 55.5694
      vertex -73.9514 23.951 55.5694
    endloop
  endfacet
  facet normal -0.501052 0.50245 0.704621
    outer loop
      vertex -73.9028 23.902 55.6389
      vertex -63.9159 33.8611 55.6389
      vertex -73.9514 23.951 55.5694
    endloop
  endfacet
  facet normal -0.819509 0 0.573067
    outer loop
      vertex -73.9514 0 55.5694
      vertex -73.9028 23.902 55.6389
      vertex -73.9514 23.951 55.5694
    endloop
  endfacet
  facet normal -0.819509 0 0.573067
    outer loop
      vertex -73.9028 23.902 55.6389
      vertex -73.9514 0 55.5694
      vertex -73.9028 0 55.6389
    endloop
  endfacet
  facet normal 0.819509 0 0.573067
    outer loop
      vertex 73.9514 0 55.5694
      vertex 73.9028 23.902 55.6389
      vertex 73.9028 0 55.6389
    endloop
  endfacet
  facet normal 0.819509 0 0.573067
    outer loop
      vertex 73.9028 23.902 55.6389
      vertex 73.9514 0 55.5694
      vertex 73.9514 23.951 55.5694
    endloop
  endfacet
  facet normal 0.4667 0.468002 0.750443
    outer loop
      vertex 73.9028 23.902 55.6389
      vertex 63.9159 33.8611 55.6389
      vertex 63.8739 33.7917 55.7083
    endloop
  endfacet
  facet normal 0.500091 0.502179 0.705496
    outer loop
      vertex 73.8542 23.8529 55.7083
      vertex 73.9028 23.902 55.6389
      vertex 63.8739 33.7917 55.7083
    endloop
  endfacet
  facet normal -0.0434513 0.716509 0.696223
    outer loop
      vertex 49.2361 33.7917 55.7083
      vertex 49.2685 33.8611 55.6389
      vertex 24.6342 32.3672 55.6389
    endloop
  endfacet
  facet normal -0.0440544 0.727486 0.684707
    outer loop
      vertex 49.2361 33.7917 55.7083
      vertex 24.6342 32.3672 55.6389
      vertex 24.618 32.3009 55.7083
    endloop
  endfacet
  facet normal 0.0434992 0.717296 0.695409
    outer loop
      vertex 24.618 32.3009 55.7083
      vertex 24.6342 32.3672 55.6389
      vertex 0 33.8611 55.6389
    endloop
  endfacet
  facet normal 0.0427813 0.706459 0.706459
    outer loop
      vertex 24.618 32.3009 55.7083
      vertex 0 33.8611 55.6389
      vertex 0 33.7917 55.7083
    endloop
  endfacet
  facet normal -0.0434992 0.717296 0.695409
    outer loop
      vertex -24.618 32.3009 55.7083
      vertex 0 33.8611 55.6389
      vertex -24.6342 32.3672 55.6389
    endloop
  endfacet
  facet normal -0.0427813 0.706459 0.706459
    outer loop
      vertex 0 33.7917 55.7083
      vertex 0 33.8611 55.6389
      vertex -24.618 32.3009 55.7083
    endloop
  endfacet
  facet normal 0.0434513 0.716509 0.696223
    outer loop
      vertex -49.2361 33.7917 55.7083
      vertex -24.6342 32.3672 55.6389
      vertex -49.2685 33.8611 55.6389
    endloop
  endfacet
  facet normal 0.0440544 0.727486 0.684707
    outer loop
      vertex -24.618 32.3009 55.7083
      vertex -24.6342 32.3672 55.6389
      vertex -49.2361 33.7917 55.7083
    endloop
  endfacet
  facet normal -0.4667 0.468002 0.750443
    outer loop
      vertex -63.8739 33.7917 55.7083
      vertex -63.9159 33.8611 55.6389
      vertex -73.9028 23.902 55.6389
    endloop
  endfacet
  facet normal -0.500091 0.502179 0.705496
    outer loop
      vertex -73.8542 23.8529 55.7083
      vertex -63.8739 33.7917 55.7083
      vertex -73.9028 23.902 55.6389
    endloop
  endfacet
  facet normal -0.819121 0 0.573621
    outer loop
      vertex -73.9028 0 55.6389
      vertex -73.8542 23.8529 55.7083
      vertex -73.9028 23.902 55.6389
    endloop
  endfacet
  facet normal -0.819121 0 0.573621
    outer loop
      vertex -73.8542 23.8529 55.7083
      vertex -73.9028 0 55.6389
      vertex -73.8542 0 55.7083
    endloop
  endfacet
  facet normal 0.819121 0 0.573621
    outer loop
      vertex 73.9028 0 55.6389
      vertex 73.8542 23.8529 55.7083
      vertex 73.8542 0 55.7083
    endloop
  endfacet
  facet normal 0.819121 0 0.573621
    outer loop
      vertex 73.8542 23.8529 55.7083
      vertex 73.9028 0 55.6389
      vertex 73.9028 23.902 55.6389
    endloop
  endfacet
  facet normal 0.46624 0.468187 0.750614
    outer loop
      vertex 73.8542 23.8529 55.7083
      vertex 63.8739 33.7917 55.7083
      vertex 63.8318 33.7222 55.7778
    endloop
  endfacet
  facet normal 0.500349 0.503149 0.704622
    outer loop
      vertex 73.8056 23.8039 55.7778
      vertex 73.8542 23.8529 55.7083
      vertex 63.8318 33.7222 55.7778
    endloop
  endfacet
  facet normal -0.043388 0.716482 0.696255
    outer loop
      vertex 49.2037 33.7222 55.7778
      vertex 49.2361 33.7917 55.7083
      vertex 24.618 32.3009 55.7083
    endloop
  endfacet
  facet normal -0.0439896 0.72745 0.684749
    outer loop
      vertex 49.2037 33.7222 55.7778
      vertex 24.618 32.3009 55.7083
      vertex 24.6018 32.2345 55.7778
    endloop
  endfacet
  facet normal 0.0434371 0.717289 0.69542
    outer loop
      vertex 24.6018 32.2345 55.7778
      vertex 24.618 32.3009 55.7083
      vertex 0 33.7917 55.7083
    endloop
  endfacet
  facet normal 0.0427205 0.706461 0.706461
    outer loop
      vertex 24.6018 32.2345 55.7778
      vertex 0 33.7917 55.7083
      vertex 0 33.7222 55.7778
    endloop
  endfacet
  facet normal -0.0434371 0.717289 0.69542
    outer loop
      vertex -24.6018 32.2345 55.7778
      vertex 0 33.7917 55.7083
      vertex -24.618 32.3009 55.7083
    endloop
  endfacet
  facet normal -0.0427205 0.706461 0.706461
    outer loop
      vertex 0 33.7222 55.7778
      vertex 0 33.7917 55.7083
      vertex -24.6018 32.2345 55.7778
    endloop
  endfacet
  facet normal 0.043388 0.716482 0.696255
    outer loop
      vertex -49.2037 33.7222 55.7778
      vertex -24.618 32.3009 55.7083
      vertex -49.2361 33.7917 55.7083
    endloop
  endfacet
  facet normal 0.0439896 0.72745 0.684749
    outer loop
      vertex -24.6018 32.2345 55.7778
      vertex -24.618 32.3009 55.7083
      vertex -49.2037 33.7222 55.7778
    endloop
  endfacet
  facet normal -0.46624 0.468187 0.750614
    outer loop
      vertex -63.8318 33.7222 55.7778
      vertex -63.8739 33.7917 55.7083
      vertex -73.8542 23.8529 55.7083
    endloop
  endfacet
  facet normal -0.500349 0.503149 0.704622
    outer loop
      vertex -73.8056 23.8039 55.7778
      vertex -63.8318 33.7222 55.7778
      vertex -73.8542 23.8529 55.7083
    endloop
  endfacet
  facet normal -0.819509 0 0.573067
    outer loop
      vertex -73.8542 0 55.7083
      vertex -73.8056 23.8039 55.7778
      vertex -73.8542 23.8529 55.7083
    endloop
  endfacet
  facet normal -0.819509 0 0.573067
    outer loop
      vertex -73.8056 23.8039 55.7778
      vertex -73.8542 0 55.7083
      vertex -73.8056 0 55.7778
    endloop
  endfacet
  facet normal 0.819509 0 0.573067
    outer loop
      vertex 73.8542 0 55.7083
      vertex 73.8056 23.8039 55.7778
      vertex 73.8056 0 55.7778
    endloop
  endfacet
  facet normal 0.819509 0 0.573067
    outer loop
      vertex 73.8056 23.8039 55.7778
      vertex 73.8542 0 55.7083
      vertex 73.8542 23.8529 55.7083
    endloop
  endfacet
  facet normal 0.465956 0.468564 0.750555
    outer loop
      vertex 73.8056 23.8039 55.7778
      vertex 63.8318 33.7222 55.7778
      vertex 63.7898 33.6528 55.8472
    endloop
  endfacet
  facet normal 0.499389 0.50288 0.705495
    outer loop
      vertex 73.7569 23.7549 55.8472
      vertex 73.8056 23.8039 55.7778
      vertex 63.7898 33.6528 55.8472
    endloop
  endfacet
  facet normal -0.0433265 0.716484 0.696257
    outer loop
      vertex 49.1713 33.6528 55.8472
      vertex 49.2037 33.7222 55.7778
      vertex 24.6018 32.2345 55.7778
    endloop
  endfacet
  facet normal -0.0438998 0.726954 0.685282
    outer loop
      vertex 49.1713 33.6528 55.8472
      vertex 24.6018 32.2345 55.7778
      vertex 24.5856 32.1681 55.8472
    endloop
  endfacet
  facet normal 0.0433457 0.716799 0.695931
    outer loop
      vertex 24.5856 32.1681 55.8472
      vertex 24.6018 32.2345 55.7778
      vertex 0 33.7222 55.7778
    endloop
  endfacet
  facet normal 0.0426626 0.706463 0.706463
    outer loop
      vertex 24.5856 32.1681 55.8472
      vertex 0 33.7222 55.7778
      vertex 0 33.6528 55.8472
    endloop
  endfacet
  facet normal -0.0433457 0.716799 0.695931
    outer loop
      vertex -24.5856 32.1681 55.8472
      vertex 0 33.7222 55.7778
      vertex -24.6018 32.2345 55.7778
    endloop
  endfacet
  facet normal -0.0426626 0.706463 0.706463
    outer loop
      vertex 0 33.6528 55.8472
      vertex 0 33.7222 55.7778
      vertex -24.5856 32.1681 55.8472
    endloop
  endfacet
  facet normal 0.0433265 0.716484 0.696257
    outer loop
      vertex -49.1713 33.6528 55.8472
      vertex -24.6018 32.2345 55.7778
      vertex -49.2037 33.7222 55.7778
    endloop
  endfacet
  facet normal 0.0438998 0.726954 0.685282
    outer loop
      vertex -24.5856 32.1681 55.8472
      vertex -24.6018 32.2345 55.7778
      vertex -49.1713 33.6528 55.8472
    endloop
  endfacet
  facet normal -0.465956 0.468564 0.750555
    outer loop
      vertex -63.7898 33.6528 55.8472
      vertex -63.8318 33.7222 55.7778
      vertex -73.8056 23.8039 55.7778
    endloop
  endfacet
  facet normal -0.499389 0.50288 0.705495
    outer loop
      vertex -73.7569 23.7549 55.8472
      vertex -63.7898 33.6528 55.8472
      vertex -73.8056 23.8039 55.7778
    endloop
  endfacet
  facet normal -0.818566 0 0.574412
    outer loop
      vertex -73.8056 0 55.7778
      vertex -73.7569 23.7549 55.8472
      vertex -73.8056 23.8039 55.7778
    endloop
  endfacet
  facet normal -0.818566 0 0.574412
    outer loop
      vertex -73.7569 23.7549 55.8472
      vertex -73.8056 0 55.7778
      vertex -73.7569 0 55.8472
    endloop
  endfacet
  facet normal 0.818566 0 0.574412
    outer loop
      vertex 73.8056 0 55.7778
      vertex 73.7569 23.7549 55.8472
      vertex 73.7569 0 55.8472
    endloop
  endfacet
  facet normal 0.818566 0 0.574412
    outer loop
      vertex 73.7569 23.7549 55.8472
      vertex 73.8056 0 55.7778
      vertex 73.8056 23.8039 55.7778
    endloop
  endfacet
  facet normal 0.465495 0.468749 0.750725
    outer loop
      vertex 73.7569 23.7549 55.8472
      vertex 63.7898 33.6528 55.8472
      vertex 63.7477 33.5833 55.9167
    endloop
  endfacet
  facet normal 0.499642 0.50385 0.704622
    outer loop
      vertex 73.7083 23.7059 55.9167
      vertex 73.7569 23.7549 55.8472
      vertex 63.7477 33.5833 55.9167
    endloop
  endfacet
  facet normal -0.043266 0.716458 0.696288
    outer loop
      vertex 49.1389 33.5833 55.9167
      vertex 49.1713 33.6528 55.8472
      vertex 24.5856 32.1681 55.8472
    endloop
  endfacet
  facet normal -0.0438664 0.72744 0.684768
    outer loop
      vertex 49.1389 33.5833 55.9167
      vertex 24.5856 32.1681 55.8472
      vertex 24.5694 32.1017 55.9167
    endloop
  endfacet
  facet normal 0.0433175 0.717307 0.695409
    outer loop
      vertex 24.5694 32.1017 55.9167
      vertex 24.5856 32.1681 55.8472
      vertex 0 33.6528 55.8472
    endloop
  endfacet
  facet normal 0.0426017 0.706465 0.706465
    outer loop
      vertex 24.5694 32.1017 55.9167
      vertex 0 33.6528 55.8472
      vertex 0 33.5833 55.9167
    endloop
  endfacet
  facet normal -0.0433175 0.717307 0.695409
    outer loop
      vertex -24.5694 32.1017 55.9167
      vertex 0 33.6528 55.8472
      vertex -24.5856 32.1681 55.8472
    endloop
  endfacet
  facet normal -0.0426017 0.706465 0.706465
    outer loop
      vertex 0 33.5833 55.9167
      vertex 0 33.6528 55.8472
      vertex -24.5694 32.1017 55.9167
    endloop
  endfacet
  facet normal 0.043266 0.716458 0.696288
    outer loop
      vertex -49.1389 33.5833 55.9167
      vertex -24.5856 32.1681 55.8472
      vertex -49.1713 33.6528 55.8472
    endloop
  endfacet
  facet normal 0.0438664 0.72744 0.684768
    outer loop
      vertex -24.5694 32.1017 55.9167
      vertex -24.5856 32.1681 55.8472
      vertex -49.1389 33.5833 55.9167
    endloop
  endfacet
  facet normal -0.465495 0.468749 0.750725
    outer loop
      vertex -63.7477 33.5833 55.9167
      vertex -63.7898 33.6528 55.8472
      vertex -73.7569 23.7549 55.8472
    endloop
  endfacet
  facet normal -0.499642 0.50385 0.704622
    outer loop
      vertex -73.7083 23.7059 55.9167
      vertex -63.7477 33.5833 55.9167
      vertex -73.7569 23.7549 55.8472
    endloop
  endfacet
  facet normal -0.819509 0 0.573067
    outer loop
      vertex -73.7569 0 55.8472
      vertex -73.7083 23.7059 55.9167
      vertex -73.7569 23.7549 55.8472
    endloop
  endfacet
  facet normal -0.819509 0 0.573067
    outer loop
      vertex -73.7083 23.7059 55.9167
      vertex -73.7569 0 55.8472
      vertex -73.7083 0 55.9167
    endloop
  endfacet
  facet normal 0.819509 0 0.573067
    outer loop
      vertex 73.7569 0 55.8472
      vertex 73.7083 23.7059 55.9167
      vertex 73.7083 0 55.9167
    endloop
  endfacet
  facet normal 0.819509 0 0.573067
    outer loop
      vertex 73.7083 23.7059 55.9167
      vertex 73.7569 0 55.8472
      vertex 73.7569 23.7549 55.8472
    endloop
  endfacet
  facet normal 0.465209 0.469128 0.750666
    outer loop
      vertex 73.7083 23.7059 55.9167
      vertex 63.7477 33.5833 55.9167
      vertex 63.7057 33.5139 55.9861
    endloop
  endfacet
  facet normal 0.498931 0.503841 0.705133
    outer loop
      vertex 73.6597 23.6569 55.9861
      vertex 73.7083 23.7059 55.9167
      vertex 63.7057 33.5139 55.9861
    endloop
  endfacet
  facet normal -0.0432042 0.71646 0.696289
    outer loop
      vertex 49.1065 33.5139 55.9861
      vertex 49.1389 33.5833 55.9167
      vertex 24.5694 32.1017 55.9167
    endloop
  endfacet
  facet normal -0.0437765 0.726943 0.685301
    outer loop
      vertex 49.1065 33.5139 55.9861
      vertex 24.5694 32.1017 55.9167
      vertex 24.5532 32.0353 55.9861
    endloop
  endfacet
  facet normal 0.0432259 0.716817 0.695921
    outer loop
      vertex 24.5532 32.0353 55.9861
      vertex 24.5694 32.1017 55.9167
      vertex 0 33.5833 55.9167
    endloop
  endfacet
  facet normal 0.0425436 0.706467 0.706467
    outer loop
      vertex 24.5532 32.0353 55.9861
      vertex 0 33.5833 55.9167
      vertex 0 33.5139 55.9861
    endloop
  endfacet
  facet normal -0.0432259 0.716817 0.695921
    outer loop
      vertex -24.5532 32.0353 55.9861
      vertex 0 33.5833 55.9167
      vertex -24.5694 32.1017 55.9167
    endloop
  endfacet
  facet normal -0.0425436 0.706467 0.706467
    outer loop
      vertex 0 33.5139 55.9861
      vertex 0 33.5833 55.9167
      vertex -24.5532 32.0353 55.9861
    endloop
  endfacet
  facet normal 0.0432042 0.71646 0.696289
    outer loop
      vertex -49.1065 33.5139 55.9861
      vertex -24.5694 32.1017 55.9167
      vertex -49.1389 33.5833 55.9167
    endloop
  endfacet
  facet normal 0.0437765 0.726943 0.685301
    outer loop
      vertex -24.5532 32.0353 55.9861
      vertex -24.5694 32.1017 55.9167
      vertex -49.1065 33.5139 55.9861
    endloop
  endfacet
  facet normal -0.465209 0.469128 0.750666
    outer loop
      vertex -63.7057 33.5139 55.9861
      vertex -63.7477 33.5833 55.9167
      vertex -73.7083 23.7059 55.9167
    endloop
  endfacet
  facet normal -0.498931 0.503841 0.705133
    outer loop
      vertex -73.6597 23.6569 55.9861
      vertex -63.7057 33.5139 55.9861
      vertex -73.7083 23.7059 55.9167
    endloop
  endfacet
  facet normal -0.819121 0 0.573621
    outer loop
      vertex -73.7083 0 55.9167
      vertex -73.6597 23.6569 55.9861
      vertex -73.7083 23.7059 55.9167
    endloop
  endfacet
  facet normal -0.819121 0 0.573621
    outer loop
      vertex -73.6597 23.6569 55.9861
      vertex -73.7083 0 55.9167
      vertex -73.6597 0 55.9861
    endloop
  endfacet
  facet normal 0.819121 0 0.573621
    outer loop
      vertex 73.7083 0 55.9167
      vertex 73.6597 23.6569 55.9861
      vertex 73.6597 0 55.9861
    endloop
  endfacet
  facet normal 0.819121 0 0.573621
    outer loop
      vertex 73.6597 23.6569 55.9861
      vertex 73.7083 0 55.9167
      vertex 73.7083 23.7059 55.9167
    endloop
  endfacet
  facet normal 0.464976 0.469552 0.750545
    outer loop
      vertex 73.6597 23.6569 55.9861
      vertex 63.7057 33.5139 55.9861
      vertex 63.6637 33.4444 56.0556
    endloop
  endfacet
  facet normal 0.498678 0.504295 0.704987
    outer loop
      vertex 73.6111 23.6078 56.0556
      vertex 73.6597 23.6569 55.9861
      vertex 63.6637 33.4444 56.0556
    endloop
  endfacet
  facet normal 0 0.707107 0.707107
    outer loop
      vertex 49.3009 33.9306 55.5694
      vertex 63.6637 33.4444 56.0556
      vertex 63.7057 33.5139 55.9861
    endloop
  endfacet
  facet normal 0 0.707107 0.707107
    outer loop
      vertex 63.6637 33.4444 56.0556
      vertex 49.1065 33.5139 55.9861
      vertex 49.0741 33.4444 56.0556
    endloop
  endfacet
  facet normal 0 0.707107 0.707107
    outer loop
      vertex 49.3009 33.9306 55.5694
      vertex 63.7057 33.5139 55.9861
      vertex 63.7477 33.5833 55.9167
    endloop
  endfacet
  facet normal 0 0.707107 0.707107
    outer loop
      vertex 63.6637 33.4444 56.0556
      vertex 49.1389 33.5833 55.9167
      vertex 49.1065 33.5139 55.9861
    endloop
  endfacet
  facet normal 0 0.707107 0.707107
    outer loop
      vertex 49.3009 33.9306 55.5694
      vertex 63.7477 33.5833 55.9167
      vertex 63.7898 33.6528 55.8472
    endloop
  endfacet
  facet normal 0 0.707107 0.707107
    outer loop
      vertex 63.6637 33.4444 56.0556
      vertex 49.1713 33.6528 55.8472
      vertex 49.1389 33.5833 55.9167
    endloop
  endfacet
  facet normal 0 0.707107 0.707107
    outer loop
      vertex 49.3009 33.9306 55.5694
      vertex 63.7898 33.6528 55.8472
      vertex 63.8318 33.7222 55.7778
    endloop
  endfacet
  facet normal 0 0.707107 0.707107
    outer loop
      vertex 63.6637 33.4444 56.0556
      vertex 49.2037 33.7222 55.7778
      vertex 49.1713 33.6528 55.8472
    endloop
  endfacet
  facet normal 0 0.707107 0.707107
    outer loop
      vertex 49.3009 33.9306 55.5694
      vertex 63.8318 33.7222 55.7778
      vertex 63.8739 33.7917 55.7083
    endloop
  endfacet
  facet normal 0 0.707107 0.707107
    outer loop
      vertex 63.6637 33.4444 56.0556
      vertex 49.2361 33.7917 55.7083
      vertex 49.2037 33.7222 55.7778
    endloop
  endfacet
  facet normal 0 0.707107 0.707107
    outer loop
      vertex 49.3009 33.9306 55.5694
      vertex 63.8739 33.7917 55.7083
      vertex 63.9159 33.8611 55.6389
    endloop
  endfacet
  facet normal 0 0.707107 0.707107
    outer loop
      vertex 63.6637 33.4444 56.0556
      vertex 49.2685 33.8611 55.6389
      vertex 49.2361 33.7917 55.7083
    endloop
  endfacet
  facet normal -0 0.707107 0.707107
    outer loop
      vertex 49.3009 33.9306 55.5694
      vertex 63.9159 33.8611 55.6389
      vertex 63.958 33.9306 55.5694
    endloop
  endfacet
  facet normal 0 0.707107 0.707107
    outer loop
      vertex 63.6637 33.4444 56.0556
      vertex 49.3009 33.9306 55.5694
      vertex 49.2685 33.8611 55.6389
    endloop
  endfacet
  facet normal -0.0431436 0.716433 0.69632
    outer loop
      vertex 49.0741 33.4444 56.0556
      vertex 49.1065 33.5139 55.9861
      vertex 24.5532 32.0353 55.9861
    endloop
  endfacet
  facet normal -0.0437712 0.727951 0.684231
    outer loop
      vertex 49.0741 33.4444 56.0556
      vertex 24.5532 32.0353 55.9861
      vertex 24.537 31.969 56.0556
    endloop
  endfacet
  facet normal 0.0432285 0.71784 0.694865
    outer loop
      vertex 24.537 31.969 56.0556
      vertex 24.5532 32.0353 55.9861
      vertex 0 33.5139 55.9861
    endloop
  endfacet
  facet normal 0.0424797 0.706468 0.706468
    outer loop
      vertex 24.537 31.969 56.0556
      vertex 0 33.5139 55.9861
      vertex 0 33.4444 56.0556
    endloop
  endfacet
  facet normal -0.0432285 0.71784 0.694865
    outer loop
      vertex -24.537 31.969 56.0556
      vertex 0 33.5139 55.9861
      vertex -24.5532 32.0353 55.9861
    endloop
  endfacet
  facet normal -0.0424797 0.706468 0.706468
    outer loop
      vertex 0 33.4444 56.0556
      vertex 0 33.5139 55.9861
      vertex -24.537 31.969 56.0556
    endloop
  endfacet
  facet normal 0.0431436 0.716433 0.69632
    outer loop
      vertex -49.0741 33.4444 56.0556
      vertex -24.5532 32.0353 55.9861
      vertex -49.1065 33.5139 55.9861
    endloop
  endfacet
  facet normal 0.0437712 0.727951 0.684231
    outer loop
      vertex -24.537 31.969 56.0556
      vertex -24.5532 32.0353 55.9861
      vertex -49.0741 33.4444 56.0556
    endloop
  endfacet
  facet normal -0.464976 0.469552 0.750545
    outer loop
      vertex -63.6637 33.4444 56.0556
      vertex -63.7057 33.5139 55.9861
      vertex -73.6597 23.6569 55.9861
    endloop
  endfacet
  facet normal -0.498678 0.504295 0.704987
    outer loop
      vertex -73.6111 23.6078 56.0556
      vertex -63.6637 33.4444 56.0556
      vertex -73.6597 23.6569 55.9861
    endloop
  endfacet
  facet normal 0.284541 -0.677878 -0.677878
    outer loop
      vertex -73.6597 23.6569 55.9861
      vertex -73.5625 23.5588 56.125
      vertex -73.6111 23.6078 56.0556
    endloop
  endfacet
  facet normal -0.819315 0 0.573344
    outer loop
      vertex -73.6597 0 55.9861
      vertex -73.5625 23.5588 56.125
      vertex -73.6597 23.6569 55.9861
    endloop
  endfacet
  facet normal -0.819315 0 0.573344
    outer loop
      vertex -73.5625 23.5588 56.125
      vertex -73.6597 0 55.9861
      vertex -73.5625 0 56.125
    endloop
  endfacet
  facet normal 0.464227 0.469456 0.751069
    outer loop
      vertex 73.6111 23.6078 56.0556
      vertex 63.6637 33.4444 56.0556
      vertex 63.6216 33.375 56.125
    endloop
  endfacet
  facet normal 0.498218 0.504547 0.705132
    outer loop
      vertex 73.5625 23.5588 56.125
      vertex 73.6111 23.6078 56.0556
      vertex 63.6216 33.375 56.125
    endloop
  endfacet
  facet normal -0 0.707107 0.707107
    outer loop
      vertex 49.0741 33.4444 56.0556
      vertex 63.6216 33.375 56.125
      vertex 63.6637 33.4444 56.0556
    endloop
  endfacet
  facet normal 0 0.707107 0.707107
    outer loop
      vertex 63.6216 33.375 56.125
      vertex 49.0741 33.4444 56.0556
      vertex 49.0417 33.375 56.125
    endloop
  endfacet
  facet normal -0.0430788 0.716435 0.696323
    outer loop
      vertex 49.0417 33.375 56.125
      vertex 49.0741 33.4444 56.0556
      vertex 24.537 31.969 56.0556
    endloop
  endfacet
  facet normal -0.0436499 0.726933 0.68532
    outer loop
      vertex 49.0417 33.375 56.125
      vertex 24.537 31.969 56.0556
      vertex 24.5208 31.9026 56.125
    endloop
  endfacet
  facet normal 0.043103 0.716835 0.695909
    outer loop
      vertex 24.5208 31.9026 56.125
      vertex 24.537 31.969 56.0556
      vertex 0 33.4444 56.0556
    endloop
  endfacet
  facet normal 0.0424214 0.70647 0.70647
    outer loop
      vertex 24.5208 31.9026 56.125
      vertex 0 33.4444 56.0556
      vertex 0 33.375 56.125
    endloop
  endfacet
  facet normal -0.043103 0.716835 0.695909
    outer loop
      vertex -24.5208 31.9026 56.125
      vertex 0 33.4444 56.0556
      vertex -24.537 31.969 56.0556
    endloop
  endfacet
  facet normal -0.0424214 0.70647 0.70647
    outer loop
      vertex 0 33.375 56.125
      vertex 0 33.4444 56.0556
      vertex -24.5208 31.9026 56.125
    endloop
  endfacet
  facet normal 0.0430788 0.716435 0.696323
    outer loop
      vertex -49.0417 33.375 56.125
      vertex -24.537 31.969 56.0556
      vertex -49.0741 33.4444 56.0556
    endloop
  endfacet
  facet normal 0.0436499 0.726933 0.68532
    outer loop
      vertex -24.5208 31.9026 56.125
      vertex -24.537 31.969 56.0556
      vertex -49.0417 33.375 56.125
    endloop
  endfacet
  facet normal 0 0.707107 0.707107
    outer loop
      vertex -49.0741 33.4444 56.0556
      vertex -63.6216 33.375 56.125
      vertex -49.0417 33.375 56.125
    endloop
  endfacet
  facet normal 0 0.707107 0.707107
    outer loop
      vertex -63.6216 33.375 56.125
      vertex -49.0741 33.4444 56.0556
      vertex -63.6637 33.4444 56.0556
    endloop
  endfacet
  facet normal -0.464227 0.469456 0.751069
    outer loop
      vertex -63.6216 33.375 56.125
      vertex -63.6637 33.4444 56.0556
      vertex -73.6111 23.6078 56.0556
    endloop
  endfacet
  facet normal -0.498218 0.504547 0.705132
    outer loop
      vertex -73.5625 23.5588 56.125
      vertex -63.6216 33.375 56.125
      vertex -73.6111 23.6078 56.0556
    endloop
  endfacet
  facet normal -0.284541 -0.677878 -0.677878
    outer loop
      vertex 73.5625 23.5588 56.125
      vertex 73.6597 23.6569 55.9861
      vertex 73.6111 23.6078 56.0556
    endloop
  endfacet
  facet normal 0.819315 0 0.573344
    outer loop
      vertex 73.6597 0 55.9861
      vertex 73.5625 23.5588 56.125
      vertex 73.5625 0 56.125
    endloop
  endfacet
  facet normal 0.819315 0 0.573344
    outer loop
      vertex 73.5625 23.5588 56.125
      vertex 73.6597 0 55.9861
      vertex 73.6597 23.6569 55.9861
    endloop
  endfacet
  facet normal 0.464081 0.469977 0.750833
    outer loop
      vertex 73.5625 23.5588 56.125
      vertex 63.6216 33.375 56.125
      vertex 63.5796 33.3056 56.1944
    endloop
  endfacet
  facet normal 0.497861 0.5049 0.705132
    outer loop
      vertex 73.5139 23.5098 56.1944
      vertex 73.5625 23.5588 56.125
      vertex 63.5796 33.3056 56.1944
    endloop
  endfacet
  facet normal -0 0.707107 0.707107
    outer loop
      vertex 49.0417 33.375 56.125
      vertex 63.5796 33.3056 56.1944
      vertex 63.6216 33.375 56.125
    endloop
  endfacet
  facet normal 0 0.707107 0.707107
    outer loop
      vertex 63.5796 33.3056 56.1944
      vertex 49.0417 33.375 56.125
      vertex 49.0093 33.3056 56.1944
    endloop
  endfacet
  facet normal -0.0430188 0.716423 0.696339
    outer loop
      vertex 49.0093 33.3056 56.1944
      vertex 49.0417 33.375 56.125
      vertex 24.5208 31.9026 56.125
    endloop
  endfacet
  facet normal -0.0435895 0.726928 0.685329
    outer loop
      vertex 49.0093 33.3056 56.1944
      vertex 24.5208 31.9026 56.125
      vertex 24.5046 31.8362 56.1944
    endloop
  endfacet
  facet normal 0.0430443 0.716844 0.695904
    outer loop
      vertex 24.5046 31.8362 56.1944
      vertex 24.5208 31.9026 56.125
      vertex 0 33.375 56.125
    endloop
  endfacet
  facet normal 0.0423631 0.706472 0.706472
    outer loop
      vertex 24.5046 31.8362 56.1944
      vertex 0 33.375 56.125
      vertex 0 33.3056 56.1944
    endloop
  endfacet
  facet normal -0.0430443 0.716844 0.695904
    outer loop
      vertex -24.5046 31.8362 56.1944
      vertex 0 33.375 56.125
      vertex -24.5208 31.9026 56.125
    endloop
  endfacet
  facet normal -0.0423631 0.706472 0.706472
    outer loop
      vertex 0 33.3056 56.1944
      vertex 0 33.375 56.125
      vertex -24.5046 31.8362 56.1944
    endloop
  endfacet
  facet normal 0.0430188 0.716423 0.696339
    outer loop
      vertex -49.0093 33.3056 56.1944
      vertex -24.5208 31.9026 56.125
      vertex -49.0417 33.375 56.125
    endloop
  endfacet
  facet normal 0.0435895 0.726928 0.685329
    outer loop
      vertex -24.5046 31.8362 56.1944
      vertex -24.5208 31.9026 56.125
      vertex -49.0093 33.3056 56.1944
    endloop
  endfacet
  facet normal 0 0.707107 0.707107
    outer loop
      vertex -49.0417 33.375 56.125
      vertex -63.5796 33.3056 56.1944
      vertex -49.0093 33.3056 56.1944
    endloop
  endfacet
  facet normal 0 0.707107 0.707107
    outer loop
      vertex -63.5796 33.3056 56.1944
      vertex -49.0417 33.375 56.125
      vertex -63.6216 33.375 56.125
    endloop
  endfacet
  facet normal -0.464081 0.469977 0.750833
    outer loop
      vertex -63.5796 33.3056 56.1944
      vertex -63.6216 33.375 56.125
      vertex -73.5625 23.5588 56.125
    endloop
  endfacet
  facet normal -0.497861 0.5049 0.705132
    outer loop
      vertex -73.5139 23.5098 56.1944
      vertex -63.5796 33.3056 56.1944
      vertex -73.5625 23.5588 56.125
    endloop
  endfacet
  facet normal -0.819121 0 0.573621
    outer loop
      vertex -73.5625 0 56.125
      vertex -73.5139 23.5098 56.1944
      vertex -73.5625 23.5588 56.125
    endloop
  endfacet
  facet normal -0.819121 0 0.573621
    outer loop
      vertex -73.5139 23.5098 56.1944
      vertex -73.5625 0 56.125
      vertex -73.5139 0 56.1944
    endloop
  endfacet
  facet normal 0.819121 0 0.573621
    outer loop
      vertex 73.5625 0 56.125
      vertex 73.5139 23.5098 56.1944
      vertex 73.5139 0 56.1944
    endloop
  endfacet
  facet normal 0.819121 0 0.573621
    outer loop
      vertex 73.5139 23.5098 56.1944
      vertex 73.5625 0 56.125
      vertex 73.5625 23.5588 56.125
    endloop
  endfacet
  facet normal 0.463613 0.470167 0.751003
    outer loop
      vertex 73.5139 23.5098 56.1944
      vertex 63.5796 33.3056 56.1944
      vertex 63.5375 33.2361 56.2639
    endloop
  endfacet
  facet normal 0.497854 0.505621 0.70462
    outer loop
      vertex 73.4653 23.4608 56.2639
      vertex 73.5139 23.5098 56.1944
      vertex 63.5375 33.2361 56.2639
    endloop
  endfacet
  facet normal -0.0429598 0.716427 0.696338
    outer loop
      vertex 48.9768 33.2361 56.2639
      vertex 49.0093 33.3056 56.1944
      vertex 24.5046 31.8362 56.1944
    endloop
  endfacet
  facet normal -0.0435556 0.727414 0.684815
    outer loop
      vertex 48.9768 33.2361 56.2639
      vertex 24.5046 31.8362 56.1944
      vertex 24.4884 31.7698 56.2639
    endloop
  endfacet
  facet normal 0.0430155 0.717352 0.695382
    outer loop
      vertex 24.4884 31.7698 56.2639
      vertex 24.5046 31.8362 56.1944
      vertex 0 33.3056 56.1944
    endloop
  endfacet
  facet normal 0.0423018 0.706474 0.706474
    outer loop
      vertex 24.4884 31.7698 56.2639
      vertex 0 33.3056 56.1944
      vertex 0 33.2361 56.2639
    endloop
  endfacet
  facet normal -0.0430155 0.717352 0.695382
    outer loop
      vertex -24.4884 31.7698 56.2639
      vertex 0 33.3056 56.1944
      vertex -24.5046 31.8362 56.1944
    endloop
  endfacet
  facet normal -0.0423018 0.706474 0.706474
    outer loop
      vertex 0 33.2361 56.2639
      vertex 0 33.3056 56.1944
      vertex -24.4884 31.7698 56.2639
    endloop
  endfacet
  facet normal 0.0429598 0.716427 0.696338
    outer loop
      vertex -48.9768 33.2361 56.2639
      vertex -24.5046 31.8362 56.1944
      vertex -49.0093 33.3056 56.1944
    endloop
  endfacet
  facet normal 0.0435556 0.727414 0.684815
    outer loop
      vertex -24.4884 31.7698 56.2639
      vertex -24.5046 31.8362 56.1944
      vertex -48.9768 33.2361 56.2639
    endloop
  endfacet
  facet normal 0 0.707107 0.707107
    outer loop
      vertex -48.8148 32.8889 56.6111
      vertex -63.2853 32.8194 56.6806
      vertex -48.7824 32.8194 56.6806
    endloop
  endfacet
  facet normal 0 0.707107 0.707107
    outer loop
      vertex -48.8472 32.9583 56.5417
      vertex -63.2853 32.8194 56.6806
      vertex -48.8148 32.8889 56.6111
    endloop
  endfacet
  facet normal 0 0.707107 0.707107
    outer loop
      vertex -48.8796 33.0278 56.4722
      vertex -63.2853 32.8194 56.6806
      vertex -48.8472 32.9583 56.5417
    endloop
  endfacet
  facet normal 0 0.707107 0.707107
    outer loop
      vertex -48.912 33.0972 56.4028
      vertex -63.2853 32.8194 56.6806
      vertex -48.8796 33.0278 56.4722
    endloop
  endfacet
  facet normal 0 0.707107 0.707107
    outer loop
      vertex -48.9444 33.1667 56.3333
      vertex -63.2853 32.8194 56.6806
      vertex -48.912 33.0972 56.4028
    endloop
  endfacet
  facet normal 0 0.707107 0.707107
    outer loop
      vertex -48.9768 33.2361 56.2639
      vertex -63.2853 32.8194 56.6806
      vertex -48.9444 33.1667 56.3333
    endloop
  endfacet
  facet normal 0 0.707107 0.707107
    outer loop
      vertex -49.0093 33.3056 56.1944
      vertex -63.2853 32.8194 56.6806
      vertex -48.9768 33.2361 56.2639
    endloop
  endfacet
  facet normal 0 0.707107 0.707107
    outer loop
      vertex -63.2853 32.8194 56.6806
      vertex -49.0093 33.3056 56.1944
      vertex -63.3273 32.8889 56.6111
    endloop
  endfacet
  facet normal 0 0.707107 0.707107
    outer loop
      vertex -63.3273 32.8889 56.6111
      vertex -49.0093 33.3056 56.1944
      vertex -63.3694 32.9583 56.5417
    endloop
  endfacet
  facet normal 0 0.707107 0.707107
    outer loop
      vertex -63.3694 32.9583 56.5417
      vertex -49.0093 33.3056 56.1944
      vertex -63.4114 33.0278 56.4722
    endloop
  endfacet
  facet normal 0 0.707107 0.707107
    outer loop
      vertex -63.4114 33.0278 56.4722
      vertex -49.0093 33.3056 56.1944
      vertex -63.4535 33.0972 56.4028
    endloop
  endfacet
  facet normal 0 0.707107 0.707107
    outer loop
      vertex -63.4535 33.0972 56.4028
      vertex -49.0093 33.3056 56.1944
      vertex -63.4955 33.1667 56.3333
    endloop
  endfacet
  facet normal 0 0.707107 0.707107
    outer loop
      vertex -63.4955 33.1667 56.3333
      vertex -49.0093 33.3056 56.1944
      vertex -63.5375 33.2361 56.2639
    endloop
  endfacet
  facet normal 0 0.707107 0.707107
    outer loop
      vertex -63.5375 33.2361 56.2639
      vertex -49.0093 33.3056 56.1944
      vertex -63.5796 33.3056 56.1944
    endloop
  endfacet
  facet normal -0.463613 0.470167 0.751003
    outer loop
      vertex -63.5375 33.2361 56.2639
      vertex -63.5796 33.3056 56.1944
      vertex -73.5139 23.5098 56.1944
    endloop
  endfacet
  facet normal -0.497854 0.505621 0.70462
    outer loop
      vertex -73.4653 23.4608 56.2639
      vertex -63.5375 33.2361 56.2639
      vertex -73.5139 23.5098 56.1944
    endloop
  endfacet
  facet normal -0.819509 0 0.573067
    outer loop
      vertex -73.5139 0 56.1944
      vertex -73.4653 23.4608 56.2639
      vertex -73.5139 23.5098 56.1944
    endloop
  endfacet
  facet normal -0.819509 0 0.573067
    outer loop
      vertex -73.4653 23.4608 56.2639
      vertex -73.5139 0 56.1944
      vertex -73.4653 0 56.2639
    endloop
  endfacet
  facet normal 0.819509 0 0.573067
    outer loop
      vertex 73.5139 0 56.1944
      vertex 73.4653 23.4608 56.2639
      vertex 73.4653 0 56.2639
    endloop
  endfacet
  facet normal 0.819509 0 0.573067
    outer loop
      vertex 73.4653 23.4608 56.2639
      vertex 73.5139 0 56.1944
      vertex 73.5139 23.5098 56.1944
    endloop
  endfacet
  facet normal 0.463321 0.470549 0.750945
    outer loop
      vertex 73.4653 23.4608 56.2639
      vertex 63.5375 33.2361 56.2639
      vertex 63.4955 33.1667 56.3333
    endloop
  endfacet
  facet normal 0.497139 0.505614 0.70513
    outer loop
      vertex 73.4167 23.4118 56.3333
      vertex 73.4653 23.4608 56.2639
      vertex 63.4955 33.1667 56.3333
    endloop
  endfacet
  facet normal -0.042896 0.716398 0.696372
    outer loop
      vertex 48.9444 33.1667 56.3333
      vertex 48.9768 33.2361 56.2639
      vertex 24.4884 31.7698 56.2639
    endloop
  endfacet
  facet normal -0.0434656 0.726917 0.685348
    outer loop
      vertex 48.9444 33.1667 56.3333
      vertex 24.4884 31.7698 56.2639
      vertex 24.4722 31.7034 56.3333
    endloop
  endfacet
  facet normal 0.0429238 0.716862 0.695893
    outer loop
      vertex 24.4722 31.7034 56.3333
      vertex 24.4884 31.7698 56.2639
      vertex 0 33.2361 56.2639
    endloop
  endfacet
  facet normal 0.0422433 0.706476 0.706476
    outer loop
      vertex 24.4722 31.7034 56.3333
      vertex 0 33.2361 56.2639
      vertex 0 33.1667 56.3333
    endloop
  endfacet
  facet normal -0.0429238 0.716862 0.695893
    outer loop
      vertex -24.4722 31.7034 56.3333
      vertex 0 33.2361 56.2639
      vertex -24.4884 31.7698 56.2639
    endloop
  endfacet
  facet normal -0.0422433 0.706476 0.706476
    outer loop
      vertex 0 33.1667 56.3333
      vertex 0 33.2361 56.2639
      vertex -24.4722 31.7034 56.3333
    endloop
  endfacet
  facet normal 0.042896 0.716398 0.696372
    outer loop
      vertex -48.9444 33.1667 56.3333
      vertex -24.4884 31.7698 56.2639
      vertex -48.9768 33.2361 56.2639
    endloop
  endfacet
  facet normal 0.0434656 0.726917 0.685348
    outer loop
      vertex -24.4722 31.7034 56.3333
      vertex -24.4884 31.7698 56.2639
      vertex -48.9444 33.1667 56.3333
    endloop
  endfacet
  facet normal -0.463321 0.470549 0.750945
    outer loop
      vertex -63.4955 33.1667 56.3333
      vertex -63.5375 33.2361 56.2639
      vertex -73.4653 23.4608 56.2639
    endloop
  endfacet
  facet normal -0.497139 0.505614 0.70513
    outer loop
      vertex -73.4167 23.4118 56.3333
      vertex -63.4955 33.1667 56.3333
      vertex -73.4653 23.4608 56.2639
    endloop
  endfacet
  facet normal -0.819121 0 0.573621
    outer loop
      vertex -73.4653 0 56.2639
      vertex -73.4167 23.4118 56.3333
      vertex -73.4653 23.4608 56.2639
    endloop
  endfacet
  facet normal -0.819121 0 0.573621
    outer loop
      vertex -73.4167 23.4118 56.3333
      vertex -73.4653 0 56.2639
      vertex -73.4167 0 56.3333
    endloop
  endfacet
  facet normal 0.819121 0 0.573621
    outer loop
      vertex 73.4653 0 56.2639
      vertex 73.4167 23.4118 56.3333
      vertex 73.4167 0 56.3333
    endloop
  endfacet
  facet normal 0.819121 0 0.573621
    outer loop
      vertex 73.4167 23.4118 56.3333
      vertex 73.4653 0 56.2639
      vertex 73.4653 23.4608 56.2639
    endloop
  endfacet
  facet normal 0.463082 0.470976 0.750824
    outer loop
      vertex 73.4167 23.4118 56.3333
      vertex 63.4955 33.1667 56.3333
      vertex 63.4535 33.0972 56.4028
    endloop
  endfacet
  facet normal 0.496879 0.506072 0.704984
    outer loop
      vertex 73.3681 23.3627 56.4028
      vertex 73.4167 23.4118 56.3333
      vertex 63.4535 33.0972 56.4028
    endloop
  endfacet
  facet normal -0.042835 0.716372 0.696403
    outer loop
      vertex 48.912 33.0972 56.4028
      vertex 48.9444 33.1667 56.3333
      vertex 24.4722 31.7034 56.3333
    endloop
  endfacet
  facet normal -0.0434594 0.727925 0.684279
    outer loop
      vertex 48.912 33.0972 56.4028
      vertex 24.4722 31.7034 56.3333
      vertex 24.456 31.6371 56.4028
    endloop
  endfacet
  facet normal 0.0429255 0.717885 0.694837
    outer loop
      vertex 24.456 31.6371 56.4028
      vertex 24.4722 31.7034 56.3333
      vertex 0 33.1667 56.3333
    endloop
  endfacet
  facet normal 0.0421789 0.706478 0.706478
    outer loop
      vertex 24.456 31.6371 56.4028
      vertex 0 33.1667 56.3333
      vertex 0 33.0972 56.4028
    endloop
  endfacet
  facet normal -0.0429255 0.717885 0.694837
    outer loop
      vertex -24.456 31.6371 56.4028
      vertex 0 33.1667 56.3333
      vertex -24.4722 31.7034 56.3333
    endloop
  endfacet
  facet normal -0.0421789 0.706478 0.706478
    outer loop
      vertex 0 33.0972 56.4028
      vertex 0 33.1667 56.3333
      vertex -24.456 31.6371 56.4028
    endloop
  endfacet
  facet normal 0.042835 0.716372 0.696403
    outer loop
      vertex -48.912 33.0972 56.4028
      vertex -24.4722 31.7034 56.3333
      vertex -48.9444 33.1667 56.3333
    endloop
  endfacet
  facet normal 0.0434594 0.727925 0.684279
    outer loop
      vertex -24.456 31.6371 56.4028
      vertex -24.4722 31.7034 56.3333
      vertex -48.912 33.0972 56.4028
    endloop
  endfacet
  facet normal -0.463082 0.470976 0.750824
    outer loop
      vertex -63.4535 33.0972 56.4028
      vertex -63.4955 33.1667 56.3333
      vertex -73.4167 23.4118 56.3333
    endloop
  endfacet
  facet normal -0.496879 0.506072 0.704984
    outer loop
      vertex -73.3681 23.3627 56.4028
      vertex -63.4535 33.0972 56.4028
      vertex -73.4167 23.4118 56.3333
    endloop
  endfacet
  facet normal -0.819509 0 0.573067
    outer loop
      vertex -73.4167 0 56.3333
      vertex -73.3681 23.3627 56.4028
      vertex -73.4167 23.4118 56.3333
    endloop
  endfacet
  facet normal -0.819509 0 0.573067
    outer loop
      vertex -73.3681 23.3627 56.4028
      vertex -73.4167 0 56.3333
      vertex -73.3681 0 56.4028
    endloop
  endfacet
  facet normal 0.819509 0 0.573067
    outer loop
      vertex 73.4167 0 56.3333
      vertex 73.3681 23.3627 56.4028
      vertex 73.3681 0 56.4028
    endloop
  endfacet
  facet normal 0.819509 0 0.573067
    outer loop
      vertex 73.3681 23.3627 56.4028
      vertex 73.4167 0 56.3333
      vertex 73.4167 23.4118 56.3333
    endloop
  endfacet
  facet normal 0.46233 0.470883 0.751346
    outer loop
      vertex 73.3681 23.3627 56.4028
      vertex 63.4535 33.0972 56.4028
      vertex 63.4114 33.0278 56.4722
    endloop
  endfacet
  facet normal 0.496167 0.50607 0.705487
    outer loop
      vertex 73.3194 23.3137 56.4722
      vertex 73.3681 23.3627 56.4028
      vertex 63.4114 33.0278 56.4722
    endloop
  endfacet
  facet normal -0.0427697 0.716373 0.696405
    outer loop
      vertex 48.8796 33.0278 56.4722
      vertex 48.912 33.0972 56.4028
      vertex 24.456 31.6371 56.4028
    endloop
  endfacet
  facet normal -0.0433381 0.726906 0.685368
    outer loop
      vertex 48.8796 33.0278 56.4722
      vertex 24.456 31.6371 56.4028
      vertex 24.4398 31.5707 56.4722
    endloop
  endfacet
  facet normal 0.0428 0.71688 0.695882
    outer loop
      vertex 24.4398 31.5707 56.4722
      vertex 24.456 31.6371 56.4028
      vertex 0 33.0972 56.4028
    endloop
  endfacet
  facet normal 0.0421203 0.706479 0.706479
    outer loop
      vertex 24.4398 31.5707 56.4722
      vertex 0 33.0972 56.4028
      vertex 0 33.0278 56.4722
    endloop
  endfacet
  facet normal -0.0428 0.71688 0.695882
    outer loop
      vertex -24.4398 31.5707 56.4722
      vertex 0 33.0972 56.4028
      vertex -24.456 31.6371 56.4028
    endloop
  endfacet
  facet normal -0.0421203 0.706479 0.706479
    outer loop
      vertex 0 33.0278 56.4722
      vertex 0 33.0972 56.4028
      vertex -24.4398 31.5707 56.4722
    endloop
  endfacet
  facet normal 0.0427697 0.716373 0.696405
    outer loop
      vertex -48.8796 33.0278 56.4722
      vertex -24.456 31.6371 56.4028
      vertex -48.912 33.0972 56.4028
    endloop
  endfacet
  facet normal 0.0433381 0.726906 0.685368
    outer loop
      vertex -24.4398 31.5707 56.4722
      vertex -24.456 31.6371 56.4028
      vertex -48.8796 33.0278 56.4722
    endloop
  endfacet
  facet normal -0.46233 0.470883 0.751346
    outer loop
      vertex -63.4114 33.0278 56.4722
      vertex -63.4535 33.0972 56.4028
      vertex -73.3681 23.3627 56.4028
    endloop
  endfacet
  facet normal -0.496167 0.50607 0.705487
    outer loop
      vertex -73.3194 23.3137 56.4722
      vertex -63.4114 33.0278 56.4722
      vertex -73.3681 23.3627 56.4028
    endloop
  endfacet
  facet normal -0.818566 0 0.574412
    outer loop
      vertex -73.3681 0 56.4028
      vertex -73.3194 23.3137 56.4722
      vertex -73.3681 23.3627 56.4028
    endloop
  endfacet
  facet normal -0.818566 0 0.574412
    outer loop
      vertex -73.3194 23.3137 56.4722
      vertex -73.3681 0 56.4028
      vertex -73.3194 0 56.4722
    endloop
  endfacet
  facet normal 0.818566 0 0.574412
    outer loop
      vertex 73.3681 0 56.4028
      vertex 73.3194 23.3137 56.4722
      vertex 73.3194 0 56.4722
    endloop
  endfacet
  facet normal 0.818566 0 0.574412
    outer loop
      vertex 73.3194 23.3137 56.4722
      vertex 73.3681 0 56.4028
      vertex 73.3681 23.3627 56.4028
    endloop
  endfacet
  facet normal 0.46232 0.471548 0.750935
    outer loop
      vertex 73.3194 23.3137 56.4722
      vertex 63.4114 33.0278 56.4722
      vertex 63.3694 32.9583 56.5417
    endloop
  endfacet
  facet normal 0.496407 0.507048 0.704615
    outer loop
      vertex 73.2708 23.2647 56.5417
      vertex 73.3194 23.3137 56.4722
      vertex 63.3694 32.9583 56.5417
    endloop
  endfacet
  facet normal -0.0427086 0.716347 0.696436
    outer loop
      vertex 48.8472 32.9583 56.5417
      vertex 48.8796 33.0278 56.4722
      vertex 24.4398 31.5707 56.4722
    endloop
  endfacet
  facet normal -0.0433036 0.727393 0.684854
    outer loop
      vertex 48.8472 32.9583 56.5417
      vertex 24.4398 31.5707 56.4722
      vertex 24.4236 31.5043 56.5417
    endloop
  endfacet
  facet normal 0.0427707 0.717388 0.695359
    outer loop
      vertex 24.4236 31.5043 56.5417
      vertex 24.4398 31.5707 56.4722
      vertex 0 33.0278 56.4722
    endloop
  endfacet
  facet normal 0.0420586 0.706481 0.706481
    outer loop
      vertex 24.4236 31.5043 56.5417
      vertex 0 33.0278 56.4722
      vertex 0 32.9583 56.5417
    endloop
  endfacet
  facet normal -0.0427707 0.717388 0.695359
    outer loop
      vertex -24.4236 31.5043 56.5417
      vertex 0 33.0278 56.4722
      vertex -24.4398 31.5707 56.4722
    endloop
  endfacet
  facet normal -0.0420586 0.706481 0.706481
    outer loop
      vertex 0 32.9583 56.5417
      vertex 0 33.0278 56.4722
      vertex -24.4236 31.5043 56.5417
    endloop
  endfacet
  facet normal 0.0427086 0.716347 0.696436
    outer loop
      vertex -48.8472 32.9583 56.5417
      vertex -24.4398 31.5707 56.4722
      vertex -48.8796 33.0278 56.4722
    endloop
  endfacet
  facet normal 0.0433036 0.727393 0.684854
    outer loop
      vertex -24.4236 31.5043 56.5417
      vertex -24.4398 31.5707 56.4722
      vertex -48.8472 32.9583 56.5417
    endloop
  endfacet
  facet normal -0.46232 0.471548 0.750935
    outer loop
      vertex -63.3694 32.9583 56.5417
      vertex -63.4114 33.0278 56.4722
      vertex -73.3194 23.3137 56.4722
    endloop
  endfacet
  facet normal -0.496407 0.507048 0.704615
    outer loop
      vertex -73.2708 23.2647 56.5417
      vertex -63.3694 32.9583 56.5417
      vertex -73.3194 23.3137 56.4722
    endloop
  endfacet
  facet normal -0.819509 0 0.573067
    outer loop
      vertex -73.3194 0 56.4722
      vertex -73.2708 23.2647 56.5417
      vertex -73.3194 23.3137 56.4722
    endloop
  endfacet
  facet normal -0.819509 0 0.573067
    outer loop
      vertex -73.2708 23.2647 56.5417
      vertex -73.3194 0 56.4722
      vertex -73.2708 0 56.5417
    endloop
  endfacet
  facet normal 0.819509 0 0.573067
    outer loop
      vertex 73.3194 0 56.4722
      vertex 73.2708 23.2647 56.5417
      vertex 73.2708 0 56.5417
    endloop
  endfacet
  facet normal 0.819509 0 0.573067
    outer loop
      vertex 73.2708 23.2647 56.5417
      vertex 73.3194 0 56.4722
      vertex 73.3194 23.3137 56.4722
    endloop
  endfacet
  facet normal 0.461564 0.471458 0.751456
    outer loop
      vertex 73.2708 23.2647 56.5417
      vertex 63.3694 32.9583 56.5417
      vertex 63.3273 32.8889 56.6111
    endloop
  endfacet
  facet normal 0.495686 0.507046 0.705124
    outer loop
      vertex 73.2222 23.2157 56.6111
      vertex 73.2708 23.2647 56.5417
      vertex 63.3273 32.8889 56.6111
    endloop
  endfacet
  facet normal -0.0426461 0.716348 0.696439
    outer loop
      vertex 48.8148 32.8889 56.6111
      vertex 48.8472 32.9583 56.5417
      vertex 24.4236 31.5043 56.5417
    endloop
  endfacet
  facet normal -0.0432134 0.726896 0.685387
    outer loop
      vertex 48.8148 32.8889 56.6111
      vertex 24.4236 31.5043 56.5417
      vertex 24.4074 31.4379 56.6111
    endloop
  endfacet
  facet normal 0.0426788 0.716898 0.695871
    outer loop
      vertex 24.4074 31.4379 56.6111
      vertex 24.4236 31.5043 56.5417
      vertex 0 32.9583 56.5417
    endloop
  endfacet
  facet normal 0.0419998 0.706483 0.706483
    outer loop
      vertex 24.4074 31.4379 56.6111
      vertex 0 32.9583 56.5417
      vertex 0 32.8889 56.6111
    endloop
  endfacet
  facet normal -0.0426788 0.716898 0.695871
    outer loop
      vertex -24.4074 31.4379 56.6111
      vertex 0 32.9583 56.5417
      vertex -24.4236 31.5043 56.5417
    endloop
  endfacet
  facet normal -0.0419998 0.706483 0.706483
    outer loop
      vertex 0 32.8889 56.6111
      vertex 0 32.9583 56.5417
      vertex -24.4074 31.4379 56.6111
    endloop
  endfacet
  facet normal 0.0426461 0.716348 0.696439
    outer loop
      vertex -48.8148 32.8889 56.6111
      vertex -24.4236 31.5043 56.5417
      vertex -48.8472 32.9583 56.5417
    endloop
  endfacet
  facet normal 0.0432134 0.726896 0.685387
    outer loop
      vertex -24.4074 31.4379 56.6111
      vertex -24.4236 31.5043 56.5417
      vertex -48.8148 32.8889 56.6111
    endloop
  endfacet
  facet normal -0.461564 0.471458 0.751456
    outer loop
      vertex -63.3273 32.8889 56.6111
      vertex -63.3694 32.9583 56.5417
      vertex -73.2708 23.2647 56.5417
    endloop
  endfacet
  facet normal -0.495686 0.507046 0.705124
    outer loop
      vertex -73.2222 23.2157 56.6111
      vertex -63.3273 32.8889 56.6111
      vertex -73.2708 23.2647 56.5417
    endloop
  endfacet
  facet normal -0.819121 0 0.573621
    outer loop
      vertex -73.2708 0 56.5417
      vertex -73.2222 23.2157 56.6111
      vertex -73.2708 23.2647 56.5417
    endloop
  endfacet
  facet normal -0.819121 0 0.573621
    outer loop
      vertex -73.2222 23.2157 56.6111
      vertex -73.2708 0 56.5417
      vertex -73.2222 0 56.6111
    endloop
  endfacet
  facet normal 0.819121 0 0.573621
    outer loop
      vertex 73.2708 0 56.5417
      vertex 73.2222 23.2157 56.6111
      vertex 73.2222 0 56.6111
    endloop
  endfacet
  facet normal 0.819121 0 0.573621
    outer loop
      vertex 73.2222 23.2157 56.6111
      vertex 73.2708 0 56.5417
      vertex 73.2708 23.2647 56.5417
    endloop
  endfacet
  facet normal 0.461548 0.472126 0.751047
    outer loop
      vertex 73.2222 23.2157 56.6111
      vertex 63.3273 32.8889 56.6111
      vertex 63.2853 32.8194 56.6806
    endloop
  endfacet
  facet normal 0.495673 0.507771 0.704611
    outer loop
      vertex 73.1736 23.1667 56.6806
      vertex 73.2222 23.2157 56.6111
      vertex 63.2853 32.8194 56.6806
    endloop
  endfacet
  facet normal 0 0.707107 0.707107
    outer loop
      vertex 49.0093 33.3056 56.1944
      vertex 63.2853 32.8194 56.6806
      vertex 63.3273 32.8889 56.6111
    endloop
  endfacet
  facet normal 0 0.707107 0.707107
    outer loop
      vertex 63.2853 32.8194 56.6806
      vertex 48.8148 32.8889 56.6111
      vertex 48.7824 32.8194 56.6806
    endloop
  endfacet
  facet normal 0 0.707107 0.707107
    outer loop
      vertex 49.0093 33.3056 56.1944
      vertex 63.3273 32.8889 56.6111
      vertex 63.3694 32.9583 56.5417
    endloop
  endfacet
  facet normal 0 0.707107 0.707107
    outer loop
      vertex 63.2853 32.8194 56.6806
      vertex 48.8472 32.9583 56.5417
      vertex 48.8148 32.8889 56.6111
    endloop
  endfacet
  facet normal 0 0.707107 0.707107
    outer loop
      vertex 49.0093 33.3056 56.1944
      vertex 63.3694 32.9583 56.5417
      vertex 63.4114 33.0278 56.4722
    endloop
  endfacet
  facet normal 0 0.707107 0.707107
    outer loop
      vertex 63.2853 32.8194 56.6806
      vertex 48.8796 33.0278 56.4722
      vertex 48.8472 32.9583 56.5417
    endloop
  endfacet
  facet normal 0 0.707107 0.707107
    outer loop
      vertex 49.0093 33.3056 56.1944
      vertex 63.4114 33.0278 56.4722
      vertex 63.4535 33.0972 56.4028
    endloop
  endfacet
  facet normal 0 0.707107 0.707107
    outer loop
      vertex 63.2853 32.8194 56.6806
      vertex 48.912 33.0972 56.4028
      vertex 48.8796 33.0278 56.4722
    endloop
  endfacet
  facet normal 0 0.707107 0.707107
    outer loop
      vertex 49.0093 33.3056 56.1944
      vertex 63.4535 33.0972 56.4028
      vertex 63.4955 33.1667 56.3333
    endloop
  endfacet
  facet normal 0 0.707107 0.707107
    outer loop
      vertex 63.2853 32.8194 56.6806
      vertex 48.9444 33.1667 56.3333
      vertex 48.912 33.0972 56.4028
    endloop
  endfacet
  facet normal 0 0.707107 0.707107
    outer loop
      vertex 49.0093 33.3056 56.1944
      vertex 63.4955 33.1667 56.3333
      vertex 63.5375 33.2361 56.2639
    endloop
  endfacet
  facet normal 0 0.707107 0.707107
    outer loop
      vertex 63.2853 32.8194 56.6806
      vertex 48.9768 33.2361 56.2639
      vertex 48.9444 33.1667 56.3333
    endloop
  endfacet
  facet normal -0 0.707107 0.707107
    outer loop
      vertex 49.0093 33.3056 56.1944
      vertex 63.5375 33.2361 56.2639
      vertex 63.5796 33.3056 56.1944
    endloop
  endfacet
  facet normal 0 0.707107 0.707107
    outer loop
      vertex 63.2853 32.8194 56.6806
      vertex 49.0093 33.3056 56.1944
      vertex 48.9768 33.2361 56.2639
    endloop
  endfacet
  facet normal -0.0425847 0.716322 0.696469
    outer loop
      vertex 48.7824 32.8194 56.6806
      vertex 48.8148 32.8889 56.6111
      vertex 24.4074 31.4379 56.6111
    endloop
  endfacet
  facet normal -0.0431785 0.727382 0.684873
    outer loop
      vertex 48.7824 32.8194 56.6806
      vertex 24.4074 31.4379 56.6111
      vertex 24.3912 31.3715 56.6806
    endloop
  endfacet
  facet normal 0.0426492 0.717406 0.695348
    outer loop
      vertex 24.3912 31.3715 56.6806
      vertex 24.4074 31.4379 56.6111
      vertex 0 32.8889 56.6111
    endloop
  endfacet
  facet normal 0.041938 0.706485 0.706485
    outer loop
      vertex 24.3912 31.3715 56.6806
      vertex 0 32.8889 56.6111
      vertex 0 32.8194 56.6806
    endloop
  endfacet
  facet normal -0.0426492 0.717406 0.695348
    outer loop
      vertex -24.3912 31.3715 56.6806
      vertex 0 32.8889 56.6111
      vertex -24.4074 31.4379 56.6111
    endloop
  endfacet
  facet normal -0.041938 0.706485 0.706485
    outer loop
      vertex 0 32.8194 56.6806
      vertex 0 32.8889 56.6111
      vertex -24.3912 31.3715 56.6806
    endloop
  endfacet
  facet normal 0.0425847 0.716322 0.696469
    outer loop
      vertex -48.7824 32.8194 56.6806
      vertex -24.4074 31.4379 56.6111
      vertex -48.8148 32.8889 56.6111
    endloop
  endfacet
  facet normal 0.0431785 0.727382 0.684873
    outer loop
      vertex -24.3912 31.3715 56.6806
      vertex -24.4074 31.4379 56.6111
      vertex -48.7824 32.8194 56.6806
    endloop
  endfacet
  facet normal -0.461548 0.472126 0.751047
    outer loop
      vertex -63.2853 32.8194 56.6806
      vertex -63.3273 32.8889 56.6111
      vertex -73.2222 23.2157 56.6111
    endloop
  endfacet
  facet normal -0.495673 0.507771 0.704611
    outer loop
      vertex -73.1736 23.1667 56.6806
      vertex -63.2853 32.8194 56.6806
      vertex -73.2222 23.2157 56.6111
    endloop
  endfacet
  facet normal -0.865029 -0.354771 0.354771
    outer loop
      vertex -73.2222 23.2157 56.6111
      vertex -73.125 23.1176 56.75
      vertex -73.1736 23.1667 56.6806
    endloop
  endfacet
  facet normal -0.819315 0 0.573344
    outer loop
      vertex -73.2222 0 56.6111
      vertex -73.125 23.1176 56.75
      vertex -73.2222 23.2157 56.6111
    endloop
  endfacet
  facet normal -0.819315 0 0.573344
    outer loop
      vertex -73.125 23.1176 56.75
      vertex -73.2222 0 56.6111
      vertex -73.125 0 56.75
    endloop
  endfacet
  facet normal 0.460791 0.472038 0.751566
    outer loop
      vertex 73.1736 23.1667 56.6806
      vertex 63.2853 32.8194 56.6806
      vertex 63.2432 32.75 56.75
    endloop
  endfacet
  facet normal 0.494697 0.507506 0.705487
    outer loop
      vertex 73.125 23.1176 56.75
      vertex 73.1736 23.1667 56.6806
      vertex 63.2432 32.75 56.75
    endloop
  endfacet
  facet normal -0 0.707107 0.707107
    outer loop
      vertex 48.7824 32.8194 56.6806
      vertex 63.2432 32.75 56.75
      vertex 63.2853 32.8194 56.6806
    endloop
  endfacet
  facet normal 0 0.707107 0.707107
    outer loop
      vertex 63.2432 32.75 56.75
      vertex 48.7824 32.8194 56.6806
      vertex 48.75 32.75 56.75
    endloop
  endfacet
  facet normal -0.0425221 0.716323 0.696472
    outer loop
      vertex 48.75 32.75 56.75
      vertex 48.7824 32.8194 56.6806
      vertex 24.3912 31.3715 56.6806
    endloop
  endfacet
  facet normal -0.0430883 0.726885 0.685406
    outer loop
      vertex 48.75 32.75 56.75
      vertex 24.3912 31.3715 56.6806
      vertex 24.375 31.3051 56.75
    endloop
  endfacet
  facet normal 0.0425573 0.716916 0.695859
    outer loop
      vertex 24.375 31.3051 56.75
      vertex 24.3912 31.3715 56.6806
      vertex 0 32.8194 56.6806
    endloop
  endfacet
  facet normal 0.0418791 0.706486 0.706486
    outer loop
      vertex 24.375 31.3051 56.75
      vertex 0 32.8194 56.6806
      vertex 0 32.75 56.75
    endloop
  endfacet
  facet normal -0.0425573 0.716916 0.695859
    outer loop
      vertex -24.375 31.3051 56.75
      vertex 0 32.8194 56.6806
      vertex -24.3912 31.3715 56.6806
    endloop
  endfacet
  facet normal -0.0418791 0.706486 0.706486
    outer loop
      vertex 0 32.75 56.75
      vertex 0 32.8194 56.6806
      vertex -24.375 31.3051 56.75
    endloop
  endfacet
  facet normal 0.0425221 0.716323 0.696472
    outer loop
      vertex -48.75 32.75 56.75
      vertex -24.3912 31.3715 56.6806
      vertex -48.7824 32.8194 56.6806
    endloop
  endfacet
  facet normal 0.0430883 0.726885 0.685406
    outer loop
      vertex -24.375 31.3051 56.75
      vertex -24.3912 31.3715 56.6806
      vertex -48.75 32.75 56.75
    endloop
  endfacet
  facet normal 0 0.707107 0.707107
    outer loop
      vertex -48.7824 32.8194 56.6806
      vertex -63.2432 32.75 56.75
      vertex -48.75 32.75 56.75
    endloop
  endfacet
  facet normal 0 0.707107 0.707107
    outer loop
      vertex -63.2432 32.75 56.75
      vertex -48.7824 32.8194 56.6806
      vertex -63.2853 32.8194 56.6806
    endloop
  endfacet
  facet normal -0.460791 0.472038 0.751566
    outer loop
      vertex -63.2432 32.75 56.75
      vertex -63.2853 32.8194 56.6806
      vertex -73.1736 23.1667 56.6806
    endloop
  endfacet
  facet normal -0.494697 0.507506 0.705487
    outer loop
      vertex -73.125 23.1176 56.75
      vertex -63.2432 32.75 56.75
      vertex -73.1736 23.1667 56.6806
    endloop
  endfacet
  facet normal 0.865029 -0.354771 0.354771
    outer loop
      vertex 73.125 23.1176 56.75
      vertex 73.2222 23.2157 56.6111
      vertex 73.1736 23.1667 56.6806
    endloop
  endfacet
  facet normal 0.819315 0 0.573344
    outer loop
      vertex 73.2222 0 56.6111
      vertex 73.125 23.1176 56.75
      vertex 73.125 0 56.75
    endloop
  endfacet
  facet normal 0.819315 0 0.573344
    outer loop
      vertex 73.125 23.1176 56.75
      vertex 73.2222 0 56.6111
      vertex 73.2222 23.2157 56.6111
    endloop
  endfacet
  facet normal 0.460635 0.472562 0.751332
    outer loop
      vertex 73.125 23.1176 56.75
      vertex 63.2432 32.75 56.75
      vertex 63.2012 32.6806 56.8194
    endloop
  endfacet
  facet normal 0.494586 0.508128 0.705117
    outer loop
      vertex 73.0764 23.0686 56.8194
      vertex 73.125 23.1176 56.75
      vertex 63.2012 32.6806 56.8194
    endloop
  endfacet
  facet normal -0 0.707107 0.707107
    outer loop
      vertex 48.75 32.75 56.75
      vertex 63.2012 32.6806 56.8194
      vertex 63.2432 32.75 56.75
    endloop
  endfacet
  facet normal 0 0.707107 0.707107
    outer loop
      vertex 63.2012 32.6806 56.8194
      vertex 48.75 32.75 56.75
      vertex 48.7176 32.6806 56.8194
    endloop
  endfacet
  facet normal -0.0424615 0.716311 0.696488
    outer loop
      vertex 48.7176 32.6806 56.8194
      vertex 48.75 32.75 56.75
      vertex 24.375 31.3051 56.75
    endloop
  endfacet
  facet normal -0.043055 0.727402 0.68486
    outer loop
      vertex 48.7176 32.6806 56.8194
      vertex 24.375 31.3051 56.75
      vertex 24.3588 31.2388 56.8194
    endloop
  endfacet
  facet normal 0.0425284 0.71744 0.695321
    outer loop
      vertex 24.3588 31.2388 56.8194
      vertex 24.375 31.3051 56.75
      vertex 0 32.75 56.75
    endloop
  endfacet
  facet normal 0.0418171 0.706488 0.706488
    outer loop
      vertex 24.3588 31.2388 56.8194
      vertex 0 32.75 56.75
      vertex 0 32.6806 56.8194
    endloop
  endfacet
  facet normal -0.0425284 0.71744 0.695321
    outer loop
      vertex -24.3588 31.2388 56.8194
      vertex 0 32.75 56.75
      vertex -24.375 31.3051 56.75
    endloop
  endfacet
  facet normal -0.0418171 0.706488 0.706488
    outer loop
      vertex 0 32.6806 56.8194
      vertex 0 32.75 56.75
      vertex -24.3588 31.2388 56.8194
    endloop
  endfacet
  facet normal 0.0424615 0.716311 0.696488
    outer loop
      vertex -48.7176 32.6806 56.8194
      vertex -24.375 31.3051 56.75
      vertex -48.75 32.75 56.75
    endloop
  endfacet
  facet normal 0.043055 0.727402 0.68486
    outer loop
      vertex -24.3588 31.2388 56.8194
      vertex -24.375 31.3051 56.75
      vertex -48.7176 32.6806 56.8194
    endloop
  endfacet
  facet normal 0 0.707107 0.707107
    outer loop
      vertex -48.75 32.75 56.75
      vertex -63.2012 32.6806 56.8194
      vertex -48.7176 32.6806 56.8194
    endloop
  endfacet
  facet normal 0 0.707107 0.707107
    outer loop
      vertex -63.2012 32.6806 56.8194
      vertex -48.75 32.75 56.75
      vertex -63.2432 32.75 56.75
    endloop
  endfacet
  facet normal -0.460635 0.472562 0.751332
    outer loop
      vertex -63.2012 32.6806 56.8194
      vertex -63.2432 32.75 56.75
      vertex -73.125 23.1176 56.75
    endloop
  endfacet
  facet normal -0.494586 0.508128 0.705117
    outer loop
      vertex -73.0764 23.0686 56.8194
      vertex -63.2012 32.6806 56.8194
      vertex -73.125 23.1176 56.75
    endloop
  endfacet
  facet normal -0.819121 0 0.573621
    outer loop
      vertex -73.125 0 56.75
      vertex -73.0764 23.0686 56.8194
      vertex -73.125 23.1176 56.75
    endloop
  endfacet
  facet normal -0.819121 0 0.573621
    outer loop
      vertex -73.0764 23.0686 56.8194
      vertex -73.125 0 56.75
      vertex -73.0764 0 56.8194
    endloop
  endfacet
  facet normal 0.819121 0 0.573621
    outer loop
      vertex 73.125 0 56.75
      vertex 73.0764 23.0686 56.8194
      vertex 73.0764 0 56.8194
    endloop
  endfacet
  facet normal 0.819121 0 0.573621
    outer loop
      vertex 73.0764 23.0686 56.8194
      vertex 73.125 0 56.75
      vertex 73.125 23.1176 56.75
    endloop
  endfacet
  facet normal 0.460387 0.472994 0.751213
    outer loop
      vertex 73.0764 23.0686 56.8194
      vertex 63.2012 32.6806 56.8194
      vertex 63.1592 32.6111 56.8889
    endloop
  endfacet
  facet normal 0.494568 0.508857 0.704604
    outer loop
      vertex 73.0278 23.0196 56.8889
      vertex 73.0764 23.0686 56.8194
      vertex 63.1592 32.6111 56.8889
    endloop
  endfacet
  facet normal -0.0423969 0.716284 0.696519
    outer loop
      vertex 48.6852 32.6111 56.8889
      vertex 48.7176 32.6806 56.8194
      vertex 24.3588 31.2388 56.8194
    endloop
  endfacet
  facet normal -0.0429889 0.727366 0.684902
    outer loop
      vertex 48.6852 32.6111 56.8889
      vertex 24.3588 31.2388 56.8194
      vertex 24.3426 31.1724 56.8889
    endloop
  endfacet
  facet normal 0.042465 0.717434 0.695331
    outer loop
      vertex 24.3426 31.1724 56.8889
      vertex 24.3588 31.2388 56.8194
      vertex 0 32.6806 56.8194
    endloop
  endfacet
  facet normal 0.0417551 0.70649 0.70649
    outer loop
      vertex 24.3426 31.1724 56.8889
      vertex 0 32.6806 56.8194
      vertex 0 32.6111 56.8889
    endloop
  endfacet
  facet normal -0.042465 0.717434 0.695331
    outer loop
      vertex -24.3426 31.1724 56.8889
      vertex 0 32.6806 56.8194
      vertex -24.3588 31.2388 56.8194
    endloop
  endfacet
  facet normal -0.0417551 0.70649 0.70649
    outer loop
      vertex 0 32.6111 56.8889
      vertex 0 32.6806 56.8194
      vertex -24.3426 31.1724 56.8889
    endloop
  endfacet
  facet normal 0.0423969 0.716284 0.696519
    outer loop
      vertex -48.6852 32.6111 56.8889
      vertex -24.3588 31.2388 56.8194
      vertex -48.7176 32.6806 56.8194
    endloop
  endfacet
  facet normal 0.0429889 0.727366 0.684902
    outer loop
      vertex -24.3426 31.1724 56.8889
      vertex -24.3588 31.2388 56.8194
      vertex -48.6852 32.6111 56.8889
    endloop
  endfacet
  facet normal 0 0.707107 0.707107
    outer loop
      vertex -48.5231 32.2639 57.2361
      vertex -62.9069 32.1944 57.3056
      vertex -48.4907 32.1944 57.3056
    endloop
  endfacet
  facet normal 0 0.707107 0.707107
    outer loop
      vertex -48.5555 32.3333 57.1667
      vertex -62.9069 32.1944 57.3056
      vertex -48.5231 32.2639 57.2361
    endloop
  endfacet
  facet normal 0 0.707107 0.707107
    outer loop
      vertex -48.588 32.4028 57.0972
      vertex -62.9069 32.1944 57.3056
      vertex -48.5555 32.3333 57.1667
    endloop
  endfacet
  facet normal 0 0.707107 0.707107
    outer loop
      vertex -48.6204 32.4722 57.0278
      vertex -62.9069 32.1944 57.3056
      vertex -48.588 32.4028 57.0972
    endloop
  endfacet
  facet normal 0 0.707107 0.707107
    outer loop
      vertex -48.6528 32.5417 56.9583
      vertex -62.9069 32.1944 57.3056
      vertex -48.6204 32.4722 57.0278
    endloop
  endfacet
  facet normal 0 0.707107 0.707107
    outer loop
      vertex -48.6852 32.6111 56.8889
      vertex -62.9069 32.1944 57.3056
      vertex -48.6528 32.5417 56.9583
    endloop
  endfacet
  facet normal 0 0.707107 0.707107
    outer loop
      vertex -48.7176 32.6806 56.8194
      vertex -62.9069 32.1944 57.3056
      vertex -48.6852 32.6111 56.8889
    endloop
  endfacet
  facet normal 0 0.707107 0.707107
    outer loop
      vertex -62.9069 32.1944 57.3056
      vertex -48.7176 32.6806 56.8194
      vertex -62.9489 32.2639 57.2361
    endloop
  endfacet
  facet normal 0 0.707107 0.707107
    outer loop
      vertex -62.9489 32.2639 57.2361
      vertex -48.7176 32.6806 56.8194
      vertex -62.991 32.3333 57.1667
    endloop
  endfacet
  facet normal 0 0.707107 0.707107
    outer loop
      vertex -62.991 32.3333 57.1667
      vertex -48.7176 32.6806 56.8194
      vertex -63.033 32.4028 57.0972
    endloop
  endfacet
  facet normal 0 0.707107 0.707107
    outer loop
      vertex -63.033 32.4028 57.0972
      vertex -48.7176 32.6806 56.8194
      vertex -63.0751 32.4722 57.0278
    endloop
  endfacet
  facet normal 0 0.707107 0.707107
    outer loop
      vertex -63.0751 32.4722 57.0278
      vertex -48.7176 32.6806 56.8194
      vertex -63.1171 32.5417 56.9583
    endloop
  endfacet
  facet normal 0 0.707107 0.707107
    outer loop
      vertex -63.1171 32.5417 56.9583
      vertex -48.7176 32.6806 56.8194
      vertex -63.1592 32.6111 56.8889
    endloop
  endfacet
  facet normal 0 0.707107 0.707107
    outer loop
      vertex -63.1592 32.6111 56.8889
      vertex -48.7176 32.6806 56.8194
      vertex -63.2012 32.6806 56.8194
    endloop
  endfacet
  facet normal -0.460387 0.472994 0.751213
    outer loop
      vertex -63.1592 32.6111 56.8889
      vertex -63.2012 32.6806 56.8194
      vertex -73.0764 23.0686 56.8194
    endloop
  endfacet
  facet normal -0.494568 0.508857 0.704604
    outer loop
      vertex -73.0278 23.0196 56.8889
      vertex -63.1592 32.6111 56.8889
      vertex -73.0764 23.0686 56.8194
    endloop
  endfacet
  facet normal -0.819509 0 0.573067
    outer loop
      vertex -73.0764 0 56.8194
      vertex -73.0278 23.0196 56.8889
      vertex -73.0764 23.0686 56.8194
    endloop
  endfacet
  facet normal -0.819509 0 0.573067
    outer loop
      vertex -73.0278 23.0196 56.8889
      vertex -73.0764 0 56.8194
      vertex -73.0278 0 56.8889
    endloop
  endfacet
  facet normal 0.819509 0 0.573067
    outer loop
      vertex 73.0764 0 56.8194
      vertex 73.0278 23.0196 56.8889
      vertex 73.0278 0 56.8889
    endloop
  endfacet
  facet normal 0.819509 0 0.573067
    outer loop
      vertex 73.0278 23.0196 56.8889
      vertex 73.0764 0 56.8194
      vertex 73.0764 23.0686 56.8194
    endloop
  endfacet
  facet normal 0.459629 0.472907 0.751731
    outer loop
      vertex 73.0278 23.0196 56.8889
      vertex 63.1592 32.6111 56.8889
      vertex 63.1171 32.5417 56.9583
    endloop
  endfacet
  facet normal 0.493843 0.508858 0.705112
    outer loop
      vertex 72.9792 22.9706 56.9583
      vertex 73.0278 23.0196 56.8889
      vertex 63.1171 32.5417 56.9583
    endloop
  endfacet
  facet normal -0.042334 0.716286 0.696522
    outer loop
      vertex 48.6528 32.5417 56.9583
      vertex 48.6852 32.6111 56.8889
      vertex 24.3426 31.1724 56.8889
    endloop
  endfacet
  facet normal -0.0428985 0.726869 0.685435
    outer loop
      vertex 48.6528 32.5417 56.9583
      vertex 24.3426 31.1724 56.8889
      vertex 24.3264 31.106 56.9583
    endloop
  endfacet
  facet normal 0.0423729 0.716943 0.695843
    outer loop
      vertex 24.3264 31.106 56.9583
      vertex 24.3426 31.1724 56.8889
      vertex 0 32.6111 56.8889
    endloop
  endfacet
  facet normal 0.0416959 0.706492 0.706492
    outer loop
      vertex 24.3264 31.106 56.9583
      vertex 0 32.6111 56.8889
      vertex 0 32.5417 56.9583
    endloop
  endfacet
  facet normal -0.0423729 0.716943 0.695843
    outer loop
      vertex -24.3264 31.106 56.9583
      vertex 0 32.6111 56.8889
      vertex -24.3426 31.1724 56.8889
    endloop
  endfacet
  facet normal -0.0416959 0.706492 0.706492
    outer loop
      vertex 0 32.5417 56.9583
      vertex 0 32.6111 56.8889
      vertex -24.3264 31.106 56.9583
    endloop
  endfacet
  facet normal 0.042334 0.716286 0.696522
    outer loop
      vertex -48.6528 32.5417 56.9583
      vertex -24.3426 31.1724 56.8889
      vertex -48.6852 32.6111 56.8889
    endloop
  endfacet
  facet normal 0.0428985 0.726869 0.685435
    outer loop
      vertex -24.3264 31.106 56.9583
      vertex -24.3426 31.1724 56.8889
      vertex -48.6528 32.5417 56.9583
    endloop
  endfacet
  facet normal -0.459629 0.472907 0.751731
    outer loop
      vertex -63.1171 32.5417 56.9583
      vertex -63.1592 32.6111 56.8889
      vertex -73.0278 23.0196 56.8889
    endloop
  endfacet
  facet normal -0.493843 0.508858 0.705112
    outer loop
      vertex -72.9792 22.9706 56.9583
      vertex -63.1171 32.5417 56.9583
      vertex -73.0278 23.0196 56.8889
    endloop
  endfacet
  facet normal -0.819121 0 0.573621
    outer loop
      vertex -73.0278 0 56.8889
      vertex -72.9792 22.9706 56.9583
      vertex -73.0278 23.0196 56.8889
    endloop
  endfacet
  facet normal -0.819121 0 0.573621
    outer loop
      vertex -72.9792 22.9706 56.9583
      vertex -73.0278 0 56.8889
      vertex -72.9792 0 56.9583
    endloop
  endfacet
  facet normal 0.819121 0 0.573621
    outer loop
      vertex 73.0278 0 56.8889
      vertex 72.9792 22.9706 56.9583
      vertex 72.9792 0 56.9583
    endloop
  endfacet
  facet normal 0.819121 0 0.573621
    outer loop
      vertex 72.9792 22.9706 56.9583
      vertex 73.0278 0 56.8889
      vertex 73.0278 23.0196 56.8889
    endloop
  endfacet
  facet normal 0.459604 0.473578 0.751324
    outer loop
      vertex 72.9792 22.9706 56.9583
      vertex 63.1171 32.5417 56.9583
      vertex 63.0751 32.4722 57.0278
    endloop
  endfacet
  facet normal 0.493823 0.509588 0.704599
    outer loop
      vertex 72.9306 22.9216 57.0278
      vertex 72.9792 22.9706 56.9583
      vertex 63.0751 32.4722 57.0278
    endloop
  endfacet
  facet normal -0.0422723 0.716259 0.696553
    outer loop
      vertex 48.6204 32.4722 57.0278
      vertex 48.6528 32.5417 56.9583
      vertex 24.3264 31.106 56.9583
    endloop
  endfacet
  facet normal -0.0428631 0.727355 0.684921
    outer loop
      vertex 48.6204 32.4722 57.0278
      vertex 24.3264 31.106 56.9583
      vertex 24.3102 31.0396 57.0278
    endloop
  endfacet
  facet normal 0.0423427 0.717452 0.69532
    outer loop
      vertex 24.3102 31.0396 57.0278
      vertex 24.3264 31.106 56.9583
      vertex 0 32.5417 56.9583
    endloop
  endfacet
  facet normal 0.0416337 0.706494 0.706494
    outer loop
      vertex 24.3102 31.0396 57.0278
      vertex 0 32.5417 56.9583
      vertex 0 32.4722 57.0278
    endloop
  endfacet
  facet normal -0.0423427 0.717452 0.69532
    outer loop
      vertex -24.3102 31.0396 57.0278
      vertex 0 32.5417 56.9583
      vertex -24.3264 31.106 56.9583
    endloop
  endfacet
  facet normal -0.0416337 0.706494 0.706494
    outer loop
      vertex 0 32.4722 57.0278
      vertex 0 32.5417 56.9583
      vertex -24.3102 31.0396 57.0278
    endloop
  endfacet
  facet normal 0.0422723 0.716259 0.696553
    outer loop
      vertex -48.6204 32.4722 57.0278
      vertex -24.3264 31.106 56.9583
      vertex -48.6528 32.5417 56.9583
    endloop
  endfacet
  facet normal 0.0428631 0.727355 0.684921
    outer loop
      vertex -24.3102 31.0396 57.0278
      vertex -24.3264 31.106 56.9583
      vertex -48.6204 32.4722 57.0278
    endloop
  endfacet
  facet normal -0.459604 0.473578 0.751324
    outer loop
      vertex -63.0751 32.4722 57.0278
      vertex -63.1171 32.5417 56.9583
      vertex -72.9792 22.9706 56.9583
    endloop
  endfacet
  facet normal -0.493823 0.509588 0.704599
    outer loop
      vertex -72.9306 22.9216 57.0278
      vertex -63.0751 32.4722 57.0278
      vertex -72.9792 22.9706 56.9583
    endloop
  endfacet
  facet normal -0.819509 0 0.573067
    outer loop
      vertex -72.9792 0 56.9583
      vertex -72.9306 22.9216 57.0278
      vertex -72.9792 22.9706 56.9583
    endloop
  endfacet
  facet normal -0.819509 0 0.573067
    outer loop
      vertex -72.9306 22.9216 57.0278
      vertex -72.9792 0 56.9583
      vertex -72.9306 0 57.0278
    endloop
  endfacet
  facet normal 0.819509 0 0.573067
    outer loop
      vertex 72.9792 0 56.9583
      vertex 72.9306 22.9216 57.0278
      vertex 72.9306 0 57.0278
    endloop
  endfacet
  facet normal 0.819509 0 0.573067
    outer loop
      vertex 72.9306 22.9216 57.0278
      vertex 72.9792 0 56.9583
      vertex 72.9792 22.9706 56.9583
    endloop
  endfacet
  facet normal 0.458845 0.473493 0.751841
    outer loop
      vertex 72.9306 22.9216 57.0278
      vertex 63.0751 32.4722 57.0278
      vertex 63.033 32.4028 57.0972
    endloop
  endfacet
  facet normal 0.492599 0.509066 0.705832
    outer loop
      vertex 72.8819 22.8725 57.0972
      vertex 72.9306 22.9216 57.0278
      vertex 63.033 32.4028 57.0972
    endloop
  endfacet
  facet normal -0.0422092 0.716261 0.696555
    outer loop
      vertex 48.588 32.4028 57.0972
      vertex 48.6204 32.4722 57.0278
      vertex 24.3102 31.0396 57.0278
    endloop
  endfacet
  facet normal -0.0427726 0.726859 0.685454
    outer loop
      vertex 48.588 32.4028 57.0972
      vertex 24.3102 31.0396 57.0278
      vertex 24.294 30.9732 57.0972
    endloop
  endfacet
  facet normal 0.0422505 0.716961 0.695831
    outer loop
      vertex 24.294 30.9732 57.0972
      vertex 24.3102 31.0396 57.0278
      vertex 0 32.4722 57.0278
    endloop
  endfacet
  facet normal 0.0415743 0.706495 0.706495
    outer loop
      vertex 24.294 30.9732 57.0972
      vertex 0 32.4722 57.0278
      vertex 0 32.4028 57.0972
    endloop
  endfacet
  facet normal -0.0422505 0.716961 0.695831
    outer loop
      vertex -24.294 30.9732 57.0972
      vertex 0 32.4722 57.0278
      vertex -24.3102 31.0396 57.0278
    endloop
  endfacet
  facet normal -0.0415743 0.706495 0.706495
    outer loop
      vertex 0 32.4028 57.0972
      vertex 0 32.4722 57.0278
      vertex -24.294 30.9732 57.0972
    endloop
  endfacet
  facet normal 0.0422092 0.716261 0.696555
    outer loop
      vertex -48.588 32.4028 57.0972
      vertex -24.3102 31.0396 57.0278
      vertex -48.6204 32.4722 57.0278
    endloop
  endfacet
  facet normal 0.0427726 0.726859 0.685454
    outer loop
      vertex -24.294 30.9732 57.0972
      vertex -24.3102 31.0396 57.0278
      vertex -48.588 32.4028 57.0972
    endloop
  endfacet
  facet normal -0.458845 0.473493 0.751841
    outer loop
      vertex -63.033 32.4028 57.0972
      vertex -63.0751 32.4722 57.0278
      vertex -72.9306 22.9216 57.0278
    endloop
  endfacet
  facet normal -0.492599 0.509066 0.705832
    outer loop
      vertex -72.8819 22.8725 57.0972
      vertex -63.033 32.4028 57.0972
      vertex -72.9306 22.9216 57.0278
    endloop
  endfacet
  facet normal -0.818566 0 0.574412
    outer loop
      vertex -72.9306 0 57.0278
      vertex -72.8819 22.8725 57.0972
      vertex -72.9306 22.9216 57.0278
    endloop
  endfacet
  facet normal -0.818566 0 0.574412
    outer loop
      vertex -72.8819 22.8725 57.0972
      vertex -72.9306 0 57.0278
      vertex -72.8819 0 57.0972
    endloop
  endfacet
  facet normal 0.818566 0 0.574412
    outer loop
      vertex 72.9306 0 57.0278
      vertex 72.8819 22.8725 57.0972
      vertex 72.8819 0 57.0972
    endloop
  endfacet
  facet normal 0.818566 0 0.574412
    outer loop
      vertex 72.8819 22.8725 57.0972
      vertex 72.9306 0 57.0278
      vertex 72.9306 22.9216 57.0278
    endloop
  endfacet
  facet normal 0.458822 0.474161 0.751435
    outer loop
      vertex 72.8819 22.8725 57.0972
      vertex 63.033 32.4028 57.0972
      vertex 62.991 32.3333 57.1667
    endloop
  endfacet
  facet normal 0.493078 0.510318 0.704592
    outer loop
      vertex 72.8333 22.8235 57.1667
      vertex 72.8819 22.8725 57.0972
      vertex 62.991 32.3333 57.1667
    endloop
  endfacet
  facet normal -0.0421492 0.716265 0.696555
    outer loop
      vertex 48.5555 32.3333 57.1667
      vertex 48.588 32.4028 57.0972
      vertex 24.294 30.9732 57.0972
    endloop
  endfacet
  facet normal -0.0427647 0.727866 0.684385
    outer loop
      vertex 48.5555 32.3333 57.1667
      vertex 24.294 30.9732 57.0972
      vertex 24.2778 30.9069 57.1667
    endloop
  endfacet
  facet normal 0.0422504 0.717985 0.694775
    outer loop
      vertex 24.2778 30.9069 57.1667
      vertex 24.294 30.9732 57.0972
      vertex 0 32.4028 57.0972
    endloop
  endfacet
  facet normal 0.041509 0.706497 0.706497
    outer loop
      vertex 24.2778 30.9069 57.1667
      vertex 0 32.4028 57.0972
      vertex 0 32.3333 57.1667
    endloop
  endfacet
  facet normal -0.0422504 0.717985 0.694775
    outer loop
      vertex -24.2778 30.9069 57.1667
      vertex 0 32.4028 57.0972
      vertex -24.294 30.9732 57.0972
    endloop
  endfacet
  facet normal -0.041509 0.706497 0.706497
    outer loop
      vertex 0 32.3333 57.1667
      vertex 0 32.4028 57.0972
      vertex -24.2778 30.9069 57.1667
    endloop
  endfacet
  facet normal 0.0421492 0.716265 0.696555
    outer loop
      vertex -48.5555 32.3333 57.1667
      vertex -24.294 30.9732 57.0972
      vertex -48.588 32.4028 57.0972
    endloop
  endfacet
  facet normal 0.0427647 0.727866 0.684385
    outer loop
      vertex -24.2778 30.9069 57.1667
      vertex -24.294 30.9732 57.0972
      vertex -48.5555 32.3333 57.1667
    endloop
  endfacet
  facet normal -0.458822 0.474161 0.751435
    outer loop
      vertex -62.991 32.3333 57.1667
      vertex -63.033 32.4028 57.0972
      vertex -72.8819 22.8725 57.0972
    endloop
  endfacet
  facet normal -0.493078 0.510318 0.704592
    outer loop
      vertex -72.8333 22.8235 57.1667
      vertex -62.991 32.3333 57.1667
      vertex -72.8819 22.8725 57.0972
    endloop
  endfacet
  facet normal -0.819509 0 0.573067
    outer loop
      vertex -72.8819 0 57.0972
      vertex -72.8333 22.8235 57.1667
      vertex -72.8819 22.8725 57.0972
    endloop
  endfacet
  facet normal -0.819509 0 0.573067
    outer loop
      vertex -72.8333 22.8235 57.1667
      vertex -72.8819 0 57.0972
      vertex -72.8333 0 57.1667
    endloop
  endfacet
  facet normal 0.819509 0 0.573067
    outer loop
      vertex 72.8819 0 57.0972
      vertex 72.8333 22.8235 57.1667
      vertex 72.8333 0 57.1667
    endloop
  endfacet
  facet normal 0.819509 0 0.573067
    outer loop
      vertex 72.8333 22.8235 57.1667
      vertex 72.8819 0 57.0972
      vertex 72.8819 22.8725 57.0972
    endloop
  endfacet
  facet normal 0.458062 0.474077 0.751951
    outer loop
      vertex 72.8333 22.8235 57.1667
      vertex 62.991 32.3333 57.1667
      vertex 62.9489 32.2639 57.2361
    endloop
  endfacet
  facet normal 0.492349 0.510321 0.705099
    outer loop
      vertex 72.7847 22.7745 57.2361
      vertex 72.8333 22.8235 57.1667
      vertex 62.9489 32.2639 57.2361
    endloop
  endfacet
  facet normal -0.0420813 0.716235 0.696589
    outer loop
      vertex 48.5231 32.2639 57.2361
      vertex 48.5555 32.3333 57.1667
      vertex 24.2778 30.9069 57.1667
    endloop
  endfacet
  facet normal -0.0426435 0.726848 0.685474
    outer loop
      vertex 48.5231 32.2639 57.2361
      vertex 24.2778 30.9069 57.1667
      vertex 24.2616 30.8405 57.2361
    endloop
  endfacet
  facet normal 0.0421249 0.71698 0.69582
    outer loop
      vertex 24.2616 30.8405 57.2361
      vertex 24.2778 30.9069 57.1667
      vertex 0 32.3333 57.1667
    endloop
  endfacet
  facet normal 0.0414495 0.706499 0.706499
    outer loop
      vertex 24.2616 30.8405 57.2361
      vertex 0 32.3333 57.1667
      vertex 0 32.2639 57.2361
    endloop
  endfacet
  facet normal -0.0421249 0.71698 0.69582
    outer loop
      vertex -24.2616 30.8405 57.2361
      vertex 0 32.3333 57.1667
      vertex -24.2778 30.9069 57.1667
    endloop
  endfacet
  facet normal -0.0414495 0.706499 0.706499
    outer loop
      vertex 0 32.2639 57.2361
      vertex 0 32.3333 57.1667
      vertex -24.2616 30.8405 57.2361
    endloop
  endfacet
  facet normal 0.0420813 0.716235 0.696589
    outer loop
      vertex -48.5231 32.2639 57.2361
      vertex -24.2778 30.9069 57.1667
      vertex -48.5555 32.3333 57.1667
    endloop
  endfacet
  facet normal 0.0426435 0.726848 0.685474
    outer loop
      vertex -24.2616 30.8405 57.2361
      vertex -24.2778 30.9069 57.1667
      vertex -48.5231 32.2639 57.2361
    endloop
  endfacet
  facet normal -0.458062 0.474077 0.751951
    outer loop
      vertex -62.9489 32.2639 57.2361
      vertex -62.991 32.3333 57.1667
      vertex -72.8333 22.8235 57.1667
    endloop
  endfacet
  facet normal -0.492349 0.510321 0.705099
    outer loop
      vertex -72.7847 22.7745 57.2361
      vertex -62.9489 32.2639 57.2361
      vertex -72.8333 22.8235 57.1667
    endloop
  endfacet
  facet normal -0.819121 0 0.573621
    outer loop
      vertex -72.8333 0 57.1667
      vertex -72.7847 22.7745 57.2361
      vertex -72.8333 22.8235 57.1667
    endloop
  endfacet
  facet normal -0.819121 0 0.573621
    outer loop
      vertex -72.7847 22.7745 57.2361
      vertex -72.8333 0 57.1667
      vertex -72.7847 0 57.2361
    endloop
  endfacet
  facet normal 0.819121 0 0.573621
    outer loop
      vertex 72.8333 0 57.1667
      vertex 72.7847 22.7745 57.2361
      vertex 72.7847 0 57.2361
    endloop
  endfacet
  facet normal 0.819121 0 0.573621
    outer loop
      vertex 72.7847 22.7745 57.2361
      vertex 72.8333 0 57.1667
      vertex 72.8333 22.8235 57.1667
    endloop
  endfacet
  facet normal 0.45803 0.47475 0.751545
    outer loop
      vertex 72.7847 22.7745 57.2361
      vertex 62.9489 32.2639 57.2361
      vertex 62.9069 32.1944 57.3056
    endloop
  endfacet
  facet normal 0.492323 0.511056 0.704585
    outer loop
      vertex 72.7361 22.7255 57.3056
      vertex 72.7847 22.7745 57.2361
      vertex 62.9069 32.1944 57.3056
    endloop
  endfacet
  facet normal 0 0.707107 0.707107
    outer loop
      vertex 48.7176 32.6806 56.8194
      vertex 62.9069 32.1944 57.3056
      vertex 62.9489 32.2639 57.2361
    endloop
  endfacet
  facet normal 0 0.707107 0.707107
    outer loop
      vertex 62.9069 32.1944 57.3056
      vertex 48.5231 32.2639 57.2361
      vertex 48.4907 32.1944 57.3056
    endloop
  endfacet
  facet normal 0 0.707107 0.707107
    outer loop
      vertex 48.7176 32.6806 56.8194
      vertex 62.9489 32.2639 57.2361
      vertex 62.991 32.3333 57.1667
    endloop
  endfacet
  facet normal 0 0.707107 0.707107
    outer loop
      vertex 62.9069 32.1944 57.3056
      vertex 48.5555 32.3333 57.1667
      vertex 48.5231 32.2639 57.2361
    endloop
  endfacet
  facet normal 0 0.707107 0.707107
    outer loop
      vertex 48.7176 32.6806 56.8194
      vertex 62.991 32.3333 57.1667
      vertex 63.033 32.4028 57.0972
    endloop
  endfacet
  facet normal 0 0.707107 0.707107
    outer loop
      vertex 62.9069 32.1944 57.3056
      vertex 48.588 32.4028 57.0972
      vertex 48.5555 32.3333 57.1667
    endloop
  endfacet
  facet normal 0 0.707107 0.707107
    outer loop
      vertex 48.7176 32.6806 56.8194
      vertex 63.033 32.4028 57.0972
      vertex 63.0751 32.4722 57.0278
    endloop
  endfacet
  facet normal 0 0.707107 0.707107
    outer loop
      vertex 62.9069 32.1944 57.3056
      vertex 48.6204 32.4722 57.0278
      vertex 48.588 32.4028 57.0972
    endloop
  endfacet
  facet normal 0 0.707107 0.707107
    outer loop
      vertex 48.7176 32.6806 56.8194
      vertex 63.0751 32.4722 57.0278
      vertex 63.1171 32.5417 56.9583
    endloop
  endfacet
  facet normal 0 0.707107 0.707107
    outer loop
      vertex 62.9069 32.1944 57.3056
      vertex 48.6528 32.5417 56.9583
      vertex 48.6204 32.4722 57.0278
    endloop
  endfacet
  facet normal 0 0.707107 0.707107
    outer loop
      vertex 48.7176 32.6806 56.8194
      vertex 63.1171 32.5417 56.9583
      vertex 63.1592 32.6111 56.8889
    endloop
  endfacet
  facet normal 0 0.707107 0.707107
    outer loop
      vertex 62.9069 32.1944 57.3056
      vertex 48.6852 32.6111 56.8889
      vertex 48.6528 32.5417 56.9583
    endloop
  endfacet
  facet normal -0 0.707107 0.707107
    outer loop
      vertex 48.7176 32.6806 56.8194
      vertex 63.1592 32.6111 56.8889
      vertex 63.2012 32.6806 56.8194
    endloop
  endfacet
  facet normal 0 0.707107 0.707107
    outer loop
      vertex 62.9069 32.1944 57.3056
      vertex 48.7176 32.6806 56.8194
      vertex 48.6852 32.6111 56.8889
    endloop
  endfacet
  facet normal -0.0420193 0.716209 0.69662
    outer loop
      vertex 48.4907 32.1944 57.3056
      vertex 48.5231 32.2639 57.2361
      vertex 24.2616 30.8405 57.2361
    endloop
  endfacet
  facet normal -0.0426075 0.727334 0.68496
    outer loop
      vertex 48.4907 32.1944 57.3056
      vertex 24.2616 30.8405 57.2361
      vertex 24.2454 30.7741 57.3056
    endloop
  endfacet
  facet normal 0.0420942 0.717488 0.695297
    outer loop
      vertex 24.2454 30.7741 57.3056
      vertex 24.2616 30.8405 57.2361
      vertex 0 32.2639 57.2361
    endloop
  endfacet
  facet normal 0.041387 0.706501 0.706501
    outer loop
      vertex 24.2454 30.7741 57.3056
      vertex 0 32.2639 57.2361
      vertex 0 32.1944 57.3056
    endloop
  endfacet
  facet normal -0.0420942 0.717488 0.695297
    outer loop
      vertex -24.2454 30.7741 57.3056
      vertex 0 32.2639 57.2361
      vertex -24.2616 30.8405 57.2361
    endloop
  endfacet
  facet normal -0.041387 0.706501 0.706501
    outer loop
      vertex 0 32.1944 57.3056
      vertex 0 32.2639 57.2361
      vertex -24.2454 30.7741 57.3056
    endloop
  endfacet
  facet normal 0.0420193 0.716209 0.69662
    outer loop
      vertex -48.4907 32.1944 57.3056
      vertex -24.2616 30.8405 57.2361
      vertex -48.5231 32.2639 57.2361
    endloop
  endfacet
  facet normal 0.0426075 0.727334 0.68496
    outer loop
      vertex -24.2454 30.7741 57.3056
      vertex -24.2616 30.8405 57.2361
      vertex -48.4907 32.1944 57.3056
    endloop
  endfacet
  facet normal -0.45803 0.47475 0.751545
    outer loop
      vertex -62.9069 32.1944 57.3056
      vertex -62.9489 32.2639 57.2361
      vertex -72.7847 22.7745 57.2361
    endloop
  endfacet
  facet normal -0.492323 0.511056 0.704585
    outer loop
      vertex -72.7361 22.7255 57.3056
      vertex -62.9069 32.1944 57.3056
      vertex -72.7847 22.7745 57.2361
    endloop
  endfacet
  facet normal -0.709999 -0.704203 1.0092e-10
    outer loop
      vertex -72.7847 22.7745 57.2361
      vertex -72.6875 22.6765 57.375
      vertex -72.7361 22.7255 57.3056
    endloop
  endfacet
  facet normal -0.819315 0 0.573344
    outer loop
      vertex -72.7847 0 57.2361
      vertex -72.6875 22.6765 57.375
      vertex -72.7847 22.7745 57.2361
    endloop
  endfacet
  facet normal -0.819315 0 0.573344
    outer loop
      vertex -72.6875 22.6765 57.375
      vertex -72.7847 0 57.2361
      vertex -72.6875 0 57.375
    endloop
  endfacet
  facet normal 0.457496 0.474904 0.751774
    outer loop
      vertex 72.7361 22.7255 57.3056
      vertex 62.9069 32.1944 57.3056
      vertex 62.8649 32.125 57.375
    endloop
  endfacet
  facet normal 0.491594 0.511058 0.705092
    outer loop
      vertex 72.6875 22.6765 57.375
      vertex 72.7361 22.7255 57.3056
      vertex 62.8649 32.125 57.375
    endloop
  endfacet
  facet normal -0 0.707107 0.707107
    outer loop
      vertex 48.4907 32.1944 57.3056
      vertex 62.8649 32.125 57.375
      vertex 62.9069 32.1944 57.3056
    endloop
  endfacet
  facet normal 0 0.707107 0.707107
    outer loop
      vertex 62.8649 32.125 57.375
      vertex 48.4907 32.1944 57.3056
      vertex 48.4583 32.125 57.375
    endloop
  endfacet
  facet normal -0.0419559 0.71621 0.696623
    outer loop
      vertex 48.4583 32.125 57.375
      vertex 48.4907 32.1944 57.3056
      vertex 24.2454 30.7741 57.3056
    endloop
  endfacet
  facet normal -0.0425169 0.726837 0.685493
    outer loop
      vertex 48.4583 32.125 57.375
      vertex 24.2454 30.7741 57.3056
      vertex 24.2292 30.7077 57.375
    endloop
  endfacet
  facet normal 0.0420019 0.716998 0.695808
    outer loop
      vertex 24.2292 30.7077 57.375
      vertex 24.2454 30.7741 57.3056
      vertex 0 32.1944 57.3056
    endloop
  endfacet
  facet normal 0.0413273 0.706503 0.706503
    outer loop
      vertex 24.2292 30.7077 57.375
      vertex 0 32.1944 57.3056
      vertex 0 32.125 57.375
    endloop
  endfacet
  facet normal -0.0420019 0.716998 0.695808
    outer loop
      vertex -24.2292 30.7077 57.375
      vertex 0 32.1944 57.3056
      vertex -24.2454 30.7741 57.3056
    endloop
  endfacet
  facet normal -0.0413273 0.706503 0.706503
    outer loop
      vertex 0 32.125 57.375
      vertex 0 32.1944 57.3056
      vertex -24.2292 30.7077 57.375
    endloop
  endfacet
  facet normal 0.0419559 0.71621 0.696623
    outer loop
      vertex -48.4583 32.125 57.375
      vertex -24.2454 30.7741 57.3056
      vertex -48.4907 32.1944 57.3056
    endloop
  endfacet
  facet normal 0.0425169 0.726837 0.685493
    outer loop
      vertex -24.2292 30.7077 57.375
      vertex -24.2454 30.7741 57.3056
      vertex -48.4583 32.125 57.375
    endloop
  endfacet
  facet normal 0 0.707107 0.707107
    outer loop
      vertex -48.4907 32.1944 57.3056
      vertex -62.8649 32.125 57.375
      vertex -48.4583 32.125 57.375
    endloop
  endfacet
  facet normal 0 0.707107 0.707107
    outer loop
      vertex -62.8649 32.125 57.375
      vertex -48.4907 32.1944 57.3056
      vertex -62.9069 32.1944 57.3056
    endloop
  endfacet
  facet normal -0.457496 0.474904 0.751774
    outer loop
      vertex -62.8649 32.125 57.375
      vertex -62.9069 32.1944 57.3056
      vertex -72.7361 22.7255 57.3056
    endloop
  endfacet
  facet normal -0.491594 0.511058 0.705092
    outer loop
      vertex -72.6875 22.6765 57.375
      vertex -62.8649 32.125 57.375
      vertex -72.7361 22.7255 57.3056
    endloop
  endfacet
  facet normal 0.709999 -0.704203 1.0092e-10
    outer loop
      vertex 72.6875 22.6765 57.375
      vertex 72.7847 22.7745 57.2361
      vertex 72.7361 22.7255 57.3056
    endloop
  endfacet
  facet normal 0.819315 0 0.573344
    outer loop
      vertex 72.7847 0 57.2361
      vertex 72.6875 22.6765 57.375
      vertex 72.6875 0 57.375
    endloop
  endfacet
  facet normal 0.819315 0 0.573344
    outer loop
      vertex 72.6875 22.6765 57.375
      vertex 72.7847 0 57.2361
      vertex 72.7847 22.7745 57.2361
    endloop
  endfacet
  facet normal 0.456873 0.474963 0.752115
    outer loop
      vertex 72.6875 22.6765 57.375
      vertex 62.8649 32.125 57.375
      vertex 62.8228 32.0556 57.4444
    endloop
  endfacet
  facet normal 0.491214 0.51143 0.705087
    outer loop
      vertex 72.6389 22.6275 57.4444
      vertex 72.6875 22.6765 57.375
      vertex 62.8228 32.0556 57.4444
    endloop
  endfacet
  facet normal -0 0.707107 0.707107
    outer loop
      vertex 48.4583 32.125 57.375
      vertex 62.8228 32.0556 57.4444
      vertex 62.8649 32.125 57.375
    endloop
  endfacet
  facet normal 0 0.707107 0.707107
    outer loop
      vertex 62.8228 32.0556 57.4444
      vertex 48.4583 32.125 57.375
      vertex 48.4259 32.0556 57.4444
    endloop
  endfacet
  facet normal -0.0418945 0.716198 0.696639
    outer loop
      vertex 48.4259 32.0556 57.4444
      vertex 48.4583 32.125 57.375
      vertex 24.2292 30.7077 57.375
    endloop
  endfacet
  facet normal -0.042455 0.726832 0.685502
    outer loop
      vertex 48.4259 32.0556 57.4444
      vertex 24.2292 30.7077 57.375
      vertex 24.213 30.6413 57.4444
    endloop
  endfacet
  facet normal 0.0419417 0.717007 0.695803
    outer loop
      vertex 24.213 30.6413 57.4444
      vertex 24.2292 30.7077 57.375
      vertex 0 32.125 57.375
    endloop
  endfacet
  facet normal 0.0412675 0.706504 0.706504
    outer loop
      vertex 24.213 30.6413 57.4444
      vertex 0 32.125 57.375
      vertex 0 32.0556 57.4444
    endloop
  endfacet
  facet normal -0.0419417 0.717007 0.695803
    outer loop
      vertex -24.213 30.6413 57.4444
      vertex 0 32.125 57.375
      vertex -24.2292 30.7077 57.375
    endloop
  endfacet
  facet normal -0.0412675 0.706504 0.706504
    outer loop
      vertex 0 32.0556 57.4444
      vertex 0 32.125 57.375
      vertex -24.213 30.6413 57.4444
    endloop
  endfacet
  facet normal 0.0418945 0.716198 0.696639
    outer loop
      vertex -48.4259 32.0556 57.4444
      vertex -24.2292 30.7077 57.375
      vertex -48.4583 32.125 57.375
    endloop
  endfacet
  facet normal 0.042455 0.726832 0.685502
    outer loop
      vertex -24.213 30.6413 57.4444
      vertex -24.2292 30.7077 57.375
      vertex -48.4259 32.0556 57.4444
    endloop
  endfacet
  facet normal 0 0.707107 0.707107
    outer loop
      vertex -48.4583 32.125 57.375
      vertex -62.8228 32.0556 57.4444
      vertex -48.4259 32.0556 57.4444
    endloop
  endfacet
  facet normal 0 0.707107 0.707107
    outer loop
      vertex -62.8228 32.0556 57.4444
      vertex -48.4583 32.125 57.375
      vertex -62.8649 32.125 57.375
    endloop
  endfacet
  facet normal -0.456873 0.474963 0.752115
    outer loop
      vertex -62.8228 32.0556 57.4444
      vertex -62.8649 32.125 57.375
      vertex -72.6875 22.6765 57.375
    endloop
  endfacet
  facet normal -0.491214 0.51143 0.705087
    outer loop
      vertex -72.6389 22.6275 57.4444
      vertex -62.8228 32.0556 57.4444
      vertex -72.6875 22.6765 57.375
    endloop
  endfacet
  facet normal -0.819121 0 0.573621
    outer loop
      vertex -72.6875 0 57.375
      vertex -72.6389 22.6275 57.4444
      vertex -72.6875 22.6765 57.375
    endloop
  endfacet
  facet normal -0.819121 0 0.573621
    outer loop
      vertex -72.6389 22.6275 57.4444
      vertex -72.6875 0 57.375
      vertex -72.6389 0 57.4444
    endloop
  endfacet
  facet normal 0.819121 0 0.573621
    outer loop
      vertex 72.6875 0 57.375
      vertex 72.6389 22.6275 57.4444
      vertex 72.6389 0 57.4444
    endloop
  endfacet
  facet normal 0.819121 0 0.573621
    outer loop
      vertex 72.6389 22.6275 57.4444
      vertex 72.6875 0 57.375
      vertex 72.6875 22.6765 57.375
    endloop
  endfacet
  facet normal 0.456837 0.475637 0.751711
    outer loop
      vertex 72.6389 22.6275 57.4444
      vertex 62.8228 32.0556 57.4444
      vertex 62.7808 31.9861 57.5139
    endloop
  endfacet
  facet normal 0.490932 0.511899 0.704943
    outer loop
      vertex 72.5903 22.5784 57.5139
      vertex 72.6389 22.6275 57.4444
      vertex 62.7808 31.9861 57.5139
    endloop
  endfacet
  facet normal -0.0418323 0.716171 0.69667
    outer loop
      vertex 48.3935 31.9861 57.5139
      vertex 48.4259 32.0556 57.4444
      vertex 24.213 30.6413 57.4444
    endloop
  endfacet
  facet normal -0.0424476 0.727869 0.684401
    outer loop
      vertex 48.3935 31.9861 57.5139
      vertex 24.213 30.6413 57.4444
      vertex 24.1967 30.575 57.5139
    endloop
  endfacet
  facet normal 0.041939 0.718001 0.694778
    outer loop
      vertex 24.1967 30.575 57.5139
      vertex 24.213 30.6413 57.4444
      vertex 0 32.0556 57.4444
    endloop
  endfacet
  facet normal 0.0412019 0.706506 0.706506
    outer loop
      vertex 24.1967 30.575 57.5139
      vertex 0 32.0556 57.4444
      vertex 0 31.9861 57.5139
    endloop
  endfacet
  facet normal -0.041939 0.718001 0.694778
    outer loop
      vertex -24.1967 30.575 57.5139
      vertex 0 32.0556 57.4444
      vertex -24.213 30.6413 57.4444
    endloop
  endfacet
  facet normal -0.0412019 0.706506 0.706506
    outer loop
      vertex 0 31.9861 57.5139
      vertex 0 32.0556 57.4444
      vertex -24.1967 30.575 57.5139
    endloop
  endfacet
  facet normal 0.0418323 0.716171 0.69667
    outer loop
      vertex -48.3935 31.9861 57.5139
      vertex -24.213 30.6413 57.4444
      vertex -48.4259 32.0556 57.4444
    endloop
  endfacet
  facet normal 0.0424476 0.727869 0.684401
    outer loop
      vertex -24.1967 30.575 57.5139
      vertex -24.213 30.6413 57.4444
      vertex -48.3935 31.9861 57.5139
    endloop
  endfacet
  facet normal 0 0.707107 0.707107
    outer loop
      vertex -48.2315 31.6389 57.8611
      vertex -62.5285 31.5694 57.9306
      vertex -48.1991 31.5694 57.9306
    endloop
  endfacet
  facet normal 0 0.707107 0.707107
    outer loop
      vertex -48.2639 31.7083 57.7917
      vertex -62.5285 31.5694 57.9306
      vertex -48.2315 31.6389 57.8611
    endloop
  endfacet
  facet normal 0 0.707107 0.707107
    outer loop
      vertex -48.2963 31.7778 57.7222
      vertex -62.5285 31.5694 57.9306
      vertex -48.2639 31.7083 57.7917
    endloop
  endfacet
  facet normal 0 0.707107 0.707107
    outer loop
      vertex -48.3287 31.8472 57.6528
      vertex -62.5285 31.5694 57.9306
      vertex -48.2963 31.7778 57.7222
    endloop
  endfacet
  facet normal 0 0.707107 0.707107
    outer loop
      vertex -48.3611 31.9167 57.5833
      vertex -62.5285 31.5694 57.9306
      vertex -48.3287 31.8472 57.6528
    endloop
  endfacet
  facet normal 0 0.707107 0.707107
    outer loop
      vertex -48.3935 31.9861 57.5139
      vertex -62.5285 31.5694 57.9306
      vertex -48.3611 31.9167 57.5833
    endloop
  endfacet
  facet normal 0 0.707107 0.707107
    outer loop
      vertex -48.4259 32.0556 57.4444
      vertex -62.5285 31.5694 57.9306
      vertex -48.3935 31.9861 57.5139
    endloop
  endfacet
  facet normal 0 0.707107 0.707107
    outer loop
      vertex -62.5285 31.5694 57.9306
      vertex -48.4259 32.0556 57.4444
      vertex -62.5706 31.6389 57.8611
    endloop
  endfacet
  facet normal 0 0.707107 0.707107
    outer loop
      vertex -62.5706 31.6389 57.8611
      vertex -48.4259 32.0556 57.4444
      vertex -62.6126 31.7083 57.7917
    endloop
  endfacet
  facet normal 0 0.707107 0.707107
    outer loop
      vertex -62.6126 31.7083 57.7917
      vertex -48.4259 32.0556 57.4444
      vertex -62.6547 31.7778 57.7222
    endloop
  endfacet
  facet normal 0 0.707107 0.707107
    outer loop
      vertex -62.6547 31.7778 57.7222
      vertex -48.4259 32.0556 57.4444
      vertex -62.6967 31.8472 57.6528
    endloop
  endfacet
  facet normal 0 0.707107 0.707107
    outer loop
      vertex -62.6967 31.8472 57.6528
      vertex -48.4259 32.0556 57.4444
      vertex -62.7387 31.9167 57.5833
    endloop
  endfacet
  facet normal 0 0.707107 0.707107
    outer loop
      vertex -62.7387 31.9167 57.5833
      vertex -48.4259 32.0556 57.4444
      vertex -62.7808 31.9861 57.5139
    endloop
  endfacet
  facet normal 0 0.707107 0.707107
    outer loop
      vertex -62.7808 31.9861 57.5139
      vertex -48.4259 32.0556 57.4444
      vertex -62.8228 32.0556 57.4444
    endloop
  endfacet
  facet normal -0.456837 0.475637 0.751711
    outer loop
      vertex -62.7808 31.9861 57.5139
      vertex -62.8228 32.0556 57.4444
      vertex -72.6389 22.6275 57.4444
    endloop
  endfacet
  facet normal -0.490932 0.511899 0.704943
    outer loop
      vertex -72.5903 22.5784 57.5139
      vertex -62.7808 31.9861 57.5139
      vertex -72.6389 22.6275 57.4444
    endloop
  endfacet
  facet normal -0.819509 0 0.573067
    outer loop
      vertex -72.6389 0 57.4444
      vertex -72.5903 22.5784 57.5139
      vertex -72.6389 22.6275 57.4444
    endloop
  endfacet
  facet normal -0.819509 0 0.573067
    outer loop
      vertex -72.5903 22.5784 57.5139
      vertex -72.6389 0 57.4444
      vertex -72.5903 0 57.5139
    endloop
  endfacet
  facet normal 0.819509 0 0.573067
    outer loop
      vertex 72.6389 0 57.4444
      vertex 72.5903 22.5784 57.5139
      vertex 72.5903 0 57.5139
    endloop
  endfacet
  facet normal 0.819509 0 0.573067
    outer loop
      vertex 72.5903 22.5784 57.5139
      vertex 72.6389 0 57.4444
      vertex 72.6389 22.6275 57.4444
    endloop
  endfacet
  facet normal 0.456076 0.475555 0.752224
    outer loop
      vertex 72.5903 22.5784 57.5139
      vertex 62.7808 31.9861 57.5139
      vertex 62.7387 31.9167 57.5833
    endloop
  endfacet
  facet normal 0.490453 0.512172 0.705078
    outer loop
      vertex 72.5417 22.5294 57.5833
      vertex 72.5903 22.5784 57.5139
      vertex 62.7387 31.9167 57.5833
    endloop
  endfacet
  facet normal -0.0417654 0.716172 0.696673
    outer loop
      vertex 48.3611 31.9167 57.5833
      vertex 48.3935 31.9861 57.5139
      vertex 24.1967 30.575 57.5139
    endloop
  endfacet
  facet normal -0.0423247 0.726821 0.685522
    outer loop
      vertex 48.3611 31.9167 57.5833
      vertex 24.1967 30.575 57.5139
      vertex 24.1805 30.5086 57.5833
    endloop
  endfacet
  facet normal 0.0418154 0.717026 0.695791
    outer loop
      vertex 24.1805 30.5086 57.5833
      vertex 24.1967 30.575 57.5139
      vertex 0 31.9861 57.5139
    endloop
  endfacet
  facet normal 0.041142 0.706508 0.706508
    outer loop
      vertex 24.1805 30.5086 57.5833
      vertex 0 31.9861 57.5139
      vertex 0 31.9167 57.5833
    endloop
  endfacet
  facet normal -0.0418154 0.717026 0.695791
    outer loop
      vertex -24.1805 30.5086 57.5833
      vertex 0 31.9861 57.5139
      vertex -24.1967 30.575 57.5139
    endloop
  endfacet
  facet normal -0.041142 0.706508 0.706508
    outer loop
      vertex 0 31.9167 57.5833
      vertex 0 31.9861 57.5139
      vertex -24.1805 30.5086 57.5833
    endloop
  endfacet
  facet normal 0.0417654 0.716172 0.696673
    outer loop
      vertex -48.3611 31.9167 57.5833
      vertex -24.1967 30.575 57.5139
      vertex -48.3935 31.9861 57.5139
    endloop
  endfacet
  facet normal 0.0423247 0.726821 0.685522
    outer loop
      vertex -24.1805 30.5086 57.5833
      vertex -24.1967 30.575 57.5139
      vertex -48.3611 31.9167 57.5833
    endloop
  endfacet
  facet normal -0.456076 0.475555 0.752224
    outer loop
      vertex -62.7387 31.9167 57.5833
      vertex -62.7808 31.9861 57.5139
      vertex -72.5903 22.5784 57.5139
    endloop
  endfacet
  facet normal -0.490453 0.512172 0.705078
    outer loop
      vertex -72.5417 22.5294 57.5833
      vertex -62.7387 31.9167 57.5833
      vertex -72.5903 22.5784 57.5139
    endloop
  endfacet
  facet normal -0.819121 0 0.573621
    outer loop
      vertex -72.5903 0 57.5139
      vertex -72.5417 22.5294 57.5833
      vertex -72.5903 22.5784 57.5139
    endloop
  endfacet
  facet normal -0.819121 0 0.573621
    outer loop
      vertex -72.5417 22.5294 57.5833
      vertex -72.5903 0 57.5139
      vertex -72.5417 0 57.5833
    endloop
  endfacet
  facet normal 0.819121 0 0.573621
    outer loop
      vertex 72.5903 0 57.5139
      vertex 72.5417 22.5294 57.5833
      vertex 72.5417 0 57.5833
    endloop
  endfacet
  facet normal 0.819121 0 0.573621
    outer loop
      vertex 72.5417 22.5294 57.5833
      vertex 72.5903 0 57.5139
      vertex 72.5903 22.5784 57.5139
    endloop
  endfacet
  facet normal 0.456036 0.476231 0.751821
    outer loop
      vertex 72.5417 22.5294 57.5833
      vertex 62.7387 31.9167 57.5833
      vertex 62.6967 31.8472 57.6528
    endloop
  endfacet
  facet normal 0.49042 0.512913 0.704563
    outer loop
      vertex 72.4931 22.4804 57.6528
      vertex 72.5417 22.5294 57.5833
      vertex 62.6967 31.8472 57.6528
    endloop
  endfacet
  facet normal -0.041703 0.716145 0.696704
    outer loop
      vertex 48.3287 31.8472 57.6528
      vertex 48.3611 31.9167 57.5833
      vertex 24.1805 30.5086 57.5833
    endloop
  endfacet
  facet normal -0.0422881 0.727307 0.685009
    outer loop
      vertex 48.3287 31.8472 57.6528
      vertex 24.1805 30.5086 57.5833
      vertex 24.1643 30.4422 57.6528
    endloop
  endfacet
  facet normal 0.0417841 0.717534 0.695269
    outer loop
      vertex 24.1643 30.4422 57.6528
      vertex 24.1805 30.5086 57.5833
      vertex 0 31.9167 57.5833
    endloop
  endfacet
  facet normal 0.041079 0.70651 0.70651
    outer loop
      vertex 24.1643 30.4422 57.6528
      vertex 0 31.9167 57.5833
      vertex 0 31.8472 57.6528
    endloop
  endfacet
  facet normal -0.0417841 0.717534 0.695269
    outer loop
      vertex -24.1643 30.4422 57.6528
      vertex 0 31.9167 57.5833
      vertex -24.1805 30.5086 57.5833
    endloop
  endfacet
  facet normal -0.041079 0.70651 0.70651
    outer loop
      vertex 0 31.8472 57.6528
      vertex 0 31.9167 57.5833
      vertex -24.1643 30.4422 57.6528
    endloop
  endfacet
  facet normal 0.041703 0.716145 0.696704
    outer loop
      vertex -48.3287 31.8472 57.6528
      vertex -24.1805 30.5086 57.5833
      vertex -48.3611 31.9167 57.5833
    endloop
  endfacet
  facet normal 0.0422881 0.727307 0.685009
    outer loop
      vertex -24.1643 30.4422 57.6528
      vertex -24.1805 30.5086 57.5833
      vertex -48.3287 31.8472 57.6528
    endloop
  endfacet
  facet normal -0.456036 0.476231 0.751821
    outer loop
      vertex -62.6967 31.8472 57.6528
      vertex -62.7387 31.9167 57.5833
      vertex -72.5417 22.5294 57.5833
    endloop
  endfacet
  facet normal -0.49042 0.512913 0.704563
    outer loop
      vertex -72.4931 22.4804 57.6528
      vertex -62.6967 31.8472 57.6528
      vertex -72.5417 22.5294 57.5833
    endloop
  endfacet
  facet normal -0.819509 0 0.573067
    outer loop
      vertex -72.5417 0 57.5833
      vertex -72.4931 22.4804 57.6528
      vertex -72.5417 22.5294 57.5833
    endloop
  endfacet
  facet normal -0.819509 0 0.573067
    outer loop
      vertex -72.4931 22.4804 57.6528
      vertex -72.5417 0 57.5833
      vertex -72.4931 0 57.6528
    endloop
  endfacet
  facet normal 0.819509 0 0.573067
    outer loop
      vertex 72.5417 0 57.5833
      vertex 72.4931 22.4804 57.6528
      vertex 72.4931 0 57.6528
    endloop
  endfacet
  facet normal 0.819509 0 0.573067
    outer loop
      vertex 72.4931 22.4804 57.6528
      vertex 72.5417 0 57.5833
      vertex 72.5417 22.5294 57.5833
    endloop
  endfacet
  facet normal 0.455497 0.476388 0.752049
    outer loop
      vertex 72.4931 22.4804 57.6528
      vertex 62.6967 31.8472 57.6528
      vertex 62.6547 31.7778 57.7222
    endloop
  endfacet
  facet normal 0.489446 0.51266 0.705423
    outer loop
      vertex 72.4444 22.4314 57.7222
      vertex 72.4931 22.4804 57.6528
      vertex 62.6547 31.7778 57.7222
    endloop
  endfacet
  facet normal -0.0416392 0.716146 0.696707
    outer loop
      vertex 48.2963 31.7778 57.7222
      vertex 48.3287 31.8472 57.6528
      vertex 24.1643 30.4422 57.6528
    endloop
  endfacet
  facet normal -0.0421972 0.72681 0.685541
    outer loop
      vertex 48.2963 31.7778 57.7222
      vertex 24.1643 30.4422 57.6528
      vertex 24.1481 30.3758 57.7222
    endloop
  endfacet
  facet normal 0.0416915 0.717044 0.69578
    outer loop
      vertex 24.1481 30.3758 57.7222
      vertex 24.1643 30.4422 57.6528
      vertex 0 31.8472 57.6528
    endloop
  endfacet
  facet normal 0.0410189 0.706512 0.706512
    outer loop
      vertex 24.1481 30.3758 57.7222
      vertex 0 31.8472 57.6528
      vertex 0 31.7778 57.7222
    endloop
  endfacet
  facet normal -0.0416915 0.717044 0.69578
    outer loop
      vertex -24.1481 30.3758 57.7222
      vertex 0 31.8472 57.6528
      vertex -24.1643 30.4422 57.6528
    endloop
  endfacet
  facet normal -0.0410189 0.706512 0.706512
    outer loop
      vertex 0 31.7778 57.7222
      vertex 0 31.8472 57.6528
      vertex -24.1481 30.3758 57.7222
    endloop
  endfacet
  facet normal 0.0416392 0.716146 0.696707
    outer loop
      vertex -48.2963 31.7778 57.7222
      vertex -24.1643 30.4422 57.6528
      vertex -48.3287 31.8472 57.6528
    endloop
  endfacet
  facet normal 0.0421972 0.72681 0.685541
    outer loop
      vertex -24.1481 30.3758 57.7222
      vertex -24.1643 30.4422 57.6528
      vertex -48.2963 31.7778 57.7222
    endloop
  endfacet
  facet normal -0.455497 0.476388 0.752049
    outer loop
      vertex -62.6547 31.7778 57.7222
      vertex -62.6967 31.8472 57.6528
      vertex -72.4931 22.4804 57.6528
    endloop
  endfacet
  facet normal -0.489446 0.51266 0.705423
    outer loop
      vertex -72.4444 22.4314 57.7222
      vertex -62.6547 31.7778 57.7222
      vertex -72.4931 22.4804 57.6528
    endloop
  endfacet
  facet normal -0.818566 0 0.574412
    outer loop
      vertex -72.4931 0 57.6528
      vertex -72.4444 22.4314 57.7222
      vertex -72.4931 22.4804 57.6528
    endloop
  endfacet
  facet normal -0.818566 0 0.574412
    outer loop
      vertex -72.4444 22.4314 57.7222
      vertex -72.4931 0 57.6528
      vertex -72.4444 0 57.7222
    endloop
  endfacet
  facet normal 0.818566 0 0.574412
    outer loop
      vertex 72.4931 0 57.6528
      vertex 72.4444 22.4314 57.7222
      vertex 72.4444 0 57.7222
    endloop
  endfacet
  facet normal 0.818566 0 0.574412
    outer loop
      vertex 72.4444 22.4314 57.7222
      vertex 72.4931 0 57.6528
      vertex 72.4931 22.4804 57.6528
    endloop
  endfacet
  facet normal 0.45501 0.476591 0.752215
    outer loop
      vertex 72.4444 22.4314 57.7222
      vertex 62.6547 31.7778 57.7222
      vertex 62.6126 31.7083 57.7917
    endloop
  endfacet
  facet normal 0.489651 0.513661 0.704553
    outer loop
      vertex 72.3958 22.3824 57.7917
      vertex 72.4444 22.4314 57.7222
      vertex 62.6126 31.7083 57.7917
    endloop
  endfacet
  facet normal -0.0415766 0.71612 0.696738
    outer loop
      vertex 48.2639 31.7083 57.7917
      vertex 48.2963 31.7778 57.7222
      vertex 24.1481 30.3758 57.7222
    endloop
  endfacet
  facet normal -0.0421604 0.727296 0.685028
    outer loop
      vertex 48.2639 31.7083 57.7917
      vertex 24.1481 30.3758 57.7222
      vertex 24.1319 30.3094 57.7917
    endloop
  endfacet
  facet normal 0.04166 0.717553 0.695257
    outer loop
      vertex 24.1319 30.3094 57.7917
      vertex 24.1481 30.3758 57.7222
      vertex 0 31.7778 57.7222
    endloop
  endfacet
  facet normal 0.0409558 0.706513 0.706513
    outer loop
      vertex 24.1319 30.3094 57.7917
      vertex 0 31.7778 57.7222
      vertex 0 31.7083 57.7917
    endloop
  endfacet
  facet normal -0.04166 0.717553 0.695257
    outer loop
      vertex -24.1319 30.3094 57.7917
      vertex 0 31.7778 57.7222
      vertex -24.1481 30.3758 57.7222
    endloop
  endfacet
  facet normal -0.0409558 0.706513 0.706513
    outer loop
      vertex 0 31.7083 57.7917
      vertex 0 31.7778 57.7222
      vertex -24.1319 30.3094 57.7917
    endloop
  endfacet
  facet normal 0.0415766 0.71612 0.696738
    outer loop
      vertex -48.2639 31.7083 57.7917
      vertex -24.1481 30.3758 57.7222
      vertex -48.2963 31.7778 57.7222
    endloop
  endfacet
  facet normal 0.0421604 0.727296 0.685028
    outer loop
      vertex -24.1319 30.3094 57.7917
      vertex -24.1481 30.3758 57.7222
      vertex -48.2639 31.7083 57.7917
    endloop
  endfacet
  facet normal -0.45501 0.476591 0.752215
    outer loop
      vertex -62.6126 31.7083 57.7917
      vertex -62.6547 31.7778 57.7222
      vertex -72.4444 22.4314 57.7222
    endloop
  endfacet
  facet normal -0.489651 0.513661 0.704553
    outer loop
      vertex -72.3958 22.3824 57.7917
      vertex -62.6126 31.7083 57.7917
      vertex -72.4444 22.4314 57.7222
    endloop
  endfacet
  facet normal -0.819509 0 0.573067
    outer loop
      vertex -72.4444 0 57.7222
      vertex -72.3958 22.3824 57.7917
      vertex -72.4444 22.4314 57.7222
    endloop
  endfacet
  facet normal -0.819509 0 0.573067
    outer loop
      vertex -72.3958 22.3824 57.7917
      vertex -72.4444 0 57.7222
      vertex -72.3958 0 57.7917
    endloop
  endfacet
  facet normal 0.819509 0 0.573067
    outer loop
      vertex 72.4444 0 57.7222
      vertex 72.3958 22.3824 57.7917
      vertex 72.3958 0 57.7917
    endloop
  endfacet
  facet normal 0.819509 0 0.573067
    outer loop
      vertex 72.3958 22.3824 57.7917
      vertex 72.4444 0 57.7222
      vertex 72.4444 22.4314 57.7222
    endloop
  endfacet
  facet normal 0.45469 0.476986 0.752158
    outer loop
      vertex 72.3958 22.3824 57.7917
      vertex 62.6126 31.7083 57.7917
      vertex 62.5706 31.6389 57.8611
    endloop
  endfacet
  facet normal 0.488663 0.513397 0.70543
    outer loop
      vertex 72.3472 22.3333 57.8611
      vertex 72.3958 22.3824 57.7917
      vertex 62.5706 31.6389 57.8611
    endloop
  endfacet
  facet normal -0.0415126 0.716121 0.696741
    outer loop
      vertex 48.2315 31.6389 57.8611
      vertex 48.2639 31.7083 57.7917
      vertex 24.1319 30.3094 57.7917
    endloop
  endfacet
  facet normal -0.0420966 0.727321 0.685006
    outer loop
      vertex 48.2315 31.6389 57.8611
      vertex 24.1319 30.3094 57.7917
      vertex 24.1157 30.2431 57.8611
    endloop
  endfacet
  facet normal 0.0415972 0.717578 0.695235
    outer loop
      vertex 24.1157 30.2431 57.8611
      vertex 24.1319 30.3094 57.7917
      vertex 0 31.7083 57.7917
    endloop
  endfacet
  facet normal 0.0408926 0.706515 0.706515
    outer loop
      vertex 24.1157 30.2431 57.8611
      vertex 0 31.7083 57.7917
      vertex 0 31.6389 57.8611
    endloop
  endfacet
  facet normal -0.0415972 0.717578 0.695235
    outer loop
      vertex -24.1157 30.2431 57.8611
      vertex 0 31.7083 57.7917
      vertex -24.1319 30.3094 57.7917
    endloop
  endfacet
  facet normal -0.0408926 0.706515 0.706515
    outer loop
      vertex 0 31.6389 57.8611
      vertex 0 31.7083 57.7917
      vertex -24.1157 30.2431 57.8611
    endloop
  endfacet
  facet normal 0.0415126 0.716121 0.696741
    outer loop
      vertex -48.2315 31.6389 57.8611
      vertex -24.1319 30.3094 57.7917
      vertex -48.2639 31.7083 57.7917
    endloop
  endfacet
  facet normal 0.0420966 0.727321 0.685006
    outer loop
      vertex -24.1157 30.2431 57.8611
      vertex -24.1319 30.3094 57.7917
      vertex -48.2315 31.6389 57.8611
    endloop
  endfacet
  facet normal -0.45469 0.476986 0.752158
    outer loop
      vertex -62.5706 31.6389 57.8611
      vertex -62.6126 31.7083 57.7917
      vertex -72.3958 22.3824 57.7917
    endloop
  endfacet
  facet normal -0.488663 0.513397 0.70543
    outer loop
      vertex -72.3472 22.3333 57.8611
      vertex -62.5706 31.6389 57.8611
      vertex -72.3958 22.3824 57.7917
    endloop
  endfacet
  facet normal -0.819121 0 0.573621
    outer loop
      vertex -72.3958 0 57.7917
      vertex -72.3472 22.3333 57.8611
      vertex -72.3958 22.3824 57.7917
    endloop
  endfacet
  facet normal -0.819121 0 0.573621
    outer loop
      vertex -72.3472 22.3333 57.8611
      vertex -72.3958 0 57.7917
      vertex -72.3472 0 57.8611
    endloop
  endfacet
  facet normal 0.819121 0 0.573621
    outer loop
      vertex 72.3958 0 57.7917
      vertex 72.3472 22.3333 57.8611
      vertex 72.3472 0 57.8611
    endloop
  endfacet
  facet normal 0.819121 0 0.573621
    outer loop
      vertex 72.3472 22.3333 57.8611
      vertex 72.3958 0 57.7917
      vertex 72.3958 22.3824 57.7917
    endloop
  endfacet
  facet normal 0.454201 0.47719 0.752324
    outer loop
      vertex 72.3472 22.3333 57.8611
      vertex 62.5706 31.6389 57.8611
      vertex 62.5285 31.5694 57.9306
    endloop
  endfacet
  facet normal 0.488877 0.514413 0.704542
    outer loop
      vertex 72.2986 22.2843 57.9306
      vertex 72.3472 22.3333 57.8611
      vertex 62.5285 31.5694 57.9306
    endloop
  endfacet
  facet normal 0 0.707107 0.707107
    outer loop
      vertex 48.4259 32.0556 57.4444
      vertex 62.5285 31.5694 57.9306
      vertex 62.5706 31.6389 57.8611
    endloop
  endfacet
  facet normal 0 0.707107 0.707107
    outer loop
      vertex 62.5285 31.5694 57.9306
      vertex 48.2315 31.6389 57.8611
      vertex 48.1991 31.5694 57.9306
    endloop
  endfacet
  facet normal 0 0.707107 0.707107
    outer loop
      vertex 48.4259 32.0556 57.4444
      vertex 62.5706 31.6389 57.8611
      vertex 62.6126 31.7083 57.7917
    endloop
  endfacet
  facet normal 0 0.707107 0.707107
    outer loop
      vertex 62.5285 31.5694 57.9306
      vertex 48.2639 31.7083 57.7917
      vertex 48.2315 31.6389 57.8611
    endloop
  endfacet
  facet normal 0 0.707107 0.707107
    outer loop
      vertex 48.4259 32.0556 57.4444
      vertex 62.6126 31.7083 57.7917
      vertex 62.6547 31.7778 57.7222
    endloop
  endfacet
  facet normal 0 0.707107 0.707107
    outer loop
      vertex 62.5285 31.5694 57.9306
      vertex 48.2963 31.7778 57.7222
      vertex 48.2639 31.7083 57.7917
    endloop
  endfacet
  facet normal 0 0.707107 0.707107
    outer loop
      vertex 48.4259 32.0556 57.4444
      vertex 62.6547 31.7778 57.7222
      vertex 62.6967 31.8472 57.6528
    endloop
  endfacet
  facet normal 0 0.707107 0.707107
    outer loop
      vertex 62.5285 31.5694 57.9306
      vertex 48.3287 31.8472 57.6528
      vertex 48.2963 31.7778 57.7222
    endloop
  endfacet
  facet normal 0 0.707107 0.707107
    outer loop
      vertex 48.4259 32.0556 57.4444
      vertex 62.6967 31.8472 57.6528
      vertex 62.7387 31.9167 57.5833
    endloop
  endfacet
  facet normal 0 0.707107 0.707107
    outer loop
      vertex 62.5285 31.5694 57.9306
      vertex 48.3611 31.9167 57.5833
      vertex 48.3287 31.8472 57.6528
    endloop
  endfacet
  facet normal 0 0.707107 0.707107
    outer loop
      vertex 48.4259 32.0556 57.4444
      vertex 62.7387 31.9167 57.5833
      vertex 62.7808 31.9861 57.5139
    endloop
  endfacet
  facet normal 0 0.707107 0.707107
    outer loop
      vertex 62.5285 31.5694 57.9306
      vertex 48.3935 31.9861 57.5139
      vertex 48.3611 31.9167 57.5833
    endloop
  endfacet
  facet normal -0 0.707107 0.707107
    outer loop
      vertex 48.4259 32.0556 57.4444
      vertex 62.7808 31.9861 57.5139
      vertex 62.8228 32.0556 57.4444
    endloop
  endfacet
  facet normal 0 0.707107 0.707107
    outer loop
      vertex 62.5285 31.5694 57.9306
      vertex 48.4259 32.0556 57.4444
      vertex 48.3935 31.9861 57.5139
    endloop
  endfacet
  facet normal -0.0414469 0.716094 0.696772
    outer loop
      vertex 48.1991 31.5694 57.9306
      vertex 48.2315 31.6389 57.8611
      vertex 24.1157 30.2431 57.8611
    endloop
  endfacet
  facet normal -0.0420293 0.727285 0.685048
    outer loop
      vertex 48.1991 31.5694 57.9306
      vertex 24.1157 30.2431 57.8611
      vertex 24.0995 30.1767 57.9306
    endloop
  endfacet
  facet normal 0.0415325 0.717571 0.695246
    outer loop
      vertex 24.0995 30.1767 57.9306
      vertex 24.1157 30.2431 57.8611
      vertex 0 31.6389 57.8611
    endloop
  endfacet
  facet normal 0.0408293 0.706517 0.706517
    outer loop
      vertex 24.0995 30.1767 57.9306
      vertex 0 31.6389 57.8611
      vertex 0 31.5694 57.9306
    endloop
  endfacet
  facet normal -0.0415325 0.717571 0.695246
    outer loop
      vertex -24.0995 30.1767 57.9306
      vertex 0 31.6389 57.8611
      vertex -24.1157 30.2431 57.8611
    endloop
  endfacet
  facet normal -0.0408293 0.706517 0.706517
    outer loop
      vertex 0 31.5694 57.9306
      vertex 0 31.6389 57.8611
      vertex -24.0995 30.1767 57.9306
    endloop
  endfacet
  facet normal 0.0414469 0.716094 0.696772
    outer loop
      vertex -48.1991 31.5694 57.9306
      vertex -24.1157 30.2431 57.8611
      vertex -48.2315 31.6389 57.8611
    endloop
  endfacet
  facet normal 0.0420293 0.727285 0.685048
    outer loop
      vertex -24.0995 30.1767 57.9306
      vertex -24.1157 30.2431 57.8611
      vertex -48.1991 31.5694 57.9306
    endloop
  endfacet
  facet normal -0.454201 0.47719 0.752324
    outer loop
      vertex -62.5285 31.5694 57.9306
      vertex -62.5706 31.6389 57.8611
      vertex -72.3472 22.3333 57.8611
    endloop
  endfacet
  facet normal -0.488877 0.514413 0.704542
    outer loop
      vertex -72.2986 22.2843 57.9306
      vertex -62.5285 31.5694 57.9306
      vertex -72.3472 22.3333 57.8611
    endloop
  endfacet
  facet normal -0.709999 -0.704203 1.2593e-10
    outer loop
      vertex -72.3472 22.3333 57.8611
      vertex -72.25 22.2353 58
      vertex -72.2986 22.2843 57.9306
    endloop
  endfacet
  facet normal -0.819315 0 0.573344
    outer loop
      vertex -72.3472 0 57.8611
      vertex -72.25 22.2353 58
      vertex -72.3472 22.3333 57.8611
    endloop
  endfacet
  facet normal -0.819315 0 0.573344
    outer loop
      vertex -72.25 22.2353 58
      vertex -72.3472 0 57.8611
      vertex -72.25 0 58
    endloop
  endfacet
  facet normal 0.453878 0.477586 0.752267
    outer loop
      vertex 72.2986 22.2843 57.9306
      vertex 62.5285 31.5694 57.9306
      vertex 62.4865 31.5 58
    endloop
  endfacet
  facet normal 0.48814 0.514421 0.705046
    outer loop
      vertex 72.25 22.2353 58
      vertex 72.2986 22.2843 57.9306
      vertex 62.4865 31.5 58
    endloop
  endfacet
  facet normal -0 0.707107 0.707107
    outer loop
      vertex 48.1991 31.5694 57.9306
      vertex 62.4865 31.5 58
      vertex 62.5285 31.5694 57.9306
    endloop
  endfacet
  facet normal 0 0.707107 0.707107
    outer loop
      vertex 62.4865 31.5 58
      vertex 48.1991 31.5694 57.9306
      vertex 48.1667 31.5 58
    endloop
  endfacet
  facet normal -0.0413827 0.716095 0.696775
    outer loop
      vertex 48.1667 31.5 58
      vertex 48.1991 31.5694 57.9306
      vertex 24.0995 30.1767 57.9306
    endloop
  endfacet
  facet normal -0.0419383 0.726788 0.685581
    outer loop
      vertex 48.1667 31.5 58
      vertex 24.0995 30.1767 57.9306
      vertex 24.0833 30.1103 58
    endloop
  endfacet
  facet normal 0.0414398 0.717081 0.695757
    outer loop
      vertex 24.0833 30.1103 58
      vertex 24.0995 30.1767 57.9306
      vertex 0 31.5694 57.9306
    endloop
  endfacet
  facet normal 0.0407689 0.706519 0.706519
    outer loop
      vertex 24.0833 30.1103 58
      vertex 0 31.5694 57.9306
      vertex 0 31.5 58
    endloop
  endfacet
  facet normal -0.0414398 0.717081 0.695757
    outer loop
      vertex -24.0833 30.1103 58
      vertex 0 31.5694 57.9306
      vertex -24.0995 30.1767 57.9306
    endloop
  endfacet
  facet normal -0.0407689 0.706519 0.706519
    outer loop
      vertex 0 31.5 58
      vertex 0 31.5694 57.9306
      vertex -24.0833 30.1103 58
    endloop
  endfacet
  facet normal 0.0413827 0.716095 0.696775
    outer loop
      vertex -48.1667 31.5 58
      vertex -24.0995 30.1767 57.9306
      vertex -48.1991 31.5694 57.9306
    endloop
  endfacet
  facet normal 0.0419383 0.726788 0.685581
    outer loop
      vertex -24.0833 30.1103 58
      vertex -24.0995 30.1767 57.9306
      vertex -48.1667 31.5 58
    endloop
  endfacet
  facet normal 0 0.707107 0.707107
    outer loop
      vertex -48.1991 31.5694 57.9306
      vertex -62.4865 31.5 58
      vertex -48.1667 31.5 58
    endloop
  endfacet
  facet normal 0 0.707107 0.707107
    outer loop
      vertex -62.4865 31.5 58
      vertex -48.1991 31.5694 57.9306
      vertex -62.5285 31.5694 57.9306
    endloop
  endfacet
  facet normal -0.453878 0.477586 0.752267
    outer loop
      vertex -62.4865 31.5 58
      vertex -62.5285 31.5694 57.9306
      vertex -72.2986 22.2843 57.9306
    endloop
  endfacet
  facet normal -0.48814 0.514421 0.705046
    outer loop
      vertex -72.25 22.2353 58
      vertex -62.4865 31.5 58
      vertex -72.2986 22.2843 57.9306
    endloop
  endfacet
  facet normal 0.709999 -0.704203 1.2593e-10
    outer loop
      vertex 72.25 22.2353 58
      vertex 72.3472 22.3333 57.8611
      vertex 72.2986 22.2843 57.9306
    endloop
  endfacet
  facet normal 0.819315 0 0.573344
    outer loop
      vertex 72.3472 0 57.8611
      vertex 72.25 22.2353 58
      vertex 72.25 0 58
    endloop
  endfacet
  facet normal 0.819315 0 0.573344
    outer loop
      vertex 72.25 22.2353 58
      vertex 72.3472 0 57.8611
      vertex 72.3472 22.3333 57.8611
    endloop
  endfacet
  facet normal 0 0 -1
    outer loop
      vertex 19.3024 0 43.5
      vertex 20.1523 4 43.5
      vertex 20.2792 4 43.5
    endloop
  endfacet
  facet normal 0 0 -1
    outer loop
      vertex 20.1523 4 43.5
      vertex 19.3024 0 43.5
      vertex 19.3021 0 43.5
    endloop
  endfacet
  facet normal 0 0 -1
    outer loop
      vertex -19.3024 0 43.5
      vertex -20.1523 4 43.5
      vertex -19.3021 0 43.5
    endloop
  endfacet
  facet normal -0 -0 -1
    outer loop
      vertex -20.1523 4 43.5
      vertex -19.3024 0 43.5
      vertex -20.2792 4 43.5
    endloop
  endfacet
  facet normal 0.976641 0.207584 0.0554997
    outer loop
      vertex -16.8305 0 0
      vertex -17.4438 2.88545 0
      vertex -16.8714 0 0.719727
    endloop
  endfacet
  facet normal 0.976266 0.208399 0.0589366
    outer loop
      vertex -17.9153 4.88999 0.722221
      vertex -17.4438 2.88545 0
      vertex -17.8717 4.88999 0
    endloop
  endfacet
  facet normal 0.976268 0.208371 0.0590163
    outer loop
      vertex -16.8716 0 0.722221
      vertex -17.4438 2.88545 0
      vertex -17.9153 4.88999 0.722221
    endloop
  endfacet
  facet normal 0.973991 0.212698 0.0781068
    outer loop
      vertex -17.4438 2.88545 0
      vertex -16.8716 0 0.722221
      vertex -16.8714 0 0.719727
    endloop
  endfacet
  facet normal -0.976641 0.207584 0.0554997
    outer loop
      vertex 17.4438 2.88545 0
      vertex 16.8305 0 0
      vertex 16.8714 0 0.719727
    endloop
  endfacet
  facet normal -0.976266 0.208399 0.0589366
    outer loop
      vertex 17.4438 2.88545 0
      vertex 17.9153 4.88999 0.722221
      vertex 17.8717 4.88999 0
    endloop
  endfacet
  facet normal -0.973991 0.212698 0.0781068
    outer loop
      vertex 16.8716 0 0.722221
      vertex 17.4438 2.88545 0
      vertex 16.8714 0 0.719727
    endloop
  endfacet
  facet normal -0.976268 0.208371 0.0590163
    outer loop
      vertex 17.4438 2.88545 0
      vertex 16.8716 0 0.722221
      vertex 17.9153 4.88999 0.722221
    endloop
  endfacet
  facet normal 0.976466 0.208413 0.0554788
    outer loop
      vertex -16.8716 0 0.722221
      vertex -17.9153 4.88999 0.722221
      vertex -16.9409 0 1.94195
    endloop
  endfacet
  facet normal 0.977043 0.209395 0.0392387
    outer loop
      vertex -16.9409 0 1.94195
      vertex -17.989 4.88999 1.94444
      vertex -16.941 0 1.94444
    endloop
  endfacet
  facet normal 0.976103 0.209184 0.0588592
    outer loop
      vertex -17.989 4.88999 1.94444
      vertex -16.9409 0 1.94195
      vertex -17.9153 4.88999 0.722221
    endloop
  endfacet
  facet normal -0.976466 0.208413 0.0554788
    outer loop
      vertex 17.9153 4.88999 0.722221
      vertex 16.8716 0 0.722221
      vertex 16.9409 0 1.94195
    endloop
  endfacet
  facet normal -0.976103 0.209184 0.0588592
    outer loop
      vertex 16.9409 0 1.94195
      vertex 17.989 4.88999 1.94444
      vertex 17.9153 4.88999 0.722221
    endloop
  endfacet
  facet normal -0.977043 0.209395 0.0392387
    outer loop
      vertex 17.989 4.88999 1.94444
      vertex 16.9409 0 1.94195
      vertex 16.941 0 1.94444
    endloop
  endfacet
  facet normal 0.976291 0.209234 0.0554688
    outer loop
      vertex -16.941 0 1.94444
      vertex -17.989 4.88999 1.94444
      vertex -17.0103 0 3.16417
    endloop
  endfacet
  facet normal 0.974644 0.209738 0.0779715
    outer loop
      vertex -17.0103 0 3.16417
      vertex -18.0628 4.88999 3.16667
      vertex -17.0105 0 3.16667
    endloop
  endfacet
  facet normal 0.975919 0.210022 0.0589274
    outer loop
      vertex -18.0628 4.88999 3.16667
      vertex -17.0103 0 3.16417
      vertex -17.989 4.88999 1.94444
    endloop
  endfacet
  facet normal -0.976291 0.209234 0.0554688
    outer loop
      vertex 17.989 4.88999 1.94444
      vertex 16.941 0 1.94444
      vertex 17.0103 0 3.16417
    endloop
  endfacet
  facet normal -0.975919 0.210022 0.0589274
    outer loop
      vertex 17.0103 0 3.16417
      vertex 18.0628 4.88999 3.16667
      vertex 17.989 4.88999 1.94444
    endloop
  endfacet
  facet normal -0.974644 0.209738 0.0779715
    outer loop
      vertex 18.0628 4.88999 3.16667
      vertex 17.0103 0 3.16417
      vertex 17.0105 0 3.16667
    endloop
  endfacet
  facet normal 0.976115 0.210055 0.0554593
    outer loop
      vertex -17.0105 0 3.16667
      vertex -18.0628 4.88999 3.16667
      vertex -17.0798 0 4.38639
    endloop
  endfacet
  facet normal 0.976697 0.211039 0.0390679
    outer loop
      vertex -17.0798 0 4.38639
      vertex -18.1365 4.88999 4.38889
      vertex -17.0799 0 4.38889
    endloop
  endfacet
  facet normal 0.975752 0.210824 0.0588379
    outer loop
      vertex -18.1365 4.88999 4.38889
      vertex -17.0798 0 4.38639
      vertex -18.0628 4.88999 3.16667
    endloop
  endfacet
  facet normal -0.976115 0.210055 0.0554593
    outer loop
      vertex 18.0628 4.88999 3.16667
      vertex 17.0105 0 3.16667
      vertex 17.0798 0 4.38639
    endloop
  endfacet
  facet normal -0.975752 0.210824 0.0588379
    outer loop
      vertex 17.0798 0 4.38639
      vertex 18.1365 4.88999 4.38889
      vertex 18.0628 4.88999 3.16667
    endloop
  endfacet
  facet normal -0.976697 0.211039 0.0390679
    outer loop
      vertex 18.1365 4.88999 4.38889
      vertex 17.0798 0 4.38639
      vertex 17.0799 0 4.38889
    endloop
  endfacet
  facet normal 0.975939 0.210875 0.0554488
    outer loop
      vertex -17.0799 0 4.38889
      vertex -18.1365 4.88999 4.38889
      vertex -17.1492 0 5.60862
    endloop
  endfacet
  facet normal 0.974268 0.211371 0.0782545
    outer loop
      vertex -17.1492 0 5.60862
      vertex -18.2103 4.88999 5.61111
      vertex -17.1494 0 5.61111
    endloop
  endfacet
  facet normal 0.975566 0.211662 0.0589066
    outer loop
      vertex -18.2103 4.88999 5.61111
      vertex -17.1492 0 5.60862
      vertex -18.1365 4.88999 4.38889
    endloop
  endfacet
  facet normal -0.975939 0.210875 0.0554488
    outer loop
      vertex 18.1365 4.88999 4.38889
      vertex 17.0799 0 4.38889
      vertex 17.1492 0 5.60862
    endloop
  endfacet
  facet normal -0.975566 0.211662 0.0589066
    outer loop
      vertex 17.1492 0 5.60862
      vertex 18.2103 4.88999 5.61111
      vertex 18.1365 4.88999 4.38889
    endloop
  endfacet
  facet normal -0.974268 0.211371 0.0782545
    outer loop
      vertex 18.2103 4.88999 5.61111
      vertex 17.1492 0 5.60862
      vertex 17.1494 0 5.61111
    endloop
  endfacet
  facet normal 0.975762 0.211695 0.0554388
    outer loop
      vertex -17.1494 0 5.61111
      vertex -18.2103 4.88999 5.61111
      vertex -17.2187 0 6.83084
    endloop
  endfacet
  facet normal 0.976335 0.212678 0.0392103
    outer loop
      vertex -17.2187 0 6.83084
      vertex -18.284 4.88999 6.83333
      vertex -17.2188 0 6.83333
    endloop
  endfacet
  facet normal 0.975397 0.212463 0.0588166
    outer loop
      vertex -18.284 4.88999 6.83333
      vertex -17.2187 0 6.83084
      vertex -18.2103 4.88999 5.61111
    endloop
  endfacet
  facet normal -0.975762 0.211695 0.0554388
    outer loop
      vertex 18.2103 4.88999 5.61111
      vertex 17.1494 0 5.61111
      vertex 17.2187 0 6.83084
    endloop
  endfacet
  facet normal -0.975397 0.212463 0.0588166
    outer loop
      vertex 17.2187 0 6.83084
      vertex 18.284 4.88999 6.83333
      vertex 18.2103 4.88999 5.61111
    endloop
  endfacet
  facet normal -0.976335 0.212678 0.0392103
    outer loop
      vertex 18.284 4.88999 6.83333
      vertex 17.2187 0 6.83084
      vertex 17.2188 0 6.83333
    endloop
  endfacet
  facet normal 0.975585 0.212514 0.0554287
    outer loop
      vertex -17.2188 0 6.83333
      vertex -18.284 4.88999 6.83333
      vertex -17.2881 0 8.05306
    endloop
  endfacet
  facet normal 0.97394 0.213001 0.0779152
    outer loop
      vertex -17.2881 0 8.05306
      vertex -18.1631 4 8.05556
      vertex -17.2883 0 8.05556
    endloop
  endfacet
  facet normal 0.975227 0.213237 0.0588478
    outer loop
      vertex -18.1598 4 8
      vertex -18.284 4.88999 6.83333
      vertex -18.3544 4.88999 8
    endloop
  endfacet
  facet normal 0.975267 0.213304 0.0579262
    outer loop
      vertex -18.1631 4 8.05556
      vertex -17.2881 0 8.05306
      vertex -18.1598 4 8
    endloop
  endfacet
  facet normal 0.975209 0.213304 0.0589003
    outer loop
      vertex -18.1598 4 8
      vertex -17.2881 0 8.05306
      vertex -18.284 4.88999 6.83333
    endloop
  endfacet
  facet normal -0.975585 0.212514 0.0554287
    outer loop
      vertex 18.284 4.88999 6.83333
      vertex 17.2188 0 6.83333
      vertex 17.2881 0 8.05306
    endloop
  endfacet
  facet normal -0.975227 0.213237 0.0588478
    outer loop
      vertex 18.284 4.88999 6.83333
      vertex 18.1598 4 8
      vertex 18.3544 4.88999 8
    endloop
  endfacet
  facet normal -0.975209 0.213304 0.0589003
    outer loop
      vertex 17.2881 0 8.05306
      vertex 18.1598 4 8
      vertex 18.284 4.88999 6.83333
    endloop
  endfacet
  facet normal -0.975267 0.213304 0.0579262
    outer loop
      vertex 17.2881 0 8.05306
      vertex 18.1631 4 8.05556
      vertex 18.1598 4 8
    endloop
  endfacet
  facet normal -0.97394 0.213001 0.0779152
    outer loop
      vertex 18.1631 4 8.05556
      vertex 17.2881 0 8.05306
      vertex 17.2883 0 8.05556
    endloop
  endfacet
  facet normal 0.97541 0.213319 0.0554192
    outer loop
      vertex -17.2883 0 8.05556
      vertex -18.1757 4 8.27755
      vertex -17.3576 0 9.27528
    endloop
  endfacet
  facet normal 0.975412 0.213323 0.0553637
    outer loop
      vertex -18.1757 4 8.27755
      vertex -17.2883 0 8.05556
      vertex -18.1631 4 8.05556
    endloop
  endfacet
  facet normal 0.975982 0.214326 0.0390393
    outer loop
      vertex -17.3576 0 9.27528
      vertex -18.2361 4 9.27778
      vertex -17.3577 0 9.27778
    endloop
  endfacet
  facet normal 0.975035 0.214105 0.0588785
    outer loop
      vertex -18.2361 4 9.27778
      vertex -17.3576 0 9.27528
      vertex -18.1757 4 8.27755
    endloop
  endfacet
  facet normal -0.975412 0.213323 0.0553637
    outer loop
      vertex 17.2883 0 8.05556
      vertex 18.1757 4 8.27755
      vertex 18.1631 4 8.05556
    endloop
  endfacet
  facet normal -0.97541 0.213319 0.0554192
    outer loop
      vertex 18.1757 4 8.27755
      vertex 17.2883 0 8.05556
      vertex 17.3576 0 9.27528
    endloop
  endfacet
  facet normal -0.975035 0.214105 0.0588785
    outer loop
      vertex 17.3576 0 9.27528
      vertex 18.2361 4 9.27778
      vertex 18.1757 4 8.27755
    endloop
  endfacet
  facet normal -0.975982 0.214326 0.0390393
    outer loop
      vertex 18.2361 4 9.27778
      vertex 17.3576 0 9.27528
      vertex 17.3577 0 9.27778
    endloop
  endfacet
  facet normal 0.975227 0.214157 0.0554088
    outer loop
      vertex -17.3577 0 9.27778
      vertex -18.2487 4 9.49977
      vertex -17.427 0 10.4975
    endloop
  endfacet
  facet normal 0.975229 0.21416 0.0553533
    outer loop
      vertex -18.2487 4 9.49977
      vertex -17.3577 0 9.27778
      vertex -18.2361 4 9.27778
    endloop
  endfacet
  facet normal 0.973581 0.21465 0.0778864
    outer loop
      vertex -17.427 0 10.4975
      vertex -18.3091 4 10.5
      vertex -17.4272 0 10.5
    endloop
  endfacet
  facet normal 0.974851 0.214942 0.0588675
    outer loop
      vertex -18.3091 4 10.5
      vertex -17.427 0 10.4975
      vertex -18.2487 4 9.49977
    endloop
  endfacet
  facet normal -0.975229 0.21416 0.0553533
    outer loop
      vertex 17.3577 0 9.27778
      vertex 18.2487 4 9.49977
      vertex 18.2361 4 9.27778
    endloop
  endfacet
  facet normal -0.975227 0.214157 0.0554088
    outer loop
      vertex 18.2487 4 9.49977
      vertex 17.3577 0 9.27778
      vertex 17.427 0 10.4975
    endloop
  endfacet
  facet normal -0.974851 0.214942 0.0588675
    outer loop
      vertex 17.427 0 10.4975
      vertex 18.3091 4 10.5
      vertex 18.2487 4 9.49977
    endloop
  endfacet
  facet normal -0.973581 0.21465 0.0778864
    outer loop
      vertex 18.3091 4 10.5
      vertex 17.427 0 10.4975
      vertex 17.4272 0 10.5
    endloop
  endfacet
  facet normal 0.975048 0.21497 0.0553995
    outer loop
      vertex -17.4272 0 10.5
      vertex -18.3217 4 10.722
      vertex -17.4965 0 11.7197
    endloop
  endfacet
  facet normal 0.97505 0.214974 0.0553407
    outer loop
      vertex -18.3217 4 10.722
      vertex -17.4272 0 10.5
      vertex -18.3091 4 10.5
    endloop
  endfacet
  facet normal 0.975623 0.215954 0.0390249
    outer loop
      vertex -17.4965 0 11.7197
      vertex -18.382 4 11.7222
      vertex -17.4966 0 11.7222
    endloop
  endfacet
  facet normal 0.974683 0.215734 0.0587616
    outer loop
      vertex -18.382 4 11.7222
      vertex -17.4965 0 11.7197
      vertex -18.3217 4 10.722
    endloop
  endfacet
  facet normal -0.97505 0.214974 0.0553407
    outer loop
      vertex 17.4272 0 10.5
      vertex 18.3217 4 10.722
      vertex 18.3091 4 10.5
    endloop
  endfacet
  facet normal -0.975048 0.21497 0.0553995
    outer loop
      vertex 18.3217 4 10.722
      vertex 17.4272 0 10.5
      vertex 17.4965 0 11.7197
    endloop
  endfacet
  facet normal -0.974683 0.215734 0.0587616
    outer loop
      vertex 17.4965 0 11.7197
      vertex 18.382 4 11.7222
      vertex 18.3217 4 10.722
    endloop
  endfacet
  facet normal -0.975623 0.215954 0.0390249
    outer loop
      vertex 18.382 4 11.7222
      vertex 17.4965 0 11.7197
      vertex 17.4966 0 11.7222
    endloop
  endfacet
  facet normal 0.974869 0.215784 0.0553894
    outer loop
      vertex -17.4966 0 11.7222
      vertex -18.3946 4 11.9442
      vertex -17.5659 0 12.9419
    endloop
  endfacet
  facet normal 0.974871 0.215788 0.0553305
    outer loop
      vertex -18.3946 4 11.9442
      vertex -17.4966 0 11.7222
      vertex -18.382 4 11.7222
    endloop
  endfacet
  facet normal 0.973223 0.216275 0.0778579
    outer loop
      vertex -17.5659 0 12.9419
      vertex -18.455 4 12.9444
      vertex -17.5661 0 12.9444
    endloop
  endfacet
  facet normal 0.974492 0.216568 0.0588476
    outer loop
      vertex -18.455 4 12.9444
      vertex -17.5659 0 12.9419
      vertex -18.3946 4 11.9442
    endloop
  endfacet
  facet normal -0.974871 0.215788 0.0553305
    outer loop
      vertex 17.4966 0 11.7222
      vertex 18.3946 4 11.9442
      vertex 18.382 4 11.7222
    endloop
  endfacet
  facet normal -0.974869 0.215784 0.0553894
    outer loop
      vertex 18.3946 4 11.9442
      vertex 17.4966 0 11.7222
      vertex 17.5659 0 12.9419
    endloop
  endfacet
  facet normal -0.974492 0.216568 0.0588476
    outer loop
      vertex 17.5659 0 12.9419
      vertex 18.455 4 12.9444
      vertex 18.3946 4 11.9442
    endloop
  endfacet
  facet normal -0.973223 0.216275 0.0778579
    outer loop
      vertex 18.455 4 12.9444
      vertex 17.5659 0 12.9419
      vertex 17.5661 0 12.9444
    endloop
  endfacet
  facet normal 0.974689 0.216597 0.0553746
    outer loop
      vertex -17.5661 0 12.9444
      vertex -18.4676 4 13.1664
      vertex -17.6354 0 14.1642
    endloop
  endfacet
  facet normal 0.974692 0.216601 0.0553203
    outer loop
      vertex -18.4676 4 13.1664
      vertex -17.5661 0 12.9444
      vertex -18.455 4 12.9444
    endloop
  endfacet
  facet normal 0.973044 0.217086 0.0778435
    outer loop
      vertex -17.6354 0 14.1642
      vertex -18.528 4 14.1667
      vertex -17.6356 0 14.1667
    endloop
  endfacet
  facet normal 0.974312 0.217381 0.0588308
    outer loop
      vertex -18.528 4 14.1667
      vertex -17.6354 0 14.1642
      vertex -18.4676 4 13.1664
    endloop
  endfacet
  facet normal -0.974692 0.216601 0.0553203
    outer loop
      vertex 17.5661 0 12.9444
      vertex 18.4676 4 13.1664
      vertex 18.455 4 12.9444
    endloop
  endfacet
  facet normal -0.974689 0.216597 0.0553746
    outer loop
      vertex 18.4676 4 13.1664
      vertex 17.5661 0 12.9444
      vertex 17.6354 0 14.1642
    endloop
  endfacet
  facet normal -0.974312 0.217381 0.0588308
    outer loop
      vertex 17.6354 0 14.1642
      vertex 18.528 4 14.1667
      vertex 18.4676 4 13.1664
    endloop
  endfacet
  facet normal -0.973044 0.217086 0.0778435
    outer loop
      vertex 18.528 4 14.1667
      vertex 17.6354 0 14.1642
      vertex 17.6356 0 14.1667
    endloop
  endfacet
  facet normal 0.974509 0.21741 0.0553689
    outer loop
      vertex -17.6356 0 14.1667
      vertex -18.5406 4 14.3887
      vertex -17.7049 0 15.3864
    endloop
  endfacet
  facet normal 0.974511 0.217413 0.0553101
    outer loop
      vertex -18.5406 4 14.3887
      vertex -17.6356 0 14.1667
      vertex -18.528 4 14.1667
    endloop
  endfacet
  facet normal 0.975081 0.218394 0.0390032
    outer loop
      vertex -17.7049 0 15.3864
      vertex -18.6009 4 15.3889
      vertex -17.705 0 15.3889
    endloop
  endfacet
  facet normal 0.974142 0.218171 0.058729
    outer loop
      vertex -18.6009 4 15.3889
      vertex -17.7049 0 15.3864
      vertex -18.5406 4 14.3887
    endloop
  endfacet
  facet normal -0.974511 0.217413 0.0553101
    outer loop
      vertex 17.6356 0 14.1667
      vertex 18.5406 4 14.3887
      vertex 18.528 4 14.1667
    endloop
  endfacet
  facet normal -0.974509 0.21741 0.0553689
    outer loop
      vertex 18.5406 4 14.3887
      vertex 17.6356 0 14.1667
      vertex 17.7049 0 15.3864
    endloop
  endfacet
  facet normal -0.974142 0.218171 0.058729
    outer loop
      vertex 17.7049 0 15.3864
      vertex 18.6009 4 15.3889
      vertex 18.5406 4 14.3887
    endloop
  endfacet
  facet normal -0.975081 0.218394 0.0390032
    outer loop
      vertex 18.6009 4 15.3889
      vertex 17.7049 0 15.3864
      vertex 17.705 0 15.3889
    endloop
  endfacet
  facet normal 0.974328 0.218222 0.0553586
    outer loop
      vertex -17.705 0 15.3889
      vertex -18.6135 4 15.6109
      vertex -17.7743 0 16.6086
    endloop
  endfacet
  facet normal 0.97433 0.218226 0.0552998
    outer loop
      vertex -18.6135 4 15.6109
      vertex -17.705 0 15.3889
      vertex -18.6009 4 15.3889
    endloop
  endfacet
  facet normal 0.972683 0.218708 0.0778146
    outer loop
      vertex -17.7743 0 16.6086
      vertex -18.6739 4 16.6111
      vertex -17.7745 0 16.6111
    endloop
  endfacet
  facet normal 0.97395 0.219005 0.0588148
    outer loop
      vertex -18.6739 4 16.6111
      vertex -17.7743 0 16.6086
      vertex -18.6135 4 15.6109
    endloop
  endfacet
  facet normal -0.97433 0.218226 0.0552998
    outer loop
      vertex 17.705 0 15.3889
      vertex 18.6135 4 15.6109
      vertex 18.6009 4 15.3889
    endloop
  endfacet
  facet normal -0.974328 0.218222 0.0553586
    outer loop
      vertex 18.6135 4 15.6109
      vertex 17.705 0 15.3889
      vertex 17.7743 0 16.6086
    endloop
  endfacet
  facet normal -0.97395 0.219005 0.0588148
    outer loop
      vertex 17.7743 0 16.6086
      vertex 18.6739 4 16.6111
      vertex 18.6135 4 15.6109
    endloop
  endfacet
  facet normal -0.972683 0.218708 0.0778146
    outer loop
      vertex 18.6739 4 16.6111
      vertex 17.7743 0 16.6086
      vertex 17.7745 0 16.6111
    endloop
  endfacet
  facet normal 0.974146 0.219034 0.0553483
    outer loop
      vertex -17.7745 0 16.6111
      vertex -18.6865 4 16.8331
      vertex -17.8438 0 17.8308
    endloop
  endfacet
  facet normal 0.974149 0.219037 0.0552895
    outer loop
      vertex -18.6865 4 16.8331
      vertex -17.7745 0 16.6111
      vertex -18.6739 4 16.6111
    endloop
  endfacet
  facet normal 0.974711 0.220041 0.0389884
    outer loop
      vertex -17.8438 0 17.8308
      vertex -18.7469 4 17.8333
      vertex -17.8439 0 17.8333
    endloop
  endfacet
  facet normal 0.973768 0.219816 0.0588038
    outer loop
      vertex -18.7469 4 17.8333
      vertex -17.8438 0 17.8308
      vertex -18.6865 4 16.8331
    endloop
  endfacet
  facet normal -0.974149 0.219037 0.0552895
    outer loop
      vertex 17.7745 0 16.6111
      vertex 18.6865 4 16.8331
      vertex 18.6739 4 16.6111
    endloop
  endfacet
  facet normal -0.974146 0.219034 0.0553483
    outer loop
      vertex 18.6865 4 16.8331
      vertex 17.7745 0 16.6111
      vertex 17.8438 0 17.8308
    endloop
  endfacet
  facet normal -0.973768 0.219816 0.0588038
    outer loop
      vertex 17.8438 0 17.8308
      vertex 18.7469 4 17.8333
      vertex 18.6865 4 16.8331
    endloop
  endfacet
  facet normal -0.974711 0.220041 0.0389884
    outer loop
      vertex 18.7469 4 17.8333
      vertex 17.8438 0 17.8308
      vertex 17.8439 0 17.8333
    endloop
  endfacet
  facet normal 0.973959 0.219868 0.0553331
    outer loop
      vertex -17.8439 0 17.8333
      vertex -18.7595 4 18.0553
      vertex -17.9132 0 19.0531
    endloop
  endfacet
  facet normal 0.973961 0.219872 0.0552789
    outer loop
      vertex -18.7595 4 18.0553
      vertex -17.8439 0 17.8333
      vertex -18.7469 4 17.8333
    endloop
  endfacet
  facet normal 0.972319 0.220328 0.0777856
    outer loop
      vertex -17.9132 0 19.0531
      vertex -18.8198 4 19.0556
      vertex -17.9134 0 19.0556
    endloop
  endfacet
  facet normal 0.973591 0.220628 0.0586899
    outer loop
      vertex -18.8198 4 19.0556
      vertex -17.9132 0 19.0531
      vertex -18.7595 4 18.0553
    endloop
  endfacet
  facet normal -0.973961 0.219872 0.0552789
    outer loop
      vertex 17.8439 0 17.8333
      vertex 18.7595 4 18.0553
      vertex 18.7469 4 17.8333
    endloop
  endfacet
  facet normal -0.973959 0.219868 0.0553331
    outer loop
      vertex 18.7595 4 18.0553
      vertex 17.8439 0 17.8333
      vertex 17.9132 0 19.0531
    endloop
  endfacet
  facet normal -0.973591 0.220628 0.0586899
    outer loop
      vertex 17.9132 0 19.0531
      vertex 18.8198 4 19.0556
      vertex 18.7595 4 18.0553
    endloop
  endfacet
  facet normal -0.972319 0.220328 0.0777856
    outer loop
      vertex 18.8198 4 19.0556
      vertex 17.9132 0 19.0531
      vertex 17.9134 0 19.0556
    endloop
  endfacet
  facet normal 0.973781 0.220657 0.0553276
    outer loop
      vertex -17.9134 0 19.0556
      vertex -18.8324 4 19.2775
      vertex -17.9827 0 20.2753
    endloop
  endfacet
  facet normal 0.973782 0.220659 0.0552936
    outer loop
      vertex -18.8324 4 19.2775
      vertex -17.9134 0 19.0556
      vertex -18.8198 4 19.0556
    endloop
  endfacet
  facet normal 0.974344 0.221663 0.0389738
    outer loop
      vertex -17.9827 0 20.2753
      vertex -18.8928 4 20.2778
      vertex -17.9828 0 20.2778
    endloop
  endfacet
  facet normal 0.973402 0.221437 0.0587758
    outer loop
      vertex -18.8928 4 20.2778
      vertex -17.9827 0 20.2753
      vertex -18.8324 4 19.2775
    endloop
  endfacet
  facet normal -0.973782 0.220659 0.0552936
    outer loop
      vertex 17.9134 0 19.0556
      vertex 18.8324 4 19.2775
      vertex 18.8198 4 19.0556
    endloop
  endfacet
  facet normal -0.973781 0.220657 0.0553276
    outer loop
      vertex 18.8324 4 19.2775
      vertex 17.9134 0 19.0556
      vertex 17.9827 0 20.2753
    endloop
  endfacet
  facet normal -0.973402 0.221437 0.0587758
    outer loop
      vertex 17.9827 0 20.2753
      vertex 18.8928 4 20.2778
      vertex 18.8324 4 19.2775
    endloop
  endfacet
  facet normal -0.974344 0.221663 0.0389738
    outer loop
      vertex 18.8928 4 20.2778
      vertex 17.9827 0 20.2753
      vertex 17.9828 0 20.2778
    endloop
  endfacet
  facet normal 0.973593 0.221489 0.0553169
    outer loop
      vertex -17.9828 0 20.2778
      vertex -18.9054 4 20.4998
      vertex -18.0521 0 21.4975
    endloop
  endfacet
  facet normal 0.973595 0.221493 0.0552581
    outer loop
      vertex -18.9054 4 20.4998
      vertex -17.9828 0 20.2778
      vertex -18.8928 4 20.2778
    endloop
  endfacet
  facet normal 0.971949 0.221969 0.0777559
    outer loop
      vertex -18.0521 0 21.4975
      vertex -18.9658 4 21.5
      vertex -18.0523 0 21.5
    endloop
  endfacet
  facet normal 0.973212 0.222269 0.0587703
    outer loop
      vertex -18.9658 4 21.5
      vertex -18.0521 0 21.4975
      vertex -18.9054 4 20.4998
    endloop
  endfacet
  facet normal -0.973595 0.221493 0.0552581
    outer loop
      vertex 17.9828 0 20.2778
      vertex 18.9054 4 20.4998
      vertex 18.8928 4 20.2778
    endloop
  endfacet
  facet normal -0.973593 0.221489 0.0553169
    outer loop
      vertex 18.9054 4 20.4998
      vertex 17.9828 0 20.2778
      vertex 18.0521 0 21.4975
    endloop
  endfacet
  facet normal -0.973212 0.222269 0.0587703
    outer loop
      vertex 18.0521 0 21.4975
      vertex 18.9658 4 21.5
      vertex 18.9054 4 20.4998
    endloop
  endfacet
  facet normal -0.971949 0.221969 0.0777559
    outer loop
      vertex 18.9658 4 21.5
      vertex 18.0521 0 21.4975
      vertex 18.0523 0 21.5
    endloop
  endfacet
  facet normal 0.973409 0.222299 0.0553064
    outer loop
      vertex -18.0523 0 21.5
      vertex -18.9784 4 21.722
      vertex -18.1216 0 22.7197
    endloop
  endfacet
  facet normal 0.973411 0.222303 0.0552477
    outer loop
      vertex -18.9784 4 21.722
      vertex -18.0523 0 21.5
      vertex -18.9658 4 21.5
    endloop
  endfacet
  facet normal 0.973975 0.223284 0.038959
    outer loop
      vertex -18.1216 0 22.7197
      vertex -19.0387 4 22.7222
      vertex -18.1217 0 22.7222
    endloop
  endfacet
  facet normal 0.973039 0.223057 0.0586625
    outer loop
      vertex -19.0387 4 22.7222
      vertex -18.1216 0 22.7197
      vertex -18.9784 4 21.722
    endloop
  endfacet
  facet normal -0.973411 0.222303 0.0552477
    outer loop
      vertex 18.0523 0 21.5
      vertex 18.9784 4 21.722
      vertex 18.9658 4 21.5
    endloop
  endfacet
  facet normal -0.973409 0.222299 0.0553064
    outer loop
      vertex 18.9784 4 21.722
      vertex 18.0523 0 21.5
      vertex 18.1216 0 22.7197
    endloop
  endfacet
  facet normal -0.973039 0.223057 0.0586625
    outer loop
      vertex 18.1216 0 22.7197
      vertex 19.0387 4 22.7222
      vertex 18.9784 4 21.722
    endloop
  endfacet
  facet normal -0.973975 0.223284 0.038959
    outer loop
      vertex 19.0387 4 22.7222
      vertex 18.1216 0 22.7197
      vertex 18.1217 0 22.7222
    endloop
  endfacet
  facet normal 0.973224 0.223108 0.0552959
    outer loop
      vertex -18.1217 0 22.7222
      vertex -19.0513 4 22.9442
      vertex -18.191 0 23.9419
    endloop
  endfacet
  facet normal 0.973226 0.223112 0.0552372
    outer loop
      vertex -19.0513 4 22.9442
      vertex -18.1217 0 22.7222
      vertex -19.0387 4 22.7222
    endloop
  endfacet
  facet normal 0.97158 0.223585 0.0777264
    outer loop
      vertex -18.191 0 23.9419
      vertex -19.1117 4 23.9444
      vertex -18.1912 0 23.9444
    endloop
  endfacet
  facet normal 0.972843 0.223887 0.058748
    outer loop
      vertex -19.1117 4 23.9444
      vertex -18.191 0 23.9419
      vertex -19.0513 4 22.9442
    endloop
  endfacet
  facet normal -0.973226 0.223112 0.0552372
    outer loop
      vertex 18.1217 0 22.7222
      vertex 19.0513 4 22.9442
      vertex 19.0387 4 22.7222
    endloop
  endfacet
  facet normal -0.973224 0.223108 0.0552959
    outer loop
      vertex 19.0513 4 22.9442
      vertex 18.1217 0 22.7222
      vertex 18.191 0 23.9419
    endloop
  endfacet
  facet normal -0.972843 0.223887 0.058748
    outer loop
      vertex 18.191 0 23.9419
      vertex 19.1117 4 23.9444
      vertex 19.0513 4 22.9442
    endloop
  endfacet
  facet normal -0.97158 0.223585 0.0777264
    outer loop
      vertex 19.1117 4 23.9444
      vertex 18.191 0 23.9419
      vertex 18.1912 0 23.9444
    endloop
  endfacet
  facet normal 0.973039 0.223918 0.0552809
    outer loop
      vertex -18.1912 0 23.9444
      vertex -19.1243 4 24.1664
      vertex -18.2605 0 25.1642
    endloop
  endfacet
  facet normal 0.973041 0.223921 0.0552267
    outer loop
      vertex -19.1243 4 24.1664
      vertex -18.1912 0 23.9444
      vertex -19.1117 4 23.9444
    endloop
  endfacet
  facet normal 0.973597 0.224925 0.0389439
    outer loop
      vertex -18.2605 0 25.1642
      vertex -19.1847 4 25.1667
      vertex -18.2606 0 25.1667
    endloop
  endfacet
  facet normal 0.972657 0.224696 0.0587309
    outer loop
      vertex -19.1847 4 25.1667
      vertex -18.2605 0 25.1642
      vertex -19.1243 4 24.1664
    endloop
  endfacet
  facet normal -0.973041 0.223921 0.0552267
    outer loop
      vertex 18.1912 0 23.9444
      vertex 19.1243 4 24.1664
      vertex 19.1117 4 23.9444
    endloop
  endfacet
  facet normal -0.973039 0.223918 0.0552809
    outer loop
      vertex 19.1243 4 24.1664
      vertex 18.1912 0 23.9444
      vertex 18.2605 0 25.1642
    endloop
  endfacet
  facet normal -0.972657 0.224696 0.0587309
    outer loop
      vertex 18.2605 0 25.1642
      vertex 19.1847 4 25.1667
      vertex 19.1243 4 24.1664
    endloop
  endfacet
  facet normal -0.973597 0.224925 0.0389439
    outer loop
      vertex 19.1847 4 25.1667
      vertex 18.2605 0 25.1642
      vertex 18.2606 0 25.1667
    endloop
  endfacet
  facet normal 0.972848 0.224749 0.0552745
    outer loop
      vertex -18.2606 0 25.1667
      vertex -19.1973 4 25.3887
      vertex -18.3299 0 26.3864
    endloop
  endfacet
  facet normal 0.97285 0.224753 0.0552158
    outer loop
      vertex -19.1973 4 25.3887
      vertex -18.2606 0 25.1667
      vertex -19.1847 4 25.1667
    endloop
  endfacet
  facet normal 0.97121 0.225199 0.0776968
    outer loop
      vertex -18.3299 0 26.3864
      vertex -19.2576 4 26.3889
      vertex -18.3301 0 26.3889
    endloop
  endfacet
  facet normal 0.972476 0.225505 0.0586286
    outer loop
      vertex -19.2576 4 26.3889
      vertex -18.3299 0 26.3864
      vertex -19.1973 4 25.3887
    endloop
  endfacet
  facet normal -0.97285 0.224753 0.0552158
    outer loop
      vertex 18.2606 0 25.1667
      vertex 19.1973 4 25.3887
      vertex 19.1847 4 25.1667
    endloop
  endfacet
  facet normal -0.972848 0.224749 0.0552745
    outer loop
      vertex 19.1973 4 25.3887
      vertex 18.2606 0 25.1667
      vertex 18.3299 0 26.3864
    endloop
  endfacet
  facet normal -0.972476 0.225505 0.0586286
    outer loop
      vertex 18.3299 0 26.3864
      vertex 19.2576 4 26.3889
      vertex 19.1973 4 25.3887
    endloop
  endfacet
  facet normal -0.97121 0.225199 0.0776968
    outer loop
      vertex 19.2576 4 26.3889
      vertex 18.3299 0 26.3864
      vertex 18.3301 0 26.3889
    endloop
  endfacet
  facet normal 0.972667 0.225534 0.0552642
    outer loop
      vertex -18.3301 0 26.3889
      vertex -19.2702 4 26.6109
      vertex -18.3994 0 27.6086
    endloop
  endfacet
  facet normal 0.972669 0.225538 0.0552055
    outer loop
      vertex -19.2702 4 26.6109
      vertex -18.3301 0 26.3889
      vertex -19.2576 4 26.3889
    endloop
  endfacet
  facet normal 0.973223 0.226542 0.0389289
    outer loop
      vertex -18.3994 0 27.6086
      vertex -19.3306 4 27.6111
      vertex -18.3995 0 27.6111
    endloop
  endfacet
  facet normal 0.972284 0.226311 0.0587142
    outer loop
      vertex -19.3306 4 27.6111
      vertex -18.3994 0 27.6086
      vertex -19.2702 4 26.6109
    endloop
  endfacet
  facet normal -0.972669 0.225538 0.0552055
    outer loop
      vertex 18.3301 0 26.3889
      vertex 19.2702 4 26.6109
      vertex 19.2576 4 26.3889
    endloop
  endfacet
  facet normal -0.972667 0.225534 0.0552642
    outer loop
      vertex 19.2702 4 26.6109
      vertex 18.3301 0 26.3889
      vertex 18.3994 0 27.6086
    endloop
  endfacet
  facet normal -0.972284 0.226311 0.0587142
    outer loop
      vertex 18.3994 0 27.6086
      vertex 19.3306 4 27.6111
      vertex 19.2702 4 26.6109
    endloop
  endfacet
  facet normal -0.973223 0.226542 0.0389289
    outer loop
      vertex 19.3306 4 27.6111
      vertex 18.3994 0 27.6086
      vertex 18.3995 0 27.6111
    endloop
  endfacet
  facet normal 0.972474 0.226364 0.0552533
    outer loop
      vertex -18.3995 0 27.6111
      vertex -19.3432 4 27.8331
      vertex -18.4688 0 28.8308
    endloop
  endfacet
  facet normal 0.972477 0.226368 0.0551946
    outer loop
      vertex -19.3432 4 27.8331
      vertex -18.3995 0 27.6111
      vertex -19.3306 4 27.6111
    endloop
  endfacet
  facet normal 0.970832 0.226835 0.0776665
    outer loop
      vertex -18.4688 0 28.8308
      vertex -19.4036 4 28.8333
      vertex -18.469 0 28.8333
    endloop
  endfacet
  facet normal 0.972091 0.227141 0.0587026
    outer loop
      vertex -19.4036 4 28.8333
      vertex -18.4688 0 28.8308
      vertex -19.3432 4 27.8331
    endloop
  endfacet
  facet normal -0.972477 0.226368 0.0551946
    outer loop
      vertex 18.3995 0 27.6111
      vertex 19.3432 4 27.8331
      vertex 19.3306 4 27.6111
    endloop
  endfacet
  facet normal -0.972474 0.226364 0.0552533
    outer loop
      vertex 19.3432 4 27.8331
      vertex 18.3995 0 27.6111
      vertex 18.4688 0 28.8308
    endloop
  endfacet
  facet normal -0.972091 0.227141 0.0587026
    outer loop
      vertex 18.4688 0 28.8308
      vertex 19.4036 4 28.8333
      vertex 19.3432 4 27.8331
    endloop
  endfacet
  facet normal -0.970832 0.226835 0.0776665
    outer loop
      vertex 19.4036 4 28.8333
      vertex 18.4688 0 28.8308
      vertex 18.469 0 28.8333
    endloop
  endfacet
  facet normal 0.972287 0.227172 0.0552381
    outer loop
      vertex -18.469 0 28.8333
      vertex -19.4162 4 29.0553
      vertex -18.5383 0 30.0531
    endloop
  endfacet
  facet normal 0.972289 0.227175 0.055184
    outer loop
      vertex -19.4162 4 29.0553
      vertex -18.469 0 28.8333
      vertex -19.4036 4 28.8333
    endloop
  endfacet
  facet normal 0.972846 0.228157 0.0389139
    outer loop
      vertex -18.5383 0 30.0531
      vertex -19.4765 4 30.0556
      vertex -18.5384 0 30.0556
    endloop
  endfacet
  facet normal 0.971914 0.227926 0.0585888
    outer loop
      vertex -19.4765 4 30.0556
      vertex -18.5383 0 30.0531
      vertex -19.4162 4 29.0553
    endloop
  endfacet
  facet normal -0.972289 0.227175 0.055184
    outer loop
      vertex 18.469 0 28.8333
      vertex 19.4162 4 29.0553
      vertex 19.4036 4 28.8333
    endloop
  endfacet
  facet normal -0.972287 0.227172 0.0552381
    outer loop
      vertex 19.4162 4 29.0553
      vertex 18.469 0 28.8333
      vertex 18.5383 0 30.0531
    endloop
  endfacet
  facet normal -0.971914 0.227926 0.0585888
    outer loop
      vertex 18.5383 0 30.0531
      vertex 19.4765 4 30.0556
      vertex 19.4162 4 29.0553
    endloop
  endfacet
  facet normal -0.972846 0.228157 0.0389139
    outer loop
      vertex 19.4765 4 30.0556
      vertex 18.5383 0 30.0531
      vertex 18.5384 0 30.0556
    endloop
  endfacet
  facet normal 0.972093 0.228002 0.0552316
    outer loop
      vertex -18.5384 0 30.0556
      vertex -19.4892 4 30.2775
      vertex -18.6077 0 31.2753
    endloop
  endfacet
  facet normal 0.972076 0.227976 0.0556348
    outer loop
      vertex -19.4892 4 30.2775
      vertex -18.5384 0 30.0556
      vertex -19.4765 4 30.0556
    endloop
  endfacet
  facet normal 0.970456 0.228445 0.0776365
    outer loop
      vertex -18.6077 0 31.2753
      vertex -19.5495 4 31.2778
      vertex -18.6079 0 31.2778
    endloop
  endfacet
  facet normal 0.97172 0.228755 0.0585771
    outer loop
      vertex -19.5495 4 31.2778
      vertex -18.6077 0 31.2753
      vertex -19.4892 4 30.2775
    endloop
  endfacet
  facet normal -0.972076 0.227976 0.0556348
    outer loop
      vertex 18.5384 0 30.0556
      vertex 19.4892 4 30.2775
      vertex 19.4765 4 30.0556
    endloop
  endfacet
  facet normal -0.972093 0.228002 0.0552316
    outer loop
      vertex 19.4892 4 30.2775
      vertex 18.5384 0 30.0556
      vertex 18.6077 0 31.2753
    endloop
  endfacet
  facet normal -0.97172 0.228755 0.0585771
    outer loop
      vertex 18.6077 0 31.2753
      vertex 19.5495 4 31.2778
      vertex 19.4892 4 30.2775
    endloop
  endfacet
  facet normal -0.970456 0.228445 0.0776365
    outer loop
      vertex 19.5495 4 31.2778
      vertex 18.6077 0 31.2753
      vertex 18.6079 0 31.2778
    endloop
  endfacet
  facet normal 0.97191 0.228784 0.0552212
    outer loop
      vertex -18.6079 0 31.2778
      vertex -19.5621 4 31.4998
      vertex -18.6772 0 32.4975
    endloop
  endfacet
  facet normal 0.971912 0.228788 0.0551626
    outer loop
      vertex -19.5621 4 31.4998
      vertex -18.6079 0 31.2778
      vertex -19.5495 4 31.2778
    endloop
  endfacet
  facet normal 0.972462 0.229793 0.0388985
    outer loop
      vertex -18.6772 0 32.4975
      vertex -19.6225 4 32.5
      vertex -18.6773 0 32.5
    endloop
  endfacet
  facet normal 0.971525 0.229559 0.0586684
    outer loop
      vertex -19.6225 4 32.5
      vertex -18.6772 0 32.4975
      vertex -19.5621 4 31.4998
    endloop
  endfacet
  facet normal -0.971912 0.228788 0.0551626
    outer loop
      vertex 18.6079 0 31.2778
      vertex 19.5621 4 31.4998
      vertex 19.5495 4 31.2778
    endloop
  endfacet
  facet normal -0.97191 0.228784 0.0552212
    outer loop
      vertex 19.5621 4 31.4998
      vertex 18.6079 0 31.2778
      vertex 18.6772 0 32.4975
    endloop
  endfacet
  facet normal -0.971525 0.229559 0.0586684
    outer loop
      vertex 18.6772 0 32.4975
      vertex 19.6225 4 32.5
      vertex 19.5621 4 31.4998
    endloop
  endfacet
  facet normal -0.972462 0.229793 0.0388985
    outer loop
      vertex 19.6225 4 32.5
      vertex 18.6772 0 32.4975
      vertex 18.6773 0 32.5
    endloop
  endfacet
  facet normal 0.971712 0.229608 0.0552896
    outer loop
      vertex -18.6773 0 32.5
      vertex -19.6351 4 32.722
      vertex -18.7467 0 33.7197
    endloop
  endfacet
  facet normal 0.971717 0.229617 0.0551515
    outer loop
      vertex -19.6351 4 32.722
      vertex -18.6773 0 32.5
      vertex -19.6225 4 32.5
    endloop
  endfacet
  facet normal 0.972277 0.230575 0.0388911
    outer loop
      vertex -18.7467 0 33.7197
      vertex -19.6954 4 33.7222
      vertex -18.7468 0 33.7222
    endloop
  endfacet
  facet normal 0.971346 0.230342 0.0585605
    outer loop
      vertex -19.6954 4 33.7222
      vertex -18.7467 0 33.7197
      vertex -19.6351 4 32.722
    endloop
  endfacet
  facet normal -0.971717 0.229617 0.0551515
    outer loop
      vertex 18.6773 0 32.5
      vertex 19.6351 4 32.722
      vertex 19.6225 4 32.5
    endloop
  endfacet
  facet normal -0.971712 0.229608 0.0552896
    outer loop
      vertex 19.6351 4 32.722
      vertex 18.6773 0 32.5
      vertex 18.7467 0 33.7197
    endloop
  endfacet
  facet normal -0.971346 0.230342 0.0585605
    outer loop
      vertex 18.7467 0 33.7197
      vertex 19.6954 4 33.7222
      vertex 19.6351 4 32.722
    endloop
  endfacet
  facet normal -0.972277 0.230575 0.0388911
    outer loop
      vertex 19.6954 4 33.7222
      vertex 18.7467 0 33.7197
      vertex 18.7468 0 33.7222
    endloop
  endfacet
  facet normal 0.971525 0.230418 0.0551994
    outer loop
      vertex -18.7468 0 33.7222
      vertex -19.7081 4 33.9442
      vertex -18.8161 0 34.9419
    endloop
  endfacet
  facet normal 0.971509 0.230393 0.0555773
    outer loop
      vertex -19.7081 4 33.9442
      vertex -18.7468 0 33.7222
      vertex -19.6954 4 33.7222
    endloop
  endfacet
  facet normal 0.969889 0.230858 0.0775911
    outer loop
      vertex -18.8161 0 34.9419
      vertex -19.7684 4 34.9444
      vertex -18.8163 0 34.9444
    endloop
  endfacet
  facet normal 0.97115 0.23117 0.0585486
    outer loop
      vertex -19.7684 4 34.9444
      vertex -18.8161 0 34.9419
      vertex -19.7081 4 33.9442
    endloop
  endfacet
  facet normal -0.971509 0.230393 0.0555773
    outer loop
      vertex 18.7468 0 33.7222
      vertex 19.7081 4 33.9442
      vertex 19.6954 4 33.7222
    endloop
  endfacet
  facet normal -0.971525 0.230418 0.0551994
    outer loop
      vertex 19.7081 4 33.9442
      vertex 18.7468 0 33.7222
      vertex 18.8161 0 34.9419
    endloop
  endfacet
  facet normal -0.97115 0.23117 0.0585486
    outer loop
      vertex 18.8161 0 34.9419
      vertex 19.7684 4 34.9444
      vertex 19.7081 4 33.9442
    endloop
  endfacet
  facet normal -0.969889 0.230858 0.0775911
    outer loop
      vertex 19.7684 4 34.9444
      vertex 18.8161 0 34.9419
      vertex 18.8163 0 34.9444
    endloop
  endfacet
  facet normal 0.97134 0.2312 0.0551843
    outer loop
      vertex -18.8163 0 34.9444
      vertex -19.781 4 35.1664
      vertex -18.8856 0 36.1642
    endloop
  endfacet
  facet normal 0.971342 0.231204 0.0551302
    outer loop
      vertex -19.781 4 35.1664
      vertex -18.8163 0 34.9444
      vertex -19.7684 4 34.9444
    endloop
  endfacet
  facet normal 0.971889 0.232209 0.0388756
    outer loop
      vertex -18.8856 0 36.1642
      vertex -19.8414 4 36.1667
      vertex -18.8857 0 36.1667
    endloop
  endfacet
  facet normal 0.970954 0.231973 0.058628
    outer loop
      vertex -19.8414 4 36.1667
      vertex -18.8856 0 36.1642
      vertex -19.781 4 35.1664
    endloop
  endfacet
  facet normal -0.971342 0.231204 0.0551302
    outer loop
      vertex 18.8163 0 34.9444
      vertex 19.781 4 35.1664
      vertex 19.7684 4 34.9444
    endloop
  endfacet
  facet normal -0.97134 0.2312 0.0551843
    outer loop
      vertex 19.781 4 35.1664
      vertex 18.8163 0 34.9444
      vertex 18.8856 0 36.1642
    endloop
  endfacet
  facet normal -0.970954 0.231973 0.058628
    outer loop
      vertex 18.8856 0 36.1642
      vertex 19.8414 4 36.1667
      vertex 19.781 4 35.1664
    endloop
  endfacet
  facet normal -0.971889 0.232209 0.0388756
    outer loop
      vertex 19.8414 4 36.1667
      vertex 18.8856 0 36.1642
      vertex 18.8857 0 36.1667
    endloop
  endfacet
  facet normal 0.971143 0.232027 0.0551777
    outer loop
      vertex -18.8857 0 36.1667
      vertex -19.854 4 36.3887
      vertex -18.955 0 37.3864
    endloop
  endfacet
  facet normal 0.971145 0.232031 0.0551191
    outer loop
      vertex -19.854 4 36.3887
      vertex -18.8857 0 36.1667
      vertex -19.8414 4 36.1667
    endloop
  endfacet
  facet normal 0.969508 0.232464 0.0775606
    outer loop
      vertex -18.955 0 37.3864
      vertex -19.9143 4 37.3889
      vertex -18.9552 0 37.3889
    endloop
  endfacet
  facet normal 0.970767 0.232778 0.0585256
    outer loop
      vertex -19.9143 4 37.3889
      vertex -18.955 0 37.3864
      vertex -19.854 4 36.3887
    endloop
  endfacet
  facet normal -0.971145 0.232031 0.0551191
    outer loop
      vertex 18.8857 0 36.1667
      vertex 19.854 4 36.3887
      vertex 19.8414 4 36.1667
    endloop
  endfacet
  facet normal -0.971143 0.232027 0.0551777
    outer loop
      vertex 19.854 4 36.3887
      vertex 18.8857 0 36.1667
      vertex 18.955 0 37.3864
    endloop
  endfacet
  facet normal -0.970767 0.232778 0.0585256
    outer loop
      vertex 18.955 0 37.3864
      vertex 19.9143 4 37.3889
      vertex 19.854 4 36.3887
    endloop
  endfacet
  facet normal -0.969508 0.232464 0.0775606
    outer loop
      vertex 19.9143 4 37.3889
      vertex 18.955 0 37.3864
      vertex 18.9552 0 37.3889
    endloop
  endfacet
  facet normal 0.970951 0.232831 0.0551668
    outer loop
      vertex -18.9552 0 37.3889
      vertex -19.927 4 37.6109
      vertex -19.0245 0 38.6086
    endloop
  endfacet
  facet normal 0.970936 0.232806 0.0555445
    outer loop
      vertex -19.927 4 37.6109
      vertex -18.9552 0 37.3889
      vertex -19.9143 4 37.3889
    endloop
  endfacet
  facet normal 0.971504 0.233817 0.0388602
    outer loop
      vertex -19.0245 0 38.6086
      vertex -19.9873 4 38.6111
      vertex -19.0246 0 38.6111
    endloop
  endfacet
  facet normal 0.970575 0.233581 0.058514
    outer loop
      vertex -19.9873 4 38.6111
      vertex -19.0245 0 38.6086
      vertex -19.927 4 37.6109
    endloop
  endfacet
  facet normal -0.970936 0.232806 0.0555445
    outer loop
      vertex 18.9552 0 37.3889
      vertex 19.927 4 37.6109
      vertex 19.9143 4 37.3889
    endloop
  endfacet
  facet normal -0.970951 0.232831 0.0551668
    outer loop
      vertex 19.927 4 37.6109
      vertex 18.9552 0 37.3889
      vertex 19.0245 0 38.6086
    endloop
  endfacet
  facet normal -0.970575 0.233581 0.058514
    outer loop
      vertex 19.0245 0 38.6086
      vertex 19.9873 4 38.6111
      vertex 19.927 4 37.6109
    endloop
  endfacet
  facet normal -0.971504 0.233817 0.0388602
    outer loop
      vertex 19.9873 4 38.6111
      vertex 19.0245 0 38.6086
      vertex 19.0246 0 38.6111
    endloop
  endfacet
  facet normal 0.970759 0.233634 0.0551559
    outer loop
      vertex -19.0246 0 38.6111
      vertex -19.9999 4 38.8331
      vertex -19.0939 0 39.8308
    endloop
  endfacet
  facet normal 0.970761 0.233638 0.0550973
    outer loop
      vertex -19.9999 4 38.8331
      vertex -19.0246 0 38.6111
      vertex -19.9873 4 38.6111
    endloop
  endfacet
  facet normal 0.969119 0.234091 0.0775295
    outer loop
      vertex -19.0939 0 39.8308
      vertex -20.0603 4 39.8333
      vertex -19.0941 0 39.8333
    endloop
  endfacet
  facet normal 0.970371 0.234405 0.0585987
    outer loop
      vertex -20.0603 4 39.8333
      vertex -19.0939 0 39.8308
      vertex -19.9999 4 38.8331
    endloop
  endfacet
  facet normal -0.970761 0.233638 0.0550973
    outer loop
      vertex 19.0246 0 38.6111
      vertex 19.9999 4 38.8331
      vertex 19.9873 4 38.6111
    endloop
  endfacet
  facet normal -0.970759 0.233634 0.0551559
    outer loop
      vertex 19.9999 4 38.8331
      vertex 19.0246 0 38.6111
      vertex 19.0939 0 39.8308
    endloop
  endfacet
  facet normal -0.970371 0.234405 0.0585987
    outer loop
      vertex 19.0939 0 39.8308
      vertex 20.0603 4 39.8333
      vertex 19.9999 4 38.8331
    endloop
  endfacet
  facet normal -0.969119 0.234091 0.0775295
    outer loop
      vertex 20.0603 4 39.8333
      vertex 19.0939 0 39.8308
      vertex 19.0941 0 39.8333
    endloop
  endfacet
  facet normal 0.970566 0.234437 0.0551404
    outer loop
      vertex -19.0941 0 39.8333
      vertex -20.0729 4 40.0553
      vertex -19.1634 0 41.0531
    endloop
  endfacet
  facet normal 0.970568 0.234441 0.0550863
    outer loop
      vertex -20.0729 4 40.0553
      vertex -19.0941 0 39.8333
      vertex -20.0603 4 39.8333
    endloop
  endfacet
  facet normal 0.971116 0.235423 0.0388447
    outer loop
      vertex -19.1634 0 41.0531
      vertex -20.1332 4 41.0556
      vertex -19.1635 0 41.0556
    endloop
  endfacet
  facet normal 0.970189 0.235186 0.0584849
    outer loop
      vertex -20.1332 4 41.0556
      vertex -19.1634 0 41.0531
      vertex -20.0729 4 40.0553
    endloop
  endfacet
  facet normal -0.970568 0.234441 0.0550863
    outer loop
      vertex 19.0941 0 39.8333
      vertex 20.0729 4 40.0553
      vertex 20.0603 4 39.8333
    endloop
  endfacet
  facet normal -0.970566 0.234437 0.0551404
    outer loop
      vertex 20.0729 4 40.0553
      vertex 19.0941 0 39.8333
      vertex 19.1634 0 41.0531
    endloop
  endfacet
  facet normal -0.970189 0.235186 0.0584849
    outer loop
      vertex 19.1634 0 41.0531
      vertex 20.1332 4 41.0556
      vertex 20.0729 4 40.0553
    endloop
  endfacet
  facet normal -0.971116 0.235423 0.0388447
    outer loop
      vertex 20.1332 4 41.0556
      vertex 19.1634 0 41.0531
      vertex 19.1635 0 41.0556
    endloop
  endfacet
  facet normal 0.970367 0.235264 0.0551336
    outer loop
      vertex -19.1635 0 41.0556
      vertex -20.1459 4 41.2775
      vertex -19.2328 0 42.2753
    endloop
  endfacet
  facet normal 0.97035 0.235237 0.055536
    outer loop
      vertex -20.1459 4 41.2775
      vertex -19.1635 0 41.0556
      vertex -20.1332 4 41.0556
    endloop
  endfacet
  facet normal 0.968733 0.235693 0.0774986
    outer loop
      vertex -19.2328 0 42.2753
      vertex -20.2062 4 42.2778
      vertex -19.233 0 42.2778
    endloop
  endfacet
  facet normal 0.96999 0.23601 0.0584728
    outer loop
      vertex -20.2062 4 42.2778
      vertex -19.2328 0 42.2753
      vertex -20.1459 4 41.2775
    endloop
  endfacet
  facet normal -0.97035 0.235237 0.055536
    outer loop
      vertex 19.1635 0 41.0556
      vertex 20.1459 4 41.2775
      vertex 20.1332 4 41.0556
    endloop
  endfacet
  facet normal -0.970367 0.235264 0.0551336
    outer loop
      vertex 20.1459 4 41.2775
      vertex 19.1635 0 41.0556
      vertex 19.2328 0 42.2753
    endloop
  endfacet
  facet normal -0.96999 0.23601 0.0584728
    outer loop
      vertex 19.2328 0 42.2753
      vertex 20.2062 4 42.2778
      vertex 20.1459 4 41.2775
    endloop
  endfacet
  facet normal -0.968733 0.235693 0.0774986
    outer loop
      vertex 20.2062 4 42.2778
      vertex 19.2328 0 42.2753
      vertex 19.233 0 42.2778
    endloop
  endfacet
  facet normal 0 -1 0
    outer loop
      vertex -18.284 4.88999 6.83333
      vertex -14.877 4.88999 8
      vertex -18.3544 4.88999 8
    endloop
  endfacet
  facet normal 0 -1 0
    outer loop
      vertex -18.2103 4.88999 5.61111
      vertex -14.877 4.88999 8
      vertex -18.284 4.88999 6.83333
    endloop
  endfacet
  facet normal 0 -1 0
    outer loop
      vertex -18.1365 4.88999 4.38889
      vertex -14.877 4.88999 8
      vertex -18.2103 4.88999 5.61111
    endloop
  endfacet
  facet normal 0 -1 0
    outer loop
      vertex 14.877 4.88999 8
      vertex 18.284 4.88999 6.83333
      vertex 18.3544 4.88999 8
    endloop
  endfacet
  facet normal 0 -1 0
    outer loop
      vertex -18.0628 4.88999 3.16667
      vertex -14.877 4.88999 8
      vertex -18.1365 4.88999 4.38889
    endloop
  endfacet
  facet normal 0 -1 0
    outer loop
      vertex 14.877 4.88999 8
      vertex 18.2103 4.88999 5.61111
      vertex 18.284 4.88999 6.83333
    endloop
  endfacet
  facet normal 0 -1 0
    outer loop
      vertex -17.989 4.88999 1.94444
      vertex -14.877 4.88999 8
      vertex -18.0628 4.88999 3.16667
    endloop
  endfacet
  facet normal 0 -1 0
    outer loop
      vertex 14.877 4.88999 8
      vertex 18.1365 4.88999 4.38889
      vertex 18.2103 4.88999 5.61111
    endloop
  endfacet
  facet normal 0 -1 0
    outer loop
      vertex -17.9153 4.88999 0.722221
      vertex -14.877 4.88999 8
      vertex -17.989 4.88999 1.94444
    endloop
  endfacet
  facet normal 0 -1 0
    outer loop
      vertex 14.877 4.88999 8
      vertex 18.0628 4.88999 3.16667
      vertex 18.1365 4.88999 4.38889
    endloop
  endfacet
  facet normal 0 -1 0
    outer loop
      vertex -17.8717 4.88999 0
      vertex -14.877 4.88999 8
      vertex -17.9153 4.88999 0.722221
    endloop
  endfacet
  facet normal 0 -1 0
    outer loop
      vertex 14.877 4.88999 8
      vertex 17.989 4.88999 1.94444
      vertex 18.0628 4.88999 3.16667
    endloop
  endfacet
  facet normal 0 -1 -0
    outer loop
      vertex -14.877 4.88999 8
      vertex -17.8717 4.88999 0
      vertex 14.877 4.88999 8
    endloop
  endfacet
  facet normal 0 -1 0
    outer loop
      vertex 14.877 4.88999 8
      vertex 17.9153 4.88999 0.722221
      vertex 17.989 4.88999 1.94444
    endloop
  endfacet
  facet normal 0 -1 0
    outer loop
      vertex 17.8717 4.88999 0
      vertex 14.877 4.88999 8
      vertex -17.8717 4.88999 0
    endloop
  endfacet
  facet normal 0 -1 0
    outer loop
      vertex 14.877 4.88999 8
      vertex 17.8717 4.88999 0
      vertex 17.9153 4.88999 0.722221
    endloop
  endfacet
  facet normal 0 -1 0
    outer loop
      vertex -14.877 4.88999 8
      vertex 14.877 4.88999 43.6
      vertex -14.877 4.88999 43.6
    endloop
  endfacet
  facet normal 0 -1 -0
    outer loop
      vertex 14.877 4.88999 43.6
      vertex -14.877 4.88999 8
      vertex 14.877 4.88999 8
    endloop
  endfacet
  facet normal 0.970178 0.236041 0.0551229
    outer loop
      vertex -19.233 0 42.2778
      vertex -20.2188 4 42.4998
      vertex -19.3023 0 43.4975
    endloop
  endfacet
  facet normal 0.970181 0.236045 0.0550643
    outer loop
      vertex -20.2188 4 42.4998
      vertex -19.233 0 42.2778
      vertex -20.2062 4 42.2778
    endloop
  endfacet
  facet normal 0.970721 0.23705 0.0388288
    outer loop
      vertex -19.3023 0 43.4975
      vertex -20.2792 4 43.5
      vertex -19.3024 0 43.5
    endloop
  endfacet
  facet normal 0.969789 0.23681 0.0585636
    outer loop
      vertex -20.2792 4 43.5
      vertex -19.3023 0 43.4975
      vertex -20.2188 4 42.4998
    endloop
  endfacet
  facet normal -0.970181 0.236045 0.0550643
    outer loop
      vertex 19.233 0 42.2778
      vertex 20.2188 4 42.4998
      vertex 20.2062 4 42.2778
    endloop
  endfacet
  facet normal -0.970178 0.236041 0.0551229
    outer loop
      vertex 20.2188 4 42.4998
      vertex 19.233 0 42.2778
      vertex 19.3023 0 43.4975
    endloop
  endfacet
  facet normal -0.969789 0.23681 0.0585636
    outer loop
      vertex 19.3023 0 43.4975
      vertex 20.2792 4 43.5
      vertex 20.2188 4 42.4998
    endloop
  endfacet
  facet normal -0.970721 0.23705 0.0388288
    outer loop
      vertex 20.2792 4 43.5
      vertex 19.3023 0 43.4975
      vertex 19.3024 0 43.5
    endloop
  endfacet
  facet normal 0.625359 0.132938 -0.76893
    outer loop
      vertex -19.2796 0 43.6183
      vertex -18.2264 4 45.1664
      vertex -14.4 2.39 48
    endloop
  endfacet
  facet normal 0.625383 0.132925 -0.768913
    outer loop
      vertex -20.1523 4 43.6
      vertex -19.2796 0 43.6183
      vertex -19.3021 0 43.6
    endloop
  endfacet
  facet normal 0.625383 0.132925 -0.768913
    outer loop
      vertex -19.2796 0 43.6183
      vertex -20.1523 4 43.6
      vertex -18.2264 4 45.1664
    endloop
  endfacet
  facet normal 0 0.877897 -0.478849
    outer loop
      vertex 19.2796 0 43.6183
      vertex -14.4 2.39 48
      vertex 14.4 2.39 48
    endloop
  endfacet
  facet normal 0 0.877897 -0.478849
    outer loop
      vertex -14.4 2.39 48
      vertex 19.2796 0 43.6183
      vertex -19.2796 0 43.6183
    endloop
  endfacet
  facet normal -0.625383 0.132925 -0.768913
    outer loop
      vertex 19.2796 0 43.6183
      vertex 20.1523 4 43.6
      vertex 19.3021 0 43.6
    endloop
  endfacet
  facet normal -0.625383 0.132925 -0.768913
    outer loop
      vertex 19.2796 0 43.6183
      vertex 18.2264 4 45.1664
      vertex 20.1523 4 43.6
    endloop
  endfacet
  facet normal -0.625359 0.132938 -0.76893
    outer loop
      vertex 18.2264 4 45.1664
      vertex 19.2796 0 43.6183
      vertex 14.4 2.39 48
    endloop
  endfacet
  facet normal 0.978149 0.207906 0
    outer loop
      vertex -19.3021 0 43.6
      vertex -20.1523 4 43.5
      vertex -20.1523 4 43.6
    endloop
  endfacet
  facet normal 0.978149 0.207906 0
    outer loop
      vertex -20.1523 4 43.5
      vertex -19.3021 0 43.6
      vertex -19.3021 0 43.5
    endloop
  endfacet
  facet normal -0.595031 -0.000337324 -0.803702
    outer loop
      vertex 14.4 2.39 48
      vertex 18.1382 4 45.2317
      vertex 18.2264 4 45.1664
    endloop
  endfacet
  facet normal -0.595125 0 -0.803633
    outer loop
      vertex 18.1382 4 45.2317
      vertex 14.4 2.39 48
      vertex 14.4 2.49 48
    endloop
  endfacet
  facet normal -0.978149 0.207906 0
    outer loop
      vertex 19.3021 0 43.5
      vertex 20.1523 4 43.6
      vertex 20.1523 4 43.5
    endloop
  endfacet
  facet normal -0.978149 0.207906 0
    outer loop
      vertex 20.1523 4 43.6
      vertex 19.3021 0 43.5
      vertex 19.3021 0 43.6
    endloop
  endfacet
  facet normal 0 0 -1
    outer loop
      vertex -14.4 2.39 48
      vertex 14.4 2.49 48
      vertex 14.4 2.39 48
    endloop
  endfacet
  facet normal -0 0 -1
    outer loop
      vertex 14.4 2.49 48
      vertex -14.4 2.39 48
      vertex -14.4 2.49 48
    endloop
  endfacet
  facet normal -2.64578e-05 -0.877899 -0.478846
    outer loop
      vertex -15 4.80385 43.7579
      vertex -14.4 2.49 48
      vertex -15.9479 4.36185 44.5683
    endloop
  endfacet
  facet normal 3.56218e-05 -0.877913 -0.478821
    outer loop
      vertex 14.4 2.49 48
      vertex 16.9581 4.09115 45.0645
      vertex 18 4 45.2317
    endloop
  endfacet
  facet normal 8.19898e-05 -0.877893 -0.478857
    outer loop
      vertex -14.877 4.88999 43.6
      vertex -14.4 2.49 48
      vertex -15 4.80385 43.7579
    endloop
  endfacet
  facet normal -3.0934e-05 -0.877888 -0.478866
    outer loop
      vertex 14.4 2.49 48
      vertex 15.9479 4.36185 44.5683
      vertex 16.9581 4.09115 45.0645
    endloop
  endfacet
  facet normal 0 -0.877896 -0.478851
    outer loop
      vertex -14.4 2.49 48
      vertex -14.877 4.88999 43.6
      vertex 14.4 2.49 48
    endloop
  endfacet
  facet normal 2.64578e-05 -0.877899 -0.478846
    outer loop
      vertex 14.4 2.49 48
      vertex 15 4.80385 43.7579
      vertex 15.9479 4.36185 44.5683
    endloop
  endfacet
  facet normal -0 -0.877896 -0.478851
    outer loop
      vertex 14.877 4.88999 43.6
      vertex 14.4 2.49 48
      vertex -14.877 4.88999 43.6
    endloop
  endfacet
  facet normal -8.19898e-05 -0.877893 -0.478857
    outer loop
      vertex 14.4 2.49 48
      vertex 14.877 4.88999 43.6
      vertex 15 4.80385 43.7579
    endloop
  endfacet
  facet normal -0 -0.877893 -0.478857
    outer loop
      vertex -18 4 45.2317
      vertex -14.4 2.49 48
      vertex -18.1382 4 45.2317
    endloop
  endfacet
  facet normal -3.56218e-05 -0.877913 -0.478821
    outer loop
      vertex -16.9581 4.09115 45.0645
      vertex -14.4 2.49 48
      vertex -18 4 45.2317
    endloop
  endfacet
  facet normal 3.0934e-05 -0.877888 -0.478866
    outer loop
      vertex -15.9479 4.36185 44.5683
      vertex -14.4 2.49 48
      vertex -16.9581 4.09115 45.0645
    endloop
  endfacet
  facet normal 0 -0.877893 -0.478857
    outer loop
      vertex 14.4 2.49 48
      vertex 18 4 45.2317
      vertex 18.1382 4 45.2317
    endloop
  endfacet
  facet normal 0.595125 0 -0.803633
    outer loop
      vertex -14.4 2.39 48
      vertex -18.1382 4 45.2317
      vertex -14.4 2.49 48
    endloop
  endfacet
  facet normal 0.595031 -0.000337324 -0.803702
    outer loop
      vertex -18.1382 4 45.2317
      vertex -14.4 2.39 48
      vertex -18.2264 4 45.1664
    endloop
  endfacet
  facet normal -0.906309 0.422615 0
    outer loop
      vertex -12.8038 7 8
      vertex -12.3618 7.94788 58
      vertex -12.3618 7.94788 8
    endloop
  endfacet
  facet normal -0.906309 0.422615 0
    outer loop
      vertex -12.3618 7.94788 58
      vertex -12.8038 7 8
      vertex -12.8038 7 58
    endloop
  endfacet
  facet normal 0.258746 -0.965945 0
    outer loop
      vertex -56.0521 29.6382 8
      vertex -55.0419 29.9088 58
      vertex -56.0521 29.6382 58
    endloop
  endfacet
  facet normal 0.258746 -0.965945 0
    outer loop
      vertex -55.0419 29.9088 58
      vertex -56.0521 29.6382 8
      vertex -55.0419 29.9088 8
    endloop
  endfacet
  facet normal 0.573584 0.819147 -0
    outer loop
      vertex -57 4.80385 8
      vertex -57.8567 5.40373 58
      vertex -57 4.80385 58
    endloop
  endfacet
  facet normal 0.573584 0.819147 0
    outer loop
      vertex -57.8567 5.40373 58
      vertex -57 4.80385 8
      vertex -57.8567 5.40373 8
    endloop
  endfacet
  facet normal -0.996191 0.0871998 0
    outer loop
      vertex -12.0912 8.95811 8
      vertex -12 10 58
      vertex -12 10 8
    endloop
  endfacet
  facet normal -0.996191 0.0871998 0
    outer loop
      vertex -12 10 58
      vertex -12.0912 8.95811 8
      vertex -12.0912 8.95811 58
    endloop
  endfacet
  facet normal -1 0 0
    outer loop
      vertex -12 10 8
      vertex -12 24 58
      vertex -12 24 8
    endloop
  endfacet
  facet normal -1 -0 0
    outer loop
      vertex -12 24 58
      vertex -12 10 8
      vertex -12 10 58
    endloop
  endfacet
  facet normal 0.819138 -0.573597 0
    outer loop
      vertex -59.1962 27 58
      vertex -58.5963 27.8567 8
      vertex -58.5963 27.8567 58
    endloop
  endfacet
  facet normal 0.819138 -0.573597 0
    outer loop
      vertex -58.5963 27.8567 8
      vertex -59.1962 27 58
      vertex -59.1962 27 8
    endloop
  endfacet
  facet normal 0.996191 0.0871998 0
    outer loop
      vertex -59.9088 8.95811 58
      vertex -60 10 8
      vertex -60 10 58
    endloop
  endfacet
  facet normal 0.996191 0.0871998 0
    outer loop
      vertex -60 10 8
      vertex -59.9088 8.95811 58
      vertex -59.9088 8.95811 8
    endloop
  endfacet
  facet normal 0.707083 0.707131 -0
    outer loop
      vertex -57.8567 5.40373 8
      vertex -58.5963 6.14328 58
      vertex -57.8567 5.40373 58
    endloop
  endfacet
  facet normal 0.707083 0.707131 0
    outer loop
      vertex -58.5963 6.14328 58
      vertex -57.8567 5.40373 8
      vertex -58.5963 6.14328 8
    endloop
  endfacet
  facet normal -0.573584 0.819147 0
    outer loop
      vertex -14.1433 5.40373 58
      vertex -15 4.80385 43.7579
      vertex -15 4.80385 58
    endloop
  endfacet
  facet normal -0.573637 0.81911 4.73048e-06
    outer loop
      vertex -14.1433 5.40373 58
      vertex -14.877 4.88999 43.6
      vertex -15 4.80385 43.7579
    endloop
  endfacet
  facet normal -0.573575 0.819153 0
    outer loop
      vertex -14.1433 5.40373 8
      vertex -14.877 4.88999 43.6
      vertex -14.1433 5.40373 58
    endloop
  endfacet
  facet normal -0.573575 0.819153 0
    outer loop
      vertex -14.877 4.88999 43.6
      vertex -14.1433 5.40373 8
      vertex -14.877 4.88999 8
    endloop
  endfacet
  facet normal -0.965945 -0.258746 0
    outer loop
      vertex -12.0912 25.0419 8
      vertex -12.3618 26.0521 58
      vertex -12.3618 26.0521 8
    endloop
  endfacet
  facet normal -0.965945 -0.258746 0
    outer loop
      vertex -12.3618 26.0521 58
      vertex -12.0912 25.0419 8
      vertex -12.0912 25.0419 58
    endloop
  endfacet
  facet normal 0.996191 -0.087199 0
    outer loop
      vertex -60 24 58
      vertex -59.9088 25.0419 8
      vertex -59.9088 25.0419 58
    endloop
  endfacet
  facet normal 0.996191 -0.087199 0
    outer loop
      vertex -59.9088 25.0419 8
      vertex -60 24 58
      vertex -60 24 8
    endloop
  endfacet
  facet normal -0.996191 -0.087199 0
    outer loop
      vertex -12 24 8
      vertex -12.0912 25.0419 58
      vertex -12.0912 25.0419 8
    endloop
  endfacet
  facet normal -0.996191 -0.087199 0
    outer loop
      vertex -12.0912 25.0419 58
      vertex -12 24 8
      vertex -12 24 58
    endloop
  endfacet
  facet normal -0.087199 -0.996191 0
    outer loop
      vertex -18 30 8
      vertex -16.9581 29.9088 58
      vertex -18 30 58
    endloop
  endfacet
  facet normal -0.087199 -0.996191 -0
    outer loop
      vertex -16.9581 29.9088 58
      vertex -18 30 8
      vertex -16.9581 29.9088 8
    endloop
  endfacet
  facet normal 0.087199 -0.996191 0
    outer loop
      vertex -55.0419 29.9088 8
      vertex -54 30 58
      vertex -55.0419 29.9088 58
    endloop
  endfacet
  facet normal 0.087199 -0.996191 0
    outer loop
      vertex -54 30 58
      vertex -55.0419 29.9088 8
      vertex -54 30 8
    endloop
  endfacet
  facet normal 0 -1 0
    outer loop
      vertex -54 30 8
      vertex -18 30 58
      vertex -54 30 58
    endloop
  endfacet
  facet normal 0 -1 -0
    outer loop
      vertex -18 30 58
      vertex -54 30 8
      vertex -18 30 8
    endloop
  endfacet
  facet normal 0.906313 -0.422608 0
    outer loop
      vertex -59.6382 26.0521 58
      vertex -59.1962 27 8
      vertex -59.1962 27 58
    endloop
  endfacet
  facet normal 0.906313 -0.422608 0
    outer loop
      vertex -59.1962 27 8
      vertex -59.6382 26.0521 58
      vertex -59.6382 26.0521 8
    endloop
  endfacet
  facet normal 0.573597 -0.819138 0
    outer loop
      vertex -57.8567 28.5963 8
      vertex -57 29.1962 58
      vertex -57.8567 28.5963 58
    endloop
  endfacet
  facet normal 0.573597 -0.819138 0
    outer loop
      vertex -57 29.1962 58
      vertex -57.8567 28.5963 8
      vertex -57 29.1962 8
    endloop
  endfacet
  facet normal 1 -0 0
    outer loop
      vertex -60 10 58
      vertex -60 24 8
      vertex -60 24 58
    endloop
  endfacet
  facet normal 1 0 0
    outer loop
      vertex -60 24 8
      vertex -60 10 58
      vertex -60 10 8
    endloop
  endfacet
  facet normal -0.422608 -0.906313 0
    outer loop
      vertex -15.9479 29.6382 8
      vertex -15 29.1962 58
      vertex -15.9479 29.6382 58
    endloop
  endfacet
  facet normal -0.422608 -0.906313 -0
    outer loop
      vertex -15 29.1962 58
      vertex -15.9479 29.6382 8
      vertex -15 29.1962 8
    endloop
  endfacet
  facet normal -0.819144 0.573588 0
    outer loop
      vertex -13.4037 6.14328 8
      vertex -12.8038 7 58
      vertex -12.8038 7 8
    endloop
  endfacet
  facet normal -0.819144 0.573588 0
    outer loop
      vertex -12.8038 7 58
      vertex -13.4037 6.14328 8
      vertex -13.4037 6.14328 58
    endloop
  endfacet
  facet normal 0 1 0
    outer loop
      vertex -18.1382 4 45.2317
      vertex -18 4 58
      vertex -18 4 45.2317
    endloop
  endfacet
  facet normal 0 1 0
    outer loop
      vertex -18.2264 4 45.1664
      vertex -18 4 58
      vertex -18.1382 4 45.2317
    endloop
  endfacet
  facet normal 0 1 0
    outer loop
      vertex -20.1523 4 43.6
      vertex -18 4 58
      vertex -18.2264 4 45.1664
    endloop
  endfacet
  facet normal 0 1 0
    outer loop
      vertex -20.2792 4 43.5
      vertex -18 4 58
      vertex -20.1523 4 43.6
    endloop
  endfacet
  facet normal 0 1 0
    outer loop
      vertex -20.2792 4 43.5
      vertex -20.1523 4 43.6
      vertex -20.1523 4 43.5
    endloop
  endfacet
  facet normal 0 1 0
    outer loop
      vertex -18 4 58
      vertex -20.2792 4 43.5
      vertex -54 4 58
    endloop
  endfacet
  facet normal 0 1 0
    outer loop
      vertex -20.2188 4 42.4998
      vertex -54 4 58
      vertex -20.2792 4 43.5
    endloop
  endfacet
  facet normal 0 1 0
    outer loop
      vertex -20.2062 4 42.2778
      vertex -54 4 58
      vertex -20.2188 4 42.4998
    endloop
  endfacet
  facet normal 0 1 0
    outer loop
      vertex -20.1459 4 41.2775
      vertex -54 4 58
      vertex -20.2062 4 42.2778
    endloop
  endfacet
  facet normal 0 1 0
    outer loop
      vertex -20.1332 4 41.0556
      vertex -54 4 58
      vertex -20.1459 4 41.2775
    endloop
  endfacet
  facet normal 0 1 0
    outer loop
      vertex -20.0729 4 40.0553
      vertex -54 4 58
      vertex -20.1332 4 41.0556
    endloop
  endfacet
  facet normal 0 1 0
    outer loop
      vertex -20.0603 4 39.8333
      vertex -54 4 58
      vertex -20.0729 4 40.0553
    endloop
  endfacet
  facet normal 0 1 0
    outer loop
      vertex -19.9999 4 38.8331
      vertex -54 4 58
      vertex -20.0603 4 39.8333
    endloop
  endfacet
  facet normal 0 1 0
    outer loop
      vertex -19.9873 4 38.6111
      vertex -54 4 58
      vertex -19.9999 4 38.8331
    endloop
  endfacet
  facet normal 0 1 0
    outer loop
      vertex -19.927 4 37.6109
      vertex -54 4 58
      vertex -19.9873 4 38.6111
    endloop
  endfacet
  facet normal 0 1 0
    outer loop
      vertex -19.9143 4 37.3889
      vertex -54 4 58
      vertex -19.927 4 37.6109
    endloop
  endfacet
  facet normal 0 1 0
    outer loop
      vertex -19.854 4 36.3887
      vertex -54 4 58
      vertex -19.9143 4 37.3889
    endloop
  endfacet
  facet normal 0 1 0
    outer loop
      vertex -19.8414 4 36.1667
      vertex -54 4 58
      vertex -19.854 4 36.3887
    endloop
  endfacet
  facet normal 0 1 0
    outer loop
      vertex -19.781 4 35.1664
      vertex -54 4 58
      vertex -19.8414 4 36.1667
    endloop
  endfacet
  facet normal 0 1 0
    outer loop
      vertex -19.7684 4 34.9444
      vertex -54 4 58
      vertex -19.781 4 35.1664
    endloop
  endfacet
  facet normal 0 1 0
    outer loop
      vertex -19.7081 4 33.9442
      vertex -54 4 58
      vertex -19.7684 4 34.9444
    endloop
  endfacet
  facet normal 0 1 0
    outer loop
      vertex -54 4 8
      vertex -19.7081 4 33.9442
      vertex -19.6954 4 33.7222
    endloop
  endfacet
  facet normal 0 1 0
    outer loop
      vertex -54 4 8
      vertex -19.6954 4 33.7222
      vertex -19.6351 4 32.722
    endloop
  endfacet
  facet normal 0 1 0
    outer loop
      vertex -54 4 8
      vertex -19.6351 4 32.722
      vertex -19.6225 4 32.5
    endloop
  endfacet
  facet normal 0 1 0
    outer loop
      vertex -54 4 8
      vertex -19.6225 4 32.5
      vertex -19.5621 4 31.4998
    endloop
  endfacet
  facet normal 0 1 0
    outer loop
      vertex -54 4 8
      vertex -19.5621 4 31.4998
      vertex -19.5495 4 31.2778
    endloop
  endfacet
  facet normal 0 1 0
    outer loop
      vertex -54 4 8
      vertex -19.5495 4 31.2778
      vertex -19.4892 4 30.2775
    endloop
  endfacet
  facet normal 0 1 0
    outer loop
      vertex -54 4 8
      vertex -19.4892 4 30.2775
      vertex -19.4765 4 30.0556
    endloop
  endfacet
  facet normal 0 1 0
    outer loop
      vertex -54 4 8
      vertex -19.4765 4 30.0556
      vertex -19.4162 4 29.0553
    endloop
  endfacet
  facet normal 0 1 0
    outer loop
      vertex -54 4 8
      vertex -19.4162 4 29.0553
      vertex -19.4036 4 28.8333
    endloop
  endfacet
  facet normal 0 1 0
    outer loop
      vertex -54 4 8
      vertex -19.4036 4 28.8333
      vertex -19.3432 4 27.8331
    endloop
  endfacet
  facet normal 0 1 0
    outer loop
      vertex -54 4 8
      vertex -19.3432 4 27.8331
      vertex -19.3306 4 27.6111
    endloop
  endfacet
  facet normal 0 1 0
    outer loop
      vertex -54 4 8
      vertex -19.3306 4 27.6111
      vertex -19.2702 4 26.6109
    endloop
  endfacet
  facet normal 0 1 0
    outer loop
      vertex -54 4 8
      vertex -19.2702 4 26.6109
      vertex -19.2576 4 26.3889
    endloop
  endfacet
  facet normal 0 1 0
    outer loop
      vertex -54 4 8
      vertex -19.2576 4 26.3889
      vertex -19.1973 4 25.3887
    endloop
  endfacet
  facet normal 0 1 0
    outer loop
      vertex -54 4 8
      vertex -19.1973 4 25.3887
      vertex -19.1847 4 25.1667
    endloop
  endfacet
  facet normal 0 1 0
    outer loop
      vertex -54 4 8
      vertex -19.1847 4 25.1667
      vertex -19.1243 4 24.1664
    endloop
  endfacet
  facet normal 0 1 0
    outer loop
      vertex -54 4 8
      vertex -19.1243 4 24.1664
      vertex -19.1117 4 23.9444
    endloop
  endfacet
  facet normal 0 1 0
    outer loop
      vertex -54 4 8
      vertex -19.1117 4 23.9444
      vertex -19.0513 4 22.9442
    endloop
  endfacet
  facet normal 0 1 0
    outer loop
      vertex -54 4 8
      vertex -19.0513 4 22.9442
      vertex -19.0387 4 22.7222
    endloop
  endfacet
  facet normal 0 1 0
    outer loop
      vertex -54 4 8
      vertex -19.0387 4 22.7222
      vertex -18.9784 4 21.722
    endloop
  endfacet
  facet normal 0 1 0
    outer loop
      vertex -54 4 8
      vertex -18.9784 4 21.722
      vertex -18.9658 4 21.5
    endloop
  endfacet
  facet normal 0 1 0
    outer loop
      vertex -54 4 8
      vertex -18.9658 4 21.5
      vertex -18.9054 4 20.4998
    endloop
  endfacet
  facet normal 0 1 0
    outer loop
      vertex -54 4 8
      vertex -18.9054 4 20.4998
      vertex -18.8928 4 20.2778
    endloop
  endfacet
  facet normal 0 1 0
    outer loop
      vertex -54 4 8
      vertex -18.8928 4 20.2778
      vertex -18.8324 4 19.2775
    endloop
  endfacet
  facet normal 0 1 0
    outer loop
      vertex -54 4 8
      vertex -18.8324 4 19.2775
      vertex -18.8198 4 19.0556
    endloop
  endfacet
  facet normal 0 1 0
    outer loop
      vertex -54 4 8
      vertex -18.8198 4 19.0556
      vertex -18.7595 4 18.0553
    endloop
  endfacet
  facet normal 0 1 0
    outer loop
      vertex -54 4 8
      vertex -18.7595 4 18.0553
      vertex -18.7469 4 17.8333
    endloop
  endfacet
  facet normal 0 1 0
    outer loop
      vertex -54 4 8
      vertex -18.7469 4 17.8333
      vertex -18.6865 4 16.8331
    endloop
  endfacet
  facet normal 0 1 0
    outer loop
      vertex -54 4 8
      vertex -18.6865 4 16.8331
      vertex -18.6739 4 16.6111
    endloop
  endfacet
  facet normal 0 1 0
    outer loop
      vertex -54 4 8
      vertex -18.6739 4 16.6111
      vertex -18.6135 4 15.6109
    endloop
  endfacet
  facet normal 0 1 0
    outer loop
      vertex -54 4 8
      vertex -18.6135 4 15.6109
      vertex -18.6009 4 15.3889
    endloop
  endfacet
  facet normal 0 1 0
    outer loop
      vertex -54 4 8
      vertex -18.6009 4 15.3889
      vertex -18.5406 4 14.3887
    endloop
  endfacet
  facet normal 0 1 0
    outer loop
      vertex -54 4 8
      vertex -18.5406 4 14.3887
      vertex -18.528 4 14.1667
    endloop
  endfacet
  facet normal 0 1 0
    outer loop
      vertex -54 4 8
      vertex -18.528 4 14.1667
      vertex -18.4676 4 13.1664
    endloop
  endfacet
  facet normal 0 1 0
    outer loop
      vertex -54 4 8
      vertex -18.4676 4 13.1664
      vertex -18.455 4 12.9444
    endloop
  endfacet
  facet normal 0 1 0
    outer loop
      vertex -54 4 8
      vertex -18.455 4 12.9444
      vertex -18.3946 4 11.9442
    endloop
  endfacet
  facet normal 0 1 0
    outer loop
      vertex -54 4 8
      vertex -18.3946 4 11.9442
      vertex -18.382 4 11.7222
    endloop
  endfacet
  facet normal 0 1 0
    outer loop
      vertex -54 4 8
      vertex -18.382 4 11.7222
      vertex -18.3217 4 10.722
    endloop
  endfacet
  facet normal 0 1 0
    outer loop
      vertex -54 4 8
      vertex -18.3217 4 10.722
      vertex -18.3091 4 10.5
    endloop
  endfacet
  facet normal 0 1 0
    outer loop
      vertex -54 4 8
      vertex -18.3091 4 10.5
      vertex -18.2487 4 9.49977
    endloop
  endfacet
  facet normal 0 1 0
    outer loop
      vertex -54 4 8
      vertex -18.2487 4 9.49977
      vertex -18.2361 4 9.27778
    endloop
  endfacet
  facet normal 0 1 0
    outer loop
      vertex -54 4 8
      vertex -18.2361 4 9.27778
      vertex -18.1757 4 8.27755
    endloop
  endfacet
  facet normal 0 1 0
    outer loop
      vertex -54 4 8
      vertex -18.1757 4 8.27755
      vertex -18.1631 4 8.05556
    endloop
  endfacet
  facet normal 0 1 0
    outer loop
      vertex -54 4 8
      vertex -18.1631 4 8.05556
      vertex -18.1598 4 8
    endloop
  endfacet
  facet normal 0 1 0
    outer loop
      vertex -19.7081 4 33.9442
      vertex -54 4 8
      vertex -54 4 58
    endloop
  endfacet
  facet normal -0.258835 0.965922 0
    outer loop
      vertex -15.9479 4.36185 58
      vertex -16.9581 4.09115 45.0645
      vertex -16.9581 4.09115 58
    endloop
  endfacet
  facet normal -0.258835 0.965922 0
    outer loop
      vertex -16.9581 4.09115 45.0645
      vertex -15.9479 4.36185 58
      vertex -15.9479 4.36185 44.5683
    endloop
  endfacet
  facet normal -0.707083 0.707131 0
    outer loop
      vertex -14.1433 5.40373 8
      vertex -13.4037 6.14328 58
      vertex -13.4037 6.14328 8
    endloop
  endfacet
  facet normal -0.707083 0.707131 0
    outer loop
      vertex -13.4037 6.14328 58
      vertex -14.1433 5.40373 8
      vertex -14.1433 5.40373 58
    endloop
  endfacet
  facet normal 0.422608 -0.906313 0
    outer loop
      vertex -57 29.1962 8
      vertex -56.0521 29.6382 58
      vertex -57 29.1962 58
    endloop
  endfacet
  facet normal 0.422608 -0.906313 0
    outer loop
      vertex -56.0521 29.6382 58
      vertex -57 29.1962 8
      vertex -56.0521 29.6382 8
    endloop
  endfacet
  facet normal -0.0871515 0.996195 0
    outer loop
      vertex -16.9581 4.09115 58
      vertex -18 4 45.2317
      vertex -18 4 58
    endloop
  endfacet
  facet normal -0.0871515 0.996195 0
    outer loop
      vertex -18 4 45.2317
      vertex -16.9581 4.09115 58
      vertex -16.9581 4.09115 45.0645
    endloop
  endfacet
  facet normal 0.819144 0.573588 0
    outer loop
      vertex -58.5963 6.14328 58
      vertex -59.1962 7 8
      vertex -59.1962 7 58
    endloop
  endfacet
  facet normal 0.819144 0.573588 0
    outer loop
      vertex -59.1962 7 8
      vertex -58.5963 6.14328 58
      vertex -58.5963 6.14328 8
    endloop
  endfacet
  facet normal 0.707107 -0.707107 0
    outer loop
      vertex -58.5963 27.8567 8
      vertex -57.8567 28.5963 58
      vertex -58.5963 27.8567 58
    endloop
  endfacet
  facet normal 0.707107 -0.707107 0
    outer loop
      vertex -57.8567 28.5963 58
      vertex -58.5963 27.8567 8
      vertex -57.8567 28.5963 8
    endloop
  endfacet
  facet normal -0.707107 -0.707107 0
    outer loop
      vertex -13.4037 27.8567 8
      vertex -14.1433 28.5963 58
      vertex -14.1433 28.5963 8
    endloop
  endfacet
  facet normal -0.707107 -0.707107 0
    outer loop
      vertex -14.1433 28.5963 58
      vertex -13.4037 27.8567 8
      vertex -13.4037 27.8567 58
    endloop
  endfacet
  facet normal 0.965945 -0.258746 0
    outer loop
      vertex -59.9088 25.0419 58
      vertex -59.6382 26.0521 8
      vertex -59.6382 26.0521 58
    endloop
  endfacet
  facet normal 0.965945 -0.258746 0
    outer loop
      vertex -59.6382 26.0521 8
      vertex -59.9088 25.0419 58
      vertex -59.9088 25.0419 8
    endloop
  endfacet
  facet normal -0.258746 -0.965945 0
    outer loop
      vertex -16.9581 29.9088 8
      vertex -15.9479 29.6382 58
      vertex -16.9581 29.9088 58
    endloop
  endfacet
  facet normal -0.258746 -0.965945 -0
    outer loop
      vertex -15.9479 29.6382 58
      vertex -16.9581 29.9088 8
      vertex -15.9479 29.6382 8
    endloop
  endfacet
  facet normal 0.422608 0.906313 -0
    outer loop
      vertex -56.0521 4.36185 8
      vertex -57 4.80385 58
      vertex -56.0521 4.36185 58
    endloop
  endfacet
  facet normal 0.422608 0.906313 0
    outer loop
      vertex -57 4.80385 58
      vertex -56.0521 4.36185 8
      vertex -57 4.80385 8
    endloop
  endfacet
  facet normal 0.258835 0.965922 -0
    outer loop
      vertex -55.0419 4.09115 8
      vertex -56.0521 4.36185 58
      vertex -55.0419 4.09115 58
    endloop
  endfacet
  facet normal 0.258835 0.965922 0
    outer loop
      vertex -56.0521 4.36185 58
      vertex -55.0419 4.09115 8
      vertex -56.0521 4.36185 8
    endloop
  endfacet
  facet normal -0.965947 0.258738 0
    outer loop
      vertex -12.3618 7.94788 8
      vertex -12.0912 8.95811 58
      vertex -12.0912 8.95811 8
    endloop
  endfacet
  facet normal -0.965947 0.258738 0
    outer loop
      vertex -12.0912 8.95811 58
      vertex -12.3618 7.94788 8
      vertex -12.3618 7.94788 58
    endloop
  endfacet
  facet normal 0.965947 0.258738 0
    outer loop
      vertex -59.6382 7.94788 58
      vertex -59.9088 8.95811 8
      vertex -59.9088 8.95811 58
    endloop
  endfacet
  facet normal 0.965947 0.258738 0
    outer loop
      vertex -59.9088 8.95811 8
      vertex -59.6382 7.94788 58
      vertex -59.6382 7.94788 8
    endloop
  endfacet
  facet normal -0.422608 0.906313 0
    outer loop
      vertex -15 4.80385 58
      vertex -15.9479 4.36185 44.5683
      vertex -15.9479 4.36185 58
    endloop
  endfacet
  facet normal -0.422608 0.906313 0
    outer loop
      vertex -15.9479 4.36185 44.5683
      vertex -15 4.80385 58
      vertex -15 4.80385 43.7579
    endloop
  endfacet
  facet normal 0 0 1
    outer loop
      vertex -12 24 8
      vertex -16.4656 22.8536 8
      vertex -16.4545 22.7273 8
    endloop
  endfacet
  facet normal 0 0 1
    outer loop
      vertex -15 29.1962 8
      vertex -16.5277 23.5639 8
      vertex -16.4656 22.8536 8
    endloop
  endfacet
  facet normal 0 0 1
    outer loop
      vertex -15 29.1962 8
      vertex -16.7123 24.2527 8
      vertex -16.5277 23.5639 8
    endloop
  endfacet
  facet normal 0 0 1
    outer loop
      vertex -15 29.1962 8
      vertex -16.7451 24.3752 8
      vertex -16.7123 24.2527 8
    endloop
  endfacet
  facet normal 0 0 1
    outer loop
      vertex -18.1757 26.4182 8
      vertex -15.9479 29.6382 8
      vertex -16.9581 29.9088 8
    endloop
  endfacet
  facet normal 0 0 1
    outer loop
      vertex -15 29.1962 8
      vertex -17.0465 25.0215 8
      vertex -16.7451 24.3752 8
    endloop
  endfacet
  facet normal 0 0 1
    outer loop
      vertex -15 29.1962 8
      vertex -17.1001 25.1364 8
      vertex -17.0465 25.0215 8
    endloop
  endfacet
  facet normal 0 0 1
    outer loop
      vertex -15 29.1962 8
      vertex -17.1728 25.2402 8
      vertex -17.1001 25.1364 8
    endloop
  endfacet
  facet normal 0 0 1
    outer loop
      vertex -15 29.1962 8
      vertex -17.5818 25.8243 8
      vertex -17.1728 25.2402 8
    endloop
  endfacet
  facet normal 0 0 1
    outer loop
      vertex -18.7598 26.8272 8
      vertex -16.9581 29.9088 8
      vertex -18 30 8
    endloop
  endfacet
  facet normal 0 0 1
    outer loop
      vertex -15.9479 29.6382 8
      vertex -18.1757 26.4182 8
      vertex -17.5818 25.8243 8
    endloop
  endfacet
  facet normal 0 0 1
    outer loop
      vertex -16.9581 29.9088 8
      vertex -18.7598 26.8272 8
      vertex -18.1757 26.4182 8
    endloop
  endfacet
  facet normal 0 0 1
    outer loop
      vertex -18 30 8
      vertex -18.8636 26.8999 8
      vertex -18.7598 26.8272 8
    endloop
  endfacet
  facet normal 0 0 1
    outer loop
      vertex -18 30 8
      vertex -18.9785 26.9535 8
      vertex -18.8636 26.8999 8
    endloop
  endfacet
  facet normal 0 0 1
    outer loop
      vertex -18 30 8
      vertex -19.6248 27.2549 8
      vertex -18.9785 26.9535 8
    endloop
  endfacet
  facet normal 0 0 1
    outer loop
      vertex -18 30 8
      vertex -19.7473 27.2877 8
      vertex -19.6248 27.2549 8
    endloop
  endfacet
  facet normal 0 0 1
    outer loop
      vertex -18 30 8
      vertex -20.4361 27.4723 8
      vertex -19.7473 27.2877 8
    endloop
  endfacet
  facet normal 0 0 1
    outer loop
      vertex -18 30 8
      vertex -21.1464 27.5344 8
      vertex -20.4361 27.4723 8
    endloop
  endfacet
  facet normal 0 0 1
    outer loop
      vertex -18 30 8
      vertex -21.2727 27.5455 8
      vertex -21.1464 27.5344 8
    endloop
  endfacet
  facet normal 0 0 1
    outer loop
      vertex -18 30 8
      vertex -50.7273 27.5455 8
      vertex -21.2727 27.5455 8
    endloop
  endfacet
  facet normal 0 0 1
    outer loop
      vertex -54 30 8
      vertex -50.8536 27.5344 8
      vertex -50.7273 27.5455 8
    endloop
  endfacet
  facet normal 0 0 1
    outer loop
      vertex -54 30 8
      vertex -52.2527 27.2877 8
      vertex -51.5639 27.4723 8
    endloop
  endfacet
  facet normal 0 0 1
    outer loop
      vertex -54 30 8
      vertex -53.0215 26.9535 8
      vertex -52.3752 27.2549 8
    endloop
  endfacet
  facet normal 0 0 1
    outer loop
      vertex -54 30 8
      vertex -53.2402 26.8272 8
      vertex -53.1364 26.8999 8
    endloop
  endfacet
  facet normal -0 0 1
    outer loop
      vertex -54 30 8
      vertex -50.7273 27.5455 8
      vertex -18 30 8
    endloop
  endfacet
  facet normal 0 0 1
    outer loop
      vertex -50.8536 27.5344 8
      vertex -54 30 8
      vertex -51.5639 27.4723 8
    endloop
  endfacet
  facet normal 0 0 1
    outer loop
      vertex -52.2527 27.2877 8
      vertex -54 30 8
      vertex -52.3752 27.2549 8
    endloop
  endfacet
  facet normal 0 0 1
    outer loop
      vertex -53.0215 26.9535 8
      vertex -54 30 8
      vertex -53.1364 26.8999 8
    endloop
  endfacet
  facet normal 0 0 1
    outer loop
      vertex -53.2402 26.8272 8
      vertex -54 30 8
      vertex -55.0419 29.9088 8
    endloop
  endfacet
  facet normal 0 0 1
    outer loop
      vertex -53.2402 26.8272 8
      vertex -55.0419 29.9088 8
      vertex -53.8243 26.4182 8
    endloop
  endfacet
  facet normal -0 0 1
    outer loop
      vertex -56.0521 29.6382 8
      vertex -53.8243 26.4182 8
      vertex -55.0419 29.9088 8
    endloop
  endfacet
  facet normal 0 0 1
    outer loop
      vertex -53.8243 26.4182 8
      vertex -56.0521 29.6382 8
      vertex -54.4182 25.8243 8
    endloop
  endfacet
  facet normal -0 0 1
    outer loop
      vertex -57 29.1962 8
      vertex -54.4182 25.8243 8
      vertex -56.0521 29.6382 8
    endloop
  endfacet
  facet normal -0 0 1
    outer loop
      vertex -57.8567 28.5963 8
      vertex -54.4182 25.8243 8
      vertex -57 29.1962 8
    endloop
  endfacet
  facet normal 0 0 1
    outer loop
      vertex -54.4182 25.8243 8
      vertex -57.8567 28.5963 8
      vertex -54.8272 25.2402 8
    endloop
  endfacet
  facet normal -0 0 1
    outer loop
      vertex -58.5963 27.8567 8
      vertex -54.8272 25.2402 8
      vertex -57.8567 28.5963 8
    endloop
  endfacet
  facet normal 0 0 1
    outer loop
      vertex -54.8272 25.2402 8
      vertex -58.5963 27.8567 8
      vertex -54.8999 25.1364 8
    endloop
  endfacet
  facet normal -0 0 1
    outer loop
      vertex -59.1962 27 8
      vertex -54.8999 25.1364 8
      vertex -58.5963 27.8567 8
    endloop
  endfacet
  facet normal 0 0 1
    outer loop
      vertex -54.8999 25.1364 8
      vertex -59.1962 27 8
      vertex -54.9535 25.0215 8
    endloop
  endfacet
  facet normal -0 0 1
    outer loop
      vertex -59.6382 26.0521 8
      vertex -55.2549 24.3752 8
      vertex -59.1962 27 8
    endloop
  endfacet
  facet normal 0 0 1
    outer loop
      vertex -54.9535 25.0215 8
      vertex -59.1962 27 8
      vertex -55.2549 24.3752 8
    endloop
  endfacet
  facet normal 0 0 1
    outer loop
      vertex -16.4656 22.8536 8
      vertex -12 24 8
      vertex -12.0912 25.0419 8
    endloop
  endfacet
  facet normal 0 0 1
    outer loop
      vertex -12 24 8
      vertex -16.4545 22.7273 8
      vertex -12 10 8
    endloop
  endfacet
  facet normal 0 0 1
    outer loop
      vertex -16.4656 22.8536 8
      vertex -12.0912 25.0419 8
      vertex -12.3618 26.0521 8
    endloop
  endfacet
  facet normal -0 0 1
    outer loop
      vertex -16.4545 11.2727 8
      vertex -12 10 8
      vertex -16.4545 22.7273 8
    endloop
  endfacet
  facet normal 0 0 1
    outer loop
      vertex -16.4656 22.8536 8
      vertex -12.3618 26.0521 8
      vertex -12.8038 27 8
    endloop
  endfacet
  facet normal -0 0 1
    outer loop
      vertex -16.4656 11.1464 8
      vertex -12 10 8
      vertex -16.4545 11.2727 8
    endloop
  endfacet
  facet normal 0 0 1
    outer loop
      vertex -16.4656 22.8536 8
      vertex -12.8038 27 8
      vertex -13.4037 27.8567 8
    endloop
  endfacet
  facet normal -0 0 1
    outer loop
      vertex -16.5277 10.4361 8
      vertex -12 10 8
      vertex -16.4656 11.1464 8
    endloop
  endfacet
  facet normal 0 0 1
    outer loop
      vertex -16.4656 22.8536 8
      vertex -13.4037 27.8567 8
      vertex -14.1433 28.5963 8
    endloop
  endfacet
  facet normal 0 0 1
    outer loop
      vertex -12 10 8
      vertex -16.5277 10.4361 8
      vertex -12.0912 8.95811 8
    endloop
  endfacet
  facet normal -0 0 1
    outer loop
      vertex -16.7451 9.62481 8
      vertex -12.0912 8.95811 8
      vertex -16.7123 9.74726 8
    endloop
  endfacet
  facet normal 0 0 1
    outer loop
      vertex -16.4656 22.8536 8
      vertex -14.1433 28.5963 8
      vertex -15 29.1962 8
    endloop
  endfacet
  facet normal 0 0 1
    outer loop
      vertex -17.5818 25.8243 8
      vertex -15 29.1962 8
      vertex -15.9479 29.6382 8
    endloop
  endfacet
  facet normal -0 0 1
    outer loop
      vertex -16.7123 9.74726 8
      vertex -12.0912 8.95811 8
      vertex -16.5277 10.4361 8
    endloop
  endfacet
  facet normal 0 0 1
    outer loop
      vertex -12.0912 8.95811 8
      vertex -16.7451 9.62481 8
      vertex -12.3618 7.94788 8
    endloop
  endfacet
  facet normal 0 0 1
    outer loop
      vertex -12.3618 7.94788 8
      vertex -16.7451 9.62481 8
      vertex -12.8038 7 8
    endloop
  endfacet
  facet normal -0 0 1
    outer loop
      vertex -17.0465 8.97853 8
      vertex -12.8038 7 8
      vertex -16.7451 9.62481 8
    endloop
  endfacet
  facet normal -0 0 1
    outer loop
      vertex -17.1001 8.86364 8
      vertex -12.8038 7 8
      vertex -17.0465 8.97853 8
    endloop
  endfacet
  facet normal 0 0 1
    outer loop
      vertex -12.8038 7 8
      vertex -17.1001 8.86364 8
      vertex -13.4037 6.14328 8
    endloop
  endfacet
  facet normal -0 0 1
    outer loop
      vertex -17.1728 8.75979 8
      vertex -13.4037 6.14328 8
      vertex -17.1001 8.86364 8
    endloop
  endfacet
  facet normal 0 0 1
    outer loop
      vertex -13.4037 6.14328 8
      vertex -17.1728 8.75979 8
      vertex -14.1433 5.40373 8
    endloop
  endfacet
  facet normal -0 0 1
    outer loop
      vertex -17.5818 8.17566 8
      vertex -14.1433 5.40373 8
      vertex -17.1728 8.75979 8
    endloop
  endfacet
  facet normal 0 0 1
    outer loop
      vertex -14.1433 5.40373 8
      vertex -17.5818 8.17566 8
      vertex -14.877 4.88999 8
    endloop
  endfacet
  facet normal -0 0 1
    outer loop
      vertex -18.1757 7.58179 8
      vertex -14.877 4.88999 8
      vertex -17.5818 8.17566 8
    endloop
  endfacet
  facet normal 0 0 1
    outer loop
      vertex -18.1757 7.58179 8
      vertex -18.3544 4.88999 8
      vertex -14.877 4.88999 8
    endloop
  endfacet
  facet normal 0 -0 1
    outer loop
      vertex -18.3544 4.88999 8
      vertex -18.1757 7.58179 8
      vertex -18.7598 7.17277 8
    endloop
  endfacet
  facet normal -0 0 1
    outer loop
      vertex -18.8636 7.10006 8
      vertex -18.3544 4.88999 8
      vertex -18.7598 7.17277 8
    endloop
  endfacet
  facet normal -0 0 1
    outer loop
      vertex -18.9785 7.04648 8
      vertex -18.3544 4.88999 8
      vertex -18.8636 7.10006 8
    endloop
  endfacet
  facet normal -0 0 1
    outer loop
      vertex -19.6248 6.74512 8
      vertex -18.3544 4.88999 8
      vertex -18.9785 7.04648 8
    endloop
  endfacet
  facet normal -0 0 1
    outer loop
      vertex -19.7473 6.71231 8
      vertex -18.3544 4.88999 8
      vertex -19.6248 6.74512 8
    endloop
  endfacet
  facet normal -0 0 1
    outer loop
      vertex -20.4361 6.52775 8
      vertex -18.3544 4.88999 8
      vertex -19.7473 6.71231 8
    endloop
  endfacet
  facet normal -0 0 1
    outer loop
      vertex -21.1464 6.46559 8
      vertex -18.3544 4.88999 8
      vertex -20.4361 6.52775 8
    endloop
  endfacet
  facet normal 0 0 1
    outer loop
      vertex -18.3544 4.88999 8
      vertex -21.1464 6.46559 8
      vertex -18.1598 4 8
    endloop
  endfacet
  facet normal -0 0 1
    outer loop
      vertex -21.2727 6.45455 8
      vertex -18.1598 4 8
      vertex -21.1464 6.46559 8
    endloop
  endfacet
  facet normal -0 0 1
    outer loop
      vertex -50.7273 6.45455 8
      vertex -18.1598 4 8
      vertex -21.2727 6.45455 8
    endloop
  endfacet
  facet normal 0 0 1
    outer loop
      vertex -55.0419 4.09115 8
      vertex -53.2402 7.17277 8
      vertex -53.8243 7.58179 8
    endloop
  endfacet
  facet normal 0 0 1
    outer loop
      vertex -50.7273 6.45455 8
      vertex -54 4 8
      vertex -18.1598 4 8
    endloop
  endfacet
  facet normal 0 0 1
    outer loop
      vertex -50.8536 6.46559 8
      vertex -54 4 8
      vertex -50.7273 6.45455 8
    endloop
  endfacet
  facet normal 0 0 1
    outer loop
      vertex -51.5639 6.52775 8
      vertex -54 4 8
      vertex -50.8536 6.46559 8
    endloop
  endfacet
  facet normal 0 0 1
    outer loop
      vertex -52.2527 6.71231 8
      vertex -54 4 8
      vertex -51.5639 6.52775 8
    endloop
  endfacet
  facet normal 0 0 1
    outer loop
      vertex -52.3752 6.74512 8
      vertex -54 4 8
      vertex -52.2527 6.71231 8
    endloop
  endfacet
  facet normal 0 0 1
    outer loop
      vertex -53.0215 7.04648 8
      vertex -54 4 8
      vertex -52.3752 6.74512 8
    endloop
  endfacet
  facet normal 0 0 1
    outer loop
      vertex -53.1364 7.10006 8
      vertex -54 4 8
      vertex -53.0215 7.04648 8
    endloop
  endfacet
  facet normal 0 -0 1
    outer loop
      vertex -54 4 8
      vertex -53.2402 7.17277 8
      vertex -55.0419 4.09115 8
    endloop
  endfacet
  facet normal 0 0 1
    outer loop
      vertex -56.0521 4.36185 8
      vertex -53.8243 7.58179 8
      vertex -54.4182 8.17566 8
    endloop
  endfacet
  facet normal 0 0 1
    outer loop
      vertex -57.8567 5.40373 8
      vertex -54.4182 8.17566 8
      vertex -54.8272 8.75979 8
    endloop
  endfacet
  facet normal 0 0 1
    outer loop
      vertex -58.5963 6.14328 8
      vertex -54.8272 8.75979 8
      vertex -54.8999 8.86364 8
    endloop
  endfacet
  facet normal 0 0 1
    outer loop
      vertex -59.1962 7 8
      vertex -54.8999 8.86364 8
      vertex -54.9535 8.97853 8
    endloop
  endfacet
  facet normal 0 0 1
    outer loop
      vertex -53.2402 7.17277 8
      vertex -54 4 8
      vertex -53.1364 7.10006 8
    endloop
  endfacet
  facet normal 0 0 1
    outer loop
      vertex -59.1962 7 8
      vertex -54.9535 8.97853 8
      vertex -55.2549 9.62481 8
    endloop
  endfacet
  facet normal 0 0 1
    outer loop
      vertex -59.9088 8.95811 8
      vertex -55.2549 9.62481 8
      vertex -55.2877 9.74726 8
    endloop
  endfacet
  facet normal 0 0 1
    outer loop
      vertex -59.9088 8.95811 8
      vertex -55.2877 9.74726 8
      vertex -55.4723 10.4361 8
    endloop
  endfacet
  facet normal 0 0 1
    outer loop
      vertex -60 10 8
      vertex -55.4723 10.4361 8
      vertex -55.5344 11.1464 8
    endloop
  endfacet
  facet normal 0 0 1
    outer loop
      vertex -60 10 8
      vertex -55.5344 11.1464 8
      vertex -55.5455 11.2727 8
    endloop
  endfacet
  facet normal 0 0 1
    outer loop
      vertex -53.8243 7.58179 8
      vertex -56.0521 4.36185 8
      vertex -55.0419 4.09115 8
    endloop
  endfacet
  facet normal 0 0 1
    outer loop
      vertex -55.5455 22.7273 8
      vertex -60 24 8
      vertex -55.5455 11.2727 8
    endloop
  endfacet
  facet normal -0 0 1
    outer loop
      vertex -59.9088 25.0419 8
      vertex -55.2549 24.3752 8
      vertex -59.6382 26.0521 8
    endloop
  endfacet
  facet normal 0 0 1
    outer loop
      vertex -60 10 8
      vertex -55.5455 11.2727 8
      vertex -60 24 8
    endloop
  endfacet
  facet normal 0 0 1
    outer loop
      vertex -55.2549 24.3752 8
      vertex -59.9088 25.0419 8
      vertex -55.2877 24.2527 8
    endloop
  endfacet
  facet normal 0 0 1
    outer loop
      vertex -55.4723 10.4361 8
      vertex -60 10 8
      vertex -59.9088 8.95811 8
    endloop
  endfacet
  facet normal 0 0 1
    outer loop
      vertex -55.2877 24.2527 8
      vertex -59.9088 25.0419 8
      vertex -55.4723 23.5639 8
    endloop
  endfacet
  facet normal 0 0 1
    outer loop
      vertex -54.4182 8.17566 8
      vertex -57 4.80385 8
      vertex -56.0521 4.36185 8
    endloop
  endfacet
  facet normal -0 0 1
    outer loop
      vertex -60 24 8
      vertex -55.4723 23.5639 8
      vertex -59.9088 25.0419 8
    endloop
  endfacet
  facet normal 0 0 1
    outer loop
      vertex -54.4182 8.17566 8
      vertex -57.8567 5.40373 8
      vertex -57 4.80385 8
    endloop
  endfacet
  facet normal 0 0 1
    outer loop
      vertex -55.4723 23.5639 8
      vertex -60 24 8
      vertex -55.5344 22.8536 8
    endloop
  endfacet
  facet normal 0 0 1
    outer loop
      vertex -54.8272 8.75979 8
      vertex -58.5963 6.14328 8
      vertex -57.8567 5.40373 8
    endloop
  endfacet
  facet normal 0 0 1
    outer loop
      vertex -55.5344 22.8536 8
      vertex -60 24 8
      vertex -55.5455 22.7273 8
    endloop
  endfacet
  facet normal 0 0 1
    outer loop
      vertex -54.8999 8.86364 8
      vertex -59.1962 7 8
      vertex -58.5963 6.14328 8
    endloop
  endfacet
  facet normal 0 0 1
    outer loop
      vertex -55.2549 9.62481 8
      vertex -59.6382 7.94788 8
      vertex -59.1962 7 8
    endloop
  endfacet
  facet normal 0 0 1
    outer loop
      vertex -55.2549 9.62481 8
      vertex -59.9088 8.95811 8
      vertex -59.6382 7.94788 8
    endloop
  endfacet
  facet normal 0.0871515 0.996195 -0
    outer loop
      vertex -54 4 8
      vertex -55.0419 4.09115 58
      vertex -54 4 58
    endloop
  endfacet
  facet normal 0.0871515 0.996195 0
    outer loop
      vertex -55.0419 4.09115 58
      vertex -54 4 8
      vertex -55.0419 4.09115 8
    endloop
  endfacet
  facet normal -0.573597 -0.819138 0
    outer loop
      vertex -15 29.1962 8
      vertex -14.1433 28.5963 58
      vertex -15 29.1962 58
    endloop
  endfacet
  facet normal -0.573597 -0.819138 -0
    outer loop
      vertex -14.1433 28.5963 58
      vertex -15 29.1962 8
      vertex -14.1433 28.5963 8
    endloop
  endfacet
  facet normal 0.906309 0.422615 0
    outer loop
      vertex -59.1962 7 58
      vertex -59.6382 7.94788 8
      vertex -59.6382 7.94788 58
    endloop
  endfacet
  facet normal 0.906309 0.422615 0
    outer loop
      vertex -59.6382 7.94788 8
      vertex -59.1962 7 58
      vertex -59.1962 7 8
    endloop
  endfacet
  facet normal -0.906313 -0.422608 0
    outer loop
      vertex -12.3618 26.0521 8
      vertex -12.8038 27 58
      vertex -12.8038 27 8
    endloop
  endfacet
  facet normal -0.906313 -0.422608 0
    outer loop
      vertex -12.8038 27 58
      vertex -12.3618 26.0521 8
      vertex -12.3618 26.0521 58
    endloop
  endfacet
  facet normal -0.819138 -0.573597 0
    outer loop
      vertex -12.8038 27 8
      vertex -13.4037 27.8567 58
      vertex -13.4037 27.8567 8
    endloop
  endfacet
  facet normal -0.819138 -0.573597 0
    outer loop
      vertex -13.4037 27.8567 58
      vertex -12.8038 27 8
      vertex -12.8038 27 58
    endloop
  endfacet
  facet normal 0.0658223 0.752664 0.655106
    outer loop
      vertex -38.3467 12.3349 0
      vertex -50.8536 6.46559 8
      vertex -38.2678 12.328 0
    endloop
  endfacet
  facet normal 0.0658641 0.752627 0.655145
    outer loop
      vertex -50.8536 6.46559 8
      vertex -38.3467 12.3349 0
      vertex -51.5639 6.52775 8
    endloop
  endfacet
  facet normal -0.0657933 0.75269 0.65508
    outer loop
      vertex -33.7322 12.328 0
      vertex -21.2727 6.45455 8
      vertex -21.1464 6.46559 8
    endloop
  endfacet
  facet normal -0.0659137 0.752584 0.655189
    outer loop
      vertex -21.2727 6.45455 8
      vertex -33.7322 12.328 0
      vertex -34.3636 12.2727 0
    endloop
  endfacet
  facet normal -0.398495 0.279021 0.873699
    outer loop
      vertex -31.1844 13.799 0
      vertex -17.5818 8.17566 8
      vertex -17.1728 8.75979 8
    endloop
  endfacet
  facet normal -0.398587 0.278826 0.873719
    outer loop
      vertex -17.5818 8.17566 8
      vertex -31.1844 13.799 0
      vertex -31.2298 13.7341 0
    endloop
  endfacet
  facet normal -0.432305 -0.201604 0.878901
    outer loop
      vertex -17.0465 25.0215 8
      vertex -30.5194 19.0355 0
      vertex -16.7451 24.3752 8
    endloop
  endfacet
  facet normal -0.432269 -0.201685 0.878901
    outer loop
      vertex -30.5194 19.0355 0
      vertex -17.0465 25.0215 8
      vertex -30.5529 19.1073 0
    endloop
  endfacet
  facet normal 0.310912 -0.443965 0.840374
    outer loop
      vertex -53.1364 26.8999 8
      vertex -40.201 20.8156 0
      vertex -39.6818 21.1792 0
    endloop
  endfacet
  facet normal 0.310929 -0.44394 0.840381
    outer loop
      vertex -40.201 20.8156 0
      vertex -53.1364 26.8999 8
      vertex -53.2402 26.8272 8
    endloop
  endfacet
  facet normal 0 -0.808735 0.588173
    outer loop
      vertex -37.6364 21.7273 0
      vertex -21.2727 27.5455 8
      vertex -50.7273 27.5455 8
    endloop
  endfacet
  facet normal 0 -0.808735 0.588173
    outer loop
      vertex -21.2727 27.5455 8
      vertex -37.6364 21.7273 0
      vertex -34.3636 21.7273 0
    endloop
  endfacet
  facet normal 0.35889 0.35889 0.861624
    outer loop
      vertex -40.7702 13.7341 0
      vertex -53.8243 7.58179 8
      vertex -40.2659 13.2298 0
    endloop
  endfacet
  facet normal 0.358883 0.358902 0.861622
    outer loop
      vertex -53.8243 7.58179 8
      vertex -40.7702 13.7341 0
      vertex -54.4182 8.17566 8
    endloop
  endfacet
  facet normal -0.398515 0.27898 0.873702
    outer loop
      vertex -30.8208 14.3182 0
      vertex -17.1728 8.75979 8
      vertex -17.1001 8.86364 8
    endloop
  endfacet
  facet normal -0.398479 0.279058 0.873694
    outer loop
      vertex -17.1728 8.75979 8
      vertex -30.8208 14.3182 0
      vertex -31.1844 13.799 0
    endloop
  endfacet
  facet normal -0.171627 0.640531 0.748508
    outer loop
      vertex -33.5767 12.3554 0
      vertex -20.4361 6.52775 8
      vertex -19.7473 6.71231 8
    endloop
  endfacet
  facet normal -0.171471 0.640715 0.748386
    outer loop
      vertex -20.4361 6.52775 8
      vertex -33.5767 12.3554 0
      vertex -33.6533 12.3349 0
    endloop
  endfacet
  facet normal -0.250484 0.53719 0.80541
    outer loop
      vertex -32.8927 12.5529 0
      vertex -19.6248 6.74512 8
      vertex -18.9785 7.04648 8
    endloop
  endfacet
  facet normal -0.250577 0.537058 0.805469
    outer loop
      vertex -19.6248 6.74512 8
      vertex -32.8927 12.5529 0
      vertex -32.9645 12.5194 0
    endloop
  endfacet
  facet normal 0.0659137 0.752584 0.655189
    outer loop
      vertex -38.2678 12.328 0
      vertex -50.7273 6.45455 8
      vertex -37.6364 12.2727 0
    endloop
  endfacet
  facet normal 0.0657933 0.75269 0.65508
    outer loop
      vertex -50.7273 6.45455 8
      vertex -38.2678 12.328 0
      vertex -50.8536 6.46559 8
    endloop
  endfacet
  facet normal 0.17147 -0.640713 0.748388
    outer loop
      vertex -51.5639 27.4723 8
      vertex -38.4233 21.6446 0
      vertex -38.3467 21.6651 0
    endloop
  endfacet
  facet normal 0.171654 -0.640496 0.748532
    outer loop
      vertex -38.4233 21.6446 0
      vertex -51.5639 27.4723 8
      vertex -52.2527 27.2877 8
    endloop
  endfacet
  facet normal -0.0659135 -0.752581 0.655192
    outer loop
      vertex -33.7322 21.672 0
      vertex -21.2727 27.5455 8
      vertex -34.3636 21.7273 0
    endloop
  endfacet
  facet normal -0.066125 -0.752395 0.655385
    outer loop
      vertex -21.2727 27.5455 8
      vertex -33.7322 21.672 0
      vertex -21.1464 27.5344 8
    endloop
  endfacet
  facet normal 0.310749 0.44422 0.8403
    outer loop
      vertex -40.2659 13.2298 0
      vertex -53.2402 7.17277 8
      vertex -40.201 13.1844 0
    endloop
  endfacet
  facet normal 0.310902 0.443983 0.840369
    outer loop
      vertex -53.2402 7.17277 8
      vertex -40.2659 13.2298 0
      vertex -53.8243 7.58179 8
    endloop
  endfacet
  facet normal -0.432303 0.20161 0.878901
    outer loop
      vertex -30.5194 14.9645 0
      vertex -17.0465 8.97853 8
      vertex -16.7451 9.62481 8
    endloop
  endfacet
  facet normal -0.432269 0.201686 0.878901
    outer loop
      vertex -17.0465 8.97853 8
      vertex -30.5194 14.9645 0
      vertex -30.5529 14.8927 0
    endloop
  endfacet
  facet normal -0.39849 -0.279032 0.873697
    outer loop
      vertex -17.5818 25.8243 8
      vertex -31.1844 20.201 0
      vertex -17.1728 25.2402 8
    endloop
  endfacet
  facet normal -0.398587 -0.278827 0.873718
    outer loop
      vertex -31.1844 20.201 0
      vertex -17.5818 25.8243 8
      vertex -31.2298 20.2659 0
    endloop
  endfacet
  facet normal 0.488737 0.0427412 0.871384
    outer loop
      vertex -55.5344 11.1464 8
      vertex -41.6651 15.6533 0
      vertex -41.672 15.7322 0
    endloop
  endfacet
  facet normal 0.48874 0.0427295 0.871382
    outer loop
      vertex -41.6651 15.6533 0
      vertex -55.5344 11.1464 8
      vertex -55.4723 10.4361 8
    endloop
  endfacet
  facet normal -0.432282 -0.201656 0.878901
    outer loop
      vertex -17.1001 25.1364 8
      vertex -30.5529 19.1073 0
      vertex -17.0465 25.0215 8
    endloop
  endfacet
  facet normal -0.43231 -0.201594 0.878901
    outer loop
      vertex -30.5529 19.1073 0
      vertex -17.1001 25.1364 8
      vertex -30.8208 19.6818 0
    endloop
  endfacet
  facet normal -0.250494 0.537174 0.805417
    outer loop
      vertex -32.3182 12.8208 0
      vertex -18.9785 7.04648 8
      vertex -18.8636 7.10006 8
    endloop
  endfacet
  facet normal -0.250494 0.537174 0.805417
    outer loop
      vertex -18.9785 7.04648 8
      vertex -32.3182 12.8208 0
      vertex -32.8927 12.5529 0
    endloop
  endfacet
  facet normal 0.310749 -0.444221 0.840299
    outer loop
      vertex -53.2402 26.8272 8
      vertex -40.2659 20.7702 0
      vertex -40.201 20.8156 0
    endloop
  endfacet
  facet normal 0.310895 -0.443995 0.840365
    outer loop
      vertex -40.2659 20.7702 0
      vertex -53.2402 26.8272 8
      vertex -53.8243 26.4182 8
    endloop
  endfacet
  facet normal -0.432276 0.201671 0.878901
    outer loop
      vertex -30.5529 14.8927 0
      vertex -17.1001 8.86364 8
      vertex -17.0465 8.97853 8
    endloop
  endfacet
  facet normal -0.43231 0.201594 0.878901
    outer loop
      vertex -17.1001 8.86364 8
      vertex -30.5529 14.8927 0
      vertex -30.8208 14.3182 0
    endloop
  endfacet
  facet normal 0.0658052 -0.75268 0.65509
    outer loop
      vertex -38.3467 21.6651 0
      vertex -50.8536 27.5344 8
      vertex -51.5639 27.4723 8
    endloop
  endfacet
  facet normal 0.0658224 -0.752664 0.655106
    outer loop
      vertex -50.8536 27.5344 8
      vertex -38.3467 21.6651 0
      vertex -38.2678 21.672 0
    endloop
  endfacet
  facet normal 0 0.808738 0.58817
    outer loop
      vertex -34.3636 12.2727 0
      vertex -50.7273 6.45455 8
      vertex -21.2727 6.45455 8
    endloop
  endfacet
  facet normal 0 0.808738 0.58817
    outer loop
      vertex -50.7273 6.45455 8
      vertex -34.3636 12.2727 0
      vertex -37.6364 12.2727 0
    endloop
  endfacet
  facet normal -0.358883 0.358902 0.861622
    outer loop
      vertex -31.2298 13.7341 0
      vertex -18.1757 7.58179 8
      vertex -17.5818 8.17566 8
    endloop
  endfacet
  facet normal -0.35889 0.35889 0.861624
    outer loop
      vertex -18.1757 7.58179 8
      vertex -31.2298 13.7341 0
      vertex -31.7341 13.2298 0
    endloop
  endfacet
  facet normal 0.066125 -0.752395 0.655385
    outer loop
      vertex -38.2678 21.672 0
      vertex -50.7273 27.5455 8
      vertex -50.8536 27.5344 8
    endloop
  endfacet
  facet normal 0.0659135 -0.752581 0.655192
    outer loop
      vertex -50.7273 27.5455 8
      vertex -38.2678 21.672 0
      vertex -37.6364 21.7273 0
    endloop
  endfacet
  facet normal 0.250577 -0.537057 0.805469
    outer loop
      vertex -52.3752 27.2549 8
      vertex -39.1073 21.4471 0
      vertex -39.0355 21.4806 0
    endloop
  endfacet
  facet normal 0.250504 -0.537161 0.805423
    outer loop
      vertex -39.1073 21.4471 0
      vertex -52.3752 27.2549 8
      vertex -53.0215 26.9535 8
    endloop
  endfacet
  facet normal 0.250577 0.537058 0.805469
    outer loop
      vertex -39.1073 12.5529 0
      vertex -52.3752 6.74512 8
      vertex -39.0355 12.5194 0
    endloop
  endfacet
  facet normal 0.250484 0.53719 0.80541
    outer loop
      vertex -52.3752 6.74512 8
      vertex -39.1073 12.5529 0
      vertex -53.0215 7.04648 8
    endloop
  endfacet
  facet normal 0.432269 -0.201685 0.878901
    outer loop
      vertex -54.9535 25.0215 8
      vertex -41.4806 19.0355 0
      vertex -41.4471 19.1073 0
    endloop
  endfacet
  facet normal 0.432305 -0.201604 0.878901
    outer loop
      vertex -41.4806 19.0355 0
      vertex -54.9535 25.0215 8
      vertex -55.2549 24.3752 8
    endloop
  endfacet
  facet normal 0.501036 0 0.865427
    outer loop
      vertex -55.5455 22.7273 8
      vertex -41.7273 16.3636 0
      vertex -41.7273 17.6364 0
    endloop
  endfacet
  facet normal 0.501036 0 0.865427
    outer loop
      vertex -41.7273 16.3636 0
      vertex -55.5455 22.7273 8
      vertex -55.5455 11.2727 8
    endloop
  endfacet
  facet normal 0.432269 0.201686 0.878901
    outer loop
      vertex -41.4806 14.9645 0
      vertex -54.9535 8.97853 8
      vertex -41.4471 14.8927 0
    endloop
  endfacet
  facet normal 0.432303 0.20161 0.878901
    outer loop
      vertex -54.9535 8.97853 8
      vertex -41.4806 14.9645 0
      vertex -55.2549 9.62481 8
    endloop
  endfacet
  facet normal -0.488681 -0.0429482 0.871405
    outer loop
      vertex -30.328 18.2678 0
      vertex -16.4545 22.7273 8
      vertex -16.4656 22.8536 8
    endloop
  endfacet
  facet normal -0.488719 -0.0428035 0.871391
    outer loop
      vertex -16.4545 22.7273 8
      vertex -30.328 18.2678 0
      vertex -30.2727 17.6364 0
    endloop
  endfacet
  facet normal 0.171471 0.640715 0.748386
    outer loop
      vertex -38.4233 12.3554 0
      vertex -51.5639 6.52775 8
      vertex -38.3467 12.3349 0
    endloop
  endfacet
  facet normal 0.171627 0.640531 0.748508
    outer loop
      vertex -51.5639 6.52775 8
      vertex -38.4233 12.3554 0
      vertex -52.2527 6.71231 8
    endloop
  endfacet
  facet normal -0.462034 -0.123826 0.878175
    outer loop
      vertex -30.3554 18.4233 0
      vertex -16.5277 23.5639 8
      vertex -16.7123 24.2527 8
    endloop
  endfacet
  facet normal -0.462089 -0.123666 0.878169
    outer loop
      vertex -16.5277 23.5639 8
      vertex -30.3554 18.4233 0
      vertex -30.3349 18.3467 0
    endloop
  endfacet
  facet normal -0.501036 0 0.865427
    outer loop
      vertex -30.2727 17.6364 0
      vertex -16.4545 11.2727 8
      vertex -16.4545 22.7273 8
    endloop
  endfacet
  facet normal -0.501036 0 0.865427
    outer loop
      vertex -16.4545 11.2727 8
      vertex -30.2727 17.6364 0
      vertex -30.2727 16.3636 0
    endloop
  endfacet
  facet normal 0.462052 0.123777 0.878172
    outer loop
      vertex -55.2877 9.74726 8
      vertex -41.4806 14.9645 0
      vertex -41.6446 15.5767 0
    endloop
  endfacet
  facet normal 0.462056 0.123768 0.878172
    outer loop
      vertex -41.4806 14.9645 0
      vertex -55.2877 9.74726 8
      vertex -55.2549 9.62481 8
    endloop
  endfacet
  facet normal -0.398468 -0.279081 0.873692
    outer loop
      vertex -17.1728 25.2402 8
      vertex -30.8208 19.6818 0
      vertex -17.1001 25.1364 8
    endloop
  endfacet
  facet normal -0.398479 -0.279058 0.873694
    outer loop
      vertex -30.8208 19.6818 0
      vertex -17.1728 25.2402 8
      vertex -31.1844 20.201 0
    endloop
  endfacet
  facet normal -0.0658641 0.752627 0.655145
    outer loop
      vertex -33.6533 12.3349 0
      vertex -21.1464 6.46559 8
      vertex -20.4361 6.52775 8
    endloop
  endfacet
  facet normal -0.0658223 0.752664 0.655106
    outer loop
      vertex -21.1464 6.46559 8
      vertex -33.6533 12.3349 0
      vertex -33.7322 12.328 0
    endloop
  endfacet
  facet normal -0.171575 0.640594 0.748466
    outer loop
      vertex -32.9645 12.5194 0
      vertex -19.7473 6.71231 8
      vertex -19.6248 6.74512 8
    endloop
  endfacet
  facet normal -0.171599 0.640566 0.748485
    outer loop
      vertex -19.7473 6.71231 8
      vertex -32.9645 12.5194 0
      vertex -33.5767 12.3554 0
    endloop
  endfacet
  facet normal -0.462072 -0.123722 0.87817
    outer loop
      vertex -30.5194 19.0355 0
      vertex -16.7123 24.2527 8
      vertex -16.7451 24.3752 8
    endloop
  endfacet
  facet normal -0.462053 -0.123778 0.878172
    outer loop
      vertex -16.7123 24.2527 8
      vertex -30.5194 19.0355 0
      vertex -30.3554 18.4233 0
    endloop
  endfacet
  facet normal 0.171599 -0.640565 0.748485
    outer loop
      vertex -52.2527 27.2877 8
      vertex -39.0355 21.4806 0
      vertex -38.4233 21.6446 0
    endloop
  endfacet
  facet normal 0.171535 -0.640641 0.748435
    outer loop
      vertex -39.0355 21.4806 0
      vertex -52.2527 27.2877 8
      vertex -52.3752 27.2549 8
    endloop
  endfacet
  facet normal -0.171654 -0.640496 0.748532
    outer loop
      vertex -20.4361 27.4723 8
      vertex -33.5767 21.6446 0
      vertex -19.7473 27.2877 8
    endloop
  endfacet
  facet normal -0.17147 -0.640713 0.748388
    outer loop
      vertex -33.5767 21.6446 0
      vertex -20.4361 27.4723 8
      vertex -33.6533 21.6651 0
    endloop
  endfacet
  facet normal -0.310949 0.443907 0.840391
    outer loop
      vertex -31.799 13.1844 0
      vertex -18.8636 7.10006 8
      vertex -18.7598 7.17277 8
    endloop
  endfacet
  facet normal -0.310912 0.443964 0.840375
    outer loop
      vertex -18.8636 7.10006 8
      vertex -31.799 13.1844 0
      vertex -32.3182 12.8208 0
    endloop
  endfacet
  facet normal -0.310902 0.443983 0.840369
    outer loop
      vertex -31.7341 13.2298 0
      vertex -18.7598 7.17277 8
      vertex -18.1757 7.58179 8
    endloop
  endfacet
  facet normal -0.310749 0.44422 0.8403
    outer loop
      vertex -18.7598 7.17277 8
      vertex -31.7341 13.2298 0
      vertex -31.799 13.1844 0
    endloop
  endfacet
  facet normal 0.171599 0.640566 0.748485
    outer loop
      vertex -39.0355 12.5194 0
      vertex -52.2527 6.71231 8
      vertex -38.4233 12.3554 0
    endloop
  endfacet
  facet normal 0.171575 0.640594 0.748466
    outer loop
      vertex -52.2527 6.71231 8
      vertex -39.0355 12.5194 0
      vertex -52.3752 6.74512 8
    endloop
  endfacet
  facet normal 0.35889 -0.35889 0.861624
    outer loop
      vertex -53.8243 26.4182 8
      vertex -40.7702 20.2659 0
      vertex -40.2659 20.7702 0
    endloop
  endfacet
  facet normal 0.35889 -0.35889 0.861624
    outer loop
      vertex -40.7702 20.2659 0
      vertex -53.8243 26.4182 8
      vertex -54.4182 25.8243 8
    endloop
  endfacet
  facet normal 0.250494 0.537174 0.805417
    outer loop
      vertex -39.6818 12.8208 0
      vertex -53.0215 7.04648 8
      vertex -39.1073 12.5529 0
    endloop
  endfacet
  facet normal 0.250494 0.537174 0.805417
    outer loop
      vertex -53.0215 7.04648 8
      vertex -39.6818 12.8208 0
      vertex -53.1364 7.10006 8
    endloop
  endfacet
  facet normal 0.310912 0.443964 0.840375
    outer loop
      vertex -40.201 13.1844 0
      vertex -53.1364 7.10006 8
      vertex -39.6818 12.8208 0
    endloop
  endfacet
  facet normal 0.310949 0.443907 0.840391
    outer loop
      vertex -53.1364 7.10006 8
      vertex -40.201 13.1844 0
      vertex -53.2402 7.17277 8
    endloop
  endfacet
  facet normal -0.462089 0.123666 0.878169
    outer loop
      vertex -30.3554 15.5767 0
      vertex -16.5277 10.4361 8
      vertex -30.3349 15.6533 0
    endloop
  endfacet
  facet normal -0.462036 0.12382 0.878175
    outer loop
      vertex -16.5277 10.4361 8
      vertex -30.3554 15.5767 0
      vertex -16.7123 9.74726 8
    endloop
  endfacet
  facet normal -0.48874 -0.0427295 0.871382
    outer loop
      vertex -30.3349 18.3467 0
      vertex -16.4656 22.8536 8
      vertex -16.5277 23.5639 8
    endloop
  endfacet
  facet normal -0.488737 -0.0427412 0.871384
    outer loop
      vertex -16.4656 22.8536 8
      vertex -30.3349 18.3467 0
      vertex -30.328 18.2678 0
    endloop
  endfacet
  facet normal 0.398479 -0.279058 0.873694
    outer loop
      vertex -54.8272 25.2402 8
      vertex -41.1792 19.6818 0
      vertex -40.8156 20.201 0
    endloop
  endfacet
  facet normal 0.398468 -0.279081 0.873692
    outer loop
      vertex -41.1792 19.6818 0
      vertex -54.8272 25.2402 8
      vertex -54.8999 25.1364 8
    endloop
  endfacet
  facet normal 0.43231 -0.201594 0.878901
    outer loop
      vertex -54.8999 25.1364 8
      vertex -41.4471 19.1073 0
      vertex -41.1792 19.6818 0
    endloop
  endfacet
  facet normal 0.432282 -0.201656 0.878901
    outer loop
      vertex -41.4471 19.1073 0
      vertex -54.8999 25.1364 8
      vertex -54.9535 25.0215 8
    endloop
  endfacet
  facet normal 0.398479 0.279058 0.873694
    outer loop
      vertex -41.1792 14.3182 0
      vertex -54.8272 8.75979 8
      vertex -40.8156 13.799 0
    endloop
  endfacet
  facet normal 0.398515 0.27898 0.873702
    outer loop
      vertex -54.8272 8.75979 8
      vertex -41.1792 14.3182 0
      vertex -54.8999 8.86364 8
    endloop
  endfacet
  facet normal 0.398587 0.278826 0.873719
    outer loop
      vertex -40.8156 13.799 0
      vertex -54.4182 8.17566 8
      vertex -40.7702 13.7341 0
    endloop
  endfacet
  facet normal 0.398495 0.279021 0.873699
    outer loop
      vertex -54.4182 8.17566 8
      vertex -40.8156 13.799 0
      vertex -54.8272 8.75979 8
    endloop
  endfacet
  facet normal -0.35889 -0.35889 0.861624
    outer loop
      vertex -18.1757 26.4182 8
      vertex -31.2298 20.2659 0
      vertex -17.5818 25.8243 8
    endloop
  endfacet
  facet normal -0.35889 -0.35889 0.861624
    outer loop
      vertex -31.2298 20.2659 0
      vertex -18.1757 26.4182 8
      vertex -31.7341 20.7702 0
    endloop
  endfacet
  facet normal -0.462052 0.123777 0.878172
    outer loop
      vertex -30.5194 14.9645 0
      vertex -16.7123 9.74726 8
      vertex -30.3554 15.5767 0
    endloop
  endfacet
  facet normal -0.462056 0.123768 0.878172
    outer loop
      vertex -16.7123 9.74726 8
      vertex -30.5194 14.9645 0
      vertex -16.7451 9.62481 8
    endloop
  endfacet
  facet normal -0.488719 0.0428035 0.871391
    outer loop
      vertex -30.328 15.7322 0
      vertex -16.4545 11.2727 8
      vertex -30.2727 16.3636 0
    endloop
  endfacet
  facet normal -0.488681 0.0429482 0.871405
    outer loop
      vertex -16.4545 11.2727 8
      vertex -30.328 15.7322 0
      vertex -16.4656 11.1464 8
    endloop
  endfacet
  facet normal 0.48874 -0.0427295 0.871382
    outer loop
      vertex -55.5344 22.8536 8
      vertex -41.6651 18.3467 0
      vertex -55.4723 23.5639 8
    endloop
  endfacet
  facet normal 0.488737 -0.0427412 0.871384
    outer loop
      vertex -41.6651 18.3467 0
      vertex -55.5344 22.8536 8
      vertex -41.672 18.2678 0
    endloop
  endfacet
  facet normal -0.0658224 -0.752664 0.655106
    outer loop
      vertex -33.6533 21.6651 0
      vertex -21.1464 27.5344 8
      vertex -33.7322 21.672 0
    endloop
  endfacet
  facet normal -0.0658052 -0.75268 0.65509
    outer loop
      vertex -21.1464 27.5344 8
      vertex -33.6533 21.6651 0
      vertex -20.4361 27.4723 8
    endloop
  endfacet
  facet normal 0.488681 -0.0429482 0.871405
    outer loop
      vertex -55.5455 22.7273 8
      vertex -41.672 18.2678 0
      vertex -55.5344 22.8536 8
    endloop
  endfacet
  facet normal 0.488719 -0.0428035 0.871391
    outer loop
      vertex -41.672 18.2678 0
      vertex -55.5455 22.7273 8
      vertex -41.7273 17.6364 0
    endloop
  endfacet
  facet normal 0.398587 -0.278827 0.873718
    outer loop
      vertex -54.4182 25.8243 8
      vertex -40.8156 20.201 0
      vertex -40.7702 20.2659 0
    endloop
  endfacet
  facet normal 0.39849 -0.279032 0.873697
    outer loop
      vertex -40.8156 20.201 0
      vertex -54.4182 25.8243 8
      vertex -54.8272 25.2402 8
    endloop
  endfacet
  facet normal 0.462034 -0.123826 0.878175
    outer loop
      vertex -55.4723 23.5639 8
      vertex -41.6446 18.4233 0
      vertex -55.2877 24.2527 8
    endloop
  endfacet
  facet normal 0.462089 -0.123666 0.878169
    outer loop
      vertex -41.6446 18.4233 0
      vertex -55.4723 23.5639 8
      vertex -41.6651 18.3467 0
    endloop
  endfacet
  facet normal -0.488737 0.0427412 0.871384
    outer loop
      vertex -30.3349 15.6533 0
      vertex -16.4656 11.1464 8
      vertex -30.328 15.7322 0
    endloop
  endfacet
  facet normal -0.48874 0.0427295 0.871382
    outer loop
      vertex -16.4656 11.1464 8
      vertex -30.3349 15.6533 0
      vertex -16.5277 10.4361 8
    endloop
  endfacet
  facet normal 0.462089 0.123666 0.878169
    outer loop
      vertex -55.4723 10.4361 8
      vertex -41.6446 15.5767 0
      vertex -41.6651 15.6533 0
    endloop
  endfacet
  facet normal 0.462036 0.12382 0.878175
    outer loop
      vertex -41.6446 15.5767 0
      vertex -55.4723 10.4361 8
      vertex -55.2877 9.74726 8
    endloop
  endfacet
  facet normal 0.462072 -0.123722 0.87817
    outer loop
      vertex -55.2877 24.2527 8
      vertex -41.4806 19.0355 0
      vertex -55.2549 24.3752 8
    endloop
  endfacet
  facet normal 0.462053 -0.123778 0.878172
    outer loop
      vertex -41.4806 19.0355 0
      vertex -55.2877 24.2527 8
      vertex -41.6446 18.4233 0
    endloop
  endfacet
  facet normal -0.250551 -0.537095 0.805452
    outer loop
      vertex -18.9785 26.9535 8
      vertex -32.3182 21.1792 0
      vertex -18.8636 26.8999 8
    endloop
  endfacet
  facet normal -0.250495 -0.537175 0.805416
    outer loop
      vertex -32.3182 21.1792 0
      vertex -18.9785 26.9535 8
      vertex -32.8927 21.4471 0
    endloop
  endfacet
  facet normal 0.250495 -0.537175 0.805416
    outer loop
      vertex -53.0215 26.9535 8
      vertex -39.6818 21.1792 0
      vertex -39.1073 21.4471 0
    endloop
  endfacet
  facet normal 0.250551 -0.537095 0.805452
    outer loop
      vertex -39.6818 21.1792 0
      vertex -53.0215 26.9535 8
      vertex -53.1364 26.8999 8
    endloop
  endfacet
  facet normal 0.488719 0.0428035 0.871391
    outer loop
      vertex -55.5455 11.2727 8
      vertex -41.672 15.7322 0
      vertex -41.7273 16.3636 0
    endloop
  endfacet
  facet normal 0.488681 0.0429482 0.871405
    outer loop
      vertex -41.672 15.7322 0
      vertex -55.5455 11.2727 8
      vertex -55.5344 11.1464 8
    endloop
  endfacet
  facet normal -0.310929 -0.44394 0.840381
    outer loop
      vertex -18.8636 26.8999 8
      vertex -31.799 20.8156 0
      vertex -18.7598 26.8272 8
    endloop
  endfacet
  facet normal -0.310912 -0.443965 0.840374
    outer loop
      vertex -31.799 20.8156 0
      vertex -18.8636 26.8999 8
      vertex -32.3182 21.1792 0
    endloop
  endfacet
  facet normal -0.310895 -0.443995 0.840365
    outer loop
      vertex -18.7598 26.8272 8
      vertex -31.7341 20.7702 0
      vertex -18.1757 26.4182 8
    endloop
  endfacet
  facet normal -0.310749 -0.444221 0.840299
    outer loop
      vertex -31.7341 20.7702 0
      vertex -18.7598 26.8272 8
      vertex -31.799 20.8156 0
    endloop
  endfacet
  facet normal 0.43231 0.201594 0.878901
    outer loop
      vertex -41.4471 14.8927 0
      vertex -54.8999 8.86364 8
      vertex -41.1792 14.3182 0
    endloop
  endfacet
  facet normal 0.432276 0.201671 0.878901
    outer loop
      vertex -54.8999 8.86364 8
      vertex -41.4471 14.8927 0
      vertex -54.9535 8.97853 8
    endloop
  endfacet
  facet normal -0.171535 -0.640641 0.748435
    outer loop
      vertex -19.7473 27.2877 8
      vertex -32.9645 21.4806 0
      vertex -19.6248 27.2549 8
    endloop
  endfacet
  facet normal -0.171599 -0.640565 0.748485
    outer loop
      vertex -32.9645 21.4806 0
      vertex -19.7473 27.2877 8
      vertex -33.5767 21.6446 0
    endloop
  endfacet
  facet normal -0.250504 -0.537161 0.805423
    outer loop
      vertex -19.6248 27.2549 8
      vertex -32.8927 21.4471 0
      vertex -18.9785 26.9535 8
    endloop
  endfacet
  facet normal -0.250577 -0.537057 0.805469
    outer loop
      vertex -32.8927 21.4471 0
      vertex -19.6248 27.2549 8
      vertex -32.9645 21.4806 0
    endloop
  endfacet
  facet normal -0.906309 0.422615 0
    outer loop
      vertex 59.1962 7 8
      vertex 59.6382 7.94788 58
      vertex 59.6382 7.94788 8
    endloop
  endfacet
  facet normal -0.906309 0.422615 0
    outer loop
      vertex 59.6382 7.94788 58
      vertex 59.1962 7 8
      vertex 59.1962 7 58
    endloop
  endfacet
  facet normal 0.258746 -0.965945 0
    outer loop
      vertex 15.9479 29.6382 8
      vertex 16.9581 29.9088 58
      vertex 15.9479 29.6382 58
    endloop
  endfacet
  facet normal 0.258746 -0.965945 0
    outer loop
      vertex 16.9581 29.9088 58
      vertex 15.9479 29.6382 8
      vertex 16.9581 29.9088 8
    endloop
  endfacet
  facet normal 0.573584 0.819147 -0
    outer loop
      vertex 15 4.80385 43.7579
      vertex 14.1433 5.40373 58
      vertex 15 4.80385 58
    endloop
  endfacet
  facet normal 0.573637 0.81911 4.73048e-06
    outer loop
      vertex 14.877 4.88999 43.6
      vertex 14.1433 5.40373 58
      vertex 15 4.80385 43.7579
    endloop
  endfacet
  facet normal 0.573575 0.819153 0
    outer loop
      vertex 14.1433 5.40373 8
      vertex 14.877 4.88999 43.6
      vertex 14.877 4.88999 8
    endloop
  endfacet
  facet normal 0.573575 0.819153 0
    outer loop
      vertex 14.877 4.88999 43.6
      vertex 14.1433 5.40373 8
      vertex 14.1433 5.40373 58
    endloop
  endfacet
  facet normal -0.996191 0.0871998 0
    outer loop
      vertex 59.9088 8.95811 8
      vertex 60 10 58
      vertex 60 10 8
    endloop
  endfacet
  facet normal -0.996191 0.0871998 0
    outer loop
      vertex 60 10 58
      vertex 59.9088 8.95811 8
      vertex 59.9088 8.95811 58
    endloop
  endfacet
  facet normal -1 0 0
    outer loop
      vertex 60 10 8
      vertex 60 24 58
      vertex 60 24 8
    endloop
  endfacet
  facet normal -1 -0 0
    outer loop
      vertex 60 24 58
      vertex 60 10 8
      vertex 60 10 58
    endloop
  endfacet
  facet normal 0.819138 -0.573597 0
    outer loop
      vertex 12.8038 27 58
      vertex 13.4037 27.8567 8
      vertex 13.4037 27.8567 58
    endloop
  endfacet
  facet normal 0.819138 -0.573597 0
    outer loop
      vertex 13.4037 27.8567 8
      vertex 12.8038 27 58
      vertex 12.8038 27 8
    endloop
  endfacet
  facet normal 0.996191 0.0871998 0
    outer loop
      vertex 12.0912 8.95811 58
      vertex 12 10 8
      vertex 12 10 58
    endloop
  endfacet
  facet normal 0.996191 0.0871998 0
    outer loop
      vertex 12 10 8
      vertex 12.0912 8.95811 58
      vertex 12.0912 8.95811 8
    endloop
  endfacet
  facet normal 0.707083 0.707131 0
    outer loop
      vertex 14.1433 5.40373 58
      vertex 13.4037 6.14328 8
      vertex 13.4037 6.14328 58
    endloop
  endfacet
  facet normal 0.707083 0.707131 0
    outer loop
      vertex 13.4037 6.14328 8
      vertex 14.1433 5.40373 58
      vertex 14.1433 5.40373 8
    endloop
  endfacet
  facet normal -0.573584 0.819147 0
    outer loop
      vertex 57.8567 5.40373 8
      vertex 57 4.80385 58
      vertex 57.8567 5.40373 58
    endloop
  endfacet
  facet normal -0.573584 0.819147 0
    outer loop
      vertex 57 4.80385 58
      vertex 57.8567 5.40373 8
      vertex 57 4.80385 8
    endloop
  endfacet
  facet normal -0.965945 -0.258746 0
    outer loop
      vertex 59.9088 25.0419 8
      vertex 59.6382 26.0521 58
      vertex 59.6382 26.0521 8
    endloop
  endfacet
  facet normal -0.965945 -0.258746 0
    outer loop
      vertex 59.6382 26.0521 58
      vertex 59.9088 25.0419 8
      vertex 59.9088 25.0419 58
    endloop
  endfacet
  facet normal -0.996191 -0.087199 0
    outer loop
      vertex 60 24 8
      vertex 59.9088 25.0419 58
      vertex 59.9088 25.0419 8
    endloop
  endfacet
  facet normal -0.996191 -0.087199 0
    outer loop
      vertex 59.9088 25.0419 58
      vertex 60 24 8
      vertex 60 24 58
    endloop
  endfacet
  facet normal -0.087199 -0.996191 0
    outer loop
      vertex 54 30 8
      vertex 55.0419 29.9088 58
      vertex 54 30 58
    endloop
  endfacet
  facet normal -0.087199 -0.996191 -0
    outer loop
      vertex 55.0419 29.9088 58
      vertex 54 30 8
      vertex 55.0419 29.9088 8
    endloop
  endfacet
  facet normal 0.087199 -0.996191 0
    outer loop
      vertex 16.9581 29.9088 8
      vertex 18 30 58
      vertex 16.9581 29.9088 58
    endloop
  endfacet
  facet normal 0.087199 -0.996191 0
    outer loop
      vertex 18 30 58
      vertex 16.9581 29.9088 8
      vertex 18 30 8
    endloop
  endfacet
  facet normal 0 -1 0
    outer loop
      vertex 18 30 8
      vertex 54 30 58
      vertex 18 30 58
    endloop
  endfacet
  facet normal 0 -1 -0
    outer loop
      vertex 54 30 58
      vertex 18 30 8
      vertex 54 30 8
    endloop
  endfacet
  facet normal 0.906313 -0.422608 0
    outer loop
      vertex 12.3618 26.0521 58
      vertex 12.8038 27 8
      vertex 12.8038 27 58
    endloop
  endfacet
  facet normal 0.906313 -0.422608 0
    outer loop
      vertex 12.8038 27 8
      vertex 12.3618 26.0521 58
      vertex 12.3618 26.0521 8
    endloop
  endfacet
  facet normal 0.573597 -0.819138 0
    outer loop
      vertex 14.1433 28.5963 8
      vertex 15 29.1962 58
      vertex 14.1433 28.5963 58
    endloop
  endfacet
  facet normal 0.573597 -0.819138 0
    outer loop
      vertex 15 29.1962 58
      vertex 14.1433 28.5963 8
      vertex 15 29.1962 8
    endloop
  endfacet
  facet normal 1 -0 0
    outer loop
      vertex 12 10 58
      vertex 12 24 8
      vertex 12 24 58
    endloop
  endfacet
  facet normal 1 0 0
    outer loop
      vertex 12 24 8
      vertex 12 10 58
      vertex 12 10 8
    endloop
  endfacet
  facet normal -0.422608 -0.906313 0
    outer loop
      vertex 56.0521 29.6382 8
      vertex 57 29.1962 58
      vertex 56.0521 29.6382 58
    endloop
  endfacet
  facet normal -0.422608 -0.906313 -0
    outer loop
      vertex 57 29.1962 58
      vertex 56.0521 29.6382 8
      vertex 57 29.1962 8
    endloop
  endfacet
  facet normal -0.819144 0.573588 0
    outer loop
      vertex 58.5963 6.14328 8
      vertex 59.1962 7 58
      vertex 59.1962 7 8
    endloop
  endfacet
  facet normal -0.819144 0.573588 0
    outer loop
      vertex 59.1962 7 58
      vertex 58.5963 6.14328 8
      vertex 58.5963 6.14328 58
    endloop
  endfacet
  facet normal 0 1 -0
    outer loop
      vertex 20.2792 4 43.5
      vertex 18 4 58
      vertex 54 4 58
    endloop
  endfacet
  facet normal 0 1 0
    outer loop
      vertex 18 4 58
      vertex 18.2264 4 45.1664
      vertex 18.1382 4 45.2317
    endloop
  endfacet
  facet normal 0 1 0
    outer loop
      vertex 18 4 58
      vertex 20.1523 4 43.6
      vertex 18.2264 4 45.1664
    endloop
  endfacet
  facet normal 0 1 0
    outer loop
      vertex 18 4 58
      vertex 20.2792 4 43.5
      vertex 20.1523 4 43.6
    endloop
  endfacet
  facet normal 0 1 0
    outer loop
      vertex 54 4 58
      vertex 20.2188 4 42.4998
      vertex 20.2792 4 43.5
    endloop
  endfacet
  facet normal 0 1 0
    outer loop
      vertex 54 4 58
      vertex 20.2062 4 42.2778
      vertex 20.2188 4 42.4998
    endloop
  endfacet
  facet normal 0 1 0
    outer loop
      vertex 54 4 58
      vertex 20.1459 4 41.2775
      vertex 20.2062 4 42.2778
    endloop
  endfacet
  facet normal 0 1 0
    outer loop
      vertex 54 4 58
      vertex 20.1332 4 41.0556
      vertex 20.1459 4 41.2775
    endloop
  endfacet
  facet normal 0 1 0
    outer loop
      vertex 54 4 58
      vertex 20.0729 4 40.0553
      vertex 20.1332 4 41.0556
    endloop
  endfacet
  facet normal 0 1 0
    outer loop
      vertex 54 4 58
      vertex 20.0603 4 39.8333
      vertex 20.0729 4 40.0553
    endloop
  endfacet
  facet normal 0 1 0
    outer loop
      vertex 54 4 58
      vertex 19.9999 4 38.8331
      vertex 20.0603 4 39.8333
    endloop
  endfacet
  facet normal 0 1 0
    outer loop
      vertex 54 4 58
      vertex 19.9873 4 38.6111
      vertex 19.9999 4 38.8331
    endloop
  endfacet
  facet normal 0 1 0
    outer loop
      vertex 54 4 58
      vertex 19.927 4 37.6109
      vertex 19.9873 4 38.6111
    endloop
  endfacet
  facet normal 0 1 0
    outer loop
      vertex 54 4 58
      vertex 19.9143 4 37.3889
      vertex 19.927 4 37.6109
    endloop
  endfacet
  facet normal 0 1 0
    outer loop
      vertex 54 4 58
      vertex 19.854 4 36.3887
      vertex 19.9143 4 37.3889
    endloop
  endfacet
  facet normal 0 1 0
    outer loop
      vertex 54 4 58
      vertex 19.8414 4 36.1667
      vertex 19.854 4 36.3887
    endloop
  endfacet
  facet normal 0 1 0
    outer loop
      vertex 54 4 58
      vertex 19.781 4 35.1664
      vertex 19.8414 4 36.1667
    endloop
  endfacet
  facet normal 0 1 0
    outer loop
      vertex 54 4 58
      vertex 19.7684 4 34.9444
      vertex 19.781 4 35.1664
    endloop
  endfacet
  facet normal 0 1 0
    outer loop
      vertex 54 4 58
      vertex 19.7081 4 33.9442
      vertex 19.7684 4 34.9444
    endloop
  endfacet
  facet normal 0 1 -0
    outer loop
      vertex 54 4 8
      vertex 19.7081 4 33.9442
      vertex 54 4 58
    endloop
  endfacet
  facet normal 0 1 0
    outer loop
      vertex 19.7081 4 33.9442
      vertex 54 4 8
      vertex 19.6954 4 33.7222
    endloop
  endfacet
  facet normal 0 1 0
    outer loop
      vertex 19.6954 4 33.7222
      vertex 54 4 8
      vertex 19.6351 4 32.722
    endloop
  endfacet
  facet normal 0 1 0
    outer loop
      vertex 19.6351 4 32.722
      vertex 54 4 8
      vertex 19.6225 4 32.5
    endloop
  endfacet
  facet normal 0 1 0
    outer loop
      vertex 19.6225 4 32.5
      vertex 54 4 8
      vertex 19.5621 4 31.4998
    endloop
  endfacet
  facet normal 0 1 0
    outer loop
      vertex 19.5621 4 31.4998
      vertex 54 4 8
      vertex 19.5495 4 31.2778
    endloop
  endfacet
  facet normal 0 1 0
    outer loop
      vertex 19.5495 4 31.2778
      vertex 54 4 8
      vertex 19.4892 4 30.2775
    endloop
  endfacet
  facet normal 0 1 0
    outer loop
      vertex 19.4892 4 30.2775
      vertex 54 4 8
      vertex 19.4765 4 30.0556
    endloop
  endfacet
  facet normal 0 1 0
    outer loop
      vertex 19.4765 4 30.0556
      vertex 54 4 8
      vertex 19.4162 4 29.0553
    endloop
  endfacet
  facet normal 0 1 0
    outer loop
      vertex 19.4162 4 29.0553
      vertex 54 4 8
      vertex 19.4036 4 28.8333
    endloop
  endfacet
  facet normal 0 1 0
    outer loop
      vertex 19.4036 4 28.8333
      vertex 54 4 8
      vertex 19.3432 4 27.8331
    endloop
  endfacet
  facet normal 0 1 0
    outer loop
      vertex 19.3432 4 27.8331
      vertex 54 4 8
      vertex 19.3306 4 27.6111
    endloop
  endfacet
  facet normal 0 1 0
    outer loop
      vertex 19.3306 4 27.6111
      vertex 54 4 8
      vertex 19.2702 4 26.6109
    endloop
  endfacet
  facet normal 0 1 0
    outer loop
      vertex 19.2702 4 26.6109
      vertex 54 4 8
      vertex 19.2576 4 26.3889
    endloop
  endfacet
  facet normal 0 1 0
    outer loop
      vertex 19.2576 4 26.3889
      vertex 54 4 8
      vertex 19.1973 4 25.3887
    endloop
  endfacet
  facet normal 0 1 0
    outer loop
      vertex 19.1973 4 25.3887
      vertex 54 4 8
      vertex 19.1847 4 25.1667
    endloop
  endfacet
  facet normal 0 1 0
    outer loop
      vertex 19.1847 4 25.1667
      vertex 54 4 8
      vertex 19.1243 4 24.1664
    endloop
  endfacet
  facet normal 0 1 0
    outer loop
      vertex 19.1243 4 24.1664
      vertex 54 4 8
      vertex 19.1117 4 23.9444
    endloop
  endfacet
  facet normal 0 1 0
    outer loop
      vertex 19.1117 4 23.9444
      vertex 54 4 8
      vertex 19.0513 4 22.9442
    endloop
  endfacet
  facet normal 0 1 0
    outer loop
      vertex 19.0513 4 22.9442
      vertex 54 4 8
      vertex 19.0387 4 22.7222
    endloop
  endfacet
  facet normal 0 1 0
    outer loop
      vertex 19.0387 4 22.7222
      vertex 54 4 8
      vertex 18.9784 4 21.722
    endloop
  endfacet
  facet normal 0 1 0
    outer loop
      vertex 18.9784 4 21.722
      vertex 54 4 8
      vertex 18.9658 4 21.5
    endloop
  endfacet
  facet normal 0 1 0
    outer loop
      vertex 18.9658 4 21.5
      vertex 54 4 8
      vertex 18.9054 4 20.4998
    endloop
  endfacet
  facet normal 0 1 0
    outer loop
      vertex 18.9054 4 20.4998
      vertex 54 4 8
      vertex 18.8928 4 20.2778
    endloop
  endfacet
  facet normal 0 1 0
    outer loop
      vertex 18.8928 4 20.2778
      vertex 54 4 8
      vertex 18.8324 4 19.2775
    endloop
  endfacet
  facet normal 0 1 0
    outer loop
      vertex 18.8324 4 19.2775
      vertex 54 4 8
      vertex 18.8198 4 19.0556
    endloop
  endfacet
  facet normal 0 1 0
    outer loop
      vertex 18.8198 4 19.0556
      vertex 54 4 8
      vertex 18.7595 4 18.0553
    endloop
  endfacet
  facet normal 0 1 0
    outer loop
      vertex 18.7595 4 18.0553
      vertex 54 4 8
      vertex 18.7469 4 17.8333
    endloop
  endfacet
  facet normal 0 1 0
    outer loop
      vertex 18.7469 4 17.8333
      vertex 54 4 8
      vertex 18.6865 4 16.8331
    endloop
  endfacet
  facet normal 0 1 0
    outer loop
      vertex 18.6865 4 16.8331
      vertex 54 4 8
      vertex 18.6739 4 16.6111
    endloop
  endfacet
  facet normal 0 1 0
    outer loop
      vertex 18.6739 4 16.6111
      vertex 54 4 8
      vertex 18.6135 4 15.6109
    endloop
  endfacet
  facet normal 0 1 0
    outer loop
      vertex 18.6135 4 15.6109
      vertex 54 4 8
      vertex 18.6009 4 15.3889
    endloop
  endfacet
  facet normal 0 1 0
    outer loop
      vertex 18.6009 4 15.3889
      vertex 54 4 8
      vertex 18.5406 4 14.3887
    endloop
  endfacet
  facet normal 0 1 0
    outer loop
      vertex 18.5406 4 14.3887
      vertex 54 4 8
      vertex 18.528 4 14.1667
    endloop
  endfacet
  facet normal 0 1 0
    outer loop
      vertex 18.528 4 14.1667
      vertex 54 4 8
      vertex 18.4676 4 13.1664
    endloop
  endfacet
  facet normal 0 1 0
    outer loop
      vertex 18.4676 4 13.1664
      vertex 54 4 8
      vertex 18.455 4 12.9444
    endloop
  endfacet
  facet normal 0 1 0
    outer loop
      vertex 18.455 4 12.9444
      vertex 54 4 8
      vertex 18.3946 4 11.9442
    endloop
  endfacet
  facet normal 0 1 0
    outer loop
      vertex 18.3946 4 11.9442
      vertex 54 4 8
      vertex 18.382 4 11.7222
    endloop
  endfacet
  facet normal 0 1 0
    outer loop
      vertex 18.382 4 11.7222
      vertex 54 4 8
      vertex 18.3217 4 10.722
    endloop
  endfacet
  facet normal 0 1 0
    outer loop
      vertex 18.3217 4 10.722
      vertex 54 4 8
      vertex 18.3091 4 10.5
    endloop
  endfacet
  facet normal 0 1 0
    outer loop
      vertex 18.3091 4 10.5
      vertex 54 4 8
      vertex 18.2487 4 9.49977
    endloop
  endfacet
  facet normal 0 1 0
    outer loop
      vertex 18.2487 4 9.49977
      vertex 54 4 8
      vertex 18.2361 4 9.27778
    endloop
  endfacet
  facet normal 0 1 0
    outer loop
      vertex 18.2361 4 9.27778
      vertex 54 4 8
      vertex 18.1757 4 8.27755
    endloop
  endfacet
  facet normal 0 1 0
    outer loop
      vertex 18.1757 4 8.27755
      vertex 54 4 8
      vertex 18.1631 4 8.05556
    endloop
  endfacet
  facet normal 0 1 0
    outer loop
      vertex 18.1631 4 8.05556
      vertex 54 4 8
      vertex 18.1598 4 8
    endloop
  endfacet
  facet normal 0 1 0
    outer loop
      vertex 18 4 58
      vertex 18.1382 4 45.2317
      vertex 18 4 45.2317
    endloop
  endfacet
  facet normal 0 1 0
    outer loop
      vertex 20.1523 4 43.6
      vertex 20.2792 4 43.5
      vertex 20.1523 4 43.5
    endloop
  endfacet
  facet normal -0.258835 0.965922 0
    outer loop
      vertex 56.0521 4.36185 8
      vertex 55.0419 4.09115 58
      vertex 56.0521 4.36185 58
    endloop
  endfacet
  facet normal -0.258835 0.965922 0
    outer loop
      vertex 55.0419 4.09115 58
      vertex 56.0521 4.36185 8
      vertex 55.0419 4.09115 8
    endloop
  endfacet
  facet normal -0.707083 0.707131 0
    outer loop
      vertex 58.5963 6.14328 8
      vertex 57.8567 5.40373 58
      vertex 58.5963 6.14328 58
    endloop
  endfacet
  facet normal -0.707083 0.707131 0
    outer loop
      vertex 57.8567 5.40373 58
      vertex 58.5963 6.14328 8
      vertex 57.8567 5.40373 8
    endloop
  endfacet
  facet normal 0.422608 -0.906313 0
    outer loop
      vertex 15 29.1962 8
      vertex 15.9479 29.6382 58
      vertex 15 29.1962 58
    endloop
  endfacet
  facet normal 0.422608 -0.906313 0
    outer loop
      vertex 15.9479 29.6382 58
      vertex 15 29.1962 8
      vertex 15.9479 29.6382 8
    endloop
  endfacet
  facet normal -0.0871515 0.996195 0
    outer loop
      vertex 55.0419 4.09115 8
      vertex 54 4 58
      vertex 55.0419 4.09115 58
    endloop
  endfacet
  facet normal -0.0871515 0.996195 0
    outer loop
      vertex 54 4 58
      vertex 55.0419 4.09115 8
      vertex 54 4 8
    endloop
  endfacet
  facet normal 0 0 1
    outer loop
      vertex 18.1757 7.58179 8
      vertex 18.3544 4.88999 8
      vertex 18.7598 7.17277 8
    endloop
  endfacet
  facet normal 0 0 1
    outer loop
      vertex 14.877 4.88999 8
      vertex 18.1757 7.58179 8
      vertex 17.5818 8.17566 8
    endloop
  endfacet
  facet normal 0 0 1
    outer loop
      vertex 14.1433 5.40373 8
      vertex 17.5818 8.17566 8
      vertex 17.1728 8.75979 8
    endloop
  endfacet
  facet normal 0 0 1
    outer loop
      vertex 13.4037 6.14328 8
      vertex 17.1728 8.75979 8
      vertex 17.1001 8.86364 8
    endloop
  endfacet
  facet normal 0 0 1
    outer loop
      vertex 12.8038 7 8
      vertex 17.1001 8.86364 8
      vertex 17.0465 8.97853 8
    endloop
  endfacet
  facet normal 0 0 1
    outer loop
      vertex 12.8038 7 8
      vertex 17.0465 8.97853 8
      vertex 16.7451 9.62481 8
    endloop
  endfacet
  facet normal 0 0 1
    outer loop
      vertex 12.0912 8.95811 8
      vertex 16.7123 9.74726 8
      vertex 16.5277 10.4361 8
    endloop
  endfacet
  facet normal 0 0 1
    outer loop
      vertex 12 10 8
      vertex 16.4656 11.1464 8
      vertex 16.4545 11.2727 8
    endloop
  endfacet
  facet normal -0 0 1
    outer loop
      vertex 12.0912 25.0419 8
      vertex 16.7451 24.3752 8
      vertex 12.3618 26.0521 8
    endloop
  endfacet
  facet normal 0 0 1
    outer loop
      vertex 18.1757 7.58179 8
      vertex 14.877 4.88999 8
      vertex 18.3544 4.88999 8
    endloop
  endfacet
  facet normal 0 0 1
    outer loop
      vertex 16.7123 9.74726 8
      vertex 12.0912 8.95811 8
      vertex 16.7451 9.62481 8
    endloop
  endfacet
  facet normal 0 0 1
    outer loop
      vertex 16.4656 11.1464 8
      vertex 12 10 8
      vertex 16.5277 10.4361 8
    endloop
  endfacet
  facet normal 0 0 1
    outer loop
      vertex 16.4545 22.7273 8
      vertex 12 24 8
      vertex 16.4545 11.2727 8
    endloop
  endfacet
  facet normal 0 0 1
    outer loop
      vertex 16.7451 24.3752 8
      vertex 12.0912 25.0419 8
      vertex 16.7123 24.2527 8
    endloop
  endfacet
  facet normal 0 0 1
    outer loop
      vertex 12 10 8
      vertex 16.4545 11.2727 8
      vertex 12 24 8
    endloop
  endfacet
  facet normal 0 0 1
    outer loop
      vertex 16.7123 24.2527 8
      vertex 12.0912 25.0419 8
      vertex 16.5277 23.5639 8
    endloop
  endfacet
  facet normal 0 0 1
    outer loop
      vertex 16.5277 10.4361 8
      vertex 12 10 8
      vertex 12.0912 8.95811 8
    endloop
  endfacet
  facet normal -0 0 1
    outer loop
      vertex 12 24 8
      vertex 16.5277 23.5639 8
      vertex 12.0912 25.0419 8
    endloop
  endfacet
  facet normal 0 0 1
    outer loop
      vertex 17.1728 8.75979 8
      vertex 13.4037 6.14328 8
      vertex 14.1433 5.40373 8
    endloop
  endfacet
  facet normal 0 0 1
    outer loop
      vertex 16.5277 23.5639 8
      vertex 12 24 8
      vertex 16.4656 22.8536 8
    endloop
  endfacet
  facet normal 0 0 1
    outer loop
      vertex 17.5818 8.17566 8
      vertex 14.1433 5.40373 8
      vertex 14.877 4.88999 8
    endloop
  endfacet
  facet normal 0 0 1
    outer loop
      vertex 16.4656 22.8536 8
      vertex 12 24 8
      vertex 16.4545 22.7273 8
    endloop
  endfacet
  facet normal 0 0 1
    outer loop
      vertex 17.1001 8.86364 8
      vertex 12.8038 7 8
      vertex 13.4037 6.14328 8
    endloop
  endfacet
  facet normal 0 0 1
    outer loop
      vertex 16.7451 9.62481 8
      vertex 12.3618 7.94788 8
      vertex 12.8038 7 8
    endloop
  endfacet
  facet normal 0 0 1
    outer loop
      vertex 16.7451 9.62481 8
      vertex 12.0912 8.95811 8
      vertex 12.3618 7.94788 8
    endloop
  endfacet
  facet normal 0 0 1
    outer loop
      vertex 55.4723 23.5639 8
      vertex 60 24 8
      vertex 59.9088 25.0419 8
    endloop
  endfacet
  facet normal 0 0 1
    outer loop
      vertex 60 24 8
      vertex 55.5455 22.7273 8
      vertex 60 10 8
    endloop
  endfacet
  facet normal 0 0 1
    outer loop
      vertex 55.2549 24.3752 8
      vertex 59.9088 25.0419 8
      vertex 59.6382 26.0521 8
    endloop
  endfacet
  facet normal -0 0 1
    outer loop
      vertex 55.5455 11.2727 8
      vertex 60 10 8
      vertex 55.5455 22.7273 8
    endloop
  endfacet
  facet normal 0 0 1
    outer loop
      vertex 55.2549 24.3752 8
      vertex 59.6382 26.0521 8
      vertex 59.1962 27 8
    endloop
  endfacet
  facet normal -0 0 1
    outer loop
      vertex 55.5344 11.1464 8
      vertex 60 10 8
      vertex 55.5455 11.2727 8
    endloop
  endfacet
  facet normal 0 0 1
    outer loop
      vertex 54.8999 25.1364 8
      vertex 59.1962 27 8
      vertex 58.5963 27.8567 8
    endloop
  endfacet
  facet normal -0 0 1
    outer loop
      vertex 55.4723 10.4361 8
      vertex 60 10 8
      vertex 55.5344 11.1464 8
    endloop
  endfacet
  facet normal 0 0 1
    outer loop
      vertex 54.8272 25.2402 8
      vertex 58.5963 27.8567 8
      vertex 57.8567 28.5963 8
    endloop
  endfacet
  facet normal 0 0 1
    outer loop
      vertex 60 10 8
      vertex 55.4723 10.4361 8
      vertex 59.9088 8.95811 8
    endloop
  endfacet
  facet normal 0 0 1
    outer loop
      vertex 54.4182 25.8243 8
      vertex 57.8567 28.5963 8
      vertex 57 29.1962 8
    endloop
  endfacet
  facet normal -0 0 1
    outer loop
      vertex 55.2877 9.74726 8
      vertex 59.9088 8.95811 8
      vertex 55.4723 10.4361 8
    endloop
  endfacet
  facet normal 0 0 1
    outer loop
      vertex 54.4182 25.8243 8
      vertex 57 29.1962 8
      vertex 56.0521 29.6382 8
    endloop
  endfacet
  facet normal -0 0 1
    outer loop
      vertex 55.2549 9.62481 8
      vertex 59.9088 8.95811 8
      vertex 55.2877 9.74726 8
    endloop
  endfacet
  facet normal 0 0 1
    outer loop
      vertex 59.9088 8.95811 8
      vertex 55.2549 9.62481 8
      vertex 59.6382 7.94788 8
    endloop
  endfacet
  facet normal 0 0 1
    outer loop
      vertex 60 24 8
      vertex 55.5344 22.8536 8
      vertex 55.5455 22.7273 8
    endloop
  endfacet
  facet normal 0 0 1
    outer loop
      vertex 60 24 8
      vertex 55.4723 23.5639 8
      vertex 55.5344 22.8536 8
    endloop
  endfacet
  facet normal 0 0 1
    outer loop
      vertex 59.9088 25.0419 8
      vertex 55.2877 24.2527 8
      vertex 55.4723 23.5639 8
    endloop
  endfacet
  facet normal 0 0 1
    outer loop
      vertex 59.9088 25.0419 8
      vertex 55.2549 24.3752 8
      vertex 55.2877 24.2527 8
    endloop
  endfacet
  facet normal 0 0 1
    outer loop
      vertex 53.8243 26.4182 8
      vertex 56.0521 29.6382 8
      vertex 55.0419 29.9088 8
    endloop
  endfacet
  facet normal 0 0 1
    outer loop
      vertex 59.1962 27 8
      vertex 54.9535 25.0215 8
      vertex 55.2549 24.3752 8
    endloop
  endfacet
  facet normal 0 0 1
    outer loop
      vertex 59.1962 27 8
      vertex 54.8999 25.1364 8
      vertex 54.9535 25.0215 8
    endloop
  endfacet
  facet normal 0 0 1
    outer loop
      vertex 58.5963 27.8567 8
      vertex 54.8272 25.2402 8
      vertex 54.8999 25.1364 8
    endloop
  endfacet
  facet normal 0 0 1
    outer loop
      vertex 57.8567 28.5963 8
      vertex 54.4182 25.8243 8
      vertex 54.8272 25.2402 8
    endloop
  endfacet
  facet normal 0 0 1
    outer loop
      vertex 53.2402 26.8272 8
      vertex 55.0419 29.9088 8
      vertex 54 30 8
    endloop
  endfacet
  facet normal 0 0 1
    outer loop
      vertex 56.0521 29.6382 8
      vertex 53.8243 26.4182 8
      vertex 54.4182 25.8243 8
    endloop
  endfacet
  facet normal 0 0 1
    outer loop
      vertex 55.0419 29.9088 8
      vertex 53.2402 26.8272 8
      vertex 53.8243 26.4182 8
    endloop
  endfacet
  facet normal 0 0 1
    outer loop
      vertex 54 30 8
      vertex 53.1364 26.8999 8
      vertex 53.2402 26.8272 8
    endloop
  endfacet
  facet normal 0 0 1
    outer loop
      vertex 54 30 8
      vertex 53.0215 26.9535 8
      vertex 53.1364 26.8999 8
    endloop
  endfacet
  facet normal 0 0 1
    outer loop
      vertex 54 30 8
      vertex 52.3752 27.2549 8
      vertex 53.0215 26.9535 8
    endloop
  endfacet
  facet normal 0 0 1
    outer loop
      vertex 54 30 8
      vertex 52.2527 27.2877 8
      vertex 52.3752 27.2549 8
    endloop
  endfacet
  facet normal 0 0 1
    outer loop
      vertex 54 30 8
      vertex 51.5639 27.4723 8
      vertex 52.2527 27.2877 8
    endloop
  endfacet
  facet normal 0 0 1
    outer loop
      vertex 54 30 8
      vertex 50.8536 27.5344 8
      vertex 51.5639 27.4723 8
    endloop
  endfacet
  facet normal 0 0 1
    outer loop
      vertex 54 30 8
      vertex 50.7273 27.5455 8
      vertex 50.8536 27.5344 8
    endloop
  endfacet
  facet normal 0 0 1
    outer loop
      vertex 54 30 8
      vertex 21.2727 27.5455 8
      vertex 50.7273 27.5455 8
    endloop
  endfacet
  facet normal 0 0 1
    outer loop
      vertex 18 30 8
      vertex 21.1464 27.5344 8
      vertex 21.2727 27.5455 8
    endloop
  endfacet
  facet normal 0 0 1
    outer loop
      vertex 18 30 8
      vertex 19.7473 27.2877 8
      vertex 20.4361 27.4723 8
    endloop
  endfacet
  facet normal 0 0 1
    outer loop
      vertex 18 30 8
      vertex 18.9785 26.9535 8
      vertex 19.6248 27.2549 8
    endloop
  endfacet
  facet normal 0 0 1
    outer loop
      vertex 18 30 8
      vertex 18.7598 26.8272 8
      vertex 18.8636 26.8999 8
    endloop
  endfacet
  facet normal -0 0 1
    outer loop
      vertex 18 30 8
      vertex 21.2727 27.5455 8
      vertex 54 30 8
    endloop
  endfacet
  facet normal 0 0 1
    outer loop
      vertex 21.1464 27.5344 8
      vertex 18 30 8
      vertex 20.4361 27.4723 8
    endloop
  endfacet
  facet normal 0 0 1
    outer loop
      vertex 19.7473 27.2877 8
      vertex 18 30 8
      vertex 19.6248 27.2549 8
    endloop
  endfacet
  facet normal 0 0 1
    outer loop
      vertex 18.9785 26.9535 8
      vertex 18 30 8
      vertex 18.8636 26.8999 8
    endloop
  endfacet
  facet normal 0 0 1
    outer loop
      vertex 18.7598 26.8272 8
      vertex 18 30 8
      vertex 16.9581 29.9088 8
    endloop
  endfacet
  facet normal 0 0 1
    outer loop
      vertex 18.7598 26.8272 8
      vertex 16.9581 29.9088 8
      vertex 18.1757 26.4182 8
    endloop
  endfacet
  facet normal -0 0 1
    outer loop
      vertex 15.9479 29.6382 8
      vertex 18.1757 26.4182 8
      vertex 16.9581 29.9088 8
    endloop
  endfacet
  facet normal 0 0 1
    outer loop
      vertex 18.1757 26.4182 8
      vertex 15.9479 29.6382 8
      vertex 17.5818 25.8243 8
    endloop
  endfacet
  facet normal -0 0 1
    outer loop
      vertex 15 29.1962 8
      vertex 17.5818 25.8243 8
      vertex 15.9479 29.6382 8
    endloop
  endfacet
  facet normal -0 0 1
    outer loop
      vertex 14.1433 28.5963 8
      vertex 17.5818 25.8243 8
      vertex 15 29.1962 8
    endloop
  endfacet
  facet normal 0 0 1
    outer loop
      vertex 17.5818 25.8243 8
      vertex 14.1433 28.5963 8
      vertex 17.1728 25.2402 8
    endloop
  endfacet
  facet normal -0 0 1
    outer loop
      vertex 13.4037 27.8567 8
      vertex 17.1728 25.2402 8
      vertex 14.1433 28.5963 8
    endloop
  endfacet
  facet normal 0 0 1
    outer loop
      vertex 17.1728 25.2402 8
      vertex 13.4037 27.8567 8
      vertex 17.1001 25.1364 8
    endloop
  endfacet
  facet normal -0 0 1
    outer loop
      vertex 12.8038 27 8
      vertex 17.1001 25.1364 8
      vertex 13.4037 27.8567 8
    endloop
  endfacet
  facet normal 0 0 1
    outer loop
      vertex 17.1001 25.1364 8
      vertex 12.8038 27 8
      vertex 17.0465 25.0215 8
    endloop
  endfacet
  facet normal -0 0 1
    outer loop
      vertex 12.3618 26.0521 8
      vertex 16.7451 24.3752 8
      vertex 12.8038 27 8
    endloop
  endfacet
  facet normal 0 0 1
    outer loop
      vertex 17.0465 25.0215 8
      vertex 12.8038 27 8
      vertex 16.7451 24.3752 8
    endloop
  endfacet
  facet normal 0 0 1
    outer loop
      vertex 59.6382 7.94788 8
      vertex 55.2549 9.62481 8
      vertex 59.1962 7 8
    endloop
  endfacet
  facet normal -0 0 1
    outer loop
      vertex 54.9535 8.97853 8
      vertex 59.1962 7 8
      vertex 55.2549 9.62481 8
    endloop
  endfacet
  facet normal -0 0 1
    outer loop
      vertex 54.8999 8.86364 8
      vertex 59.1962 7 8
      vertex 54.9535 8.97853 8
    endloop
  endfacet
  facet normal 0 0 1
    outer loop
      vertex 59.1962 7 8
      vertex 54.8999 8.86364 8
      vertex 58.5963 6.14328 8
    endloop
  endfacet
  facet normal -0 0 1
    outer loop
      vertex 54.8272 8.75979 8
      vertex 58.5963 6.14328 8
      vertex 54.8999 8.86364 8
    endloop
  endfacet
  facet normal 0 0 1
    outer loop
      vertex 58.5963 6.14328 8
      vertex 54.8272 8.75979 8
      vertex 57.8567 5.40373 8
    endloop
  endfacet
  facet normal -0 0 1
    outer loop
      vertex 54.4182 8.17566 8
      vertex 57.8567 5.40373 8
      vertex 54.8272 8.75979 8
    endloop
  endfacet
  facet normal 0 0 1
    outer loop
      vertex 57.8567 5.40373 8
      vertex 54.4182 8.17566 8
      vertex 57 4.80385 8
    endloop
  endfacet
  facet normal 0 0 1
    outer loop
      vertex 57 4.80385 8
      vertex 54.4182 8.17566 8
      vertex 56.0521 4.36185 8
    endloop
  endfacet
  facet normal -0 0 1
    outer loop
      vertex 53.8243 7.58179 8
      vertex 56.0521 4.36185 8
      vertex 54.4182 8.17566 8
    endloop
  endfacet
  facet normal 0 0 1
    outer loop
      vertex 56.0521 4.36185 8
      vertex 53.8243 7.58179 8
      vertex 55.0419 4.09115 8
    endloop
  endfacet
  facet normal -0 0 1
    outer loop
      vertex 53.2402 7.17277 8
      vertex 55.0419 4.09115 8
      vertex 53.8243 7.58179 8
    endloop
  endfacet
  facet normal 0 0 1
    outer loop
      vertex 55.0419 4.09115 8
      vertex 53.2402 7.17277 8
      vertex 54 4 8
    endloop
  endfacet
  facet normal -0 0 1
    outer loop
      vertex 53.1364 7.10006 8
      vertex 54 4 8
      vertex 53.2402 7.17277 8
    endloop
  endfacet
  facet normal -0 0 1
    outer loop
      vertex 53.0215 7.04648 8
      vertex 54 4 8
      vertex 53.1364 7.10006 8
    endloop
  endfacet
  facet normal -0 0 1
    outer loop
      vertex 52.3752 6.74512 8
      vertex 54 4 8
      vertex 53.0215 7.04648 8
    endloop
  endfacet
  facet normal -0 0 1
    outer loop
      vertex 52.2527 6.71231 8
      vertex 54 4 8
      vertex 52.3752 6.74512 8
    endloop
  endfacet
  facet normal -0 0 1
    outer loop
      vertex 51.5639 6.52775 8
      vertex 54 4 8
      vertex 52.2527 6.71231 8
    endloop
  endfacet
  facet normal -0 0 1
    outer loop
      vertex 50.8536 6.46559 8
      vertex 54 4 8
      vertex 51.5639 6.52775 8
    endloop
  endfacet
  facet normal -0 0 1
    outer loop
      vertex 50.7273 6.45455 8
      vertex 54 4 8
      vertex 50.8536 6.46559 8
    endloop
  endfacet
  facet normal 0 0 1
    outer loop
      vertex 18.1598 4 8
      vertex 50.7273 6.45455 8
      vertex 21.2727 6.45455 8
    endloop
  endfacet
  facet normal 0 0 1
    outer loop
      vertex 18.3544 4.88999 8
      vertex 18.8636 7.10006 8
      vertex 18.7598 7.17277 8
    endloop
  endfacet
  facet normal 0 0 1
    outer loop
      vertex 18.3544 4.88999 8
      vertex 18.9785 7.04648 8
      vertex 18.8636 7.10006 8
    endloop
  endfacet
  facet normal 0 0 1
    outer loop
      vertex 18.3544 4.88999 8
      vertex 19.6248 6.74512 8
      vertex 18.9785 7.04648 8
    endloop
  endfacet
  facet normal 0 0 1
    outer loop
      vertex 18.3544 4.88999 8
      vertex 19.7473 6.71231 8
      vertex 19.6248 6.74512 8
    endloop
  endfacet
  facet normal 0 0 1
    outer loop
      vertex 18.3544 4.88999 8
      vertex 20.4361 6.52775 8
      vertex 19.7473 6.71231 8
    endloop
  endfacet
  facet normal 0 0 1
    outer loop
      vertex 18.3544 4.88999 8
      vertex 21.1464 6.46559 8
      vertex 20.4361 6.52775 8
    endloop
  endfacet
  facet normal 0 0 1
    outer loop
      vertex 18.1598 4 8
      vertex 21.1464 6.46559 8
      vertex 18.3544 4.88999 8
    endloop
  endfacet
  facet normal 0 0 1
    outer loop
      vertex 21.1464 6.46559 8
      vertex 18.1598 4 8
      vertex 21.2727 6.45455 8
    endloop
  endfacet
  facet normal 0 0 1
    outer loop
      vertex 50.7273 6.45455 8
      vertex 18.1598 4 8
      vertex 54 4 8
    endloop
  endfacet
  facet normal 0.819144 0.573588 0
    outer loop
      vertex 13.4037 6.14328 58
      vertex 12.8038 7 8
      vertex 12.8038 7 58
    endloop
  endfacet
  facet normal 0.819144 0.573588 0
    outer loop
      vertex 12.8038 7 8
      vertex 13.4037 6.14328 58
      vertex 13.4037 6.14328 8
    endloop
  endfacet
  facet normal 0.707107 -0.707107 0
    outer loop
      vertex 13.4037 27.8567 58
      vertex 14.1433 28.5963 8
      vertex 14.1433 28.5963 58
    endloop
  endfacet
  facet normal 0.707107 -0.707107 0
    outer loop
      vertex 14.1433 28.5963 8
      vertex 13.4037 27.8567 58
      vertex 13.4037 27.8567 8
    endloop
  endfacet
  facet normal -0.707107 -0.707107 0
    outer loop
      vertex 57.8567 28.5963 8
      vertex 58.5963 27.8567 58
      vertex 57.8567 28.5963 58
    endloop
  endfacet
  facet normal -0.707107 -0.707107 -0
    outer loop
      vertex 58.5963 27.8567 58
      vertex 57.8567 28.5963 8
      vertex 58.5963 27.8567 8
    endloop
  endfacet
  facet normal 0.965945 -0.258746 0
    outer loop
      vertex 12.0912 25.0419 58
      vertex 12.3618 26.0521 8
      vertex 12.3618 26.0521 58
    endloop
  endfacet
  facet normal 0.965945 -0.258746 0
    outer loop
      vertex 12.3618 26.0521 8
      vertex 12.0912 25.0419 58
      vertex 12.0912 25.0419 8
    endloop
  endfacet
  facet normal -0.258746 -0.965945 0
    outer loop
      vertex 55.0419 29.9088 8
      vertex 56.0521 29.6382 58
      vertex 55.0419 29.9088 58
    endloop
  endfacet
  facet normal -0.258746 -0.965945 -0
    outer loop
      vertex 56.0521 29.6382 58
      vertex 55.0419 29.9088 8
      vertex 56.0521 29.6382 8
    endloop
  endfacet
  facet normal 0.422608 0.906313 -0
    outer loop
      vertex 15.9479 4.36185 44.5683
      vertex 15 4.80385 58
      vertex 15.9479 4.36185 58
    endloop
  endfacet
  facet normal 0.422608 0.906313 0
    outer loop
      vertex 15 4.80385 58
      vertex 15.9479 4.36185 44.5683
      vertex 15 4.80385 43.7579
    endloop
  endfacet
  facet normal 0.258835 0.965922 -0
    outer loop
      vertex 16.9581 4.09115 45.0645
      vertex 15.9479 4.36185 58
      vertex 16.9581 4.09115 58
    endloop
  endfacet
  facet normal 0.258835 0.965922 0
    outer loop
      vertex 15.9479 4.36185 58
      vertex 16.9581 4.09115 45.0645
      vertex 15.9479 4.36185 44.5683
    endloop
  endfacet
  facet normal -0.965947 0.258738 0
    outer loop
      vertex 59.6382 7.94788 8
      vertex 59.9088 8.95811 58
      vertex 59.9088 8.95811 8
    endloop
  endfacet
  facet normal -0.965947 0.258738 0
    outer loop
      vertex 59.9088 8.95811 58
      vertex 59.6382 7.94788 8
      vertex 59.6382 7.94788 58
    endloop
  endfacet
  facet normal 0.965947 0.258738 0
    outer loop
      vertex 12.3618 7.94788 58
      vertex 12.0912 8.95811 8
      vertex 12.0912 8.95811 58
    endloop
  endfacet
  facet normal 0.965947 0.258738 0
    outer loop
      vertex 12.0912 8.95811 8
      vertex 12.3618 7.94788 58
      vertex 12.3618 7.94788 8
    endloop
  endfacet
  facet normal -0.422608 0.906313 0
    outer loop
      vertex 57 4.80385 8
      vertex 56.0521 4.36185 58
      vertex 57 4.80385 58
    endloop
  endfacet
  facet normal -0.422608 0.906313 0
    outer loop
      vertex 56.0521 4.36185 58
      vertex 57 4.80385 8
      vertex 56.0521 4.36185 8
    endloop
  endfacet
  facet normal 0.996191 -0.087199 0
    outer loop
      vertex 12 24 58
      vertex 12.0912 25.0419 8
      vertex 12.0912 25.0419 58
    endloop
  endfacet
  facet normal 0.996191 -0.087199 0
    outer loop
      vertex 12.0912 25.0419 8
      vertex 12 24 58
      vertex 12 24 8
    endloop
  endfacet
  facet normal 0.0871515 0.996195 -0
    outer loop
      vertex 18 4 45.2317
      vertex 16.9581 4.09115 58
      vertex 18 4 58
    endloop
  endfacet
  facet normal 0.0871515 0.996195 0
    outer loop
      vertex 16.9581 4.09115 58
      vertex 18 4 45.2317
      vertex 16.9581 4.09115 45.0645
    endloop
  endfacet
  facet normal -0.573597 -0.819138 0
    outer loop
      vertex 57 29.1962 8
      vertex 57.8567 28.5963 58
      vertex 57 29.1962 58
    endloop
  endfacet
  facet normal -0.573597 -0.819138 -0
    outer loop
      vertex 57.8567 28.5963 58
      vertex 57 29.1962 8
      vertex 57.8567 28.5963 8
    endloop
  endfacet
  facet normal 0.906309 0.422615 0
    outer loop
      vertex 12.8038 7 58
      vertex 12.3618 7.94788 8
      vertex 12.3618 7.94788 58
    endloop
  endfacet
  facet normal 0.906309 0.422615 0
    outer loop
      vertex 12.3618 7.94788 8
      vertex 12.8038 7 58
      vertex 12.8038 7 8
    endloop
  endfacet
  facet normal -0.906313 -0.422608 0
    outer loop
      vertex 59.6382 26.0521 8
      vertex 59.1962 27 58
      vertex 59.1962 27 8
    endloop
  endfacet
  facet normal -0.906313 -0.422608 0
    outer loop
      vertex 59.1962 27 58
      vertex 59.6382 26.0521 8
      vertex 59.6382 26.0521 58
    endloop
  endfacet
  facet normal -0.819138 -0.573597 0
    outer loop
      vertex 59.1962 27 8
      vertex 58.5963 27.8567 58
      vertex 58.5963 27.8567 8
    endloop
  endfacet
  facet normal -0.819138 -0.573597 0
    outer loop
      vertex 58.5963 27.8567 58
      vertex 59.1962 27 8
      vertex 59.1962 27 58
    endloop
  endfacet
  facet normal 0.0658223 0.752664 0.655106
    outer loop
      vertex 33.6533 12.3349 0
      vertex 21.1464 6.46559 8
      vertex 33.7322 12.328 0
    endloop
  endfacet
  facet normal 0.0658641 0.752627 0.655145
    outer loop
      vertex 21.1464 6.46559 8
      vertex 33.6533 12.3349 0
      vertex 20.4361 6.52775 8
    endloop
  endfacet
  facet normal -0.0657933 0.75269 0.65508
    outer loop
      vertex 38.2678 12.328 0
      vertex 50.7273 6.45455 8
      vertex 50.8536 6.46559 8
    endloop
  endfacet
  facet normal -0.0659137 0.752584 0.655189
    outer loop
      vertex 50.7273 6.45455 8
      vertex 38.2678 12.328 0
      vertex 37.6364 12.2727 0
    endloop
  endfacet
  facet normal -0.398495 0.279021 0.873699
    outer loop
      vertex 40.8156 13.799 0
      vertex 54.4182 8.17566 8
      vertex 54.8272 8.75979 8
    endloop
  endfacet
  facet normal -0.398587 0.278826 0.873719
    outer loop
      vertex 54.4182 8.17566 8
      vertex 40.8156 13.799 0
      vertex 40.7702 13.7341 0
    endloop
  endfacet
  facet normal -0.432305 -0.201604 0.878901
    outer loop
      vertex 54.9535 25.0215 8
      vertex 41.4806 19.0355 0
      vertex 55.2549 24.3752 8
    endloop
  endfacet
  facet normal -0.432269 -0.201685 0.878901
    outer loop
      vertex 41.4806 19.0355 0
      vertex 54.9535 25.0215 8
      vertex 41.4471 19.1073 0
    endloop
  endfacet
  facet normal 0.310912 -0.443965 0.840374
    outer loop
      vertex 18.8636 26.8999 8
      vertex 31.799 20.8156 0
      vertex 32.3182 21.1792 0
    endloop
  endfacet
  facet normal 0.310929 -0.44394 0.840381
    outer loop
      vertex 31.799 20.8156 0
      vertex 18.8636 26.8999 8
      vertex 18.7598 26.8272 8
    endloop
  endfacet
  facet normal 0 -0.808735 0.588173
    outer loop
      vertex 34.3636 21.7273 0
      vertex 50.7273 27.5455 8
      vertex 21.2727 27.5455 8
    endloop
  endfacet
  facet normal 0 -0.808735 0.588173
    outer loop
      vertex 50.7273 27.5455 8
      vertex 34.3636 21.7273 0
      vertex 37.6364 21.7273 0
    endloop
  endfacet
  facet normal 0.35889 0.35889 0.861624
    outer loop
      vertex 31.2298 13.7341 0
      vertex 18.1757 7.58179 8
      vertex 31.7341 13.2298 0
    endloop
  endfacet
  facet normal 0.358883 0.358902 0.861622
    outer loop
      vertex 18.1757 7.58179 8
      vertex 31.2298 13.7341 0
      vertex 17.5818 8.17566 8
    endloop
  endfacet
  facet normal -0.398515 0.27898 0.873702
    outer loop
      vertex 41.1792 14.3182 0
      vertex 54.8272 8.75979 8
      vertex 54.8999 8.86364 8
    endloop
  endfacet
  facet normal -0.398479 0.279058 0.873694
    outer loop
      vertex 54.8272 8.75979 8
      vertex 41.1792 14.3182 0
      vertex 40.8156 13.799 0
    endloop
  endfacet
  facet normal -0.171627 0.640531 0.748508
    outer loop
      vertex 38.4233 12.3554 0
      vertex 51.5639 6.52775 8
      vertex 52.2527 6.71231 8
    endloop
  endfacet
  facet normal -0.171471 0.640715 0.748386
    outer loop
      vertex 51.5639 6.52775 8
      vertex 38.4233 12.3554 0
      vertex 38.3467 12.3349 0
    endloop
  endfacet
  facet normal -0.250484 0.53719 0.80541
    outer loop
      vertex 39.1073 12.5529 0
      vertex 52.3752 6.74512 8
      vertex 53.0215 7.04648 8
    endloop
  endfacet
  facet normal -0.250577 0.537058 0.805469
    outer loop
      vertex 52.3752 6.74512 8
      vertex 39.1073 12.5529 0
      vertex 39.0355 12.5194 0
    endloop
  endfacet
  facet normal 0.0659137 0.752584 0.655189
    outer loop
      vertex 33.7322 12.328 0
      vertex 21.2727 6.45455 8
      vertex 34.3636 12.2727 0
    endloop
  endfacet
  facet normal 0.0657933 0.75269 0.65508
    outer loop
      vertex 21.2727 6.45455 8
      vertex 33.7322 12.328 0
      vertex 21.1464 6.46559 8
    endloop
  endfacet
  facet normal 0.17147 -0.640713 0.748388
    outer loop
      vertex 20.4361 27.4723 8
      vertex 33.5767 21.6446 0
      vertex 33.6533 21.6651 0
    endloop
  endfacet
  facet normal 0.171654 -0.640496 0.748532
    outer loop
      vertex 33.5767 21.6446 0
      vertex 20.4361 27.4723 8
      vertex 19.7473 27.2877 8
    endloop
  endfacet
  facet normal -0.0659135 -0.752581 0.655192
    outer loop
      vertex 38.2678 21.672 0
      vertex 50.7273 27.5455 8
      vertex 37.6364 21.7273 0
    endloop
  endfacet
  facet normal -0.066125 -0.752395 0.655385
    outer loop
      vertex 50.7273 27.5455 8
      vertex 38.2678 21.672 0
      vertex 50.8536 27.5344 8
    endloop
  endfacet
  facet normal 0.310749 0.44422 0.8403
    outer loop
      vertex 31.7341 13.2298 0
      vertex 18.7598 7.17277 8
      vertex 31.799 13.1844 0
    endloop
  endfacet
  facet normal 0.310902 0.443983 0.840369
    outer loop
      vertex 18.7598 7.17277 8
      vertex 31.7341 13.2298 0
      vertex 18.1757 7.58179 8
    endloop
  endfacet
  facet normal -0.432303 0.20161 0.878901
    outer loop
      vertex 41.4806 14.9645 0
      vertex 54.9535 8.97853 8
      vertex 55.2549 9.62481 8
    endloop
  endfacet
  facet normal -0.432269 0.201686 0.878901
    outer loop
      vertex 54.9535 8.97853 8
      vertex 41.4806 14.9645 0
      vertex 41.4471 14.8927 0
    endloop
  endfacet
  facet normal -0.39849 -0.279032 0.873697
    outer loop
      vertex 54.4182 25.8243 8
      vertex 40.8156 20.201 0
      vertex 54.8272 25.2402 8
    endloop
  endfacet
  facet normal -0.398587 -0.278827 0.873718
    outer loop
      vertex 40.8156 20.201 0
      vertex 54.4182 25.8243 8
      vertex 40.7702 20.2659 0
    endloop
  endfacet
  facet normal 0.488737 0.0427412 0.871384
    outer loop
      vertex 16.4656 11.1464 8
      vertex 30.3349 15.6533 0
      vertex 30.328 15.7322 0
    endloop
  endfacet
  facet normal 0.48874 0.0427295 0.871382
    outer loop
      vertex 30.3349 15.6533 0
      vertex 16.4656 11.1464 8
      vertex 16.5277 10.4361 8
    endloop
  endfacet
  facet normal -0.432282 -0.201656 0.878901
    outer loop
      vertex 54.8999 25.1364 8
      vertex 41.4471 19.1073 0
      vertex 54.9535 25.0215 8
    endloop
  endfacet
  facet normal -0.43231 -0.201594 0.878901
    outer loop
      vertex 41.4471 19.1073 0
      vertex 54.8999 25.1364 8
      vertex 41.1792 19.6818 0
    endloop
  endfacet
  facet normal -0.250494 0.537174 0.805417
    outer loop
      vertex 39.6818 12.8208 0
      vertex 53.0215 7.04648 8
      vertex 53.1364 7.10006 8
    endloop
  endfacet
  facet normal -0.250494 0.537174 0.805417
    outer loop
      vertex 53.0215 7.04648 8
      vertex 39.6818 12.8208 0
      vertex 39.1073 12.5529 0
    endloop
  endfacet
  facet normal 0.310749 -0.444221 0.840299
    outer loop
      vertex 18.7598 26.8272 8
      vertex 31.7341 20.7702 0
      vertex 31.799 20.8156 0
    endloop
  endfacet
  facet normal 0.310895 -0.443995 0.840365
    outer loop
      vertex 31.7341 20.7702 0
      vertex 18.7598 26.8272 8
      vertex 18.1757 26.4182 8
    endloop
  endfacet
  facet normal -0.432276 0.201671 0.878901
    outer loop
      vertex 41.4471 14.8927 0
      vertex 54.8999 8.86364 8
      vertex 54.9535 8.97853 8
    endloop
  endfacet
  facet normal -0.43231 0.201594 0.878901
    outer loop
      vertex 54.8999 8.86364 8
      vertex 41.4471 14.8927 0
      vertex 41.1792 14.3182 0
    endloop
  endfacet
  facet normal 0.0658052 -0.75268 0.65509
    outer loop
      vertex 33.6533 21.6651 0
      vertex 21.1464 27.5344 8
      vertex 20.4361 27.4723 8
    endloop
  endfacet
  facet normal 0.0658224 -0.752664 0.655106
    outer loop
      vertex 21.1464 27.5344 8
      vertex 33.6533 21.6651 0
      vertex 33.7322 21.672 0
    endloop
  endfacet
  facet normal 0 0.808738 0.58817
    outer loop
      vertex 37.6364 12.2727 0
      vertex 21.2727 6.45455 8
      vertex 50.7273 6.45455 8
    endloop
  endfacet
  facet normal 0 0.808738 0.58817
    outer loop
      vertex 21.2727 6.45455 8
      vertex 37.6364 12.2727 0
      vertex 34.3636 12.2727 0
    endloop
  endfacet
  facet normal -0.358883 0.358902 0.861622
    outer loop
      vertex 40.7702 13.7341 0
      vertex 53.8243 7.58179 8
      vertex 54.4182 8.17566 8
    endloop
  endfacet
  facet normal -0.35889 0.35889 0.861624
    outer loop
      vertex 53.8243 7.58179 8
      vertex 40.7702 13.7341 0
      vertex 40.2659 13.2298 0
    endloop
  endfacet
  facet normal 0.066125 -0.752395 0.655385
    outer loop
      vertex 33.7322 21.672 0
      vertex 21.2727 27.5455 8
      vertex 21.1464 27.5344 8
    endloop
  endfacet
  facet normal 0.0659135 -0.752581 0.655192
    outer loop
      vertex 21.2727 27.5455 8
      vertex 33.7322 21.672 0
      vertex 34.3636 21.7273 0
    endloop
  endfacet
  facet normal 0.250577 -0.537057 0.805469
    outer loop
      vertex 19.6248 27.2549 8
      vertex 32.8927 21.4471 0
      vertex 32.9645 21.4806 0
    endloop
  endfacet
  facet normal 0.250504 -0.537161 0.805423
    outer loop
      vertex 32.8927 21.4471 0
      vertex 19.6248 27.2549 8
      vertex 18.9785 26.9535 8
    endloop
  endfacet
  facet normal 0.250577 0.537058 0.805469
    outer loop
      vertex 32.8927 12.5529 0
      vertex 19.6248 6.74512 8
      vertex 32.9645 12.5194 0
    endloop
  endfacet
  facet normal 0.250484 0.53719 0.80541
    outer loop
      vertex 19.6248 6.74512 8
      vertex 32.8927 12.5529 0
      vertex 18.9785 7.04648 8
    endloop
  endfacet
  facet normal 0.432269 -0.201685 0.878901
    outer loop
      vertex 17.0465 25.0215 8
      vertex 30.5194 19.0355 0
      vertex 30.5529 19.1073 0
    endloop
  endfacet
  facet normal 0.432305 -0.201604 0.878901
    outer loop
      vertex 30.5194 19.0355 0
      vertex 17.0465 25.0215 8
      vertex 16.7451 24.3752 8
    endloop
  endfacet
  facet normal 0.501036 0 0.865427
    outer loop
      vertex 16.4545 22.7273 8
      vertex 30.2727 16.3636 0
      vertex 30.2727 17.6364 0
    endloop
  endfacet
  facet normal 0.501036 0 0.865427
    outer loop
      vertex 30.2727 16.3636 0
      vertex 16.4545 22.7273 8
      vertex 16.4545 11.2727 8
    endloop
  endfacet
  facet normal 0.432269 0.201686 0.878901
    outer loop
      vertex 30.5194 14.9645 0
      vertex 17.0465 8.97853 8
      vertex 30.5529 14.8927 0
    endloop
  endfacet
  facet normal 0.432303 0.20161 0.878901
    outer loop
      vertex 17.0465 8.97853 8
      vertex 30.5194 14.9645 0
      vertex 16.7451 9.62481 8
    endloop
  endfacet
  facet normal -0.488681 -0.0429482 0.871405
    outer loop
      vertex 41.672 18.2678 0
      vertex 55.5455 22.7273 8
      vertex 55.5344 22.8536 8
    endloop
  endfacet
  facet normal -0.488719 -0.0428035 0.871391
    outer loop
      vertex 55.5455 22.7273 8
      vertex 41.672 18.2678 0
      vertex 41.7273 17.6364 0
    endloop
  endfacet
  facet normal 0.171471 0.640715 0.748386
    outer loop
      vertex 33.5767 12.3554 0
      vertex 20.4361 6.52775 8
      vertex 33.6533 12.3349 0
    endloop
  endfacet
  facet normal 0.171627 0.640531 0.748508
    outer loop
      vertex 20.4361 6.52775 8
      vertex 33.5767 12.3554 0
      vertex 19.7473 6.71231 8
    endloop
  endfacet
  facet normal -0.462034 -0.123826 0.878175
    outer loop
      vertex 41.6446 18.4233 0
      vertex 55.4723 23.5639 8
      vertex 55.2877 24.2527 8
    endloop
  endfacet
  facet normal -0.462089 -0.123666 0.878169
    outer loop
      vertex 55.4723 23.5639 8
      vertex 41.6446 18.4233 0
      vertex 41.6651 18.3467 0
    endloop
  endfacet
  facet normal -0.501036 0 0.865427
    outer loop
      vertex 41.7273 17.6364 0
      vertex 55.5455 11.2727 8
      vertex 55.5455 22.7273 8
    endloop
  endfacet
  facet normal -0.501036 0 0.865427
    outer loop
      vertex 55.5455 11.2727 8
      vertex 41.7273 17.6364 0
      vertex 41.7273 16.3636 0
    endloop
  endfacet
  facet normal 0.462052 0.123777 0.878172
    outer loop
      vertex 16.7123 9.74726 8
      vertex 30.5194 14.9645 0
      vertex 30.3554 15.5767 0
    endloop
  endfacet
  facet normal 0.462056 0.123768 0.878172
    outer loop
      vertex 30.5194 14.9645 0
      vertex 16.7123 9.74726 8
      vertex 16.7451 9.62481 8
    endloop
  endfacet
  facet normal -0.398468 -0.279081 0.873692
    outer loop
      vertex 54.8272 25.2402 8
      vertex 41.1792 19.6818 0
      vertex 54.8999 25.1364 8
    endloop
  endfacet
  facet normal -0.398479 -0.279058 0.873694
    outer loop
      vertex 41.1792 19.6818 0
      vertex 54.8272 25.2402 8
      vertex 40.8156 20.201 0
    endloop
  endfacet
  facet normal -0.0658641 0.752627 0.655145
    outer loop
      vertex 38.3467 12.3349 0
      vertex 50.8536 6.46559 8
      vertex 51.5639 6.52775 8
    endloop
  endfacet
  facet normal -0.0658223 0.752664 0.655106
    outer loop
      vertex 50.8536 6.46559 8
      vertex 38.3467 12.3349 0
      vertex 38.2678 12.328 0
    endloop
  endfacet
  facet normal -0.171575 0.640594 0.748466
    outer loop
      vertex 39.0355 12.5194 0
      vertex 52.2527 6.71231 8
      vertex 52.3752 6.74512 8
    endloop
  endfacet
  facet normal -0.171599 0.640566 0.748485
    outer loop
      vertex 52.2527 6.71231 8
      vertex 39.0355 12.5194 0
      vertex 38.4233 12.3554 0
    endloop
  endfacet
  facet normal -0.462072 -0.123722 0.87817
    outer loop
      vertex 41.4806 19.0355 0
      vertex 55.2877 24.2527 8
      vertex 55.2549 24.3752 8
    endloop
  endfacet
  facet normal -0.462053 -0.123778 0.878172
    outer loop
      vertex 55.2877 24.2527 8
      vertex 41.4806 19.0355 0
      vertex 41.6446 18.4233 0
    endloop
  endfacet
  facet normal 0.171599 -0.640565 0.748485
    outer loop
      vertex 19.7473 27.2877 8
      vertex 32.9645 21.4806 0
      vertex 33.5767 21.6446 0
    endloop
  endfacet
  facet normal 0.171535 -0.640641 0.748435
    outer loop
      vertex 32.9645 21.4806 0
      vertex 19.7473 27.2877 8
      vertex 19.6248 27.2549 8
    endloop
  endfacet
  facet normal -0.171654 -0.640496 0.748532
    outer loop
      vertex 51.5639 27.4723 8
      vertex 38.4233 21.6446 0
      vertex 52.2527 27.2877 8
    endloop
  endfacet
  facet normal -0.17147 -0.640713 0.748388
    outer loop
      vertex 38.4233 21.6446 0
      vertex 51.5639 27.4723 8
      vertex 38.3467 21.6651 0
    endloop
  endfacet
  facet normal -0.310949 0.443907 0.840391
    outer loop
      vertex 40.201 13.1844 0
      vertex 53.1364 7.10006 8
      vertex 53.2402 7.17277 8
    endloop
  endfacet
  facet normal -0.310912 0.443964 0.840375
    outer loop
      vertex 53.1364 7.10006 8
      vertex 40.201 13.1844 0
      vertex 39.6818 12.8208 0
    endloop
  endfacet
  facet normal -0.310902 0.443983 0.840369
    outer loop
      vertex 40.2659 13.2298 0
      vertex 53.2402 7.17277 8
      vertex 53.8243 7.58179 8
    endloop
  endfacet
  facet normal -0.310749 0.44422 0.8403
    outer loop
      vertex 53.2402 7.17277 8
      vertex 40.2659 13.2298 0
      vertex 40.201 13.1844 0
    endloop
  endfacet
  facet normal 0.171599 0.640566 0.748485
    outer loop
      vertex 32.9645 12.5194 0
      vertex 19.7473 6.71231 8
      vertex 33.5767 12.3554 0
    endloop
  endfacet
  facet normal 0.171575 0.640594 0.748466
    outer loop
      vertex 19.7473 6.71231 8
      vertex 32.9645 12.5194 0
      vertex 19.6248 6.74512 8
    endloop
  endfacet
  facet normal 0.35889 -0.35889 0.861624
    outer loop
      vertex 18.1757 26.4182 8
      vertex 31.2298 20.2659 0
      vertex 31.7341 20.7702 0
    endloop
  endfacet
  facet normal 0.35889 -0.35889 0.861624
    outer loop
      vertex 31.2298 20.2659 0
      vertex 18.1757 26.4182 8
      vertex 17.5818 25.8243 8
    endloop
  endfacet
  facet normal 0.250494 0.537174 0.805417
    outer loop
      vertex 32.3182 12.8208 0
      vertex 18.9785 7.04648 8
      vertex 32.8927 12.5529 0
    endloop
  endfacet
  facet normal 0.250494 0.537174 0.805417
    outer loop
      vertex 18.9785 7.04648 8
      vertex 32.3182 12.8208 0
      vertex 18.8636 7.10006 8
    endloop
  endfacet
  facet normal 0.310912 0.443964 0.840375
    outer loop
      vertex 31.799 13.1844 0
      vertex 18.8636 7.10006 8
      vertex 32.3182 12.8208 0
    endloop
  endfacet
  facet normal 0.310949 0.443907 0.840391
    outer loop
      vertex 18.8636 7.10006 8
      vertex 31.799 13.1844 0
      vertex 18.7598 7.17277 8
    endloop
  endfacet
  facet normal -0.462089 0.123666 0.878169
    outer loop
      vertex 41.6446 15.5767 0
      vertex 55.4723 10.4361 8
      vertex 41.6651 15.6533 0
    endloop
  endfacet
  facet normal -0.462036 0.12382 0.878175
    outer loop
      vertex 55.4723 10.4361 8
      vertex 41.6446 15.5767 0
      vertex 55.2877 9.74726 8
    endloop
  endfacet
  facet normal -0.48874 -0.0427295 0.871382
    outer loop
      vertex 41.6651 18.3467 0
      vertex 55.5344 22.8536 8
      vertex 55.4723 23.5639 8
    endloop
  endfacet
  facet normal -0.488737 -0.0427412 0.871384
    outer loop
      vertex 55.5344 22.8536 8
      vertex 41.6651 18.3467 0
      vertex 41.672 18.2678 0
    endloop
  endfacet
  facet normal 0.398479 -0.279058 0.873694
    outer loop
      vertex 17.1728 25.2402 8
      vertex 30.8208 19.6818 0
      vertex 31.1844 20.201 0
    endloop
  endfacet
  facet normal 0.398468 -0.279081 0.873692
    outer loop
      vertex 30.8208 19.6818 0
      vertex 17.1728 25.2402 8
      vertex 17.1001 25.1364 8
    endloop
  endfacet
  facet normal 0.43231 -0.201594 0.878901
    outer loop
      vertex 17.1001 25.1364 8
      vertex 30.5529 19.1073 0
      vertex 30.8208 19.6818 0
    endloop
  endfacet
  facet normal 0.432282 -0.201656 0.878901
    outer loop
      vertex 30.5529 19.1073 0
      vertex 17.1001 25.1364 8
      vertex 17.0465 25.0215 8
    endloop
  endfacet
  facet normal 0.398479 0.279058 0.873694
    outer loop
      vertex 30.8208 14.3182 0
      vertex 17.1728 8.75979 8
      vertex 31.1844 13.799 0
    endloop
  endfacet
  facet normal 0.398515 0.27898 0.873702
    outer loop
      vertex 17.1728 8.75979 8
      vertex 30.8208 14.3182 0
      vertex 17.1001 8.86364 8
    endloop
  endfacet
  facet normal 0.398587 0.278826 0.873719
    outer loop
      vertex 31.1844 13.799 0
      vertex 17.5818 8.17566 8
      vertex 31.2298 13.7341 0
    endloop
  endfacet
  facet normal 0.398495 0.279021 0.873699
    outer loop
      vertex 17.5818 8.17566 8
      vertex 31.1844 13.799 0
      vertex 17.1728 8.75979 8
    endloop
  endfacet
  facet normal -0.35889 -0.35889 0.861624
    outer loop
      vertex 53.8243 26.4182 8
      vertex 40.7702 20.2659 0
      vertex 54.4182 25.8243 8
    endloop
  endfacet
  facet normal -0.35889 -0.35889 0.861624
    outer loop
      vertex 40.7702 20.2659 0
      vertex 53.8243 26.4182 8
      vertex 40.2659 20.7702 0
    endloop
  endfacet
  facet normal -0.462052 0.123777 0.878172
    outer loop
      vertex 41.4806 14.9645 0
      vertex 55.2877 9.74726 8
      vertex 41.6446 15.5767 0
    endloop
  endfacet
  facet normal -0.462056 0.123768 0.878172
    outer loop
      vertex 55.2877 9.74726 8
      vertex 41.4806 14.9645 0
      vertex 55.2549 9.62481 8
    endloop
  endfacet
  facet normal -0.488719 0.0428035 0.871391
    outer loop
      vertex 41.672 15.7322 0
      vertex 55.5455 11.2727 8
      vertex 41.7273 16.3636 0
    endloop
  endfacet
  facet normal -0.488681 0.0429482 0.871405
    outer loop
      vertex 55.5455 11.2727 8
      vertex 41.672 15.7322 0
      vertex 55.5344 11.1464 8
    endloop
  endfacet
  facet normal 0.48874 -0.0427295 0.871382
    outer loop
      vertex 16.4656 22.8536 8
      vertex 30.3349 18.3467 0
      vertex 16.5277 23.5639 8
    endloop
  endfacet
  facet normal 0.488737 -0.0427412 0.871384
    outer loop
      vertex 30.3349 18.3467 0
      vertex 16.4656 22.8536 8
      vertex 30.328 18.2678 0
    endloop
  endfacet
  facet normal -0.0658224 -0.752664 0.655106
    outer loop
      vertex 38.3467 21.6651 0
      vertex 50.8536 27.5344 8
      vertex 38.2678 21.672 0
    endloop
  endfacet
  facet normal -0.0658052 -0.75268 0.65509
    outer loop
      vertex 50.8536 27.5344 8
      vertex 38.3467 21.6651 0
      vertex 51.5639 27.4723 8
    endloop
  endfacet
  facet normal 0.488681 -0.0429482 0.871405
    outer loop
      vertex 16.4545 22.7273 8
      vertex 30.328 18.2678 0
      vertex 16.4656 22.8536 8
    endloop
  endfacet
  facet normal 0.488719 -0.0428035 0.871391
    outer loop
      vertex 30.328 18.2678 0
      vertex 16.4545 22.7273 8
      vertex 30.2727 17.6364 0
    endloop
  endfacet
  facet normal 0.398587 -0.278827 0.873718
    outer loop
      vertex 17.5818 25.8243 8
      vertex 31.1844 20.201 0
      vertex 31.2298 20.2659 0
    endloop
  endfacet
  facet normal 0.39849 -0.279032 0.873697
    outer loop
      vertex 31.1844 20.201 0
      vertex 17.5818 25.8243 8
      vertex 17.1728 25.2402 8
    endloop
  endfacet
  facet normal 0.462034 -0.123826 0.878175
    outer loop
      vertex 16.5277 23.5639 8
      vertex 30.3554 18.4233 0
      vertex 16.7123 24.2527 8
    endloop
  endfacet
  facet normal 0.462089 -0.123666 0.878169
    outer loop
      vertex 30.3554 18.4233 0
      vertex 16.5277 23.5639 8
      vertex 30.3349 18.3467 0
    endloop
  endfacet
  facet normal -0.488737 0.0427412 0.871384
    outer loop
      vertex 41.6651 15.6533 0
      vertex 55.5344 11.1464 8
      vertex 41.672 15.7322 0
    endloop
  endfacet
  facet normal -0.48874 0.0427295 0.871382
    outer loop
      vertex 55.5344 11.1464 8
      vertex 41.6651 15.6533 0
      vertex 55.4723 10.4361 8
    endloop
  endfacet
  facet normal 0.462089 0.123666 0.878169
    outer loop
      vertex 16.5277 10.4361 8
      vertex 30.3554 15.5767 0
      vertex 30.3349 15.6533 0
    endloop
  endfacet
  facet normal 0.462036 0.12382 0.878175
    outer loop
      vertex 30.3554 15.5767 0
      vertex 16.5277 10.4361 8
      vertex 16.7123 9.74726 8
    endloop
  endfacet
  facet normal 0.462072 -0.123722 0.87817
    outer loop
      vertex 16.7123 24.2527 8
      vertex 30.5194 19.0355 0
      vertex 16.7451 24.3752 8
    endloop
  endfacet
  facet normal 0.462053 -0.123778 0.878172
    outer loop
      vertex 30.5194 19.0355 0
      vertex 16.7123 24.2527 8
      vertex 30.3554 18.4233 0
    endloop
  endfacet
  facet normal -0.250551 -0.537095 0.805452
    outer loop
      vertex 53.0215 26.9535 8
      vertex 39.6818 21.1792 0
      vertex 53.1364 26.8999 8
    endloop
  endfacet
  facet normal -0.250495 -0.537175 0.805416
    outer loop
      vertex 39.6818 21.1792 0
      vertex 53.0215 26.9535 8
      vertex 39.1073 21.4471 0
    endloop
  endfacet
  facet normal 0.250495 -0.537175 0.805416
    outer loop
      vertex 18.9785 26.9535 8
      vertex 32.3182 21.1792 0
      vertex 32.8927 21.4471 0
    endloop
  endfacet
  facet normal 0.250551 -0.537095 0.805452
    outer loop
      vertex 32.3182 21.1792 0
      vertex 18.9785 26.9535 8
      vertex 18.8636 26.8999 8
    endloop
  endfacet
  facet normal 0.488719 0.0428035 0.871391
    outer loop
      vertex 16.4545 11.2727 8
      vertex 30.328 15.7322 0
      vertex 30.2727 16.3636 0
    endloop
  endfacet
  facet normal 0.488681 0.0429482 0.871405
    outer loop
      vertex 30.328 15.7322 0
      vertex 16.4545 11.2727 8
      vertex 16.4656 11.1464 8
    endloop
  endfacet
  facet normal -0.310929 -0.44394 0.840381
    outer loop
      vertex 53.1364 26.8999 8
      vertex 40.201 20.8156 0
      vertex 53.2402 26.8272 8
    endloop
  endfacet
  facet normal -0.310912 -0.443965 0.840374
    outer loop
      vertex 40.201 20.8156 0
      vertex 53.1364 26.8999 8
      vertex 39.6818 21.1792 0
    endloop
  endfacet
  facet normal -0.310895 -0.443995 0.840365
    outer loop
      vertex 53.2402 26.8272 8
      vertex 40.2659 20.7702 0
      vertex 53.8243 26.4182 8
    endloop
  endfacet
  facet normal -0.310749 -0.444221 0.840299
    outer loop
      vertex 40.2659 20.7702 0
      vertex 53.2402 26.8272 8
      vertex 40.201 20.8156 0
    endloop
  endfacet
  facet normal 0.43231 0.201594 0.878901
    outer loop
      vertex 30.5529 14.8927 0
      vertex 17.1001 8.86364 8
      vertex 30.8208 14.3182 0
    endloop
  endfacet
  facet normal 0.432276 0.201671 0.878901
    outer loop
      vertex 17.1001 8.86364 8
      vertex 30.5529 14.8927 0
      vertex 17.0465 8.97853 8
    endloop
  endfacet
  facet normal -0.171535 -0.640641 0.748435
    outer loop
      vertex 52.2527 27.2877 8
      vertex 39.0355 21.4806 0
      vertex 52.3752 27.2549 8
    endloop
  endfacet
  facet normal -0.171599 -0.640565 0.748485
    outer loop
      vertex 39.0355 21.4806 0
      vertex 52.2527 27.2877 8
      vertex 38.4233 21.6446 0
    endloop
  endfacet
  facet normal -0.250504 -0.537161 0.805423
    outer loop
      vertex 52.3752 27.2549 8
      vertex 39.1073 21.4471 0
      vertex 53.0215 26.9535 8
    endloop
  endfacet
  facet normal -0.250577 -0.537057 0.805469
    outer loop
      vertex 39.1073 21.4471 0
      vertex 52.3752 27.2549 8
      vertex 39.0355 21.4806 0
    endloop
  endfacet
  facet normal -0.977197 0.212336 0
    outer loop
      vertex -45.7387 49.8603 14
      vertex -42.7817 63.4688 27.5
      vertex -42.7817 63.4688 14
    endloop
  endfacet
  facet normal -0.977187 0.212381 -4.7973e-05
    outer loop
      vertex -42.7817 63.4688 27.5
      vertex -45.7387 49.8603 14
      vertex -42.7922 63.4205 27.5511
    endloop
  endfacet
  facet normal -0.977286 0.211923 0.000432582
    outer loop
      vertex -42.7922 63.4205 27.5511
      vertex -45.7387 49.8603 14
      vertex -42.7959 63.4034 27.5694
    endloop
  endfacet
  facet normal -0.977071 0.212911 -0.000600206
    outer loop
      vertex -42.7959 63.4034 27.5694
      vertex -45.7387 49.8603 14
      vertex -42.8065 63.3549 27.6207
    endloop
  endfacet
  facet normal -0.977162 0.212495 -0.000169197
    outer loop
      vertex -42.8065 63.3549 27.6207
      vertex -45.7387 49.8603 14
      vertex -42.8102 63.3379 27.6389
    endloop
  endfacet
  facet normal -0.977276 0.211971 0.000373787
    outer loop
      vertex -42.8102 63.3379 27.6389
      vertex -45.7387 49.8603 14
      vertex -42.8207 63.2894 27.6902
    endloop
  endfacet
  facet normal -0.977034 0.213083 -0.000769117
    outer loop
      vertex -42.8207 63.2894 27.6902
      vertex -45.7387 49.8603 14
      vertex -42.8244 63.2725 27.7083
    endloop
  endfacet
  facet normal -0.97716 0.212503 -0.000174746
    outer loop
      vertex -42.8244 63.2725 27.7083
      vertex -45.7387 49.8603 14
      vertex -42.835 63.2238 27.7598
    endloop
  endfacet
  facet normal -0.977494 0.210958 0.00139578
    outer loop
      vertex -42.835 63.2238 27.7598
      vertex -45.7387 49.8603 14
      vertex -42.8386 63.207 27.7778
    endloop
  endfacet
  facet normal -0.977205 0.2123 3.57985e-05
    outer loop
      vertex -42.8386 63.207 27.7778
      vertex -45.7387 49.8603 14
      vertex -42.8492 63.1582 27.8294
    endloop
  endfacet
  facet normal -0.977239 0.212141 0.00019546
    outer loop
      vertex -42.8492 63.1582 27.8294
      vertex -45.7387 49.8603 14
      vertex -42.8528 63.1416 27.8472
    endloop
  endfacet
  facet normal -0.977043 0.213041 -0.000708833
    outer loop
      vertex -42.8528 63.1416 27.8472
      vertex -45.7387 49.8603 14
      vertex -42.8635 63.0927 27.8989
    endloop
  endfacet
  facet normal -0.97724 0.212138 0.000192154
    outer loop
      vertex -42.8635 63.0927 27.8989
      vertex -45.7387 49.8603 14
      vertex -42.8671 63.0761 27.9167
    endloop
  endfacet
  facet normal -0.977295 0.211884 0.000444071
    outer loop
      vertex -42.8671 63.0761 27.9167
      vertex -45.7387 49.8603 14
      vertex -42.8777 63.0271 27.9685
    endloop
  endfacet
  facet normal -0.976972 0.213365 -0.00101781
    outer loop
      vertex -42.8777 63.0271 27.9685
      vertex -45.7387 49.8603 14
      vertex -42.8813 63.0107 27.9861
    endloop
  endfacet
  facet normal -0.977384 0.21147 0.000848469
    outer loop
      vertex -42.8813 63.0107 27.9861
      vertex -45.7387 49.8603 14
      vertex -42.8919 62.9615 28.038
    endloop
  endfacet
  facet normal -0.976834 0.213994 -0.00161915
    outer loop
      vertex -42.8919 62.9615 28.038
      vertex -45.7387 49.8603 14
      vertex -42.8955 62.9452 28.0556
    endloop
  endfacet
  facet normal -0.977178 0.212424 -8.76002e-05
    outer loop
      vertex -42.8955 62.9452 28.0556
      vertex -45.7387 49.8603 14
      vertex -42.9062 62.896 28.1076
    endloop
  endfacet
  facet normal -0.977458 0.211128 0.00116582
    outer loop
      vertex -42.9062 62.896 28.1076
      vertex -45.7387 49.8603 14
      vertex -42.9097 62.8797 28.125
    endloop
  endfacet
  facet normal -0.977223 0.212217 0.000115138
    outer loop
      vertex -42.9097 62.8797 28.125
      vertex -45.7387 49.8603 14
      vertex -42.9204 62.8304 28.1772
    endloop
  endfacet
  facet normal -0.977186 0.212384 -4.48606e-05
    outer loop
      vertex -42.9204 62.8304 28.1772
      vertex -45.7387 49.8603 14
      vertex -42.9239 62.8143 28.1944
    endloop
  endfacet
  facet normal -0.977104 0.21276 -0.000403977
    outer loop
      vertex -42.9239 62.8143 28.1944
      vertex -45.7387 49.8603 14
      vertex -42.9347 62.7648 28.2467
    endloop
  endfacet
  facet normal -0.977047 0.213025 -0.000655303
    outer loop
      vertex -42.9347 62.7648 28.2467
      vertex -45.7387 49.8603 14
      vertex -42.9382 62.7488 28.2639
    endloop
  endfacet
  facet normal -0.977359 0.211587 0.000705254
    outer loop
      vertex -42.9382 62.7488 28.2639
      vertex -45.7387 49.8603 14
      vertex -42.9489 62.6992 28.3163
    endloop
  endfacet
  facet normal -0.976901 0.213686 -0.00126706
    outer loop
      vertex -42.9489 62.6992 28.3163
      vertex -45.7387 49.8603 14
      vertex -42.9524 62.6833 28.3333
    endloop
  endfacet
  facet normal -0.977196 0.212341 -6.54585e-06
    outer loop
      vertex -42.9524 62.6833 28.3333
      vertex -45.7387 49.8603 14
      vertex -42.9632 62.6336 28.3859
    endloop
  endfacet
  facet normal -0.977273 0.211987 0.000323296
    outer loop
      vertex -42.9632 62.6336 28.3859
      vertex -45.7387 49.8603 14
      vertex -42.9666 62.6179 28.4028
    endloop
  endfacet
  facet normal -0.977241 0.212131 0.000188999
    outer loop
      vertex -42.9666 62.6179 28.4028
      vertex -45.7387 49.8603 14
      vertex -42.9774 62.5681 28.4554
    endloop
  endfacet
  facet normal -0.976601 0.215045 -0.00249425
    outer loop
      vertex -42.9774 62.5681 28.4554
      vertex -45.7387 49.8603 14
      vertex -42.9809 62.5524 28.4722
    endloop
  endfacet
  facet normal -0.977287 0.211918 0.000378714
    outer loop
      vertex -42.9809 62.5524 28.4722
      vertex -45.7387 49.8603 14
      vertex -42.9917 62.5025 28.525
    endloop
  endfacet
  facet normal -0.977128 0.212652 -0.000290829
    outer loop
      vertex -42.9917 62.5025 28.525
      vertex -45.7387 49.8603 14
      vertex -42.9951 62.4869 28.5417
    endloop
  endfacet
  facet normal -0.977122 0.212679 -0.000315151
    outer loop
      vertex -42.9951 62.4869 28.5417
      vertex -45.7387 49.8603 14
      vertex -43.006 62.4369 28.5946
    endloop
  endfacet
  facet normal -0.977657 0.210196 0.00192513
    outer loop
      vertex -43.006 62.4369 28.5946
      vertex -45.7387 49.8603 14
      vertex -43.0093 62.4214 28.6111
    endloop
  endfacet
  facet normal -0.977168 0.212469 -0.000120979
    outer loop
      vertex -43.0093 62.4214 28.6111
      vertex -45.7387 49.8603 14
      vertex -43.0202 62.3713 28.6641
    endloop
  endfacet
  facet normal -0.977513 0.210869 0.00130845
    outer loop
      vertex -43.0202 62.3713 28.6641
      vertex -45.7387 49.8603 14
      vertex -43.0235 62.3559 28.6806
    endloop
  endfacet
  facet normal -0.977 0.213236 -0.000801255
    outer loop
      vertex -43.0235 62.3559 28.6806
      vertex -45.7387 49.8603 14
      vertex -43.0345 62.3057 28.7337
    endloop
  endfacet
  facet normal -0.977198 0.212331 0
    outer loop
      vertex -45.7387 49.8603 30
      vertex -43.0345 62.3057 28.7337
      vertex -45.7387 49.8603 14
    endloop
  endfacet
  facet normal -0.977194 0.212348 0.000181056
    outer loop
      vertex -43.0345 62.3057 28.7337
      vertex -45.7387 49.8603 30
      vertex -43.0378 62.2905 28.75
    endloop
  endfacet
  facet normal -0.977176 0.21243 0.00103691
    outer loop
      vertex -43.0378 62.2905 28.75
      vertex -45.7387 49.8603 30
      vertex -43.0487 62.2401 28.8033
    endloop
  endfacet
  facet normal -0.977222 0.212218 -0.0012635
    outer loop
      vertex -43.0487 62.2401 28.8033
      vertex -45.7387 49.8603 30
      vertex -43.052 62.225 28.8194
    endloop
  endfacet
  facet normal -0.977208 0.212284 -0.000542329
    outer loop
      vertex -43.052 62.225 28.8194
      vertex -45.7387 49.8603 30
      vertex -43.063 62.1745 28.8728
    endloop
  endfacet
  facet normal -0.977115 0.212673 0.00393356
    outer loop
      vertex -43.063 62.1745 28.8728
      vertex -45.7387 49.8603 30
      vertex -43.0662 62.1595 28.8889
    endloop
  endfacet
  facet normal -0.977191 0.212364 0.000332213
    outer loop
      vertex -43.0662 62.1595 28.8889
      vertex -45.7387 49.8603 30
      vertex -43.0772 62.1088 28.9424
    endloop
  endfacet
  facet normal -0.977282 0.21187 -0.00561955
    outer loop
      vertex -43.0772 62.1088 28.9424
      vertex -45.7387 49.8603 30
      vertex -43.0805 62.094 28.9583
    endloop
  endfacet
  facet normal -0.977184 0.212392 0.000753655
    outer loop
      vertex -43.0805 62.094 28.9583
      vertex -45.7387 49.8603 30
      vertex -43.0915 62.0432 29.012
    endloop
  endfacet
  facet normal -0.977204 0.212303 -0.000392274
    outer loop
      vertex -43.0915 62.0432 29.012
      vertex -45.7387 49.8603 30
      vertex -43.0947 62.0285 29.0278
    endloop
  endfacet
  facet normal -0.977177 0.212423 0.00118016
    outer loop
      vertex -43.0947 62.0285 29.0278
      vertex -45.7387 49.8603 30
      vertex -43.1057 61.9776 29.0815
    endloop
  endfacet
  facet normal -0.977224 0.212204 -0.00184335
    outer loop
      vertex -43.1057 61.9776 29.0815
      vertex -45.7387 49.8603 30
      vertex -43.1089 61.963 29.0972
    endloop
  endfacet
  facet normal -0.977202 0.21231 -0.000354863
    outer loop
      vertex -43.1089 61.963 29.0972
      vertex -45.7387 49.8603 30
      vertex -43.12 61.912 29.1511
    endloop
  endfacet
  facet normal -0.97724 0.212111 -0.00330548
    outer loop
      vertex -43.12 61.912 29.1511
      vertex -45.7387 49.8603 30
      vertex -43.1232 61.8975 29.1667
    endloop
  endfacet
  facet normal -0.977197 0.212334 6.29503e-05
    outer loop
      vertex -43.1232 61.8975 29.1667
      vertex -45.7387 49.8603 30
      vertex -43.1343 61.8464 29.2207
    endloop
  endfacet
  facet normal -0.97717 0.212451 0.00195277
    outer loop
      vertex -43.1343 61.8464 29.2207
      vertex -45.7387 49.8603 30
      vertex -43.1374 61.832 29.2361
    endloop
  endfacet
  facet normal -0.977185 0.212388 0.000900644
    outer loop
      vertex -43.1374 61.832 29.2361
      vertex -45.7387 49.8603 30
      vertex -43.1485 61.7807 29.2902
    endloop
  endfacet
  facet normal -0.97719 0.212364 0.000488077
    outer loop
      vertex -43.1485 61.7807 29.2902
      vertex -45.7387 49.8603 30
      vertex -43.1516 61.7664 29.3056
    endloop
  endfacet
  facet normal -0.977208 0.212281 -0.00100991
    outer loop
      vertex -43.1516 61.7664 29.3056
      vertex -45.7387 49.8603 30
      vertex -43.1628 61.7151 29.3598
    endloop
  endfacet
  facet normal -0.977208 0.212282 -0.000982907
    outer loop
      vertex -43.1628 61.7151 29.3598
      vertex -45.7387 49.8603 30
      vertex -43.1659 61.7009 29.375
    endloop
  endfacet
  facet normal -0.977183 0.212397 0.00129533
    outer loop
      vertex -43.1659 61.7009 29.375
      vertex -45.7387 49.8603 30
      vertex -43.177 61.6495 29.4294
    endloop
  endfacet
  facet normal -0.977218 0.212222 -0.0024695
    outer loop
      vertex -43.177 61.6495 29.4294
      vertex -45.7387 49.8603 30
      vertex -43.1801 61.6354 29.4444
    endloop
  endfacet
  facet normal -0.977195 0.212344 0.000227358
    outer loop
      vertex -43.1801 61.6354 29.4444
      vertex -45.7387 49.8603 30
      vertex -43.1913 61.5838 29.4989
    endloop
  endfacet
  facet normal -0.977184 0.212391 0.00137915
    outer loop
      vertex -43.1913 61.5838 29.4989
      vertex -45.7387 49.8603 30
      vertex -43.1943 61.5699 29.5139
    endloop
  endfacet
  facet normal -0.977206 0.212288 -0.00122984
    outer loop
      vertex -43.1943 61.5699 29.5139
      vertex -45.7387 49.8603 30
      vertex -43.2056 61.5182 29.5685
    endloop
  endfacet
  facet normal -0.977198 0.212328 -9.92555e-05
    outer loop
      vertex -43.2056 61.5182 29.5685
      vertex -45.7387 49.8603 30
      vertex -43.2086 61.5044 29.5833
    endloop
  endfacet
  facet normal -0.97719 0.212366 0.00102276
    outer loop
      vertex -43.2086 61.5044 29.5833
      vertex -45.7387 49.8603 30
      vertex -43.2198 61.4526 29.6381
    endloop
  endfacet
  facet normal -0.977197 0.212333 -9.49948e-05
    outer loop
      vertex -43.2198 61.4526 29.6381
      vertex -45.7387 49.8603 30
      vertex -43.2228 61.4388 29.6528
    endloop
  endfacet
  facet normal -0.977199 0.212324 -0.00041427
    outer loop
      vertex -43.2228 61.4388 29.6528
      vertex -45.7387 49.8603 30
      vertex -43.2341 61.3869 29.7077
    endloop
  endfacet
  facet normal -0.977209 0.212258 -0.00309788
    outer loop
      vertex -43.2341 61.3869 29.7077
      vertex -45.7387 49.8603 30
      vertex -43.2371 61.3733 29.7222
    endloop
  endfacet
  facet normal -0.977198 0.21233 -2.16359e-05
    outer loop
      vertex -43.2371 61.3733 29.7222
      vertex -45.7387 49.8603 30
      vertex -43.2484 61.3213 29.7772
    endloop
  endfacet
  facet normal -0.977186 0.212372 0.00228851
    outer loop
      vertex -43.2484 61.3213 29.7772
      vertex -45.7387 49.8603 30
      vertex -43.2513 61.3078 29.7917
    endloop
  endfacet
  facet normal -0.977194 0.212346 0.000765397
    outer loop
      vertex -43.2513 61.3078 29.7917
      vertex -45.7387 49.8603 30
      vertex -43.2626 61.2556 29.8468
    endloop
  endfacet
  facet normal -0.977194 0.212347 0.000809997
    outer loop
      vertex -43.2626 61.2556 29.8468
      vertex -45.7387 49.8603 30
      vertex -43.2655 61.2422 29.8611
    endloop
  endfacet
  facet normal -0.977199 0.212325 -0.00102503
    outer loop
      vertex -43.2655 61.2422 29.8611
      vertex -45.7387 49.8603 30
      vertex -43.2769 61.19 29.9164
    endloop
  endfacet
  facet normal -0.977198 0.212328 -0.000698419
    outer loop
      vertex -43.2769 61.19 29.9164
      vertex -45.7387 49.8603 30
      vertex -43.2798 61.1767 29.9306
    endloop
  endfacet
  facet normal -0.977198 0.21233 -0.000252247
    outer loop
      vertex -43.2798 61.1767 29.9306
      vertex -45.7387 49.8603 30
      vertex -43.2912 61.1243 29.9859
    endloop
  endfacet
  facet normal -0.977192 0.212333 0.00322193
    outer loop
      vertex -43.2912 61.1243 29.9859
      vertex -45.7387 49.8603 30
      vertex -43.294 61.1112 30
    endloop
  endfacet
  facet normal 0.977138 0.212605 0
    outer loop
      vertex -59.3186 63.9306 27.5694
      vertex -59.3337 64 14
      vertex -59.3337 64 27.5
    endloop
  endfacet
  facet normal 0.977207 0.21229 4.62177e-05
    outer loop
      vertex -56.2613 49.8603 14
      vertex -59.3186 63.9306 27.5694
      vertex -59.213 63.4444 28.0556
    endloop
  endfacet
  facet normal 0.977167 0.212473 -0.000138527
    outer loop
      vertex -56.2613 49.8603 14
      vertex -59.213 63.4444 28.0556
      vertex -59.1979 63.375 28.125
    endloop
  endfacet
  facet normal 0.977167 0.212473 -0.000138527
    outer loop
      vertex -56.2613 49.8603 14
      vertex -59.1979 63.375 28.125
      vertex -59.1828 63.3056 28.1944
    endloop
  endfacet
  facet normal 0.977207 0.212288 4.433e-05
    outer loop
      vertex -56.2613 49.8603 14
      vertex -59.1828 63.3056 28.1944
      vertex -59.0772 62.8194 28.6806
    endloop
  endfacet
  facet normal 0.977166 0.212479 -0.000131914
    outer loop
      vertex -56.2613 49.8603 14
      vertex -59.0772 62.8194 28.6806
      vertex -59.0621 62.75 28.75
    endloop
  endfacet
  facet normal 0.977166 0.212479 -0.000131914
    outer loop
      vertex -56.2613 49.8603 14
      vertex -59.0621 62.75 28.75
      vertex -59.047 62.6806 28.8194
    endloop
  endfacet
  facet normal 0.977195 0.212342 0.000100782
    outer loop
      vertex -56.2613 49.8603 30
      vertex -59.047 62.6806 28.8194
      vertex -58.9414 62.1944 29.3056
    endloop
  endfacet
  facet normal 0.9772 0.212321 -0.000297553
    outer loop
      vertex -56.2613 49.8603 30
      vertex -58.9414 62.1944 29.3056
      vertex -58.9263 62.125 29.375
    endloop
  endfacet
  facet normal 0.9772 0.212321 -0.000297553
    outer loop
      vertex -56.2613 49.8603 30
      vertex -58.9263 62.125 29.375
      vertex -58.9112 62.0556 29.4444
    endloop
  endfacet
  facet normal 0.977196 0.212338 9.62999e-05
    outer loop
      vertex -56.2613 49.8603 30
      vertex -58.9112 62.0556 29.4444
      vertex -58.8056 61.5694 29.9306
    endloop
  endfacet
  facet normal 0.977197 0.212336 -0.00028185
    outer loop
      vertex -56.2613 49.8603 30
      vertex -58.8056 61.5694 29.9306
      vertex -58.7905 61.5 30
    endloop
  endfacet
  facet normal 0.977197 0.212333 0
    outer loop
      vertex -59.047 62.6806 28.8194
      vertex -56.2613 49.8603 30
      vertex -56.2613 49.8603 14
    endloop
  endfacet
  facet normal 0.977197 0.212334 -1.45107e-06
    outer loop
      vertex -59.3186 63.9306 27.5694
      vertex -56.2613 49.8603 14
      vertex -59.3337 64 14
    endloop
  endfacet
  facet normal -0 0 1
    outer loop
      vertex -46.5778 50.7106 14
      vertex -45.7387 49.8603 14
      vertex -42.7817 63.4688 14
    endloop
  endfacet
  facet normal 0 0 1
    outer loop
      vertex -45.7387 49.8603 14
      vertex -46.546 50.6652 14
      vertex -46.0007 49.8864 14
    endloop
  endfacet
  facet normal 0 0 1
    outer loop
      vertex -45.7387 49.8603 14
      vertex -46.5778 50.7106 14
      vertex -46.546 50.6652 14
    endloop
  endfacet
  facet normal 0 0 1
    outer loop
      vertex -42.7817 63.4688 14
      vertex -47.2894 51.4222 14
      vertex -46.5778 50.7106 14
    endloop
  endfacet
  facet normal 0 0 1
    outer loop
      vertex -42.7817 63.4688 14
      vertex -47.3348 51.454 14
      vertex -47.2894 51.4222 14
    endloop
  endfacet
  facet normal 0 0 1
    outer loop
      vertex -42.7817 63.4688 14
      vertex -48.1136 51.9993 14
      vertex -47.3348 51.454 14
    endloop
  endfacet
  facet normal 0 0 1
    outer loop
      vertex -42.7817 63.4688 14
      vertex -48.9753 52.4011 14
      vertex -48.1136 51.9993 14
    endloop
  endfacet
  facet normal 0 0 1
    outer loop
      vertex -42.7817 63.4688 14
      vertex -49.0256 52.4246 14
      vertex -48.9753 52.4011 14
    endloop
  endfacet
  facet normal 0 0 1
    outer loop
      vertex -49.3333 64 14
      vertex -49.0256 52.4246 14
      vertex -42.7817 63.4688 14
    endloop
  endfacet
  facet normal 0 0 1
    outer loop
      vertex -49.0256 52.4246 14
      vertex -49.3333 64 14
      vertex -49.0792 52.4389 14
    endloop
  endfacet
  facet normal 0 0 1
    outer loop
      vertex -49.3333 64 14
      vertex -49.9976 52.685 14
      vertex -49.0792 52.4389 14
    endloop
  endfacet
  facet normal 0 0 1
    outer loop
      vertex -49.3333 64 14
      vertex -50.9447 52.7679 14
      vertex -49.9976 52.685 14
    endloop
  endfacet
  facet normal 0 0 1
    outer loop
      vertex -49.3333 64 14
      vertex -51 52.7727 14
      vertex -50.9447 52.7679 14
    endloop
  endfacet
  facet normal 0 0 1
    outer loop
      vertex -49.3333 64 14
      vertex -51.0553 52.7679 14
      vertex -51 52.7727 14
    endloop
  endfacet
  facet normal 0 0 1
    outer loop
      vertex -49.3333 64 14
      vertex -52.0024 52.685 14
      vertex -51.0553 52.7679 14
    endloop
  endfacet
  facet normal 0 0 1
    outer loop
      vertex -49.3333 64 14
      vertex -52.9208 52.4389 14
      vertex -52.0024 52.685 14
    endloop
  endfacet
  facet normal -0 0 1
    outer loop
      vertex -59.3337 64 14
      vertex -52.9208 52.4389 14
      vertex -49.3333 64 14
    endloop
  endfacet
  facet normal 0 0 1
    outer loop
      vertex -52.9208 52.4389 14
      vertex -59.3337 64 14
      vertex -52.9744 52.4246 14
    endloop
  endfacet
  facet normal 0 0 1
    outer loop
      vertex -52.9744 52.4246 14
      vertex -59.3337 64 14
      vertex -53.0247 52.4011 14
    endloop
  endfacet
  facet normal 0 0 1
    outer loop
      vertex -53.0247 52.4011 14
      vertex -59.3337 64 14
      vertex -53.8864 51.9993 14
    endloop
  endfacet
  facet normal 0 0 1
    outer loop
      vertex -53.8864 51.9993 14
      vertex -59.3337 64 14
      vertex -54.6652 51.454 14
    endloop
  endfacet
  facet normal 0 0 1
    outer loop
      vertex -54.6652 51.454 14
      vertex -59.3337 64 14
      vertex -54.7106 51.4222 14
    endloop
  endfacet
  facet normal 0 0 1
    outer loop
      vertex -54.7106 51.4222 14
      vertex -59.3337 64 14
      vertex -55.4222 50.7106 14
    endloop
  endfacet
  facet normal 0 -0 1
    outer loop
      vertex -56.2613 49.8603 14
      vertex -55.4222 50.7106 14
      vertex -59.3337 64 14
    endloop
  endfacet
  facet normal 0 0 1
    outer loop
      vertex -55.4222 50.7106 14
      vertex -56.2613 49.8603 14
      vertex -55.454 50.6652 14
    endloop
  endfacet
  facet normal 0 0 1
    outer loop
      vertex -55.454 50.6652 14
      vertex -56.2613 49.8603 14
      vertex -55.9993 49.8864 14
    endloop
  endfacet
  facet normal -0 0 1
    outer loop
      vertex -45.2321 47.0553 14
      vertex -45 47 14
      vertex -45.0912 48.0419 14
    endloop
  endfacet
  facet normal 0 0 1
    outer loop
      vertex -45.2321 46.9447 14
      vertex -45 47 14
      vertex -45.2273 47 14
    endloop
  endfacet
  facet normal 0 0 1
    outer loop
      vertex -45 47 14
      vertex -45.2321 47.0553 14
      vertex -45.2273 47 14
    endloop
  endfacet
  facet normal 0 0 1
    outer loop
      vertex -45.0912 48.0419 14
      vertex -45.315 48.0024 14
      vertex -45.2321 47.0553 14
    endloop
  endfacet
  facet normal -0 0 1
    outer loop
      vertex -45.5611 48.9208 14
      vertex -45.0912 48.0419 14
      vertex -45.3618 49.0521 14
    endloop
  endfacet
  facet normal 0 0 1
    outer loop
      vertex -45.0912 48.0419 14
      vertex -45.5611 48.9208 14
      vertex -45.315 48.0024 14
    endloop
  endfacet
  facet normal 0 0 1
    outer loop
      vertex -45.3618 49.0521 14
      vertex -45.5754 48.9744 14
      vertex -45.5611 48.9208 14
    endloop
  endfacet
  facet normal 0 0 1
    outer loop
      vertex -45.3618 49.0521 14
      vertex -45.5989 49.0247 14
      vertex -45.5754 48.9744 14
    endloop
  endfacet
  facet normal 0 0 1
    outer loop
      vertex -45.7387 49.8603 14
      vertex -45.5989 49.0247 14
      vertex -45.3618 49.0521 14
    endloop
  endfacet
  facet normal 0 0 1
    outer loop
      vertex -45.5989 49.0247 14
      vertex -45.7387 49.8603 14
      vertex -46.0007 49.8864 14
    endloop
  endfacet
  facet normal 0 0 1
    outer loop
      vertex -45 47 14
      vertex -45.2321 46.9447 14
      vertex -45.0912 45.9581 14
    endloop
  endfacet
  facet normal -0 0 1
    outer loop
      vertex -45.315 45.9976 14
      vertex -45.0912 45.9581 14
      vertex -45.2321 46.9447 14
    endloop
  endfacet
  facet normal 0 0 1
    outer loop
      vertex -45.5611 45.0792 14
      vertex -45.0912 45.9581 14
      vertex -45.315 45.9976 14
    endloop
  endfacet
  facet normal 0 0 1
    outer loop
      vertex -45.0912 45.9581 14
      vertex -45.5611 45.0792 14
      vertex -45.3618 44.9479 14
    endloop
  endfacet
  facet normal -0 0 1
    outer loop
      vertex -45.5754 45.0256 14
      vertex -45.3618 44.9479 14
      vertex -45.5611 45.0792 14
    endloop
  endfacet
  facet normal -0 0 1
    outer loop
      vertex -45.5989 44.9753 14
      vertex -45.3618 44.9479 14
      vertex -45.5754 45.0256 14
    endloop
  endfacet
  facet normal 0 0 1
    outer loop
      vertex -45.5989 44.9753 14
      vertex -45.8038 44 14
      vertex -45.3618 44.9479 14
    endloop
  endfacet
  facet normal -0 0 1
    outer loop
      vertex -46.0007 44.1136 14
      vertex -45.8038 44 14
      vertex -45.5989 44.9753 14
    endloop
  endfacet
  facet normal 0 0 1
    outer loop
      vertex -46.546 43.3348 14
      vertex -45.8038 44 14
      vertex -46.0007 44.1136 14
    endloop
  endfacet
  facet normal 0 0 1
    outer loop
      vertex -45.8038 44 14
      vertex -46.546 43.3348 14
      vertex -46.4037 43.1433 14
    endloop
  endfacet
  facet normal -0 0 1
    outer loop
      vertex -46.5778 43.2894 14
      vertex -46.4037 43.1433 14
      vertex -46.546 43.3348 14
    endloop
  endfacet
  facet normal 0 0 1
    outer loop
      vertex -46.5778 43.2894 14
      vertex -47.1433 42.4037 14
      vertex -46.4037 43.1433 14
    endloop
  endfacet
  facet normal -0 0 1
    outer loop
      vertex -47.2894 42.5778 14
      vertex -47.1433 42.4037 14
      vertex -46.5778 43.2894 14
    endloop
  endfacet
  facet normal -0 0 1
    outer loop
      vertex -47.3348 42.546 14
      vertex -47.1433 42.4037 14
      vertex -47.2894 42.5778 14
    endloop
  endfacet
  facet normal 0 0 1
    outer loop
      vertex -47.3348 42.546 14
      vertex -48 41.8038 14
      vertex -47.1433 42.4037 14
    endloop
  endfacet
  facet normal -0 0 1
    outer loop
      vertex -48.1136 42.0007 14
      vertex -48 41.8038 14
      vertex -47.3348 42.546 14
    endloop
  endfacet
  facet normal 0 0 1
    outer loop
      vertex -48.9753 41.5989 14
      vertex -48 41.8038 14
      vertex -48.1136 42.0007 14
    endloop
  endfacet
  facet normal 0 0 1
    outer loop
      vertex -48 41.8038 14
      vertex -48.9753 41.5989 14
      vertex -48.9479 41.3618 14
    endloop
  endfacet
  facet normal -0 0 1
    outer loop
      vertex -49.0256 41.5754 14
      vertex -48.9479 41.3618 14
      vertex -48.9753 41.5989 14
    endloop
  endfacet
  facet normal -0 0 1
    outer loop
      vertex -49.0792 41.5611 14
      vertex -48.9479 41.3618 14
      vertex -49.0256 41.5754 14
    endloop
  endfacet
  facet normal 0 0 1
    outer loop
      vertex -49.0792 41.5611 14
      vertex -49.9581 41.0912 14
      vertex -48.9479 41.3618 14
    endloop
  endfacet
  facet normal -0 0 1
    outer loop
      vertex -49.9976 41.315 14
      vertex -49.9581 41.0912 14
      vertex -49.0792 41.5611 14
    endloop
  endfacet
  facet normal -0 0 1
    outer loop
      vertex -50.9447 41.2321 14
      vertex -49.9581 41.0912 14
      vertex -49.9976 41.315 14
    endloop
  endfacet
  facet normal 0 0 1
    outer loop
      vertex -51 41 14
      vertex -50.9447 41.2321 14
      vertex -51 41.2273 14
    endloop
  endfacet
  facet normal 0 0 1
    outer loop
      vertex -50.9447 41.2321 14
      vertex -51 41 14
      vertex -49.9581 41.0912 14
    endloop
  endfacet
  facet normal 0 0 1
    outer loop
      vertex -51.0553 41.2321 14
      vertex -51 41 14
      vertex -51 41.2273 14
    endloop
  endfacet
  facet normal 0 0 1
    outer loop
      vertex -52.0419 41.0912 14
      vertex -51.0553 41.2321 14
      vertex -52.0024 41.315 14
    endloop
  endfacet
  facet normal 0 0 1
    outer loop
      vertex -51.0553 41.2321 14
      vertex -52.0419 41.0912 14
      vertex -51 41 14
    endloop
  endfacet
  facet normal 0 0 1
    outer loop
      vertex -52.9208 41.5611 14
      vertex -52.0419 41.0912 14
      vertex -52.0024 41.315 14
    endloop
  endfacet
  facet normal 0 0 1
    outer loop
      vertex -53.0521 41.3618 14
      vertex -52.9208 41.5611 14
      vertex -52.9744 41.5754 14
    endloop
  endfacet
  facet normal 0 0 1
    outer loop
      vertex -53.0521 41.3618 14
      vertex -52.9744 41.5754 14
      vertex -53.0247 41.5989 14
    endloop
  endfacet
  facet normal 0 0 1
    outer loop
      vertex -52.9208 41.5611 14
      vertex -53.0521 41.3618 14
      vertex -52.0419 41.0912 14
    endloop
  endfacet
  facet normal -0 0 1
    outer loop
      vertex -54 41.8038 14
      vertex -53.0247 41.5989 14
      vertex -53.8864 42.0007 14
    endloop
  endfacet
  facet normal 0 0 1
    outer loop
      vertex -53.0247 41.5989 14
      vertex -54 41.8038 14
      vertex -53.0521 41.3618 14
    endloop
  endfacet
  facet normal 0 0 1
    outer loop
      vertex -54.6652 42.546 14
      vertex -54 41.8038 14
      vertex -53.8864 42.0007 14
    endloop
  endfacet
  facet normal 0 0 1
    outer loop
      vertex -54.8567 42.4037 14
      vertex -54.6652 42.546 14
      vertex -54.7106 42.5778 14
    endloop
  endfacet
  facet normal 0 0 1
    outer loop
      vertex -54.6652 42.546 14
      vertex -54.8567 42.4037 14
      vertex -54 41.8038 14
    endloop
  endfacet
  facet normal 0 0 1
    outer loop
      vertex -55.4222 43.2894 14
      vertex -54.8567 42.4037 14
      vertex -54.7106 42.5778 14
    endloop
  endfacet
  facet normal 0 0 1
    outer loop
      vertex -55.5963 43.1433 14
      vertex -55.4222 43.2894 14
      vertex -55.454 43.3348 14
    endloop
  endfacet
  facet normal 0 0 1
    outer loop
      vertex -55.4222 43.2894 14
      vertex -55.5963 43.1433 14
      vertex -54.8567 42.4037 14
    endloop
  endfacet
  facet normal -0 0 1
    outer loop
      vertex -56.1962 44 14
      vertex -55.454 43.3348 14
      vertex -55.9993 44.1136 14
    endloop
  endfacet
  facet normal 0 0 1
    outer loop
      vertex -55.454 43.3348 14
      vertex -56.1962 44 14
      vertex -55.5963 43.1433 14
    endloop
  endfacet
  facet normal 0 0 1
    outer loop
      vertex -56.4011 44.9753 14
      vertex -56.1962 44 14
      vertex -55.9993 44.1136 14
    endloop
  endfacet
  facet normal 0 0 1
    outer loop
      vertex -56.6382 44.9479 14
      vertex -56.4011 44.9753 14
      vertex -56.4246 45.0256 14
    endloop
  endfacet
  facet normal 0 0 1
    outer loop
      vertex -56.6382 44.9479 14
      vertex -56.4246 45.0256 14
      vertex -56.4389 45.0792 14
    endloop
  endfacet
  facet normal 0 0 1
    outer loop
      vertex -56.4011 44.9753 14
      vertex -56.6382 44.9479 14
      vertex -56.1962 44 14
    endloop
  endfacet
  facet normal -0 0 1
    outer loop
      vertex -56.9088 45.9581 14
      vertex -56.4389 45.0792 14
      vertex -56.685 45.9976 14
    endloop
  endfacet
  facet normal 0 0 1
    outer loop
      vertex -56.9088 45.9581 14
      vertex -56.685 45.9976 14
      vertex -56.7679 46.9447 14
    endloop
  endfacet
  facet normal -0 0 1
    outer loop
      vertex -57 47 14
      vertex -56.7679 46.9447 14
      vertex -56.7727 47 14
    endloop
  endfacet
  facet normal 0 0 1
    outer loop
      vertex -56.7679 47.0553 14
      vertex -57 47 14
      vertex -56.7727 47 14
    endloop
  endfacet
  facet normal 0 0 1
    outer loop
      vertex -56.4389 45.0792 14
      vertex -56.9088 45.9581 14
      vertex -56.6382 44.9479 14
    endloop
  endfacet
  facet normal 0 0 1
    outer loop
      vertex -56.7679 46.9447 14
      vertex -57 47 14
      vertex -56.9088 45.9581 14
    endloop
  endfacet
  facet normal -0 0 1
    outer loop
      vertex -56.2613 49.8603 14
      vertex -56.4011 49.0247 14
      vertex -55.9993 49.8864 14
    endloop
  endfacet
  facet normal -0 0 1
    outer loop
      vertex -56.6382 49.0521 14
      vertex -56.4011 49.0247 14
      vertex -56.2613 49.8603 14
    endloop
  endfacet
  facet normal 0 0 1
    outer loop
      vertex -56.4011 49.0247 14
      vertex -56.6382 49.0521 14
      vertex -56.4246 48.9744 14
    endloop
  endfacet
  facet normal 0 0 1
    outer loop
      vertex -56.4246 48.9744 14
      vertex -56.6382 49.0521 14
      vertex -56.4389 48.9208 14
    endloop
  endfacet
  facet normal 0 0 1
    outer loop
      vertex -56.9088 48.0419 14
      vertex -56.4389 48.9208 14
      vertex -56.6382 49.0521 14
    endloop
  endfacet
  facet normal 0 0 1
    outer loop
      vertex -56.4389 48.9208 14
      vertex -56.9088 48.0419 14
      vertex -56.685 48.0024 14
    endloop
  endfacet
  facet normal 0 0 1
    outer loop
      vertex -56.685 48.0024 14
      vertex -56.9088 48.0419 14
      vertex -56.7679 47.0553 14
    endloop
  endfacet
  facet normal 0 0 1
    outer loop
      vertex -57 47 14
      vertex -56.7679 47.0553 14
      vertex -56.9088 48.0419 14
    endloop
  endfacet
  facet normal -0.258746 0.965945 0
    outer loop
      vertex -48.9479 41.3618 14
      vertex -49.9581 41.0912 30
      vertex -48.9479 41.3618 30
    endloop
  endfacet
  facet normal -0.258746 0.965945 0
    outer loop
      vertex -49.9581 41.0912 30
      vertex -48.9479 41.3618 14
      vertex -49.9581 41.0912 14
    endloop
  endfacet
  facet normal -0.965945 -0.258746 0
    outer loop
      vertex -45.0912 48.0419 14
      vertex -45.3618 49.0521 30
      vertex -45.3618 49.0521 14
    endloop
  endfacet
  facet normal -0.965945 -0.258746 0
    outer loop
      vertex -45.3618 49.0521 30
      vertex -45.0912 48.0419 14
      vertex -45.0912 48.0419 30
    endloop
  endfacet
  facet normal -0.996191 -0.087199 0
    outer loop
      vertex -45 47 14
      vertex -45.0912 48.0419 30
      vertex -45.0912 48.0419 14
    endloop
  endfacet
  facet normal -0.996191 -0.087199 0
    outer loop
      vertex -45.0912 48.0419 30
      vertex -45 47 14
      vertex -45 47 30
    endloop
  endfacet
  facet normal -0.906295 -0.422646 0
    outer loop
      vertex -45.3618 49.0521 14
      vertex -45.7387 49.8603 30
      vertex -45.7387 49.8603 14
    endloop
  endfacet
  facet normal -0.906295 -0.422646 0
    outer loop
      vertex -45.7387 49.8603 30
      vertex -45.3618 49.0521 14
      vertex -45.3618 49.0521 30
    endloop
  endfacet
  facet normal -0.087199 0.996191 0
    outer loop
      vertex -49.9581 41.0912 14
      vertex -51 41 30
      vertex -49.9581 41.0912 30
    endloop
  endfacet
  facet normal -0.087199 0.996191 0
    outer loop
      vertex -51 41 30
      vertex -49.9581 41.0912 14
      vertex -51 41 14
    endloop
  endfacet
  facet normal 0.422608 0.906313 -0
    outer loop
      vertex -53.0521 41.3618 14
      vertex -54 41.8038 30
      vertex -53.0521 41.3618 30
    endloop
  endfacet
  facet normal 0.422608 0.906313 0
    outer loop
      vertex -54 41.8038 30
      vertex -53.0521 41.3618 14
      vertex -54 41.8038 14
    endloop
  endfacet
  facet normal -0.422608 0.906313 0
    outer loop
      vertex -48 41.8038 14
      vertex -48.9479 41.3618 30
      vertex -48 41.8038 30
    endloop
  endfacet
  facet normal -0.422608 0.906313 0
    outer loop
      vertex -48.9479 41.3618 30
      vertex -48 41.8038 14
      vertex -48.9479 41.3618 14
    endloop
  endfacet
  facet normal -0.819138 0.573597 0
    outer loop
      vertex -46.4037 43.1433 14
      vertex -45.8038 44 30
      vertex -45.8038 44 14
    endloop
  endfacet
  facet normal -0.819138 0.573597 0
    outer loop
      vertex -45.8038 44 30
      vertex -46.4037 43.1433 14
      vertex -46.4037 43.1433 30
    endloop
  endfacet
  facet normal 0.906313 0.422608 0
    outer loop
      vertex -56.1962 44 30
      vertex -56.6382 44.9479 14
      vertex -56.6382 44.9479 30
    endloop
  endfacet
  facet normal 0.906313 0.422608 0
    outer loop
      vertex -56.6382 44.9479 14
      vertex -56.1962 44 30
      vertex -56.1962 44 14
    endloop
  endfacet
  facet normal 0.906295 -0.422646 0
    outer loop
      vertex -56.6382 49.0521 30
      vertex -56.2613 49.8603 14
      vertex -56.2613 49.8603 30
    endloop
  endfacet
  facet normal 0.906295 -0.422646 0
    outer loop
      vertex -56.2613 49.8603 14
      vertex -56.6382 49.0521 30
      vertex -56.6382 49.0521 14
    endloop
  endfacet
  facet normal -0.996191 0.087199 0
    outer loop
      vertex -45.0912 45.9581 14
      vertex -45 47 30
      vertex -45 47 14
    endloop
  endfacet
  facet normal -0.996191 0.087199 0
    outer loop
      vertex -45 47 30
      vertex -45.0912 45.9581 14
      vertex -45.0912 45.9581 30
    endloop
  endfacet
  facet normal 0.707107 0.707107 -0
    outer loop
      vertex -54.8567 42.4037 14
      vertex -55.5963 43.1433 30
      vertex -54.8567 42.4037 30
    endloop
  endfacet
  facet normal 0.707107 0.707107 0
    outer loop
      vertex -55.5963 43.1433 30
      vertex -54.8567 42.4037 14
      vertex -55.5963 43.1433 14
    endloop
  endfacet
  facet normal -0.965945 0.258746 0
    outer loop
      vertex -45.3618 44.9479 14
      vertex -45.0912 45.9581 30
      vertex -45.0912 45.9581 14
    endloop
  endfacet
  facet normal -0.965945 0.258746 0
    outer loop
      vertex -45.0912 45.9581 30
      vertex -45.3618 44.9479 14
      vertex -45.3618 44.9479 30
    endloop
  endfacet
  facet normal -0.573597 0.819138 0
    outer loop
      vertex -47.1433 42.4037 14
      vertex -48 41.8038 30
      vertex -47.1433 42.4037 30
    endloop
  endfacet
  facet normal -0.573597 0.819138 0
    outer loop
      vertex -48 41.8038 30
      vertex -47.1433 42.4037 14
      vertex -48 41.8038 14
    endloop
  endfacet
  facet normal -0.906313 0.422608 0
    outer loop
      vertex -45.8038 44 14
      vertex -45.3618 44.9479 30
      vertex -45.3618 44.9479 14
    endloop
  endfacet
  facet normal -0.906313 0.422608 0
    outer loop
      vertex -45.3618 44.9479 30
      vertex -45.8038 44 14
      vertex -45.8038 44 30
    endloop
  endfacet
  facet normal 0.573597 0.819138 -0
    outer loop
      vertex -54 41.8038 14
      vertex -54.8567 42.4037 30
      vertex -54 41.8038 30
    endloop
  endfacet
  facet normal 0.573597 0.819138 0
    outer loop
      vertex -54.8567 42.4037 30
      vertex -54 41.8038 14
      vertex -54.8567 42.4037 14
    endloop
  endfacet
  facet normal 0.996191 0.087199 0
    outer loop
      vertex -56.9088 45.9581 30
      vertex -57 47 14
      vertex -57 47 30
    endloop
  endfacet
  facet normal 0.996191 0.087199 0
    outer loop
      vertex -57 47 14
      vertex -56.9088 45.9581 30
      vertex -56.9088 45.9581 14
    endloop
  endfacet
  facet normal 0.965945 0.258746 0
    outer loop
      vertex -56.6382 44.9479 30
      vertex -56.9088 45.9581 14
      vertex -56.9088 45.9581 30
    endloop
  endfacet
  facet normal 0.965945 0.258746 0
    outer loop
      vertex -56.9088 45.9581 14
      vertex -56.6382 44.9479 30
      vertex -56.6382 44.9479 14
    endloop
  endfacet
  facet normal 0.819138 0.573597 0
    outer loop
      vertex -55.5963 43.1433 30
      vertex -56.1962 44 14
      vertex -56.1962 44 30
    endloop
  endfacet
  facet normal 0.819138 0.573597 0
    outer loop
      vertex -56.1962 44 14
      vertex -55.5963 43.1433 30
      vertex -55.5963 43.1433 14
    endloop
  endfacet
  facet normal 0.258746 0.965945 -0
    outer loop
      vertex -52.0419 41.0912 14
      vertex -53.0521 41.3618 30
      vertex -52.0419 41.0912 30
    endloop
  endfacet
  facet normal 0.258746 0.965945 0
    outer loop
      vertex -53.0521 41.3618 30
      vertex -52.0419 41.0912 14
      vertex -53.0521 41.3618 14
    endloop
  endfacet
  facet normal 0.965945 -0.258746 0
    outer loop
      vertex -56.9088 48.0419 30
      vertex -56.6382 49.0521 14
      vertex -56.6382 49.0521 30
    endloop
  endfacet
  facet normal 0.965945 -0.258746 0
    outer loop
      vertex -56.6382 49.0521 14
      vertex -56.9088 48.0419 30
      vertex -56.9088 48.0419 14
    endloop
  endfacet
  facet normal 0.996191 -0.087199 0
    outer loop
      vertex -57 47 30
      vertex -56.9088 48.0419 14
      vertex -56.9088 48.0419 30
    endloop
  endfacet
  facet normal 0.996191 -0.087199 0
    outer loop
      vertex -56.9088 48.0419 14
      vertex -57 47 30
      vertex -57 47 14
    endloop
  endfacet
  facet normal -0.707107 0.707107 0
    outer loop
      vertex -46.4037 43.1433 14
      vertex -47.1433 42.4037 30
      vertex -46.4037 43.1433 30
    endloop
  endfacet
  facet normal -0.707107 0.707107 0
    outer loop
      vertex -47.1433 42.4037 30
      vertex -46.4037 43.1433 14
      vertex -47.1433 42.4037 14
    endloop
  endfacet
  facet normal 0.087199 0.996191 -0
    outer loop
      vertex -51 41 14
      vertex -52.0419 41.0912 30
      vertex -51 41 30
    endloop
  endfacet
  facet normal 0.087199 0.996191 0
    outer loop
      vertex -52.0419 41.0912 30
      vertex -51 41 14
      vertex -52.0419 41.0912 14
    endloop
  endfacet
  facet normal -0.907489 -0.0794314 0.412497
    outer loop
      vertex -47.5 47 9
      vertex -45.2321 47.0553 14
      vertex -47.5532 47.6078 9
    endloop
  endfacet
  facet normal -0.907539 -0.0787738 0.412513
    outer loop
      vertex -45.2321 47.0553 14
      vertex -47.5 47 9
      vertex -45.2273 47 14
    endloop
  endfacet
  facet normal 0.825617 0.384975 0.412493
    outer loop
      vertex -55.9993 44.1136 14
      vertex -54.0311 45.25 9
      vertex -56.4011 44.9753 14
    endloop
  endfacet
  facet normal 0.907489 0.0794328 0.412497
    outer loop
      vertex -56.685 45.9976 14
      vertex -54.4468 46.3922 9
      vertex -56.7679 46.9447 14
    endloop
  endfacet
  facet normal -0.235788 -0.879916 0.412494
    outer loop
      vertex -49.0792 52.4389 14
      vertex -49.9976 52.685 14
      vertex -50.3922 50.4468 9
    endloop
  endfacet
  facet normal -0.825617 0.384975 0.412493
    outer loop
      vertex -46.0007 44.1136 14
      vertex -45.5989 44.9753 14
      vertex -47.9689 45.25 9
    endloop
  endfacet
  facet normal -0.879922 0.235771 0.412492
    outer loop
      vertex -47.7111 45.8029 9
      vertex -45.5611 45.0792 14
      vertex -47.5532 46.3922 9
    endloop
  endfacet
  facet normal -0.880186 0.234826 0.412468
    outer loop
      vertex -45.5611 45.0792 14
      vertex -47.7111 45.8029 9
      vertex -45.5754 45.0256 14
    endloop
  endfacet
  facet normal -0.746224 -0.522491 0.412495
    outer loop
      vertex -46.0007 49.8864 14
      vertex -46.546 50.6652 14
      vertex -47.9689 48.75 9
    endloop
  endfacet
  facet normal -0.235788 0.879916 0.412494
    outer loop
      vertex -49.9976 41.315 14
      vertex -49.0792 41.5611 14
      vertex -50.3922 43.5532 9
    endloop
  endfacet
  facet normal 0.746262 0.522443 0.412488
    outer loop
      vertex -55.454 43.3348 14
      vertex -53.6812 44.7502 9
      vertex -54.0311 45.25 9
    endloop
  endfacet
  facet normal 0.746134 0.522622 0.412493
    outer loop
      vertex -53.6812 44.7502 9
      vertex -55.454 43.3348 14
      vertex -55.4222 43.2894 14
    endloop
  endfacet
  facet normal -0.0794328 0.907489 0.412497
    outer loop
      vertex -49.9976 41.315 14
      vertex -50.3922 43.5532 9
      vertex -50.9447 41.2321 14
    endloop
  endfacet
  facet normal 0.235771 0.879922 0.412492
    outer loop
      vertex -52.1971 43.7111 9
      vertex -52.9208 41.5611 14
      vertex -51.6078 43.5532 9
    endloop
  endfacet
  facet normal 0.234826 0.880186 0.412468
    outer loop
      vertex -52.9208 41.5611 14
      vertex -52.1971 43.7111 9
      vertex -52.9744 41.5754 14
    endloop
  endfacet
  facet normal 0.522622 -0.746134 0.412493
    outer loop
      vertex -53.2498 49.6812 9
      vertex -54.6652 51.454 14
      vertex -54.7106 51.4222 14
    endloop
  endfacet
  facet normal 0.522443 -0.746262 0.412488
    outer loop
      vertex -54.6652 51.454 14
      vertex -53.2498 49.6812 9
      vertex -52.75 50.0311 9
    endloop
  endfacet
  facet normal 0.644148 -0.644148 0.412487
    outer loop
      vertex -55.4222 50.7106 14
      vertex -53.2498 49.6812 9
      vertex -54.7106 51.4222 14
    endloop
  endfacet
  facet normal 0.644148 -0.644148 0.412487
    outer loop
      vertex -53.2498 49.6812 9
      vertex -55.4222 50.7106 14
      vertex -53.6812 49.2498 9
    endloop
  endfacet
  facet normal 0.825617 -0.384975 0.412493
    outer loop
      vertex -54.0311 48.75 9
      vertex -55.9993 49.8864 14
      vertex -56.4011 49.0247 14
    endloop
  endfacet
  facet normal -0.879916 -0.235788 0.412494
    outer loop
      vertex -45.315 48.0024 14
      vertex -45.5611 48.9208 14
      vertex -47.5532 47.6078 9
    endloop
  endfacet
  facet normal 0.384975 0.825617 0.412493
    outer loop
      vertex -53.0247 41.5989 14
      vertex -52.75 43.9689 9
      vertex -53.8864 42.0007 14
    endloop
  endfacet
  facet normal 0.879916 -0.235788 0.412494
    outer loop
      vertex -54.4468 47.6078 9
      vertex -56.4389 48.9208 14
      vertex -56.685 48.0024 14
    endloop
  endfacet
  facet normal 0.0787738 0.907539 0.412513
    outer loop
      vertex -51 43.5 9
      vertex -51.0553 41.2321 14
      vertex -51 41.2273 14
    endloop
  endfacet
  facet normal 0.0794314 0.907489 0.412497
    outer loop
      vertex -51.0553 41.2321 14
      vertex -51 43.5 9
      vertex -51.6078 43.5532 9
    endloop
  endfacet
  facet normal 0.644148 0.644148 0.412487
    outer loop
      vertex -55.4222 43.2894 14
      vertex -53.2498 44.3188 9
      vertex -53.6812 44.7502 9
    endloop
  endfacet
  facet normal 0.644148 0.644148 0.412487
    outer loop
      vertex -53.2498 44.3188 9
      vertex -55.4222 43.2894 14
      vertex -54.7106 42.5778 14
    endloop
  endfacet
  facet normal -0.0787738 -0.907539 0.412513
    outer loop
      vertex -51 50.5 9
      vertex -50.9447 52.7679 14
      vertex -51 52.7727 14
    endloop
  endfacet
  facet normal -0.0794314 -0.907489 0.412497
    outer loop
      vertex -50.9447 52.7679 14
      vertex -51 50.5 9
      vertex -50.3922 50.4468 9
    endloop
  endfacet
  facet normal -0.879916 0.235788 0.412494
    outer loop
      vertex -45.5611 45.0792 14
      vertex -45.315 45.9976 14
      vertex -47.5532 46.3922 9
    endloop
  endfacet
  facet normal -0.644148 0.644148 0.412487
    outer loop
      vertex -48.7502 44.3188 9
      vertex -46.5778 43.2894 14
      vertex -48.3188 44.7502 9
    endloop
  endfacet
  facet normal -0.644148 0.644148 0.412487
    outer loop
      vertex -46.5778 43.2894 14
      vertex -48.7502 44.3188 9
      vertex -47.2894 42.5778 14
    endloop
  endfacet
  facet normal 0.384975 -0.825617 0.412493
    outer loop
      vertex -52.75 50.0311 9
      vertex -53.0247 52.4011 14
      vertex -53.8864 51.9993 14
    endloop
  endfacet
  facet normal 0.82562 0.384961 0.412501
    outer loop
      vertex -56.4246 45.0256 14
      vertex -54.0311 45.25 9
      vertex -54.2889 45.8029 9
    endloop
  endfacet
  facet normal 0.825364 0.385608 0.412408
    outer loop
      vertex -54.0311 45.25 9
      vertex -56.4246 45.0256 14
      vertex -56.4011 44.9753 14
    endloop
  endfacet
  facet normal -0.907489 -0.0794328 0.412497
    outer loop
      vertex -45.2321 47.0553 14
      vertex -45.315 48.0024 14
      vertex -47.5532 47.6078 9
    endloop
  endfacet
  facet normal 0.234826 -0.880186 0.412468
    outer loop
      vertex -52.1971 50.2889 9
      vertex -52.9208 52.4389 14
      vertex -52.9744 52.4246 14
    endloop
  endfacet
  facet normal 0.235771 -0.879922 0.412492
    outer loop
      vertex -52.9208 52.4389 14
      vertex -52.1971 50.2889 9
      vertex -51.6078 50.4468 9
    endloop
  endfacet
  facet normal 0.384961 0.82562 0.412501
    outer loop
      vertex -52.75 43.9689 9
      vertex -52.9744 41.5754 14
      vertex -52.1971 43.7111 9
    endloop
  endfacet
  facet normal 0.385608 0.825364 0.412408
    outer loop
      vertex -52.9744 41.5754 14
      vertex -52.75 43.9689 9
      vertex -53.0247 41.5989 14
    endloop
  endfacet
  facet normal -0.746262 0.522443 0.412488
    outer loop
      vertex -48.3188 44.7502 9
      vertex -46.546 43.3348 14
      vertex -47.9689 45.25 9
    endloop
  endfacet
  facet normal -0.746134 0.522622 0.412493
    outer loop
      vertex -46.546 43.3348 14
      vertex -48.3188 44.7502 9
      vertex -46.5778 43.2894 14
    endloop
  endfacet
  facet normal 0.522443 0.746262 0.412488
    outer loop
      vertex -53.2498 44.3188 9
      vertex -54.6652 42.546 14
      vertex -52.75 43.9689 9
    endloop
  endfacet
  facet normal 0.522622 0.746134 0.412493
    outer loop
      vertex -54.6652 42.546 14
      vertex -53.2498 44.3188 9
      vertex -54.7106 42.5778 14
    endloop
  endfacet
  facet normal 0.880186 -0.234826 0.412468
    outer loop
      vertex -56.4389 48.9208 14
      vertex -54.2889 48.1971 9
      vertex -56.4246 48.9744 14
    endloop
  endfacet
  facet normal 0.879922 -0.235771 0.412492
    outer loop
      vertex -54.2889 48.1971 9
      vertex -56.4389 48.9208 14
      vertex -54.4468 47.6078 9
    endloop
  endfacet
  facet normal -0.385608 0.825364 0.412408
    outer loop
      vertex -49.25 43.9689 9
      vertex -49.0256 41.5754 14
      vertex -48.9753 41.5989 14
    endloop
  endfacet
  facet normal -0.384961 0.82562 0.412501
    outer loop
      vertex -49.0256 41.5754 14
      vertex -49.25 43.9689 9
      vertex -49.8029 43.7111 9
    endloop
  endfacet
  facet normal -0.384975 0.825617 0.412493
    outer loop
      vertex -48.9753 41.5989 14
      vertex -48.1136 42.0007 14
      vertex -49.25 43.9689 9
    endloop
  endfacet
  facet normal -0.522622 0.746134 0.412493
    outer loop
      vertex -48.7502 44.3188 9
      vertex -47.3348 42.546 14
      vertex -47.2894 42.5778 14
    endloop
  endfacet
  facet normal -0.522443 0.746262 0.412488
    outer loop
      vertex -47.3348 42.546 14
      vertex -48.7502 44.3188 9
      vertex -49.25 43.9689 9
    endloop
  endfacet
  facet normal 0.0794328 -0.907489 0.412497
    outer loop
      vertex -51.6078 50.4468 9
      vertex -51.0553 52.7679 14
      vertex -52.0024 52.685 14
    endloop
  endfacet
  facet normal -0.522443 -0.746262 0.412488
    outer loop
      vertex -48.7502 49.6812 9
      vertex -47.3348 51.454 14
      vertex -49.25 50.0311 9
    endloop
  endfacet
  facet normal -0.522622 -0.746134 0.412493
    outer loop
      vertex -47.3348 51.454 14
      vertex -48.7502 49.6812 9
      vertex -47.2894 51.4222 14
    endloop
  endfacet
  facet normal -0.522491 -0.746224 0.412495
    outer loop
      vertex -47.3348 51.454 14
      vertex -48.1136 51.9993 14
      vertex -49.25 50.0311 9
    endloop
  endfacet
  facet normal -0.746224 0.522491 0.412495
    outer loop
      vertex -46.546 43.3348 14
      vertex -46.0007 44.1136 14
      vertex -47.9689 45.25 9
    endloop
  endfacet
  facet normal -0.907539 0.0787738 0.412513
    outer loop
      vertex -47.5 47 9
      vertex -45.2321 46.9447 14
      vertex -45.2273 47 14
    endloop
  endfacet
  facet normal -0.907489 0.0794314 0.412497
    outer loop
      vertex -45.2321 46.9447 14
      vertex -47.5 47 9
      vertex -47.5532 46.3922 9
    endloop
  endfacet
  facet normal -0.907489 0.0794328 0.412497
    outer loop
      vertex -45.315 45.9976 14
      vertex -45.2321 46.9447 14
      vertex -47.5532 46.3922 9
    endloop
  endfacet
  facet normal 0.746224 0.522491 0.412495
    outer loop
      vertex -55.454 43.3348 14
      vertex -54.0311 45.25 9
      vertex -55.9993 44.1136 14
    endloop
  endfacet
  facet normal 0.235788 0.879916 0.412494
    outer loop
      vertex -52.0024 41.315 14
      vertex -51.6078 43.5532 9
      vertex -52.9208 41.5611 14
    endloop
  endfacet
  facet normal 0.385608 -0.825364 0.412408
    outer loop
      vertex -52.75 50.0311 9
      vertex -52.9744 52.4246 14
      vertex -53.0247 52.4011 14
    endloop
  endfacet
  facet normal 0.384961 -0.82562 0.412501
    outer loop
      vertex -52.9744 52.4246 14
      vertex -52.75 50.0311 9
      vertex -52.1971 50.2889 9
    endloop
  endfacet
  facet normal -0.82562 0.384961 0.412501
    outer loop
      vertex -47.9689 45.25 9
      vertex -45.5754 45.0256 14
      vertex -47.7111 45.8029 9
    endloop
  endfacet
  facet normal -0.825364 0.385608 0.412408
    outer loop
      vertex -45.5754 45.0256 14
      vertex -47.9689 45.25 9
      vertex -45.5989 44.9753 14
    endloop
  endfacet
  facet normal 0.746224 -0.522491 0.412495
    outer loop
      vertex -54.0311 48.75 9
      vertex -55.454 50.6652 14
      vertex -55.9993 49.8864 14
    endloop
  endfacet
  facet normal -0.234826 0.880186 0.412468
    outer loop
      vertex -49.8029 43.7111 9
      vertex -49.0792 41.5611 14
      vertex -49.0256 41.5754 14
    endloop
  endfacet
  facet normal -0.235771 0.879922 0.412492
    outer loop
      vertex -49.0792 41.5611 14
      vertex -49.8029 43.7111 9
      vertex -50.3922 43.5532 9
    endloop
  endfacet
  facet normal -0.522491 0.746224 0.412495
    outer loop
      vertex -48.1136 42.0007 14
      vertex -47.3348 42.546 14
      vertex -49.25 43.9689 9
    endloop
  endfacet
  facet normal -0.0794314 0.907489 0.412497
    outer loop
      vertex -51 43.5 9
      vertex -50.9447 41.2321 14
      vertex -50.3922 43.5532 9
    endloop
  endfacet
  facet normal -0.0787738 0.907539 0.412513
    outer loop
      vertex -50.9447 41.2321 14
      vertex -51 43.5 9
      vertex -51 41.2273 14
    endloop
  endfacet
  facet normal -0.384975 -0.825617 0.412493
    outer loop
      vertex -48.1136 51.9993 14
      vertex -48.9753 52.4011 14
      vertex -49.25 50.0311 9
    endloop
  endfacet
  facet normal -0.825617 -0.384975 0.412493
    outer loop
      vertex -45.5989 49.0247 14
      vertex -46.0007 49.8864 14
      vertex -47.9689 48.75 9
    endloop
  endfacet
  facet normal 0.879916 0.235788 0.412494
    outer loop
      vertex -56.4389 45.0792 14
      vertex -54.4468 46.3922 9
      vertex -56.685 45.9976 14
    endloop
  endfacet
  facet normal 0.235788 -0.879916 0.412494
    outer loop
      vertex -51.6078 50.4468 9
      vertex -52.0024 52.685 14
      vertex -52.9208 52.4389 14
    endloop
  endfacet
  facet normal 0.746134 -0.522622 0.412493
    outer loop
      vertex -55.454 50.6652 14
      vertex -53.6812 49.2498 9
      vertex -55.4222 50.7106 14
    endloop
  endfacet
  facet normal 0.746262 -0.522443 0.412488
    outer loop
      vertex -53.6812 49.2498 9
      vertex -55.454 50.6652 14
      vertex -54.0311 48.75 9
    endloop
  endfacet
  facet normal 0.0794314 -0.907489 0.412497
    outer loop
      vertex -51 50.5 9
      vertex -51.0553 52.7679 14
      vertex -51.6078 50.4468 9
    endloop
  endfacet
  facet normal 0.0787738 -0.907539 0.412513
    outer loop
      vertex -51.0553 52.7679 14
      vertex -51 50.5 9
      vertex -51 52.7727 14
    endloop
  endfacet
  facet normal 0.907539 0.0787738 0.412513
    outer loop
      vertex -56.7679 46.9447 14
      vertex -54.5 47 9
      vertex -56.7727 47 14
    endloop
  endfacet
  facet normal 0.907489 0.0794314 0.412497
    outer loop
      vertex -54.5 47 9
      vertex -56.7679 46.9447 14
      vertex -54.4468 46.3922 9
    endloop
  endfacet
  facet normal 0.907489 -0.0794328 0.412497
    outer loop
      vertex -54.4468 47.6078 9
      vertex -56.685 48.0024 14
      vertex -56.7679 47.0553 14
    endloop
  endfacet
  facet normal 0.907539 -0.0787738 0.412513
    outer loop
      vertex -54.5 47 9
      vertex -56.7679 47.0553 14
      vertex -56.7727 47 14
    endloop
  endfacet
  facet normal 0.907489 -0.0794314 0.412497
    outer loop
      vertex -56.7679 47.0553 14
      vertex -54.5 47 9
      vertex -54.4468 47.6078 9
    endloop
  endfacet
  facet normal -0.644148 -0.644148 0.412487
    outer loop
      vertex -48.7502 49.6812 9
      vertex -46.5778 50.7106 14
      vertex -47.2894 51.4222 14
    endloop
  endfacet
  facet normal -0.644148 -0.644148 0.412487
    outer loop
      vertex -46.5778 50.7106 14
      vertex -48.7502 49.6812 9
      vertex -48.3188 49.2498 9
    endloop
  endfacet
  facet normal 0.522491 -0.746224 0.412495
    outer loop
      vertex -52.75 50.0311 9
      vertex -53.8864 51.9993 14
      vertex -54.6652 51.454 14
    endloop
  endfacet
  facet normal -0.0794328 -0.907489 0.412497
    outer loop
      vertex -50.3922 50.4468 9
      vertex -49.9976 52.685 14
      vertex -50.9447 52.7679 14
    endloop
  endfacet
  facet normal -0.746134 -0.522622 0.412493
    outer loop
      vertex -48.3188 49.2498 9
      vertex -46.546 50.6652 14
      vertex -46.5778 50.7106 14
    endloop
  endfacet
  facet normal -0.746262 -0.522443 0.412488
    outer loop
      vertex -46.546 50.6652 14
      vertex -48.3188 49.2498 9
      vertex -47.9689 48.75 9
    endloop
  endfacet
  facet normal 0.522491 0.746224 0.412495
    outer loop
      vertex -53.8864 42.0007 14
      vertex -52.75 43.9689 9
      vertex -54.6652 42.546 14
    endloop
  endfacet
  facet normal -0.825364 -0.385608 0.412408
    outer loop
      vertex -47.9689 48.75 9
      vertex -45.5754 48.9744 14
      vertex -45.5989 49.0247 14
    endloop
  endfacet
  facet normal -0.82562 -0.384961 0.412501
    outer loop
      vertex -45.5754 48.9744 14
      vertex -47.9689 48.75 9
      vertex -47.7111 48.1971 9
    endloop
  endfacet
  facet normal -0.880186 -0.234826 0.412468
    outer loop
      vertex -47.7111 48.1971 9
      vertex -45.5611 48.9208 14
      vertex -45.5754 48.9744 14
    endloop
  endfacet
  facet normal -0.879922 -0.235771 0.412492
    outer loop
      vertex -45.5611 48.9208 14
      vertex -47.7111 48.1971 9
      vertex -47.5532 47.6078 9
    endloop
  endfacet
  facet normal 0.0794328 0.907489 0.412497
    outer loop
      vertex -51.0553 41.2321 14
      vertex -51.6078 43.5532 9
      vertex -52.0024 41.315 14
    endloop
  endfacet
  facet normal 0.879922 0.235771 0.412492
    outer loop
      vertex -56.4389 45.0792 14
      vertex -54.2889 45.8029 9
      vertex -54.4468 46.3922 9
    endloop
  endfacet
  facet normal 0.880186 0.234826 0.412468
    outer loop
      vertex -54.2889 45.8029 9
      vertex -56.4389 45.0792 14
      vertex -56.4246 45.0256 14
    endloop
  endfacet
  facet normal -0.384961 -0.82562 0.412501
    outer loop
      vertex -49.25 50.0311 9
      vertex -49.0256 52.4246 14
      vertex -49.8029 50.2889 9
    endloop
  endfacet
  facet normal -0.385608 -0.825364 0.412408
    outer loop
      vertex -49.0256 52.4246 14
      vertex -49.25 50.0311 9
      vertex -48.9753 52.4011 14
    endloop
  endfacet
  facet normal -0.235771 -0.879922 0.412492
    outer loop
      vertex -49.8029 50.2889 9
      vertex -49.0792 52.4389 14
      vertex -50.3922 50.4468 9
    endloop
  endfacet
  facet normal -0.234826 -0.880186 0.412468
    outer loop
      vertex -49.0792 52.4389 14
      vertex -49.8029 50.2889 9
      vertex -49.0256 52.4246 14
    endloop
  endfacet
  facet normal 0.825364 -0.385608 0.412408
    outer loop
      vertex -56.4246 48.9744 14
      vertex -54.0311 48.75 9
      vertex -56.4011 49.0247 14
    endloop
  endfacet
  facet normal 0.82562 -0.384961 0.412501
    outer loop
      vertex -54.0311 48.75 9
      vertex -56.4246 48.9744 14
      vertex -54.2889 48.1971 9
    endloop
  endfacet
  facet normal -0.258815 0.965927 0
    outer loop
      vertex -49.8029 43.7111 0
      vertex -50.3922 43.5532 9
      vertex -49.8029 43.7111 9
    endloop
  endfacet
  facet normal -0.258815 0.965927 0
    outer loop
      vertex -50.3922 43.5532 9
      vertex -49.8029 43.7111 0
      vertex -50.3922 43.5532 0
    endloop
  endfacet
  facet normal -0.965927 -0.258815 0
    outer loop
      vertex -47.5532 47.6078 0
      vertex -47.7111 48.1971 9
      vertex -47.7111 48.1971 0
    endloop
  endfacet
  facet normal -0.965927 -0.258815 0
    outer loop
      vertex -47.7111 48.1971 9
      vertex -47.5532 47.6078 0
      vertex -47.5532 47.6078 9
    endloop
  endfacet
  facet normal -0.996191 -0.0871954 0
    outer loop
      vertex -47.5 47 0
      vertex -47.5532 47.6078 9
      vertex -47.5532 47.6078 0
    endloop
  endfacet
  facet normal -0.996191 -0.0871954 0
    outer loop
      vertex -47.5532 47.6078 9
      vertex -47.5 47 0
      vertex -47.5 47 9
    endloop
  endfacet
  facet normal -0.906321 -0.422589 0
    outer loop
      vertex -47.7111 48.1971 0
      vertex -47.9689 48.75 9
      vertex -47.9689 48.75 0
    endloop
  endfacet
  facet normal -0.906321 -0.422589 0
    outer loop
      vertex -47.9689 48.75 9
      vertex -47.7111 48.1971 0
      vertex -47.7111 48.1971 9
    endloop
  endfacet
  facet normal -0.707107 0.707107 0
    outer loop
      vertex -48.7502 44.3188 0
      vertex -48.3188 44.7502 9
      vertex -48.3188 44.7502 0
    endloop
  endfacet
  facet normal -0.707107 0.707107 0
    outer loop
      vertex -48.3188 44.7502 9
      vertex -48.7502 44.3188 0
      vertex -48.7502 44.3188 9
    endloop
  endfacet
  facet normal -0.573506 -0.819201 0
    outer loop
      vertex -49.25 50.0311 0
      vertex -48.7502 49.6812 9
      vertex -49.25 50.0311 9
    endloop
  endfacet
  facet normal -0.573506 -0.819201 -0
    outer loop
      vertex -48.7502 49.6812 9
      vertex -49.25 50.0311 0
      vertex -48.7502 49.6812 0
    endloop
  endfacet
  facet normal -0.258815 -0.965927 0
    outer loop
      vertex -50.3922 50.4468 0
      vertex -49.8029 50.2889 9
      vertex -50.3922 50.4468 9
    endloop
  endfacet
  facet normal -0.258815 -0.965927 -0
    outer loop
      vertex -49.8029 50.2889 9
      vertex -50.3922 50.4468 0
      vertex -49.8029 50.2889 0
    endloop
  endfacet
  facet normal 0.819201 -0.573506 0
    outer loop
      vertex -54.0311 48.75 9
      vertex -53.6812 49.2498 0
      vertex -53.6812 49.2498 9
    endloop
  endfacet
  facet normal 0.819201 -0.573506 0
    outer loop
      vertex -53.6812 49.2498 0
      vertex -54.0311 48.75 9
      vertex -54.0311 48.75 0
    endloop
  endfacet
  facet normal -0.0871954 0.996191 0
    outer loop
      vertex -50.3922 43.5532 0
      vertex -51 43.5 9
      vertex -50.3922 43.5532 9
    endloop
  endfacet
  facet normal -0.0871954 0.996191 0
    outer loop
      vertex -51 43.5 9
      vertex -50.3922 43.5532 0
      vertex -51 43.5 0
    endloop
  endfacet
  facet normal -0.422589 -0.906321 0
    outer loop
      vertex -49.8029 50.2889 0
      vertex -49.25 50.0311 9
      vertex -49.8029 50.2889 9
    endloop
  endfacet
  facet normal -0.422589 -0.906321 -0
    outer loop
      vertex -49.25 50.0311 9
      vertex -49.8029 50.2889 0
      vertex -49.25 50.0311 0
    endloop
  endfacet
  facet normal 0.422589 0.906321 -0
    outer loop
      vertex -52.1971 43.7111 0
      vertex -52.75 43.9689 9
      vertex -52.1971 43.7111 9
    endloop
  endfacet
  facet normal 0.422589 0.906321 0
    outer loop
      vertex -52.75 43.9689 9
      vertex -52.1971 43.7111 0
      vertex -52.75 43.9689 0
    endloop
  endfacet
  facet normal -0.422589 0.906321 0
    outer loop
      vertex -49.25 43.9689 0
      vertex -49.8029 43.7111 9
      vertex -49.25 43.9689 9
    endloop
  endfacet
  facet normal -0.422589 0.906321 0
    outer loop
      vertex -49.8029 43.7111 9
      vertex -49.25 43.9689 0
      vertex -49.8029 43.7111 0
    endloop
  endfacet
  facet normal -0.819201 -0.573506 0
    outer loop
      vertex -47.9689 48.75 0
      vertex -48.3188 49.2498 9
      vertex -48.3188 49.2498 0
    endloop
  endfacet
  facet normal -0.819201 -0.573506 0
    outer loop
      vertex -48.3188 49.2498 9
      vertex -47.9689 48.75 0
      vertex -47.9689 48.75 9
    endloop
  endfacet
  facet normal -0.819201 0.573506 0
    outer loop
      vertex -48.3188 44.7502 0
      vertex -47.9689 45.25 9
      vertex -47.9689 45.25 0
    endloop
  endfacet
  facet normal -0.819201 0.573506 0
    outer loop
      vertex -47.9689 45.25 9
      vertex -48.3188 44.7502 0
      vertex -48.3188 44.7502 9
    endloop
  endfacet
  facet normal 0.906321 0.422589 0
    outer loop
      vertex -54.0311 45.25 9
      vertex -54.2889 45.8029 0
      vertex -54.2889 45.8029 9
    endloop
  endfacet
  facet normal 0.906321 0.422589 0
    outer loop
      vertex -54.2889 45.8029 0
      vertex -54.0311 45.25 9
      vertex -54.0311 45.25 0
    endloop
  endfacet
  facet normal 0.573506 -0.819201 0
    outer loop
      vertex -53.2498 49.6812 0
      vertex -52.75 50.0311 9
      vertex -53.2498 49.6812 9
    endloop
  endfacet
  facet normal 0.573506 -0.819201 0
    outer loop
      vertex -52.75 50.0311 9
      vertex -53.2498 49.6812 0
      vertex -52.75 50.0311 0
    endloop
  endfacet
  facet normal 0.906321 -0.422589 0
    outer loop
      vertex -54.2889 48.1971 9
      vertex -54.0311 48.75 0
      vertex -54.0311 48.75 9
    endloop
  endfacet
  facet normal 0.906321 -0.422589 0
    outer loop
      vertex -54.0311 48.75 0
      vertex -54.2889 48.1971 9
      vertex -54.2889 48.1971 0
    endloop
  endfacet
  facet normal -0.0871954 -0.996191 0
    outer loop
      vertex -51 50.5 0
      vertex -50.3922 50.4468 9
      vertex -51 50.5 9
    endloop
  endfacet
  facet normal -0.0871954 -0.996191 -0
    outer loop
      vertex -50.3922 50.4468 9
      vertex -51 50.5 0
      vertex -50.3922 50.4468 0
    endloop
  endfacet
  facet normal -0.996191 0.0871954 0
    outer loop
      vertex -47.5532 46.3922 0
      vertex -47.5 47 9
      vertex -47.5 47 0
    endloop
  endfacet
  facet normal -0.996191 0.0871954 0
    outer loop
      vertex -47.5 47 9
      vertex -47.5532 46.3922 0
      vertex -47.5532 46.3922 9
    endloop
  endfacet
  facet normal 0.707107 0.707107 0
    outer loop
      vertex -53.2498 44.3188 9
      vertex -53.6812 44.7502 0
      vertex -53.6812 44.7502 9
    endloop
  endfacet
  facet normal 0.707107 0.707107 0
    outer loop
      vertex -53.6812 44.7502 0
      vertex -53.2498 44.3188 9
      vertex -53.2498 44.3188 0
    endloop
  endfacet
  facet normal -0.965927 0.258815 0
    outer loop
      vertex -47.7111 45.8029 0
      vertex -47.5532 46.3922 9
      vertex -47.5532 46.3922 0
    endloop
  endfacet
  facet normal -0.965927 0.258815 0
    outer loop
      vertex -47.5532 46.3922 9
      vertex -47.7111 45.8029 0
      vertex -47.7111 45.8029 9
    endloop
  endfacet
  facet normal -0.573506 0.819201 0
    outer loop
      vertex -48.7502 44.3188 0
      vertex -49.25 43.9689 9
      vertex -48.7502 44.3188 9
    endloop
  endfacet
  facet normal -0.573506 0.819201 0
    outer loop
      vertex -49.25 43.9689 9
      vertex -48.7502 44.3188 0
      vertex -49.25 43.9689 0
    endloop
  endfacet
  facet normal -0.906321 0.422589 0
    outer loop
      vertex -47.9689 45.25 0
      vertex -47.7111 45.8029 9
      vertex -47.7111 45.8029 0
    endloop
  endfacet
  facet normal -0.906321 0.422589 0
    outer loop
      vertex -47.7111 45.8029 9
      vertex -47.9689 45.25 0
      vertex -47.9689 45.25 9
    endloop
  endfacet
  facet normal 0.258815 -0.965927 0
    outer loop
      vertex -52.1971 50.2889 0
      vertex -51.6078 50.4468 9
      vertex -52.1971 50.2889 9
    endloop
  endfacet
  facet normal 0.258815 -0.965927 0
    outer loop
      vertex -51.6078 50.4468 9
      vertex -52.1971 50.2889 0
      vertex -51.6078 50.4468 0
    endloop
  endfacet
  facet normal 0.422589 -0.906321 0
    outer loop
      vertex -52.75 50.0311 0
      vertex -52.1971 50.2889 9
      vertex -52.75 50.0311 9
    endloop
  endfacet
  facet normal 0.422589 -0.906321 0
    outer loop
      vertex -52.1971 50.2889 9
      vertex -52.75 50.0311 0
      vertex -52.1971 50.2889 0
    endloop
  endfacet
  facet normal 0.573506 0.819201 -0
    outer loop
      vertex -52.75 43.9689 0
      vertex -53.2498 44.3188 9
      vertex -52.75 43.9689 9
    endloop
  endfacet
  facet normal 0.573506 0.819201 0
    outer loop
      vertex -53.2498 44.3188 9
      vertex -52.75 43.9689 0
      vertex -53.2498 44.3188 0
    endloop
  endfacet
  facet normal -0.707107 -0.707107 0
    outer loop
      vertex -48.3188 49.2498 0
      vertex -48.7502 49.6812 9
      vertex -48.7502 49.6812 0
    endloop
  endfacet
  facet normal -0.707107 -0.707107 0
    outer loop
      vertex -48.7502 49.6812 9
      vertex -48.3188 49.2498 0
      vertex -48.3188 49.2498 9
    endloop
  endfacet
  facet normal 0.996191 0.0871954 0
    outer loop
      vertex -54.4468 46.3922 9
      vertex -54.5 47 0
      vertex -54.5 47 9
    endloop
  endfacet
  facet normal 0.996191 0.0871954 0
    outer loop
      vertex -54.5 47 0
      vertex -54.4468 46.3922 9
      vertex -54.4468 46.3922 0
    endloop
  endfacet
  facet normal 0.965927 0.258815 0
    outer loop
      vertex -54.2889 45.8029 9
      vertex -54.4468 46.3922 0
      vertex -54.4468 46.3922 9
    endloop
  endfacet
  facet normal 0.965927 0.258815 0
    outer loop
      vertex -54.4468 46.3922 0
      vertex -54.2889 45.8029 9
      vertex -54.2889 45.8029 0
    endloop
  endfacet
  facet normal 0.819201 0.573506 0
    outer loop
      vertex -53.6812 44.7502 9
      vertex -54.0311 45.25 0
      vertex -54.0311 45.25 9
    endloop
  endfacet
  facet normal 0.819201 0.573506 0
    outer loop
      vertex -54.0311 45.25 0
      vertex -53.6812 44.7502 9
      vertex -53.6812 44.7502 0
    endloop
  endfacet
  facet normal 0.258815 0.965927 -0
    outer loop
      vertex -51.6078 43.5532 0
      vertex -52.1971 43.7111 9
      vertex -51.6078 43.5532 9
    endloop
  endfacet
  facet normal 0.258815 0.965927 0
    outer loop
      vertex -52.1971 43.7111 9
      vertex -51.6078 43.5532 0
      vertex -52.1971 43.7111 0
    endloop
  endfacet
  facet normal 0.965927 -0.258815 0
    outer loop
      vertex -54.4468 47.6078 9
      vertex -54.2889 48.1971 0
      vertex -54.2889 48.1971 9
    endloop
  endfacet
  facet normal 0.965927 -0.258815 0
    outer loop
      vertex -54.2889 48.1971 0
      vertex -54.4468 47.6078 9
      vertex -54.4468 47.6078 0
    endloop
  endfacet
  facet normal 0.707107 -0.707107 0
    outer loop
      vertex -53.6812 49.2498 9
      vertex -53.2498 49.6812 0
      vertex -53.2498 49.6812 9
    endloop
  endfacet
  facet normal 0.707107 -0.707107 0
    outer loop
      vertex -53.2498 49.6812 0
      vertex -53.6812 49.2498 9
      vertex -53.6812 49.2498 0
    endloop
  endfacet
  facet normal 0.996191 -0.0871954 0
    outer loop
      vertex -54.5 47 9
      vertex -54.4468 47.6078 0
      vertex -54.4468 47.6078 9
    endloop
  endfacet
  facet normal 0.996191 -0.0871954 0
    outer loop
      vertex -54.4468 47.6078 0
      vertex -54.5 47 9
      vertex -54.5 47 0
    endloop
  endfacet
  facet normal 0.0871954 -0.996191 0
    outer loop
      vertex -51.6078 50.4468 0
      vertex -51 50.5 9
      vertex -51.6078 50.4468 9
    endloop
  endfacet
  facet normal 0.0871954 -0.996191 0
    outer loop
      vertex -51 50.5 9
      vertex -51.6078 50.4468 0
      vertex -51 50.5 0
    endloop
  endfacet
  facet normal 0.0871954 0.996191 -0
    outer loop
      vertex -51 43.5 0
      vertex -51.6078 43.5532 9
      vertex -51 43.5 9
    endloop
  endfacet
  facet normal 0.0871954 0.996191 0
    outer loop
      vertex -51.6078 43.5532 9
      vertex -51 43.5 0
      vertex -51.6078 43.5532 0
    endloop
  endfacet
  facet normal -0.977134 0.212624 0
    outer loop
      vertex -8.82172 63.2847 14
      vertex -8.82716 63.2597 27.5249
      vertex -8.82172 63.2847 27.5
    endloop
  endfacet
  facet normal -0.977219 0.212232 -7.58921e-07
    outer loop
      vertex -8.82172 63.2847 14
      vertex -8.83702 63.2143 27.5694
      vertex -8.82716 63.2597 27.5249
    endloop
  endfacet
  facet normal -0.977197 0.212335 -2.03464e-07
    outer loop
      vertex -11.7387 49.8603 14
      vertex -8.83702 63.2143 27.5694
      vertex -8.82172 63.2847 14
    endloop
  endfacet
  facet normal -0.977165 0.212481 -0.000150636
    outer loop
      vertex -8.83702 63.2143 27.5694
      vertex -11.7387 49.8603 14
      vertex -8.84246 63.1893 27.5944
    endloop
  endfacet
  facet normal -0.977182 0.212405 -7.35355e-05
    outer loop
      vertex -8.84246 63.1893 27.5944
      vertex -11.7387 49.8603 14
      vertex -8.85231 63.144 27.6389
    endloop
  endfacet
  facet normal -0.977172 0.212448 -0.000116799
    outer loop
      vertex -8.85231 63.144 27.6389
      vertex -11.7387 49.8603 14
      vertex -8.85777 63.1189 27.6639
    endloop
  endfacet
  facet normal -0.977227 0.212194 0.000140873
    outer loop
      vertex -8.85777 63.1189 27.6639
      vertex -11.7387 49.8603 14
      vertex -8.8676 63.0736 27.7083
    endloop
  endfacet
  facet normal -0.97722 0.212227 0.000108198
    outer loop
      vertex -8.8676 63.0736 27.7083
      vertex -11.7387 49.8603 14
      vertex -8.87307 63.0484 27.7334
    endloop
  endfacet
  facet normal -0.9772 0.212319 1.56621e-05
    outer loop
      vertex -8.87307 63.0484 27.7334
      vertex -11.7387 49.8603 14
      vertex -8.88289 63.0032 27.7778
    endloop
  endfacet
  facet normal -0.977138 0.212606 -0.000271469
    outer loop
      vertex -8.88289 63.0032 27.7778
      vertex -11.7387 49.8603 14
      vertex -8.88838 62.978 27.8029
    endloop
  endfacet
  facet normal -0.977197 0.212337 -3.27024e-06
    outer loop
      vertex -8.88838 62.978 27.8029
      vertex -11.7387 49.8603 14
      vertex -8.89818 62.9329 27.8472
    endloop
  endfacet
  facet normal -0.977187 0.212383 -4.90833e-05
    outer loop
      vertex -8.89818 62.9329 27.8472
      vertex -11.7387 49.8603 14
      vertex -8.90368 62.9076 27.8724
    endloop
  endfacet
  facet normal -0.97722 0.212229 0.00010257
    outer loop
      vertex -8.90368 62.9076 27.8724
      vertex -11.7387 49.8603 14
      vertex -8.91347 62.8625 27.9167
    endloop
  endfacet
  facet normal -0.977235 0.21216 0.000170328
    outer loop
      vertex -8.91347 62.8625 27.9167
      vertex -11.7387 49.8603 14
      vertex -8.91898 62.8371 27.9419
    endloop
  endfacet
  facet normal -0.977192 0.212356 -2.09147e-05
    outer loop
      vertex -8.91898 62.8371 27.9419
      vertex -11.7387 49.8603 14
      vertex -8.92876 62.7921 27.9861
    endloop
  endfacet
  facet normal -0.977152 0.212542 -0.000201006
    outer loop
      vertex -8.92876 62.7921 27.9861
      vertex -11.7387 49.8603 14
      vertex -8.93429 62.7667 28.0114
    endloop
  endfacet
  facet normal -0.97724 0.212138 0.000188768
    outer loop
      vertex -8.93429 62.7667 28.0114
      vertex -11.7387 49.8603 14
      vertex -8.94405 62.7217 28.0556
    endloop
  endfacet
  facet normal -0.97711 0.212735 -0.000383805
    outer loop
      vertex -8.94405 62.7217 28.0556
      vertex -11.7387 49.8603 14
      vertex -8.94959 62.6963 28.0809
    endloop
  endfacet
  facet normal -0.977212 0.212265 6.52717e-05
    outer loop
      vertex -8.94959 62.6963 28.0809
      vertex -11.7387 49.8603 14
      vertex -8.95934 62.6514 28.125
    endloop
  endfacet
  facet normal -0.97725 0.212092 0.000229205
    outer loop
      vertex -8.95934 62.6514 28.125
      vertex -11.7387 49.8603 14
      vertex -8.96489 62.6258 28.1504
    endloop
  endfacet
  facet normal -0.977184 0.212395 -5.66244e-05
    outer loop
      vertex -8.96489 62.6258 28.1504
      vertex -11.7387 49.8603 14
      vertex -8.97463 62.581 28.1944
    endloop
  endfacet
  facet normal -0.977166 0.212477 -0.000133708
    outer loop
      vertex -8.97463 62.581 28.1944
      vertex -11.7387 49.8603 14
      vertex -8.9802 62.5554 28.2199
    endloop
  endfacet
  facet normal -0.97718 0.212414 -7.48071e-05
    outer loop
      vertex -8.9802 62.5554 28.2199
      vertex -11.7387 49.8603 14
      vertex -8.98992 62.5107 28.2639
    endloop
  endfacet
  facet normal -0.977215 0.21225 7.71572e-05
    outer loop
      vertex -8.98992 62.5107 28.2639
      vertex -11.7387 49.8603 14
      vertex -8.9955 62.485 28.2894
    endloop
  endfacet
  facet normal -0.977204 0.212302 2.88363e-05
    outer loop
      vertex -8.9955 62.485 28.2894
      vertex -11.7387 49.8603 14
      vertex -9.00521 62.4403 28.3333
    endloop
  endfacet
  facet normal -0.977173 0.212444 -0.000101207
    outer loop
      vertex -9.00521 62.4403 28.3333
      vertex -11.7387 49.8603 14
      vertex -9.0108 62.4146 28.3589
    endloop
  endfacet
  facet normal -0.977228 0.21219 0.000131408
    outer loop
      vertex -9.0108 62.4146 28.3589
      vertex -11.7387 49.8603 14
      vertex -9.0205 62.3699 28.4028
    endloop
  endfacet
  facet normal -0.977131 0.212639 -0.00027743
    outer loop
      vertex -9.0205 62.3699 28.4028
      vertex -11.7387 49.8603 14
      vertex -9.0261 62.3442 28.4284
    endloop
  endfacet
  facet normal -0.9772 0.212321 1.06471e-05
    outer loop
      vertex -9.0261 62.3442 28.4284
      vertex -11.7387 49.8603 14
      vertex -9.03579 62.2996 28.4722
    endloop
  endfacet
  facet normal -0.977272 0.211988 0.000310827
    outer loop
      vertex -9.03579 62.2996 28.4722
      vertex -11.7387 49.8603 14
      vertex -9.0414 62.2737 28.4979
    endloop
  endfacet
  facet normal -0.977195 0.212342 -6.35209e-06
    outer loop
      vertex -9.0414 62.2737 28.4979
      vertex -11.7387 49.8603 14
      vertex -9.05107 62.2292 28.5417
    endloop
  endfacet
  facet normal -0.977188 0.212378 -3.83975e-05
    outer loop
      vertex -9.05107 62.2292 28.5417
      vertex -11.7387 49.8603 14
      vertex -9.0567 62.2033 28.5674
    endloop
  endfacet
  facet normal -0.977166 0.212476 -0.000125694
    outer loop
      vertex -9.0567 62.2033 28.5674
      vertex -11.7387 49.8603 14
      vertex -9.06636 62.1589 28.6111
    endloop
  endfacet
  facet normal -0.977238 0.212148 0.000163626
    outer loop
      vertex -9.06636 62.1589 28.6111
      vertex -11.7387 49.8603 14
      vertex -9.072 62.1329 28.6369
    endloop
  endfacet
  facet normal -0.977191 0.212361 -2.3981e-05
    outer loop
      vertex -9.072 62.1329 28.6369
      vertex -11.7387 49.8603 14
      vertex -9.08165 62.0885 28.6806
    endloop
  endfacet
  facet normal -0.977195 0.212344 -8.45185e-06
    outer loop
      vertex -9.08165 62.0885 28.6806
      vertex -11.7387 49.8603 14
      vertex -9.0873 62.0625 28.7064
    endloop
  endfacet
  facet normal -0.977162 0.212498 -0.000142167
    outer loop
      vertex -9.0873 62.0625 28.7064
      vertex -11.7387 49.8603 14
      vertex -9.09694 62.0182 28.75
    endloop
  endfacet
  facet normal -0.977245 0.212112 0.000190212
    outer loop
      vertex -9.09694 62.0182 28.75
      vertex -11.7387 49.8603 14
      vertex -9.1026 61.9921 28.7759
    endloop
  endfacet
  facet normal -0.977212 0.212265 5.89432e-05
    outer loop
      vertex -9.1026 61.9921 28.7759
      vertex -11.7387 49.8603 14
      vertex -9.11222 61.9478 28.8194
    endloop
  endfacet
  facet normal -0.97716 0.212507 -0.000147313
    outer loop
      vertex -9.11222 61.9478 28.8194
      vertex -11.7387 49.8603 14
      vertex -9.1179 61.9217 28.8455
    endloop
  endfacet
  facet normal -0.977182 0.212402 -5.85612e-05
    outer loop
      vertex -9.1179 61.9217 28.8455
      vertex -11.7387 49.8603 14
      vertex -9.12751 61.8775 28.8889
    endloop
  endfacet
  facet normal -0.977197 0.212333 0
    outer loop
      vertex -11.7387 49.8603 30
      vertex -9.12751 61.8775 28.8889
      vertex -11.7387 49.8603 14
    endloop
  endfacet
  facet normal -0.977195 0.212344 0.000121266
    outer loop
      vertex -9.12751 61.8775 28.8889
      vertex -11.7387 49.8603 30
      vertex -9.1332 61.8513 28.915
    endloop
  endfacet
  facet normal -0.977191 0.212364 0.000351289
    outer loop
      vertex -9.1332 61.8513 28.915
      vertex -11.7387 49.8603 30
      vertex -9.14279 61.8071 28.9583
    endloop
  endfacet
  facet normal -0.977209 0.212276 -0.000695629
    outer loop
      vertex -9.14279 61.8071 28.9583
      vertex -11.7387 49.8603 30
      vertex -9.1485 61.7809 28.9845
    endloop
  endfacet
  facet normal -0.977196 0.212338 5.90242e-05
    outer loop
      vertex -9.1485 61.7809 28.9845
      vertex -11.7387 49.8603 30
      vertex -9.15808 61.7368 29.0278
    endloop
  endfacet
  facet normal -0.977186 0.212385 0.000666708
    outer loop
      vertex -9.15808 61.7368 29.0278
      vertex -11.7387 49.8603 30
      vertex -9.1638 61.7104 29.054
    endloop
  endfacet
  facet normal -0.977197 0.212336 1.79606e-05
    outer loop
      vertex -9.1638 61.7104 29.054
      vertex -11.7387 49.8603 30
      vertex -9.17336 61.6664 29.0972
    endloop
  endfacet
  facet normal -0.977199 0.212324 -0.000143301
    outer loop
      vertex -9.17336 61.6664 29.0972
      vertex -11.7387 49.8603 30
      vertex -9.1791 61.64 29.1235
    endloop
  endfacet
  facet normal -0.977201 0.212315 -0.000269424
    outer loop
      vertex -9.1791 61.64 29.1235
      vertex -11.7387 49.8603 30
      vertex -9.18865 61.5961 29.1667
    endloop
  endfacet
  facet normal -0.977192 0.212355 0.000325567
    outer loop
      vertex -9.18865 61.5961 29.1667
      vertex -11.7387 49.8603 30
      vertex -9.1944 61.5696 29.193
    endloop
  endfacet
  facet normal -0.977194 0.212348 0.000218955
    outer loop
      vertex -9.1944 61.5696 29.193
      vertex -11.7387 49.8603 30
      vertex -9.20393 61.5257 29.2361
    endloop
  endfacet
  facet normal -0.977198 0.21233 -7.23381e-05
    outer loop
      vertex -9.20393 61.5257 29.2361
      vertex -11.7387 49.8603 30
      vertex -9.20969 61.4992 29.2625
    endloop
  endfacet
  facet normal -0.977201 0.212316 -0.000308315
    outer loop
      vertex -9.20969 61.4992 29.2625
      vertex -11.7387 49.8603 30
      vertex -9.21922 61.4554 29.3056
    endloop
  endfacet
  facet normal -0.977192 0.212356 0.000388788
    outer loop
      vertex -9.21922 61.4554 29.3056
      vertex -11.7387 49.8603 30
      vertex -9.22499 61.4288 29.332
    endloop
  endfacet
  facet normal -0.977201 0.212315 -0.000349156
    outer loop
      vertex -9.22499 61.4288 29.332
      vertex -11.7387 49.8603 30
      vertex -9.2345 61.3851 29.375
    endloop
  endfacet
  facet normal -0.977192 0.212357 0.000452003
    outer loop
      vertex -9.2345 61.3851 29.375
      vertex -11.7387 49.8603 30
      vertex -9.24029 61.3584 29.4015
    endloop
  endfacet
  facet normal -0.977196 0.212341 0.000132941
    outer loop
      vertex -9.24029 61.3584 29.4015
      vertex -11.7387 49.8603 30
      vertex -9.24978 61.3147 29.4444
    endloop
  endfacet
  facet normal -0.977196 0.212337 6.28556e-05
    outer loop
      vertex -9.24978 61.3147 29.4444
      vertex -11.7387 49.8603 30
      vertex -9.25558 61.288 29.471
    endloop
  endfacet
  facet normal -0.977201 0.212318 -0.000386629
    outer loop
      vertex -9.25558 61.288 29.471
      vertex -11.7387 49.8603 30
      vertex -9.26507 61.2444 29.5139
    endloop
  endfacet
  facet normal -0.977193 0.212354 0.000511419
    outer loop
      vertex -9.26507 61.2444 29.5139
      vertex -11.7387 49.8603 30
      vertex -9.27088 61.2176 29.5405
    endloop
  endfacet
  facet normal -0.977201 0.212318 -0.000426562
    outer loop
      vertex -9.27088 61.2176 29.5405
      vertex -11.7387 49.8603 30
      vertex -9.28035 61.1741 29.5833
    endloop
  endfacet
  facet normal -0.977193 0.212353 0.000571666
    outer loop
      vertex -9.28035 61.1741 29.5833
      vertex -11.7387 49.8603 30
      vertex -9.28618 61.1472 29.61
    endloop
  endfacet
  facet normal -0.977197 0.212336 4.90889e-05
    outer loop
      vertex -9.28618 61.1472 29.61
      vertex -11.7387 49.8603 30
      vertex -9.29563 61.1037 29.6528
    endloop
  endfacet
  facet normal -0.977201 0.212316 -0.000628795
    outer loop
      vertex -9.29563 61.1037 29.6528
      vertex -11.7387 49.8603 30
      vertex -9.30147 61.0769 29.6795
    endloop
  endfacet
  facet normal -0.977196 0.212341 0.000283279
    outer loop
      vertex -9.30147 61.0769 29.6795
      vertex -11.7387 49.8603 30
      vertex -9.31091 61.0334 29.7222
    endloop
  endfacet
  facet normal -0.9772 0.212321 -0.000558323
    outer loop
      vertex -9.31091 61.0334 29.7222
      vertex -11.7387 49.8603 30
      vertex -9.31677 61.0065 29.749
    endloop
  endfacet
  facet normal -0.977196 0.212338 0.000240718
    outer loop
      vertex -9.31677 61.0065 29.749
      vertex -11.7387 49.8603 30
      vertex -9.32619 60.9631 29.7917
    endloop
  endfacet
  facet normal -0.977198 0.212332 -0.000119387
    outer loop
      vertex -9.32619 60.9631 29.7917
      vertex -11.7387 49.8603 30
      vertex -9.33206 60.9361 29.8185
    endloop
  endfacet
  facet normal -0.977196 0.212337 0.000240407
    outer loop
      vertex -9.33206 60.9361 29.8185
      vertex -11.7387 49.8603 30
      vertex -9.34148 60.8927 29.8611
    endloop
  endfacet
  facet normal -0.977198 0.212328 -0.000485469
    outer loop
      vertex -9.34148 60.8927 29.8611
      vertex -11.7387 49.8603 30
      vertex -9.34736 60.8657 29.888
    endloop
  endfacet
  facet normal -0.977197 0.212335 0.000198527
    outer loop
      vertex -9.34736 60.8657 29.888
      vertex -11.7387 49.8603 30
      vertex -9.35676 60.8224 29.9306
    endloop
  endfacet
  facet normal -0.977197 0.212334 -5.38114e-05
    outer loop
      vertex -9.35676 60.8224 29.9306
      vertex -11.7387 49.8603 30
      vertex -9.36265 60.7953 29.9576
    endloop
  endfacet
  facet normal -0.977197 0.212333 -7.25578e-05
    outer loop
      vertex -9.36265 60.7953 29.9576
      vertex -11.7387 49.8603 30
      vertex -9.37204 60.7521 30
    endloop
  endfacet
  facet normal 0.968909 0.245415 -0.0314162
    outer loop
      vertex -22.2613 49.8603 14
      vertex -24.9033 62.0192 27.5
      vertex -24.9031 62.0185 27.5007
    endloop
  endfacet
  facet normal 0.977276 0.211971 0.000339254
    outer loop
      vertex -22.2613 49.8603 14
      vertex -24.9031 62.0185 27.5007
      vertex -24.8887 61.952 27.5694
    endloop
  endfacet
  facet normal 0.981745 0.188956 0.0217132
    outer loop
      vertex -22.2613 49.8603 14
      vertex -24.8887 61.952 27.5694
      vertex -24.8886 61.9514 27.5701
    endloop
  endfacet
  facet normal 0.977117 0.212703 -0.000341147
    outer loop
      vertex -22.2613 49.8603 14
      vertex -24.8886 61.9514 27.5701
      vertex -24.8741 61.8849 27.6389
    endloop
  endfacet
  facet normal 0.98399 0.174886 0.0343161
    outer loop
      vertex -22.2613 49.8603 14
      vertex -24.8741 61.8849 27.6389
      vertex -24.874 61.8842 27.6396
    endloop
  endfacet
  facet normal 0.977116 0.212705 -0.000339411
    outer loop
      vertex -22.2613 49.8603 14
      vertex -24.874 61.8842 27.6396
      vertex -24.8595 61.8177 27.7083
    endloop
  endfacet
  facet normal 0.9818 0.188701 0.0214864
    outer loop
      vertex -22.2613 49.8603 14
      vertex -24.8595 61.8177 27.7083
      vertex -24.8594 61.8171 27.709
    endloop
  endfacet
  facet normal 0.977116 0.212706 -0.00033802
    outer loop
      vertex -22.2613 49.8603 14
      vertex -24.8594 61.8171 27.709
      vertex -24.8449 61.7506 27.7778
    endloop
  endfacet
  facet normal 0.984071 0.17451 0.0339288
    outer loop
      vertex -22.2613 49.8603 14
      vertex -24.8449 61.7506 27.7778
      vertex -24.8448 61.7499 27.7785
    endloop
  endfacet
  facet normal 0.977116 0.212708 -0.000336279
    outer loop
      vertex -22.2613 49.8603 14
      vertex -24.8448 61.7499 27.7785
      vertex -24.8303 61.6834 27.8472
    endloop
  endfacet
  facet normal 0.98411 0.174323 0.0337356
    outer loop
      vertex -22.2613 49.8603 14
      vertex -24.8303 61.6834 27.8472
      vertex -24.8302 61.6827 27.8479
    endloop
  endfacet
  facet normal 0.97708 0.212872 -0.00047918
    outer loop
      vertex -22.2613 49.8603 14
      vertex -24.8302 61.6827 27.8479
      vertex -24.8157 61.6163 27.9167
    endloop
  endfacet
  facet normal 0.98415 0.174135 0.0335416
    outer loop
      vertex -22.2613 49.8603 14
      vertex -24.8157 61.6163 27.9167
      vertex -24.8156 61.6156 27.9174
    endloop
  endfacet
  facet normal 0.977115 0.212711 -0.000333148
    outer loop
      vertex -22.2613 49.8603 14
      vertex -24.8156 61.6156 27.9174
      vertex -24.8011 61.5491 27.9861
    endloop
  endfacet
  facet normal 0.98419 0.173947 0.0333484
    outer loop
      vertex -22.2613 49.8603 14
      vertex -24.8011 61.5491 27.9861
      vertex -24.801 61.5484 27.9868
    endloop
  endfacet
  facet normal 0.977243 0.212124 0.000184659
    outer loop
      vertex -22.2613 49.8603 14
      vertex -24.801 61.5484 27.9868
      vertex -24.7866 61.482 28.0556
    endloop
  endfacet
  facet normal 0.968615 0.246751 -0.0299965
    outer loop
      vertex -22.2613 49.8603 14
      vertex -24.7866 61.482 28.0556
      vertex -24.7864 61.4813 28.0563
    endloop
  endfacet
  facet normal 0.977279 0.211957 0.000325223
    outer loop
      vertex -22.2613 49.8603 14
      vertex -24.7864 61.4813 28.0563
      vertex -24.772 61.4148 28.125
    endloop
  endfacet
  facet normal 0.968578 0.246917 -0.0298193
    outer loop
      vertex -22.2613 49.8603 14
      vertex -24.772 61.4148 28.125
      vertex -24.7718 61.4141 28.1257
    endloop
  endfacet
  facet normal 0.977243 0.212121 0.000181985
    outer loop
      vertex -22.2613 49.8603 14
      vertex -24.7718 61.4141 28.1257
      vertex -24.7574 61.3477 28.1944
    endloop
  endfacet
  facet normal 0.969115 0.245028 -0.0278792
    outer loop
      vertex -22.2613 49.8603 14
      vertex -24.7574 61.3477 28.1944
      vertex -24.7572 61.347 28.1952
    endloop
  endfacet
  facet normal 0.97728 0.211953 0.000320778
    outer loop
      vertex -22.2613 49.8603 14
      vertex -24.7572 61.347 28.1952
      vertex -24.7428 61.2805 28.2639
    endloop
  endfacet
  facet normal 0.968504 0.24725 -0.0294658
    outer loop
      vertex -22.2613 49.8603 14
      vertex -24.7428 61.2805 28.2639
      vertex -24.7426 61.2798 28.2646
    endloop
  endfacet
  facet normal 0.977244 0.212118 0.000179186
    outer loop
      vertex -22.2613 49.8603 14
      vertex -24.7426 61.2798 28.2646
      vertex -24.7282 61.2134 28.3333
    endloop
  endfacet
  facet normal 0.973267 0.229245 -0.0140715
    outer loop
      vertex -22.2613 49.8603 14
      vertex -24.7282 61.2134 28.3333
      vertex -24.728 61.2126 28.3341
    endloop
  endfacet
  facet normal 0.977244 0.212117 0.000178193
    outer loop
      vertex -22.2613 49.8603 14
      vertex -24.728 61.2126 28.3341
      vertex -24.7136 61.1462 28.4028
    endloop
  endfacet
  facet normal 0.96843 0.247582 -0.0291125
    outer loop
      vertex -22.2613 49.8603 14
      vertex -24.7136 61.1462 28.4028
      vertex -24.7134 61.1455 28.4035
    endloop
  endfacet
  facet normal 0.977281 0.211947 0.000314517
    outer loop
      vertex -22.2613 49.8603 14
      vertex -24.7134 61.1455 28.4035
      vertex -24.699 61.079 28.4722
    endloop
  endfacet
  facet normal 0.968963 0.245701 -0.0272525
    outer loop
      vertex -22.2613 49.8603 14
      vertex -24.699 61.079 28.4722
      vertex -24.6988 61.0783 28.473
    endloop
  endfacet
  facet normal 0.977185 0.212389 0.000453782
    outer loop
      vertex -22.2613 49.8603 30
      vertex -24.6988 61.0783 28.473
      vertex -24.6844 61.0119 28.5417
    endloop
  endfacet
  facet normal 0.971498 0.221972 0.0831871
    outer loop
      vertex -22.2613 49.8603 30
      vertex -24.6844 61.0119 28.5417
      vertex -24.6843 61.0112 28.5424
    endloop
  endfacet
  facet normal 0.977218 0.212235 -0.000815716
    outer loop
      vertex -22.2613 49.8603 30
      vertex -24.6843 61.0112 28.5424
      vertex -24.6698 60.9447 28.6111
    endloop
  endfacet
  facet normal 0.972833 0.220301 0.071159
    outer loop
      vertex -22.2613 49.8603 30
      vertex -24.6698 60.9447 28.6111
      vertex -24.6697 60.944 28.6119
    endloop
  endfacet
  facet normal 0.977226 0.212198 -0.00116209
    outer loop
      vertex -22.2613 49.8603 30
      vertex -24.6697 60.944 28.6119
      vertex -24.6552 60.8776 28.6806
    endloop
  endfacet
  facet normal 0.971806 0.221 0.0821705
    outer loop
      vertex -22.2613 49.8603 30
      vertex -24.6552 60.8776 28.6806
      vertex -24.6551 60.8769 28.6813
    endloop
  endfacet
  facet normal 0.977217 0.212243 -0.000807597
    outer loop
      vertex -22.2613 49.8603 30
      vertex -24.6551 60.8769 28.6813
      vertex -24.6406 60.8104 28.75
    endloop
  endfacet
  facet normal 0.973075 0.219472 0.0704038
    outer loop
      vertex -22.2613 49.8603 30
      vertex -24.6406 60.8104 28.75
      vertex -24.6405 60.8097 28.7508
    endloop
  endfacet
  facet normal 0.977223 0.21221 -0.00115161
    outer loop
      vertex -22.2613 49.8603 30
      vertex -24.6405 60.8097 28.7508
      vertex -24.626 60.7433 28.8194
    endloop
  endfacet
  facet normal 0.969945 0.221645 0.100402
    outer loop
      vertex -22.2613 49.8603 30
      vertex -24.626 60.7433 28.8194
      vertex -24.6259 60.7425 28.8202
    endloop
  endfacet
  facet normal 0.977187 0.212382 0.000446435
    outer loop
      vertex -22.2613 49.8603 30
      vertex -24.6259 60.7425 28.8202
      vertex -24.6115 60.6761 28.8889
    endloop
  endfacet
  facet normal 0.976527 0.205594 -0.0642373
    outer loop
      vertex -22.2613 49.8603 30
      vertex -24.6115 60.6761 28.8889
      vertex -24.6113 60.6754 28.8897
    endloop
  endfacet
  facet normal 0.977188 0.212377 0.000442474
    outer loop
      vertex -22.2613 49.8603 30
      vertex -24.6113 60.6754 28.8897
      vertex -24.5969 60.609 28.9583
    endloop
  endfacet
  facet normal 0.977291 0.208926 -0.0353962
    outer loop
      vertex -22.2613 49.8603 30
      vertex -24.5969 60.609 28.9583
      vertex -24.5967 60.6082 28.9591
    endloop
  endfacet
  facet normal 0.977188 0.212375 0.000439196
    outer loop
      vertex -22.2613 49.8603 30
      vertex -24.5967 60.6082 28.9591
      vertex -24.5823 60.5418 29.0278
    endloop
  endfacet
  facet normal 0.976407 0.206384 -0.0635158
    outer loop
      vertex -22.2613 49.8603 30
      vertex -24.5823 60.5418 29.0278
      vertex -24.5821 60.5411 29.0286
    endloop
  endfacet
  facet normal 0.977189 0.21237 0.000435215
    outer loop
      vertex -22.2613 49.8603 30
      vertex -24.5821 60.5411 29.0286
      vertex -24.5677 60.4747 29.0972
    endloop
  endfacet
  facet normal 0.977213 0.209367 -0.0349364
    outer loop
      vertex -22.2613 49.8603 30
      vertex -24.5677 60.4747 29.0972
      vertex -24.5675 60.4739 29.098
    endloop
  endfacet
  facet normal 0.97719 0.212368 0.000431956
    outer loop
      vertex -22.2613 49.8603 30
      vertex -24.5675 60.4739 29.098
      vertex -24.5531 60.4075 29.1667
    endloop
  endfacet
  facet normal 0.977174 0.209588 -0.0347054
    outer loop
      vertex -22.2613 49.8603 30
      vertex -24.5531 60.4075 29.1667
      vertex -24.5529 60.4067 29.1675
    endloop
  endfacet
  facet normal 0.977196 0.21234 9.49284e-05
    outer loop
      vertex -22.2613 49.8603 30
      vertex -24.5529 60.4067 29.1675
      vertex -24.5385 60.3404 29.2361
    endloop
  endfacet
  facet normal 0.977135 0.209807 -0.0344771
    outer loop
      vertex -22.2613 49.8603 30
      vertex -24.5385 60.3404 29.2361
      vertex -24.5383 60.3396 29.2369
    endloop
  endfacet
  facet normal 0.977191 0.21236 0.000424717
    outer loop
      vertex -22.2613 49.8603 30
      vertex -24.5383 60.3396 29.2369
      vertex -24.5239 60.2732 29.3056
    endloop
  endfacet
  facet normal 0.977096 0.210028 -0.0342464
    outer loop
      vertex -22.2613 49.8603 30
      vertex -24.5239 60.2732 29.3056
      vertex -24.5237 60.2724 29.3064
    endloop
  endfacet
  facet normal 0.977192 0.212358 0.000422807
    outer loop
      vertex -22.2613 49.8603 30
      vertex -24.5237 60.2724 29.3064
      vertex -24.5093 60.206 29.375
    endloop
  endfacet
  facet normal 0.976102 0.208368 -0.0617035
    outer loop
      vertex -22.2613 49.8603 30
      vertex -24.5093 60.206 29.375
      vertex -24.5091 60.2053 29.3758
    endloop
  endfacet
  facet normal 0.977193 0.212353 0.000418124
    outer loop
      vertex -22.2613 49.8603 30
      vertex -24.5091 60.2053 29.3758
      vertex -24.4947 60.1389 29.4444
    endloop
  endfacet
  facet normal 0.977096 0.210696 -0.0298468
    outer loop
      vertex -22.2613 49.8603 30
      vertex -24.4947 60.1389 29.4444
      vertex -24.4945 60.1381 29.4453
    endloop
  endfacet
  facet normal 0.977193 0.212351 0.000415548
    outer loop
      vertex -22.2613 49.8603 30
      vertex -24.4945 60.1381 29.4453
      vertex -24.4801 60.0717 29.5139
    endloop
  endfacet
  facet normal 0.971915 0.215667 0.0941779
    outer loop
      vertex -22.2613 49.8603 30
      vertex -24.4801 60.0717 29.5139
      vertex -24.48 60.0709 29.5147
    endloop
  endfacet
  facet normal 0.977209 0.212275 -0.00139487
    outer loop
      vertex -22.2613 49.8603 30
      vertex -24.48 60.0709 29.5147
      vertex -24.4655 60.0046 29.5833
    endloop
  endfacet
  facet normal 0.973127 0.214849 0.0828515
    outer loop
      vertex -22.2613 49.8603 30
      vertex -24.4655 60.0046 29.5833
      vertex -24.4654 60.0038 29.5842
    endloop
  endfacet
  facet normal 0.977205 0.212295 -0.00106535
    outer loop
      vertex -22.2613 49.8603 30
      vertex -24.4654 60.0038 29.5842
      vertex -24.4509 59.9374 29.6528
    endloop
  endfacet
  facet normal 0.9723 0.214468 0.0929303
    outer loop
      vertex -22.2613 49.8603 30
      vertex -24.4509 59.9374 29.6528
      vertex -24.4508 59.9366 29.6536
    endloop
  endfacet
  facet normal 0.977205 0.212292 -0.00137821
    outer loop
      vertex -22.2613 49.8603 30
      vertex -24.4508 59.9366 29.6536
      vertex -24.4363 59.8703 29.7222
    endloop
  endfacet
  facet normal 0.971074 0.21394 0.106043
    outer loop
      vertex -22.2613 49.8603 30
      vertex -24.4363 59.8703 29.7222
      vertex -24.4362 59.8694 29.7231
    endloop
  endfacet
  facet normal 0.977196 0.21234 9.48e-05
    outer loop
      vertex -22.2613 49.8603 30
      vertex -24.4362 59.8694 29.7231
      vertex -24.4218 59.8031 29.7917
    endloop
  endfacet
  facet normal 0.976818 0.211572 -0.0326325
    outer loop
      vertex -22.2613 49.8603 30
      vertex -24.4218 59.8031 29.7917
      vertex -24.4216 59.8023 29.7925
    endloop
  endfacet
  facet normal 0.977196 0.212337 9.22559e-05
    outer loop
      vertex -22.2613 49.8603 30
      vertex -24.4216 59.8023 29.7925
      vertex -24.4072 59.736 29.8611
    endloop
  endfacet
  facet normal 0.977198 0.212259 -0.00550837
    outer loop
      vertex -22.2613 49.8603 30
      vertex -24.4072 59.736 29.8611
      vertex -24.407 59.7351 29.8619
    endloop
  endfacet
  facet normal 0.977197 0.212337 9.1683e-05
    outer loop
      vertex -22.2613 49.8603 30
      vertex -24.407 59.7351 29.8619
      vertex -24.3926 59.6688 29.9306
    endloop
  endfacet
  facet normal 0.976738 0.212009 -0.0321757
    outer loop
      vertex -22.2613 49.8603 30
      vertex -24.3926 59.6688 29.9306
      vertex -24.3924 59.668 29.9314
    endloop
  endfacet
  facet normal 0.977197 0.212336 0.000400908
    outer loop
      vertex -22.2613 49.8603 30
      vertex -24.3924 59.668 29.9314
      vertex -24.378 59.6016 30
    endloop
  endfacet
  facet normal 0.977198 0.21233 0
    outer loop
      vertex -24.6988 61.0783 28.473
      vertex -22.2613 49.8603 30
      vertex -22.2613 49.8603 14
    endloop
  endfacet
  facet normal 0.977197 0.212335 0
    outer loop
      vertex -24.9033 62.0192 27.5
      vertex -22.2613 49.8603 14
      vertex -24.9033 62.0192 14
    endloop
  endfacet
  facet normal -0 0 1
    outer loop
      vertex -12.5778 50.7106 14
      vertex -11.7387 49.8603 14
      vertex -8.82172 63.2847 14
    endloop
  endfacet
  facet normal 0 0 1
    outer loop
      vertex -11.7387 49.8603 14
      vertex -12.546 50.6652 14
      vertex -12.0007 49.8864 14
    endloop
  endfacet
  facet normal 0 0 1
    outer loop
      vertex -11.7387 49.8603 14
      vertex -12.5778 50.7106 14
      vertex -12.546 50.6652 14
    endloop
  endfacet
  facet normal 0 0 1
    outer loop
      vertex -8.82172 63.2847 14
      vertex -13.2894 51.4222 14
      vertex -12.5778 50.7106 14
    endloop
  endfacet
  facet normal 0 0 1
    outer loop
      vertex -8.82172 63.2847 14
      vertex -13.3348 51.454 14
      vertex -13.2894 51.4222 14
    endloop
  endfacet
  facet normal 0 0 1
    outer loop
      vertex -8.82172 63.2847 14
      vertex -14.1136 51.9993 14
      vertex -13.3348 51.454 14
    endloop
  endfacet
  facet normal 0 0 1
    outer loop
      vertex -8.82172 63.2847 14
      vertex -14.9753 52.4011 14
      vertex -14.1136 51.9993 14
    endloop
  endfacet
  facet normal 0 0 1
    outer loop
      vertex -8.82172 63.2847 14
      vertex -15.0256 52.4246 14
      vertex -14.9753 52.4011 14
    endloop
  endfacet
  facet normal 0 0 1
    outer loop
      vertex -8.82172 63.2847 14
      vertex -15.0792 52.4389 14
      vertex -15.0256 52.4246 14
    endloop
  endfacet
  facet normal 0 0 1
    outer loop
      vertex -8.82172 63.2847 14
      vertex -15.9976 52.685 14
      vertex -15.0792 52.4389 14
    endloop
  endfacet
  facet normal 0 0 1
    outer loop
      vertex -8.82172 63.2847 14
      vertex -16.9447 52.7679 14
      vertex -15.9976 52.685 14
    endloop
  endfacet
  facet normal 0 0 1
    outer loop
      vertex -8.82172 63.2847 14
      vertex -17 52.7727 14
      vertex -16.9447 52.7679 14
    endloop
  endfacet
  facet normal -0 0 1
    outer loop
      vertex -24.6667 62 14
      vertex -17 52.7727 14
      vertex -8.82172 63.2847 14
    endloop
  endfacet
  facet normal 0 0 1
    outer loop
      vertex -17 52.7727 14
      vertex -24.6667 62 14
      vertex -17.0553 52.7679 14
    endloop
  endfacet
  facet normal 0 0 1
    outer loop
      vertex -17.0553 52.7679 14
      vertex -24.6667 62 14
      vertex -18.0024 52.685 14
    endloop
  endfacet
  facet normal 0 0 1
    outer loop
      vertex -18.0024 52.685 14
      vertex -24.6667 62 14
      vertex -18.9208 52.4389 14
    endloop
  endfacet
  facet normal 0 0 1
    outer loop
      vertex -18.9208 52.4389 14
      vertex -24.6667 62 14
      vertex -18.9744 52.4246 14
    endloop
  endfacet
  facet normal 0 0 1
    outer loop
      vertex -18.9744 52.4246 14
      vertex -24.6667 62 14
      vertex -19.0247 52.4011 14
    endloop
  endfacet
  facet normal 0 0 1
    outer loop
      vertex -19.0247 52.4011 14
      vertex -24.6667 62 14
      vertex -19.8864 51.9993 14
    endloop
  endfacet
  facet normal 0 0 1
    outer loop
      vertex -19.8864 51.9993 14
      vertex -24.6667 62 14
      vertex -20.6652 51.454 14
    endloop
  endfacet
  facet normal 0 0 1
    outer loop
      vertex -22.2613 49.8603 14
      vertex -21.454 50.6652 14
      vertex -21.4222 50.7106 14
    endloop
  endfacet
  facet normal 0 0 1
    outer loop
      vertex -21.454 50.6652 14
      vertex -22.2613 49.8603 14
      vertex -21.9993 49.8864 14
    endloop
  endfacet
  facet normal 0 0 1
    outer loop
      vertex -20.6652 51.454 14
      vertex -24.6667 62 14
      vertex -20.7106 51.4222 14
    endloop
  endfacet
  facet normal 0 0 1
    outer loop
      vertex -24.9033 62.0192 14
      vertex -20.7106 51.4222 14
      vertex -24.6667 62 14
    endloop
  endfacet
  facet normal 0 0 1
    outer loop
      vertex -20.7106 51.4222 14
      vertex -24.9033 62.0192 14
      vertex -21.4222 50.7106 14
    endloop
  endfacet
  facet normal 0 0 1
    outer loop
      vertex -21.4222 50.7106 14
      vertex -24.9033 62.0192 14
      vertex -22.2613 49.8603 14
    endloop
  endfacet
  facet normal -0 0 1
    outer loop
      vertex -11.2321 47.0553 14
      vertex -11 47 14
      vertex -11.0912 48.0419 14
    endloop
  endfacet
  facet normal 0 0 1
    outer loop
      vertex -11.2321 46.9447 14
      vertex -11 47 14
      vertex -11.2273 47 14
    endloop
  endfacet
  facet normal 0 0 1
    outer loop
      vertex -11 47 14
      vertex -11.2321 47.0553 14
      vertex -11.2273 47 14
    endloop
  endfacet
  facet normal 0 0 1
    outer loop
      vertex -11.0912 48.0419 14
      vertex -11.315 48.0024 14
      vertex -11.2321 47.0553 14
    endloop
  endfacet
  facet normal -0 0 1
    outer loop
      vertex -11.5611 48.9208 14
      vertex -11.0912 48.0419 14
      vertex -11.3618 49.0521 14
    endloop
  endfacet
  facet normal 0 0 1
    outer loop
      vertex -11.0912 48.0419 14
      vertex -11.5611 48.9208 14
      vertex -11.315 48.0024 14
    endloop
  endfacet
  facet normal 0 0 1
    outer loop
      vertex -11.3618 49.0521 14
      vertex -11.5754 48.9744 14
      vertex -11.5611 48.9208 14
    endloop
  endfacet
  facet normal 0 0 1
    outer loop
      vertex -11.3618 49.0521 14
      vertex -11.5989 49.0247 14
      vertex -11.5754 48.9744 14
    endloop
  endfacet
  facet normal 0 0 1
    outer loop
      vertex -11.7387 49.8603 14
      vertex -11.5989 49.0247 14
      vertex -11.3618 49.0521 14
    endloop
  endfacet
  facet normal 0 0 1
    outer loop
      vertex -11.5989 49.0247 14
      vertex -11.7387 49.8603 14
      vertex -12.0007 49.8864 14
    endloop
  endfacet
  facet normal 0 0 1
    outer loop
      vertex -11 47 14
      vertex -11.2321 46.9447 14
      vertex -11.0912 45.9581 14
    endloop
  endfacet
  facet normal -0 0 1
    outer loop
      vertex -11.315 45.9976 14
      vertex -11.0912 45.9581 14
      vertex -11.2321 46.9447 14
    endloop
  endfacet
  facet normal 0 0 1
    outer loop
      vertex -11.5611 45.0792 14
      vertex -11.0912 45.9581 14
      vertex -11.315 45.9976 14
    endloop
  endfacet
  facet normal 0 0 1
    outer loop
      vertex -11.0912 45.9581 14
      vertex -11.5611 45.0792 14
      vertex -11.3618 44.9479 14
    endloop
  endfacet
  facet normal -0 0 1
    outer loop
      vertex -11.5754 45.0256 14
      vertex -11.3618 44.9479 14
      vertex -11.5611 45.0792 14
    endloop
  endfacet
  facet normal -0 0 1
    outer loop
      vertex -11.5989 44.9753 14
      vertex -11.3618 44.9479 14
      vertex -11.5754 45.0256 14
    endloop
  endfacet
  facet normal 0 0 1
    outer loop
      vertex -11.5989 44.9753 14
      vertex -11.8038 44 14
      vertex -11.3618 44.9479 14
    endloop
  endfacet
  facet normal -0 0 1
    outer loop
      vertex -12.0007 44.1136 14
      vertex -11.8038 44 14
      vertex -11.5989 44.9753 14
    endloop
  endfacet
  facet normal 0 0 1
    outer loop
      vertex -12.546 43.3348 14
      vertex -11.8038 44 14
      vertex -12.0007 44.1136 14
    endloop
  endfacet
  facet normal 0 0 1
    outer loop
      vertex -11.8038 44 14
      vertex -12.546 43.3348 14
      vertex -12.4037 43.1433 14
    endloop
  endfacet
  facet normal -0 0 1
    outer loop
      vertex -12.5778 43.2894 14
      vertex -12.4037 43.1433 14
      vertex -12.546 43.3348 14
    endloop
  endfacet
  facet normal 0 0 1
    outer loop
      vertex -12.5778 43.2894 14
      vertex -13.1433 42.4037 14
      vertex -12.4037 43.1433 14
    endloop
  endfacet
  facet normal -0 0 1
    outer loop
      vertex -13.2894 42.5778 14
      vertex -13.1433 42.4037 14
      vertex -12.5778 43.2894 14
    endloop
  endfacet
  facet normal -0 0 1
    outer loop
      vertex -13.3348 42.546 14
      vertex -13.1433 42.4037 14
      vertex -13.2894 42.5778 14
    endloop
  endfacet
  facet normal 0 0 1
    outer loop
      vertex -13.3348 42.546 14
      vertex -14 41.8038 14
      vertex -13.1433 42.4037 14
    endloop
  endfacet
  facet normal -0 0 1
    outer loop
      vertex -14.1136 42.0007 14
      vertex -14 41.8038 14
      vertex -13.3348 42.546 14
    endloop
  endfacet
  facet normal 0 0 1
    outer loop
      vertex -14.9753 41.5989 14
      vertex -14 41.8038 14
      vertex -14.1136 42.0007 14
    endloop
  endfacet
  facet normal 0 0 1
    outer loop
      vertex -14 41.8038 14
      vertex -14.9753 41.5989 14
      vertex -14.9479 41.3618 14
    endloop
  endfacet
  facet normal -0 0 1
    outer loop
      vertex -15.0256 41.5754 14
      vertex -14.9479 41.3618 14
      vertex -14.9753 41.5989 14
    endloop
  endfacet
  facet normal -0 0 1
    outer loop
      vertex -15.0792 41.5611 14
      vertex -14.9479 41.3618 14
      vertex -15.0256 41.5754 14
    endloop
  endfacet
  facet normal 0 0 1
    outer loop
      vertex -15.0792 41.5611 14
      vertex -15.9581 41.0912 14
      vertex -14.9479 41.3618 14
    endloop
  endfacet
  facet normal -0 0 1
    outer loop
      vertex -15.9976 41.315 14
      vertex -15.9581 41.0912 14
      vertex -15.0792 41.5611 14
    endloop
  endfacet
  facet normal -0 0 1
    outer loop
      vertex -16.9447 41.2321 14
      vertex -15.9581 41.0912 14
      vertex -15.9976 41.315 14
    endloop
  endfacet
  facet normal 0 0 1
    outer loop
      vertex -17 41 14
      vertex -16.9447 41.2321 14
      vertex -17 41.2273 14
    endloop
  endfacet
  facet normal 0 0 1
    outer loop
      vertex -16.9447 41.2321 14
      vertex -17 41 14
      vertex -15.9581 41.0912 14
    endloop
  endfacet
  facet normal 0 0 1
    outer loop
      vertex -17.0553 41.2321 14
      vertex -17 41 14
      vertex -17 41.2273 14
    endloop
  endfacet
  facet normal 0 0 1
    outer loop
      vertex -18.0419 41.0912 14
      vertex -17.0553 41.2321 14
      vertex -18.0024 41.315 14
    endloop
  endfacet
  facet normal 0 0 1
    outer loop
      vertex -17.0553 41.2321 14
      vertex -18.0419 41.0912 14
      vertex -17 41 14
    endloop
  endfacet
  facet normal 0 0 1
    outer loop
      vertex -18.9208 41.5611 14
      vertex -18.0419 41.0912 14
      vertex -18.0024 41.315 14
    endloop
  endfacet
  facet normal 0 0 1
    outer loop
      vertex -19.0521 41.3618 14
      vertex -18.9208 41.5611 14
      vertex -18.9744 41.5754 14
    endloop
  endfacet
  facet normal 0 0 1
    outer loop
      vertex -19.0521 41.3618 14
      vertex -18.9744 41.5754 14
      vertex -19.0247 41.5989 14
    endloop
  endfacet
  facet normal 0 0 1
    outer loop
      vertex -18.9208 41.5611 14
      vertex -19.0521 41.3618 14
      vertex -18.0419 41.0912 14
    endloop
  endfacet
  facet normal -0 0 1
    outer loop
      vertex -20 41.8038 14
      vertex -19.0247 41.5989 14
      vertex -19.8864 42.0007 14
    endloop
  endfacet
  facet normal 0 0 1
    outer loop
      vertex -19.0247 41.5989 14
      vertex -20 41.8038 14
      vertex -19.0521 41.3618 14
    endloop
  endfacet
  facet normal 0 0 1
    outer loop
      vertex -20.6652 42.546 14
      vertex -20 41.8038 14
      vertex -19.8864 42.0007 14
    endloop
  endfacet
  facet normal 0 0 1
    outer loop
      vertex -20.8567 42.4037 14
      vertex -20.6652 42.546 14
      vertex -20.7106 42.5778 14
    endloop
  endfacet
  facet normal 0 0 1
    outer loop
      vertex -20.6652 42.546 14
      vertex -20.8567 42.4037 14
      vertex -20 41.8038 14
    endloop
  endfacet
  facet normal 0 0 1
    outer loop
      vertex -21.4222 43.2894 14
      vertex -20.8567 42.4037 14
      vertex -20.7106 42.5778 14
    endloop
  endfacet
  facet normal 0 0 1
    outer loop
      vertex -21.5963 43.1433 14
      vertex -21.4222 43.2894 14
      vertex -21.454 43.3348 14
    endloop
  endfacet
  facet normal 0 0 1
    outer loop
      vertex -21.4222 43.2894 14
      vertex -21.5963 43.1433 14
      vertex -20.8567 42.4037 14
    endloop
  endfacet
  facet normal -0 0 1
    outer loop
      vertex -22.1962 44 14
      vertex -21.454 43.3348 14
      vertex -21.9993 44.1136 14
    endloop
  endfacet
  facet normal 0 0 1
    outer loop
      vertex -21.454 43.3348 14
      vertex -22.1962 44 14
      vertex -21.5963 43.1433 14
    endloop
  endfacet
  facet normal 0 0 1
    outer loop
      vertex -22.4011 44.9753 14
      vertex -22.1962 44 14
      vertex -21.9993 44.1136 14
    endloop
  endfacet
  facet normal 0 0 1
    outer loop
      vertex -22.6382 44.9479 14
      vertex -22.4011 44.9753 14
      vertex -22.4246 45.0256 14
    endloop
  endfacet
  facet normal 0 0 1
    outer loop
      vertex -22.6382 44.9479 14
      vertex -22.4246 45.0256 14
      vertex -22.4389 45.0792 14
    endloop
  endfacet
  facet normal 0 0 1
    outer loop
      vertex -22.4011 44.9753 14
      vertex -22.6382 44.9479 14
      vertex -22.1962 44 14
    endloop
  endfacet
  facet normal -0 0 1
    outer loop
      vertex -22.9088 45.9581 14
      vertex -22.4389 45.0792 14
      vertex -22.685 45.9976 14
    endloop
  endfacet
  facet normal 0 0 1
    outer loop
      vertex -22.9088 45.9581 14
      vertex -22.685 45.9976 14
      vertex -22.7679 46.9447 14
    endloop
  endfacet
  facet normal -0 0 1
    outer loop
      vertex -23 47 14
      vertex -22.7679 46.9447 14
      vertex -22.7727 47 14
    endloop
  endfacet
  facet normal 0 0 1
    outer loop
      vertex -22.7679 47.0553 14
      vertex -23 47 14
      vertex -22.7727 47 14
    endloop
  endfacet
  facet normal 0 0 1
    outer loop
      vertex -22.4389 45.0792 14
      vertex -22.9088 45.9581 14
      vertex -22.6382 44.9479 14
    endloop
  endfacet
  facet normal 0 0 1
    outer loop
      vertex -22.7679 46.9447 14
      vertex -23 47 14
      vertex -22.9088 45.9581 14
    endloop
  endfacet
  facet normal -0 0 1
    outer loop
      vertex -22.2613 49.8603 14
      vertex -22.4011 49.0247 14
      vertex -21.9993 49.8864 14
    endloop
  endfacet
  facet normal -0 0 1
    outer loop
      vertex -22.6382 49.0521 14
      vertex -22.4011 49.0247 14
      vertex -22.2613 49.8603 14
    endloop
  endfacet
  facet normal 0 0 1
    outer loop
      vertex -22.4011 49.0247 14
      vertex -22.6382 49.0521 14
      vertex -22.4246 48.9744 14
    endloop
  endfacet
  facet normal 0 0 1
    outer loop
      vertex -22.4246 48.9744 14
      vertex -22.6382 49.0521 14
      vertex -22.4389 48.9208 14
    endloop
  endfacet
  facet normal 0 0 1
    outer loop
      vertex -22.9088 48.0419 14
      vertex -22.4389 48.9208 14
      vertex -22.6382 49.0521 14
    endloop
  endfacet
  facet normal 0 0 1
    outer loop
      vertex -22.4389 48.9208 14
      vertex -22.9088 48.0419 14
      vertex -22.685 48.0024 14
    endloop
  endfacet
  facet normal 0 0 1
    outer loop
      vertex -22.685 48.0024 14
      vertex -22.9088 48.0419 14
      vertex -22.7679 47.0553 14
    endloop
  endfacet
  facet normal 0 0 1
    outer loop
      vertex -23 47 14
      vertex -22.7679 47.0553 14
      vertex -22.9088 48.0419 14
    endloop
  endfacet
  facet normal -0.258746 0.965945 0
    outer loop
      vertex -14.9479 41.3618 14
      vertex -15.9581 41.0912 30
      vertex -14.9479 41.3618 30
    endloop
  endfacet
  facet normal -0.258746 0.965945 0
    outer loop
      vertex -15.9581 41.0912 30
      vertex -14.9479 41.3618 14
      vertex -15.9581 41.0912 14
    endloop
  endfacet
  facet normal -0.965945 -0.258746 0
    outer loop
      vertex -11.0912 48.0419 14
      vertex -11.3618 49.0521 30
      vertex -11.3618 49.0521 14
    endloop
  endfacet
  facet normal -0.965945 -0.258746 0
    outer loop
      vertex -11.3618 49.0521 30
      vertex -11.0912 48.0419 14
      vertex -11.0912 48.0419 30
    endloop
  endfacet
  facet normal -0.996191 -0.087199 0
    outer loop
      vertex -11 47 14
      vertex -11.0912 48.0419 30
      vertex -11.0912 48.0419 14
    endloop
  endfacet
  facet normal -0.996191 -0.087199 0
    outer loop
      vertex -11.0912 48.0419 30
      vertex -11 47 14
      vertex -11 47 30
    endloop
  endfacet
  facet normal -0.906295 -0.422646 0
    outer loop
      vertex -11.3618 49.0521 14
      vertex -11.7387 49.8603 30
      vertex -11.7387 49.8603 14
    endloop
  endfacet
  facet normal -0.906295 -0.422646 0
    outer loop
      vertex -11.7387 49.8603 30
      vertex -11.3618 49.0521 14
      vertex -11.3618 49.0521 30
    endloop
  endfacet
  facet normal -0.087199 0.996191 0
    outer loop
      vertex -15.9581 41.0912 14
      vertex -17 41 30
      vertex -15.9581 41.0912 30
    endloop
  endfacet
  facet normal -0.087199 0.996191 0
    outer loop
      vertex -17 41 30
      vertex -15.9581 41.0912 14
      vertex -17 41 14
    endloop
  endfacet
  facet normal 0.422608 0.906313 -0
    outer loop
      vertex -19.0521 41.3618 14
      vertex -20 41.8038 30
      vertex -19.0521 41.3618 30
    endloop
  endfacet
  facet normal 0.422608 0.906313 0
    outer loop
      vertex -20 41.8038 30
      vertex -19.0521 41.3618 14
      vertex -20 41.8038 14
    endloop
  endfacet
  facet normal -0.422608 0.906313 0
    outer loop
      vertex -14 41.8038 14
      vertex -14.9479 41.3618 30
      vertex -14 41.8038 30
    endloop
  endfacet
  facet normal -0.422608 0.906313 0
    outer loop
      vertex -14.9479 41.3618 30
      vertex -14 41.8038 14
      vertex -14.9479 41.3618 14
    endloop
  endfacet
  facet normal -0.819138 0.573597 0
    outer loop
      vertex -12.4037 43.1433 14
      vertex -11.8038 44 30
      vertex -11.8038 44 14
    endloop
  endfacet
  facet normal -0.819138 0.573597 0
    outer loop
      vertex -11.8038 44 30
      vertex -12.4037 43.1433 14
      vertex -12.4037 43.1433 30
    endloop
  endfacet
  facet normal 0.906313 0.422608 0
    outer loop
      vertex -22.1962 44 30
      vertex -22.6382 44.9479 14
      vertex -22.6382 44.9479 30
    endloop
  endfacet
  facet normal 0.906313 0.422608 0
    outer loop
      vertex -22.6382 44.9479 14
      vertex -22.1962 44 30
      vertex -22.1962 44 14
    endloop
  endfacet
  facet normal 0.906295 -0.422646 0
    outer loop
      vertex -22.6382 49.0521 30
      vertex -22.2613 49.8603 14
      vertex -22.2613 49.8603 30
    endloop
  endfacet
  facet normal 0.906295 -0.422646 0
    outer loop
      vertex -22.2613 49.8603 14
      vertex -22.6382 49.0521 30
      vertex -22.6382 49.0521 14
    endloop
  endfacet
  facet normal -0.996191 0.087199 0
    outer loop
      vertex -11.0912 45.9581 14
      vertex -11 47 30
      vertex -11 47 14
    endloop
  endfacet
  facet normal -0.996191 0.087199 0
    outer loop
      vertex -11 47 30
      vertex -11.0912 45.9581 14
      vertex -11.0912 45.9581 30
    endloop
  endfacet
  facet normal 0.707107 0.707107 -0
    outer loop
      vertex -20.8567 42.4037 14
      vertex -21.5963 43.1433 30
      vertex -20.8567 42.4037 30
    endloop
  endfacet
  facet normal 0.707107 0.707107 0
    outer loop
      vertex -21.5963 43.1433 30
      vertex -20.8567 42.4037 14
      vertex -21.5963 43.1433 14
    endloop
  endfacet
  facet normal -0.965945 0.258746 0
    outer loop
      vertex -11.3618 44.9479 14
      vertex -11.0912 45.9581 30
      vertex -11.0912 45.9581 14
    endloop
  endfacet
  facet normal -0.965945 0.258746 0
    outer loop
      vertex -11.0912 45.9581 30
      vertex -11.3618 44.9479 14
      vertex -11.3618 44.9479 30
    endloop
  endfacet
  facet normal -0.573597 0.819138 0
    outer loop
      vertex -13.1433 42.4037 14
      vertex -14 41.8038 30
      vertex -13.1433 42.4037 30
    endloop
  endfacet
  facet normal -0.573597 0.819138 0
    outer loop
      vertex -14 41.8038 30
      vertex -13.1433 42.4037 14
      vertex -14 41.8038 14
    endloop
  endfacet
  facet normal -0.906313 0.422608 0
    outer loop
      vertex -11.8038 44 14
      vertex -11.3618 44.9479 30
      vertex -11.3618 44.9479 14
    endloop
  endfacet
  facet normal -0.906313 0.422608 0
    outer loop
      vertex -11.3618 44.9479 30
      vertex -11.8038 44 14
      vertex -11.8038 44 30
    endloop
  endfacet
  facet normal 0.573597 0.819138 -0
    outer loop
      vertex -20 41.8038 14
      vertex -20.8567 42.4037 30
      vertex -20 41.8038 30
    endloop
  endfacet
  facet normal 0.573597 0.819138 0
    outer loop
      vertex -20.8567 42.4037 30
      vertex -20 41.8038 14
      vertex -20.8567 42.4037 14
    endloop
  endfacet
  facet normal 0.996191 0.087199 0
    outer loop
      vertex -22.9088 45.9581 30
      vertex -23 47 14
      vertex -23 47 30
    endloop
  endfacet
  facet normal 0.996191 0.087199 0
    outer loop
      vertex -23 47 14
      vertex -22.9088 45.9581 30
      vertex -22.9088 45.9581 14
    endloop
  endfacet
  facet normal 0.965945 0.258746 0
    outer loop
      vertex -22.6382 44.9479 30
      vertex -22.9088 45.9581 14
      vertex -22.9088 45.9581 30
    endloop
  endfacet
  facet normal 0.965945 0.258746 0
    outer loop
      vertex -22.9088 45.9581 14
      vertex -22.6382 44.9479 30
      vertex -22.6382 44.9479 14
    endloop
  endfacet
  facet normal 0.819138 0.573597 0
    outer loop
      vertex -21.5963 43.1433 30
      vertex -22.1962 44 14
      vertex -22.1962 44 30
    endloop
  endfacet
  facet normal 0.819138 0.573597 0
    outer loop
      vertex -22.1962 44 14
      vertex -21.5963 43.1433 30
      vertex -21.5963 43.1433 14
    endloop
  endfacet
  facet normal 0.258746 0.965945 -0
    outer loop
      vertex -18.0419 41.0912 14
      vertex -19.0521 41.3618 30
      vertex -18.0419 41.0912 30
    endloop
  endfacet
  facet normal 0.258746 0.965945 0
    outer loop
      vertex -19.0521 41.3618 30
      vertex -18.0419 41.0912 14
      vertex -19.0521 41.3618 14
    endloop
  endfacet
  facet normal 0.965945 -0.258746 0
    outer loop
      vertex -22.9088 48.0419 30
      vertex -22.6382 49.0521 14
      vertex -22.6382 49.0521 30
    endloop
  endfacet
  facet normal 0.965945 -0.258746 0
    outer loop
      vertex -22.6382 49.0521 14
      vertex -22.9088 48.0419 30
      vertex -22.9088 48.0419 14
    endloop
  endfacet
  facet normal 0.996191 -0.087199 0
    outer loop
      vertex -23 47 30
      vertex -22.9088 48.0419 14
      vertex -22.9088 48.0419 30
    endloop
  endfacet
  facet normal 0.996191 -0.087199 0
    outer loop
      vertex -22.9088 48.0419 14
      vertex -23 47 30
      vertex -23 47 14
    endloop
  endfacet
  facet normal -0.707107 0.707107 0
    outer loop
      vertex -12.4037 43.1433 14
      vertex -13.1433 42.4037 30
      vertex -12.4037 43.1433 30
    endloop
  endfacet
  facet normal -0.707107 0.707107 0
    outer loop
      vertex -13.1433 42.4037 30
      vertex -12.4037 43.1433 14
      vertex -13.1433 42.4037 14
    endloop
  endfacet
  facet normal 0.087199 0.996191 -0
    outer loop
      vertex -17 41 14
      vertex -18.0419 41.0912 30
      vertex -17 41 30
    endloop
  endfacet
  facet normal 0.087199 0.996191 0
    outer loop
      vertex -18.0419 41.0912 30
      vertex -17 41 14
      vertex -18.0419 41.0912 14
    endloop
  endfacet
  facet normal -0.907489 -0.0794314 0.412497
    outer loop
      vertex -13.5 47 9
      vertex -11.2321 47.0553 14
      vertex -13.5532 47.6078 9
    endloop
  endfacet
  facet normal -0.907539 -0.0787738 0.412513
    outer loop
      vertex -11.2321 47.0553 14
      vertex -13.5 47 9
      vertex -11.2273 47 14
    endloop
  endfacet
  facet normal 0.825617 0.384975 0.412493
    outer loop
      vertex -21.9993 44.1136 14
      vertex -20.0311 45.25 9
      vertex -22.4011 44.9753 14
    endloop
  endfacet
  facet normal 0.907489 0.0794328 0.412497
    outer loop
      vertex -22.685 45.9976 14
      vertex -20.4468 46.3922 9
      vertex -22.7679 46.9447 14
    endloop
  endfacet
  facet normal -0.235788 -0.879916 0.412494
    outer loop
      vertex -15.0792 52.4389 14
      vertex -15.9976 52.685 14
      vertex -16.3922 50.4468 9
    endloop
  endfacet
  facet normal -0.825617 0.384975 0.412493
    outer loop
      vertex -12.0007 44.1136 14
      vertex -11.5989 44.9753 14
      vertex -13.9689 45.25 9
    endloop
  endfacet
  facet normal -0.879922 0.235771 0.412492
    outer loop
      vertex -13.7111 45.8029 9
      vertex -11.5611 45.0792 14
      vertex -13.5532 46.3922 9
    endloop
  endfacet
  facet normal -0.880186 0.234826 0.412468
    outer loop
      vertex -11.5611 45.0792 14
      vertex -13.7111 45.8029 9
      vertex -11.5754 45.0256 14
    endloop
  endfacet
  facet normal -0.746224 -0.522491 0.412495
    outer loop
      vertex -12.0007 49.8864 14
      vertex -12.546 50.6652 14
      vertex -13.9689 48.75 9
    endloop
  endfacet
  facet normal -0.235788 0.879916 0.412494
    outer loop
      vertex -15.9976 41.315 14
      vertex -15.0792 41.5611 14
      vertex -16.3922 43.5532 9
    endloop
  endfacet
  facet normal 0.746262 0.522443 0.412488
    outer loop
      vertex -21.454 43.3348 14
      vertex -19.6812 44.7502 9
      vertex -20.0311 45.25 9
    endloop
  endfacet
  facet normal 0.746134 0.522622 0.412493
    outer loop
      vertex -19.6812 44.7502 9
      vertex -21.454 43.3348 14
      vertex -21.4222 43.2894 14
    endloop
  endfacet
  facet normal -0.0794328 0.907489 0.412497
    outer loop
      vertex -15.9976 41.315 14
      vertex -16.3922 43.5532 9
      vertex -16.9447 41.2321 14
    endloop
  endfacet
  facet normal 0.235771 0.879922 0.412492
    outer loop
      vertex -18.1971 43.7111 9
      vertex -18.9208 41.5611 14
      vertex -17.6078 43.5532 9
    endloop
  endfacet
  facet normal 0.234826 0.880186 0.412468
    outer loop
      vertex -18.9208 41.5611 14
      vertex -18.1971 43.7111 9
      vertex -18.9744 41.5754 14
    endloop
  endfacet
  facet normal 0.522622 -0.746134 0.412493
    outer loop
      vertex -19.2498 49.6812 9
      vertex -20.6652 51.454 14
      vertex -20.7106 51.4222 14
    endloop
  endfacet
  facet normal 0.522443 -0.746262 0.412488
    outer loop
      vertex -20.6652 51.454 14
      vertex -19.2498 49.6812 9
      vertex -18.75 50.0311 9
    endloop
  endfacet
  facet normal 0.644148 -0.644148 0.412487
    outer loop
      vertex -21.4222 50.7106 14
      vertex -19.2498 49.6812 9
      vertex -20.7106 51.4222 14
    endloop
  endfacet
  facet normal 0.644148 -0.644148 0.412487
    outer loop
      vertex -19.2498 49.6812 9
      vertex -21.4222 50.7106 14
      vertex -19.6812 49.2498 9
    endloop
  endfacet
  facet normal 0.825617 -0.384975 0.412493
    outer loop
      vertex -20.0311 48.75 9
      vertex -21.9993 49.8864 14
      vertex -22.4011 49.0247 14
    endloop
  endfacet
  facet normal -0.879916 -0.235788 0.412494
    outer loop
      vertex -11.315 48.0024 14
      vertex -11.5611 48.9208 14
      vertex -13.5532 47.6078 9
    endloop
  endfacet
  facet normal 0.384975 0.825617 0.412493
    outer loop
      vertex -19.0247 41.5989 14
      vertex -18.75 43.9689 9
      vertex -19.8864 42.0007 14
    endloop
  endfacet
  facet normal 0.879916 -0.235788 0.412494
    outer loop
      vertex -20.4468 47.6078 9
      vertex -22.4389 48.9208 14
      vertex -22.685 48.0024 14
    endloop
  endfacet
  facet normal 0.0787738 0.907539 0.412513
    outer loop
      vertex -17 43.5 9
      vertex -17.0553 41.2321 14
      vertex -17 41.2273 14
    endloop
  endfacet
  facet normal 0.0794314 0.907489 0.412497
    outer loop
      vertex -17.0553 41.2321 14
      vertex -17 43.5 9
      vertex -17.6078 43.5532 9
    endloop
  endfacet
  facet normal 0.644148 0.644148 0.412487
    outer loop
      vertex -21.4222 43.2894 14
      vertex -19.2498 44.3188 9
      vertex -19.6812 44.7502 9
    endloop
  endfacet
  facet normal 0.644148 0.644148 0.412487
    outer loop
      vertex -19.2498 44.3188 9
      vertex -21.4222 43.2894 14
      vertex -20.7106 42.5778 14
    endloop
  endfacet
  facet normal -0.0787738 -0.907539 0.412513
    outer loop
      vertex -17 50.5 9
      vertex -16.9447 52.7679 14
      vertex -17 52.7727 14
    endloop
  endfacet
  facet normal -0.0794314 -0.907489 0.412497
    outer loop
      vertex -16.9447 52.7679 14
      vertex -17 50.5 9
      vertex -16.3922 50.4468 9
    endloop
  endfacet
  facet normal -0.879916 0.235788 0.412494
    outer loop
      vertex -11.5611 45.0792 14
      vertex -11.315 45.9976 14
      vertex -13.5532 46.3922 9
    endloop
  endfacet
  facet normal -0.644148 0.644148 0.412487
    outer loop
      vertex -14.7502 44.3188 9
      vertex -12.5778 43.2894 14
      vertex -14.3188 44.7502 9
    endloop
  endfacet
  facet normal -0.644148 0.644148 0.412487
    outer loop
      vertex -12.5778 43.2894 14
      vertex -14.7502 44.3188 9
      vertex -13.2894 42.5778 14
    endloop
  endfacet
  facet normal 0.384975 -0.825617 0.412493
    outer loop
      vertex -18.75 50.0311 9
      vertex -19.0247 52.4011 14
      vertex -19.8864 51.9993 14
    endloop
  endfacet
  facet normal 0.82562 0.384961 0.412501
    outer loop
      vertex -22.4246 45.0256 14
      vertex -20.0311 45.25 9
      vertex -20.2889 45.8029 9
    endloop
  endfacet
  facet normal 0.825364 0.385608 0.412408
    outer loop
      vertex -20.0311 45.25 9
      vertex -22.4246 45.0256 14
      vertex -22.4011 44.9753 14
    endloop
  endfacet
  facet normal -0.907489 -0.0794328 0.412497
    outer loop
      vertex -11.2321 47.0553 14
      vertex -11.315 48.0024 14
      vertex -13.5532 47.6078 9
    endloop
  endfacet
  facet normal 0.234826 -0.880186 0.412468
    outer loop
      vertex -18.1971 50.2889 9
      vertex -18.9208 52.4389 14
      vertex -18.9744 52.4246 14
    endloop
  endfacet
  facet normal 0.235771 -0.879922 0.412492
    outer loop
      vertex -18.9208 52.4389 14
      vertex -18.1971 50.2889 9
      vertex -17.6078 50.4468 9
    endloop
  endfacet
  facet normal 0.384961 0.82562 0.412501
    outer loop
      vertex -18.75 43.9689 9
      vertex -18.9744 41.5754 14
      vertex -18.1971 43.7111 9
    endloop
  endfacet
  facet normal 0.385608 0.825364 0.412408
    outer loop
      vertex -18.9744 41.5754 14
      vertex -18.75 43.9689 9
      vertex -19.0247 41.5989 14
    endloop
  endfacet
  facet normal -0.746262 0.522443 0.412488
    outer loop
      vertex -14.3188 44.7502 9
      vertex -12.546 43.3348 14
      vertex -13.9689 45.25 9
    endloop
  endfacet
  facet normal -0.746134 0.522622 0.412493
    outer loop
      vertex -12.546 43.3348 14
      vertex -14.3188 44.7502 9
      vertex -12.5778 43.2894 14
    endloop
  endfacet
  facet normal 0.522443 0.746262 0.412488
    outer loop
      vertex -19.2498 44.3188 9
      vertex -20.6652 42.546 14
      vertex -18.75 43.9689 9
    endloop
  endfacet
  facet normal 0.522622 0.746134 0.412493
    outer loop
      vertex -20.6652 42.546 14
      vertex -19.2498 44.3188 9
      vertex -20.7106 42.5778 14
    endloop
  endfacet
  facet normal 0.880186 -0.234826 0.412468
    outer loop
      vertex -22.4389 48.9208 14
      vertex -20.2889 48.1971 9
      vertex -22.4246 48.9744 14
    endloop
  endfacet
  facet normal 0.879922 -0.235771 0.412492
    outer loop
      vertex -20.2889 48.1971 9
      vertex -22.4389 48.9208 14
      vertex -20.4468 47.6078 9
    endloop
  endfacet
  facet normal -0.385608 0.825364 0.412408
    outer loop
      vertex -15.25 43.9689 9
      vertex -15.0256 41.5754 14
      vertex -14.9753 41.5989 14
    endloop
  endfacet
  facet normal -0.384961 0.82562 0.412501
    outer loop
      vertex -15.0256 41.5754 14
      vertex -15.25 43.9689 9
      vertex -15.8029 43.7111 9
    endloop
  endfacet
  facet normal -0.384975 0.825617 0.412493
    outer loop
      vertex -14.9753 41.5989 14
      vertex -14.1136 42.0007 14
      vertex -15.25 43.9689 9
    endloop
  endfacet
  facet normal -0.522622 0.746134 0.412493
    outer loop
      vertex -14.7502 44.3188 9
      vertex -13.3348 42.546 14
      vertex -13.2894 42.5778 14
    endloop
  endfacet
  facet normal -0.522443 0.746262 0.412488
    outer loop
      vertex -13.3348 42.546 14
      vertex -14.7502 44.3188 9
      vertex -15.25 43.9689 9
    endloop
  endfacet
  facet normal 0.0794328 -0.907489 0.412497
    outer loop
      vertex -17.6078 50.4468 9
      vertex -17.0553 52.7679 14
      vertex -18.0024 52.685 14
    endloop
  endfacet
  facet normal -0.522443 -0.746262 0.412488
    outer loop
      vertex -14.7502 49.6812 9
      vertex -13.3348 51.454 14
      vertex -15.25 50.0311 9
    endloop
  endfacet
  facet normal -0.522622 -0.746134 0.412493
    outer loop
      vertex -13.3348 51.454 14
      vertex -14.7502 49.6812 9
      vertex -13.2894 51.4222 14
    endloop
  endfacet
  facet normal -0.522491 -0.746224 0.412495
    outer loop
      vertex -13.3348 51.454 14
      vertex -14.1136 51.9993 14
      vertex -15.25 50.0311 9
    endloop
  endfacet
  facet normal -0.746224 0.522491 0.412495
    outer loop
      vertex -12.546 43.3348 14
      vertex -12.0007 44.1136 14
      vertex -13.9689 45.25 9
    endloop
  endfacet
  facet normal -0.907539 0.0787738 0.412513
    outer loop
      vertex -13.5 47 9
      vertex -11.2321 46.9447 14
      vertex -11.2273 47 14
    endloop
  endfacet
  facet normal -0.907489 0.0794314 0.412497
    outer loop
      vertex -11.2321 46.9447 14
      vertex -13.5 47 9
      vertex -13.5532 46.3922 9
    endloop
  endfacet
  facet normal -0.907489 0.0794328 0.412497
    outer loop
      vertex -11.315 45.9976 14
      vertex -11.2321 46.9447 14
      vertex -13.5532 46.3922 9
    endloop
  endfacet
  facet normal 0.746224 0.522491 0.412495
    outer loop
      vertex -21.454 43.3348 14
      vertex -20.0311 45.25 9
      vertex -21.9993 44.1136 14
    endloop
  endfacet
  facet normal 0.235788 0.879916 0.412494
    outer loop
      vertex -18.0024 41.315 14
      vertex -17.6078 43.5532 9
      vertex -18.9208 41.5611 14
    endloop
  endfacet
  facet normal 0.385608 -0.825364 0.412408
    outer loop
      vertex -18.75 50.0311 9
      vertex -18.9744 52.4246 14
      vertex -19.0247 52.4011 14
    endloop
  endfacet
  facet normal 0.384961 -0.82562 0.412501
    outer loop
      vertex -18.9744 52.4246 14
      vertex -18.75 50.0311 9
      vertex -18.1971 50.2889 9
    endloop
  endfacet
  facet normal -0.82562 0.384961 0.412501
    outer loop
      vertex -13.9689 45.25 9
      vertex -11.5754 45.0256 14
      vertex -13.7111 45.8029 9
    endloop
  endfacet
  facet normal -0.825364 0.385608 0.412408
    outer loop
      vertex -11.5754 45.0256 14
      vertex -13.9689 45.25 9
      vertex -11.5989 44.9753 14
    endloop
  endfacet
  facet normal 0.746224 -0.522491 0.412495
    outer loop
      vertex -20.0311 48.75 9
      vertex -21.454 50.6652 14
      vertex -21.9993 49.8864 14
    endloop
  endfacet
  facet normal -0.234826 0.880186 0.412468
    outer loop
      vertex -15.8029 43.7111 9
      vertex -15.0792 41.5611 14
      vertex -15.0256 41.5754 14
    endloop
  endfacet
  facet normal -0.235771 0.879922 0.412492
    outer loop
      vertex -15.0792 41.5611 14
      vertex -15.8029 43.7111 9
      vertex -16.3922 43.5532 9
    endloop
  endfacet
  facet normal -0.522491 0.746224 0.412495
    outer loop
      vertex -14.1136 42.0007 14
      vertex -13.3348 42.546 14
      vertex -15.25 43.9689 9
    endloop
  endfacet
  facet normal -0.0794314 0.907489 0.412497
    outer loop
      vertex -17 43.5 9
      vertex -16.9447 41.2321 14
      vertex -16.3922 43.5532 9
    endloop
  endfacet
  facet normal -0.0787738 0.907539 0.412513
    outer loop
      vertex -16.9447 41.2321 14
      vertex -17 43.5 9
      vertex -17 41.2273 14
    endloop
  endfacet
  facet normal -0.384975 -0.825617 0.412493
    outer loop
      vertex -14.1136 51.9993 14
      vertex -14.9753 52.4011 14
      vertex -15.25 50.0311 9
    endloop
  endfacet
  facet normal -0.825617 -0.384975 0.412493
    outer loop
      vertex -11.5989 49.0247 14
      vertex -12.0007 49.8864 14
      vertex -13.9689 48.75 9
    endloop
  endfacet
  facet normal 0.879916 0.235788 0.412494
    outer loop
      vertex -22.4389 45.0792 14
      vertex -20.4468 46.3922 9
      vertex -22.685 45.9976 14
    endloop
  endfacet
  facet normal 0.235788 -0.879916 0.412494
    outer loop
      vertex -17.6078 50.4468 9
      vertex -18.0024 52.685 14
      vertex -18.9208 52.4389 14
    endloop
  endfacet
  facet normal 0.746134 -0.522622 0.412493
    outer loop
      vertex -21.454 50.6652 14
      vertex -19.6812 49.2498 9
      vertex -21.4222 50.7106 14
    endloop
  endfacet
  facet normal 0.746262 -0.522443 0.412488
    outer loop
      vertex -19.6812 49.2498 9
      vertex -21.454 50.6652 14
      vertex -20.0311 48.75 9
    endloop
  endfacet
  facet normal 0.0794314 -0.907489 0.412497
    outer loop
      vertex -17 50.5 9
      vertex -17.0553 52.7679 14
      vertex -17.6078 50.4468 9
    endloop
  endfacet
  facet normal 0.0787738 -0.907539 0.412513
    outer loop
      vertex -17.0553 52.7679 14
      vertex -17 50.5 9
      vertex -17 52.7727 14
    endloop
  endfacet
  facet normal 0.907539 0.0787738 0.412513
    outer loop
      vertex -22.7679 46.9447 14
      vertex -20.5 47 9
      vertex -22.7727 47 14
    endloop
  endfacet
  facet normal 0.907489 0.0794314 0.412497
    outer loop
      vertex -20.5 47 9
      vertex -22.7679 46.9447 14
      vertex -20.4468 46.3922 9
    endloop
  endfacet
  facet normal 0.907489 -0.0794328 0.412497
    outer loop
      vertex -20.4468 47.6078 9
      vertex -22.685 48.0024 14
      vertex -22.7679 47.0553 14
    endloop
  endfacet
  facet normal 0.907539 -0.0787738 0.412513
    outer loop
      vertex -20.5 47 9
      vertex -22.7679 47.0553 14
      vertex -22.7727 47 14
    endloop
  endfacet
  facet normal 0.907489 -0.0794314 0.412497
    outer loop
      vertex -22.7679 47.0553 14
      vertex -20.5 47 9
      vertex -20.4468 47.6078 9
    endloop
  endfacet
  facet normal -0.644148 -0.644148 0.412487
    outer loop
      vertex -14.7502 49.6812 9
      vertex -12.5778 50.7106 14
      vertex -13.2894 51.4222 14
    endloop
  endfacet
  facet normal -0.644148 -0.644148 0.412487
    outer loop
      vertex -12.5778 50.7106 14
      vertex -14.7502 49.6812 9
      vertex -14.3188 49.2498 9
    endloop
  endfacet
  facet normal 0.522491 -0.746224 0.412495
    outer loop
      vertex -18.75 50.0311 9
      vertex -19.8864 51.9993 14
      vertex -20.6652 51.454 14
    endloop
  endfacet
  facet normal -0.0794328 -0.907489 0.412497
    outer loop
      vertex -16.3922 50.4468 9
      vertex -15.9976 52.685 14
      vertex -16.9447 52.7679 14
    endloop
  endfacet
  facet normal -0.746134 -0.522622 0.412493
    outer loop
      vertex -14.3188 49.2498 9
      vertex -12.546 50.6652 14
      vertex -12.5778 50.7106 14
    endloop
  endfacet
  facet normal -0.746262 -0.522443 0.412488
    outer loop
      vertex -12.546 50.6652 14
      vertex -14.3188 49.2498 9
      vertex -13.9689 48.75 9
    endloop
  endfacet
  facet normal 0.522491 0.746224 0.412495
    outer loop
      vertex -19.8864 42.0007 14
      vertex -18.75 43.9689 9
      vertex -20.6652 42.546 14
    endloop
  endfacet
  facet normal -0.825364 -0.385608 0.412408
    outer loop
      vertex -13.9689 48.75 9
      vertex -11.5754 48.9744 14
      vertex -11.5989 49.0247 14
    endloop
  endfacet
  facet normal -0.82562 -0.384961 0.412501
    outer loop
      vertex -11.5754 48.9744 14
      vertex -13.9689 48.75 9
      vertex -13.7111 48.1971 9
    endloop
  endfacet
  facet normal -0.880186 -0.234826 0.412468
    outer loop
      vertex -13.7111 48.1971 9
      vertex -11.5611 48.9208 14
      vertex -11.5754 48.9744 14
    endloop
  endfacet
  facet normal -0.879922 -0.235771 0.412492
    outer loop
      vertex -11.5611 48.9208 14
      vertex -13.7111 48.1971 9
      vertex -13.5532 47.6078 9
    endloop
  endfacet
  facet normal 0.0794328 0.907489 0.412497
    outer loop
      vertex -17.0553 41.2321 14
      vertex -17.6078 43.5532 9
      vertex -18.0024 41.315 14
    endloop
  endfacet
  facet normal 0.879922 0.235771 0.412492
    outer loop
      vertex -22.4389 45.0792 14
      vertex -20.2889 45.8029 9
      vertex -20.4468 46.3922 9
    endloop
  endfacet
  facet normal 0.880186 0.234826 0.412468
    outer loop
      vertex -20.2889 45.8029 9
      vertex -22.4389 45.0792 14
      vertex -22.4246 45.0256 14
    endloop
  endfacet
  facet normal -0.384961 -0.82562 0.412501
    outer loop
      vertex -15.25 50.0311 9
      vertex -15.0256 52.4246 14
      vertex -15.8029 50.2889 9
    endloop
  endfacet
  facet normal -0.385608 -0.825364 0.412408
    outer loop
      vertex -15.0256 52.4246 14
      vertex -15.25 50.0311 9
      vertex -14.9753 52.4011 14
    endloop
  endfacet
  facet normal -0.235771 -0.879922 0.412492
    outer loop
      vertex -15.8029 50.2889 9
      vertex -15.0792 52.4389 14
      vertex -16.3922 50.4468 9
    endloop
  endfacet
  facet normal -0.234826 -0.880186 0.412468
    outer loop
      vertex -15.0792 52.4389 14
      vertex -15.8029 50.2889 9
      vertex -15.0256 52.4246 14
    endloop
  endfacet
  facet normal 0.825364 -0.385608 0.412408
    outer loop
      vertex -22.4246 48.9744 14
      vertex -20.0311 48.75 9
      vertex -22.4011 49.0247 14
    endloop
  endfacet
  facet normal 0.82562 -0.384961 0.412501
    outer loop
      vertex -20.0311 48.75 9
      vertex -22.4246 48.9744 14
      vertex -20.2889 48.1971 9
    endloop
  endfacet
  facet normal -0.258815 0.965927 0
    outer loop
      vertex -15.8029 43.7111 0
      vertex -16.3922 43.5532 9
      vertex -15.8029 43.7111 9
    endloop
  endfacet
  facet normal -0.258815 0.965927 0
    outer loop
      vertex -16.3922 43.5532 9
      vertex -15.8029 43.7111 0
      vertex -16.3922 43.5532 0
    endloop
  endfacet
  facet normal -0.965927 -0.258815 0
    outer loop
      vertex -13.5532 47.6078 0
      vertex -13.7111 48.1971 9
      vertex -13.7111 48.1971 0
    endloop
  endfacet
  facet normal -0.965927 -0.258815 0
    outer loop
      vertex -13.7111 48.1971 9
      vertex -13.5532 47.6078 0
      vertex -13.5532 47.6078 9
    endloop
  endfacet
  facet normal -0.996191 -0.0871954 0
    outer loop
      vertex -13.5 47 0
      vertex -13.5532 47.6078 9
      vertex -13.5532 47.6078 0
    endloop
  endfacet
  facet normal -0.996191 -0.0871954 0
    outer loop
      vertex -13.5532 47.6078 9
      vertex -13.5 47 0
      vertex -13.5 47 9
    endloop
  endfacet
  facet normal -0.906321 -0.422589 0
    outer loop
      vertex -13.7111 48.1971 0
      vertex -13.9689 48.75 9
      vertex -13.9689 48.75 0
    endloop
  endfacet
  facet normal -0.906321 -0.422589 0
    outer loop
      vertex -13.9689 48.75 9
      vertex -13.7111 48.1971 0
      vertex -13.7111 48.1971 9
    endloop
  endfacet
  facet normal -0.573506 -0.819201 0
    outer loop
      vertex -15.25 50.0311 0
      vertex -14.7502 49.6812 9
      vertex -15.25 50.0311 9
    endloop
  endfacet
  facet normal -0.573506 -0.819201 -0
    outer loop
      vertex -14.7502 49.6812 9
      vertex -15.25 50.0311 0
      vertex -14.7502 49.6812 0
    endloop
  endfacet
  facet normal -0.258815 -0.965927 0
    outer loop
      vertex -16.3922 50.4468 0
      vertex -15.8029 50.2889 9
      vertex -16.3922 50.4468 9
    endloop
  endfacet
  facet normal -0.258815 -0.965927 -0
    outer loop
      vertex -15.8029 50.2889 9
      vertex -16.3922 50.4468 0
      vertex -15.8029 50.2889 0
    endloop
  endfacet
  facet normal 0.819201 -0.573506 0
    outer loop
      vertex -20.0311 48.75 9
      vertex -19.6812 49.2498 0
      vertex -19.6812 49.2498 9
    endloop
  endfacet
  facet normal 0.819201 -0.573506 0
    outer loop
      vertex -19.6812 49.2498 0
      vertex -20.0311 48.75 9
      vertex -20.0311 48.75 0
    endloop
  endfacet
  facet normal -0.0871954 0.996191 0
    outer loop
      vertex -16.3922 43.5532 0
      vertex -17 43.5 9
      vertex -16.3922 43.5532 9
    endloop
  endfacet
  facet normal -0.0871954 0.996191 0
    outer loop
      vertex -17 43.5 9
      vertex -16.3922 43.5532 0
      vertex -17 43.5 0
    endloop
  endfacet
  facet normal -0.422589 -0.906321 0
    outer loop
      vertex -15.8029 50.2889 0
      vertex -15.25 50.0311 9
      vertex -15.8029 50.2889 9
    endloop
  endfacet
  facet normal -0.422589 -0.906321 -0
    outer loop
      vertex -15.25 50.0311 9
      vertex -15.8029 50.2889 0
      vertex -15.25 50.0311 0
    endloop
  endfacet
  facet normal 0.422589 0.906321 -0
    outer loop
      vertex -18.1971 43.7111 0
      vertex -18.75 43.9689 9
      vertex -18.1971 43.7111 9
    endloop
  endfacet
  facet normal 0.422589 0.906321 0
    outer loop
      vertex -18.75 43.9689 9
      vertex -18.1971 43.7111 0
      vertex -18.75 43.9689 0
    endloop
  endfacet
  facet normal -0.422589 0.906321 0
    outer loop
      vertex -15.25 43.9689 0
      vertex -15.8029 43.7111 9
      vertex -15.25 43.9689 9
    endloop
  endfacet
  facet normal -0.422589 0.906321 0
    outer loop
      vertex -15.8029 43.7111 9
      vertex -15.25 43.9689 0
      vertex -15.8029 43.7111 0
    endloop
  endfacet
  facet normal -0.819201 -0.573506 0
    outer loop
      vertex -13.9689 48.75 0
      vertex -14.3188 49.2498 9
      vertex -14.3188 49.2498 0
    endloop
  endfacet
  facet normal -0.819201 -0.573506 0
    outer loop
      vertex -14.3188 49.2498 9
      vertex -13.9689 48.75 0
      vertex -13.9689 48.75 9
    endloop
  endfacet
  facet normal -0.819201 0.573506 0
    outer loop
      vertex -14.3188 44.7502 0
      vertex -13.9689 45.25 9
      vertex -13.9689 45.25 0
    endloop
  endfacet
  facet normal -0.819201 0.573506 0
    outer loop
      vertex -13.9689 45.25 9
      vertex -14.3188 44.7502 0
      vertex -14.3188 44.7502 9
    endloop
  endfacet
  facet normal 0.906321 0.422589 0
    outer loop
      vertex -20.0311 45.25 9
      vertex -20.2889 45.8029 0
      vertex -20.2889 45.8029 9
    endloop
  endfacet
  facet normal 0.906321 0.422589 0
    outer loop
      vertex -20.2889 45.8029 0
      vertex -20.0311 45.25 9
      vertex -20.0311 45.25 0
    endloop
  endfacet
  facet normal 0.573506 -0.819201 0
    outer loop
      vertex -19.2498 49.6812 0
      vertex -18.75 50.0311 9
      vertex -19.2498 49.6812 9
    endloop
  endfacet
  facet normal 0.573506 -0.819201 0
    outer loop
      vertex -18.75 50.0311 9
      vertex -19.2498 49.6812 0
      vertex -18.75 50.0311 0
    endloop
  endfacet
  facet normal 0.906321 -0.422589 0
    outer loop
      vertex -20.2889 48.1971 9
      vertex -20.0311 48.75 0
      vertex -20.0311 48.75 9
    endloop
  endfacet
  facet normal 0.906321 -0.422589 0
    outer loop
      vertex -20.0311 48.75 0
      vertex -20.2889 48.1971 9
      vertex -20.2889 48.1971 0
    endloop
  endfacet
  facet normal -0.0871954 -0.996191 0
    outer loop
      vertex -17 50.5 0
      vertex -16.3922 50.4468 9
      vertex -17 50.5 9
    endloop
  endfacet
  facet normal -0.0871954 -0.996191 -0
    outer loop
      vertex -16.3922 50.4468 9
      vertex -17 50.5 0
      vertex -16.3922 50.4468 0
    endloop
  endfacet
  facet normal -0.996191 0.0871954 0
    outer loop
      vertex -13.5532 46.3922 0
      vertex -13.5 47 9
      vertex -13.5 47 0
    endloop
  endfacet
  facet normal -0.996191 0.0871954 0
    outer loop
      vertex -13.5 47 9
      vertex -13.5532 46.3922 0
      vertex -13.5532 46.3922 9
    endloop
  endfacet
  facet normal 0.707107 0.707107 0
    outer loop
      vertex -19.2498 44.3188 9
      vertex -19.6812 44.7502 0
      vertex -19.6812 44.7502 9
    endloop
  endfacet
  facet normal 0.707107 0.707107 0
    outer loop
      vertex -19.6812 44.7502 0
      vertex -19.2498 44.3188 9
      vertex -19.2498 44.3188 0
    endloop
  endfacet
  facet normal -0.965927 0.258815 0
    outer loop
      vertex -13.7111 45.8029 0
      vertex -13.5532 46.3922 9
      vertex -13.5532 46.3922 0
    endloop
  endfacet
  facet normal -0.965927 0.258815 0
    outer loop
      vertex -13.5532 46.3922 9
      vertex -13.7111 45.8029 0
      vertex -13.7111 45.8029 9
    endloop
  endfacet
  facet normal -0.573506 0.819201 0
    outer loop
      vertex -14.7502 44.3188 0
      vertex -15.25 43.9689 9
      vertex -14.7502 44.3188 9
    endloop
  endfacet
  facet normal -0.573506 0.819201 0
    outer loop
      vertex -15.25 43.9689 9
      vertex -14.7502 44.3188 0
      vertex -15.25 43.9689 0
    endloop
  endfacet
  facet normal -0.906321 0.422589 0
    outer loop
      vertex -13.9689 45.25 0
      vertex -13.7111 45.8029 9
      vertex -13.7111 45.8029 0
    endloop
  endfacet
  facet normal -0.906321 0.422589 0
    outer loop
      vertex -13.7111 45.8029 9
      vertex -13.9689 45.25 0
      vertex -13.9689 45.25 9
    endloop
  endfacet
  facet normal 0.258815 -0.965927 0
    outer loop
      vertex -18.1971 50.2889 0
      vertex -17.6078 50.4468 9
      vertex -18.1971 50.2889 9
    endloop
  endfacet
  facet normal 0.258815 -0.965927 0
    outer loop
      vertex -17.6078 50.4468 9
      vertex -18.1971 50.2889 0
      vertex -17.6078 50.4468 0
    endloop
  endfacet
  facet normal 0.422589 -0.906321 0
    outer loop
      vertex -18.75 50.0311 0
      vertex -18.1971 50.2889 9
      vertex -18.75 50.0311 9
    endloop
  endfacet
  facet normal 0.422589 -0.906321 0
    outer loop
      vertex -18.1971 50.2889 9
      vertex -18.75 50.0311 0
      vertex -18.1971 50.2889 0
    endloop
  endfacet
  facet normal 0.573506 0.819201 -0
    outer loop
      vertex -18.75 43.9689 0
      vertex -19.2498 44.3188 9
      vertex -18.75 43.9689 9
    endloop
  endfacet
  facet normal 0.573506 0.819201 0
    outer loop
      vertex -19.2498 44.3188 9
      vertex -18.75 43.9689 0
      vertex -19.2498 44.3188 0
    endloop
  endfacet
  facet normal -0.707107 -0.707107 0
    outer loop
      vertex -14.3188 49.2498 0
      vertex -14.7502 49.6812 9
      vertex -14.7502 49.6812 0
    endloop
  endfacet
  facet normal -0.707107 -0.707107 0
    outer loop
      vertex -14.7502 49.6812 9
      vertex -14.3188 49.2498 0
      vertex -14.3188 49.2498 9
    endloop
  endfacet
  facet normal 0.996191 0.0871954 0
    outer loop
      vertex -20.4468 46.3922 9
      vertex -20.5 47 0
      vertex -20.5 47 9
    endloop
  endfacet
  facet normal 0.996191 0.0871954 0
    outer loop
      vertex -20.5 47 0
      vertex -20.4468 46.3922 9
      vertex -20.4468 46.3922 0
    endloop
  endfacet
  facet normal 0.965927 0.258815 0
    outer loop
      vertex -20.2889 45.8029 9
      vertex -20.4468 46.3922 0
      vertex -20.4468 46.3922 9
    endloop
  endfacet
  facet normal 0.965927 0.258815 0
    outer loop
      vertex -20.4468 46.3922 0
      vertex -20.2889 45.8029 9
      vertex -20.2889 45.8029 0
    endloop
  endfacet
  facet normal 0.819201 0.573506 0
    outer loop
      vertex -19.6812 44.7502 9
      vertex -20.0311 45.25 0
      vertex -20.0311 45.25 9
    endloop
  endfacet
  facet normal 0.819201 0.573506 0
    outer loop
      vertex -20.0311 45.25 0
      vertex -19.6812 44.7502 9
      vertex -19.6812 44.7502 0
    endloop
  endfacet
  facet normal 0.258815 0.965927 -0
    outer loop
      vertex -17.6078 43.5532 0
      vertex -18.1971 43.7111 9
      vertex -17.6078 43.5532 9
    endloop
  endfacet
  facet normal 0.258815 0.965927 0
    outer loop
      vertex -18.1971 43.7111 9
      vertex -17.6078 43.5532 0
      vertex -18.1971 43.7111 0
    endloop
  endfacet
  facet normal 0.965927 -0.258815 0
    outer loop
      vertex -20.4468 47.6078 9
      vertex -20.2889 48.1971 0
      vertex -20.2889 48.1971 9
    endloop
  endfacet
  facet normal 0.965927 -0.258815 0
    outer loop
      vertex -20.2889 48.1971 0
      vertex -20.4468 47.6078 9
      vertex -20.4468 47.6078 0
    endloop
  endfacet
  facet normal 0.707107 -0.707107 0
    outer loop
      vertex -19.6812 49.2498 9
      vertex -19.2498 49.6812 0
      vertex -19.2498 49.6812 9
    endloop
  endfacet
  facet normal 0.707107 -0.707107 0
    outer loop
      vertex -19.2498 49.6812 0
      vertex -19.6812 49.2498 9
      vertex -19.6812 49.2498 0
    endloop
  endfacet
  facet normal 0.996191 -0.0871954 0
    outer loop
      vertex -20.5 47 9
      vertex -20.4468 47.6078 0
      vertex -20.4468 47.6078 9
    endloop
  endfacet
  facet normal 0.996191 -0.0871954 0
    outer loop
      vertex -20.4468 47.6078 0
      vertex -20.5 47 9
      vertex -20.5 47 0
    endloop
  endfacet
  facet normal 0.0871954 -0.996191 0
    outer loop
      vertex -17.6078 50.4468 0
      vertex -17 50.5 9
      vertex -17.6078 50.4468 9
    endloop
  endfacet
  facet normal 0.0871954 -0.996191 0
    outer loop
      vertex -17 50.5 9
      vertex -17.6078 50.4468 0
      vertex -17 50.5 0
    endloop
  endfacet
  facet normal -0.707107 0.707107 0
    outer loop
      vertex -14.7502 44.3188 0
      vertex -14.3188 44.7502 9
      vertex -14.3188 44.7502 0
    endloop
  endfacet
  facet normal -0.707107 0.707107 0
    outer loop
      vertex -14.3188 44.7502 9
      vertex -14.7502 44.3188 0
      vertex -14.7502 44.3188 9
    endloop
  endfacet
  facet normal 0.0871954 0.996191 -0
    outer loop
      vertex -17 43.5 0
      vertex -17.6078 43.5532 9
      vertex -17 43.5 9
    endloop
  endfacet
  facet normal 0.0871954 0.996191 0
    outer loop
      vertex -17.6078 43.5532 9
      vertex -17 43.5 0
      vertex -17.6078 43.5532 0
    endloop
  endfacet
  facet normal -0.977197 0.212335 0
    outer loop
      vertex 22.2613 49.8603 14
      vertex 24.9033 62.0192 27.5
      vertex 24.9033 62.0192 14
    endloop
  endfacet
  facet normal -0.968909 0.245415 -0.0314162
    outer loop
      vertex 24.9033 62.0192 27.5
      vertex 22.2613 49.8603 14
      vertex 24.9031 62.0185 27.5007
    endloop
  endfacet
  facet normal -0.977276 0.211971 0.000339254
    outer loop
      vertex 24.9031 62.0185 27.5007
      vertex 22.2613 49.8603 14
      vertex 24.8887 61.952 27.5694
    endloop
  endfacet
  facet normal -0.981745 0.188956 0.0217132
    outer loop
      vertex 24.8887 61.952 27.5694
      vertex 22.2613 49.8603 14
      vertex 24.8886 61.9514 27.5701
    endloop
  endfacet
  facet normal -0.977117 0.212703 -0.000341147
    outer loop
      vertex 24.8886 61.9514 27.5701
      vertex 22.2613 49.8603 14
      vertex 24.8741 61.8849 27.6389
    endloop
  endfacet
  facet normal -0.98399 0.174886 0.0343161
    outer loop
      vertex 24.8741 61.8849 27.6389
      vertex 22.2613 49.8603 14
      vertex 24.874 61.8842 27.6396
    endloop
  endfacet
  facet normal -0.977116 0.212705 -0.000339411
    outer loop
      vertex 24.874 61.8842 27.6396
      vertex 22.2613 49.8603 14
      vertex 24.8595 61.8177 27.7083
    endloop
  endfacet
  facet normal -0.9818 0.188701 0.0214864
    outer loop
      vertex 24.8595 61.8177 27.7083
      vertex 22.2613 49.8603 14
      vertex 24.8594 61.8171 27.709
    endloop
  endfacet
  facet normal -0.977116 0.212706 -0.00033802
    outer loop
      vertex 24.8594 61.8171 27.709
      vertex 22.2613 49.8603 14
      vertex 24.8449 61.7506 27.7778
    endloop
  endfacet
  facet normal -0.984071 0.17451 0.0339288
    outer loop
      vertex 24.8449 61.7506 27.7778
      vertex 22.2613 49.8603 14
      vertex 24.8448 61.7499 27.7785
    endloop
  endfacet
  facet normal -0.977116 0.212708 -0.000336279
    outer loop
      vertex 24.8448 61.7499 27.7785
      vertex 22.2613 49.8603 14
      vertex 24.8303 61.6834 27.8472
    endloop
  endfacet
  facet normal -0.98411 0.174323 0.0337356
    outer loop
      vertex 24.8303 61.6834 27.8472
      vertex 22.2613 49.8603 14
      vertex 24.8302 61.6827 27.8479
    endloop
  endfacet
  facet normal -0.97708 0.212872 -0.00047918
    outer loop
      vertex 24.8302 61.6827 27.8479
      vertex 22.2613 49.8603 14
      vertex 24.8157 61.6163 27.9167
    endloop
  endfacet
  facet normal -0.98415 0.174135 0.0335416
    outer loop
      vertex 24.8157 61.6163 27.9167
      vertex 22.2613 49.8603 14
      vertex 24.8156 61.6156 27.9174
    endloop
  endfacet
  facet normal -0.977115 0.212711 -0.000333148
    outer loop
      vertex 24.8156 61.6156 27.9174
      vertex 22.2613 49.8603 14
      vertex 24.8011 61.5491 27.9861
    endloop
  endfacet
  facet normal -0.98419 0.173947 0.0333484
    outer loop
      vertex 24.8011 61.5491 27.9861
      vertex 22.2613 49.8603 14
      vertex 24.801 61.5484 27.9868
    endloop
  endfacet
  facet normal -0.977243 0.212124 0.000184659
    outer loop
      vertex 24.801 61.5484 27.9868
      vertex 22.2613 49.8603 14
      vertex 24.7866 61.482 28.0556
    endloop
  endfacet
  facet normal -0.968615 0.246751 -0.0299965
    outer loop
      vertex 24.7866 61.482 28.0556
      vertex 22.2613 49.8603 14
      vertex 24.7864 61.4813 28.0563
    endloop
  endfacet
  facet normal -0.977279 0.211957 0.000325223
    outer loop
      vertex 24.7864 61.4813 28.0563
      vertex 22.2613 49.8603 14
      vertex 24.772 61.4148 28.125
    endloop
  endfacet
  facet normal -0.968578 0.246917 -0.0298193
    outer loop
      vertex 24.772 61.4148 28.125
      vertex 22.2613 49.8603 14
      vertex 24.7718 61.4141 28.1257
    endloop
  endfacet
  facet normal -0.977243 0.212121 0.000181985
    outer loop
      vertex 24.7718 61.4141 28.1257
      vertex 22.2613 49.8603 14
      vertex 24.7574 61.3477 28.1944
    endloop
  endfacet
  facet normal -0.969115 0.245028 -0.0278792
    outer loop
      vertex 24.7574 61.3477 28.1944
      vertex 22.2613 49.8603 14
      vertex 24.7572 61.347 28.1952
    endloop
  endfacet
  facet normal -0.97728 0.211953 0.000320778
    outer loop
      vertex 24.7572 61.347 28.1952
      vertex 22.2613 49.8603 14
      vertex 24.7428 61.2805 28.2639
    endloop
  endfacet
  facet normal -0.968504 0.24725 -0.0294658
    outer loop
      vertex 24.7428 61.2805 28.2639
      vertex 22.2613 49.8603 14
      vertex 24.7426 61.2798 28.2646
    endloop
  endfacet
  facet normal -0.977244 0.212118 0.000179186
    outer loop
      vertex 24.7426 61.2798 28.2646
      vertex 22.2613 49.8603 14
      vertex 24.7282 61.2134 28.3333
    endloop
  endfacet
  facet normal -0.973267 0.229245 -0.0140715
    outer loop
      vertex 24.7282 61.2134 28.3333
      vertex 22.2613 49.8603 14
      vertex 24.728 61.2126 28.3341
    endloop
  endfacet
  facet normal -0.977244 0.212117 0.000178193
    outer loop
      vertex 24.728 61.2126 28.3341
      vertex 22.2613 49.8603 14
      vertex 24.7136 61.1462 28.4028
    endloop
  endfacet
  facet normal -0.96843 0.247582 -0.0291125
    outer loop
      vertex 24.7136 61.1462 28.4028
      vertex 22.2613 49.8603 14
      vertex 24.7134 61.1455 28.4035
    endloop
  endfacet
  facet normal -0.977281 0.211947 0.000314517
    outer loop
      vertex 24.7134 61.1455 28.4035
      vertex 22.2613 49.8603 14
      vertex 24.699 61.079 28.4722
    endloop
  endfacet
  facet normal -0.968963 0.245701 -0.0272525
    outer loop
      vertex 24.699 61.079 28.4722
      vertex 22.2613 49.8603 14
      vertex 24.6988 61.0783 28.473
    endloop
  endfacet
  facet normal -0.977198 0.21233 0
    outer loop
      vertex 22.2613 49.8603 30
      vertex 24.6988 61.0783 28.473
      vertex 22.2613 49.8603 14
    endloop
  endfacet
  facet normal -0.977185 0.212389 0.000453782
    outer loop
      vertex 24.6988 61.0783 28.473
      vertex 22.2613 49.8603 30
      vertex 24.6844 61.0119 28.5417
    endloop
  endfacet
  facet normal -0.971498 0.221972 0.0831871
    outer loop
      vertex 24.6844 61.0119 28.5417
      vertex 22.2613 49.8603 30
      vertex 24.6843 61.0112 28.5424
    endloop
  endfacet
  facet normal -0.977218 0.212235 -0.000815716
    outer loop
      vertex 24.6843 61.0112 28.5424
      vertex 22.2613 49.8603 30
      vertex 24.6698 60.9447 28.6111
    endloop
  endfacet
  facet normal -0.972833 0.220301 0.071159
    outer loop
      vertex 24.6698 60.9447 28.6111
      vertex 22.2613 49.8603 30
      vertex 24.6697 60.944 28.6119
    endloop
  endfacet
  facet normal -0.977226 0.212198 -0.00116209
    outer loop
      vertex 24.6697 60.944 28.6119
      vertex 22.2613 49.8603 30
      vertex 24.6552 60.8776 28.6806
    endloop
  endfacet
  facet normal -0.971806 0.221 0.0821705
    outer loop
      vertex 24.6552 60.8776 28.6806
      vertex 22.2613 49.8603 30
      vertex 24.6551 60.8769 28.6813
    endloop
  endfacet
  facet normal -0.977217 0.212243 -0.000807597
    outer loop
      vertex 24.6551 60.8769 28.6813
      vertex 22.2613 49.8603 30
      vertex 24.6406 60.8104 28.75
    endloop
  endfacet
  facet normal -0.973075 0.219472 0.0704038
    outer loop
      vertex 24.6406 60.8104 28.75
      vertex 22.2613 49.8603 30
      vertex 24.6405 60.8097 28.7508
    endloop
  endfacet
  facet normal -0.977223 0.21221 -0.00115161
    outer loop
      vertex 24.6405 60.8097 28.7508
      vertex 22.2613 49.8603 30
      vertex 24.626 60.7433 28.8194
    endloop
  endfacet
  facet normal -0.969945 0.221645 0.100402
    outer loop
      vertex 24.626 60.7433 28.8194
      vertex 22.2613 49.8603 30
      vertex 24.6259 60.7425 28.8202
    endloop
  endfacet
  facet normal -0.977187 0.212382 0.000446435
    outer loop
      vertex 24.6259 60.7425 28.8202
      vertex 22.2613 49.8603 30
      vertex 24.6115 60.6761 28.8889
    endloop
  endfacet
  facet normal -0.976527 0.205594 -0.0642373
    outer loop
      vertex 24.6115 60.6761 28.8889
      vertex 22.2613 49.8603 30
      vertex 24.6113 60.6754 28.8897
    endloop
  endfacet
  facet normal -0.977188 0.212377 0.000442474
    outer loop
      vertex 24.6113 60.6754 28.8897
      vertex 22.2613 49.8603 30
      vertex 24.5969 60.609 28.9583
    endloop
  endfacet
  facet normal -0.977291 0.208926 -0.0353962
    outer loop
      vertex 24.5969 60.609 28.9583
      vertex 22.2613 49.8603 30
      vertex 24.5967 60.6082 28.9591
    endloop
  endfacet
  facet normal -0.977188 0.212375 0.000439196
    outer loop
      vertex 24.5967 60.6082 28.9591
      vertex 22.2613 49.8603 30
      vertex 24.5823 60.5418 29.0278
    endloop
  endfacet
  facet normal -0.976407 0.206384 -0.0635158
    outer loop
      vertex 24.5823 60.5418 29.0278
      vertex 22.2613 49.8603 30
      vertex 24.5821 60.5411 29.0286
    endloop
  endfacet
  facet normal -0.977189 0.21237 0.000435215
    outer loop
      vertex 24.5821 60.5411 29.0286
      vertex 22.2613 49.8603 30
      vertex 24.5677 60.4747 29.0972
    endloop
  endfacet
  facet normal -0.977213 0.209367 -0.0349364
    outer loop
      vertex 24.5677 60.4747 29.0972
      vertex 22.2613 49.8603 30
      vertex 24.5675 60.4739 29.098
    endloop
  endfacet
  facet normal -0.97719 0.212368 0.000431956
    outer loop
      vertex 24.5675 60.4739 29.098
      vertex 22.2613 49.8603 30
      vertex 24.5531 60.4075 29.1667
    endloop
  endfacet
  facet normal -0.977174 0.209588 -0.0347054
    outer loop
      vertex 24.5531 60.4075 29.1667
      vertex 22.2613 49.8603 30
      vertex 24.5529 60.4067 29.1675
    endloop
  endfacet
  facet normal -0.977196 0.21234 9.49284e-05
    outer loop
      vertex 24.5529 60.4067 29.1675
      vertex 22.2613 49.8603 30
      vertex 24.5385 60.3404 29.2361
    endloop
  endfacet
  facet normal -0.977135 0.209807 -0.0344771
    outer loop
      vertex 24.5385 60.3404 29.2361
      vertex 22.2613 49.8603 30
      vertex 24.5383 60.3396 29.2369
    endloop
  endfacet
  facet normal -0.977191 0.21236 0.000424717
    outer loop
      vertex 24.5383 60.3396 29.2369
      vertex 22.2613 49.8603 30
      vertex 24.5239 60.2732 29.3056
    endloop
  endfacet
  facet normal -0.977096 0.210028 -0.0342464
    outer loop
      vertex 24.5239 60.2732 29.3056
      vertex 22.2613 49.8603 30
      vertex 24.5237 60.2724 29.3064
    endloop
  endfacet
  facet normal -0.977192 0.212358 0.000422807
    outer loop
      vertex 24.5237 60.2724 29.3064
      vertex 22.2613 49.8603 30
      vertex 24.5093 60.206 29.375
    endloop
  endfacet
  facet normal -0.976102 0.208368 -0.0617035
    outer loop
      vertex 24.5093 60.206 29.375
      vertex 22.2613 49.8603 30
      vertex 24.5091 60.2053 29.3758
    endloop
  endfacet
  facet normal -0.977193 0.212353 0.000418124
    outer loop
      vertex 24.5091 60.2053 29.3758
      vertex 22.2613 49.8603 30
      vertex 24.4947 60.1389 29.4444
    endloop
  endfacet
  facet normal -0.977096 0.210696 -0.0298468
    outer loop
      vertex 24.4947 60.1389 29.4444
      vertex 22.2613 49.8603 30
      vertex 24.4945 60.1381 29.4453
    endloop
  endfacet
  facet normal -0.977193 0.212351 0.000415548
    outer loop
      vertex 24.4945 60.1381 29.4453
      vertex 22.2613 49.8603 30
      vertex 24.4801 60.0717 29.5139
    endloop
  endfacet
  facet normal -0.971915 0.215667 0.0941779
    outer loop
      vertex 24.4801 60.0717 29.5139
      vertex 22.2613 49.8603 30
      vertex 24.48 60.0709 29.5147
    endloop
  endfacet
  facet normal -0.977209 0.212275 -0.00139487
    outer loop
      vertex 24.48 60.0709 29.5147
      vertex 22.2613 49.8603 30
      vertex 24.4655 60.0046 29.5833
    endloop
  endfacet
  facet normal -0.973127 0.214849 0.0828515
    outer loop
      vertex 24.4655 60.0046 29.5833
      vertex 22.2613 49.8603 30
      vertex 24.4654 60.0038 29.5842
    endloop
  endfacet
  facet normal -0.977205 0.212295 -0.00106535
    outer loop
      vertex 24.4654 60.0038 29.5842
      vertex 22.2613 49.8603 30
      vertex 24.4509 59.9374 29.6528
    endloop
  endfacet
  facet normal -0.9723 0.214468 0.0929303
    outer loop
      vertex 24.4509 59.9374 29.6528
      vertex 22.2613 49.8603 30
      vertex 24.4508 59.9366 29.6536
    endloop
  endfacet
  facet normal -0.977205 0.212292 -0.00137821
    outer loop
      vertex 24.4508 59.9366 29.6536
      vertex 22.2613 49.8603 30
      vertex 24.4363 59.8703 29.7222
    endloop
  endfacet
  facet normal -0.971074 0.21394 0.106043
    outer loop
      vertex 24.4363 59.8703 29.7222
      vertex 22.2613 49.8603 30
      vertex 24.4362 59.8694 29.7231
    endloop
  endfacet
  facet normal -0.977196 0.21234 9.48e-05
    outer loop
      vertex 24.4362 59.8694 29.7231
      vertex 22.2613 49.8603 30
      vertex 24.4218 59.8031 29.7917
    endloop
  endfacet
  facet normal -0.976818 0.211572 -0.0326325
    outer loop
      vertex 24.4218 59.8031 29.7917
      vertex 22.2613 49.8603 30
      vertex 24.4216 59.8023 29.7925
    endloop
  endfacet
  facet normal -0.977196 0.212337 9.22559e-05
    outer loop
      vertex 24.4216 59.8023 29.7925
      vertex 22.2613 49.8603 30
      vertex 24.4072 59.736 29.8611
    endloop
  endfacet
  facet normal -0.977198 0.212259 -0.00550837
    outer loop
      vertex 24.4072 59.736 29.8611
      vertex 22.2613 49.8603 30
      vertex 24.407 59.7351 29.8619
    endloop
  endfacet
  facet normal -0.977197 0.212337 9.1683e-05
    outer loop
      vertex 24.407 59.7351 29.8619
      vertex 22.2613 49.8603 30
      vertex 24.3926 59.6688 29.9306
    endloop
  endfacet
  facet normal -0.976738 0.212009 -0.0321757
    outer loop
      vertex 24.3926 59.6688 29.9306
      vertex 22.2613 49.8603 30
      vertex 24.3924 59.668 29.9314
    endloop
  endfacet
  facet normal -0.977197 0.212336 0.000400908
    outer loop
      vertex 24.3924 59.668 29.9314
      vertex 22.2613 49.8603 30
      vertex 24.378 59.6016 30
    endloop
  endfacet
  facet normal 0.977134 0.212624 0
    outer loop
      vertex 8.82716 63.2597 27.5249
      vertex 8.82172 63.2847 14
      vertex 8.82172 63.2847 27.5
    endloop
  endfacet
  facet normal 0.977219 0.212232 -7.58921e-07
    outer loop
      vertex 8.83702 63.2143 27.5694
      vertex 8.82172 63.2847 14
      vertex 8.82716 63.2597 27.5249
    endloop
  endfacet
  facet normal 0.977165 0.212481 -0.000150636
    outer loop
      vertex 11.7387 49.8603 14
      vertex 8.83702 63.2143 27.5694
      vertex 8.84246 63.1893 27.5944
    endloop
  endfacet
  facet normal 0.977182 0.212405 -7.35355e-05
    outer loop
      vertex 11.7387 49.8603 14
      vertex 8.84246 63.1893 27.5944
      vertex 8.85231 63.144 27.6389
    endloop
  endfacet
  facet normal 0.977172 0.212448 -0.000116799
    outer loop
      vertex 11.7387 49.8603 14
      vertex 8.85231 63.144 27.6389
      vertex 8.85777 63.1189 27.6639
    endloop
  endfacet
  facet normal 0.977227 0.212194 0.000140873
    outer loop
      vertex 11.7387 49.8603 14
      vertex 8.85777 63.1189 27.6639
      vertex 8.8676 63.0736 27.7083
    endloop
  endfacet
  facet normal 0.97722 0.212227 0.000108198
    outer loop
      vertex 11.7387 49.8603 14
      vertex 8.8676 63.0736 27.7083
      vertex 8.87307 63.0484 27.7334
    endloop
  endfacet
  facet normal 0.9772 0.212319 1.56621e-05
    outer loop
      vertex 11.7387 49.8603 14
      vertex 8.87307 63.0484 27.7334
      vertex 8.88289 63.0032 27.7778
    endloop
  endfacet
  facet normal 0.977138 0.212606 -0.000271469
    outer loop
      vertex 11.7387 49.8603 14
      vertex 8.88289 63.0032 27.7778
      vertex 8.88838 62.978 27.8029
    endloop
  endfacet
  facet normal 0.977197 0.212337 -3.27024e-06
    outer loop
      vertex 11.7387 49.8603 14
      vertex 8.88838 62.978 27.8029
      vertex 8.89818 62.9329 27.8472
    endloop
  endfacet
  facet normal 0.977187 0.212383 -4.90833e-05
    outer loop
      vertex 11.7387 49.8603 14
      vertex 8.89818 62.9329 27.8472
      vertex 8.90368 62.9076 27.8724
    endloop
  endfacet
  facet normal 0.97722 0.212229 0.00010257
    outer loop
      vertex 11.7387 49.8603 14
      vertex 8.90368 62.9076 27.8724
      vertex 8.91347 62.8625 27.9167
    endloop
  endfacet
  facet normal 0.977235 0.21216 0.000170328
    outer loop
      vertex 11.7387 49.8603 14
      vertex 8.91347 62.8625 27.9167
      vertex 8.91898 62.8371 27.9419
    endloop
  endfacet
  facet normal 0.977192 0.212356 -2.09147e-05
    outer loop
      vertex 11.7387 49.8603 14
      vertex 8.91898 62.8371 27.9419
      vertex 8.92876 62.7921 27.9861
    endloop
  endfacet
  facet normal 0.977152 0.212542 -0.000201006
    outer loop
      vertex 11.7387 49.8603 14
      vertex 8.92876 62.7921 27.9861
      vertex 8.93429 62.7667 28.0114
    endloop
  endfacet
  facet normal 0.97724 0.212138 0.000188768
    outer loop
      vertex 11.7387 49.8603 14
      vertex 8.93429 62.7667 28.0114
      vertex 8.94405 62.7217 28.0556
    endloop
  endfacet
  facet normal 0.97711 0.212735 -0.000383805
    outer loop
      vertex 11.7387 49.8603 14
      vertex 8.94405 62.7217 28.0556
      vertex 8.94959 62.6963 28.0809
    endloop
  endfacet
  facet normal 0.977212 0.212265 6.52717e-05
    outer loop
      vertex 11.7387 49.8603 14
      vertex 8.94959 62.6963 28.0809
      vertex 8.95934 62.6514 28.125
    endloop
  endfacet
  facet normal 0.97725 0.212092 0.000229205
    outer loop
      vertex 11.7387 49.8603 14
      vertex 8.95934 62.6514 28.125
      vertex 8.96489 62.6258 28.1504
    endloop
  endfacet
  facet normal 0.977184 0.212395 -5.66244e-05
    outer loop
      vertex 11.7387 49.8603 14
      vertex 8.96489 62.6258 28.1504
      vertex 8.97463 62.581 28.1944
    endloop
  endfacet
  facet normal 0.977166 0.212477 -0.000133708
    outer loop
      vertex 11.7387 49.8603 14
      vertex 8.97463 62.581 28.1944
      vertex 8.9802 62.5554 28.2199
    endloop
  endfacet
  facet normal 0.97718 0.212414 -7.48071e-05
    outer loop
      vertex 11.7387 49.8603 14
      vertex 8.9802 62.5554 28.2199
      vertex 8.98992 62.5107 28.2639
    endloop
  endfacet
  facet normal 0.977215 0.21225 7.71572e-05
    outer loop
      vertex 11.7387 49.8603 14
      vertex 8.98992 62.5107 28.2639
      vertex 8.9955 62.485 28.2894
    endloop
  endfacet
  facet normal 0.977204 0.212302 2.88363e-05
    outer loop
      vertex 11.7387 49.8603 14
      vertex 8.9955 62.485 28.2894
      vertex 9.00521 62.4403 28.3333
    endloop
  endfacet
  facet normal 0.977173 0.212444 -0.000101207
    outer loop
      vertex 11.7387 49.8603 14
      vertex 9.00521 62.4403 28.3333
      vertex 9.0108 62.4146 28.3589
    endloop
  endfacet
  facet normal 0.977228 0.21219 0.000131408
    outer loop
      vertex 11.7387 49.8603 14
      vertex 9.0108 62.4146 28.3589
      vertex 9.0205 62.3699 28.4028
    endloop
  endfacet
  facet normal 0.977131 0.212639 -0.00027743
    outer loop
      vertex 11.7387 49.8603 14
      vertex 9.0205 62.3699 28.4028
      vertex 9.0261 62.3442 28.4284
    endloop
  endfacet
  facet normal 0.9772 0.212321 1.06471e-05
    outer loop
      vertex 11.7387 49.8603 14
      vertex 9.0261 62.3442 28.4284
      vertex 9.03579 62.2996 28.4722
    endloop
  endfacet
  facet normal 0.977272 0.211988 0.000310827
    outer loop
      vertex 11.7387 49.8603 14
      vertex 9.03579 62.2996 28.4722
      vertex 9.0414 62.2737 28.4979
    endloop
  endfacet
  facet normal 0.977195 0.212342 -6.35209e-06
    outer loop
      vertex 11.7387 49.8603 14
      vertex 9.0414 62.2737 28.4979
      vertex 9.05107 62.2292 28.5417
    endloop
  endfacet
  facet normal 0.977188 0.212378 -3.83975e-05
    outer loop
      vertex 11.7387 49.8603 14
      vertex 9.05107 62.2292 28.5417
      vertex 9.0567 62.2033 28.5674
    endloop
  endfacet
  facet normal 0.977166 0.212476 -0.000125694
    outer loop
      vertex 11.7387 49.8603 14
      vertex 9.0567 62.2033 28.5674
      vertex 9.06636 62.1589 28.6111
    endloop
  endfacet
  facet normal 0.977238 0.212148 0.000163626
    outer loop
      vertex 11.7387 49.8603 14
      vertex 9.06636 62.1589 28.6111
      vertex 9.072 62.1329 28.6369
    endloop
  endfacet
  facet normal 0.977191 0.212361 -2.3981e-05
    outer loop
      vertex 11.7387 49.8603 14
      vertex 9.072 62.1329 28.6369
      vertex 9.08165 62.0885 28.6806
    endloop
  endfacet
  facet normal 0.977195 0.212344 -8.45185e-06
    outer loop
      vertex 11.7387 49.8603 14
      vertex 9.08165 62.0885 28.6806
      vertex 9.0873 62.0625 28.7064
    endloop
  endfacet
  facet normal 0.977162 0.212498 -0.000142167
    outer loop
      vertex 11.7387 49.8603 14
      vertex 9.0873 62.0625 28.7064
      vertex 9.09694 62.0182 28.75
    endloop
  endfacet
  facet normal 0.977245 0.212112 0.000190212
    outer loop
      vertex 11.7387 49.8603 14
      vertex 9.09694 62.0182 28.75
      vertex 9.1026 61.9921 28.7759
    endloop
  endfacet
  facet normal 0.977212 0.212265 5.89432e-05
    outer loop
      vertex 11.7387 49.8603 14
      vertex 9.1026 61.9921 28.7759
      vertex 9.11222 61.9478 28.8194
    endloop
  endfacet
  facet normal 0.97716 0.212507 -0.000147313
    outer loop
      vertex 11.7387 49.8603 14
      vertex 9.11222 61.9478 28.8194
      vertex 9.1179 61.9217 28.8455
    endloop
  endfacet
  facet normal 0.977182 0.212402 -5.85612e-05
    outer loop
      vertex 11.7387 49.8603 14
      vertex 9.1179 61.9217 28.8455
      vertex 9.12751 61.8775 28.8889
    endloop
  endfacet
  facet normal 0.977195 0.212344 0.000121266
    outer loop
      vertex 11.7387 49.8603 30
      vertex 9.12751 61.8775 28.8889
      vertex 9.1332 61.8513 28.915
    endloop
  endfacet
  facet normal 0.977191 0.212364 0.000351289
    outer loop
      vertex 11.7387 49.8603 30
      vertex 9.1332 61.8513 28.915
      vertex 9.14279 61.8071 28.9583
    endloop
  endfacet
  facet normal 0.977209 0.212276 -0.000695629
    outer loop
      vertex 11.7387 49.8603 30
      vertex 9.14279 61.8071 28.9583
      vertex 9.1485 61.7809 28.9845
    endloop
  endfacet
  facet normal 0.977196 0.212338 5.90242e-05
    outer loop
      vertex 11.7387 49.8603 30
      vertex 9.1485 61.7809 28.9845
      vertex 9.15808 61.7368 29.0278
    endloop
  endfacet
  facet normal 0.977186 0.212385 0.000666708
    outer loop
      vertex 11.7387 49.8603 30
      vertex 9.15808 61.7368 29.0278
      vertex 9.1638 61.7104 29.054
    endloop
  endfacet
  facet normal 0.977197 0.212336 1.79606e-05
    outer loop
      vertex 11.7387 49.8603 30
      vertex 9.1638 61.7104 29.054
      vertex 9.17336 61.6664 29.0972
    endloop
  endfacet
  facet normal 0.977199 0.212324 -0.000143301
    outer loop
      vertex 11.7387 49.8603 30
      vertex 9.17336 61.6664 29.0972
      vertex 9.1791 61.64 29.1235
    endloop
  endfacet
  facet normal 0.977201 0.212315 -0.000269424
    outer loop
      vertex 11.7387 49.8603 30
      vertex 9.1791 61.64 29.1235
      vertex 9.18865 61.5961 29.1667
    endloop
  endfacet
  facet normal 0.977192 0.212355 0.000325567
    outer loop
      vertex 11.7387 49.8603 30
      vertex 9.18865 61.5961 29.1667
      vertex 9.1944 61.5696 29.193
    endloop
  endfacet
  facet normal 0.977194 0.212348 0.000218955
    outer loop
      vertex 11.7387 49.8603 30
      vertex 9.1944 61.5696 29.193
      vertex 9.20393 61.5257 29.2361
    endloop
  endfacet
  facet normal 0.977198 0.21233 -7.23381e-05
    outer loop
      vertex 11.7387 49.8603 30
      vertex 9.20393 61.5257 29.2361
      vertex 9.20969 61.4992 29.2625
    endloop
  endfacet
  facet normal 0.977201 0.212316 -0.000308315
    outer loop
      vertex 11.7387 49.8603 30
      vertex 9.20969 61.4992 29.2625
      vertex 9.21922 61.4554 29.3056
    endloop
  endfacet
  facet normal 0.977192 0.212356 0.000388788
    outer loop
      vertex 11.7387 49.8603 30
      vertex 9.21922 61.4554 29.3056
      vertex 9.22499 61.4288 29.332
    endloop
  endfacet
  facet normal 0.977201 0.212315 -0.000349156
    outer loop
      vertex 11.7387 49.8603 30
      vertex 9.22499 61.4288 29.332
      vertex 9.2345 61.3851 29.375
    endloop
  endfacet
  facet normal 0.977192 0.212357 0.000452003
    outer loop
      vertex 11.7387 49.8603 30
      vertex 9.2345 61.3851 29.375
      vertex 9.24029 61.3584 29.4015
    endloop
  endfacet
  facet normal 0.977196 0.212341 0.000132941
    outer loop
      vertex 11.7387 49.8603 30
      vertex 9.24029 61.3584 29.4015
      vertex 9.24978 61.3147 29.4444
    endloop
  endfacet
  facet normal 0.977196 0.212337 6.28556e-05
    outer loop
      vertex 11.7387 49.8603 30
      vertex 9.24978 61.3147 29.4444
      vertex 9.25558 61.288 29.471
    endloop
  endfacet
  facet normal 0.977201 0.212318 -0.000386629
    outer loop
      vertex 11.7387 49.8603 30
      vertex 9.25558 61.288 29.471
      vertex 9.26507 61.2444 29.5139
    endloop
  endfacet
  facet normal 0.977193 0.212354 0.000511419
    outer loop
      vertex 11.7387 49.8603 30
      vertex 9.26507 61.2444 29.5139
      vertex 9.27088 61.2176 29.5405
    endloop
  endfacet
  facet normal 0.977201 0.212318 -0.000426562
    outer loop
      vertex 11.7387 49.8603 30
      vertex 9.27088 61.2176 29.5405
      vertex 9.28035 61.1741 29.5833
    endloop
  endfacet
  facet normal 0.977193 0.212353 0.000571666
    outer loop
      vertex 11.7387 49.8603 30
      vertex 9.28035 61.1741 29.5833
      vertex 9.28618 61.1472 29.61
    endloop
  endfacet
  facet normal 0.977197 0.212336 4.90889e-05
    outer loop
      vertex 11.7387 49.8603 30
      vertex 9.28618 61.1472 29.61
      vertex 9.29563 61.1037 29.6528
    endloop
  endfacet
  facet normal 0.977201 0.212316 -0.000628795
    outer loop
      vertex 11.7387 49.8603 30
      vertex 9.29563 61.1037 29.6528
      vertex 9.30147 61.0769 29.6795
    endloop
  endfacet
  facet normal 0.977196 0.212341 0.000283279
    outer loop
      vertex 11.7387 49.8603 30
      vertex 9.30147 61.0769 29.6795
      vertex 9.31091 61.0334 29.7222
    endloop
  endfacet
  facet normal 0.9772 0.212321 -0.000558323
    outer loop
      vertex 11.7387 49.8603 30
      vertex 9.31091 61.0334 29.7222
      vertex 9.31677 61.0065 29.749
    endloop
  endfacet
  facet normal 0.977196 0.212338 0.000240718
    outer loop
      vertex 11.7387 49.8603 30
      vertex 9.31677 61.0065 29.749
      vertex 9.32619 60.9631 29.7917
    endloop
  endfacet
  facet normal 0.977198 0.212332 -0.000119387
    outer loop
      vertex 11.7387 49.8603 30
      vertex 9.32619 60.9631 29.7917
      vertex 9.33206 60.9361 29.8185
    endloop
  endfacet
  facet normal 0.977196 0.212337 0.000240407
    outer loop
      vertex 11.7387 49.8603 30
      vertex 9.33206 60.9361 29.8185
      vertex 9.34148 60.8927 29.8611
    endloop
  endfacet
  facet normal 0.977198 0.212328 -0.000485469
    outer loop
      vertex 11.7387 49.8603 30
      vertex 9.34148 60.8927 29.8611
      vertex 9.34736 60.8657 29.888
    endloop
  endfacet
  facet normal 0.977197 0.212335 0.000198527
    outer loop
      vertex 11.7387 49.8603 30
      vertex 9.34736 60.8657 29.888
      vertex 9.35676 60.8224 29.9306
    endloop
  endfacet
  facet normal 0.977197 0.212334 -5.38114e-05
    outer loop
      vertex 11.7387 49.8603 30
      vertex 9.35676 60.8224 29.9306
      vertex 9.36265 60.7953 29.9576
    endloop
  endfacet
  facet normal 0.977197 0.212333 -7.25578e-05
    outer loop
      vertex 11.7387 49.8603 30
      vertex 9.36265 60.7953 29.9576
      vertex 9.37204 60.7521 30
    endloop
  endfacet
  facet normal 0.977197 0.212333 0
    outer loop
      vertex 9.12751 61.8775 28.8889
      vertex 11.7387 49.8603 30
      vertex 11.7387 49.8603 14
    endloop
  endfacet
  facet normal 0.977197 0.212335 -2.03464e-07
    outer loop
      vertex 8.83702 63.2143 27.5694
      vertex 11.7387 49.8603 14
      vertex 8.82172 63.2847 14
    endloop
  endfacet
  facet normal 0 0 1
    outer loop
      vertex 20.7106 51.4222 14
      vertex 24.9033 62.0192 14
      vertex 24.6667 62 14
    endloop
  endfacet
  facet normal 0 0 1
    outer loop
      vertex 24.9033 62.0192 14
      vertex 21.4222 50.7106 14
      vertex 22.2613 49.8603 14
    endloop
  endfacet
  facet normal 0 0 1
    outer loop
      vertex 22.2613 49.8603 14
      vertex 21.454 50.6652 14
      vertex 21.9993 49.8864 14
    endloop
  endfacet
  facet normal 0 0 1
    outer loop
      vertex 22.2613 49.8603 14
      vertex 21.4222 50.7106 14
      vertex 21.454 50.6652 14
    endloop
  endfacet
  facet normal 0 0 1
    outer loop
      vertex 24.9033 62.0192 14
      vertex 20.7106 51.4222 14
      vertex 21.4222 50.7106 14
    endloop
  endfacet
  facet normal 0 0 1
    outer loop
      vertex 24.6667 62 14
      vertex 20.6652 51.454 14
      vertex 20.7106 51.4222 14
    endloop
  endfacet
  facet normal 0 0 1
    outer loop
      vertex 24.6667 62 14
      vertex 19.8864 51.9993 14
      vertex 20.6652 51.454 14
    endloop
  endfacet
  facet normal 0 0 1
    outer loop
      vertex 24.6667 62 14
      vertex 19.0247 52.4011 14
      vertex 19.8864 51.9993 14
    endloop
  endfacet
  facet normal 0 0 1
    outer loop
      vertex 24.6667 62 14
      vertex 18.9744 52.4246 14
      vertex 19.0247 52.4011 14
    endloop
  endfacet
  facet normal 0 0 1
    outer loop
      vertex 24.6667 62 14
      vertex 18.9208 52.4389 14
      vertex 18.9744 52.4246 14
    endloop
  endfacet
  facet normal 0 0 1
    outer loop
      vertex 24.6667 62 14
      vertex 18.0024 52.685 14
      vertex 18.9208 52.4389 14
    endloop
  endfacet
  facet normal 0 0 1
    outer loop
      vertex 24.6667 62 14
      vertex 17.0553 52.7679 14
      vertex 18.0024 52.685 14
    endloop
  endfacet
  facet normal 0 0 1
    outer loop
      vertex 24.6667 62 14
      vertex 17 52.7727 14
      vertex 17.0553 52.7679 14
    endloop
  endfacet
  facet normal 0 0 1
    outer loop
      vertex 8.82172 63.2847 14
      vertex 17 52.7727 14
      vertex 24.6667 62 14
    endloop
  endfacet
  facet normal 0 0 1
    outer loop
      vertex 17 52.7727 14
      vertex 8.82172 63.2847 14
      vertex 16.9447 52.7679 14
    endloop
  endfacet
  facet normal 0 0 1
    outer loop
      vertex 16.9447 52.7679 14
      vertex 8.82172 63.2847 14
      vertex 15.9976 52.685 14
    endloop
  endfacet
  facet normal 0 0 1
    outer loop
      vertex 15.9976 52.685 14
      vertex 8.82172 63.2847 14
      vertex 15.0792 52.4389 14
    endloop
  endfacet
  facet normal 0 0 1
    outer loop
      vertex 15.0792 52.4389 14
      vertex 8.82172 63.2847 14
      vertex 15.0256 52.4246 14
    endloop
  endfacet
  facet normal 0 0 1
    outer loop
      vertex 15.0256 52.4246 14
      vertex 8.82172 63.2847 14
      vertex 14.9753 52.4011 14
    endloop
  endfacet
  facet normal 0 0 1
    outer loop
      vertex 14.9753 52.4011 14
      vertex 8.82172 63.2847 14
      vertex 14.1136 51.9993 14
    endloop
  endfacet
  facet normal 0 0 1
    outer loop
      vertex 14.1136 51.9993 14
      vertex 8.82172 63.2847 14
      vertex 13.3348 51.454 14
    endloop
  endfacet
  facet normal 0 0 1
    outer loop
      vertex 11.7387 49.8603 14
      vertex 12.546 50.6652 14
      vertex 12.5778 50.7106 14
    endloop
  endfacet
  facet normal 0 0 1
    outer loop
      vertex 12.546 50.6652 14
      vertex 11.7387 49.8603 14
      vertex 12.0007 49.8864 14
    endloop
  endfacet
  facet normal 0 0 1
    outer loop
      vertex 12.5778 50.7106 14
      vertex 8.82172 63.2847 14
      vertex 11.7387 49.8603 14
    endloop
  endfacet
  facet normal 0 0 1
    outer loop
      vertex 13.2894 51.4222 14
      vertex 8.82172 63.2847 14
      vertex 12.5778 50.7106 14
    endloop
  endfacet
  facet normal 0 0 1
    outer loop
      vertex 13.3348 51.454 14
      vertex 8.82172 63.2847 14
      vertex 13.2894 51.4222 14
    endloop
  endfacet
  facet normal -0 0 1
    outer loop
      vertex 22.7679 47.0553 14
      vertex 23 47 14
      vertex 22.9088 48.0419 14
    endloop
  endfacet
  facet normal 0 0 1
    outer loop
      vertex 22.7679 46.9447 14
      vertex 23 47 14
      vertex 22.7727 47 14
    endloop
  endfacet
  facet normal 0 0 1
    outer loop
      vertex 23 47 14
      vertex 22.7679 47.0553 14
      vertex 22.7727 47 14
    endloop
  endfacet
  facet normal 0 0 1
    outer loop
      vertex 22.9088 48.0419 14
      vertex 22.685 48.0024 14
      vertex 22.7679 47.0553 14
    endloop
  endfacet
  facet normal -0 0 1
    outer loop
      vertex 22.4389 48.9208 14
      vertex 22.9088 48.0419 14
      vertex 22.6382 49.0521 14
    endloop
  endfacet
  facet normal 0 0 1
    outer loop
      vertex 22.9088 48.0419 14
      vertex 22.4389 48.9208 14
      vertex 22.685 48.0024 14
    endloop
  endfacet
  facet normal 0 0 1
    outer loop
      vertex 22.6382 49.0521 14
      vertex 22.4246 48.9744 14
      vertex 22.4389 48.9208 14
    endloop
  endfacet
  facet normal 0 0 1
    outer loop
      vertex 22.6382 49.0521 14
      vertex 22.4011 49.0247 14
      vertex 22.4246 48.9744 14
    endloop
  endfacet
  facet normal 0 0 1
    outer loop
      vertex 22.2613 49.8603 14
      vertex 22.4011 49.0247 14
      vertex 22.6382 49.0521 14
    endloop
  endfacet
  facet normal 0 0 1
    outer loop
      vertex 22.4011 49.0247 14
      vertex 22.2613 49.8603 14
      vertex 21.9993 49.8864 14
    endloop
  endfacet
  facet normal 0 0 1
    outer loop
      vertex 23 47 14
      vertex 22.7679 46.9447 14
      vertex 22.9088 45.9581 14
    endloop
  endfacet
  facet normal -0 0 1
    outer loop
      vertex 22.685 45.9976 14
      vertex 22.9088 45.9581 14
      vertex 22.7679 46.9447 14
    endloop
  endfacet
  facet normal 0 0 1
    outer loop
      vertex 22.4389 45.0792 14
      vertex 22.9088 45.9581 14
      vertex 22.685 45.9976 14
    endloop
  endfacet
  facet normal 0 0 1
    outer loop
      vertex 22.9088 45.9581 14
      vertex 22.4389 45.0792 14
      vertex 22.6382 44.9479 14
    endloop
  endfacet
  facet normal -0 0 1
    outer loop
      vertex 22.4246 45.0256 14
      vertex 22.6382 44.9479 14
      vertex 22.4389 45.0792 14
    endloop
  endfacet
  facet normal -0 0 1
    outer loop
      vertex 22.4011 44.9753 14
      vertex 22.6382 44.9479 14
      vertex 22.4246 45.0256 14
    endloop
  endfacet
  facet normal 0 0 1
    outer loop
      vertex 22.4011 44.9753 14
      vertex 22.1962 44 14
      vertex 22.6382 44.9479 14
    endloop
  endfacet
  facet normal -0 0 1
    outer loop
      vertex 21.9993 44.1136 14
      vertex 22.1962 44 14
      vertex 22.4011 44.9753 14
    endloop
  endfacet
  facet normal 0 0 1
    outer loop
      vertex 21.454 43.3348 14
      vertex 22.1962 44 14
      vertex 21.9993 44.1136 14
    endloop
  endfacet
  facet normal 0 0 1
    outer loop
      vertex 22.1962 44 14
      vertex 21.454 43.3348 14
      vertex 21.5963 43.1433 14
    endloop
  endfacet
  facet normal -0 0 1
    outer loop
      vertex 21.4222 43.2894 14
      vertex 21.5963 43.1433 14
      vertex 21.454 43.3348 14
    endloop
  endfacet
  facet normal 0 0 1
    outer loop
      vertex 21.4222 43.2894 14
      vertex 20.8567 42.4037 14
      vertex 21.5963 43.1433 14
    endloop
  endfacet
  facet normal -0 0 1
    outer loop
      vertex 20.7106 42.5778 14
      vertex 20.8567 42.4037 14
      vertex 21.4222 43.2894 14
    endloop
  endfacet
  facet normal -0 0 1
    outer loop
      vertex 20.6652 42.546 14
      vertex 20.8567 42.4037 14
      vertex 20.7106 42.5778 14
    endloop
  endfacet
  facet normal 0 0 1
    outer loop
      vertex 20.6652 42.546 14
      vertex 20 41.8038 14
      vertex 20.8567 42.4037 14
    endloop
  endfacet
  facet normal -0 0 1
    outer loop
      vertex 19.8864 42.0007 14
      vertex 20 41.8038 14
      vertex 20.6652 42.546 14
    endloop
  endfacet
  facet normal 0 0 1
    outer loop
      vertex 19.0247 41.5989 14
      vertex 20 41.8038 14
      vertex 19.8864 42.0007 14
    endloop
  endfacet
  facet normal 0 0 1
    outer loop
      vertex 20 41.8038 14
      vertex 19.0247 41.5989 14
      vertex 19.0521 41.3618 14
    endloop
  endfacet
  facet normal -0 0 1
    outer loop
      vertex 18.9744 41.5754 14
      vertex 19.0521 41.3618 14
      vertex 19.0247 41.5989 14
    endloop
  endfacet
  facet normal -0 0 1
    outer loop
      vertex 18.9208 41.5611 14
      vertex 19.0521 41.3618 14
      vertex 18.9744 41.5754 14
    endloop
  endfacet
  facet normal 0 0 1
    outer loop
      vertex 18.9208 41.5611 14
      vertex 18.0419 41.0912 14
      vertex 19.0521 41.3618 14
    endloop
  endfacet
  facet normal -0 0 1
    outer loop
      vertex 18.0024 41.315 14
      vertex 18.0419 41.0912 14
      vertex 18.9208 41.5611 14
    endloop
  endfacet
  facet normal -0 0 1
    outer loop
      vertex 17.0553 41.2321 14
      vertex 18.0419 41.0912 14
      vertex 18.0024 41.315 14
    endloop
  endfacet
  facet normal 0 0 1
    outer loop
      vertex 17 41 14
      vertex 17.0553 41.2321 14
      vertex 17 41.2273 14
    endloop
  endfacet
  facet normal 0 0 1
    outer loop
      vertex 17.0553 41.2321 14
      vertex 17 41 14
      vertex 18.0419 41.0912 14
    endloop
  endfacet
  facet normal 0 0 1
    outer loop
      vertex 16.9447 41.2321 14
      vertex 17 41 14
      vertex 17 41.2273 14
    endloop
  endfacet
  facet normal 0 0 1
    outer loop
      vertex 15.9581 41.0912 14
      vertex 16.9447 41.2321 14
      vertex 15.9976 41.315 14
    endloop
  endfacet
  facet normal 0 0 1
    outer loop
      vertex 16.9447 41.2321 14
      vertex 15.9581 41.0912 14
      vertex 17 41 14
    endloop
  endfacet
  facet normal 0 0 1
    outer loop
      vertex 15.0792 41.5611 14
      vertex 15.9581 41.0912 14
      vertex 15.9976 41.315 14
    endloop
  endfacet
  facet normal 0 0 1
    outer loop
      vertex 14.9479 41.3618 14
      vertex 15.0792 41.5611 14
      vertex 15.0256 41.5754 14
    endloop
  endfacet
  facet normal 0 0 1
    outer loop
      vertex 14.9479 41.3618 14
      vertex 15.0256 41.5754 14
      vertex 14.9753 41.5989 14
    endloop
  endfacet
  facet normal 0 0 1
    outer loop
      vertex 15.0792 41.5611 14
      vertex 14.9479 41.3618 14
      vertex 15.9581 41.0912 14
    endloop
  endfacet
  facet normal -0 0 1
    outer loop
      vertex 14 41.8038 14
      vertex 14.9753 41.5989 14
      vertex 14.1136 42.0007 14
    endloop
  endfacet
  facet normal 0 0 1
    outer loop
      vertex 14.9753 41.5989 14
      vertex 14 41.8038 14
      vertex 14.9479 41.3618 14
    endloop
  endfacet
  facet normal 0 0 1
    outer loop
      vertex 13.3348 42.546 14
      vertex 14 41.8038 14
      vertex 14.1136 42.0007 14
    endloop
  endfacet
  facet normal 0 0 1
    outer loop
      vertex 13.1433 42.4037 14
      vertex 13.3348 42.546 14
      vertex 13.2894 42.5778 14
    endloop
  endfacet
  facet normal 0 0 1
    outer loop
      vertex 13.3348 42.546 14
      vertex 13.1433 42.4037 14
      vertex 14 41.8038 14
    endloop
  endfacet
  facet normal 0 0 1
    outer loop
      vertex 12.5778 43.2894 14
      vertex 13.1433 42.4037 14
      vertex 13.2894 42.5778 14
    endloop
  endfacet
  facet normal 0 0 1
    outer loop
      vertex 12.4037 43.1433 14
      vertex 12.5778 43.2894 14
      vertex 12.546 43.3348 14
    endloop
  endfacet
  facet normal 0 0 1
    outer loop
      vertex 12.5778 43.2894 14
      vertex 12.4037 43.1433 14
      vertex 13.1433 42.4037 14
    endloop
  endfacet
  facet normal -0 0 1
    outer loop
      vertex 11.8038 44 14
      vertex 12.546 43.3348 14
      vertex 12.0007 44.1136 14
    endloop
  endfacet
  facet normal 0 0 1
    outer loop
      vertex 12.546 43.3348 14
      vertex 11.8038 44 14
      vertex 12.4037 43.1433 14
    endloop
  endfacet
  facet normal 0 0 1
    outer loop
      vertex 11.5989 44.9753 14
      vertex 11.8038 44 14
      vertex 12.0007 44.1136 14
    endloop
  endfacet
  facet normal 0 0 1
    outer loop
      vertex 11.3618 44.9479 14
      vertex 11.5989 44.9753 14
      vertex 11.5754 45.0256 14
    endloop
  endfacet
  facet normal 0 0 1
    outer loop
      vertex 11.3618 44.9479 14
      vertex 11.5754 45.0256 14
      vertex 11.5611 45.0792 14
    endloop
  endfacet
  facet normal 0 0 1
    outer loop
      vertex 11.5989 44.9753 14
      vertex 11.3618 44.9479 14
      vertex 11.8038 44 14
    endloop
  endfacet
  facet normal -0 0 1
    outer loop
      vertex 11.0912 45.9581 14
      vertex 11.5611 45.0792 14
      vertex 11.315 45.9976 14
    endloop
  endfacet
  facet normal 0 0 1
    outer loop
      vertex 11.0912 45.9581 14
      vertex 11.315 45.9976 14
      vertex 11.2321 46.9447 14
    endloop
  endfacet
  facet normal -0 0 1
    outer loop
      vertex 11 47 14
      vertex 11.2321 46.9447 14
      vertex 11.2273 47 14
    endloop
  endfacet
  facet normal 0 0 1
    outer loop
      vertex 11.2321 47.0553 14
      vertex 11 47 14
      vertex 11.2273 47 14
    endloop
  endfacet
  facet normal 0 0 1
    outer loop
      vertex 11.5611 45.0792 14
      vertex 11.0912 45.9581 14
      vertex 11.3618 44.9479 14
    endloop
  endfacet
  facet normal 0 0 1
    outer loop
      vertex 11.2321 46.9447 14
      vertex 11 47 14
      vertex 11.0912 45.9581 14
    endloop
  endfacet
  facet normal -0 0 1
    outer loop
      vertex 11.7387 49.8603 14
      vertex 11.5989 49.0247 14
      vertex 12.0007 49.8864 14
    endloop
  endfacet
  facet normal -0 0 1
    outer loop
      vertex 11.3618 49.0521 14
      vertex 11.5989 49.0247 14
      vertex 11.7387 49.8603 14
    endloop
  endfacet
  facet normal 0 0 1
    outer loop
      vertex 11.5989 49.0247 14
      vertex 11.3618 49.0521 14
      vertex 11.5754 48.9744 14
    endloop
  endfacet
  facet normal 0 0 1
    outer loop
      vertex 11.5754 48.9744 14
      vertex 11.3618 49.0521 14
      vertex 11.5611 48.9208 14
    endloop
  endfacet
  facet normal 0 0 1
    outer loop
      vertex 11.0912 48.0419 14
      vertex 11.5611 48.9208 14
      vertex 11.3618 49.0521 14
    endloop
  endfacet
  facet normal 0 0 1
    outer loop
      vertex 11.5611 48.9208 14
      vertex 11.0912 48.0419 14
      vertex 11.315 48.0024 14
    endloop
  endfacet
  facet normal 0 0 1
    outer loop
      vertex 11.315 48.0024 14
      vertex 11.0912 48.0419 14
      vertex 11.2321 47.0553 14
    endloop
  endfacet
  facet normal 0 0 1
    outer loop
      vertex 11 47 14
      vertex 11.2321 47.0553 14
      vertex 11.0912 48.0419 14
    endloop
  endfacet
  facet normal -0.258746 0.965945 0
    outer loop
      vertex 19.0521 41.3618 14
      vertex 18.0419 41.0912 30
      vertex 19.0521 41.3618 30
    endloop
  endfacet
  facet normal -0.258746 0.965945 0
    outer loop
      vertex 18.0419 41.0912 30
      vertex 19.0521 41.3618 14
      vertex 18.0419 41.0912 14
    endloop
  endfacet
  facet normal -0.965945 -0.258746 0
    outer loop
      vertex 22.9088 48.0419 14
      vertex 22.6382 49.0521 30
      vertex 22.6382 49.0521 14
    endloop
  endfacet
  facet normal -0.965945 -0.258746 0
    outer loop
      vertex 22.6382 49.0521 30
      vertex 22.9088 48.0419 14
      vertex 22.9088 48.0419 30
    endloop
  endfacet
  facet normal -0.996191 -0.087199 0
    outer loop
      vertex 23 47 14
      vertex 22.9088 48.0419 30
      vertex 22.9088 48.0419 14
    endloop
  endfacet
  facet normal -0.996191 -0.087199 0
    outer loop
      vertex 22.9088 48.0419 30
      vertex 23 47 14
      vertex 23 47 30
    endloop
  endfacet
  facet normal -0.906295 -0.422646 0
    outer loop
      vertex 22.6382 49.0521 14
      vertex 22.2613 49.8603 30
      vertex 22.2613 49.8603 14
    endloop
  endfacet
  facet normal -0.906295 -0.422646 0
    outer loop
      vertex 22.2613 49.8603 30
      vertex 22.6382 49.0521 14
      vertex 22.6382 49.0521 30
    endloop
  endfacet
  facet normal -0.707107 0.707107 0
    outer loop
      vertex 21.5963 43.1433 14
      vertex 20.8567 42.4037 30
      vertex 21.5963 43.1433 30
    endloop
  endfacet
  facet normal -0.707107 0.707107 0
    outer loop
      vertex 20.8567 42.4037 30
      vertex 21.5963 43.1433 14
      vertex 20.8567 42.4037 14
    endloop
  endfacet
  facet normal -0.087199 0.996191 0
    outer loop
      vertex 18.0419 41.0912 14
      vertex 17 41 30
      vertex 18.0419 41.0912 30
    endloop
  endfacet
  facet normal -0.087199 0.996191 0
    outer loop
      vertex 17 41 30
      vertex 18.0419 41.0912 14
      vertex 17 41 14
    endloop
  endfacet
  facet normal 0.422608 0.906313 -0
    outer loop
      vertex 14.9479 41.3618 14
      vertex 14 41.8038 30
      vertex 14.9479 41.3618 30
    endloop
  endfacet
  facet normal 0.422608 0.906313 0
    outer loop
      vertex 14 41.8038 30
      vertex 14.9479 41.3618 14
      vertex 14 41.8038 14
    endloop
  endfacet
  facet normal -0.422608 0.906313 0
    outer loop
      vertex 20 41.8038 14
      vertex 19.0521 41.3618 30
      vertex 20 41.8038 30
    endloop
  endfacet
  facet normal -0.422608 0.906313 0
    outer loop
      vertex 19.0521 41.3618 30
      vertex 20 41.8038 14
      vertex 19.0521 41.3618 14
    endloop
  endfacet
  facet normal -0.819138 0.573597 0
    outer loop
      vertex 21.5963 43.1433 14
      vertex 22.1962 44 30
      vertex 22.1962 44 14
    endloop
  endfacet
  facet normal -0.819138 0.573597 0
    outer loop
      vertex 22.1962 44 30
      vertex 21.5963 43.1433 14
      vertex 21.5963 43.1433 30
    endloop
  endfacet
  facet normal 0.906313 0.422608 0
    outer loop
      vertex 11.8038 44 30
      vertex 11.3618 44.9479 14
      vertex 11.3618 44.9479 30
    endloop
  endfacet
  facet normal 0.906313 0.422608 0
    outer loop
      vertex 11.3618 44.9479 14
      vertex 11.8038 44 30
      vertex 11.8038 44 14
    endloop
  endfacet
  facet normal 0.906295 -0.422646 0
    outer loop
      vertex 11.3618 49.0521 30
      vertex 11.7387 49.8603 14
      vertex 11.7387 49.8603 30
    endloop
  endfacet
  facet normal 0.906295 -0.422646 0
    outer loop
      vertex 11.7387 49.8603 14
      vertex 11.3618 49.0521 30
      vertex 11.3618 49.0521 14
    endloop
  endfacet
  facet normal -0.996191 0.087199 0
    outer loop
      vertex 22.9088 45.9581 14
      vertex 23 47 30
      vertex 23 47 14
    endloop
  endfacet
  facet normal -0.996191 0.087199 0
    outer loop
      vertex 23 47 30
      vertex 22.9088 45.9581 14
      vertex 22.9088 45.9581 30
    endloop
  endfacet
  facet normal 0.707107 0.707107 -0
    outer loop
      vertex 13.1433 42.4037 14
      vertex 12.4037 43.1433 30
      vertex 13.1433 42.4037 30
    endloop
  endfacet
  facet normal 0.707107 0.707107 0
    outer loop
      vertex 12.4037 43.1433 30
      vertex 13.1433 42.4037 14
      vertex 12.4037 43.1433 14
    endloop
  endfacet
  facet normal -0.965945 0.258746 0
    outer loop
      vertex 22.6382 44.9479 14
      vertex 22.9088 45.9581 30
      vertex 22.9088 45.9581 14
    endloop
  endfacet
  facet normal -0.965945 0.258746 0
    outer loop
      vertex 22.9088 45.9581 30
      vertex 22.6382 44.9479 14
      vertex 22.6382 44.9479 30
    endloop
  endfacet
  facet normal -0.573597 0.819138 0
    outer loop
      vertex 20.8567 42.4037 14
      vertex 20 41.8038 30
      vertex 20.8567 42.4037 30
    endloop
  endfacet
  facet normal -0.573597 0.819138 0
    outer loop
      vertex 20 41.8038 30
      vertex 20.8567 42.4037 14
      vertex 20 41.8038 14
    endloop
  endfacet
  facet normal -0.906313 0.422608 0
    outer loop
      vertex 22.1962 44 14
      vertex 22.6382 44.9479 30
      vertex 22.6382 44.9479 14
    endloop
  endfacet
  facet normal -0.906313 0.422608 0
    outer loop
      vertex 22.6382 44.9479 30
      vertex 22.1962 44 14
      vertex 22.1962 44 30
    endloop
  endfacet
  facet normal 0.573597 0.819138 -0
    outer loop
      vertex 14 41.8038 14
      vertex 13.1433 42.4037 30
      vertex 14 41.8038 30
    endloop
  endfacet
  facet normal 0.573597 0.819138 0
    outer loop
      vertex 13.1433 42.4037 30
      vertex 14 41.8038 14
      vertex 13.1433 42.4037 14
    endloop
  endfacet
  facet normal 0.996191 0.087199 0
    outer loop
      vertex 11.0912 45.9581 30
      vertex 11 47 14
      vertex 11 47 30
    endloop
  endfacet
  facet normal 0.996191 0.087199 0
    outer loop
      vertex 11 47 14
      vertex 11.0912 45.9581 30
      vertex 11.0912 45.9581 14
    endloop
  endfacet
  facet normal 0.965945 0.258746 0
    outer loop
      vertex 11.3618 44.9479 30
      vertex 11.0912 45.9581 14
      vertex 11.0912 45.9581 30
    endloop
  endfacet
  facet normal 0.965945 0.258746 0
    outer loop
      vertex 11.0912 45.9581 14
      vertex 11.3618 44.9479 30
      vertex 11.3618 44.9479 14
    endloop
  endfacet
  facet normal 0.819138 0.573597 0
    outer loop
      vertex 12.4037 43.1433 30
      vertex 11.8038 44 14
      vertex 11.8038 44 30
    endloop
  endfacet
  facet normal 0.819138 0.573597 0
    outer loop
      vertex 11.8038 44 14
      vertex 12.4037 43.1433 30
      vertex 12.4037 43.1433 14
    endloop
  endfacet
  facet normal 0.258746 0.965945 -0
    outer loop
      vertex 15.9581 41.0912 14
      vertex 14.9479 41.3618 30
      vertex 15.9581 41.0912 30
    endloop
  endfacet
  facet normal 0.258746 0.965945 0
    outer loop
      vertex 14.9479 41.3618 30
      vertex 15.9581 41.0912 14
      vertex 14.9479 41.3618 14
    endloop
  endfacet
  facet normal 0.965945 -0.258746 0
    outer loop
      vertex 11.0912 48.0419 30
      vertex 11.3618 49.0521 14
      vertex 11.3618 49.0521 30
    endloop
  endfacet
  facet normal 0.965945 -0.258746 0
    outer loop
      vertex 11.3618 49.0521 14
      vertex 11.0912 48.0419 30
      vertex 11.0912 48.0419 14
    endloop
  endfacet
  facet normal 0.996191 -0.087199 0
    outer loop
      vertex 11 47 30
      vertex 11.0912 48.0419 14
      vertex 11.0912 48.0419 30
    endloop
  endfacet
  facet normal 0.996191 -0.087199 0
    outer loop
      vertex 11.0912 48.0419 14
      vertex 11 47 30
      vertex 11 47 14
    endloop
  endfacet
  facet normal 0.087199 0.996191 -0
    outer loop
      vertex 17 41 14
      vertex 15.9581 41.0912 30
      vertex 17 41 30
    endloop
  endfacet
  facet normal 0.087199 0.996191 0
    outer loop
      vertex 15.9581 41.0912 30
      vertex 17 41 14
      vertex 15.9581 41.0912 14
    endloop
  endfacet
  facet normal -0.907489 -0.0794314 0.412497
    outer loop
      vertex 20.5 47 9
      vertex 22.7679 47.0553 14
      vertex 20.4468 47.6078 9
    endloop
  endfacet
  facet normal -0.907539 -0.0787738 0.412513
    outer loop
      vertex 22.7679 47.0553 14
      vertex 20.5 47 9
      vertex 22.7727 47 14
    endloop
  endfacet
  facet normal 0.825617 0.384975 0.412493
    outer loop
      vertex 12.0007 44.1136 14
      vertex 13.9689 45.25 9
      vertex 11.5989 44.9753 14
    endloop
  endfacet
  facet normal 0.907489 0.0794328 0.412497
    outer loop
      vertex 11.315 45.9976 14
      vertex 13.5532 46.3922 9
      vertex 11.2321 46.9447 14
    endloop
  endfacet
  facet normal -0.235788 -0.879916 0.412494
    outer loop
      vertex 18.9208 52.4389 14
      vertex 18.0024 52.685 14
      vertex 17.6078 50.4468 9
    endloop
  endfacet
  facet normal -0.825617 0.384975 0.412493
    outer loop
      vertex 21.9993 44.1136 14
      vertex 22.4011 44.9753 14
      vertex 20.0311 45.25 9
    endloop
  endfacet
  facet normal -0.879922 0.235771 0.412492
    outer loop
      vertex 20.2889 45.8029 9
      vertex 22.4389 45.0792 14
      vertex 20.4468 46.3922 9
    endloop
  endfacet
  facet normal -0.880186 0.234826 0.412468
    outer loop
      vertex 22.4389 45.0792 14
      vertex 20.2889 45.8029 9
      vertex 22.4246 45.0256 14
    endloop
  endfacet
  facet normal -0.746224 -0.522491 0.412495
    outer loop
      vertex 21.9993 49.8864 14
      vertex 21.454 50.6652 14
      vertex 20.0311 48.75 9
    endloop
  endfacet
  facet normal -0.235788 0.879916 0.412494
    outer loop
      vertex 18.0024 41.315 14
      vertex 18.9208 41.5611 14
      vertex 17.6078 43.5532 9
    endloop
  endfacet
  facet normal 0.746262 0.522443 0.412488
    outer loop
      vertex 12.546 43.3348 14
      vertex 14.3188 44.7502 9
      vertex 13.9689 45.25 9
    endloop
  endfacet
  facet normal 0.746134 0.522622 0.412493
    outer loop
      vertex 14.3188 44.7502 9
      vertex 12.546 43.3348 14
      vertex 12.5778 43.2894 14
    endloop
  endfacet
  facet normal -0.0794328 0.907489 0.412497
    outer loop
      vertex 18.0024 41.315 14
      vertex 17.6078 43.5532 9
      vertex 17.0553 41.2321 14
    endloop
  endfacet
  facet normal 0.235771 0.879922 0.412492
    outer loop
      vertex 15.8029 43.7111 9
      vertex 15.0792 41.5611 14
      vertex 16.3922 43.5532 9
    endloop
  endfacet
  facet normal 0.234826 0.880186 0.412468
    outer loop
      vertex 15.0792 41.5611 14
      vertex 15.8029 43.7111 9
      vertex 15.0256 41.5754 14
    endloop
  endfacet
  facet normal 0.522622 -0.746134 0.412493
    outer loop
      vertex 14.7502 49.6812 9
      vertex 13.3348 51.454 14
      vertex 13.2894 51.4222 14
    endloop
  endfacet
  facet normal 0.522443 -0.746262 0.412488
    outer loop
      vertex 13.3348 51.454 14
      vertex 14.7502 49.6812 9
      vertex 15.25 50.0311 9
    endloop
  endfacet
  facet normal 0.644148 -0.644148 0.412487
    outer loop
      vertex 12.5778 50.7106 14
      vertex 14.7502 49.6812 9
      vertex 13.2894 51.4222 14
    endloop
  endfacet
  facet normal 0.644148 -0.644148 0.412487
    outer loop
      vertex 14.7502 49.6812 9
      vertex 12.5778 50.7106 14
      vertex 14.3188 49.2498 9
    endloop
  endfacet
  facet normal 0.825617 -0.384975 0.412493
    outer loop
      vertex 13.9689 48.75 9
      vertex 12.0007 49.8864 14
      vertex 11.5989 49.0247 14
    endloop
  endfacet
  facet normal -0.879916 -0.235788 0.412494
    outer loop
      vertex 22.685 48.0024 14
      vertex 22.4389 48.9208 14
      vertex 20.4468 47.6078 9
    endloop
  endfacet
  facet normal 0.384975 0.825617 0.412493
    outer loop
      vertex 14.9753 41.5989 14
      vertex 15.25 43.9689 9
      vertex 14.1136 42.0007 14
    endloop
  endfacet
  facet normal 0.879916 -0.235788 0.412494
    outer loop
      vertex 13.5532 47.6078 9
      vertex 11.5611 48.9208 14
      vertex 11.315 48.0024 14
    endloop
  endfacet
  facet normal 0.0787738 0.907539 0.412513
    outer loop
      vertex 17 43.5 9
      vertex 16.9447 41.2321 14
      vertex 17 41.2273 14
    endloop
  endfacet
  facet normal 0.0794314 0.907489 0.412497
    outer loop
      vertex 16.9447 41.2321 14
      vertex 17 43.5 9
      vertex 16.3922 43.5532 9
    endloop
  endfacet
  facet normal 0.644148 0.644148 0.412487
    outer loop
      vertex 12.5778 43.2894 14
      vertex 14.7502 44.3188 9
      vertex 14.3188 44.7502 9
    endloop
  endfacet
  facet normal 0.644148 0.644148 0.412487
    outer loop
      vertex 14.7502 44.3188 9
      vertex 12.5778 43.2894 14
      vertex 13.2894 42.5778 14
    endloop
  endfacet
  facet normal -0.0787738 -0.907539 0.412513
    outer loop
      vertex 17 50.5 9
      vertex 17.0553 52.7679 14
      vertex 17 52.7727 14
    endloop
  endfacet
  facet normal -0.0794314 -0.907489 0.412497
    outer loop
      vertex 17.0553 52.7679 14
      vertex 17 50.5 9
      vertex 17.6078 50.4468 9
    endloop
  endfacet
  facet normal -0.879916 0.235788 0.412494
    outer loop
      vertex 22.4389 45.0792 14
      vertex 22.685 45.9976 14
      vertex 20.4468 46.3922 9
    endloop
  endfacet
  facet normal -0.644148 0.644148 0.412487
    outer loop
      vertex 19.2498 44.3188 9
      vertex 21.4222 43.2894 14
      vertex 19.6812 44.7502 9
    endloop
  endfacet
  facet normal -0.644148 0.644148 0.412487
    outer loop
      vertex 21.4222 43.2894 14
      vertex 19.2498 44.3188 9
      vertex 20.7106 42.5778 14
    endloop
  endfacet
  facet normal 0.384975 -0.825617 0.412493
    outer loop
      vertex 15.25 50.0311 9
      vertex 14.9753 52.4011 14
      vertex 14.1136 51.9993 14
    endloop
  endfacet
  facet normal 0.82562 0.384961 0.412501
    outer loop
      vertex 11.5754 45.0256 14
      vertex 13.9689 45.25 9
      vertex 13.7111 45.8029 9
    endloop
  endfacet
  facet normal 0.825364 0.385608 0.412408
    outer loop
      vertex 13.9689 45.25 9
      vertex 11.5754 45.0256 14
      vertex 11.5989 44.9753 14
    endloop
  endfacet
  facet normal -0.907489 -0.0794328 0.412497
    outer loop
      vertex 22.7679 47.0553 14
      vertex 22.685 48.0024 14
      vertex 20.4468 47.6078 9
    endloop
  endfacet
  facet normal 0.234826 -0.880186 0.412468
    outer loop
      vertex 15.8029 50.2889 9
      vertex 15.0792 52.4389 14
      vertex 15.0256 52.4246 14
    endloop
  endfacet
  facet normal 0.235771 -0.879922 0.412492
    outer loop
      vertex 15.0792 52.4389 14
      vertex 15.8029 50.2889 9
      vertex 16.3922 50.4468 9
    endloop
  endfacet
  facet normal 0.384961 0.82562 0.412501
    outer loop
      vertex 15.25 43.9689 9
      vertex 15.0256 41.5754 14
      vertex 15.8029 43.7111 9
    endloop
  endfacet
  facet normal 0.385608 0.825364 0.412408
    outer loop
      vertex 15.0256 41.5754 14
      vertex 15.25 43.9689 9
      vertex 14.9753 41.5989 14
    endloop
  endfacet
  facet normal -0.746262 0.522443 0.412488
    outer loop
      vertex 19.6812 44.7502 9
      vertex 21.454 43.3348 14
      vertex 20.0311 45.25 9
    endloop
  endfacet
  facet normal -0.746134 0.522622 0.412493
    outer loop
      vertex 21.454 43.3348 14
      vertex 19.6812 44.7502 9
      vertex 21.4222 43.2894 14
    endloop
  endfacet
  facet normal 0.522443 0.746262 0.412488
    outer loop
      vertex 14.7502 44.3188 9
      vertex 13.3348 42.546 14
      vertex 15.25 43.9689 9
    endloop
  endfacet
  facet normal 0.522622 0.746134 0.412493
    outer loop
      vertex 13.3348 42.546 14
      vertex 14.7502 44.3188 9
      vertex 13.2894 42.5778 14
    endloop
  endfacet
  facet normal 0.880186 -0.234826 0.412468
    outer loop
      vertex 11.5611 48.9208 14
      vertex 13.7111 48.1971 9
      vertex 11.5754 48.9744 14
    endloop
  endfacet
  facet normal 0.879922 -0.235771 0.412492
    outer loop
      vertex 13.7111 48.1971 9
      vertex 11.5611 48.9208 14
      vertex 13.5532 47.6078 9
    endloop
  endfacet
  facet normal -0.385608 0.825364 0.412408
    outer loop
      vertex 18.75 43.9689 9
      vertex 18.9744 41.5754 14
      vertex 19.0247 41.5989 14
    endloop
  endfacet
  facet normal -0.384961 0.82562 0.412501
    outer loop
      vertex 18.9744 41.5754 14
      vertex 18.75 43.9689 9
      vertex 18.1971 43.7111 9
    endloop
  endfacet
  facet normal -0.384975 0.825617 0.412493
    outer loop
      vertex 19.0247 41.5989 14
      vertex 19.8864 42.0007 14
      vertex 18.75 43.9689 9
    endloop
  endfacet
  facet normal -0.522622 0.746134 0.412493
    outer loop
      vertex 19.2498 44.3188 9
      vertex 20.6652 42.546 14
      vertex 20.7106 42.5778 14
    endloop
  endfacet
  facet normal -0.522443 0.746262 0.412488
    outer loop
      vertex 20.6652 42.546 14
      vertex 19.2498 44.3188 9
      vertex 18.75 43.9689 9
    endloop
  endfacet
  facet normal 0.0794328 -0.907489 0.412497
    outer loop
      vertex 16.3922 50.4468 9
      vertex 16.9447 52.7679 14
      vertex 15.9976 52.685 14
    endloop
  endfacet
  facet normal -0.522443 -0.746262 0.412488
    outer loop
      vertex 19.2498 49.6812 9
      vertex 20.6652 51.454 14
      vertex 18.75 50.0311 9
    endloop
  endfacet
  facet normal -0.522622 -0.746134 0.412493
    outer loop
      vertex 20.6652 51.454 14
      vertex 19.2498 49.6812 9
      vertex 20.7106 51.4222 14
    endloop
  endfacet
  facet normal -0.522491 -0.746224 0.412495
    outer loop
      vertex 20.6652 51.454 14
      vertex 19.8864 51.9993 14
      vertex 18.75 50.0311 9
    endloop
  endfacet
  facet normal -0.746224 0.522491 0.412495
    outer loop
      vertex 21.454 43.3348 14
      vertex 21.9993 44.1136 14
      vertex 20.0311 45.25 9
    endloop
  endfacet
  facet normal -0.907539 0.0787738 0.412513
    outer loop
      vertex 20.5 47 9
      vertex 22.7679 46.9447 14
      vertex 22.7727 47 14
    endloop
  endfacet
  facet normal -0.907489 0.0794314 0.412497
    outer loop
      vertex 22.7679 46.9447 14
      vertex 20.5 47 9
      vertex 20.4468 46.3922 9
    endloop
  endfacet
  facet normal -0.907489 0.0794328 0.412497
    outer loop
      vertex 22.685 45.9976 14
      vertex 22.7679 46.9447 14
      vertex 20.4468 46.3922 9
    endloop
  endfacet
  facet normal 0.746224 0.522491 0.412495
    outer loop
      vertex 12.546 43.3348 14
      vertex 13.9689 45.25 9
      vertex 12.0007 44.1136 14
    endloop
  endfacet
  facet normal 0.235788 0.879916 0.412494
    outer loop
      vertex 15.9976 41.315 14
      vertex 16.3922 43.5532 9
      vertex 15.0792 41.5611 14
    endloop
  endfacet
  facet normal 0.385608 -0.825364 0.412408
    outer loop
      vertex 15.25 50.0311 9
      vertex 15.0256 52.4246 14
      vertex 14.9753 52.4011 14
    endloop
  endfacet
  facet normal 0.384961 -0.82562 0.412501
    outer loop
      vertex 15.0256 52.4246 14
      vertex 15.25 50.0311 9
      vertex 15.8029 50.2889 9
    endloop
  endfacet
  facet normal -0.82562 0.384961 0.412501
    outer loop
      vertex 20.0311 45.25 9
      vertex 22.4246 45.0256 14
      vertex 20.2889 45.8029 9
    endloop
  endfacet
  facet normal -0.825364 0.385608 0.412408
    outer loop
      vertex 22.4246 45.0256 14
      vertex 20.0311 45.25 9
      vertex 22.4011 44.9753 14
    endloop
  endfacet
  facet normal 0.746224 -0.522491 0.412495
    outer loop
      vertex 13.9689 48.75 9
      vertex 12.546 50.6652 14
      vertex 12.0007 49.8864 14
    endloop
  endfacet
  facet normal -0.234826 0.880186 0.412468
    outer loop
      vertex 18.1971 43.7111 9
      vertex 18.9208 41.5611 14
      vertex 18.9744 41.5754 14
    endloop
  endfacet
  facet normal -0.235771 0.879922 0.412492
    outer loop
      vertex 18.9208 41.5611 14
      vertex 18.1971 43.7111 9
      vertex 17.6078 43.5532 9
    endloop
  endfacet
  facet normal -0.522491 0.746224 0.412495
    outer loop
      vertex 19.8864 42.0007 14
      vertex 20.6652 42.546 14
      vertex 18.75 43.9689 9
    endloop
  endfacet
  facet normal -0.0794314 0.907489 0.412497
    outer loop
      vertex 17 43.5 9
      vertex 17.0553 41.2321 14
      vertex 17.6078 43.5532 9
    endloop
  endfacet
  facet normal -0.0787738 0.907539 0.412513
    outer loop
      vertex 17.0553 41.2321 14
      vertex 17 43.5 9
      vertex 17 41.2273 14
    endloop
  endfacet
  facet normal -0.384975 -0.825617 0.412493
    outer loop
      vertex 19.8864 51.9993 14
      vertex 19.0247 52.4011 14
      vertex 18.75 50.0311 9
    endloop
  endfacet
  facet normal -0.825617 -0.384975 0.412493
    outer loop
      vertex 22.4011 49.0247 14
      vertex 21.9993 49.8864 14
      vertex 20.0311 48.75 9
    endloop
  endfacet
  facet normal 0.879916 0.235788 0.412494
    outer loop
      vertex 11.5611 45.0792 14
      vertex 13.5532 46.3922 9
      vertex 11.315 45.9976 14
    endloop
  endfacet
  facet normal 0.235788 -0.879916 0.412494
    outer loop
      vertex 16.3922 50.4468 9
      vertex 15.9976 52.685 14
      vertex 15.0792 52.4389 14
    endloop
  endfacet
  facet normal 0.746134 -0.522622 0.412493
    outer loop
      vertex 12.546 50.6652 14
      vertex 14.3188 49.2498 9
      vertex 12.5778 50.7106 14
    endloop
  endfacet
  facet normal 0.746262 -0.522443 0.412488
    outer loop
      vertex 14.3188 49.2498 9
      vertex 12.546 50.6652 14
      vertex 13.9689 48.75 9
    endloop
  endfacet
  facet normal 0.0794314 -0.907489 0.412497
    outer loop
      vertex 17 50.5 9
      vertex 16.9447 52.7679 14
      vertex 16.3922 50.4468 9
    endloop
  endfacet
  facet normal 0.0787738 -0.907539 0.412513
    outer loop
      vertex 16.9447 52.7679 14
      vertex 17 50.5 9
      vertex 17 52.7727 14
    endloop
  endfacet
  facet normal 0.907539 0.0787738 0.412513
    outer loop
      vertex 11.2321 46.9447 14
      vertex 13.5 47 9
      vertex 11.2273 47 14
    endloop
  endfacet
  facet normal 0.907489 0.0794314 0.412497
    outer loop
      vertex 13.5 47 9
      vertex 11.2321 46.9447 14
      vertex 13.5532 46.3922 9
    endloop
  endfacet
  facet normal 0.907489 -0.0794328 0.412497
    outer loop
      vertex 13.5532 47.6078 9
      vertex 11.315 48.0024 14
      vertex 11.2321 47.0553 14
    endloop
  endfacet
  facet normal 0.907539 -0.0787738 0.412513
    outer loop
      vertex 13.5 47 9
      vertex 11.2321 47.0553 14
      vertex 11.2273 47 14
    endloop
  endfacet
  facet normal 0.907489 -0.0794314 0.412497
    outer loop
      vertex 11.2321 47.0553 14
      vertex 13.5 47 9
      vertex 13.5532 47.6078 9
    endloop
  endfacet
  facet normal -0.644148 -0.644148 0.412487
    outer loop
      vertex 19.2498 49.6812 9
      vertex 21.4222 50.7106 14
      vertex 20.7106 51.4222 14
    endloop
  endfacet
  facet normal -0.644148 -0.644148 0.412487
    outer loop
      vertex 21.4222 50.7106 14
      vertex 19.2498 49.6812 9
      vertex 19.6812 49.2498 9
    endloop
  endfacet
  facet normal 0.522491 -0.746224 0.412495
    outer loop
      vertex 15.25 50.0311 9
      vertex 14.1136 51.9993 14
      vertex 13.3348 51.454 14
    endloop
  endfacet
  facet normal -0.0794328 -0.907489 0.412497
    outer loop
      vertex 17.6078 50.4468 9
      vertex 18.0024 52.685 14
      vertex 17.0553 52.7679 14
    endloop
  endfacet
  facet normal -0.746134 -0.522622 0.412493
    outer loop
      vertex 19.6812 49.2498 9
      vertex 21.454 50.6652 14
      vertex 21.4222 50.7106 14
    endloop
  endfacet
  facet normal -0.746262 -0.522443 0.412488
    outer loop
      vertex 21.454 50.6652 14
      vertex 19.6812 49.2498 9
      vertex 20.0311 48.75 9
    endloop
  endfacet
  facet normal 0.522491 0.746224 0.412495
    outer loop
      vertex 14.1136 42.0007 14
      vertex 15.25 43.9689 9
      vertex 13.3348 42.546 14
    endloop
  endfacet
  facet normal -0.825364 -0.385608 0.412408
    outer loop
      vertex 20.0311 48.75 9
      vertex 22.4246 48.9744 14
      vertex 22.4011 49.0247 14
    endloop
  endfacet
  facet normal -0.82562 -0.384961 0.412501
    outer loop
      vertex 22.4246 48.9744 14
      vertex 20.0311 48.75 9
      vertex 20.2889 48.1971 9
    endloop
  endfacet
  facet normal -0.880186 -0.234826 0.412468
    outer loop
      vertex 20.2889 48.1971 9
      vertex 22.4389 48.9208 14
      vertex 22.4246 48.9744 14
    endloop
  endfacet
  facet normal -0.879922 -0.235771 0.412492
    outer loop
      vertex 22.4389 48.9208 14
      vertex 20.2889 48.1971 9
      vertex 20.4468 47.6078 9
    endloop
  endfacet
  facet normal 0.0794328 0.907489 0.412497
    outer loop
      vertex 16.9447 41.2321 14
      vertex 16.3922 43.5532 9
      vertex 15.9976 41.315 14
    endloop
  endfacet
  facet normal 0.879922 0.235771 0.412492
    outer loop
      vertex 11.5611 45.0792 14
      vertex 13.7111 45.8029 9
      vertex 13.5532 46.3922 9
    endloop
  endfacet
  facet normal 0.880186 0.234826 0.412468
    outer loop
      vertex 13.7111 45.8029 9
      vertex 11.5611 45.0792 14
      vertex 11.5754 45.0256 14
    endloop
  endfacet
  facet normal -0.384961 -0.82562 0.412501
    outer loop
      vertex 18.75 50.0311 9
      vertex 18.9744 52.4246 14
      vertex 18.1971 50.2889 9
    endloop
  endfacet
  facet normal -0.385608 -0.825364 0.412408
    outer loop
      vertex 18.9744 52.4246 14
      vertex 18.75 50.0311 9
      vertex 19.0247 52.4011 14
    endloop
  endfacet
  facet normal -0.235771 -0.879922 0.412492
    outer loop
      vertex 18.1971 50.2889 9
      vertex 18.9208 52.4389 14
      vertex 17.6078 50.4468 9
    endloop
  endfacet
  facet normal -0.234826 -0.880186 0.412468
    outer loop
      vertex 18.9208 52.4389 14
      vertex 18.1971 50.2889 9
      vertex 18.9744 52.4246 14
    endloop
  endfacet
  facet normal 0.825364 -0.385608 0.412408
    outer loop
      vertex 11.5754 48.9744 14
      vertex 13.9689 48.75 9
      vertex 11.5989 49.0247 14
    endloop
  endfacet
  facet normal 0.82562 -0.384961 0.412501
    outer loop
      vertex 13.9689 48.75 9
      vertex 11.5754 48.9744 14
      vertex 13.7111 48.1971 9
    endloop
  endfacet
  facet normal -0.258815 0.965927 0
    outer loop
      vertex 18.1971 43.7111 0
      vertex 17.6078 43.5532 9
      vertex 18.1971 43.7111 9
    endloop
  endfacet
  facet normal -0.258815 0.965927 0
    outer loop
      vertex 17.6078 43.5532 9
      vertex 18.1971 43.7111 0
      vertex 17.6078 43.5532 0
    endloop
  endfacet
  facet normal -0.965927 -0.258815 0
    outer loop
      vertex 20.4468 47.6078 0
      vertex 20.2889 48.1971 9
      vertex 20.2889 48.1971 0
    endloop
  endfacet
  facet normal -0.965927 -0.258815 0
    outer loop
      vertex 20.2889 48.1971 9
      vertex 20.4468 47.6078 0
      vertex 20.4468 47.6078 9
    endloop
  endfacet
  facet normal -0.996191 -0.0871954 0
    outer loop
      vertex 20.5 47 0
      vertex 20.4468 47.6078 9
      vertex 20.4468 47.6078 0
    endloop
  endfacet
  facet normal -0.996191 -0.0871954 0
    outer loop
      vertex 20.4468 47.6078 9
      vertex 20.5 47 0
      vertex 20.5 47 9
    endloop
  endfacet
  facet normal -0.906321 -0.422589 0
    outer loop
      vertex 20.2889 48.1971 0
      vertex 20.0311 48.75 9
      vertex 20.0311 48.75 0
    endloop
  endfacet
  facet normal -0.906321 -0.422589 0
    outer loop
      vertex 20.0311 48.75 9
      vertex 20.2889 48.1971 0
      vertex 20.2889 48.1971 9
    endloop
  endfacet
  facet normal -0.707107 0.707107 0
    outer loop
      vertex 19.2498 44.3188 0
      vertex 19.6812 44.7502 9
      vertex 19.6812 44.7502 0
    endloop
  endfacet
  facet normal -0.707107 0.707107 0
    outer loop
      vertex 19.6812 44.7502 9
      vertex 19.2498 44.3188 0
      vertex 19.2498 44.3188 9
    endloop
  endfacet
  facet normal -0.573506 -0.819201 0
    outer loop
      vertex 18.75 50.0311 0
      vertex 19.2498 49.6812 9
      vertex 18.75 50.0311 9
    endloop
  endfacet
  facet normal -0.573506 -0.819201 -0
    outer loop
      vertex 19.2498 49.6812 9
      vertex 18.75 50.0311 0
      vertex 19.2498 49.6812 0
    endloop
  endfacet
  facet normal -0.258815 -0.965927 0
    outer loop
      vertex 17.6078 50.4468 0
      vertex 18.1971 50.2889 9
      vertex 17.6078 50.4468 9
    endloop
  endfacet
  facet normal -0.258815 -0.965927 -0
    outer loop
      vertex 18.1971 50.2889 9
      vertex 17.6078 50.4468 0
      vertex 18.1971 50.2889 0
    endloop
  endfacet
  facet normal 0.819201 -0.573506 0
    outer loop
      vertex 13.9689 48.75 9
      vertex 14.3188 49.2498 0
      vertex 14.3188 49.2498 9
    endloop
  endfacet
  facet normal 0.819201 -0.573506 0
    outer loop
      vertex 14.3188 49.2498 0
      vertex 13.9689 48.75 9
      vertex 13.9689 48.75 0
    endloop
  endfacet
  facet normal -0.0871954 0.996191 0
    outer loop
      vertex 17.6078 43.5532 0
      vertex 17 43.5 9
      vertex 17.6078 43.5532 9
    endloop
  endfacet
  facet normal -0.0871954 0.996191 0
    outer loop
      vertex 17 43.5 9
      vertex 17.6078 43.5532 0
      vertex 17 43.5 0
    endloop
  endfacet
  facet normal -0.422589 -0.906321 0
    outer loop
      vertex 18.1971 50.2889 0
      vertex 18.75 50.0311 9
      vertex 18.1971 50.2889 9
    endloop
  endfacet
  facet normal -0.422589 -0.906321 -0
    outer loop
      vertex 18.75 50.0311 9
      vertex 18.1971 50.2889 0
      vertex 18.75 50.0311 0
    endloop
  endfacet
  facet normal 0.422589 0.906321 -0
    outer loop
      vertex 15.8029 43.7111 0
      vertex 15.25 43.9689 9
      vertex 15.8029 43.7111 9
    endloop
  endfacet
  facet normal 0.422589 0.906321 0
    outer loop
      vertex 15.25 43.9689 9
      vertex 15.8029 43.7111 0
      vertex 15.25 43.9689 0
    endloop
  endfacet
  facet normal -0.422589 0.906321 0
    outer loop
      vertex 18.75 43.9689 0
      vertex 18.1971 43.7111 9
      vertex 18.75 43.9689 9
    endloop
  endfacet
  facet normal -0.422589 0.906321 0
    outer loop
      vertex 18.1971 43.7111 9
      vertex 18.75 43.9689 0
      vertex 18.1971 43.7111 0
    endloop
  endfacet
  facet normal -0.819201 -0.573506 0
    outer loop
      vertex 20.0311 48.75 0
      vertex 19.6812 49.2498 9
      vertex 19.6812 49.2498 0
    endloop
  endfacet
  facet normal -0.819201 -0.573506 0
    outer loop
      vertex 19.6812 49.2498 9
      vertex 20.0311 48.75 0
      vertex 20.0311 48.75 9
    endloop
  endfacet
  facet normal -0.819201 0.573506 0
    outer loop
      vertex 19.6812 44.7502 0
      vertex 20.0311 45.25 9
      vertex 20.0311 45.25 0
    endloop
  endfacet
  facet normal -0.819201 0.573506 0
    outer loop
      vertex 20.0311 45.25 9
      vertex 19.6812 44.7502 0
      vertex 19.6812 44.7502 9
    endloop
  endfacet
  facet normal 0.906321 0.422589 0
    outer loop
      vertex 13.9689 45.25 9
      vertex 13.7111 45.8029 0
      vertex 13.7111 45.8029 9
    endloop
  endfacet
  facet normal 0.906321 0.422589 0
    outer loop
      vertex 13.7111 45.8029 0
      vertex 13.9689 45.25 9
      vertex 13.9689 45.25 0
    endloop
  endfacet
  facet normal 0.573506 -0.819201 0
    outer loop
      vertex 14.7502 49.6812 0
      vertex 15.25 50.0311 9
      vertex 14.7502 49.6812 9
    endloop
  endfacet
  facet normal 0.573506 -0.819201 0
    outer loop
      vertex 15.25 50.0311 9
      vertex 14.7502 49.6812 0
      vertex 15.25 50.0311 0
    endloop
  endfacet
  facet normal 0.906321 -0.422589 0
    outer loop
      vertex 13.7111 48.1971 9
      vertex 13.9689 48.75 0
      vertex 13.9689 48.75 9
    endloop
  endfacet
  facet normal 0.906321 -0.422589 0
    outer loop
      vertex 13.9689 48.75 0
      vertex 13.7111 48.1971 9
      vertex 13.7111 48.1971 0
    endloop
  endfacet
  facet normal -0.0871954 -0.996191 0
    outer loop
      vertex 17 50.5 0
      vertex 17.6078 50.4468 9
      vertex 17 50.5 9
    endloop
  endfacet
  facet normal -0.0871954 -0.996191 -0
    outer loop
      vertex 17.6078 50.4468 9
      vertex 17 50.5 0
      vertex 17.6078 50.4468 0
    endloop
  endfacet
  facet normal -0.996191 0.0871954 0
    outer loop
      vertex 20.4468 46.3922 0
      vertex 20.5 47 9
      vertex 20.5 47 0
    endloop
  endfacet
  facet normal -0.996191 0.0871954 0
    outer loop
      vertex 20.5 47 9
      vertex 20.4468 46.3922 0
      vertex 20.4468 46.3922 9
    endloop
  endfacet
  facet normal 0.707107 0.707107 0
    outer loop
      vertex 14.7502 44.3188 9
      vertex 14.3188 44.7502 0
      vertex 14.3188 44.7502 9
    endloop
  endfacet
  facet normal 0.707107 0.707107 0
    outer loop
      vertex 14.3188 44.7502 0
      vertex 14.7502 44.3188 9
      vertex 14.7502 44.3188 0
    endloop
  endfacet
  facet normal -0.965927 0.258815 0
    outer loop
      vertex 20.2889 45.8029 0
      vertex 20.4468 46.3922 9
      vertex 20.4468 46.3922 0
    endloop
  endfacet
  facet normal -0.965927 0.258815 0
    outer loop
      vertex 20.4468 46.3922 9
      vertex 20.2889 45.8029 0
      vertex 20.2889 45.8029 9
    endloop
  endfacet
  facet normal -0.573506 0.819201 0
    outer loop
      vertex 19.2498 44.3188 0
      vertex 18.75 43.9689 9
      vertex 19.2498 44.3188 9
    endloop
  endfacet
  facet normal -0.573506 0.819201 0
    outer loop
      vertex 18.75 43.9689 9
      vertex 19.2498 44.3188 0
      vertex 18.75 43.9689 0
    endloop
  endfacet
  facet normal -0.906321 0.422589 0
    outer loop
      vertex 20.0311 45.25 0
      vertex 20.2889 45.8029 9
      vertex 20.2889 45.8029 0
    endloop
  endfacet
  facet normal -0.906321 0.422589 0
    outer loop
      vertex 20.2889 45.8029 9
      vertex 20.0311 45.25 0
      vertex 20.0311 45.25 9
    endloop
  endfacet
  facet normal 0.258815 -0.965927 0
    outer loop
      vertex 15.8029 50.2889 0
      vertex 16.3922 50.4468 9
      vertex 15.8029 50.2889 9
    endloop
  endfacet
  facet normal 0.258815 -0.965927 0
    outer loop
      vertex 16.3922 50.4468 9
      vertex 15.8029 50.2889 0
      vertex 16.3922 50.4468 0
    endloop
  endfacet
  facet normal 0.422589 -0.906321 0
    outer loop
      vertex 15.25 50.0311 0
      vertex 15.8029 50.2889 9
      vertex 15.25 50.0311 9
    endloop
  endfacet
  facet normal 0.422589 -0.906321 0
    outer loop
      vertex 15.8029 50.2889 9
      vertex 15.25 50.0311 0
      vertex 15.8029 50.2889 0
    endloop
  endfacet
  facet normal 0.573506 0.819201 -0
    outer loop
      vertex 15.25 43.9689 0
      vertex 14.7502 44.3188 9
      vertex 15.25 43.9689 9
    endloop
  endfacet
  facet normal 0.573506 0.819201 0
    outer loop
      vertex 14.7502 44.3188 9
      vertex 15.25 43.9689 0
      vertex 14.7502 44.3188 0
    endloop
  endfacet
  facet normal -0.707107 -0.707107 0
    outer loop
      vertex 19.6812 49.2498 0
      vertex 19.2498 49.6812 9
      vertex 19.2498 49.6812 0
    endloop
  endfacet
  facet normal -0.707107 -0.707107 0
    outer loop
      vertex 19.2498 49.6812 9
      vertex 19.6812 49.2498 0
      vertex 19.6812 49.2498 9
    endloop
  endfacet
  facet normal 0.996191 0.0871954 0
    outer loop
      vertex 13.5532 46.3922 9
      vertex 13.5 47 0
      vertex 13.5 47 9
    endloop
  endfacet
  facet normal 0.996191 0.0871954 0
    outer loop
      vertex 13.5 47 0
      vertex 13.5532 46.3922 9
      vertex 13.5532 46.3922 0
    endloop
  endfacet
  facet normal 0.965927 0.258815 0
    outer loop
      vertex 13.7111 45.8029 9
      vertex 13.5532 46.3922 0
      vertex 13.5532 46.3922 9
    endloop
  endfacet
  facet normal 0.965927 0.258815 0
    outer loop
      vertex 13.5532 46.3922 0
      vertex 13.7111 45.8029 9
      vertex 13.7111 45.8029 0
    endloop
  endfacet
  facet normal 0.819201 0.573506 0
    outer loop
      vertex 14.3188 44.7502 9
      vertex 13.9689 45.25 0
      vertex 13.9689 45.25 9
    endloop
  endfacet
  facet normal 0.819201 0.573506 0
    outer loop
      vertex 13.9689 45.25 0
      vertex 14.3188 44.7502 9
      vertex 14.3188 44.7502 0
    endloop
  endfacet
  facet normal 0.258815 0.965927 -0
    outer loop
      vertex 16.3922 43.5532 0
      vertex 15.8029 43.7111 9
      vertex 16.3922 43.5532 9
    endloop
  endfacet
  facet normal 0.258815 0.965927 0
    outer loop
      vertex 15.8029 43.7111 9
      vertex 16.3922 43.5532 0
      vertex 15.8029 43.7111 0
    endloop
  endfacet
  facet normal 0.965927 -0.258815 0
    outer loop
      vertex 13.5532 47.6078 9
      vertex 13.7111 48.1971 0
      vertex 13.7111 48.1971 9
    endloop
  endfacet
  facet normal 0.965927 -0.258815 0
    outer loop
      vertex 13.7111 48.1971 0
      vertex 13.5532 47.6078 9
      vertex 13.5532 47.6078 0
    endloop
  endfacet
  facet normal 0.707107 -0.707107 0
    outer loop
      vertex 14.3188 49.2498 9
      vertex 14.7502 49.6812 0
      vertex 14.7502 49.6812 9
    endloop
  endfacet
  facet normal 0.707107 -0.707107 0
    outer loop
      vertex 14.7502 49.6812 0
      vertex 14.3188 49.2498 9
      vertex 14.3188 49.2498 0
    endloop
  endfacet
  facet normal 0.996191 -0.0871954 0
    outer loop
      vertex 13.5 47 9
      vertex 13.5532 47.6078 0
      vertex 13.5532 47.6078 9
    endloop
  endfacet
  facet normal 0.996191 -0.0871954 0
    outer loop
      vertex 13.5532 47.6078 0
      vertex 13.5 47 9
      vertex 13.5 47 0
    endloop
  endfacet
  facet normal 0.0871954 -0.996191 0
    outer loop
      vertex 16.3922 50.4468 0
      vertex 17 50.5 9
      vertex 16.3922 50.4468 9
    endloop
  endfacet
  facet normal 0.0871954 -0.996191 0
    outer loop
      vertex 17 50.5 9
      vertex 16.3922 50.4468 0
      vertex 17 50.5 0
    endloop
  endfacet
  facet normal 0.0871954 0.996191 -0
    outer loop
      vertex 17 43.5 0
      vertex 16.3922 43.5532 9
      vertex 17 43.5 9
    endloop
  endfacet
  facet normal 0.0871954 0.996191 0
    outer loop
      vertex 16.3922 43.5532 9
      vertex 17 43.5 0
      vertex 16.3922 43.5532 0
    endloop
  endfacet
  facet normal -0.977138 0.212605 0
    outer loop
      vertex 59.3337 64 14
      vertex 59.3186 63.9306 27.5694
      vertex 59.3337 64 27.5
    endloop
  endfacet
  facet normal -0.977197 0.212334 -1.45107e-06
    outer loop
      vertex 56.2613 49.8603 14
      vertex 59.3186 63.9306 27.5694
      vertex 59.3337 64 14
    endloop
  endfacet
  facet normal -0.977207 0.21229 4.62177e-05
    outer loop
      vertex 59.3186 63.9306 27.5694
      vertex 56.2613 49.8603 14
      vertex 59.213 63.4444 28.0556
    endloop
  endfacet
  facet normal -0.977167 0.212473 -0.000138527
    outer loop
      vertex 59.213 63.4444 28.0556
      vertex 56.2613 49.8603 14
      vertex 59.1979 63.375 28.125
    endloop
  endfacet
  facet normal -0.977167 0.212473 -0.000138527
    outer loop
      vertex 59.1979 63.375 28.125
      vertex 56.2613 49.8603 14
      vertex 59.1828 63.3056 28.1944
    endloop
  endfacet
  facet normal -0.977207 0.212288 4.433e-05
    outer loop
      vertex 59.1828 63.3056 28.1944
      vertex 56.2613 49.8603 14
      vertex 59.0772 62.8194 28.6806
    endloop
  endfacet
  facet normal -0.977166 0.212479 -0.000131914
    outer loop
      vertex 59.0772 62.8194 28.6806
      vertex 56.2613 49.8603 14
      vertex 59.0621 62.75 28.75
    endloop
  endfacet
  facet normal -0.977166 0.212479 -0.000131914
    outer loop
      vertex 59.0621 62.75 28.75
      vertex 56.2613 49.8603 14
      vertex 59.047 62.6806 28.8194
    endloop
  endfacet
  facet normal -0.977197 0.212333 0
    outer loop
      vertex 56.2613 49.8603 30
      vertex 59.047 62.6806 28.8194
      vertex 56.2613 49.8603 14
    endloop
  endfacet
  facet normal -0.977195 0.212342 0.000100782
    outer loop
      vertex 59.047 62.6806 28.8194
      vertex 56.2613 49.8603 30
      vertex 58.9414 62.1944 29.3056
    endloop
  endfacet
  facet normal -0.9772 0.212321 -0.000297553
    outer loop
      vertex 58.9414 62.1944 29.3056
      vertex 56.2613 49.8603 30
      vertex 58.9263 62.125 29.375
    endloop
  endfacet
  facet normal -0.9772 0.212321 -0.000297553
    outer loop
      vertex 58.9263 62.125 29.375
      vertex 56.2613 49.8603 30
      vertex 58.9112 62.0556 29.4444
    endloop
  endfacet
  facet normal -0.977196 0.212338 9.62999e-05
    outer loop
      vertex 58.9112 62.0556 29.4444
      vertex 56.2613 49.8603 30
      vertex 58.8056 61.5694 29.9306
    endloop
  endfacet
  facet normal -0.977197 0.212336 -0.00028185
    outer loop
      vertex 58.8056 61.5694 29.9306
      vertex 56.2613 49.8603 30
      vertex 58.7905 61.5 30
    endloop
  endfacet
  facet normal 0.977187 0.212381 -4.7973e-05
    outer loop
      vertex 45.7387 49.8603 14
      vertex 42.7817 63.4688 27.5
      vertex 42.7922 63.4205 27.5511
    endloop
  endfacet
  facet normal 0.977286 0.211923 0.000432582
    outer loop
      vertex 45.7387 49.8603 14
      vertex 42.7922 63.4205 27.5511
      vertex 42.7959 63.4034 27.5694
    endloop
  endfacet
  facet normal 0.977071 0.212911 -0.000600206
    outer loop
      vertex 45.7387 49.8603 14
      vertex 42.7959 63.4034 27.5694
      vertex 42.8065 63.3549 27.6207
    endloop
  endfacet
  facet normal 0.977162 0.212495 -0.000169197
    outer loop
      vertex 45.7387 49.8603 14
      vertex 42.8065 63.3549 27.6207
      vertex 42.8102 63.3379 27.6389
    endloop
  endfacet
  facet normal 0.977276 0.211971 0.000373787
    outer loop
      vertex 45.7387 49.8603 14
      vertex 42.8102 63.3379 27.6389
      vertex 42.8207 63.2894 27.6902
    endloop
  endfacet
  facet normal 0.977034 0.213083 -0.000769117
    outer loop
      vertex 45.7387 49.8603 14
      vertex 42.8207 63.2894 27.6902
      vertex 42.8244 63.2725 27.7083
    endloop
  endfacet
  facet normal 0.97716 0.212503 -0.000174746
    outer loop
      vertex 45.7387 49.8603 14
      vertex 42.8244 63.2725 27.7083
      vertex 42.835 63.2238 27.7598
    endloop
  endfacet
  facet normal 0.977494 0.210958 0.00139578
    outer loop
      vertex 45.7387 49.8603 14
      vertex 42.835 63.2238 27.7598
      vertex 42.8386 63.207 27.7778
    endloop
  endfacet
  facet normal 0.977205 0.2123 3.57985e-05
    outer loop
      vertex 45.7387 49.8603 14
      vertex 42.8386 63.207 27.7778
      vertex 42.8492 63.1582 27.8294
    endloop
  endfacet
  facet normal 0.977239 0.212141 0.00019546
    outer loop
      vertex 45.7387 49.8603 14
      vertex 42.8492 63.1582 27.8294
      vertex 42.8528 63.1416 27.8472
    endloop
  endfacet
  facet normal 0.977043 0.213041 -0.000708833
    outer loop
      vertex 45.7387 49.8603 14
      vertex 42.8528 63.1416 27.8472
      vertex 42.8635 63.0927 27.8989
    endloop
  endfacet
  facet normal 0.97724 0.212138 0.000192154
    outer loop
      vertex 45.7387 49.8603 14
      vertex 42.8635 63.0927 27.8989
      vertex 42.8671 63.0761 27.9167
    endloop
  endfacet
  facet normal 0.977295 0.211884 0.000444071
    outer loop
      vertex 45.7387 49.8603 14
      vertex 42.8671 63.0761 27.9167
      vertex 42.8777 63.0271 27.9685
    endloop
  endfacet
  facet normal 0.976972 0.213365 -0.00101781
    outer loop
      vertex 45.7387 49.8603 14
      vertex 42.8777 63.0271 27.9685
      vertex 42.8813 63.0107 27.9861
    endloop
  endfacet
  facet normal 0.977384 0.21147 0.000848469
    outer loop
      vertex 45.7387 49.8603 14
      vertex 42.8813 63.0107 27.9861
      vertex 42.8919 62.9615 28.038
    endloop
  endfacet
  facet normal 0.976834 0.213994 -0.00161915
    outer loop
      vertex 45.7387 49.8603 14
      vertex 42.8919 62.9615 28.038
      vertex 42.8955 62.9452 28.0556
    endloop
  endfacet
  facet normal 0.977178 0.212424 -8.76002e-05
    outer loop
      vertex 45.7387 49.8603 14
      vertex 42.8955 62.9452 28.0556
      vertex 42.9062 62.896 28.1076
    endloop
  endfacet
  facet normal 0.977458 0.211128 0.00116582
    outer loop
      vertex 45.7387 49.8603 14
      vertex 42.9062 62.896 28.1076
      vertex 42.9097 62.8797 28.125
    endloop
  endfacet
  facet normal 0.977223 0.212217 0.000115138
    outer loop
      vertex 45.7387 49.8603 14
      vertex 42.9097 62.8797 28.125
      vertex 42.9204 62.8304 28.1772
    endloop
  endfacet
  facet normal 0.977186 0.212384 -4.48606e-05
    outer loop
      vertex 45.7387 49.8603 14
      vertex 42.9204 62.8304 28.1772
      vertex 42.9239 62.8143 28.1944
    endloop
  endfacet
  facet normal 0.977104 0.21276 -0.000403977
    outer loop
      vertex 45.7387 49.8603 14
      vertex 42.9239 62.8143 28.1944
      vertex 42.9347 62.7648 28.2467
    endloop
  endfacet
  facet normal 0.977047 0.213025 -0.000655303
    outer loop
      vertex 45.7387 49.8603 14
      vertex 42.9347 62.7648 28.2467
      vertex 42.9382 62.7488 28.2639
    endloop
  endfacet
  facet normal 0.977359 0.211587 0.000705254
    outer loop
      vertex 45.7387 49.8603 14
      vertex 42.9382 62.7488 28.2639
      vertex 42.9489 62.6992 28.3163
    endloop
  endfacet
  facet normal 0.976901 0.213686 -0.00126706
    outer loop
      vertex 45.7387 49.8603 14
      vertex 42.9489 62.6992 28.3163
      vertex 42.9524 62.6833 28.3333
    endloop
  endfacet
  facet normal 0.977196 0.212341 -6.54585e-06
    outer loop
      vertex 45.7387 49.8603 14
      vertex 42.9524 62.6833 28.3333
      vertex 42.9632 62.6336 28.3859
    endloop
  endfacet
  facet normal 0.977273 0.211987 0.000323296
    outer loop
      vertex 45.7387 49.8603 14
      vertex 42.9632 62.6336 28.3859
      vertex 42.9666 62.6179 28.4028
    endloop
  endfacet
  facet normal 0.977241 0.212131 0.000188999
    outer loop
      vertex 45.7387 49.8603 14
      vertex 42.9666 62.6179 28.4028
      vertex 42.9774 62.5681 28.4554
    endloop
  endfacet
  facet normal 0.976601 0.215045 -0.00249425
    outer loop
      vertex 45.7387 49.8603 14
      vertex 42.9774 62.5681 28.4554
      vertex 42.9809 62.5524 28.4722
    endloop
  endfacet
  facet normal 0.977287 0.211918 0.000378714
    outer loop
      vertex 45.7387 49.8603 14
      vertex 42.9809 62.5524 28.4722
      vertex 42.9917 62.5025 28.525
    endloop
  endfacet
  facet normal 0.977128 0.212652 -0.000290829
    outer loop
      vertex 45.7387 49.8603 14
      vertex 42.9917 62.5025 28.525
      vertex 42.9951 62.4869 28.5417
    endloop
  endfacet
  facet normal 0.977122 0.212679 -0.000315151
    outer loop
      vertex 45.7387 49.8603 14
      vertex 42.9951 62.4869 28.5417
      vertex 43.006 62.4369 28.5946
    endloop
  endfacet
  facet normal 0.977657 0.210196 0.00192513
    outer loop
      vertex 45.7387 49.8603 14
      vertex 43.006 62.4369 28.5946
      vertex 43.0093 62.4214 28.6111
    endloop
  endfacet
  facet normal 0.977168 0.212469 -0.000120979
    outer loop
      vertex 45.7387 49.8603 14
      vertex 43.0093 62.4214 28.6111
      vertex 43.0202 62.3713 28.6641
    endloop
  endfacet
  facet normal 0.977513 0.210869 0.00130845
    outer loop
      vertex 45.7387 49.8603 14
      vertex 43.0202 62.3713 28.6641
      vertex 43.0235 62.3559 28.6806
    endloop
  endfacet
  facet normal 0.977 0.213236 -0.000801255
    outer loop
      vertex 45.7387 49.8603 14
      vertex 43.0235 62.3559 28.6806
      vertex 43.0345 62.3057 28.7337
    endloop
  endfacet
  facet normal 0.977194 0.212348 0.000181056
    outer loop
      vertex 45.7387 49.8603 30
      vertex 43.0345 62.3057 28.7337
      vertex 43.0378 62.2905 28.75
    endloop
  endfacet
  facet normal 0.977176 0.21243 0.00103691
    outer loop
      vertex 45.7387 49.8603 30
      vertex 43.0378 62.2905 28.75
      vertex 43.0487 62.2401 28.8033
    endloop
  endfacet
  facet normal 0.977222 0.212218 -0.0012635
    outer loop
      vertex 45.7387 49.8603 30
      vertex 43.0487 62.2401 28.8033
      vertex 43.052 62.225 28.8194
    endloop
  endfacet
  facet normal 0.977208 0.212284 -0.000542329
    outer loop
      vertex 45.7387 49.8603 30
      vertex 43.052 62.225 28.8194
      vertex 43.063 62.1745 28.8728
    endloop
  endfacet
  facet normal 0.977115 0.212673 0.00393356
    outer loop
      vertex 45.7387 49.8603 30
      vertex 43.063 62.1745 28.8728
      vertex 43.0662 62.1595 28.8889
    endloop
  endfacet
  facet normal 0.977191 0.212364 0.000332213
    outer loop
      vertex 45.7387 49.8603 30
      vertex 43.0662 62.1595 28.8889
      vertex 43.0772 62.1088 28.9424
    endloop
  endfacet
  facet normal 0.977282 0.21187 -0.00561955
    outer loop
      vertex 45.7387 49.8603 30
      vertex 43.0772 62.1088 28.9424
      vertex 43.0805 62.094 28.9583
    endloop
  endfacet
  facet normal 0.977184 0.212392 0.000753655
    outer loop
      vertex 45.7387 49.8603 30
      vertex 43.0805 62.094 28.9583
      vertex 43.0915 62.0432 29.012
    endloop
  endfacet
  facet normal 0.977204 0.212303 -0.000392274
    outer loop
      vertex 45.7387 49.8603 30
      vertex 43.0915 62.0432 29.012
      vertex 43.0947 62.0285 29.0278
    endloop
  endfacet
  facet normal 0.977177 0.212423 0.00118016
    outer loop
      vertex 45.7387 49.8603 30
      vertex 43.0947 62.0285 29.0278
      vertex 43.1057 61.9776 29.0815
    endloop
  endfacet
  facet normal 0.977224 0.212204 -0.00184335
    outer loop
      vertex 45.7387 49.8603 30
      vertex 43.1057 61.9776 29.0815
      vertex 43.1089 61.963 29.0972
    endloop
  endfacet
  facet normal 0.977202 0.21231 -0.000354863
    outer loop
      vertex 45.7387 49.8603 30
      vertex 43.1089 61.963 29.0972
      vertex 43.12 61.912 29.1511
    endloop
  endfacet
  facet normal 0.97724 0.212111 -0.00330548
    outer loop
      vertex 45.7387 49.8603 30
      vertex 43.12 61.912 29.1511
      vertex 43.1232 61.8975 29.1667
    endloop
  endfacet
  facet normal 0.977197 0.212334 6.29503e-05
    outer loop
      vertex 45.7387 49.8603 30
      vertex 43.1232 61.8975 29.1667
      vertex 43.1343 61.8464 29.2207
    endloop
  endfacet
  facet normal 0.97717 0.212451 0.00195277
    outer loop
      vertex 45.7387 49.8603 30
      vertex 43.1343 61.8464 29.2207
      vertex 43.1374 61.832 29.2361
    endloop
  endfacet
  facet normal 0.977185 0.212388 0.000900644
    outer loop
      vertex 45.7387 49.8603 30
      vertex 43.1374 61.832 29.2361
      vertex 43.1485 61.7807 29.2902
    endloop
  endfacet
  facet normal 0.97719 0.212364 0.000488077
    outer loop
      vertex 45.7387 49.8603 30
      vertex 43.1485 61.7807 29.2902
      vertex 43.1516 61.7664 29.3056
    endloop
  endfacet
  facet normal 0.977208 0.212281 -0.00100991
    outer loop
      vertex 45.7387 49.8603 30
      vertex 43.1516 61.7664 29.3056
      vertex 43.1628 61.7151 29.3598
    endloop
  endfacet
  facet normal 0.977208 0.212282 -0.000982907
    outer loop
      vertex 45.7387 49.8603 30
      vertex 43.1628 61.7151 29.3598
      vertex 43.1659 61.7009 29.375
    endloop
  endfacet
  facet normal 0.977183 0.212397 0.00129533
    outer loop
      vertex 45.7387 49.8603 30
      vertex 43.1659 61.7009 29.375
      vertex 43.177 61.6495 29.4294
    endloop
  endfacet
  facet normal 0.977218 0.212222 -0.0024695
    outer loop
      vertex 45.7387 49.8603 30
      vertex 43.177 61.6495 29.4294
      vertex 43.1801 61.6354 29.4444
    endloop
  endfacet
  facet normal 0.977195 0.212344 0.000227358
    outer loop
      vertex 45.7387 49.8603 30
      vertex 43.1801 61.6354 29.4444
      vertex 43.1913 61.5838 29.4989
    endloop
  endfacet
  facet normal 0.977184 0.212391 0.00137915
    outer loop
      vertex 45.7387 49.8603 30
      vertex 43.1913 61.5838 29.4989
      vertex 43.1943 61.5699 29.5139
    endloop
  endfacet
  facet normal 0.977206 0.212288 -0.00122984
    outer loop
      vertex 45.7387 49.8603 30
      vertex 43.1943 61.5699 29.5139
      vertex 43.2056 61.5182 29.5685
    endloop
  endfacet
  facet normal 0.977198 0.212328 -9.92555e-05
    outer loop
      vertex 45.7387 49.8603 30
      vertex 43.2056 61.5182 29.5685
      vertex 43.2086 61.5044 29.5833
    endloop
  endfacet
  facet normal 0.97719 0.212366 0.00102276
    outer loop
      vertex 45.7387 49.8603 30
      vertex 43.2086 61.5044 29.5833
      vertex 43.2198 61.4526 29.6381
    endloop
  endfacet
  facet normal 0.977197 0.212333 -9.49948e-05
    outer loop
      vertex 45.7387 49.8603 30
      vertex 43.2198 61.4526 29.6381
      vertex 43.2228 61.4388 29.6528
    endloop
  endfacet
  facet normal 0.977199 0.212324 -0.00041427
    outer loop
      vertex 45.7387 49.8603 30
      vertex 43.2228 61.4388 29.6528
      vertex 43.2341 61.3869 29.7077
    endloop
  endfacet
  facet normal 0.977209 0.212258 -0.00309788
    outer loop
      vertex 45.7387 49.8603 30
      vertex 43.2341 61.3869 29.7077
      vertex 43.2371 61.3733 29.7222
    endloop
  endfacet
  facet normal 0.977198 0.21233 -2.16359e-05
    outer loop
      vertex 45.7387 49.8603 30
      vertex 43.2371 61.3733 29.7222
      vertex 43.2484 61.3213 29.7772
    endloop
  endfacet
  facet normal 0.977186 0.212372 0.00228851
    outer loop
      vertex 45.7387 49.8603 30
      vertex 43.2484 61.3213 29.7772
      vertex 43.2513 61.3078 29.7917
    endloop
  endfacet
  facet normal 0.977194 0.212346 0.000765397
    outer loop
      vertex 45.7387 49.8603 30
      vertex 43.2513 61.3078 29.7917
      vertex 43.2626 61.2556 29.8468
    endloop
  endfacet
  facet normal 0.977194 0.212347 0.000809997
    outer loop
      vertex 45.7387 49.8603 30
      vertex 43.2626 61.2556 29.8468
      vertex 43.2655 61.2422 29.8611
    endloop
  endfacet
  facet normal 0.977199 0.212325 -0.00102503
    outer loop
      vertex 45.7387 49.8603 30
      vertex 43.2655 61.2422 29.8611
      vertex 43.2769 61.19 29.9164
    endloop
  endfacet
  facet normal 0.977198 0.212328 -0.000698419
    outer loop
      vertex 45.7387 49.8603 30
      vertex 43.2769 61.19 29.9164
      vertex 43.2798 61.1767 29.9306
    endloop
  endfacet
  facet normal 0.977198 0.21233 -0.000252247
    outer loop
      vertex 45.7387 49.8603 30
      vertex 43.2798 61.1767 29.9306
      vertex 43.2912 61.1243 29.9859
    endloop
  endfacet
  facet normal 0.977192 0.212333 0.00322193
    outer loop
      vertex 45.7387 49.8603 30
      vertex 43.2912 61.1243 29.9859
      vertex 43.294 61.1112 30
    endloop
  endfacet
  facet normal 0.977198 0.212331 0
    outer loop
      vertex 43.0345 62.3057 28.7337
      vertex 45.7387 49.8603 30
      vertex 45.7387 49.8603 14
    endloop
  endfacet
  facet normal 0.977197 0.212336 0
    outer loop
      vertex 42.7817 63.4688 27.5
      vertex 45.7387 49.8603 14
      vertex 42.7817 63.4688 14
    endloop
  endfacet
  facet normal -0 0 1
    outer loop
      vertex 55.4222 50.7106 14
      vertex 56.2613 49.8603 14
      vertex 59.3337 64 14
    endloop
  endfacet
  facet normal 0 0 1
    outer loop
      vertex 56.2613 49.8603 14
      vertex 55.454 50.6652 14
      vertex 55.9993 49.8864 14
    endloop
  endfacet
  facet normal 0 0 1
    outer loop
      vertex 56.2613 49.8603 14
      vertex 55.4222 50.7106 14
      vertex 55.454 50.6652 14
    endloop
  endfacet
  facet normal 0 0 1
    outer loop
      vertex 59.3337 64 14
      vertex 54.7106 51.4222 14
      vertex 55.4222 50.7106 14
    endloop
  endfacet
  facet normal 0 0 1
    outer loop
      vertex 59.3337 64 14
      vertex 54.6652 51.454 14
      vertex 54.7106 51.4222 14
    endloop
  endfacet
  facet normal 0 0 1
    outer loop
      vertex 59.3337 64 14
      vertex 53.8864 51.9993 14
      vertex 54.6652 51.454 14
    endloop
  endfacet
  facet normal 0 0 1
    outer loop
      vertex 59.3337 64 14
      vertex 53.0247 52.4011 14
      vertex 53.8864 51.9993 14
    endloop
  endfacet
  facet normal 0 0 1
    outer loop
      vertex 59.3337 64 14
      vertex 52.9744 52.4246 14
      vertex 53.0247 52.4011 14
    endloop
  endfacet
  facet normal 0 0 1
    outer loop
      vertex 59.3337 64 14
      vertex 52.9208 52.4389 14
      vertex 52.9744 52.4246 14
    endloop
  endfacet
  facet normal -0 0 1
    outer loop
      vertex 49.3333 64 14
      vertex 52.9208 52.4389 14
      vertex 59.3337 64 14
    endloop
  endfacet
  facet normal 0 0 1
    outer loop
      vertex 52.9208 52.4389 14
      vertex 49.3333 64 14
      vertex 52.0024 52.685 14
    endloop
  endfacet
  facet normal 0 0 1
    outer loop
      vertex 52.0024 52.685 14
      vertex 49.3333 64 14
      vertex 51.0553 52.7679 14
    endloop
  endfacet
  facet normal 0 0 1
    outer loop
      vertex 51.0553 52.7679 14
      vertex 49.3333 64 14
      vertex 51 52.7727 14
    endloop
  endfacet
  facet normal 0 0 1
    outer loop
      vertex 51 52.7727 14
      vertex 49.3333 64 14
      vertex 50.9447 52.7679 14
    endloop
  endfacet
  facet normal 0 0 1
    outer loop
      vertex 50.9447 52.7679 14
      vertex 49.3333 64 14
      vertex 49.9976 52.685 14
    endloop
  endfacet
  facet normal 0 0 1
    outer loop
      vertex 49.3333 64 14
      vertex 49.0792 52.4389 14
      vertex 49.9976 52.685 14
    endloop
  endfacet
  facet normal 0 0 1
    outer loop
      vertex 49.3333 64 14
      vertex 49.0256 52.4246 14
      vertex 49.0792 52.4389 14
    endloop
  endfacet
  facet normal -0 0 1
    outer loop
      vertex 42.7817 63.4688 14
      vertex 49.0256 52.4246 14
      vertex 49.3333 64 14
    endloop
  endfacet
  facet normal 0 0 1
    outer loop
      vertex 49.0256 52.4246 14
      vertex 42.7817 63.4688 14
      vertex 48.9753 52.4011 14
    endloop
  endfacet
  facet normal 0 0 1
    outer loop
      vertex 48.9753 52.4011 14
      vertex 42.7817 63.4688 14
      vertex 48.1136 51.9993 14
    endloop
  endfacet
  facet normal 0 0 1
    outer loop
      vertex 48.1136 51.9993 14
      vertex 42.7817 63.4688 14
      vertex 47.3348 51.454 14
    endloop
  endfacet
  facet normal 0 0 1
    outer loop
      vertex 47.3348 51.454 14
      vertex 42.7817 63.4688 14
      vertex 47.2894 51.4222 14
    endloop
  endfacet
  facet normal 0 0 1
    outer loop
      vertex 47.2894 51.4222 14
      vertex 42.7817 63.4688 14
      vertex 46.5778 50.7106 14
    endloop
  endfacet
  facet normal 0 -0 1
    outer loop
      vertex 45.7387 49.8603 14
      vertex 46.5778 50.7106 14
      vertex 42.7817 63.4688 14
    endloop
  endfacet
  facet normal 0 0 1
    outer loop
      vertex 46.5778 50.7106 14
      vertex 45.7387 49.8603 14
      vertex 46.546 50.6652 14
    endloop
  endfacet
  facet normal 0 0 1
    outer loop
      vertex 46.546 50.6652 14
      vertex 45.7387 49.8603 14
      vertex 46.0007 49.8864 14
    endloop
  endfacet
  facet normal -0 0 1
    outer loop
      vertex 56.7679 47.0553 14
      vertex 57 47 14
      vertex 56.9088 48.0419 14
    endloop
  endfacet
  facet normal 0 0 1
    outer loop
      vertex 56.7679 46.9447 14
      vertex 57 47 14
      vertex 56.7727 47 14
    endloop
  endfacet
  facet normal 0 0 1
    outer loop
      vertex 57 47 14
      vertex 56.7679 47.0553 14
      vertex 56.7727 47 14
    endloop
  endfacet
  facet normal 0 0 1
    outer loop
      vertex 56.9088 48.0419 14
      vertex 56.685 48.0024 14
      vertex 56.7679 47.0553 14
    endloop
  endfacet
  facet normal -0 0 1
    outer loop
      vertex 56.4389 48.9208 14
      vertex 56.9088 48.0419 14
      vertex 56.6382 49.0521 14
    endloop
  endfacet
  facet normal 0 0 1
    outer loop
      vertex 56.9088 48.0419 14
      vertex 56.4389 48.9208 14
      vertex 56.685 48.0024 14
    endloop
  endfacet
  facet normal 0 0 1
    outer loop
      vertex 56.6382 49.0521 14
      vertex 56.4246 48.9744 14
      vertex 56.4389 48.9208 14
    endloop
  endfacet
  facet normal 0 0 1
    outer loop
      vertex 56.6382 49.0521 14
      vertex 56.4011 49.0247 14
      vertex 56.4246 48.9744 14
    endloop
  endfacet
  facet normal 0 0 1
    outer loop
      vertex 56.2613 49.8603 14
      vertex 56.4011 49.0247 14
      vertex 56.6382 49.0521 14
    endloop
  endfacet
  facet normal 0 0 1
    outer loop
      vertex 56.4011 49.0247 14
      vertex 56.2613 49.8603 14
      vertex 55.9993 49.8864 14
    endloop
  endfacet
  facet normal 0 0 1
    outer loop
      vertex 57 47 14
      vertex 56.7679 46.9447 14
      vertex 56.9088 45.9581 14
    endloop
  endfacet
  facet normal -0 0 1
    outer loop
      vertex 56.685 45.9976 14
      vertex 56.9088 45.9581 14
      vertex 56.7679 46.9447 14
    endloop
  endfacet
  facet normal 0 0 1
    outer loop
      vertex 56.4389 45.0792 14
      vertex 56.9088 45.9581 14
      vertex 56.685 45.9976 14
    endloop
  endfacet
  facet normal 0 0 1
    outer loop
      vertex 56.9088 45.9581 14
      vertex 56.4389 45.0792 14
      vertex 56.6382 44.9479 14
    endloop
  endfacet
  facet normal -0 0 1
    outer loop
      vertex 56.4246 45.0256 14
      vertex 56.6382 44.9479 14
      vertex 56.4389 45.0792 14
    endloop
  endfacet
  facet normal -0 0 1
    outer loop
      vertex 56.4011 44.9753 14
      vertex 56.6382 44.9479 14
      vertex 56.4246 45.0256 14
    endloop
  endfacet
  facet normal 0 0 1
    outer loop
      vertex 56.4011 44.9753 14
      vertex 56.1962 44 14
      vertex 56.6382 44.9479 14
    endloop
  endfacet
  facet normal -0 0 1
    outer loop
      vertex 55.9993 44.1136 14
      vertex 56.1962 44 14
      vertex 56.4011 44.9753 14
    endloop
  endfacet
  facet normal 0 0 1
    outer loop
      vertex 55.454 43.3348 14
      vertex 56.1962 44 14
      vertex 55.9993 44.1136 14
    endloop
  endfacet
  facet normal 0 0 1
    outer loop
      vertex 56.1962 44 14
      vertex 55.454 43.3348 14
      vertex 55.5963 43.1433 14
    endloop
  endfacet
  facet normal -0 0 1
    outer loop
      vertex 55.4222 43.2894 14
      vertex 55.5963 43.1433 14
      vertex 55.454 43.3348 14
    endloop
  endfacet
  facet normal 0 0 1
    outer loop
      vertex 55.4222 43.2894 14
      vertex 54.8567 42.4037 14
      vertex 55.5963 43.1433 14
    endloop
  endfacet
  facet normal -0 0 1
    outer loop
      vertex 54.7106 42.5778 14
      vertex 54.8567 42.4037 14
      vertex 55.4222 43.2894 14
    endloop
  endfacet
  facet normal -0 0 1
    outer loop
      vertex 54.6652 42.546 14
      vertex 54.8567 42.4037 14
      vertex 54.7106 42.5778 14
    endloop
  endfacet
  facet normal 0 0 1
    outer loop
      vertex 54.6652 42.546 14
      vertex 54 41.8038 14
      vertex 54.8567 42.4037 14
    endloop
  endfacet
  facet normal -0 0 1
    outer loop
      vertex 53.8864 42.0007 14
      vertex 54 41.8038 14
      vertex 54.6652 42.546 14
    endloop
  endfacet
  facet normal 0 0 1
    outer loop
      vertex 53.0247 41.5989 14
      vertex 54 41.8038 14
      vertex 53.8864 42.0007 14
    endloop
  endfacet
  facet normal 0 0 1
    outer loop
      vertex 54 41.8038 14
      vertex 53.0247 41.5989 14
      vertex 53.0521 41.3618 14
    endloop
  endfacet
  facet normal -0 0 1
    outer loop
      vertex 52.9744 41.5754 14
      vertex 53.0521 41.3618 14
      vertex 53.0247 41.5989 14
    endloop
  endfacet
  facet normal -0 0 1
    outer loop
      vertex 52.9208 41.5611 14
      vertex 53.0521 41.3618 14
      vertex 52.9744 41.5754 14
    endloop
  endfacet
  facet normal 0 0 1
    outer loop
      vertex 52.9208 41.5611 14
      vertex 52.0419 41.0912 14
      vertex 53.0521 41.3618 14
    endloop
  endfacet
  facet normal -0 0 1
    outer loop
      vertex 52.0024 41.315 14
      vertex 52.0419 41.0912 14
      vertex 52.9208 41.5611 14
    endloop
  endfacet
  facet normal -0 0 1
    outer loop
      vertex 51.0553 41.2321 14
      vertex 52.0419 41.0912 14
      vertex 52.0024 41.315 14
    endloop
  endfacet
  facet normal 0 0 1
    outer loop
      vertex 51 41 14
      vertex 51.0553 41.2321 14
      vertex 51 41.2273 14
    endloop
  endfacet
  facet normal 0 0 1
    outer loop
      vertex 51.0553 41.2321 14
      vertex 51 41 14
      vertex 52.0419 41.0912 14
    endloop
  endfacet
  facet normal 0 0 1
    outer loop
      vertex 50.9447 41.2321 14
      vertex 51 41 14
      vertex 51 41.2273 14
    endloop
  endfacet
  facet normal 0 0 1
    outer loop
      vertex 49.9581 41.0912 14
      vertex 50.9447 41.2321 14
      vertex 49.9976 41.315 14
    endloop
  endfacet
  facet normal 0 0 1
    outer loop
      vertex 50.9447 41.2321 14
      vertex 49.9581 41.0912 14
      vertex 51 41 14
    endloop
  endfacet
  facet normal 0 0 1
    outer loop
      vertex 49.0792 41.5611 14
      vertex 49.9581 41.0912 14
      vertex 49.9976 41.315 14
    endloop
  endfacet
  facet normal 0 0 1
    outer loop
      vertex 48.9479 41.3618 14
      vertex 49.0792 41.5611 14
      vertex 49.0256 41.5754 14
    endloop
  endfacet
  facet normal 0 0 1
    outer loop
      vertex 48.9479 41.3618 14
      vertex 49.0256 41.5754 14
      vertex 48.9753 41.5989 14
    endloop
  endfacet
  facet normal 0 0 1
    outer loop
      vertex 49.0792 41.5611 14
      vertex 48.9479 41.3618 14
      vertex 49.9581 41.0912 14
    endloop
  endfacet
  facet normal -0 0 1
    outer loop
      vertex 48 41.8038 14
      vertex 48.9753 41.5989 14
      vertex 48.1136 42.0007 14
    endloop
  endfacet
  facet normal 0 0 1
    outer loop
      vertex 48.9753 41.5989 14
      vertex 48 41.8038 14
      vertex 48.9479 41.3618 14
    endloop
  endfacet
  facet normal 0 0 1
    outer loop
      vertex 47.3348 42.546 14
      vertex 48 41.8038 14
      vertex 48.1136 42.0007 14
    endloop
  endfacet
  facet normal 0 0 1
    outer loop
      vertex 47.1433 42.4037 14
      vertex 47.3348 42.546 14
      vertex 47.2894 42.5778 14
    endloop
  endfacet
  facet normal 0 0 1
    outer loop
      vertex 47.3348 42.546 14
      vertex 47.1433 42.4037 14
      vertex 48 41.8038 14
    endloop
  endfacet
  facet normal 0 0 1
    outer loop
      vertex 46.5778 43.2894 14
      vertex 47.1433 42.4037 14
      vertex 47.2894 42.5778 14
    endloop
  endfacet
  facet normal 0 0 1
    outer loop
      vertex 46.4037 43.1433 14
      vertex 46.5778 43.2894 14
      vertex 46.546 43.3348 14
    endloop
  endfacet
  facet normal 0 0 1
    outer loop
      vertex 46.5778 43.2894 14
      vertex 46.4037 43.1433 14
      vertex 47.1433 42.4037 14
    endloop
  endfacet
  facet normal -0 0 1
    outer loop
      vertex 45.8038 44 14
      vertex 46.546 43.3348 14
      vertex 46.0007 44.1136 14
    endloop
  endfacet
  facet normal 0 0 1
    outer loop
      vertex 46.546 43.3348 14
      vertex 45.8038 44 14
      vertex 46.4037 43.1433 14
    endloop
  endfacet
  facet normal 0 0 1
    outer loop
      vertex 45.5989 44.9753 14
      vertex 45.8038 44 14
      vertex 46.0007 44.1136 14
    endloop
  endfacet
  facet normal 0 0 1
    outer loop
      vertex 45.3618 44.9479 14
      vertex 45.5989 44.9753 14
      vertex 45.5754 45.0256 14
    endloop
  endfacet
  facet normal 0 0 1
    outer loop
      vertex 45.3618 44.9479 14
      vertex 45.5754 45.0256 14
      vertex 45.5611 45.0792 14
    endloop
  endfacet
  facet normal 0 0 1
    outer loop
      vertex 45.5989 44.9753 14
      vertex 45.3618 44.9479 14
      vertex 45.8038 44 14
    endloop
  endfacet
  facet normal -0 0 1
    outer loop
      vertex 45.0912 45.9581 14
      vertex 45.5611 45.0792 14
      vertex 45.315 45.9976 14
    endloop
  endfacet
  facet normal 0 0 1
    outer loop
      vertex 45.0912 45.9581 14
      vertex 45.315 45.9976 14
      vertex 45.2321 46.9447 14
    endloop
  endfacet
  facet normal -0 0 1
    outer loop
      vertex 45 47 14
      vertex 45.2321 46.9447 14
      vertex 45.2273 47 14
    endloop
  endfacet
  facet normal 0 0 1
    outer loop
      vertex 45.2321 47.0553 14
      vertex 45 47 14
      vertex 45.2273 47 14
    endloop
  endfacet
  facet normal 0 0 1
    outer loop
      vertex 45.5611 45.0792 14
      vertex 45.0912 45.9581 14
      vertex 45.3618 44.9479 14
    endloop
  endfacet
  facet normal 0 0 1
    outer loop
      vertex 45.2321 46.9447 14
      vertex 45 47 14
      vertex 45.0912 45.9581 14
    endloop
  endfacet
  facet normal -0 0 1
    outer loop
      vertex 45.7387 49.8603 14
      vertex 45.5989 49.0247 14
      vertex 46.0007 49.8864 14
    endloop
  endfacet
  facet normal -0 0 1
    outer loop
      vertex 45.3618 49.0521 14
      vertex 45.5989 49.0247 14
      vertex 45.7387 49.8603 14
    endloop
  endfacet
  facet normal 0 0 1
    outer loop
      vertex 45.5989 49.0247 14
      vertex 45.3618 49.0521 14
      vertex 45.5754 48.9744 14
    endloop
  endfacet
  facet normal 0 0 1
    outer loop
      vertex 45.5754 48.9744 14
      vertex 45.3618 49.0521 14
      vertex 45.5611 48.9208 14
    endloop
  endfacet
  facet normal 0 0 1
    outer loop
      vertex 45.0912 48.0419 14
      vertex 45.5611 48.9208 14
      vertex 45.3618 49.0521 14
    endloop
  endfacet
  facet normal 0 0 1
    outer loop
      vertex 45.5611 48.9208 14
      vertex 45.0912 48.0419 14
      vertex 45.315 48.0024 14
    endloop
  endfacet
  facet normal 0 0 1
    outer loop
      vertex 45.315 48.0024 14
      vertex 45.0912 48.0419 14
      vertex 45.2321 47.0553 14
    endloop
  endfacet
  facet normal 0 0 1
    outer loop
      vertex 45 47 14
      vertex 45.2321 47.0553 14
      vertex 45.0912 48.0419 14
    endloop
  endfacet
  facet normal -0.258746 0.965945 0
    outer loop
      vertex 53.0521 41.3618 14
      vertex 52.0419 41.0912 30
      vertex 53.0521 41.3618 30
    endloop
  endfacet
  facet normal -0.258746 0.965945 0
    outer loop
      vertex 52.0419 41.0912 30
      vertex 53.0521 41.3618 14
      vertex 52.0419 41.0912 14
    endloop
  endfacet
  facet normal -0.965945 -0.258746 0
    outer loop
      vertex 56.9088 48.0419 14
      vertex 56.6382 49.0521 30
      vertex 56.6382 49.0521 14
    endloop
  endfacet
  facet normal -0.965945 -0.258746 0
    outer loop
      vertex 56.6382 49.0521 30
      vertex 56.9088 48.0419 14
      vertex 56.9088 48.0419 30
    endloop
  endfacet
  facet normal -0.996191 -0.087199 0
    outer loop
      vertex 57 47 14
      vertex 56.9088 48.0419 30
      vertex 56.9088 48.0419 14
    endloop
  endfacet
  facet normal -0.996191 -0.087199 0
    outer loop
      vertex 56.9088 48.0419 30
      vertex 57 47 14
      vertex 57 47 30
    endloop
  endfacet
  facet normal -0.906295 -0.422646 0
    outer loop
      vertex 56.6382 49.0521 14
      vertex 56.2613 49.8603 30
      vertex 56.2613 49.8603 14
    endloop
  endfacet
  facet normal -0.906295 -0.422646 0
    outer loop
      vertex 56.2613 49.8603 30
      vertex 56.6382 49.0521 14
      vertex 56.6382 49.0521 30
    endloop
  endfacet
  facet normal -0.707107 0.707107 0
    outer loop
      vertex 55.5963 43.1433 14
      vertex 54.8567 42.4037 30
      vertex 55.5963 43.1433 30
    endloop
  endfacet
  facet normal -0.707107 0.707107 0
    outer loop
      vertex 54.8567 42.4037 30
      vertex 55.5963 43.1433 14
      vertex 54.8567 42.4037 14
    endloop
  endfacet
  facet normal -0.087199 0.996191 0
    outer loop
      vertex 52.0419 41.0912 14
      vertex 51 41 30
      vertex 52.0419 41.0912 30
    endloop
  endfacet
  facet normal -0.087199 0.996191 0
    outer loop
      vertex 51 41 30
      vertex 52.0419 41.0912 14
      vertex 51 41 14
    endloop
  endfacet
  facet normal 0.422608 0.906313 -0
    outer loop
      vertex 48.9479 41.3618 14
      vertex 48 41.8038 30
      vertex 48.9479 41.3618 30
    endloop
  endfacet
  facet normal 0.422608 0.906313 0
    outer loop
      vertex 48 41.8038 30
      vertex 48.9479 41.3618 14
      vertex 48 41.8038 14
    endloop
  endfacet
  facet normal -0.422608 0.906313 0
    outer loop
      vertex 54 41.8038 14
      vertex 53.0521 41.3618 30
      vertex 54 41.8038 30
    endloop
  endfacet
  facet normal -0.422608 0.906313 0
    outer loop
      vertex 53.0521 41.3618 30
      vertex 54 41.8038 14
      vertex 53.0521 41.3618 14
    endloop
  endfacet
  facet normal -0.819138 0.573597 0
    outer loop
      vertex 55.5963 43.1433 14
      vertex 56.1962 44 30
      vertex 56.1962 44 14
    endloop
  endfacet
  facet normal -0.819138 0.573597 0
    outer loop
      vertex 56.1962 44 30
      vertex 55.5963 43.1433 14
      vertex 55.5963 43.1433 30
    endloop
  endfacet
  facet normal 0.906313 0.422608 0
    outer loop
      vertex 45.8038 44 30
      vertex 45.3618 44.9479 14
      vertex 45.3618 44.9479 30
    endloop
  endfacet
  facet normal 0.906313 0.422608 0
    outer loop
      vertex 45.3618 44.9479 14
      vertex 45.8038 44 30
      vertex 45.8038 44 14
    endloop
  endfacet
  facet normal 0.906295 -0.422646 0
    outer loop
      vertex 45.3618 49.0521 30
      vertex 45.7387 49.8603 14
      vertex 45.7387 49.8603 30
    endloop
  endfacet
  facet normal 0.906295 -0.422646 0
    outer loop
      vertex 45.7387 49.8603 14
      vertex 45.3618 49.0521 30
      vertex 45.3618 49.0521 14
    endloop
  endfacet
  facet normal -0.996191 0.087199 0
    outer loop
      vertex 56.9088 45.9581 14
      vertex 57 47 30
      vertex 57 47 14
    endloop
  endfacet
  facet normal -0.996191 0.087199 0
    outer loop
      vertex 57 47 30
      vertex 56.9088 45.9581 14
      vertex 56.9088 45.9581 30
    endloop
  endfacet
  facet normal 0.707107 0.707107 -0
    outer loop
      vertex 47.1433 42.4037 14
      vertex 46.4037 43.1433 30
      vertex 47.1433 42.4037 30
    endloop
  endfacet
  facet normal 0.707107 0.707107 0
    outer loop
      vertex 46.4037 43.1433 30
      vertex 47.1433 42.4037 14
      vertex 46.4037 43.1433 14
    endloop
  endfacet
  facet normal -0.965945 0.258746 0
    outer loop
      vertex 56.6382 44.9479 14
      vertex 56.9088 45.9581 30
      vertex 56.9088 45.9581 14
    endloop
  endfacet
  facet normal -0.965945 0.258746 0
    outer loop
      vertex 56.9088 45.9581 30
      vertex 56.6382 44.9479 14
      vertex 56.6382 44.9479 30
    endloop
  endfacet
  facet normal -0.573597 0.819138 0
    outer loop
      vertex 54.8567 42.4037 14
      vertex 54 41.8038 30
      vertex 54.8567 42.4037 30
    endloop
  endfacet
  facet normal -0.573597 0.819138 0
    outer loop
      vertex 54 41.8038 30
      vertex 54.8567 42.4037 14
      vertex 54 41.8038 14
    endloop
  endfacet
  facet normal -0.906313 0.422608 0
    outer loop
      vertex 56.1962 44 14
      vertex 56.6382 44.9479 30
      vertex 56.6382 44.9479 14
    endloop
  endfacet
  facet normal -0.906313 0.422608 0
    outer loop
      vertex 56.6382 44.9479 30
      vertex 56.1962 44 14
      vertex 56.1962 44 30
    endloop
  endfacet
  facet normal 0.573597 0.819138 -0
    outer loop
      vertex 48 41.8038 14
      vertex 47.1433 42.4037 30
      vertex 48 41.8038 30
    endloop
  endfacet
  facet normal 0.573597 0.819138 0
    outer loop
      vertex 47.1433 42.4037 30
      vertex 48 41.8038 14
      vertex 47.1433 42.4037 14
    endloop
  endfacet
  facet normal 0.996191 0.087199 0
    outer loop
      vertex 45.0912 45.9581 30
      vertex 45 47 14
      vertex 45 47 30
    endloop
  endfacet
  facet normal 0.996191 0.087199 0
    outer loop
      vertex 45 47 14
      vertex 45.0912 45.9581 30
      vertex 45.0912 45.9581 14
    endloop
  endfacet
  facet normal 0.965945 0.258746 0
    outer loop
      vertex 45.3618 44.9479 30
      vertex 45.0912 45.9581 14
      vertex 45.0912 45.9581 30
    endloop
  endfacet
  facet normal 0.965945 0.258746 0
    outer loop
      vertex 45.0912 45.9581 14
      vertex 45.3618 44.9479 30
      vertex 45.3618 44.9479 14
    endloop
  endfacet
  facet normal 0.819138 0.573597 0
    outer loop
      vertex 46.4037 43.1433 30
      vertex 45.8038 44 14
      vertex 45.8038 44 30
    endloop
  endfacet
  facet normal 0.819138 0.573597 0
    outer loop
      vertex 45.8038 44 14
      vertex 46.4037 43.1433 30
      vertex 46.4037 43.1433 14
    endloop
  endfacet
  facet normal 0.258746 0.965945 -0
    outer loop
      vertex 49.9581 41.0912 14
      vertex 48.9479 41.3618 30
      vertex 49.9581 41.0912 30
    endloop
  endfacet
  facet normal 0.258746 0.965945 0
    outer loop
      vertex 48.9479 41.3618 30
      vertex 49.9581 41.0912 14
      vertex 48.9479 41.3618 14
    endloop
  endfacet
  facet normal 0.965945 -0.258746 0
    outer loop
      vertex 45.0912 48.0419 30
      vertex 45.3618 49.0521 14
      vertex 45.3618 49.0521 30
    endloop
  endfacet
  facet normal 0.965945 -0.258746 0
    outer loop
      vertex 45.3618 49.0521 14
      vertex 45.0912 48.0419 30
      vertex 45.0912 48.0419 14
    endloop
  endfacet
  facet normal 0.996191 -0.087199 0
    outer loop
      vertex 45 47 30
      vertex 45.0912 48.0419 14
      vertex 45.0912 48.0419 30
    endloop
  endfacet
  facet normal 0.996191 -0.087199 0
    outer loop
      vertex 45.0912 48.0419 14
      vertex 45 47 30
      vertex 45 47 14
    endloop
  endfacet
  facet normal 0.087199 0.996191 -0
    outer loop
      vertex 51 41 14
      vertex 49.9581 41.0912 30
      vertex 51 41 30
    endloop
  endfacet
  facet normal 0.087199 0.996191 0
    outer loop
      vertex 49.9581 41.0912 30
      vertex 51 41 14
      vertex 49.9581 41.0912 14
    endloop
  endfacet
  facet normal -0.907489 -0.0794314 0.412497
    outer loop
      vertex 54.5 47 9
      vertex 56.7679 47.0553 14
      vertex 54.4468 47.6078 9
    endloop
  endfacet
  facet normal -0.907539 -0.0787738 0.412513
    outer loop
      vertex 56.7679 47.0553 14
      vertex 54.5 47 9
      vertex 56.7727 47 14
    endloop
  endfacet
  facet normal 0.825617 0.384975 0.412493
    outer loop
      vertex 46.0007 44.1136 14
      vertex 47.9689 45.25 9
      vertex 45.5989 44.9753 14
    endloop
  endfacet
  facet normal 0.907489 0.0794328 0.412497
    outer loop
      vertex 45.315 45.9976 14
      vertex 47.5532 46.3922 9
      vertex 45.2321 46.9447 14
    endloop
  endfacet
  facet normal -0.235788 -0.879916 0.412494
    outer loop
      vertex 52.9208 52.4389 14
      vertex 52.0024 52.685 14
      vertex 51.6078 50.4468 9
    endloop
  endfacet
  facet normal -0.825617 0.384975 0.412493
    outer loop
      vertex 55.9993 44.1136 14
      vertex 56.4011 44.9753 14
      vertex 54.0311 45.25 9
    endloop
  endfacet
  facet normal -0.879922 0.235771 0.412492
    outer loop
      vertex 54.2889 45.8029 9
      vertex 56.4389 45.0792 14
      vertex 54.4468 46.3922 9
    endloop
  endfacet
  facet normal -0.880186 0.234826 0.412468
    outer loop
      vertex 56.4389 45.0792 14
      vertex 54.2889 45.8029 9
      vertex 56.4246 45.0256 14
    endloop
  endfacet
  facet normal -0.746224 -0.522491 0.412495
    outer loop
      vertex 55.9993 49.8864 14
      vertex 55.454 50.6652 14
      vertex 54.0311 48.75 9
    endloop
  endfacet
  facet normal -0.235788 0.879916 0.412494
    outer loop
      vertex 52.0024 41.315 14
      vertex 52.9208 41.5611 14
      vertex 51.6078 43.5532 9
    endloop
  endfacet
  facet normal 0.746262 0.522443 0.412488
    outer loop
      vertex 46.546 43.3348 14
      vertex 48.3188 44.7502 9
      vertex 47.9689 45.25 9
    endloop
  endfacet
  facet normal 0.746134 0.522622 0.412493
    outer loop
      vertex 48.3188 44.7502 9
      vertex 46.546 43.3348 14
      vertex 46.5778 43.2894 14
    endloop
  endfacet
  facet normal -0.0794328 0.907489 0.412497
    outer loop
      vertex 52.0024 41.315 14
      vertex 51.6078 43.5532 9
      vertex 51.0553 41.2321 14
    endloop
  endfacet
  facet normal 0.235771 0.879922 0.412492
    outer loop
      vertex 49.8029 43.7111 9
      vertex 49.0792 41.5611 14
      vertex 50.3922 43.5532 9
    endloop
  endfacet
  facet normal 0.234826 0.880186 0.412468
    outer loop
      vertex 49.0792 41.5611 14
      vertex 49.8029 43.7111 9
      vertex 49.0256 41.5754 14
    endloop
  endfacet
  facet normal 0.522622 -0.746134 0.412493
    outer loop
      vertex 48.7502 49.6812 9
      vertex 47.3348 51.454 14
      vertex 47.2894 51.4222 14
    endloop
  endfacet
  facet normal 0.522443 -0.746262 0.412488
    outer loop
      vertex 47.3348 51.454 14
      vertex 48.7502 49.6812 9
      vertex 49.25 50.0311 9
    endloop
  endfacet
  facet normal 0.644148 -0.644148 0.412487
    outer loop
      vertex 46.5778 50.7106 14
      vertex 48.7502 49.6812 9
      vertex 47.2894 51.4222 14
    endloop
  endfacet
  facet normal 0.644148 -0.644148 0.412487
    outer loop
      vertex 48.7502 49.6812 9
      vertex 46.5778 50.7106 14
      vertex 48.3188 49.2498 9
    endloop
  endfacet
  facet normal 0.825617 -0.384975 0.412493
    outer loop
      vertex 47.9689 48.75 9
      vertex 46.0007 49.8864 14
      vertex 45.5989 49.0247 14
    endloop
  endfacet
  facet normal -0.879916 -0.235788 0.412494
    outer loop
      vertex 56.685 48.0024 14
      vertex 56.4389 48.9208 14
      vertex 54.4468 47.6078 9
    endloop
  endfacet
  facet normal 0.384975 0.825617 0.412493
    outer loop
      vertex 48.9753 41.5989 14
      vertex 49.25 43.9689 9
      vertex 48.1136 42.0007 14
    endloop
  endfacet
  facet normal 0.879916 -0.235788 0.412494
    outer loop
      vertex 47.5532 47.6078 9
      vertex 45.5611 48.9208 14
      vertex 45.315 48.0024 14
    endloop
  endfacet
  facet normal 0.0787738 0.907539 0.412513
    outer loop
      vertex 51 43.5 9
      vertex 50.9447 41.2321 14
      vertex 51 41.2273 14
    endloop
  endfacet
  facet normal 0.0794314 0.907489 0.412497
    outer loop
      vertex 50.9447 41.2321 14
      vertex 51 43.5 9
      vertex 50.3922 43.5532 9
    endloop
  endfacet
  facet normal 0.644148 0.644148 0.412487
    outer loop
      vertex 46.5778 43.2894 14
      vertex 48.7502 44.3188 9
      vertex 48.3188 44.7502 9
    endloop
  endfacet
  facet normal 0.644148 0.644148 0.412487
    outer loop
      vertex 48.7502 44.3188 9
      vertex 46.5778 43.2894 14
      vertex 47.2894 42.5778 14
    endloop
  endfacet
  facet normal -0.0787738 -0.907539 0.412513
    outer loop
      vertex 51 50.5 9
      vertex 51.0553 52.7679 14
      vertex 51 52.7727 14
    endloop
  endfacet
  facet normal -0.0794314 -0.907489 0.412497
    outer loop
      vertex 51.0553 52.7679 14
      vertex 51 50.5 9
      vertex 51.6078 50.4468 9
    endloop
  endfacet
  facet normal -0.879916 0.235788 0.412494
    outer loop
      vertex 56.4389 45.0792 14
      vertex 56.685 45.9976 14
      vertex 54.4468 46.3922 9
    endloop
  endfacet
  facet normal -0.644148 0.644148 0.412487
    outer loop
      vertex 53.2498 44.3188 9
      vertex 55.4222 43.2894 14
      vertex 53.6812 44.7502 9
    endloop
  endfacet
  facet normal -0.644148 0.644148 0.412487
    outer loop
      vertex 55.4222 43.2894 14
      vertex 53.2498 44.3188 9
      vertex 54.7106 42.5778 14
    endloop
  endfacet
  facet normal 0.384975 -0.825617 0.412493
    outer loop
      vertex 49.25 50.0311 9
      vertex 48.9753 52.4011 14
      vertex 48.1136 51.9993 14
    endloop
  endfacet
  facet normal 0.82562 0.384961 0.412501
    outer loop
      vertex 45.5754 45.0256 14
      vertex 47.9689 45.25 9
      vertex 47.7111 45.8029 9
    endloop
  endfacet
  facet normal 0.825364 0.385608 0.412408
    outer loop
      vertex 47.9689 45.25 9
      vertex 45.5754 45.0256 14
      vertex 45.5989 44.9753 14
    endloop
  endfacet
  facet normal -0.907489 -0.0794328 0.412497
    outer loop
      vertex 56.7679 47.0553 14
      vertex 56.685 48.0024 14
      vertex 54.4468 47.6078 9
    endloop
  endfacet
  facet normal 0.234826 -0.880186 0.412468
    outer loop
      vertex 49.8029 50.2889 9
      vertex 49.0792 52.4389 14
      vertex 49.0256 52.4246 14
    endloop
  endfacet
  facet normal 0.235771 -0.879922 0.412492
    outer loop
      vertex 49.0792 52.4389 14
      vertex 49.8029 50.2889 9
      vertex 50.3922 50.4468 9
    endloop
  endfacet
  facet normal 0.384961 0.82562 0.412501
    outer loop
      vertex 49.25 43.9689 9
      vertex 49.0256 41.5754 14
      vertex 49.8029 43.7111 9
    endloop
  endfacet
  facet normal 0.385608 0.825364 0.412408
    outer loop
      vertex 49.0256 41.5754 14
      vertex 49.25 43.9689 9
      vertex 48.9753 41.5989 14
    endloop
  endfacet
  facet normal -0.746262 0.522443 0.412488
    outer loop
      vertex 53.6812 44.7502 9
      vertex 55.454 43.3348 14
      vertex 54.0311 45.25 9
    endloop
  endfacet
  facet normal -0.746134 0.522622 0.412493
    outer loop
      vertex 55.454 43.3348 14
      vertex 53.6812 44.7502 9
      vertex 55.4222 43.2894 14
    endloop
  endfacet
  facet normal 0.522443 0.746262 0.412488
    outer loop
      vertex 48.7502 44.3188 9
      vertex 47.3348 42.546 14
      vertex 49.25 43.9689 9
    endloop
  endfacet
  facet normal 0.522622 0.746134 0.412493
    outer loop
      vertex 47.3348 42.546 14
      vertex 48.7502 44.3188 9
      vertex 47.2894 42.5778 14
    endloop
  endfacet
  facet normal 0.880186 -0.234826 0.412468
    outer loop
      vertex 45.5611 48.9208 14
      vertex 47.7111 48.1971 9
      vertex 45.5754 48.9744 14
    endloop
  endfacet
  facet normal 0.879922 -0.235771 0.412492
    outer loop
      vertex 47.7111 48.1971 9
      vertex 45.5611 48.9208 14
      vertex 47.5532 47.6078 9
    endloop
  endfacet
  facet normal -0.385608 0.825364 0.412408
    outer loop
      vertex 52.75 43.9689 9
      vertex 52.9744 41.5754 14
      vertex 53.0247 41.5989 14
    endloop
  endfacet
  facet normal -0.384961 0.82562 0.412501
    outer loop
      vertex 52.9744 41.5754 14
      vertex 52.75 43.9689 9
      vertex 52.1971 43.7111 9
    endloop
  endfacet
  facet normal -0.384975 0.825617 0.412493
    outer loop
      vertex 53.0247 41.5989 14
      vertex 53.8864 42.0007 14
      vertex 52.75 43.9689 9
    endloop
  endfacet
  facet normal -0.522622 0.746134 0.412493
    outer loop
      vertex 53.2498 44.3188 9
      vertex 54.6652 42.546 14
      vertex 54.7106 42.5778 14
    endloop
  endfacet
  facet normal -0.522443 0.746262 0.412488
    outer loop
      vertex 54.6652 42.546 14
      vertex 53.2498 44.3188 9
      vertex 52.75 43.9689 9
    endloop
  endfacet
  facet normal 0.0794328 -0.907489 0.412497
    outer loop
      vertex 50.3922 50.4468 9
      vertex 50.9447 52.7679 14
      vertex 49.9976 52.685 14
    endloop
  endfacet
  facet normal -0.522443 -0.746262 0.412488
    outer loop
      vertex 53.2498 49.6812 9
      vertex 54.6652 51.454 14
      vertex 52.75 50.0311 9
    endloop
  endfacet
  facet normal -0.522622 -0.746134 0.412493
    outer loop
      vertex 54.6652 51.454 14
      vertex 53.2498 49.6812 9
      vertex 54.7106 51.4222 14
    endloop
  endfacet
  facet normal -0.522491 -0.746224 0.412495
    outer loop
      vertex 54.6652 51.454 14
      vertex 53.8864 51.9993 14
      vertex 52.75 50.0311 9
    endloop
  endfacet
  facet normal -0.746224 0.522491 0.412495
    outer loop
      vertex 55.454 43.3348 14
      vertex 55.9993 44.1136 14
      vertex 54.0311 45.25 9
    endloop
  endfacet
  facet normal -0.907539 0.0787738 0.412513
    outer loop
      vertex 54.5 47 9
      vertex 56.7679 46.9447 14
      vertex 56.7727 47 14
    endloop
  endfacet
  facet normal -0.907489 0.0794314 0.412497
    outer loop
      vertex 56.7679 46.9447 14
      vertex 54.5 47 9
      vertex 54.4468 46.3922 9
    endloop
  endfacet
  facet normal -0.907489 0.0794328 0.412497
    outer loop
      vertex 56.685 45.9976 14
      vertex 56.7679 46.9447 14
      vertex 54.4468 46.3922 9
    endloop
  endfacet
  facet normal 0.746224 0.522491 0.412495
    outer loop
      vertex 46.546 43.3348 14
      vertex 47.9689 45.25 9
      vertex 46.0007 44.1136 14
    endloop
  endfacet
  facet normal 0.235788 0.879916 0.412494
    outer loop
      vertex 49.9976 41.315 14
      vertex 50.3922 43.5532 9
      vertex 49.0792 41.5611 14
    endloop
  endfacet
  facet normal 0.385608 -0.825364 0.412408
    outer loop
      vertex 49.25 50.0311 9
      vertex 49.0256 52.4246 14
      vertex 48.9753 52.4011 14
    endloop
  endfacet
  facet normal 0.384961 -0.82562 0.412501
    outer loop
      vertex 49.0256 52.4246 14
      vertex 49.25 50.0311 9
      vertex 49.8029 50.2889 9
    endloop
  endfacet
  facet normal -0.82562 0.384961 0.412501
    outer loop
      vertex 54.0311 45.25 9
      vertex 56.4246 45.0256 14
      vertex 54.2889 45.8029 9
    endloop
  endfacet
  facet normal -0.825364 0.385608 0.412408
    outer loop
      vertex 56.4246 45.0256 14
      vertex 54.0311 45.25 9
      vertex 56.4011 44.9753 14
    endloop
  endfacet
  facet normal 0.746224 -0.522491 0.412495
    outer loop
      vertex 47.9689 48.75 9
      vertex 46.546 50.6652 14
      vertex 46.0007 49.8864 14
    endloop
  endfacet
  facet normal -0.234826 0.880186 0.412468
    outer loop
      vertex 52.1971 43.7111 9
      vertex 52.9208 41.5611 14
      vertex 52.9744 41.5754 14
    endloop
  endfacet
  facet normal -0.235771 0.879922 0.412492
    outer loop
      vertex 52.9208 41.5611 14
      vertex 52.1971 43.7111 9
      vertex 51.6078 43.5532 9
    endloop
  endfacet
  facet normal -0.522491 0.746224 0.412495
    outer loop
      vertex 53.8864 42.0007 14
      vertex 54.6652 42.546 14
      vertex 52.75 43.9689 9
    endloop
  endfacet
  facet normal -0.0794314 0.907489 0.412497
    outer loop
      vertex 51 43.5 9
      vertex 51.0553 41.2321 14
      vertex 51.6078 43.5532 9
    endloop
  endfacet
  facet normal -0.0787738 0.907539 0.412513
    outer loop
      vertex 51.0553 41.2321 14
      vertex 51 43.5 9
      vertex 51 41.2273 14
    endloop
  endfacet
  facet normal -0.384975 -0.825617 0.412493
    outer loop
      vertex 53.8864 51.9993 14
      vertex 53.0247 52.4011 14
      vertex 52.75 50.0311 9
    endloop
  endfacet
  facet normal -0.825617 -0.384975 0.412493
    outer loop
      vertex 56.4011 49.0247 14
      vertex 55.9993 49.8864 14
      vertex 54.0311 48.75 9
    endloop
  endfacet
  facet normal 0.879916 0.235788 0.412494
    outer loop
      vertex 45.5611 45.0792 14
      vertex 47.5532 46.3922 9
      vertex 45.315 45.9976 14
    endloop
  endfacet
  facet normal 0.235788 -0.879916 0.412494
    outer loop
      vertex 50.3922 50.4468 9
      vertex 49.9976 52.685 14
      vertex 49.0792 52.4389 14
    endloop
  endfacet
  facet normal 0.746134 -0.522622 0.412493
    outer loop
      vertex 46.546 50.6652 14
      vertex 48.3188 49.2498 9
      vertex 46.5778 50.7106 14
    endloop
  endfacet
  facet normal 0.746262 -0.522443 0.412488
    outer loop
      vertex 48.3188 49.2498 9
      vertex 46.546 50.6652 14
      vertex 47.9689 48.75 9
    endloop
  endfacet
  facet normal 0.0794314 -0.907489 0.412497
    outer loop
      vertex 51 50.5 9
      vertex 50.9447 52.7679 14
      vertex 50.3922 50.4468 9
    endloop
  endfacet
  facet normal 0.0787738 -0.907539 0.412513
    outer loop
      vertex 50.9447 52.7679 14
      vertex 51 50.5 9
      vertex 51 52.7727 14
    endloop
  endfacet
  facet normal 0.907539 0.0787738 0.412513
    outer loop
      vertex 45.2321 46.9447 14
      vertex 47.5 47 9
      vertex 45.2273 47 14
    endloop
  endfacet
  facet normal 0.907489 0.0794314 0.412497
    outer loop
      vertex 47.5 47 9
      vertex 45.2321 46.9447 14
      vertex 47.5532 46.3922 9
    endloop
  endfacet
  facet normal 0.907489 -0.0794328 0.412497
    outer loop
      vertex 47.5532 47.6078 9
      vertex 45.315 48.0024 14
      vertex 45.2321 47.0553 14
    endloop
  endfacet
  facet normal 0.907539 -0.0787738 0.412513
    outer loop
      vertex 47.5 47 9
      vertex 45.2321 47.0553 14
      vertex 45.2273 47 14
    endloop
  endfacet
  facet normal 0.907489 -0.0794314 0.412497
    outer loop
      vertex 45.2321 47.0553 14
      vertex 47.5 47 9
      vertex 47.5532 47.6078 9
    endloop
  endfacet
  facet normal -0.644148 -0.644148 0.412487
    outer loop
      vertex 53.2498 49.6812 9
      vertex 55.4222 50.7106 14
      vertex 54.7106 51.4222 14
    endloop
  endfacet
  facet normal -0.644148 -0.644148 0.412487
    outer loop
      vertex 55.4222 50.7106 14
      vertex 53.2498 49.6812 9
      vertex 53.6812 49.2498 9
    endloop
  endfacet
  facet normal 0.522491 -0.746224 0.412495
    outer loop
      vertex 49.25 50.0311 9
      vertex 48.1136 51.9993 14
      vertex 47.3348 51.454 14
    endloop
  endfacet
  facet normal -0.0794328 -0.907489 0.412497
    outer loop
      vertex 51.6078 50.4468 9
      vertex 52.0024 52.685 14
      vertex 51.0553 52.7679 14
    endloop
  endfacet
  facet normal -0.746134 -0.522622 0.412493
    outer loop
      vertex 53.6812 49.2498 9
      vertex 55.454 50.6652 14
      vertex 55.4222 50.7106 14
    endloop
  endfacet
  facet normal -0.746262 -0.522443 0.412488
    outer loop
      vertex 55.454 50.6652 14
      vertex 53.6812 49.2498 9
      vertex 54.0311 48.75 9
    endloop
  endfacet
  facet normal 0.522491 0.746224 0.412495
    outer loop
      vertex 48.1136 42.0007 14
      vertex 49.25 43.9689 9
      vertex 47.3348 42.546 14
    endloop
  endfacet
  facet normal -0.825364 -0.385608 0.412408
    outer loop
      vertex 54.0311 48.75 9
      vertex 56.4246 48.9744 14
      vertex 56.4011 49.0247 14
    endloop
  endfacet
  facet normal -0.82562 -0.384961 0.412501
    outer loop
      vertex 56.4246 48.9744 14
      vertex 54.0311 48.75 9
      vertex 54.2889 48.1971 9
    endloop
  endfacet
  facet normal -0.880186 -0.234826 0.412468
    outer loop
      vertex 54.2889 48.1971 9
      vertex 56.4389 48.9208 14
      vertex 56.4246 48.9744 14
    endloop
  endfacet
  facet normal -0.879922 -0.235771 0.412492
    outer loop
      vertex 56.4389 48.9208 14
      vertex 54.2889 48.1971 9
      vertex 54.4468 47.6078 9
    endloop
  endfacet
  facet normal 0.0794328 0.907489 0.412497
    outer loop
      vertex 50.9447 41.2321 14
      vertex 50.3922 43.5532 9
      vertex 49.9976 41.315 14
    endloop
  endfacet
  facet normal 0.879922 0.235771 0.412492
    outer loop
      vertex 45.5611 45.0792 14
      vertex 47.7111 45.8029 9
      vertex 47.5532 46.3922 9
    endloop
  endfacet
  facet normal 0.880186 0.234826 0.412468
    outer loop
      vertex 47.7111 45.8029 9
      vertex 45.5611 45.0792 14
      vertex 45.5754 45.0256 14
    endloop
  endfacet
  facet normal -0.384961 -0.82562 0.412501
    outer loop
      vertex 52.75 50.0311 9
      vertex 52.9744 52.4246 14
      vertex 52.1971 50.2889 9
    endloop
  endfacet
  facet normal -0.385608 -0.825364 0.412408
    outer loop
      vertex 52.9744 52.4246 14
      vertex 52.75 50.0311 9
      vertex 53.0247 52.4011 14
    endloop
  endfacet
  facet normal -0.235771 -0.879922 0.412492
    outer loop
      vertex 52.1971 50.2889 9
      vertex 52.9208 52.4389 14
      vertex 51.6078 50.4468 9
    endloop
  endfacet
  facet normal -0.234826 -0.880186 0.412468
    outer loop
      vertex 52.9208 52.4389 14
      vertex 52.1971 50.2889 9
      vertex 52.9744 52.4246 14
    endloop
  endfacet
  facet normal 0.825364 -0.385608 0.412408
    outer loop
      vertex 45.5754 48.9744 14
      vertex 47.9689 48.75 9
      vertex 45.5989 49.0247 14
    endloop
  endfacet
  facet normal 0.82562 -0.384961 0.412501
    outer loop
      vertex 47.9689 48.75 9
      vertex 45.5754 48.9744 14
      vertex 47.7111 48.1971 9
    endloop
  endfacet
  facet normal -0.258815 0.965927 0
    outer loop
      vertex 52.1971 43.7111 0
      vertex 51.6078 43.5532 9
      vertex 52.1971 43.7111 9
    endloop
  endfacet
  facet normal -0.258815 0.965927 0
    outer loop
      vertex 51.6078 43.5532 9
      vertex 52.1971 43.7111 0
      vertex 51.6078 43.5532 0
    endloop
  endfacet
  facet normal -0.965927 -0.258815 0
    outer loop
      vertex 54.4468 47.6078 0
      vertex 54.2889 48.1971 9
      vertex 54.2889 48.1971 0
    endloop
  endfacet
  facet normal -0.965927 -0.258815 0
    outer loop
      vertex 54.2889 48.1971 9
      vertex 54.4468 47.6078 0
      vertex 54.4468 47.6078 9
    endloop
  endfacet
  facet normal -0.996191 -0.0871954 0
    outer loop
      vertex 54.5 47 0
      vertex 54.4468 47.6078 9
      vertex 54.4468 47.6078 0
    endloop
  endfacet
  facet normal -0.996191 -0.0871954 0
    outer loop
      vertex 54.4468 47.6078 9
      vertex 54.5 47 0
      vertex 54.5 47 9
    endloop
  endfacet
  facet normal -0.906321 -0.422589 0
    outer loop
      vertex 54.2889 48.1971 0
      vertex 54.0311 48.75 9
      vertex 54.0311 48.75 0
    endloop
  endfacet
  facet normal -0.906321 -0.422589 0
    outer loop
      vertex 54.0311 48.75 9
      vertex 54.2889 48.1971 0
      vertex 54.2889 48.1971 9
    endloop
  endfacet
  facet normal -0.573506 -0.819201 0
    outer loop
      vertex 52.75 50.0311 0
      vertex 53.2498 49.6812 9
      vertex 52.75 50.0311 9
    endloop
  endfacet
  facet normal -0.573506 -0.819201 -0
    outer loop
      vertex 53.2498 49.6812 9
      vertex 52.75 50.0311 0
      vertex 53.2498 49.6812 0
    endloop
  endfacet
  facet normal -0.258815 -0.965927 0
    outer loop
      vertex 51.6078 50.4468 0
      vertex 52.1971 50.2889 9
      vertex 51.6078 50.4468 9
    endloop
  endfacet
  facet normal -0.258815 -0.965927 -0
    outer loop
      vertex 52.1971 50.2889 9
      vertex 51.6078 50.4468 0
      vertex 52.1971 50.2889 0
    endloop
  endfacet
  facet normal 0.819201 -0.573506 0
    outer loop
      vertex 47.9689 48.75 9
      vertex 48.3188 49.2498 0
      vertex 48.3188 49.2498 9
    endloop
  endfacet
  facet normal 0.819201 -0.573506 0
    outer loop
      vertex 48.3188 49.2498 0
      vertex 47.9689 48.75 9
      vertex 47.9689 48.75 0
    endloop
  endfacet
  facet normal -0.0871954 0.996191 0
    outer loop
      vertex 51.6078 43.5532 0
      vertex 51 43.5 9
      vertex 51.6078 43.5532 9
    endloop
  endfacet
  facet normal -0.0871954 0.996191 0
    outer loop
      vertex 51 43.5 9
      vertex 51.6078 43.5532 0
      vertex 51 43.5 0
    endloop
  endfacet
  facet normal -0.422589 -0.906321 0
    outer loop
      vertex 52.1971 50.2889 0
      vertex 52.75 50.0311 9
      vertex 52.1971 50.2889 9
    endloop
  endfacet
  facet normal -0.422589 -0.906321 -0
    outer loop
      vertex 52.75 50.0311 9
      vertex 52.1971 50.2889 0
      vertex 52.75 50.0311 0
    endloop
  endfacet
  facet normal 0.422589 0.906321 -0
    outer loop
      vertex 49.8029 43.7111 0
      vertex 49.25 43.9689 9
      vertex 49.8029 43.7111 9
    endloop
  endfacet
  facet normal 0.422589 0.906321 0
    outer loop
      vertex 49.25 43.9689 9
      vertex 49.8029 43.7111 0
      vertex 49.25 43.9689 0
    endloop
  endfacet
  facet normal -0.422589 0.906321 0
    outer loop
      vertex 52.75 43.9689 0
      vertex 52.1971 43.7111 9
      vertex 52.75 43.9689 9
    endloop
  endfacet
  facet normal -0.422589 0.906321 0
    outer loop
      vertex 52.1971 43.7111 9
      vertex 52.75 43.9689 0
      vertex 52.1971 43.7111 0
    endloop
  endfacet
  facet normal -0.819201 -0.573506 0
    outer loop
      vertex 54.0311 48.75 0
      vertex 53.6812 49.2498 9
      vertex 53.6812 49.2498 0
    endloop
  endfacet
  facet normal -0.819201 -0.573506 0
    outer loop
      vertex 53.6812 49.2498 9
      vertex 54.0311 48.75 0
      vertex 54.0311 48.75 9
    endloop
  endfacet
  facet normal -0.819201 0.573506 0
    outer loop
      vertex 53.6812 44.7502 0
      vertex 54.0311 45.25 9
      vertex 54.0311 45.25 0
    endloop
  endfacet
  facet normal -0.819201 0.573506 0
    outer loop
      vertex 54.0311 45.25 9
      vertex 53.6812 44.7502 0
      vertex 53.6812 44.7502 9
    endloop
  endfacet
  facet normal 0.906321 0.422589 0
    outer loop
      vertex 47.9689 45.25 9
      vertex 47.7111 45.8029 0
      vertex 47.7111 45.8029 9
    endloop
  endfacet
  facet normal 0.906321 0.422589 0
    outer loop
      vertex 47.7111 45.8029 0
      vertex 47.9689 45.25 9
      vertex 47.9689 45.25 0
    endloop
  endfacet
  facet normal 0.573506 -0.819201 0
    outer loop
      vertex 48.7502 49.6812 0
      vertex 49.25 50.0311 9
      vertex 48.7502 49.6812 9
    endloop
  endfacet
  facet normal 0.573506 -0.819201 0
    outer loop
      vertex 49.25 50.0311 9
      vertex 48.7502 49.6812 0
      vertex 49.25 50.0311 0
    endloop
  endfacet
  facet normal 0.906321 -0.422589 0
    outer loop
      vertex 47.7111 48.1971 9
      vertex 47.9689 48.75 0
      vertex 47.9689 48.75 9
    endloop
  endfacet
  facet normal 0.906321 -0.422589 0
    outer loop
      vertex 47.9689 48.75 0
      vertex 47.7111 48.1971 9
      vertex 47.7111 48.1971 0
    endloop
  endfacet
  facet normal -0.0871954 -0.996191 0
    outer loop
      vertex 51 50.5 0
      vertex 51.6078 50.4468 9
      vertex 51 50.5 9
    endloop
  endfacet
  facet normal -0.0871954 -0.996191 -0
    outer loop
      vertex 51.6078 50.4468 9
      vertex 51 50.5 0
      vertex 51.6078 50.4468 0
    endloop
  endfacet
  facet normal -0.996191 0.0871954 0
    outer loop
      vertex 54.4468 46.3922 0
      vertex 54.5 47 9
      vertex 54.5 47 0
    endloop
  endfacet
  facet normal -0.996191 0.0871954 0
    outer loop
      vertex 54.5 47 9
      vertex 54.4468 46.3922 0
      vertex 54.4468 46.3922 9
    endloop
  endfacet
  facet normal 0.707107 0.707107 0
    outer loop
      vertex 48.7502 44.3188 9
      vertex 48.3188 44.7502 0
      vertex 48.3188 44.7502 9
    endloop
  endfacet
  facet normal 0.707107 0.707107 0
    outer loop
      vertex 48.3188 44.7502 0
      vertex 48.7502 44.3188 9
      vertex 48.7502 44.3188 0
    endloop
  endfacet
  facet normal -0.965927 0.258815 0
    outer loop
      vertex 54.2889 45.8029 0
      vertex 54.4468 46.3922 9
      vertex 54.4468 46.3922 0
    endloop
  endfacet
  facet normal -0.965927 0.258815 0
    outer loop
      vertex 54.4468 46.3922 9
      vertex 54.2889 45.8029 0
      vertex 54.2889 45.8029 9
    endloop
  endfacet
  facet normal -0.573506 0.819201 0
    outer loop
      vertex 53.2498 44.3188 0
      vertex 52.75 43.9689 9
      vertex 53.2498 44.3188 9
    endloop
  endfacet
  facet normal -0.573506 0.819201 0
    outer loop
      vertex 52.75 43.9689 9
      vertex 53.2498 44.3188 0
      vertex 52.75 43.9689 0
    endloop
  endfacet
  facet normal -0.906321 0.422589 0
    outer loop
      vertex 54.0311 45.25 0
      vertex 54.2889 45.8029 9
      vertex 54.2889 45.8029 0
    endloop
  endfacet
  facet normal -0.906321 0.422589 0
    outer loop
      vertex 54.2889 45.8029 9
      vertex 54.0311 45.25 0
      vertex 54.0311 45.25 9
    endloop
  endfacet
  facet normal 0.258815 -0.965927 0
    outer loop
      vertex 49.8029 50.2889 0
      vertex 50.3922 50.4468 9
      vertex 49.8029 50.2889 9
    endloop
  endfacet
  facet normal 0.258815 -0.965927 0
    outer loop
      vertex 50.3922 50.4468 9
      vertex 49.8029 50.2889 0
      vertex 50.3922 50.4468 0
    endloop
  endfacet
  facet normal 0.422589 -0.906321 0
    outer loop
      vertex 49.25 50.0311 0
      vertex 49.8029 50.2889 9
      vertex 49.25 50.0311 9
    endloop
  endfacet
  facet normal 0.422589 -0.906321 0
    outer loop
      vertex 49.8029 50.2889 9
      vertex 49.25 50.0311 0
      vertex 49.8029 50.2889 0
    endloop
  endfacet
  facet normal 0.573506 0.819201 -0
    outer loop
      vertex 49.25 43.9689 0
      vertex 48.7502 44.3188 9
      vertex 49.25 43.9689 9
    endloop
  endfacet
  facet normal 0.573506 0.819201 0
    outer loop
      vertex 48.7502 44.3188 9
      vertex 49.25 43.9689 0
      vertex 48.7502 44.3188 0
    endloop
  endfacet
  facet normal -0.707107 -0.707107 0
    outer loop
      vertex 53.6812 49.2498 0
      vertex 53.2498 49.6812 9
      vertex 53.2498 49.6812 0
    endloop
  endfacet
  facet normal -0.707107 -0.707107 0
    outer loop
      vertex 53.2498 49.6812 9
      vertex 53.6812 49.2498 0
      vertex 53.6812 49.2498 9
    endloop
  endfacet
  facet normal 0.996191 0.0871954 0
    outer loop
      vertex 47.5532 46.3922 9
      vertex 47.5 47 0
      vertex 47.5 47 9
    endloop
  endfacet
  facet normal 0.996191 0.0871954 0
    outer loop
      vertex 47.5 47 0
      vertex 47.5532 46.3922 9
      vertex 47.5532 46.3922 0
    endloop
  endfacet
  facet normal 0.965927 0.258815 0
    outer loop
      vertex 47.7111 45.8029 9
      vertex 47.5532 46.3922 0
      vertex 47.5532 46.3922 9
    endloop
  endfacet
  facet normal 0.965927 0.258815 0
    outer loop
      vertex 47.5532 46.3922 0
      vertex 47.7111 45.8029 9
      vertex 47.7111 45.8029 0
    endloop
  endfacet
  facet normal 0.819201 0.573506 0
    outer loop
      vertex 48.3188 44.7502 9
      vertex 47.9689 45.25 0
      vertex 47.9689 45.25 9
    endloop
  endfacet
  facet normal 0.819201 0.573506 0
    outer loop
      vertex 47.9689 45.25 0
      vertex 48.3188 44.7502 9
      vertex 48.3188 44.7502 0
    endloop
  endfacet
  facet normal 0.258815 0.965927 -0
    outer loop
      vertex 50.3922 43.5532 0
      vertex 49.8029 43.7111 9
      vertex 50.3922 43.5532 9
    endloop
  endfacet
  facet normal 0.258815 0.965927 0
    outer loop
      vertex 49.8029 43.7111 9
      vertex 50.3922 43.5532 0
      vertex 49.8029 43.7111 0
    endloop
  endfacet
  facet normal 0.965927 -0.258815 0
    outer loop
      vertex 47.5532 47.6078 9
      vertex 47.7111 48.1971 0
      vertex 47.7111 48.1971 9
    endloop
  endfacet
  facet normal 0.965927 -0.258815 0
    outer loop
      vertex 47.7111 48.1971 0
      vertex 47.5532 47.6078 9
      vertex 47.5532 47.6078 0
    endloop
  endfacet
  facet normal 0.707107 -0.707107 0
    outer loop
      vertex 48.3188 49.2498 9
      vertex 48.7502 49.6812 0
      vertex 48.7502 49.6812 9
    endloop
  endfacet
  facet normal 0.707107 -0.707107 0
    outer loop
      vertex 48.7502 49.6812 0
      vertex 48.3188 49.2498 9
      vertex 48.3188 49.2498 0
    endloop
  endfacet
  facet normal 0.996191 -0.0871954 0
    outer loop
      vertex 47.5 47 9
      vertex 47.5532 47.6078 0
      vertex 47.5532 47.6078 9
    endloop
  endfacet
  facet normal 0.996191 -0.0871954 0
    outer loop
      vertex 47.5532 47.6078 0
      vertex 47.5 47 9
      vertex 47.5 47 0
    endloop
  endfacet
  facet normal 0.0871954 -0.996191 0
    outer loop
      vertex 50.3922 50.4468 0
      vertex 51 50.5 9
      vertex 50.3922 50.4468 9
    endloop
  endfacet
  facet normal 0.0871954 -0.996191 0
    outer loop
      vertex 51 50.5 9
      vertex 50.3922 50.4468 0
      vertex 51 50.5 0
    endloop
  endfacet
  facet normal -0.707107 0.707107 0
    outer loop
      vertex 53.2498 44.3188 0
      vertex 53.6812 44.7502 9
      vertex 53.6812 44.7502 0
    endloop
  endfacet
  facet normal -0.707107 0.707107 0
    outer loop
      vertex 53.6812 44.7502 9
      vertex 53.2498 44.3188 0
      vertex 53.2498 44.3188 9
    endloop
  endfacet
  facet normal 0.0871954 0.996191 -0
    outer loop
      vertex 51 43.5 0
      vertex 50.3922 43.5532 9
      vertex 51 43.5 9
    endloop
  endfacet
  facet normal 0.0871954 0.996191 0
    outer loop
      vertex 50.3922 43.5532 9
      vertex 51 43.5 0
      vertex 50.3922 43.5532 0
    endloop
  endfacet
endsolid OpenSCAD_Model
