solid OpenSCAD_Model
  facet normal -1 0 0
    outer loop
      vertex -59 4 0
      vertex -59 30 2.4
      vertex -59 30 0
    endloop
  endfacet
  facet normal -1 -0 0
    outer loop
      vertex -59 30 2.4
      vertex -59 4 0
      vertex -59 4 2.4
    endloop
  endfacet
  facet normal 0.23342 -0.972376 0
    outer loop
      vertex 55.6257 0.0492458 0
      vertex 56.2361 0.195773 2.4
      vertex 55.6257 0.0492458 2.4
    endloop
  endfacet
  facet normal 0.23342 -0.972376 0
    outer loop
      vertex 56.2361 0.195773 2.4
      vertex 55.6257 0.0492458 0
      vertex 56.2361 0.195773 0
    endloop
  endfacet
  facet normal 0.97235 0.23353 0
    outer loop
      vertex 58.9508 30.6257 2.4
      vertex 58.8042 31.2361 0
      vertex 58.8042 31.2361 2.4
    endloop
  endfacet
  facet normal 0.97235 0.23353 0
    outer loop
      vertex 58.8042 31.2361 0
      vertex 58.9508 30.6257 2.4
      vertex 58.9508 30.6257 0
    endloop
  endfacet
  facet normal -0.923881 0.38268 0
    outer loop
      vertex -58.8042 31.2361 0
      vertex -58.564 31.816 2.4
      vertex -58.564 31.816 0
    endloop
  endfacet
  facet normal -0.923881 0.38268 0
    outer loop
      vertex -58.564 31.816 2.4
      vertex -58.8042 31.2361 0
      vertex -58.8042 31.2361 2.4
    endloop
  endfacet
  facet normal -0.38268 -0.923881 0
    outer loop
      vertex -56.816 0.435973 0
      vertex -56.2361 0.195773 2.4
      vertex -56.816 0.435973 2.4
    endloop
  endfacet
  facet normal -0.38268 -0.923881 -0
    outer loop
      vertex -56.2361 0.195773 2.4
      vertex -56.816 0.435973 0
      vertex -56.2361 0.195773 0
    endloop
  endfacet
  facet normal -0.23342 -0.972376 0
    outer loop
      vertex -56.2361 0.195773 0
      vertex -55.6257 0.0492458 2.4
      vertex -56.2361 0.195773 2.4
    endloop
  endfacet
  facet normal -0.23342 -0.972376 -0
    outer loop
      vertex -55.6257 0.0492458 2.4
      vertex -56.2361 0.195773 0
      vertex -55.6257 0.0492458 0
    endloop
  endfacet
  facet normal 0 1 -0
    outer loop
      vertex 55 34 0
      vertex 49 34 2.4
      vertex 55 34 2.4
    endloop
  endfacet
  facet normal 0 1 0
    outer loop
      vertex 49 34 2.4
      vertex 55 34 0
      vertex 27 34 2.4
    endloop
  endfacet
  facet normal 0 1 0
    outer loop
      vertex 27 34 2.4
      vertex 55 34 0
      vertex -27 34 2.4
    endloop
  endfacet
  facet normal 0 1 0
    outer loop
      vertex -55 34 0
      vertex -27 34 2.4
      vertex 55 34 0
    endloop
  endfacet
  facet normal 0 1 0
    outer loop
      vertex -27 34 2.4
      vertex -55 34 0
      vertex -49 34 2.4
    endloop
  endfacet
  facet normal 0 1 0
    outer loop
      vertex -49 34 2.4
      vertex -55 34 0
      vertex -55 34 2.4
    endloop
  endfacet
  facet normal 0 1 -0
    outer loop
      vertex 49 34 2.4
      vertex 26.0648 34 6.79999
      vertex 49.9352 34 6.79999
    endloop
  endfacet
  facet normal 0 1 0
    outer loop
      vertex 26.0648 34 6.79999
      vertex 49 34 2.4
      vertex 27 34 2.4
    endloop
  endfacet
  facet normal 0 1 -0
    outer loop
      vertex -27 34 2.4
      vertex -49.9352 34 6.79999
      vertex -26.0648 34 6.79999
    endloop
  endfacet
  facet normal 0 1 0
    outer loop
      vertex -49.9352 34 6.79999
      vertex -27 34 2.4
      vertex -49 34 2.4
    endloop
  endfacet
  facet normal 1 -0 0
    outer loop
      vertex 59 4 2.4
      vertex 59 30 0
      vertex 59 30 2.4
    endloop
  endfacet
  facet normal 1 0 0
    outer loop
      vertex 59 30 0
      vertex 59 4 2.4
      vertex 59 4 0
    endloop
  endfacet
  facet normal 0.522487 0.852647 -0
    outer loop
      vertex 57.3511 33.2361 0
      vertex 56.816 33.564 2.4
      vertex 57.3511 33.2361 2.4
    endloop
  endfacet
  facet normal 0.522487 0.852647 0
    outer loop
      vertex 56.816 33.564 2.4
      vertex 57.3511 33.2361 0
      vertex 56.816 33.564 0
    endloop
  endfacet
  facet normal 0.07839 0.996923 -0
    outer loop
      vertex 55.6257 33.9508 0
      vertex 55 34 2.4
      vertex 55.6257 33.9508 2.4
    endloop
  endfacet
  facet normal 0.07839 0.996923 0
    outer loop
      vertex 55 34 2.4
      vertex 55.6257 33.9508 0
      vertex 55 34 0
    endloop
  endfacet
  facet normal 0.852647 0.522487 0
    outer loop
      vertex 58.564 31.816 2.4
      vertex 58.2361 32.3511 0
      vertex 58.2361 32.3511 2.4
    endloop
  endfacet
  facet normal 0.852647 0.522487 0
    outer loop
      vertex 58.2361 32.3511 0
      vertex 58.564 31.816 2.4
      vertex 58.564 31.816 0
    endloop
  endfacet
  facet normal -0.760369 0.649492 0
    outer loop
      vertex -58.2361 32.3511 0
      vertex -57.8284 32.8284 2.4
      vertex -57.8284 32.8284 0
    endloop
  endfacet
  facet normal -0.760369 0.649492 0
    outer loop
      vertex -57.8284 32.8284 2.4
      vertex -58.2361 32.3511 0
      vertex -58.2361 32.3511 2.4
    endloop
  endfacet
  facet normal 0.38268 -0.923881 0
    outer loop
      vertex 56.2361 0.195773 0
      vertex 56.816 0.435973 2.4
      vertex 56.2361 0.195773 2.4
    endloop
  endfacet
  facet normal 0.38268 -0.923881 0
    outer loop
      vertex 56.816 0.435973 2.4
      vertex 56.2361 0.195773 0
      vertex 56.816 0.435973 0
    endloop
  endfacet
  facet normal 0.0784625 -0.996917 0
    outer loop
      vertex 55 0 0
      vertex 55.6257 0.0492458 2.4
      vertex 55 0 2.4
    endloop
  endfacet
  facet normal 0.0784625 -0.996917 0
    outer loop
      vertex 55.6257 0.0492458 2.4
      vertex 55 0 0
      vertex 55.6257 0.0492458 0
    endloop
  endfacet
  facet normal 0.23353 0.97235 -0
    outer loop
      vertex 56.2361 33.8042 0
      vertex 55.6257 33.9508 2.4
      vertex 56.2361 33.8042 2.4
    endloop
  endfacet
  facet normal 0.23353 0.97235 0
    outer loop
      vertex 55.6257 33.9508 2.4
      vertex 56.2361 33.8042 0
      vertex 55.6257 33.9508 0
    endloop
  endfacet
  facet normal 0.649492 0.760369 -0
    outer loop
      vertex 57.8284 32.8284 0
      vertex 57.3511 33.2361 2.4
      vertex 57.8284 32.8284 2.4
    endloop
  endfacet
  facet normal 0.649492 0.760369 0
    outer loop
      vertex 57.3511 33.2361 2.4
      vertex 57.8284 32.8284 0
      vertex 57.3511 33.2361 0
    endloop
  endfacet
  facet normal -0.649492 0.760369 0
    outer loop
      vertex -57.3511 33.2361 0
      vertex -57.8284 32.8284 2.4
      vertex -57.3511 33.2361 2.4
    endloop
  endfacet
  facet normal -0.649492 0.760369 0
    outer loop
      vertex -57.8284 32.8284 2.4
      vertex -57.3511 33.2361 0
      vertex -57.8284 32.8284 0
    endloop
  endfacet
  facet normal -0.852647 0.522487 0
    outer loop
      vertex -58.564 31.816 0
      vertex -58.2361 32.3511 2.4
      vertex -58.2361 32.3511 0
    endloop
  endfacet
  facet normal -0.852647 0.522487 0
    outer loop
      vertex -58.2361 32.3511 2.4
      vertex -58.564 31.816 0
      vertex -58.564 31.816 2.4
    endloop
  endfacet
  facet normal -0.522487 0.852647 0
    outer loop
      vertex -56.816 33.564 0
      vertex -57.3511 33.2361 2.4
      vertex -56.816 33.564 2.4
    endloop
  endfacet
  facet normal -0.522487 0.852647 0
    outer loop
      vertex -57.3511 33.2361 2.4
      vertex -56.816 33.564 0
      vertex -57.3511 33.2361 0
    endloop
  endfacet
  facet normal 0 0 -1
    outer loop
      vertex -35.9259 25.1715 0
      vertex 35.9259 25.1715 0
      vertex -35.9259 7.82851 0
    endloop
  endfacet
  facet normal 0 0 -1
    outer loop
      vertex 35.9259 25.1715 0
      vertex -35.9259 25.1715 0
      vertex -35.9 25.5 0
    endloop
  endfacet
  facet normal 0 0 -1
    outer loop
      vertex -36.0028 8.14894 0
      vertex -35.9259 25.1715 0
      vertex -35.9259 7.82851 0
    endloop
  endfacet
  facet normal 0 0 -1
    outer loop
      vertex -36.0028 8.14894 0
      vertex -36.0028 24.8511 0
      vertex -35.9259 25.1715 0
    endloop
  endfacet
  facet normal 0 0 -1
    outer loop
      vertex -36.1289 8.45338 0
      vertex -36.0028 24.8511 0
      vertex -36.0028 8.14894 0
    endloop
  endfacet
  facet normal 0 0 -1
    outer loop
      vertex -36.1289 8.45338 0
      vertex -36.1289 24.5466 0
      vertex -36.0028 24.8511 0
    endloop
  endfacet
  facet normal 0 0 -1
    outer loop
      vertex -36.3011 8.73435 0
      vertex -36.1289 24.5466 0
      vertex -36.1289 8.45338 0
    endloop
  endfacet
  facet normal 0 0 -1
    outer loop
      vertex -36.3011 8.73435 0
      vertex -36.3011 24.2657 0
      vertex -36.1289 24.5466 0
    endloop
  endfacet
  facet normal 0 0 -1
    outer loop
      vertex -36.5151 8.98492 0
      vertex -36.3011 24.2657 0
      vertex -36.3011 8.73435 0
    endloop
  endfacet
  facet normal 0 0 -1
    outer loop
      vertex -36.5151 8.98492 0
      vertex -36.5151 24.0151 0
      vertex -36.3011 24.2657 0
    endloop
  endfacet
  facet normal 0 0 -1
    outer loop
      vertex -36.7657 9.19894 0
      vertex -36.5151 24.0151 0
      vertex -36.5151 8.98492 0
    endloop
  endfacet
  facet normal 0 0 -1
    outer loop
      vertex -36.7657 9.19894 0
      vertex -36.7657 23.8011 0
      vertex -36.5151 24.0151 0
    endloop
  endfacet
  facet normal 0 0 -1
    outer loop
      vertex -37.0466 9.37111 0
      vertex -36.7657 23.8011 0
      vertex -36.7657 9.19894 0
    endloop
  endfacet
  facet normal 0 0 -1
    outer loop
      vertex -37.0466 9.37111 0
      vertex -37.0466 23.6289 0
      vertex -36.7657 23.8011 0
    endloop
  endfacet
  facet normal 0 0 -1
    outer loop
      vertex -37.3511 9.49722 0
      vertex -37.0466 23.6289 0
      vertex -37.0466 9.37111 0
    endloop
  endfacet
  facet normal 0 0 -1
    outer loop
      vertex -37.3511 9.49722 0
      vertex -37.3511 23.5028 0
      vertex -37.0466 23.6289 0
    endloop
  endfacet
  facet normal 0 0 -1
    outer loop
      vertex -37.6715 9.57415 0
      vertex -37.3511 23.5028 0
      vertex -37.3511 9.49722 0
    endloop
  endfacet
  facet normal 0 0 -1
    outer loop
      vertex -37.6715 9.57415 0
      vertex -37.6715 23.4259 0
      vertex -37.3511 23.5028 0
    endloop
  endfacet
  facet normal 0 0 -1
    outer loop
      vertex -38 9.6 0
      vertex -37.6715 23.4259 0
      vertex -37.6715 9.57415 0
    endloop
  endfacet
  facet normal 0 0 -1
    outer loop
      vertex -38 9.6 0
      vertex -38 23.4 0
      vertex -37.6715 23.4259 0
    endloop
  endfacet
  facet normal 0 0 -1
    outer loop
      vertex -38.3285 9.57415 0
      vertex -38 23.4 0
      vertex -38 9.6 0
    endloop
  endfacet
  facet normal 0 0 -1
    outer loop
      vertex -38.3285 9.57415 0
      vertex -38.3285 23.4259 0
      vertex -38 23.4 0
    endloop
  endfacet
  facet normal 0 0 -1
    outer loop
      vertex -38.6489 9.49722 0
      vertex -38.3285 23.4259 0
      vertex -38.3285 9.57415 0
    endloop
  endfacet
  facet normal 0 0 -1
    outer loop
      vertex -38.6489 9.49722 0
      vertex -38.6489 23.5028 0
      vertex -38.3285 23.4259 0
    endloop
  endfacet
  facet normal 0 0 -1
    outer loop
      vertex -38.9534 9.37111 0
      vertex -38.6489 23.5028 0
      vertex -38.6489 9.49722 0
    endloop
  endfacet
  facet normal 0 0 -1
    outer loop
      vertex -38.9534 9.37111 0
      vertex -38.9534 23.6289 0
      vertex -38.6489 23.5028 0
    endloop
  endfacet
  facet normal 0 0 -1
    outer loop
      vertex -39.2343 9.19894 0
      vertex -38.9534 23.6289 0
      vertex -38.9534 9.37111 0
    endloop
  endfacet
  facet normal 0 0 -1
    outer loop
      vertex -39.2343 9.19894 0
      vertex -39.2343 23.8011 0
      vertex -38.9534 23.6289 0
    endloop
  endfacet
  facet normal 0 0 -1
    outer loop
      vertex -39.4849 8.98492 0
      vertex -39.2343 23.8011 0
      vertex -39.2343 9.19894 0
    endloop
  endfacet
  facet normal 0 0 -1
    outer loop
      vertex -39.4849 8.98492 0
      vertex -39.4849 24.0151 0
      vertex -39.2343 23.8011 0
    endloop
  endfacet
  facet normal 0 0 -1
    outer loop
      vertex -39.6989 8.73435 0
      vertex -39.4849 24.0151 0
      vertex -39.4849 8.98492 0
    endloop
  endfacet
  facet normal 0 0 -1
    outer loop
      vertex -39.6989 8.73435 0
      vertex -39.6989 24.2657 0
      vertex -39.4849 24.0151 0
    endloop
  endfacet
  facet normal 0 0 -1
    outer loop
      vertex -59 4 0
      vertex -39.6989 8.73435 0
      vertex -39.8711 8.45338 0
    endloop
  endfacet
  facet normal -0 0 -1
    outer loop
      vertex -39.6989 8.73435 0
      vertex -59 4 0
      vertex -39.6989 24.2657 0
    endloop
  endfacet
  facet normal 0 0 -1
    outer loop
      vertex -59 4 0
      vertex -39.8711 8.45338 0
      vertex -39.9972 8.14894 0
    endloop
  endfacet
  facet normal -0 0 -1
    outer loop
      vertex -39.6989 24.2657 0
      vertex -59 4 0
      vertex -39.8711 24.5466 0
    endloop
  endfacet
  facet normal 0 0 -1
    outer loop
      vertex -59 4 0
      vertex -39.9972 8.14894 0
      vertex -40.0741 7.82851 0
    endloop
  endfacet
  facet normal 0 0 -1
    outer loop
      vertex -59 30 0
      vertex -39.8711 24.5466 0
      vertex -59 4 0
    endloop
  endfacet
  facet normal 0 0 -1
    outer loop
      vertex -55 0 0
      vertex -40.0741 7.82851 0
      vertex -40.1 7.5 0
    endloop
  endfacet
  facet normal 0 0 -1
    outer loop
      vertex -39.8711 24.5466 0
      vertex -59 30 0
      vertex -39.9972 24.8511 0
    endloop
  endfacet
  facet normal 0 0 -1
    outer loop
      vertex 39.9972 8.14894 0
      vertex 59 4 0
      vertex 40.0741 7.82851 0
    endloop
  endfacet
  facet normal 0 0 -1
    outer loop
      vertex 59 4 0
      vertex 40.0741 25.1715 0
      vertex 40.1 25.5 0
    endloop
  endfacet
  facet normal 0 0 -1
    outer loop
      vertex 39.8711 8.45338 0
      vertex 59 4 0
      vertex 39.9972 8.14894 0
    endloop
  endfacet
  facet normal 0 0 -1
    outer loop
      vertex 59 4 0
      vertex 39.9972 24.8511 0
      vertex 40.0741 25.1715 0
    endloop
  endfacet
  facet normal 0 0 -1
    outer loop
      vertex 39.6989 8.73435 0
      vertex 59 4 0
      vertex 39.8711 8.45338 0
    endloop
  endfacet
  facet normal 0 0 -1
    outer loop
      vertex 59 4 0
      vertex 39.8711 24.5466 0
      vertex 39.9972 24.8511 0
    endloop
  endfacet
  facet normal 0 0 -1
    outer loop
      vertex 39.6989 24.2657 0
      vertex 59 4 0
      vertex 39.6989 8.73435 0
    endloop
  endfacet
  facet normal 0 0 -1
    outer loop
      vertex 59 4 0
      vertex 39.6989 24.2657 0
      vertex 39.8711 24.5466 0
    endloop
  endfacet
  facet normal 0 0 -1
    outer loop
      vertex 39.4849 8.98492 0
      vertex 39.6989 24.2657 0
      vertex 39.6989 8.73435 0
    endloop
  endfacet
  facet normal 0 0 -1
    outer loop
      vertex 39.4849 8.98492 0
      vertex 39.4849 24.0151 0
      vertex 39.6989 24.2657 0
    endloop
  endfacet
  facet normal 0 0 -1
    outer loop
      vertex 39.2343 9.19894 0
      vertex 39.4849 24.0151 0
      vertex 39.4849 8.98492 0
    endloop
  endfacet
  facet normal 0 0 -1
    outer loop
      vertex 39.2343 9.19894 0
      vertex 39.2343 23.8011 0
      vertex 39.4849 24.0151 0
    endloop
  endfacet
  facet normal 0 0 -1
    outer loop
      vertex 38.9534 9.37111 0
      vertex 39.2343 23.8011 0
      vertex 39.2343 9.19894 0
    endloop
  endfacet
  facet normal 0 0 -1
    outer loop
      vertex 38.9534 9.37111 0
      vertex 38.9534 23.6289 0
      vertex 39.2343 23.8011 0
    endloop
  endfacet
  facet normal 0 0 -1
    outer loop
      vertex 38.6489 9.49722 0
      vertex 38.9534 23.6289 0
      vertex 38.9534 9.37111 0
    endloop
  endfacet
  facet normal 0 0 -1
    outer loop
      vertex 38.6489 9.49722 0
      vertex 38.6489 23.5028 0
      vertex 38.9534 23.6289 0
    endloop
  endfacet
  facet normal 0 0 -1
    outer loop
      vertex 38.3285 9.57415 0
      vertex 38.6489 23.5028 0
      vertex 38.6489 9.49722 0
    endloop
  endfacet
  facet normal 0 0 -1
    outer loop
      vertex 38.3285 9.57415 0
      vertex 38.3285 23.4259 0
      vertex 38.6489 23.5028 0
    endloop
  endfacet
  facet normal 0 0 -1
    outer loop
      vertex 38 9.6 0
      vertex 38.3285 23.4259 0
      vertex 38.3285 9.57415 0
    endloop
  endfacet
  facet normal 0 0 -1
    outer loop
      vertex 38 9.6 0
      vertex 38 23.4 0
      vertex 38.3285 23.4259 0
    endloop
  endfacet
  facet normal 0 0 -1
    outer loop
      vertex 37.6715 9.57415 0
      vertex 38 23.4 0
      vertex 38 9.6 0
    endloop
  endfacet
  facet normal 0 0 -1
    outer loop
      vertex 37.6715 9.57415 0
      vertex 37.6715 23.4259 0
      vertex 38 23.4 0
    endloop
  endfacet
  facet normal 0 0 -1
    outer loop
      vertex 37.3511 9.49722 0
      vertex 37.6715 23.4259 0
      vertex 37.6715 9.57415 0
    endloop
  endfacet
  facet normal 0 0 -1
    outer loop
      vertex 37.3511 9.49722 0
      vertex 37.3511 23.5028 0
      vertex 37.6715 23.4259 0
    endloop
  endfacet
  facet normal 0 0 -1
    outer loop
      vertex 37.0466 9.37111 0
      vertex 37.3511 23.5028 0
      vertex 37.3511 9.49722 0
    endloop
  endfacet
  facet normal 0 0 -1
    outer loop
      vertex 37.0466 9.37111 0
      vertex 37.0466 23.6289 0
      vertex 37.3511 23.5028 0
    endloop
  endfacet
  facet normal 0 0 -1
    outer loop
      vertex 36.7657 9.19894 0
      vertex 37.0466 23.6289 0
      vertex 37.0466 9.37111 0
    endloop
  endfacet
  facet normal 0 0 -1
    outer loop
      vertex 36.7657 9.19894 0
      vertex 36.7657 23.8011 0
      vertex 37.0466 23.6289 0
    endloop
  endfacet
  facet normal 0 0 -1
    outer loop
      vertex 36.5151 8.98492 0
      vertex 36.7657 23.8011 0
      vertex 36.7657 9.19894 0
    endloop
  endfacet
  facet normal 0 0 -1
    outer loop
      vertex 36.5151 8.98492 0
      vertex 36.5151 24.0151 0
      vertex 36.7657 23.8011 0
    endloop
  endfacet
  facet normal 0 0 -1
    outer loop
      vertex 36.3011 8.73435 0
      vertex 36.5151 24.0151 0
      vertex 36.5151 8.98492 0
    endloop
  endfacet
  facet normal 0 0 -1
    outer loop
      vertex 36.3011 8.73435 0
      vertex 36.3011 24.2657 0
      vertex 36.5151 24.0151 0
    endloop
  endfacet
  facet normal 0 0 -1
    outer loop
      vertex 36.1289 8.45338 0
      vertex 36.3011 24.2657 0
      vertex 36.3011 8.73435 0
    endloop
  endfacet
  facet normal 0 0 -1
    outer loop
      vertex 36.1289 8.45338 0
      vertex 36.1289 24.5466 0
      vertex 36.3011 24.2657 0
    endloop
  endfacet
  facet normal 0 0 -1
    outer loop
      vertex 36.0028 8.14894 0
      vertex 36.1289 24.5466 0
      vertex 36.1289 8.45338 0
    endloop
  endfacet
  facet normal 0 0 -1
    outer loop
      vertex 36.0028 8.14894 0
      vertex 36.0028 24.8511 0
      vertex 36.1289 24.5466 0
    endloop
  endfacet
  facet normal 0 0 -1
    outer loop
      vertex 35.9259 7.82851 0
      vertex 36.0028 24.8511 0
      vertex 36.0028 8.14894 0
    endloop
  endfacet
  facet normal 0 0 -1
    outer loop
      vertex 35.9259 7.82851 0
      vertex 35.9259 25.1715 0
      vertex 36.0028 24.8511 0
    endloop
  endfacet
  facet normal 0 0 -1
    outer loop
      vertex -35.9 7.5 0
      vertex 35.9259 7.82851 0
      vertex 35.9 7.5 0
    endloop
  endfacet
  facet normal 0 0 -1
    outer loop
      vertex -35.9259 7.82851 0
      vertex 35.9259 7.82851 0
      vertex -35.9 7.5 0
    endloop
  endfacet
  facet normal 0 0 -1
    outer loop
      vertex 55 0 0
      vertex 59 4 0
      vertex 58.9508 3.37426 0
    endloop
  endfacet
  facet normal 0 0 -1
    outer loop
      vertex 59 4 0
      vertex 40.1 25.5 0
      vertex 59 30 0
    endloop
  endfacet
  facet normal 0 0 -1
    outer loop
      vertex 55 0 0
      vertex 58.9508 3.37426 0
      vertex 58.8042 2.76393 0
    endloop
  endfacet
  facet normal 0 -0 -1
    outer loop
      vertex 55 34 0
      vertex 59 30 0
      vertex 40.1 25.5 0
    endloop
  endfacet
  facet normal 0 0 -1
    outer loop
      vertex 55 0 0
      vertex 58.8042 2.76393 0
      vertex 58.564 2.18404 0
    endloop
  endfacet
  facet normal 0 0 -1
    outer loop
      vertex 59 30 0
      vertex 55 34 0
      vertex 58.9508 30.6257 0
    endloop
  endfacet
  facet normal 0 0 -1
    outer loop
      vertex 55 0 0
      vertex 58.564 2.18404 0
      vertex 58.2361 1.64886 0
    endloop
  endfacet
  facet normal 0 0 -1
    outer loop
      vertex 58.9508 30.6257 0
      vertex 55 34 0
      vertex 58.8042 31.2361 0
    endloop
  endfacet
  facet normal 0 0 -1
    outer loop
      vertex 55 0 0
      vertex 58.2361 1.64886 0
      vertex 57.8284 1.17157 0
    endloop
  endfacet
  facet normal 0 0 -1
    outer loop
      vertex 58.8042 31.2361 0
      vertex 55 34 0
      vertex 58.564 31.816 0
    endloop
  endfacet
  facet normal 0 0 -1
    outer loop
      vertex 55 0 0
      vertex 57.8284 1.17157 0
      vertex 57.3511 0.763931 0
    endloop
  endfacet
  facet normal 0 0 -1
    outer loop
      vertex 58.564 31.816 0
      vertex 55 34 0
      vertex 58.2361 32.3511 0
    endloop
  endfacet
  facet normal 0 0 -1
    outer loop
      vertex 55 0 0
      vertex 57.3511 0.763931 0
      vertex 56.816 0.435973 0
    endloop
  endfacet
  facet normal 0 0 -1
    outer loop
      vertex 58.2361 32.3511 0
      vertex 55 34 0
      vertex 57.8284 32.8284 0
    endloop
  endfacet
  facet normal 0 0 -1
    outer loop
      vertex 55 0 0
      vertex 56.816 0.435973 0
      vertex 56.2361 0.195773 0
    endloop
  endfacet
  facet normal 0 0 -1
    outer loop
      vertex 57.8284 32.8284 0
      vertex 55 34 0
      vertex 57.3511 33.2361 0
    endloop
  endfacet
  facet normal 0 0 -1
    outer loop
      vertex 55 0 0
      vertex 56.2361 0.195773 0
      vertex 55.6257 0.0492458 0
    endloop
  endfacet
  facet normal 0 0 -1
    outer loop
      vertex 57.3511 33.2361 0
      vertex 55 34 0
      vertex 56.816 33.564 0
    endloop
  endfacet
  facet normal 0 0 -1
    outer loop
      vertex 40.0741 7.82851 0
      vertex 55 0 0
      vertex 40.1 7.5 0
    endloop
  endfacet
  facet normal 0 0 -1
    outer loop
      vertex 56.816 33.564 0
      vertex 55 34 0
      vertex 56.2361 33.8042 0
    endloop
  endfacet
  facet normal 0 0 -1
    outer loop
      vertex 55 0 0
      vertex 40.0741 7.82851 0
      vertex 59 4 0
    endloop
  endfacet
  facet normal 0 0 -1
    outer loop
      vertex 55 0 0
      vertex 40.0741 7.17149 0
      vertex 40.1 7.5 0
    endloop
  endfacet
  facet normal 0 0 -1
    outer loop
      vertex 55 0 0
      vertex 39.9972 6.85106 0
      vertex 40.0741 7.17149 0
    endloop
  endfacet
  facet normal 0 0 -1
    outer loop
      vertex 55 0 0
      vertex 39.8711 6.54662 0
      vertex 39.9972 6.85106 0
    endloop
  endfacet
  facet normal 0 0 -1
    outer loop
      vertex 55 0 0
      vertex 39.6989 6.26565 0
      vertex 39.8711 6.54662 0
    endloop
  endfacet
  facet normal 0 0 -1
    outer loop
      vertex 55 0 0
      vertex 39.4849 6.01508 0
      vertex 39.6989 6.26565 0
    endloop
  endfacet
  facet normal 0 0 -1
    outer loop
      vertex 55 0 0
      vertex 39.2343 5.80106 0
      vertex 39.4849 6.01508 0
    endloop
  endfacet
  facet normal 0 0 -1
    outer loop
      vertex 55 0 0
      vertex 38.9534 5.62889 0
      vertex 39.2343 5.80106 0
    endloop
  endfacet
  facet normal 0 0 -1
    outer loop
      vertex 55 0 0
      vertex 38.6489 5.50278 0
      vertex 38.9534 5.62889 0
    endloop
  endfacet
  facet normal 0 0 -1
    outer loop
      vertex 55 0 0
      vertex 38.3285 5.42585 0
      vertex 38.6489 5.50278 0
    endloop
  endfacet
  facet normal 0 0 -1
    outer loop
      vertex 55 0 0
      vertex 38 5.4 0
      vertex 38.3285 5.42585 0
    endloop
  endfacet
  facet normal 0 0 -1
    outer loop
      vertex 55 0 0
      vertex 37.6715 5.42585 0
      vertex 38 5.4 0
    endloop
  endfacet
  facet normal 0 0 -1
    outer loop
      vertex 55 0 0
      vertex 37.3511 5.50278 0
      vertex 37.6715 5.42585 0
    endloop
  endfacet
  facet normal 0 0 -1
    outer loop
      vertex 35.9259 7.82851 0
      vertex -35.9259 7.82851 0
      vertex 35.9259 25.1715 0
    endloop
  endfacet
  facet normal 0 0 -1
    outer loop
      vertex 35.9259 7.17149 0
      vertex -35.9 7.5 0
      vertex 35.9 7.5 0
    endloop
  endfacet
  facet normal 0 0 -1
    outer loop
      vertex -35.9259 7.17149 0
      vertex 35.9259 7.17149 0
      vertex 36.0028 6.85106 0
    endloop
  endfacet
  facet normal 0 0 -1
    outer loop
      vertex -36.0028 6.85106 0
      vertex 36.0028 6.85106 0
      vertex 36.1289 6.54662 0
    endloop
  endfacet
  facet normal 0 0 -1
    outer loop
      vertex -36.1289 6.54662 0
      vertex 36.1289 6.54662 0
      vertex 36.3011 6.26565 0
    endloop
  endfacet
  facet normal 0 0 -1
    outer loop
      vertex -36.3011 6.26565 0
      vertex 36.3011 6.26565 0
      vertex 36.5151 6.01508 0
    endloop
  endfacet
  facet normal 0 0 -1
    outer loop
      vertex -36.5151 6.01508 0
      vertex 36.5151 6.01508 0
      vertex 36.7657 5.80106 0
    endloop
  endfacet
  facet normal 0 0 -1
    outer loop
      vertex -36.7657 5.80106 0
      vertex 36.7657 5.80106 0
      vertex 37.0466 5.62889 0
    endloop
  endfacet
  facet normal 0 0 -1
    outer loop
      vertex -37.0466 5.62889 0
      vertex 37.0466 5.62889 0
      vertex 37.3511 5.50278 0
    endloop
  endfacet
  facet normal 0 0 -1
    outer loop
      vertex -37.3511 5.50278 0
      vertex 37.3511 5.50278 0
      vertex 55 0 0
    endloop
  endfacet
  facet normal 0 0 -1
    outer loop
      vertex 35.9259 7.17149 0
      vertex -35.9259 7.17149 0
      vertex -35.9 7.5 0
    endloop
  endfacet
  facet normal 0 0 -1
    outer loop
      vertex 36.0028 6.85106 0
      vertex -36.0028 6.85106 0
      vertex -35.9259 7.17149 0
    endloop
  endfacet
  facet normal 0 0 -1
    outer loop
      vertex 36.1289 6.54662 0
      vertex -36.1289 6.54662 0
      vertex -36.0028 6.85106 0
    endloop
  endfacet
  facet normal 0 0 -1
    outer loop
      vertex 36.3011 6.26565 0
      vertex -36.3011 6.26565 0
      vertex -36.1289 6.54662 0
    endloop
  endfacet
  facet normal 0 0 -1
    outer loop
      vertex 36.5151 6.01508 0
      vertex -36.5151 6.01508 0
      vertex -36.3011 6.26565 0
    endloop
  endfacet
  facet normal 0 0 -1
    outer loop
      vertex 36.7657 5.80106 0
      vertex -36.7657 5.80106 0
      vertex -36.5151 6.01508 0
    endloop
  endfacet
  facet normal 0 0 -1
    outer loop
      vertex 37.0466 5.62889 0
      vertex -37.0466 5.62889 0
      vertex -36.7657 5.80106 0
    endloop
  endfacet
  facet normal 0 0 -1
    outer loop
      vertex 37.3511 5.50278 0
      vertex -37.3511 5.50278 0
      vertex -37.0466 5.62889 0
    endloop
  endfacet
  facet normal 0 0 -1
    outer loop
      vertex 55 0 0
      vertex -37.6715 5.42585 0
      vertex -37.3511 5.50278 0
    endloop
  endfacet
  facet normal 0 0 -1
    outer loop
      vertex -55 0 0
      vertex -37.6715 5.42585 0
      vertex 55 0 0
    endloop
  endfacet
  facet normal 0 0 -1
    outer loop
      vertex -40.0741 7.82851 0
      vertex -55 0 0
      vertex -59 4 0
    endloop
  endfacet
  facet normal -0 0 -1
    outer loop
      vertex -40.0741 7.17149 0
      vertex -55 0 0
      vertex -40.1 7.5 0
    endloop
  endfacet
  facet normal -0 0 -1
    outer loop
      vertex -39.9972 6.85106 0
      vertex -55 0 0
      vertex -40.0741 7.17149 0
    endloop
  endfacet
  facet normal -0 0 -1
    outer loop
      vertex -39.8711 6.54662 0
      vertex -55 0 0
      vertex -39.9972 6.85106 0
    endloop
  endfacet
  facet normal -0 0 -1
    outer loop
      vertex -39.6989 6.26565 0
      vertex -55 0 0
      vertex -39.8711 6.54662 0
    endloop
  endfacet
  facet normal -0 0 -1
    outer loop
      vertex -39.4849 6.01508 0
      vertex -55 0 0
      vertex -39.6989 6.26565 0
    endloop
  endfacet
  facet normal -0 0 -1
    outer loop
      vertex -39.2343 5.80106 0
      vertex -55 0 0
      vertex -39.4849 6.01508 0
    endloop
  endfacet
  facet normal -0 0 -1
    outer loop
      vertex -38.9534 5.62889 0
      vertex -55 0 0
      vertex -39.2343 5.80106 0
    endloop
  endfacet
  facet normal -0 0 -1
    outer loop
      vertex -38.6489 5.50278 0
      vertex -55 0 0
      vertex -38.9534 5.62889 0
    endloop
  endfacet
  facet normal -0 0 -1
    outer loop
      vertex -38.3285 5.42585 0
      vertex -55 0 0
      vertex -38.6489 5.50278 0
    endloop
  endfacet
  facet normal -0 0 -1
    outer loop
      vertex -38 5.4 0
      vertex -55 0 0
      vertex -38.3285 5.42585 0
    endloop
  endfacet
  facet normal 0 0 -1
    outer loop
      vertex -37.6715 5.42585 0
      vertex -55 0 0
      vertex -38 5.4 0
    endloop
  endfacet
  facet normal 0 0 -1
    outer loop
      vertex 56.2361 33.8042 0
      vertex 55 34 0
      vertex 55.6257 33.9508 0
    endloop
  endfacet
  facet normal 0 0 -1
    outer loop
      vertex 40.0741 25.8285 0
      vertex 55 34 0
      vertex 40.1 25.5 0
    endloop
  endfacet
  facet normal 0 0 -1
    outer loop
      vertex 39.9972 26.1489 0
      vertex 55 34 0
      vertex 40.0741 25.8285 0
    endloop
  endfacet
  facet normal 0 0 -1
    outer loop
      vertex 39.8711 26.4534 0
      vertex 55 34 0
      vertex 39.9972 26.1489 0
    endloop
  endfacet
  facet normal 0 0 -1
    outer loop
      vertex 39.6989 26.7343 0
      vertex 55 34 0
      vertex 39.8711 26.4534 0
    endloop
  endfacet
  facet normal 0 0 -1
    outer loop
      vertex 39.4849 26.9849 0
      vertex 55 34 0
      vertex 39.6989 26.7343 0
    endloop
  endfacet
  facet normal 0 0 -1
    outer loop
      vertex 39.2343 27.1989 0
      vertex 55 34 0
      vertex 39.4849 26.9849 0
    endloop
  endfacet
  facet normal 0 0 -1
    outer loop
      vertex 38.9534 27.3711 0
      vertex 55 34 0
      vertex 39.2343 27.1989 0
    endloop
  endfacet
  facet normal 0 0 -1
    outer loop
      vertex 38.6489 27.4972 0
      vertex 55 34 0
      vertex 38.9534 27.3711 0
    endloop
  endfacet
  facet normal 0 0 -1
    outer loop
      vertex 38.3285 27.5741 0
      vertex 55 34 0
      vertex 38.6489 27.4972 0
    endloop
  endfacet
  facet normal 0 0 -1
    outer loop
      vertex 38 27.6 0
      vertex 55 34 0
      vertex 38.3285 27.5741 0
    endloop
  endfacet
  facet normal 0 0 -1
    outer loop
      vertex 37.6715 27.5741 0
      vertex 55 34 0
      vertex 38 27.6 0
    endloop
  endfacet
  facet normal 0 0 -1
    outer loop
      vertex 37.3511 27.4972 0
      vertex 55 34 0
      vertex 37.6715 27.5741 0
    endloop
  endfacet
  facet normal 0 0 -1
    outer loop
      vertex 35.9259 25.1715 0
      vertex -35.9 25.5 0
      vertex 35.9 25.5 0
    endloop
  endfacet
  facet normal 0 0 -1
    outer loop
      vertex 35.9 25.5 0
      vertex -35.9 25.5 0
      vertex 35.9259 25.8285 0
    endloop
  endfacet
  facet normal 0 0 -1
    outer loop
      vertex -35.9259 25.8285 0
      vertex 35.9259 25.8285 0
      vertex -35.9 25.5 0
    endloop
  endfacet
  facet normal 0 0 -1
    outer loop
      vertex 35.9259 25.8285 0
      vertex -35.9259 25.8285 0
      vertex 36.0028 26.1489 0
    endloop
  endfacet
  facet normal 0 0 -1
    outer loop
      vertex -36.0028 26.1489 0
      vertex 36.0028 26.1489 0
      vertex -35.9259 25.8285 0
    endloop
  endfacet
  facet normal 0 0 -1
    outer loop
      vertex 36.0028 26.1489 0
      vertex -36.0028 26.1489 0
      vertex 36.1289 26.4534 0
    endloop
  endfacet
  facet normal 0 0 -1
    outer loop
      vertex -36.1289 26.4534 0
      vertex 36.1289 26.4534 0
      vertex -36.0028 26.1489 0
    endloop
  endfacet
  facet normal 0 0 -1
    outer loop
      vertex 36.1289 26.4534 0
      vertex -36.1289 26.4534 0
      vertex 36.3011 26.7343 0
    endloop
  endfacet
  facet normal 0 0 -1
    outer loop
      vertex -36.3011 26.7343 0
      vertex 36.3011 26.7343 0
      vertex -36.1289 26.4534 0
    endloop
  endfacet
  facet normal 0 0 -1
    outer loop
      vertex 36.3011 26.7343 0
      vertex -36.3011 26.7343 0
      vertex 36.5151 26.9849 0
    endloop
  endfacet
  facet normal 0 0 -1
    outer loop
      vertex -36.5151 26.9849 0
      vertex 36.5151 26.9849 0
      vertex -36.3011 26.7343 0
    endloop
  endfacet
  facet normal 0 0 -1
    outer loop
      vertex 36.5151 26.9849 0
      vertex -36.5151 26.9849 0
      vertex 36.7657 27.1989 0
    endloop
  endfacet
  facet normal 0 0 -1
    outer loop
      vertex -36.7657 27.1989 0
      vertex 36.7657 27.1989 0
      vertex -36.5151 26.9849 0
    endloop
  endfacet
  facet normal 0 0 -1
    outer loop
      vertex 36.7657 27.1989 0
      vertex -36.7657 27.1989 0
      vertex 37.0466 27.3711 0
    endloop
  endfacet
  facet normal 0 0 -1
    outer loop
      vertex -37.0466 27.3711 0
      vertex 37.0466 27.3711 0
      vertex -36.7657 27.1989 0
    endloop
  endfacet
  facet normal 0 0 -1
    outer loop
      vertex 37.0466 27.3711 0
      vertex -37.0466 27.3711 0
      vertex 37.3511 27.4972 0
    endloop
  endfacet
  facet normal 0 0 -1
    outer loop
      vertex -37.3511 27.4972 0
      vertex 37.3511 27.4972 0
      vertex -37.0466 27.3711 0
    endloop
  endfacet
  facet normal 0 0 -1
    outer loop
      vertex 37.3511 27.4972 0
      vertex -37.3511 27.4972 0
      vertex 55 34 0
    endloop
  endfacet
  facet normal 0 0 -1
    outer loop
      vertex -55 34 0
      vertex -37.3511 27.4972 0
      vertex -37.6715 27.5741 0
    endloop
  endfacet
  facet normal 0 0 -1
    outer loop
      vertex -55 34 0
      vertex -37.6715 27.5741 0
      vertex -38 27.6 0
    endloop
  endfacet
  facet normal 0 0 -1
    outer loop
      vertex -39.9972 24.8511 0
      vertex -59 30 0
      vertex -40.0741 25.1715 0
    endloop
  endfacet
  facet normal 0 0 -1
    outer loop
      vertex -40.0741 25.1715 0
      vertex -59 30 0
      vertex -40.1 25.5 0
    endloop
  endfacet
  facet normal 0 -0 -1
    outer loop
      vertex -55 34 0
      vertex -40.1 25.5 0
      vertex -59 30 0
    endloop
  endfacet
  facet normal 0 0 -1
    outer loop
      vertex -37.3511 27.4972 0
      vertex -55 34 0
      vertex 55 34 0
    endloop
  endfacet
  facet normal 0 0 -1
    outer loop
      vertex -38.3285 27.5741 0
      vertex -55 34 0
      vertex -38 27.6 0
    endloop
  endfacet
  facet normal 0 0 -1
    outer loop
      vertex -38.6489 27.4972 0
      vertex -55 34 0
      vertex -38.3285 27.5741 0
    endloop
  endfacet
  facet normal 0 0 -1
    outer loop
      vertex -38.9534 27.3711 0
      vertex -55 34 0
      vertex -38.6489 27.4972 0
    endloop
  endfacet
  facet normal 0 0 -1
    outer loop
      vertex -39.2343 27.1989 0
      vertex -55 34 0
      vertex -38.9534 27.3711 0
    endloop
  endfacet
  facet normal 0 0 -1
    outer loop
      vertex -39.4849 26.9849 0
      vertex -55 34 0
      vertex -39.2343 27.1989 0
    endloop
  endfacet
  facet normal 0 0 -1
    outer loop
      vertex -39.6989 26.7343 0
      vertex -55 34 0
      vertex -39.4849 26.9849 0
    endloop
  endfacet
  facet normal 0 0 -1
    outer loop
      vertex -39.8711 26.4534 0
      vertex -55 34 0
      vertex -39.6989 26.7343 0
    endloop
  endfacet
  facet normal 0 0 -1
    outer loop
      vertex -40.1 25.5 0
      vertex -55 34 0
      vertex -40.0741 25.8285 0
    endloop
  endfacet
  facet normal 0 0 -1
    outer loop
      vertex -59 4 0
      vertex -55 0 0
      vertex -55.6257 0.0492458 0
    endloop
  endfacet
  facet normal 0 0 -1
    outer loop
      vertex -40.0741 25.8285 0
      vertex -55 34 0
      vertex -39.9972 26.1489 0
    endloop
  endfacet
  facet normal 0 0 -1
    outer loop
      vertex -59 4 0
      vertex -55.6257 0.0492458 0
      vertex -56.2361 0.195773 0
    endloop
  endfacet
  facet normal 0 0 -1
    outer loop
      vertex -39.9972 26.1489 0
      vertex -55 34 0
      vertex -39.8711 26.4534 0
    endloop
  endfacet
  facet normal 0 0 -1
    outer loop
      vertex -59 4 0
      vertex -56.2361 0.195773 0
      vertex -56.816 0.435973 0
    endloop
  endfacet
  facet normal 0 0 -1
    outer loop
      vertex -55 34 0
      vertex -59 30 0
      vertex -55.6257 33.9508 0
    endloop
  endfacet
  facet normal 0 0 -1
    outer loop
      vertex -59 4 0
      vertex -56.816 0.435973 0
      vertex -57.3511 0.763931 0
    endloop
  endfacet
  facet normal 0 0 -1
    outer loop
      vertex -55.6257 33.9508 0
      vertex -59 30 0
      vertex -56.2361 33.8042 0
    endloop
  endfacet
  facet normal 0 0 -1
    outer loop
      vertex -59 4 0
      vertex -57.3511 0.763931 0
      vertex -57.8284 1.17157 0
    endloop
  endfacet
  facet normal 0 0 -1
    outer loop
      vertex -56.2361 33.8042 0
      vertex -59 30 0
      vertex -56.816 33.564 0
    endloop
  endfacet
  facet normal 0 0 -1
    outer loop
      vertex -59 4 0
      vertex -57.8284 1.17157 0
      vertex -58.2361 1.64886 0
    endloop
  endfacet
  facet normal 0 0 -1
    outer loop
      vertex -56.816 33.564 0
      vertex -59 30 0
      vertex -57.3511 33.2361 0
    endloop
  endfacet
  facet normal 0 0 -1
    outer loop
      vertex -59 4 0
      vertex -58.2361 1.64886 0
      vertex -58.564 2.18404 0
    endloop
  endfacet
  facet normal 0 0 -1
    outer loop
      vertex -57.3511 33.2361 0
      vertex -59 30 0
      vertex -57.8284 32.8284 0
    endloop
  endfacet
  facet normal 0 0 -1
    outer loop
      vertex -59 4 0
      vertex -58.564 2.18404 0
      vertex -58.8042 2.76393 0
    endloop
  endfacet
  facet normal 0 0 -1
    outer loop
      vertex -57.8284 32.8284 0
      vertex -59 30 0
      vertex -58.2361 32.3511 0
    endloop
  endfacet
  facet normal 0 0 -1
    outer loop
      vertex -59 4 0
      vertex -58.8042 2.76393 0
      vertex -58.9508 3.37426 0
    endloop
  endfacet
  facet normal 0 0 -1
    outer loop
      vertex -58.2361 32.3511 0
      vertex -59 30 0
      vertex -58.564 31.816 0
    endloop
  endfacet
  facet normal 0 0 -1
    outer loop
      vertex -58.564 31.816 0
      vertex -59 30 0
      vertex -58.8042 31.2361 0
    endloop
  endfacet
  facet normal 0 0 -1
    outer loop
      vertex -58.8042 31.2361 0
      vertex -59 30 0
      vertex -58.9508 30.6257 0
    endloop
  endfacet
  facet normal 0.522555 -0.852606 0
    outer loop
      vertex 56.816 0.435973 0
      vertex 57.3511 0.763931 2.4
      vertex 56.816 0.435973 2.4
    endloop
  endfacet
  facet normal 0.522555 -0.852606 0
    outer loop
      vertex 57.3511 0.763931 2.4
      vertex 56.816 0.435973 0
      vertex 57.3511 0.763931 0
    endloop
  endfacet
  facet normal 0.923879 -0.382686 0
    outer loop
      vertex 58.564 2.18404 2.4
      vertex 58.8042 2.76393 0
      vertex 58.8042 2.76393 2.4
    endloop
  endfacet
  facet normal 0.923879 -0.382686 0
    outer loop
      vertex 58.8042 2.76393 0
      vertex 58.564 2.18404 2.4
      vertex 58.564 2.18404 0
    endloop
  endfacet
  facet normal -0.852682 -0.522431 0
    outer loop
      vertex -58.2361 1.64886 0
      vertex -58.564 2.18404 2.4
      vertex -58.564 2.18404 0
    endloop
  endfacet
  facet normal -0.852682 -0.522431 0
    outer loop
      vertex -58.564 2.18404 2.4
      vertex -58.2361 1.64886 0
      vertex -58.2361 1.64886 2.4
    endloop
  endfacet
  facet normal -0.760362 -0.649499 0
    outer loop
      vertex -57.8284 1.17157 0
      vertex -58.2361 1.64886 2.4
      vertex -58.2361 1.64886 0
    endloop
  endfacet
  facet normal -0.760362 -0.649499 0
    outer loop
      vertex -58.2361 1.64886 2.4
      vertex -57.8284 1.17157 0
      vertex -57.8284 1.17157 2.4
    endloop
  endfacet
  facet normal 0.923881 0.38268 0
    outer loop
      vertex 58.8042 31.2361 2.4
      vertex 58.564 31.816 0
      vertex 58.564 31.816 2.4
    endloop
  endfacet
  facet normal 0.923881 0.38268 0
    outer loop
      vertex 58.564 31.816 0
      vertex 58.8042 31.2361 2.4
      vertex 58.8042 31.2361 0
    endloop
  endfacet
  facet normal -0.923879 -0.382686 0
    outer loop
      vertex -58.564 2.18404 0
      vertex -58.8042 2.76393 2.4
      vertex -58.8042 2.76393 0
    endloop
  endfacet
  facet normal -0.923879 -0.382686 0
    outer loop
      vertex -58.8042 2.76393 2.4
      vertex -58.564 2.18404 0
      vertex -58.564 2.18404 2.4
    endloop
  endfacet
  facet normal 0 -1 0
    outer loop
      vertex -55 0 0
      vertex -47 0 2.4
      vertex -55 0 2.4
    endloop
  endfacet
  facet normal 0 -1 -0
    outer loop
      vertex -47 0 2.4
      vertex -55 0 0
      vertex -29 0 2.4
    endloop
  endfacet
  facet normal 0 -1 -0
    outer loop
      vertex -29 0 2.4
      vertex -55 0 0
      vertex 29 0 2.4
    endloop
  endfacet
  facet normal 0 -1 0
    outer loop
      vertex 55 0 0
      vertex 29 0 2.4
      vertex -55 0 0
    endloop
  endfacet
  facet normal 0 -1 0
    outer loop
      vertex 29 0 2.4
      vertex 55 0 0
      vertex 47 0 2.4
    endloop
  endfacet
  facet normal 0 -1 0
    outer loop
      vertex 47 0 2.4
      vertex 55 0 0
      vertex 55 0 2.4
    endloop
  endfacet
  facet normal 0 -1 0
    outer loop
      vertex -47 0 2.4
      vertex -28.2348 0 6.79999
      vertex -47.7652 0 6.79999
    endloop
  endfacet
  facet normal 0 -1 0
    outer loop
      vertex -28.2348 0 6.79999
      vertex -47 0 2.4
      vertex -29 0 2.4
    endloop
  endfacet
  facet normal 0 -1 0
    outer loop
      vertex 29 0 2.4
      vertex 47.7652 0 6.79999
      vertex 28.2348 0 6.79999
    endloop
  endfacet
  facet normal 0 -1 0
    outer loop
      vertex 47.7652 0 6.79999
      vertex 29 0 2.4
      vertex 47 0 2.4
    endloop
  endfacet
  facet normal 0.38268 0.923881 -0
    outer loop
      vertex 56.816 33.564 0
      vertex 56.2361 33.8042 2.4
      vertex 56.816 33.564 2.4
    endloop
  endfacet
  facet normal 0.38268 0.923881 0
    outer loop
      vertex 56.2361 33.8042 2.4
      vertex 56.816 33.564 0
      vertex 56.2361 33.8042 0
    endloop
  endfacet
  facet normal 0.852682 -0.522431 0
    outer loop
      vertex 58.2361 1.64886 2.4
      vertex 58.564 2.18404 0
      vertex 58.564 2.18404 2.4
    endloop
  endfacet
  facet normal 0.852682 -0.522431 0
    outer loop
      vertex 58.564 2.18404 0
      vertex 58.2361 1.64886 2.4
      vertex 58.2361 1.64886 0
    endloop
  endfacet
  facet normal 0.972344 -0.233555 0
    outer loop
      vertex 58.8042 2.76393 2.4
      vertex 58.9508 3.37426 0
      vertex 58.9508 3.37426 2.4
    endloop
  endfacet
  facet normal 0.972344 -0.233555 0
    outer loop
      vertex 58.9508 3.37426 0
      vertex 58.8042 2.76393 2.4
      vertex 58.8042 2.76393 0
    endloop
  endfacet
  facet normal -0.07839 0.996923 0
    outer loop
      vertex -55 34 0
      vertex -55.6257 33.9508 2.4
      vertex -55 34 2.4
    endloop
  endfacet
  facet normal -0.07839 0.996923 0
    outer loop
      vertex -55.6257 33.9508 2.4
      vertex -55 34 0
      vertex -55.6257 33.9508 0
    endloop
  endfacet
  facet normal -0.38268 0.923881 0
    outer loop
      vertex -56.2361 33.8042 0
      vertex -56.816 33.564 2.4
      vertex -56.2361 33.8042 2.4
    endloop
  endfacet
  facet normal -0.38268 0.923881 0
    outer loop
      vertex -56.816 33.564 2.4
      vertex -56.2361 33.8042 0
      vertex -56.816 33.564 0
    endloop
  endfacet
  facet normal -0.0784625 -0.996917 0
    outer loop
      vertex -55.6257 0.0492458 0
      vertex -55 0 2.4
      vertex -55.6257 0.0492458 2.4
    endloop
  endfacet
  facet normal -0.0784625 -0.996917 -0
    outer loop
      vertex -55 0 2.4
      vertex -55.6257 0.0492458 0
      vertex -55 0 0
    endloop
  endfacet
  facet normal 0 0 1
    outer loop
      vertex 55 34 2.4
      vertex 59 30 2.4
      vertex 58.9508 30.6257 2.4
    endloop
  endfacet
  facet normal 0 0 1
    outer loop
      vertex 59 30 2.4
      vertex 48.05 17.85 2.4
      vertex 59 4 2.4
    endloop
  endfacet
  facet normal 0 0 1
    outer loop
      vertex 55 34 2.4
      vertex 58.9508 30.6257 2.4
      vertex 58.8042 31.2361 2.4
    endloop
  endfacet
  facet normal -0 0 1
    outer loop
      vertex 48 17 2.4
      vertex 59 4 2.4
      vertex 48.05 17.85 2.4
    endloop
  endfacet
  facet normal 0 0 1
    outer loop
      vertex 55 34 2.4
      vertex 58.8042 31.2361 2.4
      vertex 58.564 31.816 2.4
    endloop
  endfacet
  facet normal -0 0 1
    outer loop
      vertex 47.95 16.15 2.4
      vertex 59 4 2.4
      vertex 48 17 2.4
    endloop
  endfacet
  facet normal 0 0 1
    outer loop
      vertex 55 34 2.4
      vertex 58.564 31.816 2.4
      vertex 58.2361 32.3511 2.4
    endloop
  endfacet
  facet normal -0 0 1
    outer loop
      vertex 47.9 15.3 2.4
      vertex 59 4 2.4
      vertex 47.95 16.15 2.4
    endloop
  endfacet
  facet normal 0 0 1
    outer loop
      vertex 55 34 2.4
      vertex 58.2361 32.3511 2.4
      vertex 57.8284 32.8284 2.4
    endloop
  endfacet
  facet normal -0 0 1
    outer loop
      vertex 47.85 14.45 2.4
      vertex 59 4 2.4
      vertex 47.9 15.3 2.4
    endloop
  endfacet
  facet normal 0 0 1
    outer loop
      vertex 55 34 2.4
      vertex 57.8284 32.8284 2.4
      vertex 57.3511 33.2361 2.4
    endloop
  endfacet
  facet normal 0 0 1
    outer loop
      vertex 59 30 2.4
      vertex 48.1 18.7 2.4
      vertex 48.05 17.85 2.4
    endloop
  endfacet
  facet normal 0 0 1
    outer loop
      vertex 55 34 2.4
      vertex 57.3511 33.2361 2.4
      vertex 56.816 33.564 2.4
    endloop
  endfacet
  facet normal -0 0 1
    outer loop
      vertex 47.8 13.6 2.4
      vertex 59 4 2.4
      vertex 47.85 14.45 2.4
    endloop
  endfacet
  facet normal 0 0 1
    outer loop
      vertex 55 34 2.4
      vertex 56.816 33.564 2.4
      vertex 56.2361 33.8042 2.4
    endloop
  endfacet
  facet normal -0 0 1
    outer loop
      vertex 47.75 12.75 2.4
      vertex 59 4 2.4
      vertex 47.8 13.6 2.4
    endloop
  endfacet
  facet normal 0 0 1
    outer loop
      vertex 55 34 2.4
      vertex 56.2361 33.8042 2.4
      vertex 55.6257 33.9508 2.4
    endloop
  endfacet
  facet normal -0 0 1
    outer loop
      vertex 47.7 11.9 2.4
      vertex 59 4 2.4
      vertex 47.75 12.75 2.4
    endloop
  endfacet
  facet normal 0 0 1
    outer loop
      vertex 59 30 2.4
      vertex 55 34 2.4
      vertex 48.7 28.9 2.4
    endloop
  endfacet
  facet normal -0 0 1
    outer loop
      vertex 47.65 11.05 2.4
      vertex 59 4 2.4
      vertex 47.7 11.9 2.4
    endloop
  endfacet
  facet normal 0 0 1
    outer loop
      vertex 48.95 33.15 2.4
      vertex 55 34 2.4
      vertex 49 34 2.4
    endloop
  endfacet
  facet normal 0 0 1
    outer loop
      vertex 48.9 32.3 2.4
      vertex 55 34 2.4
      vertex 48.95 33.15 2.4
    endloop
  endfacet
  facet normal 0 0 1
    outer loop
      vertex 48.85 31.45 2.4
      vertex 55 34 2.4
      vertex 48.9 32.3 2.4
    endloop
  endfacet
  facet normal 0 0 1
    outer loop
      vertex 48.8 30.6 2.4
      vertex 55 34 2.4
      vertex 48.85 31.45 2.4
    endloop
  endfacet
  facet normal 0 0 1
    outer loop
      vertex 48.75 29.75 2.4
      vertex 55 34 2.4
      vertex 48.8 30.6 2.4
    endloop
  endfacet
  facet normal 0 0 1
    outer loop
      vertex 48.7 28.9 2.4
      vertex 55 34 2.4
      vertex 48.75 29.75 2.4
    endloop
  endfacet
  facet normal 0 0 1
    outer loop
      vertex 59 30 2.4
      vertex 48.7 28.9 2.4
      vertex 48.65 28.05 2.4
    endloop
  endfacet
  facet normal 0 0 1
    outer loop
      vertex 59 30 2.4
      vertex 48.65 28.05 2.4
      vertex 48.6 27.2 2.4
    endloop
  endfacet
  facet normal 0 0 1
    outer loop
      vertex 59 30 2.4
      vertex 48.6 27.2 2.4
      vertex 48.55 26.35 2.4
    endloop
  endfacet
  facet normal 0 0 1
    outer loop
      vertex 59 30 2.4
      vertex 48.55 26.35 2.4
      vertex 48.5 25.5 2.4
    endloop
  endfacet
  facet normal 0 0 1
    outer loop
      vertex 59 30 2.4
      vertex 48.5 25.5 2.4
      vertex 48.45 24.65 2.4
    endloop
  endfacet
  facet normal 0 0 1
    outer loop
      vertex 59 30 2.4
      vertex 48.45 24.65 2.4
      vertex 48.4 23.8 2.4
    endloop
  endfacet
  facet normal 0 0 1
    outer loop
      vertex 59 30 2.4
      vertex 48.4 23.8 2.4
      vertex 48.35 22.95 2.4
    endloop
  endfacet
  facet normal 0 0 1
    outer loop
      vertex 59 30 2.4
      vertex 48.35 22.95 2.4
      vertex 48.3 22.1 2.4
    endloop
  endfacet
  facet normal 0 0 1
    outer loop
      vertex 59 30 2.4
      vertex 48.3 22.1 2.4
      vertex 48.25 21.25 2.4
    endloop
  endfacet
  facet normal 0 0 1
    outer loop
      vertex 59 30 2.4
      vertex 48.25 21.25 2.4
      vertex 48.2 20.4 2.4
    endloop
  endfacet
  facet normal 0 0 1
    outer loop
      vertex 59 30 2.4
      vertex 48.2 20.4 2.4
      vertex 48.15 19.55 2.4
    endloop
  endfacet
  facet normal 0 0 1
    outer loop
      vertex 59 30 2.4
      vertex 48.15 19.55 2.4
      vertex 48.1 18.7 2.4
    endloop
  endfacet
  facet normal -0 0 1
    outer loop
      vertex 47.6 10.2 2.4
      vertex 59 4 2.4
      vertex 47.65 11.05 2.4
    endloop
  endfacet
  facet normal -0 0 1
    outer loop
      vertex 47.55 9.35 2.4
      vertex 59 4 2.4
      vertex 47.6 10.2 2.4
    endloop
  endfacet
  facet normal -0 0 1
    outer loop
      vertex 47.5 8.5 2.4
      vertex 59 4 2.4
      vertex 47.55 9.35 2.4
    endloop
  endfacet
  facet normal -0 0 1
    outer loop
      vertex 47.45 7.65 2.4
      vertex 59 4 2.4
      vertex 47.5 8.5 2.4
    endloop
  endfacet
  facet normal -0 0 1
    outer loop
      vertex 47.4 6.8 2.4
      vertex 59 4 2.4
      vertex 47.45 7.65 2.4
    endloop
  endfacet
  facet normal -0 0 1
    outer loop
      vertex 47.35 5.95 2.4
      vertex 59 4 2.4
      vertex 47.4 6.8 2.4
    endloop
  endfacet
  facet normal 0 -0 1
    outer loop
      vertex 55 0 2.4
      vertex 59 4 2.4
      vertex 47.35 5.95 2.4
    endloop
  endfacet
  facet normal 0 0 1
    outer loop
      vertex 58.9508 3.37426 2.4
      vertex 55 0 2.4
      vertex 58.8042 2.76393 2.4
    endloop
  endfacet
  facet normal 0 0 1
    outer loop
      vertex 58.8042 2.76393 2.4
      vertex 55 0 2.4
      vertex 58.564 2.18404 2.4
    endloop
  endfacet
  facet normal 0 0 1
    outer loop
      vertex 58.564 2.18404 2.4
      vertex 55 0 2.4
      vertex 58.2361 1.64886 2.4
    endloop
  endfacet
  facet normal 0 0 1
    outer loop
      vertex 58.2361 1.64886 2.4
      vertex 55 0 2.4
      vertex 57.8284 1.17157 2.4
    endloop
  endfacet
  facet normal 0 0 1
    outer loop
      vertex 57.3511 0.763931 2.4
      vertex 55 0 2.4
      vertex 56.816 0.435973 2.4
    endloop
  endfacet
  facet normal 0 0 1
    outer loop
      vertex 56.816 0.435973 2.4
      vertex 55 0 2.4
      vertex 56.2361 0.195773 2.4
    endloop
  endfacet
  facet normal 0 0 1
    outer loop
      vertex 56.2361 0.195773 2.4
      vertex 55 0 2.4
      vertex 55.6257 0.0492458 2.4
    endloop
  endfacet
  facet normal 0 0 1
    outer loop
      vertex 57.8284 1.17157 2.4
      vertex 55 0 2.4
      vertex 57.3511 0.763931 2.4
    endloop
  endfacet
  facet normal 0 0 1
    outer loop
      vertex 59 4 2.4
      vertex 55 0 2.4
      vertex 58.9508 3.37426 2.4
    endloop
  endfacet
  facet normal -0 0 1
    outer loop
      vertex 47.3 5.1 2.4
      vertex 55 0 2.4
      vertex 47.35 5.95 2.4
    endloop
  endfacet
  facet normal -0 0 1
    outer loop
      vertex 47.25 4.25 2.4
      vertex 55 0 2.4
      vertex 47.3 5.1 2.4
    endloop
  endfacet
  facet normal -0 0 1
    outer loop
      vertex 47.2 3.4 2.4
      vertex 55 0 2.4
      vertex 47.25 4.25 2.4
    endloop
  endfacet
  facet normal -0 0 1
    outer loop
      vertex 47.15 2.55 2.4
      vertex 55 0 2.4
      vertex 47.2 3.4 2.4
    endloop
  endfacet
  facet normal -0 0 1
    outer loop
      vertex 47.1 1.7 2.4
      vertex 55 0 2.4
      vertex 47.15 2.55 2.4
    endloop
  endfacet
  facet normal -0 0 1
    outer loop
      vertex 47.05 0.849999 2.4
      vertex 55 0 2.4
      vertex 47.1 1.7 2.4
    endloop
  endfacet
  facet normal 0 0 1
    outer loop
      vertex 55 0 2.4
      vertex 47.05 0.849999 2.4
      vertex 47 0 2.4
    endloop
  endfacet
  facet normal 0 0 1
    outer loop
      vertex 27 34 2.4
      vertex -2 32.5 2.4
      vertex 2 32.5 2.4
    endloop
  endfacet
  facet normal 0 -0 1
    outer loop
      vertex -2 32.5 2.4
      vertex 27 34 2.4
      vertex -27 34 2.4
    endloop
  endfacet
  facet normal 0 0 1
    outer loop
      vertex -28.95 0.849999 2.4
      vertex 28.95 0.849999 2.4
      vertex 28.9 1.7 2.4
    endloop
  endfacet
  facet normal 0 0 1
    outer loop
      vertex -28.9 1.7 2.4
      vertex 28.9 1.7 2.4
      vertex 28.85 2.55 2.4
    endloop
  endfacet
  facet normal 0 0 1
    outer loop
      vertex 0 30 2.4
      vertex 28.8 3.4 2.4
      vertex 28.75 4.25 2.4
    endloop
  endfacet
  facet normal 0 0 1
    outer loop
      vertex 0 30 2.4
      vertex 28.75 4.25 2.4
      vertex 28.7 5.1 2.4
    endloop
  endfacet
  facet normal 0 0 1
    outer loop
      vertex 0 30 2.4
      vertex 28.7 5.1 2.4
      vertex 28.65 5.95 2.4
    endloop
  endfacet
  facet normal 0 0 1
    outer loop
      vertex 0 30 2.4
      vertex 28.65 5.95 2.4
      vertex 28.6 6.8 2.4
    endloop
  endfacet
  facet normal 0 0 1
    outer loop
      vertex 0 30 2.4
      vertex 28.55 7.65 2.4
      vertex 28.5 8.5 2.4
    endloop
  endfacet
  facet normal 0 0 1
    outer loop
      vertex 0 30 2.4
      vertex 28.5 8.5 2.4
      vertex 28.45 9.35 2.4
    endloop
  endfacet
  facet normal 0 0 1
    outer loop
      vertex 0 30 2.4
      vertex 28.45 9.35 2.4
      vertex 28.4 10.2 2.4
    endloop
  endfacet
  facet normal 0 0 1
    outer loop
      vertex 0 30 2.4
      vertex 28.4 10.2 2.4
      vertex 28.35 11.05 2.4
    endloop
  endfacet
  facet normal 0 0 1
    outer loop
      vertex 28.55 7.65 2.4
      vertex 0 30 2.4
      vertex 28.6 6.8 2.4
    endloop
  endfacet
  facet normal 0 0 1
    outer loop
      vertex 0 30 2.4
      vertex 28.3 11.9 2.4
      vertex 28.25 12.75 2.4
    endloop
  endfacet
  facet normal 0 0 1
    outer loop
      vertex 0 30 2.4
      vertex 28.25 12.75 2.4
      vertex 28.2 13.6 2.4
    endloop
  endfacet
  facet normal 0 0 1
    outer loop
      vertex 0 30 2.4
      vertex 28.2 13.6 2.4
      vertex 28.15 14.45 2.4
    endloop
  endfacet
  facet normal 0 0 1
    outer loop
      vertex 0 30 2.4
      vertex 28.15 14.45 2.4
      vertex 28.1 15.3 2.4
    endloop
  endfacet
  facet normal 0 0 1
    outer loop
      vertex 28.3 11.9 2.4
      vertex 0 30 2.4
      vertex 28.35 11.05 2.4
    endloop
  endfacet
  facet normal 0 0 1
    outer loop
      vertex 0 30 2.4
      vertex 28.05 16.15 2.4
      vertex 28 17 2.4
    endloop
  endfacet
  facet normal 0 0 1
    outer loop
      vertex 0 30 2.4
      vertex 28 17 2.4
      vertex 27.95 17.85 2.4
    endloop
  endfacet
  facet normal 0 0 1
    outer loop
      vertex 0 30 2.4
      vertex 27.95 17.85 2.4
      vertex 27.9 18.7 2.4
    endloop
  endfacet
  facet normal 0 0 1
    outer loop
      vertex 0 30 2.4
      vertex 27.9 18.7 2.4
      vertex 27.85 19.55 2.4
    endloop
  endfacet
  facet normal 0 0 1
    outer loop
      vertex 28.05 16.15 2.4
      vertex 0 30 2.4
      vertex 28.1 15.3 2.4
    endloop
  endfacet
  facet normal 0 0 1
    outer loop
      vertex 0 30 2.4
      vertex 27.8 20.4 2.4
      vertex 27.75 21.25 2.4
    endloop
  endfacet
  facet normal 0 0 1
    outer loop
      vertex 0 30 2.4
      vertex 27.75 21.25 2.4
      vertex 27.7 22.1 2.4
    endloop
  endfacet
  facet normal 0 0 1
    outer loop
      vertex 0 30 2.4
      vertex 27.7 22.1 2.4
      vertex 27.65 22.95 2.4
    endloop
  endfacet
  facet normal 0 0 1
    outer loop
      vertex 2 32.5 2.4
      vertex 27.65 22.95 2.4
      vertex 27.6 23.8 2.4
    endloop
  endfacet
  facet normal 0 0 1
    outer loop
      vertex 27.8 20.4 2.4
      vertex 0 30 2.4
      vertex 27.85 19.55 2.4
    endloop
  endfacet
  facet normal 0 0 1
    outer loop
      vertex 2 32.5 2.4
      vertex 27.55 24.65 2.4
      vertex 27.5 25.5 2.4
    endloop
  endfacet
  facet normal 0 0 1
    outer loop
      vertex 2 32.5 2.4
      vertex 27.5 25.5 2.4
      vertex 27.45 26.35 2.4
    endloop
  endfacet
  facet normal 0 0 1
    outer loop
      vertex 2 32.5 2.4
      vertex 27.45 26.35 2.4
      vertex 27.4 27.2 2.4
    endloop
  endfacet
  facet normal 0 0 1
    outer loop
      vertex 2 32.5 2.4
      vertex 27.4 27.2 2.4
      vertex 27.35 28.05 2.4
    endloop
  endfacet
  facet normal 0 0 1
    outer loop
      vertex 27.55 24.65 2.4
      vertex 2 32.5 2.4
      vertex 27.6 23.8 2.4
    endloop
  endfacet
  facet normal 0 0 1
    outer loop
      vertex 2 32.5 2.4
      vertex 27.3 28.9 2.4
      vertex 27.25 29.75 2.4
    endloop
  endfacet
  facet normal 0 0 1
    outer loop
      vertex 2 32.5 2.4
      vertex 27.25 29.75 2.4
      vertex 27.2 30.6 2.4
    endloop
  endfacet
  facet normal 0 0 1
    outer loop
      vertex 2 32.5 2.4
      vertex 27.2 30.6 2.4
      vertex 27.15 31.45 2.4
    endloop
  endfacet
  facet normal 0 0 1
    outer loop
      vertex 2 32.5 2.4
      vertex 27.15 31.45 2.4
      vertex 27.1 32.3 2.4
    endloop
  endfacet
  facet normal 0 0 1
    outer loop
      vertex 27.3 28.9 2.4
      vertex 2 32.5 2.4
      vertex 27.35 28.05 2.4
    endloop
  endfacet
  facet normal 0 0 1
    outer loop
      vertex 2 32.5 2.4
      vertex 27.05 33.15 2.4
      vertex 27 34 2.4
    endloop
  endfacet
  facet normal 0 0 1
    outer loop
      vertex 27.05 33.15 2.4
      vertex 2 32.5 2.4
      vertex 27.1 32.3 2.4
    endloop
  endfacet
  facet normal 0 0 1
    outer loop
      vertex 27.65 22.95 2.4
      vertex 2 32.5 2.4
      vertex 0 30 2.4
    endloop
  endfacet
  facet normal 0 0 1
    outer loop
      vertex 28.8 3.4 2.4
      vertex 0 30 2.4
      vertex 28.85 2.55 2.4
    endloop
  endfacet
  facet normal -0 0 1
    outer loop
      vertex -28.8 3.4 2.4
      vertex 28.85 2.55 2.4
      vertex 0 30 2.4
    endloop
  endfacet
  facet normal -0 0 1
    outer loop
      vertex -27.05 33.15 2.4
      vertex -2 32.5 2.4
      vertex -27 34 2.4
    endloop
  endfacet
  facet normal 0 0 1
    outer loop
      vertex -27.1 32.3 2.4
      vertex -2 32.5 2.4
      vertex -27.05 33.15 2.4
    endloop
  endfacet
  facet normal 0 0 1
    outer loop
      vertex -27.15 31.45 2.4
      vertex -2 32.5 2.4
      vertex -27.1 32.3 2.4
    endloop
  endfacet
  facet normal 0 0 1
    outer loop
      vertex -27.2 30.6 2.4
      vertex -2 32.5 2.4
      vertex -27.15 31.45 2.4
    endloop
  endfacet
  facet normal 0 0 1
    outer loop
      vertex -27.25 29.75 2.4
      vertex -2 32.5 2.4
      vertex -27.2 30.6 2.4
    endloop
  endfacet
  facet normal 0 0 1
    outer loop
      vertex -27.3 28.9 2.4
      vertex -2 32.5 2.4
      vertex -27.25 29.75 2.4
    endloop
  endfacet
  facet normal 0 0 1
    outer loop
      vertex -27.35 28.05 2.4
      vertex -2 32.5 2.4
      vertex -27.3 28.9 2.4
    endloop
  endfacet
  facet normal 0 0 1
    outer loop
      vertex -27.4 27.2 2.4
      vertex -2 32.5 2.4
      vertex -27.35 28.05 2.4
    endloop
  endfacet
  facet normal 0 0 1
    outer loop
      vertex -27.45 26.35 2.4
      vertex -2 32.5 2.4
      vertex -27.4 27.2 2.4
    endloop
  endfacet
  facet normal 0 0 1
    outer loop
      vertex -27.5 25.5 2.4
      vertex -2 32.5 2.4
      vertex -27.45 26.35 2.4
    endloop
  endfacet
  facet normal 0 0 1
    outer loop
      vertex -27.55 24.65 2.4
      vertex -2 32.5 2.4
      vertex -27.5 25.5 2.4
    endloop
  endfacet
  facet normal 0 0 1
    outer loop
      vertex -27.6 23.8 2.4
      vertex -2 32.5 2.4
      vertex -27.55 24.65 2.4
    endloop
  endfacet
  facet normal 0 0 1
    outer loop
      vertex -27.65 22.95 2.4
      vertex -2 32.5 2.4
      vertex -27.6 23.8 2.4
    endloop
  endfacet
  facet normal 0 0 1
    outer loop
      vertex -2 32.5 2.4
      vertex -27.65 22.95 2.4
      vertex 0 30 2.4
    endloop
  endfacet
  facet normal 0 0 1
    outer loop
      vertex -27.7 22.1 2.4
      vertex 0 30 2.4
      vertex -27.65 22.95 2.4
    endloop
  endfacet
  facet normal 0 0 1
    outer loop
      vertex -27.75 21.25 2.4
      vertex 0 30 2.4
      vertex -27.7 22.1 2.4
    endloop
  endfacet
  facet normal 0 0 1
    outer loop
      vertex -27.8 20.4 2.4
      vertex 0 30 2.4
      vertex -27.75 21.25 2.4
    endloop
  endfacet
  facet normal 0 0 1
    outer loop
      vertex -27.85 19.55 2.4
      vertex 0 30 2.4
      vertex -27.8 20.4 2.4
    endloop
  endfacet
  facet normal 0 0 1
    outer loop
      vertex -27.9 18.7 2.4
      vertex 0 30 2.4
      vertex -27.85 19.55 2.4
    endloop
  endfacet
  facet normal 0 0 1
    outer loop
      vertex -27.95 17.85 2.4
      vertex 0 30 2.4
      vertex -27.9 18.7 2.4
    endloop
  endfacet
  facet normal 0 0 1
    outer loop
      vertex -28 17 2.4
      vertex 0 30 2.4
      vertex -27.95 17.85 2.4
    endloop
  endfacet
  facet normal 0 0 1
    outer loop
      vertex -28.05 16.15 2.4
      vertex 0 30 2.4
      vertex -28 17 2.4
    endloop
  endfacet
  facet normal 0 0 1
    outer loop
      vertex -28.1 15.3 2.4
      vertex 0 30 2.4
      vertex -28.05 16.15 2.4
    endloop
  endfacet
  facet normal 0 0 1
    outer loop
      vertex -28.15 14.45 2.4
      vertex 0 30 2.4
      vertex -28.1 15.3 2.4
    endloop
  endfacet
  facet normal 0 0 1
    outer loop
      vertex -28.2 13.6 2.4
      vertex 0 30 2.4
      vertex -28.15 14.45 2.4
    endloop
  endfacet
  facet normal 0 0 1
    outer loop
      vertex -28.25 12.75 2.4
      vertex 0 30 2.4
      vertex -28.2 13.6 2.4
    endloop
  endfacet
  facet normal 0 0 1
    outer loop
      vertex -28.3 11.9 2.4
      vertex 0 30 2.4
      vertex -28.25 12.75 2.4
    endloop
  endfacet
  facet normal 0 0 1
    outer loop
      vertex -28.35 11.05 2.4
      vertex 0 30 2.4
      vertex -28.3 11.9 2.4
    endloop
  endfacet
  facet normal 0 0 1
    outer loop
      vertex -28.4 10.2 2.4
      vertex 0 30 2.4
      vertex -28.35 11.05 2.4
    endloop
  endfacet
  facet normal 0 0 1
    outer loop
      vertex -28.45 9.35 2.4
      vertex 0 30 2.4
      vertex -28.4 10.2 2.4
    endloop
  endfacet
  facet normal 0 0 1
    outer loop
      vertex -28.5 8.5 2.4
      vertex 0 30 2.4
      vertex -28.45 9.35 2.4
    endloop
  endfacet
  facet normal 0 0 1
    outer loop
      vertex -28.55 7.65 2.4
      vertex 0 30 2.4
      vertex -28.5 8.5 2.4
    endloop
  endfacet
  facet normal 0 0 1
    outer loop
      vertex -28.6 6.8 2.4
      vertex 0 30 2.4
      vertex -28.55 7.65 2.4
    endloop
  endfacet
  facet normal 0 0 1
    outer loop
      vertex -28.65 5.95 2.4
      vertex 0 30 2.4
      vertex -28.6 6.8 2.4
    endloop
  endfacet
  facet normal 0 0 1
    outer loop
      vertex -28.7 5.1 2.4
      vertex 0 30 2.4
      vertex -28.65 5.95 2.4
    endloop
  endfacet
  facet normal 0 0 1
    outer loop
      vertex -28.75 4.25 2.4
      vertex 0 30 2.4
      vertex -28.7 5.1 2.4
    endloop
  endfacet
  facet normal 0 0 1
    outer loop
      vertex -28.8 3.4 2.4
      vertex 0 30 2.4
      vertex -28.75 4.25 2.4
    endloop
  endfacet
  facet normal 0 0 1
    outer loop
      vertex -28.85 2.55 2.4
      vertex 28.85 2.55 2.4
      vertex -28.8 3.4 2.4
    endloop
  endfacet
  facet normal 0 0 1
    outer loop
      vertex -28.9 1.7 2.4
      vertex 28.85 2.55 2.4
      vertex -28.85 2.55 2.4
    endloop
  endfacet
  facet normal 0 0 1
    outer loop
      vertex -28.95 0.849999 2.4
      vertex 28.9 1.7 2.4
      vertex -28.9 1.7 2.4
    endloop
  endfacet
  facet normal 0 0 1
    outer loop
      vertex 28.95 0.849999 2.4
      vertex -28.95 0.849999 2.4
      vertex 29 0 2.4
    endloop
  endfacet
  facet normal 0 0 1
    outer loop
      vertex 29 0 2.4
      vertex -28.95 0.849999 2.4
      vertex -29 0 2.4
    endloop
  endfacet
  facet normal 0 0 1
    outer loop
      vertex -55 0 2.4
      vertex -47.1 1.7 2.4
      vertex -47.15 2.55 2.4
    endloop
  endfacet
  facet normal 0 0 1
    outer loop
      vertex -47.1 1.7 2.4
      vertex -55 0 2.4
      vertex -47.05 0.849999 2.4
    endloop
  endfacet
  facet normal 0 0 1
    outer loop
      vertex -55 0 2.4
      vertex -47.2 3.4 2.4
      vertex -47.25 4.25 2.4
    endloop
  endfacet
  facet normal 0 0 1
    outer loop
      vertex -55 0 2.4
      vertex -47.25 4.25 2.4
      vertex -47.3 5.1 2.4
    endloop
  endfacet
  facet normal 0 0 1
    outer loop
      vertex -59 4 2.4
      vertex -47.35 5.95 2.4
      vertex -47.4 6.8 2.4
    endloop
  endfacet
  facet normal 0 0 1
    outer loop
      vertex -47.35 5.95 2.4
      vertex -55 0 2.4
      vertex -47.3 5.1 2.4
    endloop
  endfacet
  facet normal 0 0 1
    outer loop
      vertex -59 4 2.4
      vertex -47.45 7.65 2.4
      vertex -47.5 8.5 2.4
    endloop
  endfacet
  facet normal 0 0 1
    outer loop
      vertex -59 4 2.4
      vertex -47.5 8.5 2.4
      vertex -47.55 9.35 2.4
    endloop
  endfacet
  facet normal 0 0 1
    outer loop
      vertex -59 4 2.4
      vertex -47.6 10.2 2.4
      vertex -47.65 11.05 2.4
    endloop
  endfacet
  facet normal 0 0 1
    outer loop
      vertex -47.6 10.2 2.4
      vertex -59 4 2.4
      vertex -47.55 9.35 2.4
    endloop
  endfacet
  facet normal 0 0 1
    outer loop
      vertex -47.45 7.65 2.4
      vertex -59 4 2.4
      vertex -47.4 6.8 2.4
    endloop
  endfacet
  facet normal 0 0 1
    outer loop
      vertex -59 4 2.4
      vertex -47.7 11.9 2.4
      vertex -47.75 12.75 2.4
    endloop
  endfacet
  facet normal 0 0 1
    outer loop
      vertex -59 4 2.4
      vertex -47.75 12.75 2.4
      vertex -47.8 13.6 2.4
    endloop
  endfacet
  facet normal 0 0 1
    outer loop
      vertex -59 4 2.4
      vertex -47.85 14.45 2.4
      vertex -47.9 15.3 2.4
    endloop
  endfacet
  facet normal 0 0 1
    outer loop
      vertex -47.85 14.45 2.4
      vertex -59 4 2.4
      vertex -47.8 13.6 2.4
    endloop
  endfacet
  facet normal 0 0 1
    outer loop
      vertex -47.7 11.9 2.4
      vertex -59 4 2.4
      vertex -47.65 11.05 2.4
    endloop
  endfacet
  facet normal 0 0 1
    outer loop
      vertex -59 4 2.4
      vertex -47.95 16.15 2.4
      vertex -48 17 2.4
    endloop
  endfacet
  facet normal 0 0 1
    outer loop
      vertex -59 4 2.4
      vertex -48 17 2.4
      vertex -48.05 17.85 2.4
    endloop
  endfacet
  facet normal 0 0 1
    outer loop
      vertex -59 30 2.4
      vertex -48.1 18.7 2.4
      vertex -48.15 19.55 2.4
    endloop
  endfacet
  facet normal 0 0 1
    outer loop
      vertex -48.1 18.7 2.4
      vertex -59 30 2.4
      vertex -48.05 17.85 2.4
    endloop
  endfacet
  facet normal 0 0 1
    outer loop
      vertex -47.95 16.15 2.4
      vertex -59 4 2.4
      vertex -47.9 15.3 2.4
    endloop
  endfacet
  facet normal 0 0 1
    outer loop
      vertex -59 30 2.4
      vertex -48.2 20.4 2.4
      vertex -48.25 21.25 2.4
    endloop
  endfacet
  facet normal 0 0 1
    outer loop
      vertex -59 30 2.4
      vertex -48.25 21.25 2.4
      vertex -48.3 22.1 2.4
    endloop
  endfacet
  facet normal 0 0 1
    outer loop
      vertex -59 30 2.4
      vertex -48.35 22.95 2.4
      vertex -48.4 23.8 2.4
    endloop
  endfacet
  facet normal 0 0 1
    outer loop
      vertex -48.35 22.95 2.4
      vertex -59 30 2.4
      vertex -48.3 22.1 2.4
    endloop
  endfacet
  facet normal 0 0 1
    outer loop
      vertex -48.2 20.4 2.4
      vertex -59 30 2.4
      vertex -48.15 19.55 2.4
    endloop
  endfacet
  facet normal 0 0 1
    outer loop
      vertex -59 30 2.4
      vertex -48.45 24.65 2.4
      vertex -48.5 25.5 2.4
    endloop
  endfacet
  facet normal 0 0 1
    outer loop
      vertex -59 30 2.4
      vertex -48.5 25.5 2.4
      vertex -48.55 26.35 2.4
    endloop
  endfacet
  facet normal 0 0 1
    outer loop
      vertex -59 30 2.4
      vertex -48.6 27.2 2.4
      vertex -48.65 28.05 2.4
    endloop
  endfacet
  facet normal 0 0 1
    outer loop
      vertex -48.6 27.2 2.4
      vertex -59 30 2.4
      vertex -48.55 26.35 2.4
    endloop
  endfacet
  facet normal 0 0 1
    outer loop
      vertex -48.45 24.65 2.4
      vertex -59 30 2.4
      vertex -48.4 23.8 2.4
    endloop
  endfacet
  facet normal 0 0 1
    outer loop
      vertex -55 34 2.4
      vertex -48.7 28.9 2.4
      vertex -48.75 29.75 2.4
    endloop
  endfacet
  facet normal 0 0 1
    outer loop
      vertex -55 34 2.4
      vertex -48.75 29.75 2.4
      vertex -48.8 30.6 2.4
    endloop
  endfacet
  facet normal 0 0 1
    outer loop
      vertex -55 34 2.4
      vertex -48.85 31.45 2.4
      vertex -48.9 32.3 2.4
    endloop
  endfacet
  facet normal 0 0 1
    outer loop
      vertex -48.85 31.45 2.4
      vertex -55 34 2.4
      vertex -48.8 30.6 2.4
    endloop
  endfacet
  facet normal 0 0 1
    outer loop
      vertex -48.7 28.9 2.4
      vertex -55 34 2.4
      vertex -59 30 2.4
    endloop
  endfacet
  facet normal -0 0 1
    outer loop
      vertex -55 34 2.4
      vertex -48.95 33.15 2.4
      vertex -49 34 2.4
    endloop
  endfacet
  facet normal 0 0 1
    outer loop
      vertex -48.95 33.15 2.4
      vertex -55 34 2.4
      vertex -48.9 32.3 2.4
    endloop
  endfacet
  facet normal 0 0 1
    outer loop
      vertex -48.7 28.9 2.4
      vertex -59 30 2.4
      vertex -48.65 28.05 2.4
    endloop
  endfacet
  facet normal 0 0 1
    outer loop
      vertex -48.05 17.85 2.4
      vertex -59 30 2.4
      vertex -59 4 2.4
    endloop
  endfacet
  facet normal 0 0 1
    outer loop
      vertex -47.35 5.95 2.4
      vertex -59 4 2.4
      vertex -55 0 2.4
    endloop
  endfacet
  facet normal 0 0 1
    outer loop
      vertex -59 30 2.4
      vertex -55 34 2.4
      vertex -55.6257 33.9508 2.4
    endloop
  endfacet
  facet normal 0 0 1
    outer loop
      vertex -47.2 3.4 2.4
      vertex -55 0 2.4
      vertex -47.15 2.55 2.4
    endloop
  endfacet
  facet normal 0 0 1
    outer loop
      vertex -59 30 2.4
      vertex -55.6257 33.9508 2.4
      vertex -56.2361 33.8042 2.4
    endloop
  endfacet
  facet normal 0 0 1
    outer loop
      vertex -47.05 0.849999 2.4
      vertex -55 0 2.4
      vertex -47 0 2.4
    endloop
  endfacet
  facet normal 0 0 1
    outer loop
      vertex -59 30 2.4
      vertex -56.2361 33.8042 2.4
      vertex -56.816 33.564 2.4
    endloop
  endfacet
  facet normal 0 0 1
    outer loop
      vertex -55 0 2.4
      vertex -59 4 2.4
      vertex -55.6257 0.0492458 2.4
    endloop
  endfacet
  facet normal 0 0 1
    outer loop
      vertex -59 30 2.4
      vertex -56.816 33.564 2.4
      vertex -57.3511 33.2361 2.4
    endloop
  endfacet
  facet normal 0 0 1
    outer loop
      vertex -55.6257 0.0492458 2.4
      vertex -59 4 2.4
      vertex -56.2361 0.195773 2.4
    endloop
  endfacet
  facet normal 0 0 1
    outer loop
      vertex -59 30 2.4
      vertex -57.3511 33.2361 2.4
      vertex -57.8284 32.8284 2.4
    endloop
  endfacet
  facet normal 0 0 1
    outer loop
      vertex -56.2361 0.195773 2.4
      vertex -59 4 2.4
      vertex -56.816 0.435973 2.4
    endloop
  endfacet
  facet normal 0 0 1
    outer loop
      vertex -59 30 2.4
      vertex -57.8284 32.8284 2.4
      vertex -58.2361 32.3511 2.4
    endloop
  endfacet
  facet normal 0 0 1
    outer loop
      vertex -56.816 0.435973 2.4
      vertex -59 4 2.4
      vertex -57.3511 0.763931 2.4
    endloop
  endfacet
  facet normal 0 0 1
    outer loop
      vertex -59 30 2.4
      vertex -58.2361 32.3511 2.4
      vertex -58.564 31.816 2.4
    endloop
  endfacet
  facet normal 0 0 1
    outer loop
      vertex -57.3511 0.763931 2.4
      vertex -59 4 2.4
      vertex -57.8284 1.17157 2.4
    endloop
  endfacet
  facet normal 0 0 1
    outer loop
      vertex -59 30 2.4
      vertex -58.564 31.816 2.4
      vertex -58.8042 31.2361 2.4
    endloop
  endfacet
  facet normal 0 0 1
    outer loop
      vertex -57.8284 1.17157 2.4
      vertex -59 4 2.4
      vertex -58.2361 1.64886 2.4
    endloop
  endfacet
  facet normal 0 0 1
    outer loop
      vertex -59 30 2.4
      vertex -58.8042 31.2361 2.4
      vertex -58.9508 30.6257 2.4
    endloop
  endfacet
  facet normal 0 0 1
    outer loop
      vertex -58.2361 1.64886 2.4
      vertex -59 4 2.4
      vertex -58.564 2.18404 2.4
    endloop
  endfacet
  facet normal 0 0 1
    outer loop
      vertex -58.564 2.18404 2.4
      vertex -59 4 2.4
      vertex -58.8042 2.76393 2.4
    endloop
  endfacet
  facet normal 0 0 1
    outer loop
      vertex -58.8042 2.76393 2.4
      vertex -59 4 2.4
      vertex -58.9508 3.37426 2.4
    endloop
  endfacet
  facet normal 0.760369 0.649492 0
    outer loop
      vertex 58.2361 32.3511 2.4
      vertex 57.8284 32.8284 0
      vertex 57.8284 32.8284 2.4
    endloop
  endfacet
  facet normal 0.760369 0.649492 0
    outer loop
      vertex 57.8284 32.8284 0
      vertex 58.2361 32.3511 2.4
      vertex 58.2361 32.3511 0
    endloop
  endfacet
  facet normal -0.23353 0.97235 0
    outer loop
      vertex -55.6257 33.9508 0
      vertex -56.2361 33.8042 2.4
      vertex -55.6257 33.9508 2.4
    endloop
  endfacet
  facet normal -0.23353 0.97235 0
    outer loop
      vertex -56.2361 33.8042 2.4
      vertex -55.6257 33.9508 0
      vertex -56.2361 33.8042 0
    endloop
  endfacet
  facet normal -0.522555 -0.852606 0
    outer loop
      vertex -57.3511 0.763931 0
      vertex -56.816 0.435973 2.4
      vertex -57.3511 0.763931 2.4
    endloop
  endfacet
  facet normal -0.522555 -0.852606 -0
    outer loop
      vertex -56.816 0.435973 2.4
      vertex -57.3511 0.763931 0
      vertex -56.816 0.435973 0
    endloop
  endfacet
  facet normal -0.97235 0.23353 0
    outer loop
      vertex -58.9508 30.6257 0
      vertex -58.8042 31.2361 2.4
      vertex -58.8042 31.2361 0
    endloop
  endfacet
  facet normal -0.97235 0.23353 0
    outer loop
      vertex -58.8042 31.2361 2.4
      vertex -58.9508 30.6257 0
      vertex -58.9508 30.6257 2.4
    endloop
  endfacet
  facet normal -0.649435 -0.760417 0
    outer loop
      vertex -57.8284 1.17157 0
      vertex -57.3511 0.763931 2.4
      vertex -57.8284 1.17157 2.4
    endloop
  endfacet
  facet normal -0.649435 -0.760417 -0
    outer loop
      vertex -57.3511 0.763931 2.4
      vertex -57.8284 1.17157 0
      vertex -57.3511 0.763931 0
    endloop
  endfacet
  facet normal 0.760362 -0.649499 0
    outer loop
      vertex 57.8284 1.17157 2.4
      vertex 58.2361 1.64886 0
      vertex 58.2361 1.64886 2.4
    endloop
  endfacet
  facet normal 0.760362 -0.649499 0
    outer loop
      vertex 58.2361 1.64886 0
      vertex 57.8284 1.17157 2.4
      vertex 57.8284 1.17157 0
    endloop
  endfacet
  facet normal -0.972344 -0.233555 0
    outer loop
      vertex -58.8042 2.76393 0
      vertex -58.9508 3.37426 2.4
      vertex -58.9508 3.37426 0
    endloop
  endfacet
  facet normal -0.972344 -0.233555 0
    outer loop
      vertex -58.9508 3.37426 2.4
      vertex -58.8042 2.76393 0
      vertex -58.8042 2.76393 2.4
    endloop
  endfacet
  facet normal -0.996923 -0.078385 0
    outer loop
      vertex -58.9508 3.37426 0
      vertex -59 4 2.4
      vertex -59 4 0
    endloop
  endfacet
  facet normal -0.996923 -0.078385 0
    outer loop
      vertex -59 4 2.4
      vertex -58.9508 3.37426 0
      vertex -58.9508 3.37426 2.4
    endloop
  endfacet
  facet normal -0.996923 0.07839 0
    outer loop
      vertex -59 30 0
      vertex -58.9508 30.6257 2.4
      vertex -58.9508 30.6257 0
    endloop
  endfacet
  facet normal -0.996923 0.07839 0
    outer loop
      vertex -58.9508 30.6257 2.4
      vertex -59 30 0
      vertex -59 30 2.4
    endloop
  endfacet
  facet normal 0.996923 0.07839 0
    outer loop
      vertex 59 30 2.4
      vertex 58.9508 30.6257 0
      vertex 58.9508 30.6257 2.4
    endloop
  endfacet
  facet normal 0.996923 0.07839 0
    outer loop
      vertex 58.9508 30.6257 0
      vertex 59 30 2.4
      vertex 59 30 0
    endloop
  endfacet
  facet normal 0.649435 -0.760417 0
    outer loop
      vertex 57.3511 0.763931 0
      vertex 57.8284 1.17157 2.4
      vertex 57.3511 0.763931 2.4
    endloop
  endfacet
  facet normal 0.649435 -0.760417 0
    outer loop
      vertex 57.8284 1.17157 2.4
      vertex 57.3511 0.763931 0
      vertex 57.8284 1.17157 0
    endloop
  endfacet
  facet normal 0.996923 -0.078385 0
    outer loop
      vertex 58.9508 3.37426 2.4
      vertex 59 4 0
      vertex 59 4 2.4
    endloop
  endfacet
  facet normal 0.996923 -0.078385 0
    outer loop
      vertex 59 4 0
      vertex 58.9508 3.37426 2.4
      vertex 58.9508 3.37426 0
    endloop
  endfacet
  facet normal 0 0 1
    outer loop
      vertex -26.987 19.55 6.79999
      vertex -36.5151 24.0151 6.79999
      vertex -27.0413 18.7 6.79999
    endloop
  endfacet
  facet normal 0 0 1
    outer loop
      vertex -27.204 16.15 6.79999
      vertex -35.9259 7.82851 6.79999
      vertex -35.9 7.5 6.79999
    endloop
  endfacet
  facet normal -0 0 1
    outer loop
      vertex -36.7657 23.8011 6.79999
      vertex -27.0413 18.7 6.79999
      vertex -36.5151 24.0151 6.79999
    endloop
  endfacet
  facet normal 0 0 1
    outer loop
      vertex -27.204 16.15 6.79999
      vertex -36.0028 8.14894 6.79999
      vertex -35.9259 7.82851 6.79999
    endloop
  endfacet
  facet normal 0 0 1
    outer loop
      vertex -27.0413 18.7 6.79999
      vertex -36.7657 23.8011 6.79999
      vertex -27.0955 17.85 6.79999
    endloop
  endfacet
  facet normal 0 0 1
    outer loop
      vertex -27.204 16.15 6.79999
      vertex -36.1289 8.45338 6.79999
      vertex -36.0028 8.14894 6.79999
    endloop
  endfacet
  facet normal -0 0 1
    outer loop
      vertex -37.0466 23.6289 6.79999
      vertex -27.0955 17.85 6.79999
      vertex -36.7657 23.8011 6.79999
    endloop
  endfacet
  facet normal 0 0 1
    outer loop
      vertex -27.204 16.15 6.79999
      vertex -36.3011 8.73435 6.79999
      vertex -36.1289 8.45338 6.79999
    endloop
  endfacet
  facet normal 0 0 1
    outer loop
      vertex -27.0955 17.85 6.79999
      vertex -37.0466 23.6289 6.79999
      vertex -27.1498 17 6.79999
    endloop
  endfacet
  facet normal 0 0 1
    outer loop
      vertex -27.204 16.15 6.79999
      vertex -36.5151 8.98492 6.79999
      vertex -36.3011 8.73435 6.79999
    endloop
  endfacet
  facet normal 0 0 1
    outer loop
      vertex -27.1498 17 6.79999
      vertex -37.0466 23.6289 6.79999
      vertex -27.204 16.15 6.79999
    endloop
  endfacet
  facet normal 0 0 1
    outer loop
      vertex -27.204 16.15 6.79999
      vertex -36.7657 9.19894 6.79999
      vertex -36.5151 8.98492 6.79999
    endloop
  endfacet
  facet normal -0 0 1
    outer loop
      vertex -37.3511 23.5028 6.79999
      vertex -27.204 16.15 6.79999
      vertex -37.0466 23.6289 6.79999
    endloop
  endfacet
  facet normal 0 0 1
    outer loop
      vertex -27.204 16.15 6.79999
      vertex -37.0466 9.37111 6.79999
      vertex -36.7657 9.19894 6.79999
    endloop
  endfacet
  facet normal 0 0 1
    outer loop
      vertex -37.3511 9.49722 6.79999
      vertex -27.204 16.15 6.79999
      vertex -37.3511 23.5028 6.79999
    endloop
  endfacet
  facet normal 0 0 1
    outer loop
      vertex -27.204 16.15 6.79999
      vertex -37.3511 9.49722 6.79999
      vertex -37.0466 9.37111 6.79999
    endloop
  endfacet
  facet normal -0 0 1
    outer loop
      vertex -37.6715 23.4259 6.79999
      vertex -37.3511 9.49722 6.79999
      vertex -37.3511 23.5028 6.79999
    endloop
  endfacet
  facet normal 0 0 1
    outer loop
      vertex -37.6715 23.4259 6.79999
      vertex -37.6715 9.57415 6.79999
      vertex -37.3511 9.49722 6.79999
    endloop
  endfacet
  facet normal -0 0 1
    outer loop
      vertex -38 23.4 6.79999
      vertex -37.6715 9.57415 6.79999
      vertex -37.6715 23.4259 6.79999
    endloop
  endfacet
  facet normal 0 0 1
    outer loop
      vertex -38 23.4 6.79999
      vertex -38 9.6 6.79999
      vertex -37.6715 9.57415 6.79999
    endloop
  endfacet
  facet normal 0 0 1
    outer loop
      vertex -38.3285 23.4259 6.79999
      vertex -38 9.6 6.79999
      vertex -38 23.4 6.79999
    endloop
  endfacet
  facet normal 0 0 1
    outer loop
      vertex -38.3285 23.4259 6.79999
      vertex -38.3285 9.57415 6.79999
      vertex -38 9.6 6.79999
    endloop
  endfacet
  facet normal 0 0 1
    outer loop
      vertex -38.6489 23.5028 6.79999
      vertex -38.3285 9.57415 6.79999
      vertex -38.3285 23.4259 6.79999
    endloop
  endfacet
  facet normal 0 0 1
    outer loop
      vertex -38.6489 23.5028 6.79999
      vertex -38.6489 9.49722 6.79999
      vertex -38.3285 9.57415 6.79999
    endloop
  endfacet
  facet normal 0 0 1
    outer loop
      vertex -48.796 16.15 6.79999
      vertex -38.6489 23.5028 6.79999
      vertex -38.9534 23.6289 6.79999
    endloop
  endfacet
  facet normal 0 0 1
    outer loop
      vertex -38.6489 23.5028 6.79999
      vertex -48.796 16.15 6.79999
      vertex -38.6489 9.49722 6.79999
    endloop
  endfacet
  facet normal 0 0 1
    outer loop
      vertex -48.9045 17.85 6.79999
      vertex -38.9534 23.6289 6.79999
      vertex -39.2343 23.8011 6.79999
    endloop
  endfacet
  facet normal -0 -0 1
    outer loop
      vertex -48.7417 15.3 6.79999
      vertex -38.6489 9.49722 6.79999
      vertex -48.796 16.15 6.79999
    endloop
  endfacet
  facet normal 0 0 1
    outer loop
      vertex -48.9587 18.7 6.79999
      vertex -39.2343 23.8011 6.79999
      vertex -39.4849 24.0151 6.79999
    endloop
  endfacet
  facet normal 0 0 1
    outer loop
      vertex -38.6489 9.49722 6.79999
      vertex -48.7417 15.3 6.79999
      vertex -38.9534 9.37111 6.79999
    endloop
  endfacet
  facet normal 0 0 1
    outer loop
      vertex -49.0672 20.4 6.79999
      vertex -39.4849 24.0151 6.79999
      vertex -39.6989 24.2657 6.79999
    endloop
  endfacet
  facet normal -0 -0 1
    outer loop
      vertex -48.6875 14.45 6.79999
      vertex -38.9534 9.37111 6.79999
      vertex -48.7417 15.3 6.79999
    endloop
  endfacet
  facet normal 0 0 1
    outer loop
      vertex -49.1215 21.25 6.79999
      vertex -39.6989 24.2657 6.79999
      vertex -39.8711 24.5466 6.79999
    endloop
  endfacet
  facet normal 0 0 1
    outer loop
      vertex -38.9534 9.37111 6.79999
      vertex -48.6875 14.45 6.79999
      vertex -39.2343 9.19894 6.79999
    endloop
  endfacet
  facet normal 0 0 1
    outer loop
      vertex -49.1757 22.1 6.79999
      vertex -39.8711 24.5466 6.79999
      vertex -39.9972 24.8511 6.79999
    endloop
  endfacet
  facet normal -0 -0 1
    outer loop
      vertex -48.6332 13.6 6.79999
      vertex -39.2343 9.19894 6.79999
      vertex -48.6875 14.45 6.79999
    endloop
  endfacet
  facet normal 0 0 1
    outer loop
      vertex -49.2842 23.8 6.79999
      vertex -39.9972 24.8511 6.79999
      vertex -40.0741 25.1715 6.79999
    endloop
  endfacet
  facet normal -0 -0 1
    outer loop
      vertex -48.579 12.75 6.79999
      vertex -39.2343 9.19894 6.79999
      vertex -48.6332 13.6 6.79999
    endloop
  endfacet
  facet normal 0 0 1
    outer loop
      vertex -49.3385 24.65 6.79999
      vertex -40.0741 25.1715 6.79999
      vertex -40.1 25.5 6.79999
    endloop
  endfacet
  facet normal 0 0 1
    outer loop
      vertex -39.2343 9.19894 6.79999
      vertex -48.579 12.75 6.79999
      vertex -39.4849 8.98492 6.79999
    endloop
  endfacet
  facet normal 0 0 1
    outer loop
      vertex -36.7657 27.1989 6.79999
      vertex -26.1733 32.3 6.79999
      vertex -26.119 33.15 6.79999
    endloop
  endfacet
  facet normal 0 0 1
    outer loop
      vertex -37.0466 27.3711 6.79999
      vertex -26.119 33.15 6.79999
      vertex -26.0648 34 6.79999
    endloop
  endfacet
  facet normal 0 0 1
    outer loop
      vertex -36.5151 26.9849 6.79999
      vertex -26.2818 30.6 6.79999
      vertex -26.2275 31.45 6.79999
    endloop
  endfacet
  facet normal 0 0 1
    outer loop
      vertex -26.2818 30.6 6.79999
      vertex -36.5151 26.9849 6.79999
      vertex -26.336 29.75 6.79999
    endloop
  endfacet
  facet normal 0 0 1
    outer loop
      vertex -26.336 29.75 6.79999
      vertex -36.3011 26.7343 6.79999
      vertex -26.3903 28.9 6.79999
    endloop
  endfacet
  facet normal 0 -0 1
    outer loop
      vertex -36.1289 26.4534 6.79999
      vertex -26.3903 28.9 6.79999
      vertex -36.3011 26.7343 6.79999
    endloop
  endfacet
  facet normal 0 0 1
    outer loop
      vertex -35.9259 25.8285 6.79999
      vertex -26.553 26.35 6.79999
      vertex -26.4988 27.2 6.79999
    endloop
  endfacet
  facet normal 0 0 1
    outer loop
      vertex -26.553 26.35 6.79999
      vertex -35.9259 25.8285 6.79999
      vertex -26.6073 25.5 6.79999
    endloop
  endfacet
  facet normal 0 -0 1
    outer loop
      vertex -35.9 25.5 6.79999
      vertex -26.6073 25.5 6.79999
      vertex -35.9259 25.8285 6.79999
    endloop
  endfacet
  facet normal -0 0 1
    outer loop
      vertex -35.9259 25.1715 6.79999
      vertex -26.6615 24.65 6.79999
      vertex -35.9 25.5 6.79999
    endloop
  endfacet
  facet normal 0 0 1
    outer loop
      vertex -26.3903 28.9 6.79999
      vertex -36.1289 26.4534 6.79999
      vertex -26.4445 28.05 6.79999
    endloop
  endfacet
  facet normal -0 0 1
    outer loop
      vertex -36.0028 24.8511 6.79999
      vertex -26.7158 23.8 6.79999
      vertex -35.9259 25.1715 6.79999
    endloop
  endfacet
  facet normal 0 0 1
    outer loop
      vertex -26.7158 23.8 6.79999
      vertex -36.0028 24.8511 6.79999
      vertex -26.77 22.95 6.79999
    endloop
  endfacet
  facet normal 0 0 1
    outer loop
      vertex -26.77 22.95 6.79999
      vertex -36.0028 24.8511 6.79999
      vertex -26.8243 22.1 6.79999
    endloop
  endfacet
  facet normal -0 0 1
    outer loop
      vertex -36.1289 24.5466 6.79999
      vertex -26.8243 22.1 6.79999
      vertex -36.0028 24.8511 6.79999
    endloop
  endfacet
  facet normal 0 -0 1
    outer loop
      vertex -35.9259 25.8285 6.79999
      vertex -26.4988 27.2 6.79999
      vertex -36.0028 26.1489 6.79999
    endloop
  endfacet
  facet normal -0 0 1
    outer loop
      vertex -36.3011 24.2657 6.79999
      vertex -26.8785 21.25 6.79999
      vertex -36.1289 24.5466 6.79999
    endloop
  endfacet
  facet normal 0 0 1
    outer loop
      vertex -26.8785 21.25 6.79999
      vertex -36.3011 24.2657 6.79999
      vertex -26.9328 20.4 6.79999
    endloop
  endfacet
  facet normal -0 0 1
    outer loop
      vertex -36.5151 24.0151 6.79999
      vertex -26.9328 20.4 6.79999
      vertex -36.3011 24.2657 6.79999
    endloop
  endfacet
  facet normal 0 0 1
    outer loop
      vertex -26.9328 20.4 6.79999
      vertex -36.5151 24.0151 6.79999
      vertex -26.987 19.55 6.79999
    endloop
  endfacet
  facet normal 0 0 1
    outer loop
      vertex -35.9 7.5 6.79999
      vertex -27.3668 13.6 6.79999
      vertex -27.3125 14.45 6.79999
    endloop
  endfacet
  facet normal 0 0 1
    outer loop
      vertex -35.9 7.5 6.79999
      vertex -27.4753 11.9 6.79999
      vertex -27.421 12.75 6.79999
    endloop
  endfacet
  facet normal 0 0 1
    outer loop
      vertex -27.4753 11.9 6.79999
      vertex -35.9 7.5 6.79999
      vertex -27.5295 11.05 6.79999
    endloop
  endfacet
  facet normal 0 0 1
    outer loop
      vertex -27.3668 13.6 6.79999
      vertex -35.9 7.5 6.79999
      vertex -27.421 12.75 6.79999
    endloop
  endfacet
  facet normal 0 0 1
    outer loop
      vertex -27.204 16.15 6.79999
      vertex -35.9 7.5 6.79999
      vertex -27.2583 15.3 6.79999
    endloop
  endfacet
  facet normal 0 0 1
    outer loop
      vertex -35.9 7.5 6.79999
      vertex -27.638 9.35 6.79999
      vertex -27.5838 10.2 6.79999
    endloop
  endfacet
  facet normal 0 0 1
    outer loop
      vertex -35.9 7.5 6.79999
      vertex -27.7465 7.65 6.79999
      vertex -27.6923 8.5 6.79999
    endloop
  endfacet
  facet normal 0 0 1
    outer loop
      vertex -27.7465 7.65 6.79999
      vertex -35.9 7.5 6.79999
      vertex -27.8008 6.8 6.79999
    endloop
  endfacet
  facet normal 0 0 1
    outer loop
      vertex -27.638 9.35 6.79999
      vertex -35.9 7.5 6.79999
      vertex -27.6923 8.5 6.79999
    endloop
  endfacet
  facet normal 0 0 1
    outer loop
      vertex -27.5295 11.05 6.79999
      vertex -35.9 7.5 6.79999
      vertex -27.5838 10.2 6.79999
    endloop
  endfacet
  facet normal 0 0 1
    outer loop
      vertex -36.0028 6.85106 6.79999
      vertex -27.9093 5.1 6.79999
      vertex -27.855 5.95 6.79999
    endloop
  endfacet
  facet normal 0 0 1
    outer loop
      vertex -36.3011 6.26565 6.79999
      vertex -28.0178 3.4 6.79999
      vertex -27.9635 4.25 6.79999
    endloop
  endfacet
  facet normal 0 0 1
    outer loop
      vertex -28.0178 3.4 6.79999
      vertex -36.3011 6.26565 6.79999
      vertex -28.072 2.55 6.79999
    endloop
  endfacet
  facet normal -0 0 1
    outer loop
      vertex -36.1289 6.54662 6.79999
      vertex -27.9093 5.1 6.79999
      vertex -36.0028 6.85106 6.79999
    endloop
  endfacet
  facet normal -0 0 1
    outer loop
      vertex -35.9259 7.17149 6.79999
      vertex -27.8008 6.8 6.79999
      vertex -35.9 7.5 6.79999
    endloop
  endfacet
  facet normal 0 0 1
    outer loop
      vertex -26.8243 22.1 6.79999
      vertex -36.1289 24.5466 6.79999
      vertex -26.8785 21.25 6.79999
    endloop
  endfacet
  facet normal 0 0 1
    outer loop
      vertex -36.7657 5.80106 6.79999
      vertex -28.1805 0.849999 6.79999
      vertex -28.1263 1.7 6.79999
    endloop
  endfacet
  facet normal 0 0 1
    outer loop
      vertex -27.8008 6.8 6.79999
      vertex -35.9259 7.17149 6.79999
      vertex -27.855 5.95 6.79999
    endloop
  endfacet
  facet normal 0 0 1
    outer loop
      vertex -27.2583 15.3 6.79999
      vertex -35.9 7.5 6.79999
      vertex -27.3125 14.45 6.79999
    endloop
  endfacet
  facet normal 0 0 1
    outer loop
      vertex -26.1733 32.3 6.79999
      vertex -36.7657 27.1989 6.79999
      vertex -26.2275 31.45 6.79999
    endloop
  endfacet
  facet normal 0 0 1
    outer loop
      vertex -26.6615 24.65 6.79999
      vertex -35.9259 25.1715 6.79999
      vertex -26.7158 23.8 6.79999
    endloop
  endfacet
  facet normal 0 0 1
    outer loop
      vertex -26.6073 25.5 6.79999
      vertex -35.9 25.5 6.79999
      vertex -26.6615 24.65 6.79999
    endloop
  endfacet
  facet normal 0 0 1
    outer loop
      vertex -26.4445 28.05 6.79999
      vertex -36.0028 26.1489 6.79999
      vertex -26.4988 27.2 6.79999
    endloop
  endfacet
  facet normal 0 -0 1
    outer loop
      vertex -36.0028 26.1489 6.79999
      vertex -26.4445 28.05 6.79999
      vertex -36.1289 26.4534 6.79999
    endloop
  endfacet
  facet normal 0 0 1
    outer loop
      vertex -26.336 29.75 6.79999
      vertex -36.5151 26.9849 6.79999
      vertex -36.3011 26.7343 6.79999
    endloop
  endfacet
  facet normal 0 0 1
    outer loop
      vertex -26.2275 31.45 6.79999
      vertex -36.7657 27.1989 6.79999
      vertex -36.5151 26.9849 6.79999
    endloop
  endfacet
  facet normal 0 0 1
    outer loop
      vertex -26.119 33.15 6.79999
      vertex -37.0466 27.3711 6.79999
      vertex -36.7657 27.1989 6.79999
    endloop
  endfacet
  facet normal 0 0 1
    outer loop
      vertex -26.0648 34 6.79999
      vertex -37.3511 27.4972 6.79999
      vertex -37.0466 27.3711 6.79999
    endloop
  endfacet
  facet normal 0 0 1
    outer loop
      vertex -26.0648 34 6.79999
      vertex -37.6715 27.5741 6.79999
      vertex -37.3511 27.4972 6.79999
    endloop
  endfacet
  facet normal 0 0 1
    outer loop
      vertex -26.0648 34 6.79999
      vertex -38 27.6 6.79999
      vertex -37.6715 27.5741 6.79999
    endloop
  endfacet
  facet normal -0 0 1
    outer loop
      vertex -49.9352 34 6.79999
      vertex -38 27.6 6.79999
      vertex -26.0648 34 6.79999
    endloop
  endfacet
  facet normal 0 0 1
    outer loop
      vertex -38 27.6 6.79999
      vertex -49.9352 34 6.79999
      vertex -38.3285 27.5741 6.79999
    endloop
  endfacet
  facet normal 0 0 1
    outer loop
      vertex -38.3285 27.5741 6.79999
      vertex -49.9352 34 6.79999
      vertex -38.6489 27.4972 6.79999
    endloop
  endfacet
  facet normal -0 -0 1
    outer loop
      vertex -48.5247 11.9 6.79999
      vertex -39.4849 8.98492 6.79999
      vertex -48.579 12.75 6.79999
    endloop
  endfacet
  facet normal 0 0 1
    outer loop
      vertex -49.3927 25.5 6.79999
      vertex -40.1 25.5 6.79999
      vertex -40.0741 25.8285 6.79999
    endloop
  endfacet
  facet normal 0 0 1
    outer loop
      vertex -49.447 26.35 6.79999
      vertex -40.0741 25.8285 6.79999
      vertex -39.9972 26.1489 6.79999
    endloop
  endfacet
  facet normal 0 0 1
    outer loop
      vertex -40.1 7.5 6.79999
      vertex -47.8195 0.849999 6.79999
      vertex -47.7652 0 6.79999
    endloop
  endfacet
  facet normal 0 0 1
    outer loop
      vertex -40.1 7.5 6.79999
      vertex -47.8737 1.7 6.79999
      vertex -47.8195 0.849999 6.79999
    endloop
  endfacet
  facet normal 0 0 1
    outer loop
      vertex -40.1 7.5 6.79999
      vertex -47.928 2.55 6.79999
      vertex -47.8737 1.7 6.79999
    endloop
  endfacet
  facet normal 0 0 1
    outer loop
      vertex -40.1 7.5 6.79999
      vertex -47.9822 3.4 6.79999
      vertex -47.928 2.55 6.79999
    endloop
  endfacet
  facet normal 0 0 1
    outer loop
      vertex -40.1 7.5 6.79999
      vertex -48.0365 4.25 6.79999
      vertex -47.9822 3.4 6.79999
    endloop
  endfacet
  facet normal 0 0 1
    outer loop
      vertex -40.1 7.5 6.79999
      vertex -48.0907 5.1 6.79999
      vertex -48.0365 4.25 6.79999
    endloop
  endfacet
  facet normal 0 0 1
    outer loop
      vertex -40.1 7.5 6.79999
      vertex -48.145 5.95 6.79999
      vertex -48.0907 5.1 6.79999
    endloop
  endfacet
  facet normal 0 0 1
    outer loop
      vertex -40.1 7.5 6.79999
      vertex -48.1992 6.8 6.79999
      vertex -48.145 5.95 6.79999
    endloop
  endfacet
  facet normal 0 0 1
    outer loop
      vertex -49.5555 28.05 6.79999
      vertex -39.9972 26.1489 6.79999
      vertex -39.8711 26.4534 6.79999
    endloop
  endfacet
  facet normal 0 0 1
    outer loop
      vertex -40.1 7.5 6.79999
      vertex -48.2535 7.65 6.79999
      vertex -48.1992 6.8 6.79999
    endloop
  endfacet
  facet normal 0 0 1
    outer loop
      vertex -40.0741 7.82851 6.79999
      vertex -48.2535 7.65 6.79999
      vertex -40.1 7.5 6.79999
    endloop
  endfacet
  facet normal 0 -0 1
    outer loop
      vertex -48.2535 7.65 6.79999
      vertex -40.0741 7.82851 6.79999
      vertex -48.3077 8.5 6.79999
    endloop
  endfacet
  facet normal 0 0 1
    outer loop
      vertex -39.9972 8.14894 6.79999
      vertex -48.3077 8.5 6.79999
      vertex -40.0741 7.82851 6.79999
    endloop
  endfacet
  facet normal -0 -0 1
    outer loop
      vertex -48.3077 8.5 6.79999
      vertex -39.9972 8.14894 6.79999
      vertex -48.362 9.35 6.79999
    endloop
  endfacet
  facet normal 0 0 1
    outer loop
      vertex -39.8711 8.45338 6.79999
      vertex -48.362 9.35 6.79999
      vertex -39.9972 8.14894 6.79999
    endloop
  endfacet
  facet normal -0 -0 1
    outer loop
      vertex -48.362 9.35 6.79999
      vertex -39.8711 8.45338 6.79999
      vertex -48.4162 10.2 6.79999
    endloop
  endfacet
  facet normal 0 0 1
    outer loop
      vertex -49.6097 28.9 6.79999
      vertex -39.8711 26.4534 6.79999
      vertex -39.6989 26.7343 6.79999
    endloop
  endfacet
  facet normal -0 -0 1
    outer loop
      vertex -48.4162 10.2 6.79999
      vertex -39.8711 8.45338 6.79999
      vertex -48.4705 11.05 6.79999
    endloop
  endfacet
  facet normal 0 0 1
    outer loop
      vertex -39.6989 8.73435 6.79999
      vertex -48.4705 11.05 6.79999
      vertex -39.8711 8.45338 6.79999
    endloop
  endfacet
  facet normal -0 -0 1
    outer loop
      vertex -48.4705 11.05 6.79999
      vertex -39.6989 8.73435 6.79999
      vertex -48.5247 11.9 6.79999
    endloop
  endfacet
  facet normal 0 0 1
    outer loop
      vertex -39.4849 8.98492 6.79999
      vertex -48.5247 11.9 6.79999
      vertex -39.6989 8.73435 6.79999
    endloop
  endfacet
  facet normal 0 0 1
    outer loop
      vertex -49.664 29.75 6.79999
      vertex -39.6989 26.7343 6.79999
      vertex -39.4849 26.9849 6.79999
    endloop
  endfacet
  facet normal 0 0 1
    outer loop
      vertex -38.9534 23.6289 6.79999
      vertex -48.8502 17 6.79999
      vertex -48.796 16.15 6.79999
    endloop
  endfacet
  facet normal 0 0 1
    outer loop
      vertex -38.9534 23.6289 6.79999
      vertex -48.9045 17.85 6.79999
      vertex -48.8502 17 6.79999
    endloop
  endfacet
  facet normal 0 0 1
    outer loop
      vertex -39.2343 23.8011 6.79999
      vertex -48.9587 18.7 6.79999
      vertex -48.9045 17.85 6.79999
    endloop
  endfacet
  facet normal 0 0 1
    outer loop
      vertex -39.4849 24.0151 6.79999
      vertex -49.013 19.55 6.79999
      vertex -48.9587 18.7 6.79999
    endloop
  endfacet
  facet normal 0 0 1
    outer loop
      vertex -49.7725 31.45 6.79999
      vertex -39.4849 26.9849 6.79999
      vertex -39.2343 27.1989 6.79999
    endloop
  endfacet
  facet normal 0 0 1
    outer loop
      vertex -39.4849 24.0151 6.79999
      vertex -49.0672 20.4 6.79999
      vertex -49.013 19.55 6.79999
    endloop
  endfacet
  facet normal 0 0 1
    outer loop
      vertex -39.6989 24.2657 6.79999
      vertex -49.1215 21.25 6.79999
      vertex -49.0672 20.4 6.79999
    endloop
  endfacet
  facet normal 0 0 1
    outer loop
      vertex -49.881 33.15 6.79999
      vertex -39.2343 27.1989 6.79999
      vertex -38.9534 27.3711 6.79999
    endloop
  endfacet
  facet normal 0 0 1
    outer loop
      vertex -39.8711 24.5466 6.79999
      vertex -49.1757 22.1 6.79999
      vertex -49.1215 21.25 6.79999
    endloop
  endfacet
  facet normal 0 0 1
    outer loop
      vertex -39.9972 24.8511 6.79999
      vertex -49.23 22.95 6.79999
      vertex -49.1757 22.1 6.79999
    endloop
  endfacet
  facet normal 0 0 1
    outer loop
      vertex -38.6489 27.4972 6.79999
      vertex -49.9352 34 6.79999
      vertex -38.9534 27.3711 6.79999
    endloop
  endfacet
  facet normal 0 0 1
    outer loop
      vertex -39.9972 24.8511 6.79999
      vertex -49.2842 23.8 6.79999
      vertex -49.23 22.95 6.79999
    endloop
  endfacet
  facet normal 0 0 1
    outer loop
      vertex -40.0741 25.1715 6.79999
      vertex -49.3385 24.65 6.79999
      vertex -49.2842 23.8 6.79999
    endloop
  endfacet
  facet normal 0 0 1
    outer loop
      vertex -40.1 25.5 6.79999
      vertex -49.3927 25.5 6.79999
      vertex -49.3385 24.65 6.79999
    endloop
  endfacet
  facet normal 0 0 1
    outer loop
      vertex -40.0741 25.8285 6.79999
      vertex -49.447 26.35 6.79999
      vertex -49.3927 25.5 6.79999
    endloop
  endfacet
  facet normal 0 0 1
    outer loop
      vertex -39.9972 26.1489 6.79999
      vertex -49.5012 27.2 6.79999
      vertex -49.447 26.35 6.79999
    endloop
  endfacet
  facet normal 0 0 1
    outer loop
      vertex -39.9972 26.1489 6.79999
      vertex -49.5555 28.05 6.79999
      vertex -49.5012 27.2 6.79999
    endloop
  endfacet
  facet normal 0 0 1
    outer loop
      vertex -39.8711 26.4534 6.79999
      vertex -49.6097 28.9 6.79999
      vertex -49.5555 28.05 6.79999
    endloop
  endfacet
  facet normal 0 0 1
    outer loop
      vertex -39.6989 26.7343 6.79999
      vertex -49.664 29.75 6.79999
      vertex -49.6097 28.9 6.79999
    endloop
  endfacet
  facet normal 0 0 1
    outer loop
      vertex -39.4849 26.9849 6.79999
      vertex -49.7182 30.6 6.79999
      vertex -49.664 29.75 6.79999
    endloop
  endfacet
  facet normal 0 0 1
    outer loop
      vertex -39.4849 26.9849 6.79999
      vertex -49.7725 31.45 6.79999
      vertex -49.7182 30.6 6.79999
    endloop
  endfacet
  facet normal 0 0 1
    outer loop
      vertex -39.2343 27.1989 6.79999
      vertex -49.8267 32.3 6.79999
      vertex -49.7725 31.45 6.79999
    endloop
  endfacet
  facet normal 0 0 1
    outer loop
      vertex -39.2343 27.1989 6.79999
      vertex -49.881 33.15 6.79999
      vertex -49.8267 32.3 6.79999
    endloop
  endfacet
  facet normal 0 0 1
    outer loop
      vertex -38.9534 27.3711 6.79999
      vertex -49.9352 34 6.79999
      vertex -49.881 33.15 6.79999
    endloop
  endfacet
  facet normal -0 0 1
    outer loop
      vertex -36.0028 6.85106 6.79999
      vertex -27.855 5.95 6.79999
      vertex -35.9259 7.17149 6.79999
    endloop
  endfacet
  facet normal 0 0 1
    outer loop
      vertex -27.9093 5.1 6.79999
      vertex -36.1289 6.54662 6.79999
      vertex -27.9635 4.25 6.79999
    endloop
  endfacet
  facet normal -0 0 1
    outer loop
      vertex -36.3011 6.26565 6.79999
      vertex -27.9635 4.25 6.79999
      vertex -36.1289 6.54662 6.79999
    endloop
  endfacet
  facet normal -0 0 1
    outer loop
      vertex -36.5151 6.01508 6.79999
      vertex -28.072 2.55 6.79999
      vertex -36.3011 6.26565 6.79999
    endloop
  endfacet
  facet normal 0 0 1
    outer loop
      vertex -28.072 2.55 6.79999
      vertex -36.5151 6.01508 6.79999
      vertex -28.1263 1.7 6.79999
    endloop
  endfacet
  facet normal -0 0 1
    outer loop
      vertex -36.7657 5.80106 6.79999
      vertex -28.1263 1.7 6.79999
      vertex -36.5151 6.01508 6.79999
    endloop
  endfacet
  facet normal 0 0 1
    outer loop
      vertex -28.1805 0.849999 6.79999
      vertex -36.7657 5.80106 6.79999
      vertex -28.2348 0 6.79999
    endloop
  endfacet
  facet normal -0 0 1
    outer loop
      vertex -37.0466 5.62889 6.79999
      vertex -28.2348 0 6.79999
      vertex -36.7657 5.80106 6.79999
    endloop
  endfacet
  facet normal -0 0 1
    outer loop
      vertex -37.3511 5.50278 6.79999
      vertex -28.2348 0 6.79999
      vertex -37.0466 5.62889 6.79999
    endloop
  endfacet
  facet normal -0 0 1
    outer loop
      vertex -37.6715 5.42585 6.79999
      vertex -28.2348 0 6.79999
      vertex -37.3511 5.50278 6.79999
    endloop
  endfacet
  facet normal -0 0 1
    outer loop
      vertex -38 5.4 6.79999
      vertex -28.2348 0 6.79999
      vertex -37.6715 5.42585 6.79999
    endloop
  endfacet
  facet normal 0 0 1
    outer loop
      vertex -47.7652 0 6.79999
      vertex -38 5.4 6.79999
      vertex -38.3285 5.42585 6.79999
    endloop
  endfacet
  facet normal 0 0 1
    outer loop
      vertex -47.7652 0 6.79999
      vertex -38.3285 5.42585 6.79999
      vertex -38.6489 5.50278 6.79999
    endloop
  endfacet
  facet normal 0 0 1
    outer loop
      vertex -47.7652 0 6.79999
      vertex -38.6489 5.50278 6.79999
      vertex -38.9534 5.62889 6.79999
    endloop
  endfacet
  facet normal 0 0 1
    outer loop
      vertex -38 5.4 6.79999
      vertex -47.7652 0 6.79999
      vertex -28.2348 0 6.79999
    endloop
  endfacet
  facet normal 0 0 1
    outer loop
      vertex -39.2343 5.80106 6.79999
      vertex -47.7652 0 6.79999
      vertex -38.9534 5.62889 6.79999
    endloop
  endfacet
  facet normal 0 0 1
    outer loop
      vertex -39.4849 6.01508 6.79999
      vertex -47.7652 0 6.79999
      vertex -39.2343 5.80106 6.79999
    endloop
  endfacet
  facet normal 0 0 1
    outer loop
      vertex -39.6989 6.26565 6.79999
      vertex -47.7652 0 6.79999
      vertex -39.4849 6.01508 6.79999
    endloop
  endfacet
  facet normal 0 0 1
    outer loop
      vertex -39.8711 6.54662 6.79999
      vertex -47.7652 0 6.79999
      vertex -39.6989 6.26565 6.79999
    endloop
  endfacet
  facet normal 0 0 1
    outer loop
      vertex -39.9972 6.85106 6.79999
      vertex -47.7652 0 6.79999
      vertex -39.8711 6.54662 6.79999
    endloop
  endfacet
  facet normal 0 0 1
    outer loop
      vertex -40.0741 7.17149 6.79999
      vertex -47.7652 0 6.79999
      vertex -39.9972 6.85106 6.79999
    endloop
  endfacet
  facet normal 0 0 1
    outer loop
      vertex -47.7652 0 6.79999
      vertex -40.0741 7.17149 6.79999
      vertex -40.1 7.5 6.79999
    endloop
  endfacet
  facet normal -0.976253 -0.0622505 -0.207499
    outer loop
      vertex -49 34 2.4
      vertex -49.881 33.15 6.79999
      vertex -49.9352 34 6.79999
    endloop
  endfacet
  facet normal -0.976723 -0.0574543 -0.206666
    outer loop
      vertex -49 34 2.4
      vertex -48.95 33.15 2.4
      vertex -49.881 33.15 6.79999
    endloop
  endfacet
  facet normal 0.976253 -0.0622505 -0.207499
    outer loop
      vertex -26.0648 34 6.79999
      vertex -26.119 33.15 6.79999
      vertex -27 34 2.4
    endloop
  endfacet
  facet normal 0.976723 -0.0574543 -0.206666
    outer loop
      vertex -27 34 2.4
      vertex -26.119 33.15 6.79999
      vertex -27.05 33.15 2.4
    endloop
  endfacet
  facet normal -0.976434 -0.0623769 -0.206605
    outer loop
      vertex -48.95 33.15 2.4
      vertex -49.8267 32.3 6.79999
      vertex -49.881 33.15 6.79999
    endloop
  endfacet
  facet normal -0.976915 -0.0574656 -0.205752
    outer loop
      vertex -48.95 33.15 2.4
      vertex -48.9 32.3 2.4
      vertex -49.8267 32.3 6.79999
    endloop
  endfacet
  facet normal 0.976434 -0.0623769 -0.206605
    outer loop
      vertex -26.119 33.15 6.79999
      vertex -26.1733 32.3 6.79999
      vertex -27.05 33.15 2.4
    endloop
  endfacet
  facet normal 0.976915 -0.0574656 -0.205752
    outer loop
      vertex -27.05 33.15 2.4
      vertex -26.1733 32.3 6.79999
      vertex -27.1 32.3 2.4
    endloop
  endfacet
  facet normal -0.976633 -0.0622747 -0.205693
    outer loop
      vertex -48.9 32.3 2.4
      vertex -49.7725 31.45 6.79999
      vertex -49.8267 32.3 6.79999
    endloop
  endfacet
  facet normal -0.977102 -0.0574766 -0.204859
    outer loop
      vertex -48.9 32.3 2.4
      vertex -48.85 31.45 2.4
      vertex -49.7725 31.45 6.79999
    endloop
  endfacet
  facet normal 0.976633 -0.0622747 -0.205693
    outer loop
      vertex -26.1733 32.3 6.79999
      vertex -26.2275 31.45 6.79999
      vertex -27.1 32.3 2.4
    endloop
  endfacet
  facet normal 0.977102 -0.0574766 -0.204859
    outer loop
      vertex -27.1 32.3 2.4
      vertex -26.2275 31.45 6.79999
      vertex -27.15 31.45 2.4
    endloop
  endfacet
  facet normal -0.976813 -0.0624011 -0.204798
    outer loop
      vertex -48.85 31.45 2.4
      vertex -49.7182 30.6 6.79999
      vertex -49.7725 31.45 6.79999
    endloop
  endfacet
  facet normal -0.977293 -0.0574878 -0.203944
    outer loop
      vertex -48.85 31.45 2.4
      vertex -48.8 30.6 2.4
      vertex -49.7182 30.6 6.79999
    endloop
  endfacet
  facet normal 0.976813 -0.0624011 -0.204798
    outer loop
      vertex -26.2275 31.45 6.79999
      vertex -26.2818 30.6 6.79999
      vertex -27.15 31.45 2.4
    endloop
  endfacet
  facet normal 0.977293 -0.0574878 -0.203944
    outer loop
      vertex -27.15 31.45 2.4
      vertex -26.2818 30.6 6.79999
      vertex -27.2 30.6 2.4
    endloop
  endfacet
  facet normal -0.977011 -0.0622988 -0.203885
    outer loop
      vertex -48.8 30.6 2.4
      vertex -49.664 29.75 6.79999
      vertex -49.7182 30.6 6.79999
    endloop
  endfacet
  facet normal -0.977479 -0.0574988 -0.203049
    outer loop
      vertex -48.8 30.6 2.4
      vertex -48.75 29.75 2.4
      vertex -49.664 29.75 6.79999
    endloop
  endfacet
  facet normal 0.977011 -0.0622988 -0.203885
    outer loop
      vertex -26.2818 30.6 6.79999
      vertex -26.336 29.75 6.79999
      vertex -27.2 30.6 2.4
    endloop
  endfacet
  facet normal 0.977479 -0.0574988 -0.203049
    outer loop
      vertex -27.2 30.6 2.4
      vertex -26.336 29.75 6.79999
      vertex -27.25 29.75 2.4
    endloop
  endfacet
  facet normal -0.977189 -0.0624251 -0.202989
    outer loop
      vertex -48.75 29.75 2.4
      vertex -49.6097 28.9 6.79999
      vertex -49.664 29.75 6.79999
    endloop
  endfacet
  facet normal -0.977668 -0.0575099 -0.202133
    outer loop
      vertex -48.75 29.75 2.4
      vertex -48.7 28.9 2.4
      vertex -49.6097 28.9 6.79999
    endloop
  endfacet
  facet normal 0.977189 -0.0624251 -0.202989
    outer loop
      vertex -26.336 29.75 6.79999
      vertex -26.3903 28.9 6.79999
      vertex -27.25 29.75 2.4
    endloop
  endfacet
  facet normal 0.977668 -0.0575099 -0.202133
    outer loop
      vertex -27.25 29.75 2.4
      vertex -26.3903 28.9 6.79999
      vertex -27.3 28.9 2.4
    endloop
  endfacet
  facet normal -0.977385 -0.0623227 -0.202075
    outer loop
      vertex -48.7 28.9 2.4
      vertex -49.5555 28.05 6.79999
      vertex -49.6097 28.9 6.79999
    endloop
  endfacet
  facet normal -0.977852 -0.0575207 -0.201238
    outer loop
      vertex -48.7 28.9 2.4
      vertex -48.65 28.05 2.4
      vertex -49.5555 28.05 6.79999
    endloop
  endfacet
  facet normal 0.977385 -0.0623227 -0.202075
    outer loop
      vertex -26.3903 28.9 6.79999
      vertex -26.4445 28.05 6.79999
      vertex -27.3 28.9 2.4
    endloop
  endfacet
  facet normal 0.977852 -0.0575207 -0.201238
    outer loop
      vertex -27.3 28.9 2.4
      vertex -26.4445 28.05 6.79999
      vertex -27.35 28.05 2.4
    endloop
  endfacet
  facet normal -0.977562 -0.062449 -0.201178
    outer loop
      vertex -48.65 28.05 2.4
      vertex -49.5012 27.2 6.79999
      vertex -49.5555 28.05 6.79999
    endloop
  endfacet
  facet normal -0.97804 -0.0575317 -0.200321
    outer loop
      vertex -48.65 28.05 2.4
      vertex -48.6 27.2 2.4
      vertex -49.5012 27.2 6.79999
    endloop
  endfacet
  facet normal 0.977562 -0.062449 -0.201178
    outer loop
      vertex -26.4445 28.05 6.79999
      vertex -26.4988 27.2 6.79999
      vertex -27.35 28.05 2.4
    endloop
  endfacet
  facet normal 0.97804 -0.0575317 -0.200321
    outer loop
      vertex -27.35 28.05 2.4
      vertex -26.4988 27.2 6.79999
      vertex -27.4 27.2 2.4
    endloop
  endfacet
  facet normal -0.977756 -0.0623464 -0.200263
    outer loop
      vertex -48.6 27.2 2.4
      vertex -49.447 26.35 6.79999
      vertex -49.5012 27.2 6.79999
    endloop
  endfacet
  facet normal -0.978222 -0.0575425 -0.199424
    outer loop
      vertex -48.6 27.2 2.4
      vertex -48.55 26.35 2.4
      vertex -49.447 26.35 6.79999
    endloop
  endfacet
  facet normal 0.977756 -0.0623464 -0.200263
    outer loop
      vertex -26.4988 27.2 6.79999
      vertex -26.553 26.35 6.79999
      vertex -27.4 27.2 2.4
    endloop
  endfacet
  facet normal 0.978222 -0.0575425 -0.199424
    outer loop
      vertex -27.4 27.2 2.4
      vertex -26.553 26.35 6.79999
      vertex -27.45 26.35 2.4
    endloop
  endfacet
  facet normal -0.977932 -0.0624726 -0.199365
    outer loop
      vertex -48.55 26.35 2.4
      vertex -49.3927 25.5 6.79999
      vertex -49.447 26.35 6.79999
    endloop
  endfacet
  facet normal -0.978408 -0.0575534 -0.198506
    outer loop
      vertex -48.55 26.35 2.4
      vertex -48.5 25.5 2.4
      vertex -49.3927 25.5 6.79999
    endloop
  endfacet
  facet normal 0.977932 -0.0624726 -0.199365
    outer loop
      vertex -26.553 26.35 6.79999
      vertex -26.6073 25.5 6.79999
      vertex -27.45 26.35 2.4
    endloop
  endfacet
  facet normal 0.978408 -0.0575534 -0.198506
    outer loop
      vertex -27.45 26.35 2.4
      vertex -26.6073 25.5 6.79999
      vertex -27.5 25.5 2.4
    endloop
  endfacet
  facet normal -0.978125 -0.0623698 -0.198449
    outer loop
      vertex -48.5 25.5 2.4
      vertex -49.3385 24.65 6.79999
      vertex -49.3927 25.5 6.79999
    endloop
  endfacet
  facet normal -0.978589 -0.0575641 -0.197609
    outer loop
      vertex -48.5 25.5 2.4
      vertex -48.45 24.65 2.4
      vertex -49.3385 24.65 6.79999
    endloop
  endfacet
  facet normal 0.978125 -0.0623698 -0.198449
    outer loop
      vertex -26.6073 25.5 6.79999
      vertex -26.6615 24.65 6.79999
      vertex -27.5 25.5 2.4
    endloop
  endfacet
  facet normal 0.978589 -0.0575641 -0.197609
    outer loop
      vertex -27.5 25.5 2.4
      vertex -26.6615 24.65 6.79999
      vertex -27.55 24.65 2.4
    endloop
  endfacet
  facet normal -0.978299 -0.062496 -0.19755
    outer loop
      vertex -48.45 24.65 2.4
      vertex -49.2842 23.8 6.79999
      vertex -49.3385 24.65 6.79999
    endloop
  endfacet
  facet normal -0.978774 -0.0575749 -0.19669
    outer loop
      vertex -48.45 24.65 2.4
      vertex -48.4 23.8 2.4
      vertex -49.2842 23.8 6.79999
    endloop
  endfacet
  facet normal 0.978299 -0.062496 -0.19755
    outer loop
      vertex -26.6615 24.65 6.79999
      vertex -26.7158 23.8 6.79999
      vertex -27.55 24.65 2.4
    endloop
  endfacet
  facet normal 0.978774 -0.0575749 -0.19669
    outer loop
      vertex -27.55 24.65 2.4
      vertex -26.7158 23.8 6.79999
      vertex -27.6 23.8 2.4
    endloop
  endfacet
  facet normal -0.97849 -0.0623931 -0.196632
    outer loop
      vertex -48.4 23.8 2.4
      vertex -49.23 22.95 6.79999
      vertex -49.2842 23.8 6.79999
    endloop
  endfacet
  facet normal -0.978953 -0.0575855 -0.195791
    outer loop
      vertex -48.4 23.8 2.4
      vertex -48.35 22.95 2.4
      vertex -49.23 22.95 6.79999
    endloop
  endfacet
  facet normal 0.97849 -0.0623931 -0.196632
    outer loop
      vertex -26.7158 23.8 6.79999
      vertex -26.77 22.95 6.79999
      vertex -27.6 23.8 2.4
    endloop
  endfacet
  facet normal 0.978953 -0.0575855 -0.195791
    outer loop
      vertex -27.6 23.8 2.4
      vertex -26.77 22.95 6.79999
      vertex -27.65 22.95 2.4
    endloop
  endfacet
  facet normal -0.978662 -0.0625193 -0.195733
    outer loop
      vertex -48.35 22.95 2.4
      vertex -49.1757 22.1 6.79999
      vertex -49.23 22.95 6.79999
    endloop
  endfacet
  facet normal -0.979136 -0.0575963 -0.194871
    outer loop
      vertex -48.35 22.95 2.4
      vertex -48.3 22.1 2.4
      vertex -49.1757 22.1 6.79999
    endloop
  endfacet
  facet normal 0.978662 -0.0625193 -0.195733
    outer loop
      vertex -26.77 22.95 6.79999
      vertex -26.8243 22.1 6.79999
      vertex -27.65 22.95 2.4
    endloop
  endfacet
  facet normal 0.979136 -0.0575963 -0.194871
    outer loop
      vertex -27.65 22.95 2.4
      vertex -26.8243 22.1 6.79999
      vertex -27.7 22.1 2.4
    endloop
  endfacet
  facet normal -0.978852 -0.0624162 -0.194814
    outer loop
      vertex -48.3 22.1 2.4
      vertex -49.1215 21.25 6.79999
      vertex -49.1757 22.1 6.79999
    endloop
  endfacet
  facet normal -0.979314 -0.0576067 -0.193971
    outer loop
      vertex -48.3 22.1 2.4
      vertex -48.25 21.25 2.4
      vertex -49.1215 21.25 6.79999
    endloop
  endfacet
  facet normal 0.978852 -0.0624162 -0.194814
    outer loop
      vertex -26.8243 22.1 6.79999
      vertex -26.8785 21.25 6.79999
      vertex -27.7 22.1 2.4
    endloop
  endfacet
  facet normal 0.979314 -0.0576067 -0.193971
    outer loop
      vertex -27.7 22.1 2.4
      vertex -26.8785 21.25 6.79999
      vertex -27.75 21.25 2.4
    endloop
  endfacet
  facet normal -0.979023 -0.0625423 -0.193914
    outer loop
      vertex -48.25 21.25 2.4
      vertex -49.0672 20.4 6.79999
      vertex -49.1215 21.25 6.79999
    endloop
  endfacet
  facet normal -0.979496 -0.0576174 -0.19305
    outer loop
      vertex -48.25 21.25 2.4
      vertex -48.2 20.4 2.4
      vertex -49.0672 20.4 6.79999
    endloop
  endfacet
  facet normal 0.979023 -0.0625423 -0.193914
    outer loop
      vertex -26.8785 21.25 6.79999
      vertex -26.9328 20.4 6.79999
      vertex -27.75 21.25 2.4
    endloop
  endfacet
  facet normal 0.979496 -0.0576174 -0.19305
    outer loop
      vertex -27.75 21.25 2.4
      vertex -26.9328 20.4 6.79999
      vertex -27.8 20.4 2.4
    endloop
  endfacet
  facet normal -0.979211 -0.0624391 -0.192994
    outer loop
      vertex -48.2 20.4 2.4
      vertex -49.013 19.55 6.79999
      vertex -49.0672 20.4 6.79999
    endloop
  endfacet
  facet normal -0.979672 -0.0576278 -0.19215
    outer loop
      vertex -48.2 20.4 2.4
      vertex -48.15 19.55 2.4
      vertex -49.013 19.55 6.79999
    endloop
  endfacet
  facet normal 0.979211 -0.0624391 -0.192994
    outer loop
      vertex -26.9328 20.4 6.79999
      vertex -26.987 19.55 6.79999
      vertex -27.8 20.4 2.4
    endloop
  endfacet
  facet normal 0.979672 -0.0576278 -0.19215
    outer loop
      vertex -27.8 20.4 2.4
      vertex -26.987 19.55 6.79999
      vertex -27.85 19.55 2.4
    endloop
  endfacet
  facet normal -0.97938 -0.0625651 -0.192093
    outer loop
      vertex -48.15 19.55 2.4
      vertex -48.9587 18.7 6.79999
      vertex -49.013 19.55 6.79999
    endloop
  endfacet
  facet normal -0.979852 -0.0576384 -0.191227
    outer loop
      vertex -48.15 19.55 2.4
      vertex -48.1 18.7 2.4
      vertex -48.9587 18.7 6.79999
    endloop
  endfacet
  facet normal 0.97938 -0.0625651 -0.192093
    outer loop
      vertex -26.987 19.55 6.79999
      vertex -27.0413 18.7 6.79999
      vertex -27.85 19.55 2.4
    endloop
  endfacet
  facet normal 0.979852 -0.0576384 -0.191227
    outer loop
      vertex -27.85 19.55 2.4
      vertex -27.0413 18.7 6.79999
      vertex -27.9 18.7 2.4
    endloop
  endfacet
  facet normal -0.979567 -0.0624618 -0.191172
    outer loop
      vertex -48.1 18.7 2.4
      vertex -48.9045 17.85 6.79999
      vertex -48.9587 18.7 6.79999
    endloop
  endfacet
  facet normal -0.980027 -0.0576486 -0.190326
    outer loop
      vertex -48.1 18.7 2.4
      vertex -48.05 17.85 2.4
      vertex -48.9045 17.85 6.79999
    endloop
  endfacet
  facet normal 0.979567 -0.0624618 -0.191172
    outer loop
      vertex -27.0413 18.7 6.79999
      vertex -27.0955 17.85 6.79999
      vertex -27.9 18.7 2.4
    endloop
  endfacet
  facet normal 0.980027 -0.0576486 -0.190326
    outer loop
      vertex -27.9 18.7 2.4
      vertex -27.0955 17.85 6.79999
      vertex -27.95 17.85 2.4
    endloop
  endfacet
  facet normal -0.979735 -0.0625878 -0.190269
    outer loop
      vertex -48.05 17.85 2.4
      vertex -48.8502 17 6.79999
      vertex -48.9045 17.85 6.79999
    endloop
  endfacet
  facet normal -0.980205 -0.0576591 -0.189403
    outer loop
      vertex -48.05 17.85 2.4
      vertex -48 17 2.4
      vertex -48.8502 17 6.79999
    endloop
  endfacet
  facet normal 0.979735 -0.0625878 -0.190269
    outer loop
      vertex -27.0955 17.85 6.79999
      vertex -27.1498 17 6.79999
      vertex -27.95 17.85 2.4
    endloop
  endfacet
  facet normal 0.980205 -0.0576591 -0.189403
    outer loop
      vertex -27.95 17.85 2.4
      vertex -27.1498 17 6.79999
      vertex -28 17 2.4
    endloop
  endfacet
  facet normal -0.97992 -0.0624843 -0.189348
    outer loop
      vertex -48 17 2.4
      vertex -48.796 16.15 6.79999
      vertex -48.8502 17 6.79999
    endloop
  endfacet
  facet normal -0.980378 -0.0576693 -0.1885
    outer loop
      vertex -48 17 2.4
      vertex -47.95 16.15 2.4
      vertex -48.796 16.15 6.79999
    endloop
  endfacet
  facet normal 0.97992 -0.0624843 -0.189348
    outer loop
      vertex -27.1498 17 6.79999
      vertex -27.204 16.15 6.79999
      vertex -28 17 2.4
    endloop
  endfacet
  facet normal 0.980378 -0.0576693 -0.1885
    outer loop
      vertex -28 17 2.4
      vertex -27.204 16.15 6.79999
      vertex -28.05 16.15 2.4
    endloop
  endfacet
  facet normal -0.980086 -0.0626102 -0.188444
    outer loop
      vertex -47.95 16.15 2.4
      vertex -48.7417 15.3 6.79999
      vertex -48.796 16.15 6.79999
    endloop
  endfacet
  facet normal -0.980555 -0.0576797 -0.187576
    outer loop
      vertex -47.95 16.15 2.4
      vertex -47.9 15.3 2.4
      vertex -48.7417 15.3 6.79999
    endloop
  endfacet
  facet normal 0.980086 -0.0626102 -0.188444
    outer loop
      vertex -27.204 16.15 6.79999
      vertex -27.2583 15.3 6.79999
      vertex -28.05 16.15 2.4
    endloop
  endfacet
  facet normal 0.980555 -0.0576797 -0.187576
    outer loop
      vertex -28.05 16.15 2.4
      vertex -27.2583 15.3 6.79999
      vertex -28.1 15.3 2.4
    endloop
  endfacet
  facet normal -0.98027 -0.0625066 -0.187522
    outer loop
      vertex -47.9 15.3 2.4
      vertex -48.6875 14.45 6.79999
      vertex -48.7417 15.3 6.79999
    endloop
  endfacet
  facet normal -0.980727 -0.0576898 -0.186673
    outer loop
      vertex -47.9 15.3 2.4
      vertex -47.85 14.45 2.4
      vertex -48.6875 14.45 6.79999
    endloop
  endfacet
  facet normal 0.98027 -0.0625066 -0.187522
    outer loop
      vertex -27.2583 15.3 6.79999
      vertex -27.3125 14.45 6.79999
      vertex -28.1 15.3 2.4
    endloop
  endfacet
  facet normal 0.980727 -0.0576898 -0.186673
    outer loop
      vertex -28.1 15.3 2.4
      vertex -27.3125 14.45 6.79999
      vertex -28.15 14.45 2.4
    endloop
  endfacet
  facet normal -0.980434 -0.0626324 -0.186617
    outer loop
      vertex -47.85 14.45 2.4
      vertex -48.6332 13.6 6.79999
      vertex -48.6875 14.45 6.79999
    endloop
  endfacet
  facet normal -0.980902 -0.0577001 -0.185748
    outer loop
      vertex -47.85 14.45 2.4
      vertex -47.8 13.6 2.4
      vertex -48.6332 13.6 6.79999
    endloop
  endfacet
  facet normal 0.980434 -0.0626324 -0.186617
    outer loop
      vertex -27.3125 14.45 6.79999
      vertex -27.3668 13.6 6.79999
      vertex -28.15 14.45 2.4
    endloop
  endfacet
  facet normal 0.980902 -0.0577001 -0.185748
    outer loop
      vertex -28.15 14.45 2.4
      vertex -27.3668 13.6 6.79999
      vertex -28.2 13.6 2.4
    endloop
  endfacet
  facet normal -0.980616 -0.0625287 -0.185693
    outer loop
      vertex -47.8 13.6 2.4
      vertex -48.579 12.75 6.79999
      vertex -48.6332 13.6 6.79999
    endloop
  endfacet
  facet normal -0.981072 -0.0577101 -0.184843
    outer loop
      vertex -47.8 13.6 2.4
      vertex -47.75 12.75 2.4
      vertex -48.579 12.75 6.79999
    endloop
  endfacet
  facet normal 0.980616 -0.0625287 -0.185693
    outer loop
      vertex -27.3668 13.6 6.79999
      vertex -27.421 12.75 6.79999
      vertex -28.2 13.6 2.4
    endloop
  endfacet
  facet normal 0.981072 -0.0577101 -0.184843
    outer loop
      vertex -28.2 13.6 2.4
      vertex -27.421 12.75 6.79999
      vertex -28.25 12.75 2.4
    endloop
  endfacet
  facet normal -0.980779 -0.0626545 -0.184788
    outer loop
      vertex -47.75 12.75 2.4
      vertex -48.5247 11.9 6.79999
      vertex -48.579 12.75 6.79999
    endloop
  endfacet
  facet normal -0.981246 -0.0577203 -0.183917
    outer loop
      vertex -47.75 12.75 2.4
      vertex -47.7 11.9 2.4
      vertex -48.5247 11.9 6.79999
    endloop
  endfacet
  facet normal 0.980779 -0.0626545 -0.184788
    outer loop
      vertex -27.421 12.75 6.79999
      vertex -27.4753 11.9 6.79999
      vertex -28.25 12.75 2.4
    endloop
  endfacet
  facet normal 0.981246 -0.0577203 -0.183917
    outer loop
      vertex -28.25 12.75 2.4
      vertex -27.4753 11.9 6.79999
      vertex -28.3 11.9 2.4
    endloop
  endfacet
  facet normal -0.98096 -0.0625506 -0.183863
    outer loop
      vertex -47.7 11.9 2.4
      vertex -48.4705 11.05 6.79999
      vertex -48.5247 11.9 6.79999
    endloop
  endfacet
  facet normal -0.981414 -0.0577302 -0.183012
    outer loop
      vertex -47.7 11.9 2.4
      vertex -47.65 11.05 2.4
      vertex -48.4705 11.05 6.79999
    endloop
  endfacet
  facet normal 0.98096 -0.0625506 -0.183863
    outer loop
      vertex -27.4753 11.9 6.79999
      vertex -27.5295 11.05 6.79999
      vertex -28.3 11.9 2.4
    endloop
  endfacet
  facet normal 0.981414 -0.0577302 -0.183012
    outer loop
      vertex -28.3 11.9 2.4
      vertex -27.5295 11.05 6.79999
      vertex -28.35 11.05 2.4
    endloop
  endfacet
  facet normal -0.981121 -0.0626763 -0.182957
    outer loop
      vertex -47.65 11.05 2.4
      vertex -48.4162 10.2 6.79999
      vertex -48.4705 11.05 6.79999
    endloop
  endfacet
  facet normal -0.981586 -0.0577404 -0.182085
    outer loop
      vertex -47.65 11.05 2.4
      vertex -47.6 10.2 2.4
      vertex -48.4162 10.2 6.79999
    endloop
  endfacet
  facet normal 0.981121 -0.0626763 -0.182957
    outer loop
      vertex -27.5295 11.05 6.79999
      vertex -27.5838 10.2 6.79999
      vertex -28.35 11.05 2.4
    endloop
  endfacet
  facet normal 0.981586 -0.0577404 -0.182085
    outer loop
      vertex -28.35 11.05 2.4
      vertex -27.5838 10.2 6.79999
      vertex -28.4 10.2 2.4
    endloop
  endfacet
  facet normal -0.9813 -0.0625723 -0.182032
    outer loop
      vertex -47.6 10.2 2.4
      vertex -48.362 9.35 6.79999
      vertex -48.4162 10.2 6.79999
    endloop
  endfacet
  facet normal -0.981753 -0.0577502 -0.181178
    outer loop
      vertex -47.6 10.2 2.4
      vertex -47.55 9.35 2.4
      vertex -48.362 9.35 6.79999
    endloop
  endfacet
  facet normal 0.9813 -0.0625723 -0.182032
    outer loop
      vertex -27.5838 10.2 6.79999
      vertex -27.638 9.35 6.79999
      vertex -28.4 10.2 2.4
    endloop
  endfacet
  facet normal 0.981753 -0.0577502 -0.181178
    outer loop
      vertex -28.4 10.2 2.4
      vertex -27.638 9.35 6.79999
      vertex -28.45 9.35 2.4
    endloop
  endfacet
  facet normal -0.98146 -0.0626979 -0.181124
    outer loop
      vertex -47.55 9.35 2.4
      vertex -48.3077 8.5 6.79999
      vertex -48.362 9.35 6.79999
    endloop
  endfacet
  facet normal -0.981923 -0.0577602 -0.18025
    outer loop
      vertex -47.55 9.35 2.4
      vertex -47.5 8.5 2.4
      vertex -48.3077 8.5 6.79999
    endloop
  endfacet
  facet normal 0.98146 -0.0626979 -0.181124
    outer loop
      vertex -27.638 9.35 6.79999
      vertex -27.6923 8.5 6.79999
      vertex -28.45 9.35 2.4
    endloop
  endfacet
  facet normal 0.981923 -0.0577602 -0.18025
    outer loop
      vertex -28.45 9.35 2.4
      vertex -27.6923 8.5 6.79999
      vertex -28.5 8.5 2.4
    endloop
  endfacet
  facet normal -0.981637 -0.0625938 -0.180198
    outer loop
      vertex -47.5 8.5 2.4
      vertex -48.2535 7.65 6.79999
      vertex -48.3077 8.5 6.79999
    endloop
  endfacet
  facet normal -0.982089 -0.0577699 -0.179343
    outer loop
      vertex -47.5 8.5 2.4
      vertex -47.45 7.65 2.4
      vertex -48.2535 7.65 6.79999
    endloop
  endfacet
  facet normal 0.981637 -0.0625938 -0.180198
    outer loop
      vertex -27.6923 8.5 6.79999
      vertex -27.7465 7.65 6.79999
      vertex -28.5 8.5 2.4
    endloop
  endfacet
  facet normal 0.982089 -0.0577699 -0.179343
    outer loop
      vertex -28.5 8.5 2.4
      vertex -27.7465 7.65 6.79999
      vertex -28.55 7.65 2.4
    endloop
  endfacet
  facet normal -0.981795 -0.0627194 -0.17929
    outer loop
      vertex -47.45 7.65 2.4
      vertex -48.1992 6.8 6.79999
      vertex -48.2535 7.65 6.79999
    endloop
  endfacet
  facet normal -0.982258 -0.0577799 -0.178414
    outer loop
      vertex -47.45 7.65 2.4
      vertex -47.4 6.8 2.4
      vertex -48.1992 6.8 6.79999
    endloop
  endfacet
  facet normal 0.981795 -0.0627194 -0.17929
    outer loop
      vertex -27.7465 7.65 6.79999
      vertex -27.8008 6.8 6.79999
      vertex -28.55 7.65 2.4
    endloop
  endfacet
  facet normal 0.982258 -0.0577799 -0.178414
    outer loop
      vertex -28.55 7.65 2.4
      vertex -27.8008 6.8 6.79999
      vertex -28.6 6.8 2.4
    endloop
  endfacet
  facet normal -0.981971 -0.0626151 -0.178362
    outer loop
      vertex -47.4 6.8 2.4
      vertex -48.145 5.95 6.79999
      vertex -48.1992 6.8 6.79999
    endloop
  endfacet
  facet normal -0.982421 -0.0577895 -0.177506
    outer loop
      vertex -47.4 6.8 2.4
      vertex -47.35 5.95 2.4
      vertex -48.145 5.95 6.79999
    endloop
  endfacet
  facet normal 0.981971 -0.0626151 -0.178362
    outer loop
      vertex -27.8008 6.8 6.79999
      vertex -27.855 5.95 6.79999
      vertex -28.6 6.8 2.4
    endloop
  endfacet
  facet normal 0.982421 -0.0577895 -0.177506
    outer loop
      vertex -28.6 6.8 2.4
      vertex -27.855 5.95 6.79999
      vertex -28.65 5.95 2.4
    endloop
  endfacet
  facet normal -0.982127 -0.0627406 -0.177453
    outer loop
      vertex -47.35 5.95 2.4
      vertex -48.0907 5.1 6.79999
      vertex -48.145 5.95 6.79999
    endloop
  endfacet
  facet normal -0.982588 -0.0577993 -0.176576
    outer loop
      vertex -47.35 5.95 2.4
      vertex -47.3 5.1 2.4
      vertex -48.0907 5.1 6.79999
    endloop
  endfacet
  facet normal 0.982127 -0.0627406 -0.177453
    outer loop
      vertex -27.855 5.95 6.79999
      vertex -27.9093 5.1 6.79999
      vertex -28.65 5.95 2.4
    endloop
  endfacet
  facet normal 0.982588 -0.0577993 -0.176576
    outer loop
      vertex -28.65 5.95 2.4
      vertex -27.9093 5.1 6.79999
      vertex -28.7 5.1 2.4
    endloop
  endfacet
  facet normal -0.982301 -0.0626362 -0.176524
    outer loop
      vertex -47.3 5.1 2.4
      vertex -48.0365 4.25 6.79999
      vertex -48.0907 5.1 6.79999
    endloop
  endfacet
  facet normal -0.982751 -0.0578089 -0.175667
    outer loop
      vertex -47.3 5.1 2.4
      vertex -47.25 4.25 2.4
      vertex -48.0365 4.25 6.79999
    endloop
  endfacet
  facet normal 0.982301 -0.0626362 -0.176524
    outer loop
      vertex -27.9093 5.1 6.79999
      vertex -27.9635 4.25 6.79999
      vertex -28.7 5.1 2.4
    endloop
  endfacet
  facet normal 0.982751 -0.0578089 -0.175667
    outer loop
      vertex -28.7 5.1 2.4
      vertex -27.9635 4.25 6.79999
      vertex -28.75 4.25 2.4
    endloop
  endfacet
  facet normal -0.982456 -0.0627616 -0.175614
    outer loop
      vertex -47.25 4.25 2.4
      vertex -47.9822 3.4 6.79999
      vertex -48.0365 4.25 6.79999
    endloop
  endfacet
  facet normal -0.982916 -0.0578186 -0.174736
    outer loop
      vertex -47.25 4.25 2.4
      vertex -47.2 3.4 2.4
      vertex -47.9822 3.4 6.79999
    endloop
  endfacet
  facet normal 0.982456 -0.0627616 -0.175614
    outer loop
      vertex -27.9635 4.25 6.79999
      vertex -28.0178 3.4 6.79999
      vertex -28.75 4.25 2.4
    endloop
  endfacet
  facet normal 0.982916 -0.0578186 -0.174736
    outer loop
      vertex -28.75 4.25 2.4
      vertex -28.0178 3.4 6.79999
      vertex -28.8 3.4 2.4
    endloop
  endfacet
  facet normal -0.982629 -0.062657 -0.174685
    outer loop
      vertex -47.2 3.4 2.4
      vertex -47.928 2.55 6.79999
      vertex -47.9822 3.4 6.79999
    endloop
  endfacet
  facet normal -0.983077 -0.0578281 -0.173826
    outer loop
      vertex -47.2 3.4 2.4
      vertex -47.15 2.55 2.4
      vertex -47.928 2.55 6.79999
    endloop
  endfacet
  facet normal 0.982629 -0.062657 -0.174685
    outer loop
      vertex -28.0178 3.4 6.79999
      vertex -28.072 2.55 6.79999
      vertex -28.8 3.4 2.4
    endloop
  endfacet
  facet normal 0.983077 -0.0578281 -0.173826
    outer loop
      vertex -28.8 3.4 2.4
      vertex -28.072 2.55 6.79999
      vertex -28.85 2.55 2.4
    endloop
  endfacet
  facet normal -0.982782 -0.0627824 -0.173774
    outer loop
      vertex -47.15 2.55 2.4
      vertex -47.8737 1.7 6.79999
      vertex -47.928 2.55 6.79999
    endloop
  endfacet
  facet normal -0.983241 -0.0578377 -0.172894
    outer loop
      vertex -47.15 2.55 2.4
      vertex -47.1 1.7 2.4
      vertex -47.8737 1.7 6.79999
    endloop
  endfacet
  facet normal 0.982782 -0.0627824 -0.173774
    outer loop
      vertex -28.072 2.55 6.79999
      vertex -28.1263 1.7 6.79999
      vertex -28.85 2.55 2.4
    endloop
  endfacet
  facet normal 0.983241 -0.0578377 -0.172894
    outer loop
      vertex -28.85 2.55 2.4
      vertex -28.1263 1.7 6.79999
      vertex -28.9 1.7 2.4
    endloop
  endfacet
  facet normal -0.982953 -0.0626776 -0.172844
    outer loop
      vertex -47.1 1.7 2.4
      vertex -47.8195 0.849999 6.79999
      vertex -47.8737 1.7 6.79999
    endloop
  endfacet
  facet normal -0.9834 -0.057847 -0.171984
    outer loop
      vertex -47.1 1.7 2.4
      vertex -47.05 0.849999 2.4
      vertex -47.8195 0.849999 6.79999
    endloop
  endfacet
  facet normal 0.982953 -0.0626776 -0.172844
    outer loop
      vertex -28.1263 1.7 6.79999
      vertex -28.1805 0.849999 6.79999
      vertex -28.9 1.7 2.4
    endloop
  endfacet
  facet normal 0.9834 -0.057847 -0.171984
    outer loop
      vertex -28.9 1.7 2.4
      vertex -28.1805 0.849999 6.79999
      vertex -28.95 0.849999 2.4
    endloop
  endfacet
  facet normal -0.983105 -0.0628031 -0.171932
    outer loop
      vertex -47.05 0.849999 2.4
      vertex -47.7652 0 6.79999
      vertex -47.8195 0.849999 6.79999
    endloop
  endfacet
  facet normal -0.983562 -0.0578567 -0.171051
    outer loop
      vertex -47.05 0.849999 2.4
      vertex -47 0 2.4
      vertex -47.7652 0 6.79999
    endloop
  endfacet
  facet normal 0.983105 -0.0628031 -0.171932
    outer loop
      vertex -28.1805 0.849999 6.79999
      vertex -28.2348 0 6.79999
      vertex -28.95 0.849999 2.4
    endloop
  endfacet
  facet normal 0.983562 -0.0578567 -0.171051
    outer loop
      vertex -28.95 0.849999 2.4
      vertex -28.2348 0 6.79999
      vertex -29 0 2.4
    endloop
  endfacet
  facet normal 0 0 1
    outer loop
      vertex 49.013 19.55 6.79999
      vertex 39.4849 24.0151 6.79999
      vertex 48.9587 18.7 6.79999
    endloop
  endfacet
  facet normal 0 0 1
    outer loop
      vertex 48.796 16.15 6.79999
      vertex 40.0741 7.82851 6.79999
      vertex 40.1 7.5 6.79999
    endloop
  endfacet
  facet normal -0 0 1
    outer loop
      vertex 39.2343 23.8011 6.79999
      vertex 48.9587 18.7 6.79999
      vertex 39.4849 24.0151 6.79999
    endloop
  endfacet
  facet normal 0 0 1
    outer loop
      vertex 48.796 16.15 6.79999
      vertex 39.9972 8.14894 6.79999
      vertex 40.0741 7.82851 6.79999
    endloop
  endfacet
  facet normal 0 0 1
    outer loop
      vertex 48.9587 18.7 6.79999
      vertex 39.2343 23.8011 6.79999
      vertex 48.9045 17.85 6.79999
    endloop
  endfacet
  facet normal 0 0 1
    outer loop
      vertex 48.796 16.15 6.79999
      vertex 39.8711 8.45338 6.79999
      vertex 39.9972 8.14894 6.79999
    endloop
  endfacet
  facet normal -0 0 1
    outer loop
      vertex 38.9534 23.6289 6.79999
      vertex 48.9045 17.85 6.79999
      vertex 39.2343 23.8011 6.79999
    endloop
  endfacet
  facet normal 0 0 1
    outer loop
      vertex 48.796 16.15 6.79999
      vertex 39.6989 8.73435 6.79999
      vertex 39.8711 8.45338 6.79999
    endloop
  endfacet
  facet normal 0 0 1
    outer loop
      vertex 48.9045 17.85 6.79999
      vertex 38.9534 23.6289 6.79999
      vertex 48.8502 17 6.79999
    endloop
  endfacet
  facet normal 0 0 1
    outer loop
      vertex 48.796 16.15 6.79999
      vertex 39.4849 8.98492 6.79999
      vertex 39.6989 8.73435 6.79999
    endloop
  endfacet
  facet normal 0 0 1
    outer loop
      vertex 48.8502 17 6.79999
      vertex 38.9534 23.6289 6.79999
      vertex 48.796 16.15 6.79999
    endloop
  endfacet
  facet normal 0 0 1
    outer loop
      vertex 48.796 16.15 6.79999
      vertex 39.2343 9.19894 6.79999
      vertex 39.4849 8.98492 6.79999
    endloop
  endfacet
  facet normal -0 0 1
    outer loop
      vertex 38.6489 23.5028 6.79999
      vertex 48.796 16.15 6.79999
      vertex 38.9534 23.6289 6.79999
    endloop
  endfacet
  facet normal 0 0 1
    outer loop
      vertex 48.796 16.15 6.79999
      vertex 38.9534 9.37111 6.79999
      vertex 39.2343 9.19894 6.79999
    endloop
  endfacet
  facet normal 0 0 1
    outer loop
      vertex 38.6489 9.49722 6.79999
      vertex 48.796 16.15 6.79999
      vertex 38.6489 23.5028 6.79999
    endloop
  endfacet
  facet normal 0 0 1
    outer loop
      vertex 48.796 16.15 6.79999
      vertex 38.6489 9.49722 6.79999
      vertex 38.9534 9.37111 6.79999
    endloop
  endfacet
  facet normal -0 0 1
    outer loop
      vertex 38.3285 23.4259 6.79999
      vertex 38.6489 9.49722 6.79999
      vertex 38.6489 23.5028 6.79999
    endloop
  endfacet
  facet normal 0 0 1
    outer loop
      vertex 38.3285 23.4259 6.79999
      vertex 38.3285 9.57415 6.79999
      vertex 38.6489 9.49722 6.79999
    endloop
  endfacet
  facet normal -0 0 1
    outer loop
      vertex 38 23.4 6.79999
      vertex 38.3285 9.57415 6.79999
      vertex 38.3285 23.4259 6.79999
    endloop
  endfacet
  facet normal 0 0 1
    outer loop
      vertex 38 23.4 6.79999
      vertex 38 9.6 6.79999
      vertex 38.3285 9.57415 6.79999
    endloop
  endfacet
  facet normal 0 0 1
    outer loop
      vertex 37.6715 23.4259 6.79999
      vertex 38 9.6 6.79999
      vertex 38 23.4 6.79999
    endloop
  endfacet
  facet normal 0 0 1
    outer loop
      vertex 37.6715 23.4259 6.79999
      vertex 37.6715 9.57415 6.79999
      vertex 38 9.6 6.79999
    endloop
  endfacet
  facet normal 0 0 1
    outer loop
      vertex 37.3511 23.5028 6.79999
      vertex 37.6715 9.57415 6.79999
      vertex 37.6715 23.4259 6.79999
    endloop
  endfacet
  facet normal 0 0 1
    outer loop
      vertex 37.3511 23.5028 6.79999
      vertex 37.3511 9.49722 6.79999
      vertex 37.6715 9.57415 6.79999
    endloop
  endfacet
  facet normal 0 0 1
    outer loop
      vertex 27.204 16.15 6.79999
      vertex 37.3511 23.5028 6.79999
      vertex 37.0466 23.6289 6.79999
    endloop
  endfacet
  facet normal 0 0 1
    outer loop
      vertex 37.3511 23.5028 6.79999
      vertex 27.204 16.15 6.79999
      vertex 37.3511 9.49722 6.79999
    endloop
  endfacet
  facet normal 0 0 1
    outer loop
      vertex 27.0955 17.85 6.79999
      vertex 37.0466 23.6289 6.79999
      vertex 36.7657 23.8011 6.79999
    endloop
  endfacet
  facet normal -0 -0 1
    outer loop
      vertex 27.2583 15.3 6.79999
      vertex 37.3511 9.49722 6.79999
      vertex 27.204 16.15 6.79999
    endloop
  endfacet
  facet normal 0 0 1
    outer loop
      vertex 27.0413 18.7 6.79999
      vertex 36.7657 23.8011 6.79999
      vertex 36.5151 24.0151 6.79999
    endloop
  endfacet
  facet normal 0 0 1
    outer loop
      vertex 37.3511 9.49722 6.79999
      vertex 27.2583 15.3 6.79999
      vertex 37.0466 9.37111 6.79999
    endloop
  endfacet
  facet normal 0 0 1
    outer loop
      vertex 26.9328 20.4 6.79999
      vertex 36.5151 24.0151 6.79999
      vertex 36.3011 24.2657 6.79999
    endloop
  endfacet
  facet normal -0 -0 1
    outer loop
      vertex 27.3125 14.45 6.79999
      vertex 37.0466 9.37111 6.79999
      vertex 27.2583 15.3 6.79999
    endloop
  endfacet
  facet normal 0 0 1
    outer loop
      vertex 26.8785 21.25 6.79999
      vertex 36.3011 24.2657 6.79999
      vertex 36.1289 24.5466 6.79999
    endloop
  endfacet
  facet normal 0 0 1
    outer loop
      vertex 37.0466 9.37111 6.79999
      vertex 27.3125 14.45 6.79999
      vertex 36.7657 9.19894 6.79999
    endloop
  endfacet
  facet normal 0 0 1
    outer loop
      vertex 26.8243 22.1 6.79999
      vertex 36.1289 24.5466 6.79999
      vertex 36.0028 24.8511 6.79999
    endloop
  endfacet
  facet normal -0 -0 1
    outer loop
      vertex 27.3668 13.6 6.79999
      vertex 36.7657 9.19894 6.79999
      vertex 27.3125 14.45 6.79999
    endloop
  endfacet
  facet normal 0 0 1
    outer loop
      vertex 26.7158 23.8 6.79999
      vertex 36.0028 24.8511 6.79999
      vertex 35.9259 25.1715 6.79999
    endloop
  endfacet
  facet normal -0 -0 1
    outer loop
      vertex 27.421 12.75 6.79999
      vertex 36.7657 9.19894 6.79999
      vertex 27.3668 13.6 6.79999
    endloop
  endfacet
  facet normal 0 0 1
    outer loop
      vertex 26.6615 24.65 6.79999
      vertex 35.9259 25.1715 6.79999
      vertex 35.9 25.5 6.79999
    endloop
  endfacet
  facet normal 0 0 1
    outer loop
      vertex 36.7657 9.19894 6.79999
      vertex 27.421 12.75 6.79999
      vertex 36.5151 8.98492 6.79999
    endloop
  endfacet
  facet normal 0 0 1
    outer loop
      vertex 39.2343 27.1989 6.79999
      vertex 49.8267 32.3 6.79999
      vertex 49.881 33.15 6.79999
    endloop
  endfacet
  facet normal 0 0 1
    outer loop
      vertex 39.4849 26.9849 6.79999
      vertex 49.7182 30.6 6.79999
      vertex 49.7725 31.45 6.79999
    endloop
  endfacet
  facet normal 0 0 1
    outer loop
      vertex 49.8267 32.3 6.79999
      vertex 39.2343 27.1989 6.79999
      vertex 49.7725 31.45 6.79999
    endloop
  endfacet
  facet normal 0 0 1
    outer loop
      vertex 49.7182 30.6 6.79999
      vertex 39.4849 26.9849 6.79999
      vertex 49.664 29.75 6.79999
    endloop
  endfacet
  facet normal 0 0 1
    outer loop
      vertex 39.8711 26.4534 6.79999
      vertex 49.5555 28.05 6.79999
      vertex 49.6097 28.9 6.79999
    endloop
  endfacet
  facet normal 0 0 1
    outer loop
      vertex 40.0741 25.8285 6.79999
      vertex 49.447 26.35 6.79999
      vertex 49.5012 27.2 6.79999
    endloop
  endfacet
  facet normal 0 0 1
    outer loop
      vertex 49.447 26.35 6.79999
      vertex 40.0741 25.8285 6.79999
      vertex 49.3927 25.5 6.79999
    endloop
  endfacet
  facet normal 0 -0 1
    outer loop
      vertex 39.9972 26.1489 6.79999
      vertex 49.5555 28.05 6.79999
      vertex 39.8711 26.4534 6.79999
    endloop
  endfacet
  facet normal 0 -0 1
    outer loop
      vertex 39.6989 26.7343 6.79999
      vertex 49.664 29.75 6.79999
      vertex 39.4849 26.9849 6.79999
    endloop
  endfacet
  facet normal -0 0 1
    outer loop
      vertex 40.0741 25.1715 6.79999
      vertex 49.3385 24.65 6.79999
      vertex 40.1 25.5 6.79999
    endloop
  endfacet
  facet normal -0 0 1
    outer loop
      vertex 39.9972 24.8511 6.79999
      vertex 49.2842 23.8 6.79999
      vertex 40.0741 25.1715 6.79999
    endloop
  endfacet
  facet normal 0 0 1
    outer loop
      vertex 49.2842 23.8 6.79999
      vertex 39.9972 24.8511 6.79999
      vertex 49.23 22.95 6.79999
    endloop
  endfacet
  facet normal 0 0 1
    outer loop
      vertex 49.3385 24.65 6.79999
      vertex 40.0741 25.1715 6.79999
      vertex 49.2842 23.8 6.79999
    endloop
  endfacet
  facet normal 0 0 1
    outer loop
      vertex 49.5555 28.05 6.79999
      vertex 39.9972 26.1489 6.79999
      vertex 49.5012 27.2 6.79999
    endloop
  endfacet
  facet normal -0 0 1
    outer loop
      vertex 39.8711 24.5466 6.79999
      vertex 49.1757 22.1 6.79999
      vertex 39.9972 24.8511 6.79999
    endloop
  endfacet
  facet normal -0 0 1
    outer loop
      vertex 39.6989 24.2657 6.79999
      vertex 49.1215 21.25 6.79999
      vertex 39.8711 24.5466 6.79999
    endloop
  endfacet
  facet normal 0 0 1
    outer loop
      vertex 49.1215 21.25 6.79999
      vertex 39.6989 24.2657 6.79999
      vertex 49.0672 20.4 6.79999
    endloop
  endfacet
  facet normal 0 0 1
    outer loop
      vertex 49.1757 22.1 6.79999
      vertex 39.8711 24.5466 6.79999
      vertex 49.1215 21.25 6.79999
    endloop
  endfacet
  facet normal 0 0 1
    outer loop
      vertex 49.3927 25.5 6.79999
      vertex 40.1 25.5 6.79999
      vertex 49.3385 24.65 6.79999
    endloop
  endfacet
  facet normal 0 0 1
    outer loop
      vertex 40.1 7.5 6.79999
      vertex 48.7417 15.3 6.79999
      vertex 48.796 16.15 6.79999
    endloop
  endfacet
  facet normal 0 0 1
    outer loop
      vertex 40.1 7.5 6.79999
      vertex 48.6332 13.6 6.79999
      vertex 48.6875 14.45 6.79999
    endloop
  endfacet
  facet normal 0 0 1
    outer loop
      vertex 48.7417 15.3 6.79999
      vertex 40.1 7.5 6.79999
      vertex 48.6875 14.45 6.79999
    endloop
  endfacet
  facet normal 0 0 1
    outer loop
      vertex 48.6332 13.6 6.79999
      vertex 40.1 7.5 6.79999
      vertex 48.579 12.75 6.79999
    endloop
  endfacet
  facet normal -0 0 1
    outer loop
      vertex 39.4849 24.0151 6.79999
      vertex 49.0672 20.4 6.79999
      vertex 39.6989 24.2657 6.79999
    endloop
  endfacet
  facet normal 0 0 1
    outer loop
      vertex 40.1 7.5 6.79999
      vertex 48.4705 11.05 6.79999
      vertex 48.5247 11.9 6.79999
    endloop
  endfacet
  facet normal 0 0 1
    outer loop
      vertex 40.1 7.5 6.79999
      vertex 48.362 9.35 6.79999
      vertex 48.4162 10.2 6.79999
    endloop
  endfacet
  facet normal 0 0 1
    outer loop
      vertex 48.4705 11.05 6.79999
      vertex 40.1 7.5 6.79999
      vertex 48.4162 10.2 6.79999
    endloop
  endfacet
  facet normal 0 0 1
    outer loop
      vertex 48.362 9.35 6.79999
      vertex 40.1 7.5 6.79999
      vertex 48.3077 8.5 6.79999
    endloop
  endfacet
  facet normal 0 0 1
    outer loop
      vertex 49.0672 20.4 6.79999
      vertex 39.4849 24.0151 6.79999
      vertex 49.013 19.55 6.79999
    endloop
  endfacet
  facet normal -0 0 1
    outer loop
      vertex 40.1 7.5 6.79999
      vertex 48.1992 6.8 6.79999
      vertex 48.2535 7.65 6.79999
    endloop
  endfacet
  facet normal 0 0 1
    outer loop
      vertex 39.9972 6.85106 6.79999
      vertex 48.0907 5.1 6.79999
      vertex 48.145 5.95 6.79999
    endloop
  endfacet
  facet normal -0 0 1
    outer loop
      vertex 40.0741 7.17149 6.79999
      vertex 48.1992 6.8 6.79999
      vertex 40.1 7.5 6.79999
    endloop
  endfacet
  facet normal -0 0 1
    outer loop
      vertex 39.9972 6.85106 6.79999
      vertex 48.145 5.95 6.79999
      vertex 40.0741 7.17149 6.79999
    endloop
  endfacet
  facet normal 0 0 1
    outer loop
      vertex 48.579 12.75 6.79999
      vertex 40.1 7.5 6.79999
      vertex 48.5247 11.9 6.79999
    endloop
  endfacet
  facet normal 0 0 1
    outer loop
      vertex 39.6989 6.26565 6.79999
      vertex 47.928 2.55 6.79999
      vertex 47.9822 3.4 6.79999
    endloop
  endfacet
  facet normal 0 0 1
    outer loop
      vertex 39.2343 5.80106 6.79999
      vertex 47.8195 0.849999 6.79999
      vertex 47.8737 1.7 6.79999
    endloop
  endfacet
  facet normal 0 0 1
    outer loop
      vertex 47.928 2.55 6.79999
      vertex 39.4849 6.01508 6.79999
      vertex 47.8737 1.7 6.79999
    endloop
  endfacet
  facet normal 0 0 1
    outer loop
      vertex 48.1992 6.8 6.79999
      vertex 40.0741 7.17149 6.79999
      vertex 48.145 5.95 6.79999
    endloop
  endfacet
  facet normal 0 0 1
    outer loop
      vertex 48.3077 8.5 6.79999
      vertex 40.1 7.5 6.79999
      vertex 48.2535 7.65 6.79999
    endloop
  endfacet
  facet normal 0 0 1
    outer loop
      vertex 38.9534 27.3711 6.79999
      vertex 49.881 33.15 6.79999
      vertex 49.9352 34 6.79999
    endloop
  endfacet
  facet normal 0 0 1
    outer loop
      vertex 49.23 22.95 6.79999
      vertex 39.9972 24.8511 6.79999
      vertex 49.1757 22.1 6.79999
    endloop
  endfacet
  facet normal 0 -0 1
    outer loop
      vertex 40.1 25.5 6.79999
      vertex 49.3927 25.5 6.79999
      vertex 40.0741 25.8285 6.79999
    endloop
  endfacet
  facet normal 0 0 1
    outer loop
      vertex 49.5012 27.2 6.79999
      vertex 39.9972 26.1489 6.79999
      vertex 40.0741 25.8285 6.79999
    endloop
  endfacet
  facet normal 0 0 1
    outer loop
      vertex 49.6097 28.9 6.79999
      vertex 39.6989 26.7343 6.79999
      vertex 39.8711 26.4534 6.79999
    endloop
  endfacet
  facet normal 0 0 1
    outer loop
      vertex 49.664 29.75 6.79999
      vertex 39.6989 26.7343 6.79999
      vertex 49.6097 28.9 6.79999
    endloop
  endfacet
  facet normal 0 0 1
    outer loop
      vertex 49.7725 31.45 6.79999
      vertex 39.2343 27.1989 6.79999
      vertex 39.4849 26.9849 6.79999
    endloop
  endfacet
  facet normal 0 0 1
    outer loop
      vertex 49.881 33.15 6.79999
      vertex 38.9534 27.3711 6.79999
      vertex 39.2343 27.1989 6.79999
    endloop
  endfacet
  facet normal 0 0 1
    outer loop
      vertex 49.9352 34 6.79999
      vertex 38.6489 27.4972 6.79999
      vertex 38.9534 27.3711 6.79999
    endloop
  endfacet
  facet normal 0 0 1
    outer loop
      vertex 49.9352 34 6.79999
      vertex 38.3285 27.5741 6.79999
      vertex 38.6489 27.4972 6.79999
    endloop
  endfacet
  facet normal 0 0 1
    outer loop
      vertex 49.9352 34 6.79999
      vertex 38 27.6 6.79999
      vertex 38.3285 27.5741 6.79999
    endloop
  endfacet
  facet normal -0 0 1
    outer loop
      vertex 26.0648 34 6.79999
      vertex 38 27.6 6.79999
      vertex 49.9352 34 6.79999
    endloop
  endfacet
  facet normal 0 0 1
    outer loop
      vertex 38 27.6 6.79999
      vertex 26.0648 34 6.79999
      vertex 37.6715 27.5741 6.79999
    endloop
  endfacet
  facet normal 0 0 1
    outer loop
      vertex 37.6715 27.5741 6.79999
      vertex 26.0648 34 6.79999
      vertex 37.3511 27.4972 6.79999
    endloop
  endfacet
  facet normal -0 -0 1
    outer loop
      vertex 27.4753 11.9 6.79999
      vertex 36.5151 8.98492 6.79999
      vertex 27.421 12.75 6.79999
    endloop
  endfacet
  facet normal 0 0 1
    outer loop
      vertex 26.6073 25.5 6.79999
      vertex 35.9 25.5 6.79999
      vertex 35.9259 25.8285 6.79999
    endloop
  endfacet
  facet normal 0 0 1
    outer loop
      vertex 26.553 26.35 6.79999
      vertex 35.9259 25.8285 6.79999
      vertex 36.0028 26.1489 6.79999
    endloop
  endfacet
  facet normal 0 0 1
    outer loop
      vertex 35.9 7.5 6.79999
      vertex 28.1805 0.849999 6.79999
      vertex 28.2348 0 6.79999
    endloop
  endfacet
  facet normal 0 0 1
    outer loop
      vertex 35.9 7.5 6.79999
      vertex 28.1263 1.7 6.79999
      vertex 28.1805 0.849999 6.79999
    endloop
  endfacet
  facet normal 0 0 1
    outer loop
      vertex 35.9 7.5 6.79999
      vertex 28.072 2.55 6.79999
      vertex 28.1263 1.7 6.79999
    endloop
  endfacet
  facet normal 0 0 1
    outer loop
      vertex 35.9 7.5 6.79999
      vertex 28.0178 3.4 6.79999
      vertex 28.072 2.55 6.79999
    endloop
  endfacet
  facet normal 0 0 1
    outer loop
      vertex 35.9 7.5 6.79999
      vertex 27.9635 4.25 6.79999
      vertex 28.0178 3.4 6.79999
    endloop
  endfacet
  facet normal 0 0 1
    outer loop
      vertex 35.9 7.5 6.79999
      vertex 27.9093 5.1 6.79999
      vertex 27.9635 4.25 6.79999
    endloop
  endfacet
  facet normal 0 0 1
    outer loop
      vertex 35.9 7.5 6.79999
      vertex 27.855 5.95 6.79999
      vertex 27.9093 5.1 6.79999
    endloop
  endfacet
  facet normal 0 0 1
    outer loop
      vertex 35.9 7.5 6.79999
      vertex 27.8008 6.8 6.79999
      vertex 27.855 5.95 6.79999
    endloop
  endfacet
  facet normal 0 0 1
    outer loop
      vertex 26.4445 28.05 6.79999
      vertex 36.0028 26.1489 6.79999
      vertex 36.1289 26.4534 6.79999
    endloop
  endfacet
  facet normal 0 0 1
    outer loop
      vertex 35.9 7.5 6.79999
      vertex 27.7465 7.65 6.79999
      vertex 27.8008 6.8 6.79999
    endloop
  endfacet
  facet normal 0 0 1
    outer loop
      vertex 35.9259 7.82851 6.79999
      vertex 27.7465 7.65 6.79999
      vertex 35.9 7.5 6.79999
    endloop
  endfacet
  facet normal 0 -0 1
    outer loop
      vertex 27.7465 7.65 6.79999
      vertex 35.9259 7.82851 6.79999
      vertex 27.6923 8.5 6.79999
    endloop
  endfacet
  facet normal 0 0 1
    outer loop
      vertex 36.0028 8.14894 6.79999
      vertex 27.6923 8.5 6.79999
      vertex 35.9259 7.82851 6.79999
    endloop
  endfacet
  facet normal -0 -0 1
    outer loop
      vertex 27.6923 8.5 6.79999
      vertex 36.0028 8.14894 6.79999
      vertex 27.638 9.35 6.79999
    endloop
  endfacet
  facet normal 0 0 1
    outer loop
      vertex 36.1289 8.45338 6.79999
      vertex 27.638 9.35 6.79999
      vertex 36.0028 8.14894 6.79999
    endloop
  endfacet
  facet normal -0 -0 1
    outer loop
      vertex 27.638 9.35 6.79999
      vertex 36.1289 8.45338 6.79999
      vertex 27.5838 10.2 6.79999
    endloop
  endfacet
  facet normal 0 0 1
    outer loop
      vertex 26.3903 28.9 6.79999
      vertex 36.1289 26.4534 6.79999
      vertex 36.3011 26.7343 6.79999
    endloop
  endfacet
  facet normal -0 -0 1
    outer loop
      vertex 27.5838 10.2 6.79999
      vertex 36.1289 8.45338 6.79999
      vertex 27.5295 11.05 6.79999
    endloop
  endfacet
  facet normal 0 0 1
    outer loop
      vertex 36.3011 8.73435 6.79999
      vertex 27.5295 11.05 6.79999
      vertex 36.1289 8.45338 6.79999
    endloop
  endfacet
  facet normal -0 -0 1
    outer loop
      vertex 27.5295 11.05 6.79999
      vertex 36.3011 8.73435 6.79999
      vertex 27.4753 11.9 6.79999
    endloop
  endfacet
  facet normal 0 0 1
    outer loop
      vertex 36.5151 8.98492 6.79999
      vertex 27.4753 11.9 6.79999
      vertex 36.3011 8.73435 6.79999
    endloop
  endfacet
  facet normal 0 0 1
    outer loop
      vertex 26.336 29.75 6.79999
      vertex 36.3011 26.7343 6.79999
      vertex 36.5151 26.9849 6.79999
    endloop
  endfacet
  facet normal 0 0 1
    outer loop
      vertex 37.0466 23.6289 6.79999
      vertex 27.1498 17 6.79999
      vertex 27.204 16.15 6.79999
    endloop
  endfacet
  facet normal 0 0 1
    outer loop
      vertex 37.0466 23.6289 6.79999
      vertex 27.0955 17.85 6.79999
      vertex 27.1498 17 6.79999
    endloop
  endfacet
  facet normal 0 0 1
    outer loop
      vertex 36.7657 23.8011 6.79999
      vertex 27.0413 18.7 6.79999
      vertex 27.0955 17.85 6.79999
    endloop
  endfacet
  facet normal 0 0 1
    outer loop
      vertex 36.5151 24.0151 6.79999
      vertex 26.987 19.55 6.79999
      vertex 27.0413 18.7 6.79999
    endloop
  endfacet
  facet normal 0 0 1
    outer loop
      vertex 26.2275 31.45 6.79999
      vertex 36.5151 26.9849 6.79999
      vertex 36.7657 27.1989 6.79999
    endloop
  endfacet
  facet normal 0 0 1
    outer loop
      vertex 36.5151 24.0151 6.79999
      vertex 26.9328 20.4 6.79999
      vertex 26.987 19.55 6.79999
    endloop
  endfacet
  facet normal 0 0 1
    outer loop
      vertex 36.3011 24.2657 6.79999
      vertex 26.8785 21.25 6.79999
      vertex 26.9328 20.4 6.79999
    endloop
  endfacet
  facet normal 0 0 1
    outer loop
      vertex 26.119 33.15 6.79999
      vertex 36.7657 27.1989 6.79999
      vertex 37.0466 27.3711 6.79999
    endloop
  endfacet
  facet normal 0 0 1
    outer loop
      vertex 36.1289 24.5466 6.79999
      vertex 26.8243 22.1 6.79999
      vertex 26.8785 21.25 6.79999
    endloop
  endfacet
  facet normal 0 0 1
    outer loop
      vertex 36.0028 24.8511 6.79999
      vertex 26.77 22.95 6.79999
      vertex 26.8243 22.1 6.79999
    endloop
  endfacet
  facet normal 0 0 1
    outer loop
      vertex 37.3511 27.4972 6.79999
      vertex 26.0648 34 6.79999
      vertex 37.0466 27.3711 6.79999
    endloop
  endfacet
  facet normal 0 0 1
    outer loop
      vertex 36.0028 24.8511 6.79999
      vertex 26.7158 23.8 6.79999
      vertex 26.77 22.95 6.79999
    endloop
  endfacet
  facet normal 0 0 1
    outer loop
      vertex 35.9259 25.1715 6.79999
      vertex 26.6615 24.65 6.79999
      vertex 26.7158 23.8 6.79999
    endloop
  endfacet
  facet normal 0 0 1
    outer loop
      vertex 35.9 25.5 6.79999
      vertex 26.6073 25.5 6.79999
      vertex 26.6615 24.65 6.79999
    endloop
  endfacet
  facet normal 0 0 1
    outer loop
      vertex 35.9259 25.8285 6.79999
      vertex 26.553 26.35 6.79999
      vertex 26.6073 25.5 6.79999
    endloop
  endfacet
  facet normal 0 0 1
    outer loop
      vertex 36.0028 26.1489 6.79999
      vertex 26.4988 27.2 6.79999
      vertex 26.553 26.35 6.79999
    endloop
  endfacet
  facet normal 0 0 1
    outer loop
      vertex 36.0028 26.1489 6.79999
      vertex 26.4445 28.05 6.79999
      vertex 26.4988 27.2 6.79999
    endloop
  endfacet
  facet normal 0 0 1
    outer loop
      vertex 36.1289 26.4534 6.79999
      vertex 26.3903 28.9 6.79999
      vertex 26.4445 28.05 6.79999
    endloop
  endfacet
  facet normal 0 0 1
    outer loop
      vertex 36.3011 26.7343 6.79999
      vertex 26.336 29.75 6.79999
      vertex 26.3903 28.9 6.79999
    endloop
  endfacet
  facet normal 0 0 1
    outer loop
      vertex 36.5151 26.9849 6.79999
      vertex 26.2818 30.6 6.79999
      vertex 26.336 29.75 6.79999
    endloop
  endfacet
  facet normal 0 0 1
    outer loop
      vertex 36.5151 26.9849 6.79999
      vertex 26.2275 31.45 6.79999
      vertex 26.2818 30.6 6.79999
    endloop
  endfacet
  facet normal 0 0 1
    outer loop
      vertex 36.7657 27.1989 6.79999
      vertex 26.1733 32.3 6.79999
      vertex 26.2275 31.45 6.79999
    endloop
  endfacet
  facet normal 0 0 1
    outer loop
      vertex 36.7657 27.1989 6.79999
      vertex 26.119 33.15 6.79999
      vertex 26.1733 32.3 6.79999
    endloop
  endfacet
  facet normal 0 0 1
    outer loop
      vertex 37.0466 27.3711 6.79999
      vertex 26.0648 34 6.79999
      vertex 26.119 33.15 6.79999
    endloop
  endfacet
  facet normal -0 0 1
    outer loop
      vertex 39.8711 6.54662 6.79999
      vertex 48.0907 5.1 6.79999
      vertex 39.9972 6.85106 6.79999
    endloop
  endfacet
  facet normal 0 0 1
    outer loop
      vertex 48.0907 5.1 6.79999
      vertex 39.8711 6.54662 6.79999
      vertex 48.0365 4.25 6.79999
    endloop
  endfacet
  facet normal 0 0 1
    outer loop
      vertex 48.0365 4.25 6.79999
      vertex 39.8711 6.54662 6.79999
      vertex 47.9822 3.4 6.79999
    endloop
  endfacet
  facet normal -0 0 1
    outer loop
      vertex 39.6989 6.26565 6.79999
      vertex 47.9822 3.4 6.79999
      vertex 39.8711 6.54662 6.79999
    endloop
  endfacet
  facet normal 0 0 1
    outer loop
      vertex 47.928 2.55 6.79999
      vertex 39.6989 6.26565 6.79999
      vertex 39.4849 6.01508 6.79999
    endloop
  endfacet
  facet normal -0 0 1
    outer loop
      vertex 39.2343 5.80106 6.79999
      vertex 47.8737 1.7 6.79999
      vertex 39.4849 6.01508 6.79999
    endloop
  endfacet
  facet normal 0 0 1
    outer loop
      vertex 47.8195 0.849999 6.79999
      vertex 39.2343 5.80106 6.79999
      vertex 47.7652 0 6.79999
    endloop
  endfacet
  facet normal -0 0 1
    outer loop
      vertex 38.9534 5.62889 6.79999
      vertex 47.7652 0 6.79999
      vertex 39.2343 5.80106 6.79999
    endloop
  endfacet
  facet normal -0 0 1
    outer loop
      vertex 38.6489 5.50278 6.79999
      vertex 47.7652 0 6.79999
      vertex 38.9534 5.62889 6.79999
    endloop
  endfacet
  facet normal -0 0 1
    outer loop
      vertex 38.3285 5.42585 6.79999
      vertex 47.7652 0 6.79999
      vertex 38.6489 5.50278 6.79999
    endloop
  endfacet
  facet normal -0 0 1
    outer loop
      vertex 38 5.4 6.79999
      vertex 47.7652 0 6.79999
      vertex 38.3285 5.42585 6.79999
    endloop
  endfacet
  facet normal 0 0 1
    outer loop
      vertex 28.2348 0 6.79999
      vertex 38 5.4 6.79999
      vertex 37.6715 5.42585 6.79999
    endloop
  endfacet
  facet normal 0 0 1
    outer loop
      vertex 28.2348 0 6.79999
      vertex 37.6715 5.42585 6.79999
      vertex 37.3511 5.50278 6.79999
    endloop
  endfacet
  facet normal 0 0 1
    outer loop
      vertex 28.2348 0 6.79999
      vertex 37.3511 5.50278 6.79999
      vertex 37.0466 5.62889 6.79999
    endloop
  endfacet
  facet normal 0 0 1
    outer loop
      vertex 38 5.4 6.79999
      vertex 28.2348 0 6.79999
      vertex 47.7652 0 6.79999
    endloop
  endfacet
  facet normal 0 0 1
    outer loop
      vertex 36.7657 5.80106 6.79999
      vertex 28.2348 0 6.79999
      vertex 37.0466 5.62889 6.79999
    endloop
  endfacet
  facet normal 0 0 1
    outer loop
      vertex 36.5151 6.01508 6.79999
      vertex 28.2348 0 6.79999
      vertex 36.7657 5.80106 6.79999
    endloop
  endfacet
  facet normal 0 0 1
    outer loop
      vertex 36.3011 6.26565 6.79999
      vertex 28.2348 0 6.79999
      vertex 36.5151 6.01508 6.79999
    endloop
  endfacet
  facet normal 0 0 1
    outer loop
      vertex 36.1289 6.54662 6.79999
      vertex 28.2348 0 6.79999
      vertex 36.3011 6.26565 6.79999
    endloop
  endfacet
  facet normal 0 0 1
    outer loop
      vertex 36.0028 6.85106 6.79999
      vertex 28.2348 0 6.79999
      vertex 36.1289 6.54662 6.79999
    endloop
  endfacet
  facet normal 0 0 1
    outer loop
      vertex 35.9259 7.17149 6.79999
      vertex 28.2348 0 6.79999
      vertex 36.0028 6.85106 6.79999
    endloop
  endfacet
  facet normal 0 0 1
    outer loop
      vertex 28.2348 0 6.79999
      vertex 35.9259 7.17149 6.79999
      vertex 35.9 7.5 6.79999
    endloop
  endfacet
  facet normal -0.976253 -0.0622505 -0.207499
    outer loop
      vertex 27 34 2.4
      vertex 26.119 33.15 6.79999
      vertex 26.0648 34 6.79999
    endloop
  endfacet
  facet normal -0.976723 -0.0574543 -0.206666
    outer loop
      vertex 27 34 2.4
      vertex 27.05 33.15 2.4
      vertex 26.119 33.15 6.79999
    endloop
  endfacet
  facet normal 0.976253 -0.0622505 -0.207499
    outer loop
      vertex 49.9352 34 6.79999
      vertex 49.881 33.15 6.79999
      vertex 49 34 2.4
    endloop
  endfacet
  facet normal 0.976723 -0.0574543 -0.206666
    outer loop
      vertex 49 34 2.4
      vertex 49.881 33.15 6.79999
      vertex 48.95 33.15 2.4
    endloop
  endfacet
  facet normal -0.976434 -0.0623769 -0.206605
    outer loop
      vertex 27.05 33.15 2.4
      vertex 26.1733 32.3 6.79999
      vertex 26.119 33.15 6.79999
    endloop
  endfacet
  facet normal -0.976915 -0.0574656 -0.205752
    outer loop
      vertex 27.05 33.15 2.4
      vertex 27.1 32.3 2.4
      vertex 26.1733 32.3 6.79999
    endloop
  endfacet
  facet normal 0.976434 -0.0623769 -0.206605
    outer loop
      vertex 49.881 33.15 6.79999
      vertex 49.8267 32.3 6.79999
      vertex 48.95 33.15 2.4
    endloop
  endfacet
  facet normal 0.976915 -0.0574656 -0.205752
    outer loop
      vertex 48.95 33.15 2.4
      vertex 49.8267 32.3 6.79999
      vertex 48.9 32.3 2.4
    endloop
  endfacet
  facet normal -0.976633 -0.0622747 -0.205693
    outer loop
      vertex 27.1 32.3 2.4
      vertex 26.2275 31.45 6.79999
      vertex 26.1733 32.3 6.79999
    endloop
  endfacet
  facet normal -0.977102 -0.0574766 -0.204859
    outer loop
      vertex 27.1 32.3 2.4
      vertex 27.15 31.45 2.4
      vertex 26.2275 31.45 6.79999
    endloop
  endfacet
  facet normal 0.976633 -0.0622747 -0.205693
    outer loop
      vertex 49.8267 32.3 6.79999
      vertex 49.7725 31.45 6.79999
      vertex 48.9 32.3 2.4
    endloop
  endfacet
  facet normal 0.977102 -0.0574766 -0.204859
    outer loop
      vertex 48.9 32.3 2.4
      vertex 49.7725 31.45 6.79999
      vertex 48.85 31.45 2.4
    endloop
  endfacet
  facet normal -0.976813 -0.0624011 -0.204798
    outer loop
      vertex 27.15 31.45 2.4
      vertex 26.2818 30.6 6.79999
      vertex 26.2275 31.45 6.79999
    endloop
  endfacet
  facet normal -0.977293 -0.0574878 -0.203944
    outer loop
      vertex 27.15 31.45 2.4
      vertex 27.2 30.6 2.4
      vertex 26.2818 30.6 6.79999
    endloop
  endfacet
  facet normal 0.976813 -0.0624011 -0.204798
    outer loop
      vertex 49.7725 31.45 6.79999
      vertex 49.7182 30.6 6.79999
      vertex 48.85 31.45 2.4
    endloop
  endfacet
  facet normal 0.977293 -0.0574878 -0.203944
    outer loop
      vertex 48.85 31.45 2.4
      vertex 49.7182 30.6 6.79999
      vertex 48.8 30.6 2.4
    endloop
  endfacet
  facet normal -0.977011 -0.0622988 -0.203885
    outer loop
      vertex 27.2 30.6 2.4
      vertex 26.336 29.75 6.79999
      vertex 26.2818 30.6 6.79999
    endloop
  endfacet
  facet normal -0.977479 -0.0574988 -0.203049
    outer loop
      vertex 27.2 30.6 2.4
      vertex 27.25 29.75 2.4
      vertex 26.336 29.75 6.79999
    endloop
  endfacet
  facet normal 0.977011 -0.0622988 -0.203885
    outer loop
      vertex 49.7182 30.6 6.79999
      vertex 49.664 29.75 6.79999
      vertex 48.8 30.6 2.4
    endloop
  endfacet
  facet normal 0.977479 -0.0574988 -0.203049
    outer loop
      vertex 48.8 30.6 2.4
      vertex 49.664 29.75 6.79999
      vertex 48.75 29.75 2.4
    endloop
  endfacet
  facet normal -0.977189 -0.0624251 -0.202989
    outer loop
      vertex 27.25 29.75 2.4
      vertex 26.3903 28.9 6.79999
      vertex 26.336 29.75 6.79999
    endloop
  endfacet
  facet normal -0.977668 -0.0575099 -0.202133
    outer loop
      vertex 27.25 29.75 2.4
      vertex 27.3 28.9 2.4
      vertex 26.3903 28.9 6.79999
    endloop
  endfacet
  facet normal 0.977189 -0.0624251 -0.202989
    outer loop
      vertex 49.664 29.75 6.79999
      vertex 49.6097 28.9 6.79999
      vertex 48.75 29.75 2.4
    endloop
  endfacet
  facet normal 0.977668 -0.0575099 -0.202133
    outer loop
      vertex 48.75 29.75 2.4
      vertex 49.6097 28.9 6.79999
      vertex 48.7 28.9 2.4
    endloop
  endfacet
  facet normal -0.977385 -0.0623227 -0.202075
    outer loop
      vertex 27.3 28.9 2.4
      vertex 26.4445 28.05 6.79999
      vertex 26.3903 28.9 6.79999
    endloop
  endfacet
  facet normal -0.977852 -0.0575207 -0.201238
    outer loop
      vertex 27.3 28.9 2.4
      vertex 27.35 28.05 2.4
      vertex 26.4445 28.05 6.79999
    endloop
  endfacet
  facet normal 0.977385 -0.0623227 -0.202075
    outer loop
      vertex 49.6097 28.9 6.79999
      vertex 49.5555 28.05 6.79999
      vertex 48.7 28.9 2.4
    endloop
  endfacet
  facet normal 0.977852 -0.0575207 -0.201238
    outer loop
      vertex 48.7 28.9 2.4
      vertex 49.5555 28.05 6.79999
      vertex 48.65 28.05 2.4
    endloop
  endfacet
  facet normal -0.977562 -0.062449 -0.201178
    outer loop
      vertex 27.35 28.05 2.4
      vertex 26.4988 27.2 6.79999
      vertex 26.4445 28.05 6.79999
    endloop
  endfacet
  facet normal -0.97804 -0.0575317 -0.200321
    outer loop
      vertex 27.35 28.05 2.4
      vertex 27.4 27.2 2.4
      vertex 26.4988 27.2 6.79999
    endloop
  endfacet
  facet normal 0.977562 -0.062449 -0.201178
    outer loop
      vertex 49.5555 28.05 6.79999
      vertex 49.5012 27.2 6.79999
      vertex 48.65 28.05 2.4
    endloop
  endfacet
  facet normal 0.97804 -0.0575317 -0.200321
    outer loop
      vertex 48.65 28.05 2.4
      vertex 49.5012 27.2 6.79999
      vertex 48.6 27.2 2.4
    endloop
  endfacet
  facet normal -0.977756 -0.0623464 -0.200263
    outer loop
      vertex 27.4 27.2 2.4
      vertex 26.553 26.35 6.79999
      vertex 26.4988 27.2 6.79999
    endloop
  endfacet
  facet normal -0.978222 -0.0575425 -0.199424
    outer loop
      vertex 27.4 27.2 2.4
      vertex 27.45 26.35 2.4
      vertex 26.553 26.35 6.79999
    endloop
  endfacet
  facet normal 0.977756 -0.0623464 -0.200263
    outer loop
      vertex 49.5012 27.2 6.79999
      vertex 49.447 26.35 6.79999
      vertex 48.6 27.2 2.4
    endloop
  endfacet
  facet normal 0.978222 -0.0575425 -0.199424
    outer loop
      vertex 48.6 27.2 2.4
      vertex 49.447 26.35 6.79999
      vertex 48.55 26.35 2.4
    endloop
  endfacet
  facet normal -0.977932 -0.0624726 -0.199365
    outer loop
      vertex 27.45 26.35 2.4
      vertex 26.6073 25.5 6.79999
      vertex 26.553 26.35 6.79999
    endloop
  endfacet
  facet normal -0.978408 -0.0575534 -0.198506
    outer loop
      vertex 27.45 26.35 2.4
      vertex 27.5 25.5 2.4
      vertex 26.6073 25.5 6.79999
    endloop
  endfacet
  facet normal 0.977932 -0.0624726 -0.199365
    outer loop
      vertex 49.447 26.35 6.79999
      vertex 49.3927 25.5 6.79999
      vertex 48.55 26.35 2.4
    endloop
  endfacet
  facet normal 0.978408 -0.0575534 -0.198506
    outer loop
      vertex 48.55 26.35 2.4
      vertex 49.3927 25.5 6.79999
      vertex 48.5 25.5 2.4
    endloop
  endfacet
  facet normal -0.978125 -0.0623698 -0.198449
    outer loop
      vertex 27.5 25.5 2.4
      vertex 26.6615 24.65 6.79999
      vertex 26.6073 25.5 6.79999
    endloop
  endfacet
  facet normal -0.978589 -0.0575641 -0.197609
    outer loop
      vertex 27.5 25.5 2.4
      vertex 27.55 24.65 2.4
      vertex 26.6615 24.65 6.79999
    endloop
  endfacet
  facet normal 0.978125 -0.0623698 -0.198449
    outer loop
      vertex 49.3927 25.5 6.79999
      vertex 49.3385 24.65 6.79999
      vertex 48.5 25.5 2.4
    endloop
  endfacet
  facet normal 0.978589 -0.0575641 -0.197609
    outer loop
      vertex 48.5 25.5 2.4
      vertex 49.3385 24.65 6.79999
      vertex 48.45 24.65 2.4
    endloop
  endfacet
  facet normal -0.978299 -0.062496 -0.19755
    outer loop
      vertex 27.55 24.65 2.4
      vertex 26.7158 23.8 6.79999
      vertex 26.6615 24.65 6.79999
    endloop
  endfacet
  facet normal -0.978774 -0.0575749 -0.19669
    outer loop
      vertex 27.55 24.65 2.4
      vertex 27.6 23.8 2.4
      vertex 26.7158 23.8 6.79999
    endloop
  endfacet
  facet normal 0.978299 -0.062496 -0.19755
    outer loop
      vertex 49.3385 24.65 6.79999
      vertex 49.2842 23.8 6.79999
      vertex 48.45 24.65 2.4
    endloop
  endfacet
  facet normal 0.978774 -0.0575749 -0.19669
    outer loop
      vertex 48.45 24.65 2.4
      vertex 49.2842 23.8 6.79999
      vertex 48.4 23.8 2.4
    endloop
  endfacet
  facet normal -0.97849 -0.0623931 -0.196632
    outer loop
      vertex 27.6 23.8 2.4
      vertex 26.77 22.95 6.79999
      vertex 26.7158 23.8 6.79999
    endloop
  endfacet
  facet normal -0.978953 -0.0575855 -0.195791
    outer loop
      vertex 27.6 23.8 2.4
      vertex 27.65 22.95 2.4
      vertex 26.77 22.95 6.79999
    endloop
  endfacet
  facet normal 0.97849 -0.0623931 -0.196632
    outer loop
      vertex 49.2842 23.8 6.79999
      vertex 49.23 22.95 6.79999
      vertex 48.4 23.8 2.4
    endloop
  endfacet
  facet normal 0.978953 -0.0575855 -0.195791
    outer loop
      vertex 48.4 23.8 2.4
      vertex 49.23 22.95 6.79999
      vertex 48.35 22.95 2.4
    endloop
  endfacet
  facet normal -0.978662 -0.0625193 -0.195733
    outer loop
      vertex 27.65 22.95 2.4
      vertex 26.8243 22.1 6.79999
      vertex 26.77 22.95 6.79999
    endloop
  endfacet
  facet normal -0.979136 -0.0575963 -0.194871
    outer loop
      vertex 27.65 22.95 2.4
      vertex 27.7 22.1 2.4
      vertex 26.8243 22.1 6.79999
    endloop
  endfacet
  facet normal 0.978662 -0.0625193 -0.195733
    outer loop
      vertex 49.23 22.95 6.79999
      vertex 49.1757 22.1 6.79999
      vertex 48.35 22.95 2.4
    endloop
  endfacet
  facet normal 0.979136 -0.0575963 -0.194871
    outer loop
      vertex 48.35 22.95 2.4
      vertex 49.1757 22.1 6.79999
      vertex 48.3 22.1 2.4
    endloop
  endfacet
  facet normal -0.978852 -0.0624162 -0.194814
    outer loop
      vertex 27.7 22.1 2.4
      vertex 26.8785 21.25 6.79999
      vertex 26.8243 22.1 6.79999
    endloop
  endfacet
  facet normal -0.979314 -0.0576067 -0.193971
    outer loop
      vertex 27.7 22.1 2.4
      vertex 27.75 21.25 2.4
      vertex 26.8785 21.25 6.79999
    endloop
  endfacet
  facet normal 0.978852 -0.0624162 -0.194814
    outer loop
      vertex 49.1757 22.1 6.79999
      vertex 49.1215 21.25 6.79999
      vertex 48.3 22.1 2.4
    endloop
  endfacet
  facet normal 0.979314 -0.0576067 -0.193971
    outer loop
      vertex 48.3 22.1 2.4
      vertex 49.1215 21.25 6.79999
      vertex 48.25 21.25 2.4
    endloop
  endfacet
  facet normal -0.979023 -0.0625423 -0.193914
    outer loop
      vertex 27.75 21.25 2.4
      vertex 26.9328 20.4 6.79999
      vertex 26.8785 21.25 6.79999
    endloop
  endfacet
  facet normal -0.979496 -0.0576174 -0.19305
    outer loop
      vertex 27.75 21.25 2.4
      vertex 27.8 20.4 2.4
      vertex 26.9328 20.4 6.79999
    endloop
  endfacet
  facet normal 0.979023 -0.0625423 -0.193914
    outer loop
      vertex 49.1215 21.25 6.79999
      vertex 49.0672 20.4 6.79999
      vertex 48.25 21.25 2.4
    endloop
  endfacet
  facet normal 0.979496 -0.0576174 -0.19305
    outer loop
      vertex 48.25 21.25 2.4
      vertex 49.0672 20.4 6.79999
      vertex 48.2 20.4 2.4
    endloop
  endfacet
  facet normal -0.979211 -0.0624391 -0.192994
    outer loop
      vertex 27.8 20.4 2.4
      vertex 26.987 19.55 6.79999
      vertex 26.9328 20.4 6.79999
    endloop
  endfacet
  facet normal -0.979672 -0.0576278 -0.19215
    outer loop
      vertex 27.8 20.4 2.4
      vertex 27.85 19.55 2.4
      vertex 26.987 19.55 6.79999
    endloop
  endfacet
  facet normal 0.979211 -0.0624391 -0.192994
    outer loop
      vertex 49.0672 20.4 6.79999
      vertex 49.013 19.55 6.79999
      vertex 48.2 20.4 2.4
    endloop
  endfacet
  facet normal 0.979672 -0.0576278 -0.19215
    outer loop
      vertex 48.2 20.4 2.4
      vertex 49.013 19.55 6.79999
      vertex 48.15 19.55 2.4
    endloop
  endfacet
  facet normal -0.97938 -0.0625651 -0.192093
    outer loop
      vertex 27.85 19.55 2.4
      vertex 27.0413 18.7 6.79999
      vertex 26.987 19.55 6.79999
    endloop
  endfacet
  facet normal -0.979852 -0.0576384 -0.191227
    outer loop
      vertex 27.85 19.55 2.4
      vertex 27.9 18.7 2.4
      vertex 27.0413 18.7 6.79999
    endloop
  endfacet
  facet normal 0.97938 -0.0625651 -0.192093
    outer loop
      vertex 49.013 19.55 6.79999
      vertex 48.9587 18.7 6.79999
      vertex 48.15 19.55 2.4
    endloop
  endfacet
  facet normal 0.979852 -0.0576384 -0.191227
    outer loop
      vertex 48.15 19.55 2.4
      vertex 48.9587 18.7 6.79999
      vertex 48.1 18.7 2.4
    endloop
  endfacet
  facet normal -0.979567 -0.0624618 -0.191172
    outer loop
      vertex 27.9 18.7 2.4
      vertex 27.0955 17.85 6.79999
      vertex 27.0413 18.7 6.79999
    endloop
  endfacet
  facet normal -0.980027 -0.0576486 -0.190326
    outer loop
      vertex 27.9 18.7 2.4
      vertex 27.95 17.85 2.4
      vertex 27.0955 17.85 6.79999
    endloop
  endfacet
  facet normal 0.979567 -0.0624618 -0.191172
    outer loop
      vertex 48.9587 18.7 6.79999
      vertex 48.9045 17.85 6.79999
      vertex 48.1 18.7 2.4
    endloop
  endfacet
  facet normal 0.980027 -0.0576486 -0.190326
    outer loop
      vertex 48.1 18.7 2.4
      vertex 48.9045 17.85 6.79999
      vertex 48.05 17.85 2.4
    endloop
  endfacet
  facet normal -0.979735 -0.0625878 -0.190269
    outer loop
      vertex 27.95 17.85 2.4
      vertex 27.1498 17 6.79999
      vertex 27.0955 17.85 6.79999
    endloop
  endfacet
  facet normal -0.980205 -0.0576591 -0.189403
    outer loop
      vertex 27.95 17.85 2.4
      vertex 28 17 2.4
      vertex 27.1498 17 6.79999
    endloop
  endfacet
  facet normal 0.979735 -0.0625878 -0.190269
    outer loop
      vertex 48.9045 17.85 6.79999
      vertex 48.8502 17 6.79999
      vertex 48.05 17.85 2.4
    endloop
  endfacet
  facet normal 0.980205 -0.0576591 -0.189403
    outer loop
      vertex 48.05 17.85 2.4
      vertex 48.8502 17 6.79999
      vertex 48 17 2.4
    endloop
  endfacet
  facet normal -0.97992 -0.0624843 -0.189348
    outer loop
      vertex 28 17 2.4
      vertex 27.204 16.15 6.79999
      vertex 27.1498 17 6.79999
    endloop
  endfacet
  facet normal -0.980378 -0.0576693 -0.1885
    outer loop
      vertex 28 17 2.4
      vertex 28.05 16.15 2.4
      vertex 27.204 16.15 6.79999
    endloop
  endfacet
  facet normal 0.97992 -0.0624843 -0.189348
    outer loop
      vertex 48.8502 17 6.79999
      vertex 48.796 16.15 6.79999
      vertex 48 17 2.4
    endloop
  endfacet
  facet normal 0.980378 -0.0576693 -0.1885
    outer loop
      vertex 48 17 2.4
      vertex 48.796 16.15 6.79999
      vertex 47.95 16.15 2.4
    endloop
  endfacet
  facet normal -0.980086 -0.0626102 -0.188444
    outer loop
      vertex 28.05 16.15 2.4
      vertex 27.2583 15.3 6.79999
      vertex 27.204 16.15 6.79999
    endloop
  endfacet
  facet normal -0.980555 -0.0576797 -0.187576
    outer loop
      vertex 28.05 16.15 2.4
      vertex 28.1 15.3 2.4
      vertex 27.2583 15.3 6.79999
    endloop
  endfacet
  facet normal 0.980086 -0.0626102 -0.188444
    outer loop
      vertex 48.796 16.15 6.79999
      vertex 48.7417 15.3 6.79999
      vertex 47.95 16.15 2.4
    endloop
  endfacet
  facet normal 0.980555 -0.0576797 -0.187576
    outer loop
      vertex 47.95 16.15 2.4
      vertex 48.7417 15.3 6.79999
      vertex 47.9 15.3 2.4
    endloop
  endfacet
  facet normal -0.98027 -0.0625066 -0.187522
    outer loop
      vertex 28.1 15.3 2.4
      vertex 27.3125 14.45 6.79999
      vertex 27.2583 15.3 6.79999
    endloop
  endfacet
  facet normal -0.980727 -0.0576898 -0.186673
    outer loop
      vertex 28.1 15.3 2.4
      vertex 28.15 14.45 2.4
      vertex 27.3125 14.45 6.79999
    endloop
  endfacet
  facet normal 0.98027 -0.0625066 -0.187522
    outer loop
      vertex 48.7417 15.3 6.79999
      vertex 48.6875 14.45 6.79999
      vertex 47.9 15.3 2.4
    endloop
  endfacet
  facet normal 0.980727 -0.0576898 -0.186673
    outer loop
      vertex 47.9 15.3 2.4
      vertex 48.6875 14.45 6.79999
      vertex 47.85 14.45 2.4
    endloop
  endfacet
  facet normal -0.980434 -0.0626324 -0.186617
    outer loop
      vertex 28.15 14.45 2.4
      vertex 27.3668 13.6 6.79999
      vertex 27.3125 14.45 6.79999
    endloop
  endfacet
  facet normal -0.980902 -0.0577001 -0.185748
    outer loop
      vertex 28.15 14.45 2.4
      vertex 28.2 13.6 2.4
      vertex 27.3668 13.6 6.79999
    endloop
  endfacet
  facet normal 0.980434 -0.0626324 -0.186617
    outer loop
      vertex 48.6875 14.45 6.79999
      vertex 48.6332 13.6 6.79999
      vertex 47.85 14.45 2.4
    endloop
  endfacet
  facet normal 0.980902 -0.0577001 -0.185748
    outer loop
      vertex 47.85 14.45 2.4
      vertex 48.6332 13.6 6.79999
      vertex 47.8 13.6 2.4
    endloop
  endfacet
  facet normal -0.980616 -0.0625287 -0.185693
    outer loop
      vertex 28.2 13.6 2.4
      vertex 27.421 12.75 6.79999
      vertex 27.3668 13.6 6.79999
    endloop
  endfacet
  facet normal -0.981072 -0.0577101 -0.184843
    outer loop
      vertex 28.2 13.6 2.4
      vertex 28.25 12.75 2.4
      vertex 27.421 12.75 6.79999
    endloop
  endfacet
  facet normal 0.980616 -0.0625287 -0.185693
    outer loop
      vertex 48.6332 13.6 6.79999
      vertex 48.579 12.75 6.79999
      vertex 47.8 13.6 2.4
    endloop
  endfacet
  facet normal 0.981072 -0.0577101 -0.184843
    outer loop
      vertex 47.8 13.6 2.4
      vertex 48.579 12.75 6.79999
      vertex 47.75 12.75 2.4
    endloop
  endfacet
  facet normal -0.980779 -0.0626545 -0.184788
    outer loop
      vertex 28.25 12.75 2.4
      vertex 27.4753 11.9 6.79999
      vertex 27.421 12.75 6.79999
    endloop
  endfacet
  facet normal -0.981246 -0.0577203 -0.183917
    outer loop
      vertex 28.25 12.75 2.4
      vertex 28.3 11.9 2.4
      vertex 27.4753 11.9 6.79999
    endloop
  endfacet
  facet normal 0.980779 -0.0626545 -0.184788
    outer loop
      vertex 48.579 12.75 6.79999
      vertex 48.5247 11.9 6.79999
      vertex 47.75 12.75 2.4
    endloop
  endfacet
  facet normal 0.981246 -0.0577203 -0.183917
    outer loop
      vertex 47.75 12.75 2.4
      vertex 48.5247 11.9 6.79999
      vertex 47.7 11.9 2.4
    endloop
  endfacet
  facet normal -0.98096 -0.0625506 -0.183863
    outer loop
      vertex 28.3 11.9 2.4
      vertex 27.5295 11.05 6.79999
      vertex 27.4753 11.9 6.79999
    endloop
  endfacet
  facet normal -0.981414 -0.0577302 -0.183012
    outer loop
      vertex 28.3 11.9 2.4
      vertex 28.35 11.05 2.4
      vertex 27.5295 11.05 6.79999
    endloop
  endfacet
  facet normal 0.98096 -0.0625506 -0.183863
    outer loop
      vertex 48.5247 11.9 6.79999
      vertex 48.4705 11.05 6.79999
      vertex 47.7 11.9 2.4
    endloop
  endfacet
  facet normal 0.981414 -0.0577302 -0.183012
    outer loop
      vertex 47.7 11.9 2.4
      vertex 48.4705 11.05 6.79999
      vertex 47.65 11.05 2.4
    endloop
  endfacet
  facet normal -0.981121 -0.0626763 -0.182957
    outer loop
      vertex 28.35 11.05 2.4
      vertex 27.5838 10.2 6.79999
      vertex 27.5295 11.05 6.79999
    endloop
  endfacet
  facet normal -0.981586 -0.0577404 -0.182085
    outer loop
      vertex 28.35 11.05 2.4
      vertex 28.4 10.2 2.4
      vertex 27.5838 10.2 6.79999
    endloop
  endfacet
  facet normal 0.981121 -0.0626763 -0.182957
    outer loop
      vertex 48.4705 11.05 6.79999
      vertex 48.4162 10.2 6.79999
      vertex 47.65 11.05 2.4
    endloop
  endfacet
  facet normal 0.981586 -0.0577404 -0.182085
    outer loop
      vertex 47.65 11.05 2.4
      vertex 48.4162 10.2 6.79999
      vertex 47.6 10.2 2.4
    endloop
  endfacet
  facet normal -0.9813 -0.0625723 -0.182032
    outer loop
      vertex 28.4 10.2 2.4
      vertex 27.638 9.35 6.79999
      vertex 27.5838 10.2 6.79999
    endloop
  endfacet
  facet normal -0.981753 -0.0577502 -0.181178
    outer loop
      vertex 28.4 10.2 2.4
      vertex 28.45 9.35 2.4
      vertex 27.638 9.35 6.79999
    endloop
  endfacet
  facet normal 0.9813 -0.0625723 -0.182032
    outer loop
      vertex 48.4162 10.2 6.79999
      vertex 48.362 9.35 6.79999
      vertex 47.6 10.2 2.4
    endloop
  endfacet
  facet normal 0.981753 -0.0577502 -0.181178
    outer loop
      vertex 47.6 10.2 2.4
      vertex 48.362 9.35 6.79999
      vertex 47.55 9.35 2.4
    endloop
  endfacet
  facet normal -0.98146 -0.0626979 -0.181124
    outer loop
      vertex 28.45 9.35 2.4
      vertex 27.6923 8.5 6.79999
      vertex 27.638 9.35 6.79999
    endloop
  endfacet
  facet normal -0.981923 -0.0577602 -0.18025
    outer loop
      vertex 28.45 9.35 2.4
      vertex 28.5 8.5 2.4
      vertex 27.6923 8.5 6.79999
    endloop
  endfacet
  facet normal 0.98146 -0.0626979 -0.181124
    outer loop
      vertex 48.362 9.35 6.79999
      vertex 48.3077 8.5 6.79999
      vertex 47.55 9.35 2.4
    endloop
  endfacet
  facet normal 0.981923 -0.0577602 -0.18025
    outer loop
      vertex 47.55 9.35 2.4
      vertex 48.3077 8.5 6.79999
      vertex 47.5 8.5 2.4
    endloop
  endfacet
  facet normal -0.981637 -0.0625938 -0.180198
    outer loop
      vertex 28.5 8.5 2.4
      vertex 27.7465 7.65 6.79999
      vertex 27.6923 8.5 6.79999
    endloop
  endfacet
  facet normal -0.982089 -0.0577699 -0.179343
    outer loop
      vertex 28.5 8.5 2.4
      vertex 28.55 7.65 2.4
      vertex 27.7465 7.65 6.79999
    endloop
  endfacet
  facet normal 0.981637 -0.0625938 -0.180198
    outer loop
      vertex 48.3077 8.5 6.79999
      vertex 48.2535 7.65 6.79999
      vertex 47.5 8.5 2.4
    endloop
  endfacet
  facet normal 0.982089 -0.0577699 -0.179343
    outer loop
      vertex 47.5 8.5 2.4
      vertex 48.2535 7.65 6.79999
      vertex 47.45 7.65 2.4
    endloop
  endfacet
  facet normal -0.981795 -0.0627194 -0.17929
    outer loop
      vertex 28.55 7.65 2.4
      vertex 27.8008 6.8 6.79999
      vertex 27.7465 7.65 6.79999
    endloop
  endfacet
  facet normal -0.982258 -0.0577799 -0.178414
    outer loop
      vertex 28.55 7.65 2.4
      vertex 28.6 6.8 2.4
      vertex 27.8008 6.8 6.79999
    endloop
  endfacet
  facet normal 0.981795 -0.0627194 -0.17929
    outer loop
      vertex 48.2535 7.65 6.79999
      vertex 48.1992 6.8 6.79999
      vertex 47.45 7.65 2.4
    endloop
  endfacet
  facet normal 0.982258 -0.0577799 -0.178414
    outer loop
      vertex 47.45 7.65 2.4
      vertex 48.1992 6.8 6.79999
      vertex 47.4 6.8 2.4
    endloop
  endfacet
  facet normal -0.981971 -0.0626151 -0.178362
    outer loop
      vertex 28.6 6.8 2.4
      vertex 27.855 5.95 6.79999
      vertex 27.8008 6.8 6.79999
    endloop
  endfacet
  facet normal -0.982421 -0.0577895 -0.177506
    outer loop
      vertex 28.6 6.8 2.4
      vertex 28.65 5.95 2.4
      vertex 27.855 5.95 6.79999
    endloop
  endfacet
  facet normal 0.981971 -0.0626151 -0.178362
    outer loop
      vertex 48.1992 6.8 6.79999
      vertex 48.145 5.95 6.79999
      vertex 47.4 6.8 2.4
    endloop
  endfacet
  facet normal 0.982421 -0.0577895 -0.177506
    outer loop
      vertex 47.4 6.8 2.4
      vertex 48.145 5.95 6.79999
      vertex 47.35 5.95 2.4
    endloop
  endfacet
  facet normal -0.982127 -0.0627406 -0.177453
    outer loop
      vertex 28.65 5.95 2.4
      vertex 27.9093 5.1 6.79999
      vertex 27.855 5.95 6.79999
    endloop
  endfacet
  facet normal -0.982588 -0.0577993 -0.176576
    outer loop
      vertex 28.65 5.95 2.4
      vertex 28.7 5.1 2.4
      vertex 27.9093 5.1 6.79999
    endloop
  endfacet
  facet normal 0.982127 -0.0627406 -0.177453
    outer loop
      vertex 48.145 5.95 6.79999
      vertex 48.0907 5.1 6.79999
      vertex 47.35 5.95 2.4
    endloop
  endfacet
  facet normal 0.982588 -0.0577993 -0.176576
    outer loop
      vertex 47.35 5.95 2.4
      vertex 48.0907 5.1 6.79999
      vertex 47.3 5.1 2.4
    endloop
  endfacet
  facet normal -0.982301 -0.0626362 -0.176524
    outer loop
      vertex 28.7 5.1 2.4
      vertex 27.9635 4.25 6.79999
      vertex 27.9093 5.1 6.79999
    endloop
  endfacet
  facet normal -0.982751 -0.0578089 -0.175667
    outer loop
      vertex 28.7 5.1 2.4
      vertex 28.75 4.25 2.4
      vertex 27.9635 4.25 6.79999
    endloop
  endfacet
  facet normal 0.982301 -0.0626362 -0.176524
    outer loop
      vertex 48.0907 5.1 6.79999
      vertex 48.0365 4.25 6.79999
      vertex 47.3 5.1 2.4
    endloop
  endfacet
  facet normal 0.982751 -0.0578089 -0.175667
    outer loop
      vertex 47.3 5.1 2.4
      vertex 48.0365 4.25 6.79999
      vertex 47.25 4.25 2.4
    endloop
  endfacet
  facet normal -0.982456 -0.0627616 -0.175614
    outer loop
      vertex 28.75 4.25 2.4
      vertex 28.0178 3.4 6.79999
      vertex 27.9635 4.25 6.79999
    endloop
  endfacet
  facet normal -0.982916 -0.0578186 -0.174736
    outer loop
      vertex 28.75 4.25 2.4
      vertex 28.8 3.4 2.4
      vertex 28.0178 3.4 6.79999
    endloop
  endfacet
  facet normal 0.982456 -0.0627616 -0.175614
    outer loop
      vertex 48.0365 4.25 6.79999
      vertex 47.9822 3.4 6.79999
      vertex 47.25 4.25 2.4
    endloop
  endfacet
  facet normal 0.982916 -0.0578186 -0.174736
    outer loop
      vertex 47.25 4.25 2.4
      vertex 47.9822 3.4 6.79999
      vertex 47.2 3.4 2.4
    endloop
  endfacet
  facet normal -0.982629 -0.062657 -0.174685
    outer loop
      vertex 28.8 3.4 2.4
      vertex 28.072 2.55 6.79999
      vertex 28.0178 3.4 6.79999
    endloop
  endfacet
  facet normal -0.983077 -0.0578281 -0.173826
    outer loop
      vertex 28.8 3.4 2.4
      vertex 28.85 2.55 2.4
      vertex 28.072 2.55 6.79999
    endloop
  endfacet
  facet normal 0.982629 -0.062657 -0.174685
    outer loop
      vertex 47.9822 3.4 6.79999
      vertex 47.928 2.55 6.79999
      vertex 47.2 3.4 2.4
    endloop
  endfacet
  facet normal 0.983077 -0.0578281 -0.173826
    outer loop
      vertex 47.2 3.4 2.4
      vertex 47.928 2.55 6.79999
      vertex 47.15 2.55 2.4
    endloop
  endfacet
  facet normal -0.982782 -0.0627824 -0.173774
    outer loop
      vertex 28.85 2.55 2.4
      vertex 28.1263 1.7 6.79999
      vertex 28.072 2.55 6.79999
    endloop
  endfacet
  facet normal -0.983241 -0.0578377 -0.172894
    outer loop
      vertex 28.85 2.55 2.4
      vertex 28.9 1.7 2.4
      vertex 28.1263 1.7 6.79999
    endloop
  endfacet
  facet normal 0.982782 -0.0627824 -0.173774
    outer loop
      vertex 47.928 2.55 6.79999
      vertex 47.8737 1.7 6.79999
      vertex 47.15 2.55 2.4
    endloop
  endfacet
  facet normal 0.983241 -0.0578377 -0.172894
    outer loop
      vertex 47.15 2.55 2.4
      vertex 47.8737 1.7 6.79999
      vertex 47.1 1.7 2.4
    endloop
  endfacet
  facet normal -0.982953 -0.0626776 -0.172844
    outer loop
      vertex 28.9 1.7 2.4
      vertex 28.1805 0.849999 6.79999
      vertex 28.1263 1.7 6.79999
    endloop
  endfacet
  facet normal -0.9834 -0.057847 -0.171984
    outer loop
      vertex 28.9 1.7 2.4
      vertex 28.95 0.849999 2.4
      vertex 28.1805 0.849999 6.79999
    endloop
  endfacet
  facet normal 0.982953 -0.0626776 -0.172844
    outer loop
      vertex 47.8737 1.7 6.79999
      vertex 47.8195 0.849999 6.79999
      vertex 47.1 1.7 2.4
    endloop
  endfacet
  facet normal 0.9834 -0.057847 -0.171984
    outer loop
      vertex 47.1 1.7 2.4
      vertex 47.8195 0.849999 6.79999
      vertex 47.05 0.849999 2.4
    endloop
  endfacet
  facet normal -0.983105 -0.0628031 -0.171932
    outer loop
      vertex 28.95 0.849999 2.4
      vertex 28.2348 0 6.79999
      vertex 28.1805 0.849999 6.79999
    endloop
  endfacet
  facet normal -0.983562 -0.0578567 -0.171051
    outer loop
      vertex 28.95 0.849999 2.4
      vertex 29 0 2.4
      vertex 28.2348 0 6.79999
    endloop
  endfacet
  facet normal 0.983105 -0.0628031 -0.171932
    outer loop
      vertex 47.8195 0.849999 6.79999
      vertex 47.7652 0 6.79999
      vertex 47.05 0.849999 2.4
    endloop
  endfacet
  facet normal 0.983562 -0.0578567 -0.171051
    outer loop
      vertex 47.05 0.849999 2.4
      vertex 47.7652 0 6.79999
      vertex 47 0 2.4
    endloop
  endfacet
  facet normal 0.233471 -0.972364 0
    outer loop
      vertex -38.6489 9.49722 0
      vertex -38.3285 9.57415 3.8
      vertex -38.6489 9.49722 3.8
    endloop
  endfacet
  facet normal 0.233471 -0.972364 0
    outer loop
      vertex -38.3285 9.57415 3.8
      vertex -38.6489 9.49722 0
      vertex -38.3285 9.57415 0
    endloop
  endfacet
  facet normal 0.233471 -0.972364 0
    outer loop
      vertex -38.6489 9.49722 6.3
      vertex -38.3285 9.57415 6.79999
      vertex -38.6489 9.49722 6.79999
    endloop
  endfacet
  facet normal 0.233471 -0.972364 0
    outer loop
      vertex -38.3285 9.57415 6.79999
      vertex -38.6489 9.49722 6.3
      vertex -38.3285 9.57415 6.3
    endloop
  endfacet
  facet normal -0.97239 -0.233364 0
    outer loop
      vertex -35.9259 7.82851 0
      vertex -36.0028 8.14894 3.8
      vertex -36.0028 8.14894 0
    endloop
  endfacet
  facet normal -0.97239 -0.233364 0
    outer loop
      vertex -36.0028 8.14894 3.8
      vertex -35.9259 7.82851 0
      vertex -35.9259 7.82851 3.8
    endloop
  endfacet
  facet normal -0.97239 -0.233364 0
    outer loop
      vertex -35.9259 7.82851 6.3
      vertex -36.0028 8.14894 6.79999
      vertex -36.0028 8.14894 6.3
    endloop
  endfacet
  facet normal -0.97239 -0.233364 0
    outer loop
      vertex -36.0028 8.14894 6.79999
      vertex -35.9259 7.82851 6.3
      vertex -35.9259 7.82851 6.79999
    endloop
  endfacet
  facet normal -0.996906 -0.0785969 0
    outer loop
      vertex -35.9 7.5 0
      vertex -35.9259 7.82851 3.8
      vertex -35.9259 7.82851 0
    endloop
  endfacet
  facet normal -0.996906 -0.0785969 0
    outer loop
      vertex -35.9259 7.82851 3.8
      vertex -35.9 7.5 0
      vertex -35.9 7.5 3.8
    endloop
  endfacet
  facet normal -0.996906 -0.0785969 0
    outer loop
      vertex -35.9 7.5 6.3
      vertex -35.9259 7.82851 6.79999
      vertex -35.9259 7.82851 6.3
    endloop
  endfacet
  facet normal -0.996906 -0.0785969 0
    outer loop
      vertex -35.9259 7.82851 6.79999
      vertex -35.9 7.5 6.3
      vertex -35.9 7.5 6.79999
    endloop
  endfacet
  facet normal 0.852611 0.522546 0
    outer loop
      vertex -39.6989 6.26565 3.8
      vertex -39.8711 6.54662 0
      vertex -39.8711 6.54662 3.8
    endloop
  endfacet
  facet normal 0.852611 0.522546 0
    outer loop
      vertex -39.8711 6.54662 0
      vertex -39.6989 6.26565 3.8
      vertex -39.6989 6.26565 0
    endloop
  endfacet
  facet normal 0.852611 0.522546 0
    outer loop
      vertex -39.6989 6.26565 6.79999
      vertex -39.8711 6.54662 6.3
      vertex -39.8711 6.54662 6.79999
    endloop
  endfacet
  facet normal 0.852611 0.522546 0
    outer loop
      vertex -39.8711 6.54662 6.3
      vertex -39.6989 6.26565 6.79999
      vertex -39.6989 6.26565 6.3
    endloop
  endfacet
  facet normal 0.522574 0.852594 -0
    outer loop
      vertex -38.9534 5.62889 0
      vertex -39.2343 5.80106 3.8
      vertex -38.9534 5.62889 3.8
    endloop
  endfacet
  facet normal 0.522574 0.852594 0
    outer loop
      vertex -39.2343 5.80106 3.8
      vertex -38.9534 5.62889 0
      vertex -39.2343 5.80106 0
    endloop
  endfacet
  facet normal 0.522574 0.852594 -0
    outer loop
      vertex -38.9534 5.62889 6.3
      vertex -39.2343 5.80106 6.79999
      vertex -38.9534 5.62889 6.79999
    endloop
  endfacet
  facet normal 0.522574 0.852594 0
    outer loop
      vertex -39.2343 5.80106 6.79999
      vertex -38.9534 5.62889 6.3
      vertex -39.2343 5.80106 6.3
    endloop
  endfacet
  facet normal -0.996906 0.0785969 0
    outer loop
      vertex -35.9259 7.17149 0
      vertex -35.9 7.5 3.8
      vertex -35.9 7.5 0
    endloop
  endfacet
  facet normal -0.996906 0.0785969 0
    outer loop
      vertex -35.9 7.5 3.8
      vertex -35.9259 7.17149 0
      vertex -35.9259 7.17149 3.8
    endloop
  endfacet
  facet normal -0.996906 0.0785969 0
    outer loop
      vertex -35.9259 7.17149 6.3
      vertex -35.9 7.5 6.79999
      vertex -35.9 7.5 6.3
    endloop
  endfacet
  facet normal -0.996906 0.0785969 0
    outer loop
      vertex -35.9 7.5 6.79999
      vertex -35.9259 7.17149 6.3
      vertex -35.9259 7.17149 6.79999
    endloop
  endfacet
  facet normal -0.0784485 -0.996918 0
    outer loop
      vertex -38 9.6 0
      vertex -37.6715 9.57415 3.8
      vertex -38 9.6 3.8
    endloop
  endfacet
  facet normal -0.0784485 -0.996918 -0
    outer loop
      vertex -37.6715 9.57415 3.8
      vertex -38 9.6 0
      vertex -37.6715 9.57415 0
    endloop
  endfacet
  facet normal -0.0784485 -0.996918 0
    outer loop
      vertex -38 9.6 6.3
      vertex -37.6715 9.57415 6.79999
      vertex -38 9.6 6.79999
    endloop
  endfacet
  facet normal -0.0784485 -0.996918 -0
    outer loop
      vertex -37.6715 9.57415 6.79999
      vertex -38 9.6 6.3
      vertex -37.6715 9.57415 6.3
    endloop
  endfacet
  facet normal -0.760416 -0.649436 0
    outer loop
      vertex -36.3011 8.73435 6.3
      vertex -36.5151 8.98492 6.79999
      vertex -36.5151 8.98492 6.3
    endloop
  endfacet
  facet normal -0.760416 -0.649436 0
    outer loop
      vertex -36.5151 8.98492 6.79999
      vertex -36.3011 8.73435 6.3
      vertex -36.3011 8.73435 6.79999
    endloop
  endfacet
  facet normal -0.760416 -0.649436 0
    outer loop
      vertex -36.3011 8.73435 0
      vertex -36.5151 8.98492 3.8
      vertex -36.5151 8.98492 0
    endloop
  endfacet
  facet normal -0.760416 -0.649436 0
    outer loop
      vertex -36.5151 8.98492 3.8
      vertex -36.3011 8.73435 0
      vertex -36.3011 8.73435 3.8
    endloop
  endfacet
  facet normal -0.522574 -0.852594 0
    outer loop
      vertex -37.0466 9.37111 0
      vertex -36.7657 9.19894 3.8
      vertex -37.0466 9.37111 3.8
    endloop
  endfacet
  facet normal -0.522574 -0.852594 -0
    outer loop
      vertex -36.7657 9.19894 3.8
      vertex -37.0466 9.37111 0
      vertex -36.7657 9.19894 0
    endloop
  endfacet
  facet normal -0.522574 -0.852594 0
    outer loop
      vertex -37.0466 9.37111 6.3
      vertex -36.7657 9.19894 6.79999
      vertex -37.0466 9.37111 6.79999
    endloop
  endfacet
  facet normal -0.522574 -0.852594 -0
    outer loop
      vertex -36.7657 9.19894 6.79999
      vertex -37.0466 9.37111 6.3
      vertex -36.7657 9.19894 6.3
    endloop
  endfacet
  facet normal 0.0784485 0.996918 -0
    outer loop
      vertex -38 5.4 0
      vertex -38.3285 5.42585 3.8
      vertex -38 5.4 3.8
    endloop
  endfacet
  facet normal 0.0784485 0.996918 0
    outer loop
      vertex -38.3285 5.42585 3.8
      vertex -38 5.4 0
      vertex -38.3285 5.42585 0
    endloop
  endfacet
  facet normal 0.0784485 0.996918 -0
    outer loop
      vertex -38 5.4 6.3
      vertex -38.3285 5.42585 6.79999
      vertex -38 5.4 6.79999
    endloop
  endfacet
  facet normal 0.0784485 0.996918 0
    outer loop
      vertex -38.3285 5.42585 6.79999
      vertex -38 5.4 6.3
      vertex -38.3285 5.42585 6.3
    endloop
  endfacet
  facet normal 0.649426 0.760425 -0
    outer loop
      vertex -39.2343 5.80106 6.3
      vertex -39.4849 6.01508 6.79999
      vertex -39.2343 5.80106 6.79999
    endloop
  endfacet
  facet normal 0.649426 0.760425 0
    outer loop
      vertex -39.4849 6.01508 6.79999
      vertex -39.2343 5.80106 6.3
      vertex -39.4849 6.01508 6.3
    endloop
  endfacet
  facet normal 0.649426 0.760425 -0
    outer loop
      vertex -39.2343 5.80106 0
      vertex -39.4849 6.01508 3.8
      vertex -39.2343 5.80106 3.8
    endloop
  endfacet
  facet normal 0.649426 0.760425 0
    outer loop
      vertex -39.4849 6.01508 3.8
      vertex -39.2343 5.80106 0
      vertex -39.4849 6.01508 0
    endloop
  endfacet
  facet normal 0.760416 -0.649436 0
    outer loop
      vertex -39.6989 8.73435 3.8
      vertex -39.4849 8.98492 0
      vertex -39.4849 8.98492 3.8
    endloop
  endfacet
  facet normal 0.760416 -0.649436 0
    outer loop
      vertex -39.4849 8.98492 0
      vertex -39.6989 8.73435 3.8
      vertex -39.6989 8.73435 0
    endloop
  endfacet
  facet normal 0.760416 -0.649436 0
    outer loop
      vertex -39.6989 8.73435 6.79999
      vertex -39.4849 8.98492 6.3
      vertex -39.4849 8.98492 6.79999
    endloop
  endfacet
  facet normal 0.760416 -0.649436 0
    outer loop
      vertex -39.4849 8.98492 6.3
      vertex -39.6989 8.73435 6.79999
      vertex -39.6989 8.73435 6.3
    endloop
  endfacet
  facet normal 0.0784485 -0.996918 0
    outer loop
      vertex -38.3285 9.57415 6.3
      vertex -38 9.6 6.79999
      vertex -38.3285 9.57415 6.79999
    endloop
  endfacet
  facet normal 0.0784485 -0.996918 0
    outer loop
      vertex -38 9.6 6.79999
      vertex -38.3285 9.57415 6.3
      vertex -38 9.6 6.3
    endloop
  endfacet
  facet normal 0.0784485 -0.996918 0
    outer loop
      vertex -38.3285 9.57415 0
      vertex -38 9.6 3.8
      vertex -38.3285 9.57415 3.8
    endloop
  endfacet
  facet normal 0.0784485 -0.996918 0
    outer loop
      vertex -38 9.6 3.8
      vertex -38.3285 9.57415 0
      vertex -38 9.6 0
    endloop
  endfacet
  facet normal -0.852611 0.522546 0
    outer loop
      vertex -36.3011 6.26565 6.3
      vertex -36.1289 6.54662 6.79999
      vertex -36.1289 6.54662 6.3
    endloop
  endfacet
  facet normal -0.852611 0.522546 0
    outer loop
      vertex -36.1289 6.54662 6.79999
      vertex -36.3011 6.26565 6.3
      vertex -36.3011 6.26565 6.79999
    endloop
  endfacet
  facet normal -0.852611 0.522546 0
    outer loop
      vertex -36.3011 6.26565 0
      vertex -36.1289 6.54662 3.8
      vertex -36.1289 6.54662 0
    endloop
  endfacet
  facet normal -0.852611 0.522546 0
    outer loop
      vertex -36.1289 6.54662 3.8
      vertex -36.3011 6.26565 0
      vertex -36.3011 6.26565 3.8
    endloop
  endfacet
  facet normal -0.97239 0.233364 0
    outer loop
      vertex -36.0028 6.85106 6.3
      vertex -35.9259 7.17149 6.79999
      vertex -35.9259 7.17149 6.3
    endloop
  endfacet
  facet normal -0.97239 0.233364 0
    outer loop
      vertex -35.9259 7.17149 6.79999
      vertex -36.0028 6.85106 6.3
      vertex -36.0028 6.85106 6.79999
    endloop
  endfacet
  facet normal -0.97239 0.233364 0
    outer loop
      vertex -36.0028 6.85106 0
      vertex -35.9259 7.17149 3.8
      vertex -35.9259 7.17149 0
    endloop
  endfacet
  facet normal -0.97239 0.233364 0
    outer loop
      vertex -35.9259 7.17149 3.8
      vertex -36.0028 6.85106 0
      vertex -36.0028 6.85106 3.8
    endloop
  endfacet
  facet normal -0.852611 -0.522546 0
    outer loop
      vertex -36.1289 8.45338 6.3
      vertex -36.3011 8.73435 6.79999
      vertex -36.3011 8.73435 6.3
    endloop
  endfacet
  facet normal -0.852611 -0.522546 0
    outer loop
      vertex -36.3011 8.73435 6.79999
      vertex -36.1289 8.45338 6.3
      vertex -36.1289 8.45338 6.79999
    endloop
  endfacet
  facet normal -0.852611 -0.522546 0
    outer loop
      vertex -36.1289 8.45338 0
      vertex -36.3011 8.73435 3.8
      vertex -36.3011 8.73435 0
    endloop
  endfacet
  facet normal -0.852611 -0.522546 0
    outer loop
      vertex -36.3011 8.73435 3.8
      vertex -36.1289 8.45338 0
      vertex -36.1289 8.45338 3.8
    endloop
  endfacet
  facet normal 0.996906 0.0785969 0
    outer loop
      vertex -40.0741 7.17149 3.8
      vertex -40.1 7.5 0
      vertex -40.1 7.5 3.8
    endloop
  endfacet
  facet normal 0.996906 0.0785969 0
    outer loop
      vertex -40.1 7.5 0
      vertex -40.0741 7.17149 3.8
      vertex -40.0741 7.17149 0
    endloop
  endfacet
  facet normal 0.996906 0.0785969 0
    outer loop
      vertex -40.0741 7.17149 6.79999
      vertex -40.1 7.5 6.3
      vertex -40.1 7.5 6.79999
    endloop
  endfacet
  facet normal 0.996906 0.0785969 0
    outer loop
      vertex -40.1 7.5 6.3
      vertex -40.0741 7.17149 6.79999
      vertex -40.0741 7.17149 6.3
    endloop
  endfacet
  facet normal -0.522574 0.852594 0
    outer loop
      vertex -36.7657 5.80106 6.3
      vertex -37.0466 5.62889 6.79999
      vertex -36.7657 5.80106 6.79999
    endloop
  endfacet
  facet normal -0.522574 0.852594 0
    outer loop
      vertex -37.0466 5.62889 6.79999
      vertex -36.7657 5.80106 6.3
      vertex -37.0466 5.62889 6.3
    endloop
  endfacet
  facet normal -0.522574 0.852594 0
    outer loop
      vertex -36.7657 5.80106 0
      vertex -37.0466 5.62889 3.8
      vertex -36.7657 5.80106 3.8
    endloop
  endfacet
  facet normal -0.522574 0.852594 0
    outer loop
      vertex -37.0466 5.62889 3.8
      vertex -36.7657 5.80106 0
      vertex -37.0466 5.62889 0
    endloop
  endfacet
  facet normal 0.649426 -0.760425 0
    outer loop
      vertex -39.4849 8.98492 6.3
      vertex -39.2343 9.19894 6.79999
      vertex -39.4849 8.98492 6.79999
    endloop
  endfacet
  facet normal 0.649426 -0.760425 0
    outer loop
      vertex -39.2343 9.19894 6.79999
      vertex -39.4849 8.98492 6.3
      vertex -39.2343 9.19894 6.3
    endloop
  endfacet
  facet normal 0.649426 -0.760425 0
    outer loop
      vertex -39.4849 8.98492 0
      vertex -39.2343 9.19894 3.8
      vertex -39.4849 8.98492 3.8
    endloop
  endfacet
  facet normal 0.649426 -0.760425 0
    outer loop
      vertex -39.2343 9.19894 3.8
      vertex -39.4849 8.98492 0
      vertex -39.2343 9.19894 0
    endloop
  endfacet
  facet normal -0.382637 0.923899 0
    outer loop
      vertex -37.0466 5.62889 6.3
      vertex -37.3511 5.50278 6.79999
      vertex -37.0466 5.62889 6.79999
    endloop
  endfacet
  facet normal -0.382637 0.923899 0
    outer loop
      vertex -37.3511 5.50278 6.79999
      vertex -37.0466 5.62889 6.3
      vertex -37.3511 5.50278 6.3
    endloop
  endfacet
  facet normal -0.382637 0.923899 0
    outer loop
      vertex -37.0466 5.62889 0
      vertex -37.3511 5.50278 3.8
      vertex -37.0466 5.62889 3.8
    endloop
  endfacet
  facet normal -0.382637 0.923899 0
    outer loop
      vertex -37.3511 5.50278 3.8
      vertex -37.0466 5.62889 0
      vertex -37.3511 5.50278 0
    endloop
  endfacet
  facet normal -0.233471 -0.972364 0
    outer loop
      vertex -37.6715 9.57415 6.3
      vertex -37.3511 9.49722 6.79999
      vertex -37.6715 9.57415 6.79999
    endloop
  endfacet
  facet normal -0.233471 -0.972364 -0
    outer loop
      vertex -37.3511 9.49722 6.79999
      vertex -37.6715 9.57415 6.3
      vertex -37.3511 9.49722 6.3
    endloop
  endfacet
  facet normal -0.233471 -0.972364 0
    outer loop
      vertex -37.6715 9.57415 0
      vertex -37.3511 9.49722 3.8
      vertex -37.6715 9.57415 3.8
    endloop
  endfacet
  facet normal -0.233471 -0.972364 -0
    outer loop
      vertex -37.3511 9.49722 3.8
      vertex -37.6715 9.57415 0
      vertex -37.3511 9.49722 0
    endloop
  endfacet
  facet normal 0.923883 0.382675 0
    outer loop
      vertex -39.8711 6.54662 3.8
      vertex -39.9972 6.85106 0
      vertex -39.9972 6.85106 3.8
    endloop
  endfacet
  facet normal 0.923883 0.382675 0
    outer loop
      vertex -39.9972 6.85106 0
      vertex -39.8711 6.54662 3.8
      vertex -39.8711 6.54662 0
    endloop
  endfacet
  facet normal 0.923883 0.382675 0
    outer loop
      vertex -39.8711 6.54662 6.79999
      vertex -39.9972 6.85106 6.3
      vertex -39.9972 6.85106 6.79999
    endloop
  endfacet
  facet normal 0.923883 0.382675 0
    outer loop
      vertex -39.9972 6.85106 6.3
      vertex -39.8711 6.54662 6.79999
      vertex -39.8711 6.54662 6.3
    endloop
  endfacet
  facet normal -0.760416 0.649436 0
    outer loop
      vertex -36.5151 6.01508 6.3
      vertex -36.3011 6.26565 6.79999
      vertex -36.3011 6.26565 6.3
    endloop
  endfacet
  facet normal -0.760416 0.649436 0
    outer loop
      vertex -36.3011 6.26565 6.79999
      vertex -36.5151 6.01508 6.3
      vertex -36.5151 6.01508 6.79999
    endloop
  endfacet
  facet normal -0.760416 0.649436 0
    outer loop
      vertex -36.5151 6.01508 0
      vertex -36.3011 6.26565 3.8
      vertex -36.3011 6.26565 0
    endloop
  endfacet
  facet normal -0.760416 0.649436 0
    outer loop
      vertex -36.3011 6.26565 3.8
      vertex -36.5151 6.01508 0
      vertex -36.5151 6.01508 3.8
    endloop
  endfacet
  facet normal 0.760416 0.649436 0
    outer loop
      vertex -39.4849 6.01508 6.79999
      vertex -39.6989 6.26565 6.3
      vertex -39.6989 6.26565 6.79999
    endloop
  endfacet
  facet normal 0.760416 0.649436 0
    outer loop
      vertex -39.6989 6.26565 6.3
      vertex -39.4849 6.01508 6.79999
      vertex -39.4849 6.01508 6.3
    endloop
  endfacet
  facet normal 0.760416 0.649436 0
    outer loop
      vertex -39.4849 6.01508 3.8
      vertex -39.6989 6.26565 0
      vertex -39.6989 6.26565 3.8
    endloop
  endfacet
  facet normal 0.760416 0.649436 0
    outer loop
      vertex -39.6989 6.26565 0
      vertex -39.4849 6.01508 3.8
      vertex -39.4849 6.01508 0
    endloop
  endfacet
  facet normal -0.923883 0.382675 0
    outer loop
      vertex -36.1289 6.54662 0
      vertex -36.0028 6.85106 3.8
      vertex -36.0028 6.85106 0
    endloop
  endfacet
  facet normal -0.923883 0.382675 0
    outer loop
      vertex -36.0028 6.85106 3.8
      vertex -36.1289 6.54662 0
      vertex -36.1289 6.54662 3.8
    endloop
  endfacet
  facet normal -0.923883 0.382675 0
    outer loop
      vertex -36.1289 6.54662 6.3
      vertex -36.0028 6.85106 6.79999
      vertex -36.0028 6.85106 6.3
    endloop
  endfacet
  facet normal -0.923883 0.382675 0
    outer loop
      vertex -36.0028 6.85106 6.79999
      vertex -36.1289 6.54662 6.3
      vertex -36.1289 6.54662 6.79999
    endloop
  endfacet
  facet normal -0.649426 -0.760425 0
    outer loop
      vertex -36.7657 9.19894 0
      vertex -36.5151 8.98492 3.8
      vertex -36.7657 9.19894 3.8
    endloop
  endfacet
  facet normal -0.649426 -0.760425 -0
    outer loop
      vertex -36.5151 8.98492 3.8
      vertex -36.7657 9.19894 0
      vertex -36.5151 8.98492 0
    endloop
  endfacet
  facet normal -0.649426 -0.760425 0
    outer loop
      vertex -36.7657 9.19894 6.3
      vertex -36.5151 8.98492 6.79999
      vertex -36.7657 9.19894 6.79999
    endloop
  endfacet
  facet normal -0.649426 -0.760425 -0
    outer loop
      vertex -36.5151 8.98492 6.79999
      vertex -36.7657 9.19894 6.3
      vertex -36.5151 8.98492 6.3
    endloop
  endfacet
  facet normal -0.923883 -0.382675 0
    outer loop
      vertex -36.0028 8.14894 0
      vertex -36.1289 8.45338 3.8
      vertex -36.1289 8.45338 0
    endloop
  endfacet
  facet normal -0.923883 -0.382675 0
    outer loop
      vertex -36.1289 8.45338 3.8
      vertex -36.0028 8.14894 0
      vertex -36.0028 8.14894 3.8
    endloop
  endfacet
  facet normal -0.923883 -0.382675 0
    outer loop
      vertex -36.0028 8.14894 6.3
      vertex -36.1289 8.45338 6.79999
      vertex -36.1289 8.45338 6.3
    endloop
  endfacet
  facet normal -0.923883 -0.382675 0
    outer loop
      vertex -36.1289 8.45338 6.79999
      vertex -36.0028 8.14894 6.3
      vertex -36.0028 8.14894 6.79999
    endloop
  endfacet
  facet normal -0.382637 -0.923899 0
    outer loop
      vertex -37.3511 9.49722 6.3
      vertex -37.0466 9.37111 6.79999
      vertex -37.3511 9.49722 6.79999
    endloop
  endfacet
  facet normal -0.382637 -0.923899 -0
    outer loop
      vertex -37.0466 9.37111 6.79999
      vertex -37.3511 9.49722 6.3
      vertex -37.0466 9.37111 6.3
    endloop
  endfacet
  facet normal -0.382637 -0.923899 0
    outer loop
      vertex -37.3511 9.49722 0
      vertex -37.0466 9.37111 3.8
      vertex -37.3511 9.49722 3.8
    endloop
  endfacet
  facet normal -0.382637 -0.923899 -0
    outer loop
      vertex -37.0466 9.37111 3.8
      vertex -37.3511 9.49722 0
      vertex -37.0466 9.37111 0
    endloop
  endfacet
  facet normal -0.649426 0.760425 0
    outer loop
      vertex -36.5151 6.01508 6.3
      vertex -36.7657 5.80106 6.79999
      vertex -36.5151 6.01508 6.79999
    endloop
  endfacet
  facet normal -0.649426 0.760425 0
    outer loop
      vertex -36.7657 5.80106 6.79999
      vertex -36.5151 6.01508 6.3
      vertex -36.7657 5.80106 6.3
    endloop
  endfacet
  facet normal -0.649426 0.760425 0
    outer loop
      vertex -36.5151 6.01508 0
      vertex -36.7657 5.80106 3.8
      vertex -36.5151 6.01508 3.8
    endloop
  endfacet
  facet normal -0.649426 0.760425 0
    outer loop
      vertex -36.7657 5.80106 3.8
      vertex -36.5151 6.01508 0
      vertex -36.7657 5.80106 0
    endloop
  endfacet
  facet normal -0.233471 0.972364 0
    outer loop
      vertex -37.3511 5.50278 0
      vertex -37.6715 5.42585 3.8
      vertex -37.3511 5.50278 3.8
    endloop
  endfacet
  facet normal -0.233471 0.972364 0
    outer loop
      vertex -37.6715 5.42585 3.8
      vertex -37.3511 5.50278 0
      vertex -37.6715 5.42585 0
    endloop
  endfacet
  facet normal -0.233471 0.972364 0
    outer loop
      vertex -37.3511 5.50278 6.3
      vertex -37.6715 5.42585 6.79999
      vertex -37.3511 5.50278 6.79999
    endloop
  endfacet
  facet normal -0.233471 0.972364 0
    outer loop
      vertex -37.6715 5.42585 6.79999
      vertex -37.3511 5.50278 6.3
      vertex -37.6715 5.42585 6.3
    endloop
  endfacet
  facet normal 0.382637 0.923899 -0
    outer loop
      vertex -38.6489 5.50278 0
      vertex -38.9534 5.62889 3.8
      vertex -38.6489 5.50278 3.8
    endloop
  endfacet
  facet normal 0.382637 0.923899 0
    outer loop
      vertex -38.9534 5.62889 3.8
      vertex -38.6489 5.50278 0
      vertex -38.9534 5.62889 0
    endloop
  endfacet
  facet normal 0.382637 0.923899 -0
    outer loop
      vertex -38.6489 5.50278 6.3
      vertex -38.9534 5.62889 6.79999
      vertex -38.6489 5.50278 6.79999
    endloop
  endfacet
  facet normal 0.382637 0.923899 0
    outer loop
      vertex -38.9534 5.62889 6.79999
      vertex -38.6489 5.50278 6.3
      vertex -38.9534 5.62889 6.3
    endloop
  endfacet
  facet normal -0.0784485 0.996918 0
    outer loop
      vertex -37.6715 5.42585 0
      vertex -38 5.4 3.8
      vertex -37.6715 5.42585 3.8
    endloop
  endfacet
  facet normal -0.0784485 0.996918 0
    outer loop
      vertex -38 5.4 3.8
      vertex -37.6715 5.42585 0
      vertex -38 5.4 0
    endloop
  endfacet
  facet normal -0.0784485 0.996918 0
    outer loop
      vertex -37.6715 5.42585 6.3
      vertex -38 5.4 6.79999
      vertex -37.6715 5.42585 6.79999
    endloop
  endfacet
  facet normal -0.0784485 0.996918 0
    outer loop
      vertex -38 5.4 6.79999
      vertex -37.6715 5.42585 6.3
      vertex -38 5.4 6.3
    endloop
  endfacet
  facet normal 0.522574 -0.852594 0
    outer loop
      vertex -39.2343 9.19894 0
      vertex -38.9534 9.37111 3.8
      vertex -39.2343 9.19894 3.8
    endloop
  endfacet
  facet normal 0.522574 -0.852594 0
    outer loop
      vertex -38.9534 9.37111 3.8
      vertex -39.2343 9.19894 0
      vertex -38.9534 9.37111 0
    endloop
  endfacet
  facet normal 0.522574 -0.852594 0
    outer loop
      vertex -39.2343 9.19894 6.3
      vertex -38.9534 9.37111 6.79999
      vertex -39.2343 9.19894 6.79999
    endloop
  endfacet
  facet normal 0.522574 -0.852594 0
    outer loop
      vertex -38.9534 9.37111 6.79999
      vertex -39.2343 9.19894 6.3
      vertex -38.9534 9.37111 6.3
    endloop
  endfacet
  facet normal 0.923883 -0.382675 0
    outer loop
      vertex -39.9972 8.14894 6.79999
      vertex -39.8711 8.45338 6.3
      vertex -39.8711 8.45338 6.79999
    endloop
  endfacet
  facet normal 0.923883 -0.382675 0
    outer loop
      vertex -39.8711 8.45338 6.3
      vertex -39.9972 8.14894 6.79999
      vertex -39.9972 8.14894 6.3
    endloop
  endfacet
  facet normal 0.923883 -0.382675 0
    outer loop
      vertex -39.9972 8.14894 3.8
      vertex -39.8711 8.45338 0
      vertex -39.8711 8.45338 3.8
    endloop
  endfacet
  facet normal 0.923883 -0.382675 0
    outer loop
      vertex -39.8711 8.45338 0
      vertex -39.9972 8.14894 3.8
      vertex -39.9972 8.14894 0
    endloop
  endfacet
  facet normal 0.97239 0.233364 0
    outer loop
      vertex -39.9972 6.85106 3.8
      vertex -40.0741 7.17149 0
      vertex -40.0741 7.17149 3.8
    endloop
  endfacet
  facet normal 0.97239 0.233364 0
    outer loop
      vertex -40.0741 7.17149 0
      vertex -39.9972 6.85106 3.8
      vertex -39.9972 6.85106 0
    endloop
  endfacet
  facet normal 0.97239 0.233364 0
    outer loop
      vertex -39.9972 6.85106 6.79999
      vertex -40.0741 7.17149 6.3
      vertex -40.0741 7.17149 6.79999
    endloop
  endfacet
  facet normal 0.97239 0.233364 0
    outer loop
      vertex -40.0741 7.17149 6.3
      vertex -39.9972 6.85106 6.79999
      vertex -39.9972 6.85106 6.3
    endloop
  endfacet
  facet normal 0.97239 -0.233364 0
    outer loop
      vertex -40.0741 7.82851 6.79999
      vertex -39.9972 8.14894 6.3
      vertex -39.9972 8.14894 6.79999
    endloop
  endfacet
  facet normal 0.97239 -0.233364 0
    outer loop
      vertex -39.9972 8.14894 6.3
      vertex -40.0741 7.82851 6.79999
      vertex -40.0741 7.82851 6.3
    endloop
  endfacet
  facet normal 0.97239 -0.233364 0
    outer loop
      vertex -40.0741 7.82851 3.8
      vertex -39.9972 8.14894 0
      vertex -39.9972 8.14894 3.8
    endloop
  endfacet
  facet normal 0.97239 -0.233364 0
    outer loop
      vertex -39.9972 8.14894 0
      vertex -40.0741 7.82851 3.8
      vertex -40.0741 7.82851 0
    endloop
  endfacet
  facet normal 0.382637 -0.923899 0
    outer loop
      vertex -38.9534 9.37111 0
      vertex -38.6489 9.49722 3.8
      vertex -38.9534 9.37111 3.8
    endloop
  endfacet
  facet normal 0.382637 -0.923899 0
    outer loop
      vertex -38.6489 9.49722 3.8
      vertex -38.9534 9.37111 0
      vertex -38.6489 9.49722 0
    endloop
  endfacet
  facet normal 0.382637 -0.923899 0
    outer loop
      vertex -38.9534 9.37111 6.3
      vertex -38.6489 9.49722 6.79999
      vertex -38.9534 9.37111 6.79999
    endloop
  endfacet
  facet normal 0.382637 -0.923899 0
    outer loop
      vertex -38.6489 9.49722 6.79999
      vertex -38.9534 9.37111 6.3
      vertex -38.6489 9.49722 6.3
    endloop
  endfacet
  facet normal 0.996906 -0.0785969 0
    outer loop
      vertex -40.1 7.5 3.8
      vertex -40.0741 7.82851 0
      vertex -40.0741 7.82851 3.8
    endloop
  endfacet
  facet normal 0.996906 -0.0785969 0
    outer loop
      vertex -40.0741 7.82851 0
      vertex -40.1 7.5 3.8
      vertex -40.1 7.5 0
    endloop
  endfacet
  facet normal 0.996906 -0.0785969 0
    outer loop
      vertex -40.1 7.5 6.79999
      vertex -40.0741 7.82851 6.3
      vertex -40.0741 7.82851 6.79999
    endloop
  endfacet
  facet normal 0.996906 -0.0785969 0
    outer loop
      vertex -40.0741 7.82851 6.3
      vertex -40.1 7.5 6.79999
      vertex -40.1 7.5 6.3
    endloop
  endfacet
  facet normal 0.233471 0.972364 -0
    outer loop
      vertex -38.3285 5.42585 0
      vertex -38.6489 5.50278 3.8
      vertex -38.3285 5.42585 3.8
    endloop
  endfacet
  facet normal 0.233471 0.972364 0
    outer loop
      vertex -38.6489 5.50278 3.8
      vertex -38.3285 5.42585 0
      vertex -38.6489 5.50278 0
    endloop
  endfacet
  facet normal 0.233471 0.972364 -0
    outer loop
      vertex -38.3285 5.42585 6.3
      vertex -38.6489 5.50278 6.79999
      vertex -38.3285 5.42585 6.79999
    endloop
  endfacet
  facet normal 0.233471 0.972364 0
    outer loop
      vertex -38.6489 5.50278 6.79999
      vertex -38.3285 5.42585 6.3
      vertex -38.6489 5.50278 6.3
    endloop
  endfacet
  facet normal 0.852611 -0.522546 0
    outer loop
      vertex -39.8711 8.45338 3.8
      vertex -39.6989 8.73435 0
      vertex -39.6989 8.73435 3.8
    endloop
  endfacet
  facet normal 0.852611 -0.522546 0
    outer loop
      vertex -39.6989 8.73435 0
      vertex -39.8711 8.45338 3.8
      vertex -39.8711 8.45338 0
    endloop
  endfacet
  facet normal 0.852611 -0.522546 0
    outer loop
      vertex -39.8711 8.45338 6.79999
      vertex -39.6989 8.73435 6.3
      vertex -39.6989 8.73435 6.79999
    endloop
  endfacet
  facet normal 0.852611 -0.522546 0
    outer loop
      vertex -39.6989 8.73435 6.3
      vertex -39.8711 8.45338 6.79999
      vertex -39.8711 8.45338 6.3
    endloop
  endfacet
  facet normal -0.779393 -0.061448 0.623515
    outer loop
      vertex -35.9 7.5 3.8
      vertex -33.9 7.5 6.3
      vertex -35.9259 7.82851 3.8
    endloop
  endfacet
  facet normal 0.507727 0.594508 0.623517
    outer loop
      vertex -39.2343 5.80106 3.8
      vertex -39.4849 6.01508 3.8
      vertex -40.8991 4.60086 6.3
    endloop
  endfacet
  facet normal 0.507752 0.594482 0.623521
    outer loop
      vertex -40.4099 4.18303 6.3
      vertex -39.2343 5.80106 3.8
      vertex -40.8991 4.60086 6.3
    endloop
  endfacet
  facet normal 0.594428 -0.507812 0.623525
    outer loop
      vertex -39.6989 8.73435 3.8
      vertex -40.8991 10.3991 6.3
      vertex -41.317 9.90992 6.3
    endloop
  endfacet
  facet normal 0.594504 -0.507738 0.623512
    outer loop
      vertex -39.6989 8.73435 3.8
      vertex -39.4849 8.98492 3.8
      vertex -40.8991 10.3991 6.3
    endloop
  endfacet
  facet normal -0.507727 0.594508 0.623517
    outer loop
      vertex -35.1009 4.60086 6.3
      vertex -36.5151 6.01508 3.8
      vertex -36.7657 5.80106 3.8
    endloop
  endfacet
  facet normal 0.182518 -0.760208 0.623515
    outer loop
      vertex -38.3285 9.57415 3.8
      vertex -38.6414 11.5495 6.3
      vertex -39.267 11.3993 6.3
    endloop
  endfacet
  facet normal 0.299175 0.722297 0.623523
    outer loop
      vertex -39.267 3.60067 6.3
      vertex -38.6489 5.50278 3.8
      vertex -39.8614 3.84687 6.3
    endloop
  endfacet
  facet normal -0.722301 0.29918 0.623516
    outer loop
      vertex -34.3469 5.63864 6.3
      vertex -36.0028 6.85106 3.8
      vertex -36.1289 6.54662 3.8
    endloop
  endfacet
  facet normal -0.594504 -0.507738 0.623512
    outer loop
      vertex -36.3011 8.73435 3.8
      vertex -35.1009 10.3991 6.3
      vertex -36.5151 8.98492 3.8
    endloop
  endfacet
  facet normal -0.507731 -0.594511 0.623511
    outer loop
      vertex -36.5151 8.98492 3.8
      vertex -35.1009 10.3991 6.3
      vertex -36.7657 9.19894 3.8
    endloop
  endfacet
  facet normal -0.299148 0.722311 0.62352
    outer loop
      vertex -36.1386 3.84687 6.3
      vertex -37.0466 5.62889 3.8
      vertex -37.3511 5.50278 3.8
    endloop
  endfacet
  facet normal 0.760226 0.182447 0.623514
    outer loop
      vertex -39.9972 6.85106 3.8
      vertex -40.0741 7.17149 3.8
      vertex -41.8993 6.23303 6.3
    endloop
  endfacet
  facet normal -0.299176 -0.722301 0.623518
    outer loop
      vertex -36.1386 11.1531 6.3
      vertex -36.733 11.3993 6.3
      vertex -37.3511 9.49722 3.8
    endloop
  endfacet
  facet normal 0.594501 0.507735 0.623517
    outer loop
      vertex -39.4849 6.01508 3.8
      vertex -39.6989 6.26565 3.8
      vertex -40.8991 4.60086 6.3
    endloop
  endfacet
  facet normal -0.594501 0.507735 0.623517
    outer loop
      vertex -35.1009 4.60086 6.3
      vertex -36.3011 6.26565 3.8
      vertex -36.5151 6.01508 3.8
    endloop
  endfacet
  facet normal 0.7223 -0.299181 0.623516
    outer loop
      vertex -39.9972 8.14894 3.8
      vertex -41.6531 9.36136 6.3
      vertex -41.8993 8.76697 6.3
    endloop
  endfacet
  facet normal 0.760226 -0.182447 0.623514
    outer loop
      vertex -40.0741 7.82851 3.8
      vertex -39.9972 8.14894 3.8
      vertex -41.8993 8.76697 6.3
    endloop
  endfacet
  facet normal 0.666627 0.408439 0.623527
    outer loop
      vertex -41.317 5.09008 6.3
      vertex -39.6989 6.26565 3.8
      vertex -41.6531 5.63864 6.3
    endloop
  endfacet
  facet normal 0.779392 -0.0613666 0.623524
    outer loop
      vertex -40.0741 7.82851 3.8
      vertex -42.0495 8.14138 6.3
      vertex -42.1 7.5 6.3
    endloop
  endfacet
  facet normal -0.0613317 -0.779399 0.623519
    outer loop
      vertex -37.6715 9.57415 3.8
      vertex -38 11.6 6.3
      vertex -38 9.6 3.8
    endloop
  endfacet
  facet normal 0.0613317 -0.779399 0.623519
    outer loop
      vertex -38 9.6 3.8
      vertex -38 11.6 6.3
      vertex -38.3285 9.57415 3.8
    endloop
  endfacet
  facet normal 0 0 -1
    outer loop
      vertex -35.9 7.5 6.3
      vertex -33.9 7.5 6.3
      vertex -33.9505 6.85862 6.3
    endloop
  endfacet
  facet normal 0 0 -1
    outer loop
      vertex -35.9259 7.17149 6.3
      vertex -33.9505 6.85862 6.3
      vertex -34.1007 6.23303 6.3
    endloop
  endfacet
  facet normal 0 0 -1
    outer loop
      vertex -33.9 7.5 6.3
      vertex -35.9 7.5 6.3
      vertex -33.9505 8.14138 6.3
    endloop
  endfacet
  facet normal 0 0 -1
    outer loop
      vertex -36.0028 6.85106 6.3
      vertex -34.1007 6.23303 6.3
      vertex -34.3469 5.63864 6.3
    endloop
  endfacet
  facet normal 0 0 -1
    outer loop
      vertex -35.9259 7.82851 6.3
      vertex -33.9505 8.14138 6.3
      vertex -35.9 7.5 6.3
    endloop
  endfacet
  facet normal 0 0 -1
    outer loop
      vertex -36.1289 6.54662 6.3
      vertex -34.3469 5.63864 6.3
      vertex -34.683 5.09008 6.3
    endloop
  endfacet
  facet normal -0 0 -1
    outer loop
      vertex -33.9505 8.14138 6.3
      vertex -35.9259 7.82851 6.3
      vertex -34.1007 8.76697 6.3
    endloop
  endfacet
  facet normal 0 0 -1
    outer loop
      vertex -36.3011 6.26565 6.3
      vertex -34.683 5.09008 6.3
      vertex -35.1009 4.60086 6.3
    endloop
  endfacet
  facet normal 0 0 -1
    outer loop
      vertex -36.0028 8.14894 6.3
      vertex -34.1007 8.76697 6.3
      vertex -35.9259 7.82851 6.3
    endloop
  endfacet
  facet normal 0 0 -1
    outer loop
      vertex -36.5151 6.01508 6.3
      vertex -35.1009 4.60086 6.3
      vertex -35.5901 4.18303 6.3
    endloop
  endfacet
  facet normal -0 0 -1
    outer loop
      vertex -34.1007 8.76697 6.3
      vertex -36.0028 8.14894 6.3
      vertex -34.3469 9.36136 6.3
    endloop
  endfacet
  facet normal 0 0 -1
    outer loop
      vertex -36.1289 8.45338 6.3
      vertex -34.3469 9.36136 6.3
      vertex -36.0028 8.14894 6.3
    endloop
  endfacet
  facet normal 0 0 -1
    outer loop
      vertex -33.9505 6.85862 6.3
      vertex -35.9259 7.17149 6.3
      vertex -35.9 7.5 6.3
    endloop
  endfacet
  facet normal 0 0 -1
    outer loop
      vertex -34.1007 6.23303 6.3
      vertex -36.0028 6.85106 6.3
      vertex -35.9259 7.17149 6.3
    endloop
  endfacet
  facet normal 0 0 -1
    outer loop
      vertex -34.3469 5.63864 6.3
      vertex -36.1289 6.54662 6.3
      vertex -36.0028 6.85106 6.3
    endloop
  endfacet
  facet normal 0 0 -1
    outer loop
      vertex -36.7657 5.80106 6.3
      vertex -35.5901 4.18303 6.3
      vertex -36.1386 3.84687 6.3
    endloop
  endfacet
  facet normal 0 0 -1
    outer loop
      vertex -34.683 5.09008 6.3
      vertex -36.3011 6.26565 6.3
      vertex -36.1289 6.54662 6.3
    endloop
  endfacet
  facet normal 0 0 -1
    outer loop
      vertex -35.1009 4.60086 6.3
      vertex -36.5151 6.01508 6.3
      vertex -36.3011 6.26565 6.3
    endloop
  endfacet
  facet normal 0 0 -1
    outer loop
      vertex -37.0466 5.62889 6.3
      vertex -36.1386 3.84687 6.3
      vertex -36.733 3.60067 6.3
    endloop
  endfacet
  facet normal 0 0 -1
    outer loop
      vertex -35.5901 4.18303 6.3
      vertex -36.7657 5.80106 6.3
      vertex -36.5151 6.01508 6.3
    endloop
  endfacet
  facet normal 0 0 -1
    outer loop
      vertex -36.1386 3.84687 6.3
      vertex -37.0466 5.62889 6.3
      vertex -36.7657 5.80106 6.3
    endloop
  endfacet
  facet normal 0 0 -1
    outer loop
      vertex -36.733 3.60067 6.3
      vertex -37.3511 5.50278 6.3
      vertex -37.0466 5.62889 6.3
    endloop
  endfacet
  facet normal 0 0 -1
    outer loop
      vertex -37.3586 3.45048 6.3
      vertex -37.3511 5.50278 6.3
      vertex -36.733 3.60067 6.3
    endloop
  endfacet
  facet normal 0 0 -1
    outer loop
      vertex -37.3586 3.45048 6.3
      vertex -37.6715 5.42585 6.3
      vertex -37.3511 5.50278 6.3
    endloop
  endfacet
  facet normal 0 0 -1
    outer loop
      vertex -38 3.4 6.3
      vertex -37.6715 5.42585 6.3
      vertex -37.3586 3.45048 6.3
    endloop
  endfacet
  facet normal 0 0 -1
    outer loop
      vertex -38 3.4 6.3
      vertex -38 5.4 6.3
      vertex -37.6715 5.42585 6.3
    endloop
  endfacet
  facet normal 0 0 -1
    outer loop
      vertex -38 3.4 6.3
      vertex -38.3285 5.42585 6.3
      vertex -38 5.4 6.3
    endloop
  endfacet
  facet normal 0 0 -1
    outer loop
      vertex -38.6414 3.45048 6.3
      vertex -38.3285 5.42585 6.3
      vertex -38 3.4 6.3
    endloop
  endfacet
  facet normal 0 0 -1
    outer loop
      vertex -38.6414 3.45048 6.3
      vertex -38.6489 5.50278 6.3
      vertex -38.3285 5.42585 6.3
    endloop
  endfacet
  facet normal 0 0 -1
    outer loop
      vertex -39.267 3.60067 6.3
      vertex -38.6489 5.50278 6.3
      vertex -38.6414 3.45048 6.3
    endloop
  endfacet
  facet normal -0 0 -1
    outer loop
      vertex -38.6489 5.50278 6.3
      vertex -39.267 3.60067 6.3
      vertex -38.9534 5.62889 6.3
    endloop
  endfacet
  facet normal 0 0 -1
    outer loop
      vertex -39.8614 3.84687 6.3
      vertex -38.9534 5.62889 6.3
      vertex -39.267 3.60067 6.3
    endloop
  endfacet
  facet normal -0 0 -1
    outer loop
      vertex -38.9534 5.62889 6.3
      vertex -39.8614 3.84687 6.3
      vertex -39.2343 5.80106 6.3
    endloop
  endfacet
  facet normal 0 0 -1
    outer loop
      vertex -40.4099 4.18303 6.3
      vertex -39.2343 5.80106 6.3
      vertex -39.8614 3.84687 6.3
    endloop
  endfacet
  facet normal -0 0 -1
    outer loop
      vertex -39.2343 5.80106 6.3
      vertex -40.4099 4.18303 6.3
      vertex -39.4849 6.01508 6.3
    endloop
  endfacet
  facet normal 0 0 -1
    outer loop
      vertex -40.8991 4.60086 6.3
      vertex -39.4849 6.01508 6.3
      vertex -40.4099 4.18303 6.3
    endloop
  endfacet
  facet normal -0 0 -1
    outer loop
      vertex -39.4849 6.01508 6.3
      vertex -40.8991 4.60086 6.3
      vertex -39.6989 6.26565 6.3
    endloop
  endfacet
  facet normal 0 0 -1
    outer loop
      vertex -41.317 5.09008 6.3
      vertex -39.6989 6.26565 6.3
      vertex -40.8991 4.60086 6.3
    endloop
  endfacet
  facet normal -0 0 -1
    outer loop
      vertex -39.6989 6.26565 6.3
      vertex -41.317 5.09008 6.3
      vertex -39.8711 6.54662 6.3
    endloop
  endfacet
  facet normal 0 0 -1
    outer loop
      vertex -41.6531 5.63864 6.3
      vertex -39.8711 6.54662 6.3
      vertex -41.317 5.09008 6.3
    endloop
  endfacet
  facet normal -0 0 -1
    outer loop
      vertex -34.3469 9.36136 6.3
      vertex -36.1289 8.45338 6.3
      vertex -34.683 9.90992 6.3
    endloop
  endfacet
  facet normal 0 0 -1
    outer loop
      vertex -36.3011 8.73435 6.3
      vertex -34.683 9.90992 6.3
      vertex -36.1289 8.45338 6.3
    endloop
  endfacet
  facet normal -0 0 -1
    outer loop
      vertex -34.683 9.90992 6.3
      vertex -36.3011 8.73435 6.3
      vertex -35.1009 10.3991 6.3
    endloop
  endfacet
  facet normal 0 0 -1
    outer loop
      vertex -36.5151 8.98492 6.3
      vertex -35.1009 10.3991 6.3
      vertex -36.3011 8.73435 6.3
    endloop
  endfacet
  facet normal -0 0 -1
    outer loop
      vertex -35.1009 10.3991 6.3
      vertex -36.5151 8.98492 6.3
      vertex -35.5901 10.817 6.3
    endloop
  endfacet
  facet normal 0 0 -1
    outer loop
      vertex -36.7657 9.19894 6.3
      vertex -35.5901 10.817 6.3
      vertex -36.5151 8.98492 6.3
    endloop
  endfacet
  facet normal -0 0 -1
    outer loop
      vertex -35.5901 10.817 6.3
      vertex -36.7657 9.19894 6.3
      vertex -36.1386 11.1531 6.3
    endloop
  endfacet
  facet normal 0 0 -1
    outer loop
      vertex -37.0466 9.37111 6.3
      vertex -36.1386 11.1531 6.3
      vertex -36.7657 9.19894 6.3
    endloop
  endfacet
  facet normal -0 0 -1
    outer loop
      vertex -36.1386 11.1531 6.3
      vertex -37.0466 9.37111 6.3
      vertex -36.733 11.3993 6.3
    endloop
  endfacet
  facet normal 0 0 -1
    outer loop
      vertex -37.3511 9.49722 6.3
      vertex -36.733 11.3993 6.3
      vertex -37.0466 9.37111 6.3
    endloop
  endfacet
  facet normal 0 0 -1
    outer loop
      vertex -37.3511 9.49722 6.3
      vertex -37.3586 11.5495 6.3
      vertex -36.733 11.3993 6.3
    endloop
  endfacet
  facet normal 0 0 -1
    outer loop
      vertex -37.6715 9.57415 6.3
      vertex -37.3586 11.5495 6.3
      vertex -37.3511 9.49722 6.3
    endloop
  endfacet
  facet normal 0 0 -1
    outer loop
      vertex -38 9.6 6.3
      vertex -37.3586 11.5495 6.3
      vertex -37.6715 9.57415 6.3
    endloop
  endfacet
  facet normal 0 0 -1
    outer loop
      vertex -38 9.6 6.3
      vertex -38 11.6 6.3
      vertex -37.3586 11.5495 6.3
    endloop
  endfacet
  facet normal 0 0 -1
    outer loop
      vertex -38.3285 9.57415 6.3
      vertex -38 11.6 6.3
      vertex -38 9.6 6.3
    endloop
  endfacet
  facet normal 0 0 -1
    outer loop
      vertex -38.3285 9.57415 6.3
      vertex -38.6414 11.5495 6.3
      vertex -38 11.6 6.3
    endloop
  endfacet
  facet normal 0 0 -1
    outer loop
      vertex -38.6489 9.49722 6.3
      vertex -38.6414 11.5495 6.3
      vertex -38.3285 9.57415 6.3
    endloop
  endfacet
  facet normal 0 0 -1
    outer loop
      vertex -39.267 11.3993 6.3
      vertex -38.6489 9.49722 6.3
      vertex -38.9534 9.37111 6.3
    endloop
  endfacet
  facet normal 0 0 -1
    outer loop
      vertex -39.8614 11.1531 6.3
      vertex -38.9534 9.37111 6.3
      vertex -39.2343 9.19894 6.3
    endloop
  endfacet
  facet normal 0 0 -1
    outer loop
      vertex -38.6489 9.49722 6.3
      vertex -39.267 11.3993 6.3
      vertex -38.6414 11.5495 6.3
    endloop
  endfacet
  facet normal 0 0 -1
    outer loop
      vertex -40.4099 10.817 6.3
      vertex -39.2343 9.19894 6.3
      vertex -39.4849 8.98492 6.3
    endloop
  endfacet
  facet normal 0 0 -1
    outer loop
      vertex -40.8991 10.3991 6.3
      vertex -39.4849 8.98492 6.3
      vertex -39.6989 8.73435 6.3
    endloop
  endfacet
  facet normal 0 0 -1
    outer loop
      vertex -38.9534 9.37111 6.3
      vertex -39.8614 11.1531 6.3
      vertex -39.267 11.3993 6.3
    endloop
  endfacet
  facet normal 0 0 -1
    outer loop
      vertex -41.317 9.90992 6.3
      vertex -39.6989 8.73435 6.3
      vertex -39.8711 8.45338 6.3
    endloop
  endfacet
  facet normal 0 0 -1
    outer loop
      vertex -41.6531 9.36136 6.3
      vertex -39.8711 8.45338 6.3
      vertex -39.9972 8.14894 6.3
    endloop
  endfacet
  facet normal 0 0 -1
    outer loop
      vertex -41.8993 8.76697 6.3
      vertex -39.9972 8.14894 6.3
      vertex -40.0741 7.82851 6.3
    endloop
  endfacet
  facet normal 0 0 -1
    outer loop
      vertex -42.0495 8.14138 6.3
      vertex -40.0741 7.82851 6.3
      vertex -40.1 7.5 6.3
    endloop
  endfacet
  facet normal -0 0 -1
    outer loop
      vertex -39.8711 6.54662 6.3
      vertex -41.6531 5.63864 6.3
      vertex -39.9972 6.85106 6.3
    endloop
  endfacet
  facet normal 0 0 -1
    outer loop
      vertex -39.2343 9.19894 6.3
      vertex -40.4099 10.817 6.3
      vertex -39.8614 11.1531 6.3
    endloop
  endfacet
  facet normal 0 0 -1
    outer loop
      vertex -41.8993 6.23303 6.3
      vertex -39.9972 6.85106 6.3
      vertex -41.6531 5.63864 6.3
    endloop
  endfacet
  facet normal 0 0 -1
    outer loop
      vertex -39.4849 8.98492 6.3
      vertex -40.8991 10.3991 6.3
      vertex -40.4099 10.817 6.3
    endloop
  endfacet
  facet normal -0 0 -1
    outer loop
      vertex -39.9972 6.85106 6.3
      vertex -41.8993 6.23303 6.3
      vertex -40.0741 7.17149 6.3
    endloop
  endfacet
  facet normal 0 0 -1
    outer loop
      vertex -39.6989 8.73435 6.3
      vertex -41.317 9.90992 6.3
      vertex -40.8991 10.3991 6.3
    endloop
  endfacet
  facet normal 0 0 -1
    outer loop
      vertex -42.0495 6.85862 6.3
      vertex -40.0741 7.17149 6.3
      vertex -41.8993 6.23303 6.3
    endloop
  endfacet
  facet normal 0 0 -1
    outer loop
      vertex -39.8711 8.45338 6.3
      vertex -41.6531 9.36136 6.3
      vertex -41.317 9.90992 6.3
    endloop
  endfacet
  facet normal -0 0 -1
    outer loop
      vertex -40.0741 7.17149 6.3
      vertex -42.0495 6.85862 6.3
      vertex -40.1 7.5 6.3
    endloop
  endfacet
  facet normal 0 0 -1
    outer loop
      vertex -39.9972 8.14894 6.3
      vertex -41.8993 8.76697 6.3
      vertex -41.6531 9.36136 6.3
    endloop
  endfacet
  facet normal 0 0 -1
    outer loop
      vertex -42.1 7.5 6.3
      vertex -40.1 7.5 6.3
      vertex -42.0495 6.85862 6.3
    endloop
  endfacet
  facet normal 0 0 -1
    outer loop
      vertex -40.0741 7.82851 6.3
      vertex -42.0495 8.14138 6.3
      vertex -41.8993 8.76697 6.3
    endloop
  endfacet
  facet normal 0 0 -1
    outer loop
      vertex -40.1 7.5 6.3
      vertex -42.1 7.5 6.3
      vertex -42.0495 8.14138 6.3
    endloop
  endfacet
  facet normal 0.779393 -0.061448 0.623515
    outer loop
      vertex -40.1 7.5 3.8
      vertex -40.0741 7.82851 3.8
      vertex -42.1 7.5 6.3
    endloop
  endfacet
  facet normal 0.760201 -0.182519 0.623523
    outer loop
      vertex -40.0741 7.82851 3.8
      vertex -41.8993 8.76697 6.3
      vertex -42.0495 8.14138 6.3
    endloop
  endfacet
  facet normal -0.666627 0.408439 0.623527
    outer loop
      vertex -34.683 5.09008 6.3
      vertex -34.3469 5.63864 6.3
      vertex -36.3011 6.26565 3.8
    endloop
  endfacet
  facet normal -0.779392 -0.0613666 0.623524
    outer loop
      vertex -33.9 7.5 6.3
      vertex -33.9505 8.14138 6.3
      vertex -35.9259 7.82851 3.8
    endloop
  endfacet
  facet normal -0.779392 0.0613666 0.623524
    outer loop
      vertex -33.9505 6.85862 6.3
      vertex -33.9 7.5 6.3
      vertex -35.9259 7.17149 3.8
    endloop
  endfacet
  facet normal -0.408472 -0.666608 0.623525
    outer loop
      vertex -35.5901 10.817 6.3
      vertex -36.1386 11.1531 6.3
      vertex -36.7657 9.19894 3.8
    endloop
  endfacet
  facet normal 0.722301 0.29918 0.623516
    outer loop
      vertex -39.8711 6.54662 3.8
      vertex -39.9972 6.85106 3.8
      vertex -41.6531 5.63864 6.3
    endloop
  endfacet
  facet normal -0.408553 0.666565 0.623519
    outer loop
      vertex -36.1386 3.84687 6.3
      vertex -36.7657 5.80106 3.8
      vertex -37.0466 5.62889 3.8
    endloop
  endfacet
  facet normal 0.0613317 0.779399 0.623519
    outer loop
      vertex -38 3.4 6.3
      vertex -38 5.4 3.8
      vertex -38.3285 5.42585 3.8
    endloop
  endfacet
  facet normal 0.18253 -0.760204 0.623516
    outer loop
      vertex -38.6489 9.49722 3.8
      vertex -38.3285 9.57415 3.8
      vertex -39.267 11.3993 6.3
    endloop
  endfacet
  facet normal -0.0613652 -0.779399 0.623515
    outer loop
      vertex -37.6715 9.57415 3.8
      vertex -37.3586 11.5495 6.3
      vertex -38 11.6 6.3
    endloop
  endfacet
  facet normal -0.18253 -0.760204 0.623516
    outer loop
      vertex -37.3511 9.49722 3.8
      vertex -36.733 11.3993 6.3
      vertex -37.6715 9.57415 3.8
    endloop
  endfacet
  facet normal -0.0613409 0.779399 0.623518
    outer loop
      vertex -37.3586 3.45048 6.3
      vertex -37.6715 5.42585 3.8
      vertex -38 3.4 6.3
    endloop
  endfacet
  facet normal -0.0613317 0.779399 0.623519
    outer loop
      vertex -37.6715 5.42585 3.8
      vertex -38 5.4 3.8
      vertex -38 3.4 6.3
    endloop
  endfacet
  facet normal 0.299148 0.722311 0.62352
    outer loop
      vertex -38.6489 5.50278 3.8
      vertex -38.9534 5.62889 3.8
      vertex -39.8614 3.84687 6.3
    endloop
  endfacet
  facet normal 0.594447 0.507787 0.623526
    outer loop
      vertex -40.8991 4.60086 6.3
      vertex -39.6989 6.26565 3.8
      vertex -41.317 5.09008 6.3
    endloop
  endfacet
  facet normal -0.594447 0.507787 0.623526
    outer loop
      vertex -35.1009 4.60086 6.3
      vertex -34.683 5.09008 6.3
      vertex -36.3011 6.26565 3.8
    endloop
  endfacet
  facet normal 0.408526 0.666578 0.623523
    outer loop
      vertex -39.8614 3.84687 6.3
      vertex -39.2343 5.80106 3.8
      vertex -40.4099 4.18303 6.3
    endloop
  endfacet
  facet normal -0.666581 0.408532 0.623515
    outer loop
      vertex -34.3469 5.63864 6.3
      vertex -36.1289 6.54662 3.8
      vertex -36.3011 6.26565 3.8
    endloop
  endfacet
  facet normal -0.779393 0.061448 0.623515
    outer loop
      vertex -33.9 7.5 6.3
      vertex -35.9 7.5 3.8
      vertex -35.9259 7.17149 3.8
    endloop
  endfacet
  facet normal -0.7223 0.299181 0.623516
    outer loop
      vertex -34.3469 5.63864 6.3
      vertex -34.1007 6.23303 6.3
      vertex -36.0028 6.85106 3.8
    endloop
  endfacet
  facet normal -0.760226 0.182447 0.623514
    outer loop
      vertex -34.1007 6.23303 6.3
      vertex -35.9259 7.17149 3.8
      vertex -36.0028 6.85106 3.8
    endloop
  endfacet
  facet normal 0.408555 -0.666568 0.623514
    outer loop
      vertex -39.2343 9.19894 3.8
      vertex -38.9534 9.37111 3.8
      vertex -39.8614 11.1531 6.3
    endloop
  endfacet
  facet normal 0.5078 -0.594439 0.623523
    outer loop
      vertex -39.2343 9.19894 3.8
      vertex -40.4099 10.817 6.3
      vertex -40.8991 10.3991 6.3
    endloop
  endfacet
  facet normal -0.760226 -0.182447 0.623514
    outer loop
      vertex -35.9259 7.82851 3.8
      vertex -34.1007 8.76697 6.3
      vertex -36.0028 8.14894 3.8
    endloop
  endfacet
  facet normal -0.7223 -0.299181 0.623516
    outer loop
      vertex -34.1007 8.76697 6.3
      vertex -34.3469 9.36136 6.3
      vertex -36.0028 8.14894 3.8
    endloop
  endfacet
  facet normal -0.5078 -0.594439 0.623523
    outer loop
      vertex -35.1009 10.3991 6.3
      vertex -35.5901 10.817 6.3
      vertex -36.7657 9.19894 3.8
    endloop
  endfacet
  facet normal -0.760201 0.182519 0.623523
    outer loop
      vertex -34.1007 6.23303 6.3
      vertex -33.9505 6.85862 6.3
      vertex -35.9259 7.17149 3.8
    endloop
  endfacet
  facet normal 0.666581 -0.408532 0.623515
    outer loop
      vertex -39.8711 8.45338 3.8
      vertex -39.6989 8.73435 3.8
      vertex -41.6531 9.36136 6.3
    endloop
  endfacet
  facet normal -0.299175 0.722297 0.623523
    outer loop
      vertex -36.733 3.60067 6.3
      vertex -36.1386 3.84687 6.3
      vertex -37.3511 5.50278 3.8
    endloop
  endfacet
  facet normal 0.666627 -0.408439 0.623527
    outer loop
      vertex -39.6989 8.73435 3.8
      vertex -41.317 9.90992 6.3
      vertex -41.6531 9.36136 6.3
    endloop
  endfacet
  facet normal 0.722301 -0.29918 0.623516
    outer loop
      vertex -39.9972 8.14894 3.8
      vertex -39.8711 8.45338 3.8
      vertex -41.6531 9.36136 6.3
    endloop
  endfacet
  facet normal -0.182518 -0.760208 0.623515
    outer loop
      vertex -36.733 11.3993 6.3
      vertex -37.3586 11.5495 6.3
      vertex -37.6715 9.57415 3.8
    endloop
  endfacet
  facet normal -0.182506 0.760208 0.623519
    outer loop
      vertex -37.3586 3.45048 6.3
      vertex -36.733 3.60067 6.3
      vertex -37.6715 5.42585 3.8
    endloop
  endfacet
  facet normal 0.779392 0.0613666 0.623524
    outer loop
      vertex -42.0495 6.85862 6.3
      vertex -40.0741 7.17149 3.8
      vertex -42.1 7.5 6.3
    endloop
  endfacet
  facet normal -0.594428 -0.507812 0.623525
    outer loop
      vertex -34.683 9.90992 6.3
      vertex -35.1009 10.3991 6.3
      vertex -36.3011 8.73435 3.8
    endloop
  endfacet
  facet normal 0.0613652 -0.779399 0.623515
    outer loop
      vertex -38.3285 9.57415 3.8
      vertex -38 11.6 6.3
      vertex -38.6414 11.5495 6.3
    endloop
  endfacet
  facet normal -0.666627 -0.408439 0.623527
    outer loop
      vertex -34.3469 9.36136 6.3
      vertex -34.683 9.90992 6.3
      vertex -36.3011 8.73435 3.8
    endloop
  endfacet
  facet normal -0.182529 0.7602 0.623522
    outer loop
      vertex -36.733 3.60067 6.3
      vertex -37.3511 5.50278 3.8
      vertex -37.6715 5.42585 3.8
    endloop
  endfacet
  facet normal 0.0613409 0.779399 0.623518
    outer loop
      vertex -38 3.4 6.3
      vertex -38.3285 5.42585 3.8
      vertex -38.6414 3.45048 6.3
    endloop
  endfacet
  facet normal 0.7223 0.299181 0.623516
    outer loop
      vertex -41.6531 5.63864 6.3
      vertex -39.9972 6.85106 3.8
      vertex -41.8993 6.23303 6.3
    endloop
  endfacet
  facet normal 0.29915 -0.722315 0.623515
    outer loop
      vertex -38.9534 9.37111 3.8
      vertex -38.6489 9.49722 3.8
      vertex -39.8614 11.1531 6.3
    endloop
  endfacet
  facet normal -0.408526 0.666578 0.623523
    outer loop
      vertex -36.1386 3.84687 6.3
      vertex -35.5901 4.18303 6.3
      vertex -36.7657 5.80106 3.8
    endloop
  endfacet
  facet normal 0.182529 0.7602 0.623522
    outer loop
      vertex -38.3285 5.42585 3.8
      vertex -38.6489 5.50278 3.8
      vertex -39.267 3.60067 6.3
    endloop
  endfacet
  facet normal -0.29915 -0.722315 0.623515
    outer loop
      vertex -37.0466 9.37111 3.8
      vertex -36.1386 11.1531 6.3
      vertex -37.3511 9.49722 3.8
    endloop
  endfacet
  facet normal -0.507752 0.594482 0.623521
    outer loop
      vertex -35.5901 4.18303 6.3
      vertex -35.1009 4.60086 6.3
      vertex -36.7657 5.80106 3.8
    endloop
  endfacet
  facet normal -0.760201 -0.182519 0.623523
    outer loop
      vertex -33.9505 8.14138 6.3
      vertex -34.1007 8.76697 6.3
      vertex -35.9259 7.82851 3.8
    endloop
  endfacet
  facet normal 0.779393 0.061448 0.623515
    outer loop
      vertex -40.0741 7.17149 3.8
      vertex -40.1 7.5 3.8
      vertex -42.1 7.5 6.3
    endloop
  endfacet
  facet normal 0.507731 -0.594511 0.623511
    outer loop
      vertex -39.4849 8.98492 3.8
      vertex -39.2343 9.19894 3.8
      vertex -40.8991 10.3991 6.3
    endloop
  endfacet
  facet normal 0.760201 0.182519 0.623523
    outer loop
      vertex -41.8993 6.23303 6.3
      vertex -40.0741 7.17149 3.8
      vertex -42.0495 6.85862 6.3
    endloop
  endfacet
  facet normal 0.408553 0.666565 0.623519
    outer loop
      vertex -38.9534 5.62889 3.8
      vertex -39.2343 5.80106 3.8
      vertex -39.8614 3.84687 6.3
    endloop
  endfacet
  facet normal -0.666581 -0.408532 0.623515
    outer loop
      vertex -36.1289 8.45338 3.8
      vertex -34.3469 9.36136 6.3
      vertex -36.3011 8.73435 3.8
    endloop
  endfacet
  facet normal -0.408555 -0.666568 0.623514
    outer loop
      vertex -36.7657 9.19894 3.8
      vertex -36.1386 11.1531 6.3
      vertex -37.0466 9.37111 3.8
    endloop
  endfacet
  facet normal 0.408472 -0.666608 0.623525
    outer loop
      vertex -39.2343 9.19894 3.8
      vertex -39.8614 11.1531 6.3
      vertex -40.4099 10.817 6.3
    endloop
  endfacet
  facet normal 0.666581 0.408532 0.623515
    outer loop
      vertex -39.6989 6.26565 3.8
      vertex -39.8711 6.54662 3.8
      vertex -41.6531 5.63864 6.3
    endloop
  endfacet
  facet normal 0.182506 0.760208 0.623519
    outer loop
      vertex -38.6414 3.45048 6.3
      vertex -38.3285 5.42585 3.8
      vertex -39.267 3.60067 6.3
    endloop
  endfacet
  facet normal -0.722301 -0.29918 0.623516
    outer loop
      vertex -36.0028 8.14894 3.8
      vertex -34.3469 9.36136 6.3
      vertex -36.1289 8.45338 3.8
    endloop
  endfacet
  facet normal 0.299176 -0.722301 0.623518
    outer loop
      vertex -38.6489 9.49722 3.8
      vertex -39.267 11.3993 6.3
      vertex -39.8614 11.1531 6.3
    endloop
  endfacet
  facet normal 0.233384 -0.972385 0
    outer loop
      vertex -38.6489 27.4972 0
      vertex -38.3285 27.5741 3.8
      vertex -38.6489 27.4972 3.8
    endloop
  endfacet
  facet normal 0.233384 -0.972385 0
    outer loop
      vertex -38.3285 27.5741 3.8
      vertex -38.6489 27.4972 0
      vertex -38.3285 27.5741 0
    endloop
  endfacet
  facet normal 0.233384 -0.972385 0
    outer loop
      vertex -38.6489 27.4972 6.3
      vertex -38.3285 27.5741 6.79999
      vertex -38.6489 27.4972 6.79999
    endloop
  endfacet
  facet normal 0.233384 -0.972385 0
    outer loop
      vertex -38.3285 27.5741 6.79999
      vertex -38.6489 27.4972 6.3
      vertex -38.3285 27.5741 6.3
    endloop
  endfacet
  facet normal -0.972385 -0.233384 0
    outer loop
      vertex -35.9259 25.8285 0
      vertex -36.0028 26.1489 3.8
      vertex -36.0028 26.1489 0
    endloop
  endfacet
  facet normal -0.972385 -0.233384 0
    outer loop
      vertex -36.0028 26.1489 3.8
      vertex -35.9259 25.8285 0
      vertex -35.9259 25.8285 3.8
    endloop
  endfacet
  facet normal -0.972385 -0.233384 0
    outer loop
      vertex -35.9259 25.8285 6.3
      vertex -36.0028 26.1489 6.79999
      vertex -36.0028 26.1489 6.3
    endloop
  endfacet
  facet normal -0.972385 -0.233384 0
    outer loop
      vertex -36.0028 26.1489 6.79999
      vertex -35.9259 25.8285 6.3
      vertex -35.9259 25.8285 6.79999
    endloop
  endfacet
  facet normal -0.996906 -0.0785993 0
    outer loop
      vertex -35.9 25.5 0
      vertex -35.9259 25.8285 3.8
      vertex -35.9259 25.8285 0
    endloop
  endfacet
  facet normal -0.996906 -0.0785993 0
    outer loop
      vertex -35.9259 25.8285 3.8
      vertex -35.9 25.5 0
      vertex -35.9 25.5 3.8
    endloop
  endfacet
  facet normal -0.996906 -0.0785993 0
    outer loop
      vertex -35.9 25.5 6.3
      vertex -35.9259 25.8285 6.79999
      vertex -35.9259 25.8285 6.3
    endloop
  endfacet
  facet normal -0.996906 -0.0785993 0
    outer loop
      vertex -35.9259 25.8285 6.79999
      vertex -35.9 25.5 6.3
      vertex -35.9 25.5 6.79999
    endloop
  endfacet
  facet normal 0.852553 0.52264 0
    outer loop
      vertex -39.6989 24.2657 3.8
      vertex -39.8711 24.5466 0
      vertex -39.8711 24.5466 3.8
    endloop
  endfacet
  facet normal 0.852553 0.52264 0
    outer loop
      vertex -39.8711 24.5466 0
      vertex -39.6989 24.2657 3.8
      vertex -39.6989 24.2657 0
    endloop
  endfacet
  facet normal 0.852553 0.52264 0
    outer loop
      vertex -39.6989 24.2657 6.79999
      vertex -39.8711 24.5466 6.3
      vertex -39.8711 24.5466 6.79999
    endloop
  endfacet
  facet normal 0.852553 0.52264 0
    outer loop
      vertex -39.8711 24.5466 6.3
      vertex -39.6989 24.2657 6.79999
      vertex -39.6989 24.2657 6.3
    endloop
  endfacet
  facet normal 0.52264 0.852553 -0
    outer loop
      vertex -38.9534 23.6289 0
      vertex -39.2343 23.8011 3.8
      vertex -38.9534 23.6289 3.8
    endloop
  endfacet
  facet normal 0.52264 0.852553 0
    outer loop
      vertex -39.2343 23.8011 3.8
      vertex -38.9534 23.6289 0
      vertex -39.2343 23.8011 0
    endloop
  endfacet
  facet normal 0.52264 0.852553 -0
    outer loop
      vertex -38.9534 23.6289 6.3
      vertex -39.2343 23.8011 6.79999
      vertex -38.9534 23.6289 6.79999
    endloop
  endfacet
  facet normal 0.52264 0.852553 0
    outer loop
      vertex -39.2343 23.8011 6.79999
      vertex -38.9534 23.6289 6.3
      vertex -39.2343 23.8011 6.3
    endloop
  endfacet
  facet normal -0.996906 0.0785993 0
    outer loop
      vertex -35.9259 25.1715 6.3
      vertex -35.9 25.5 6.79999
      vertex -35.9 25.5 6.3
    endloop
  endfacet
  facet normal -0.996906 0.0785993 0
    outer loop
      vertex -35.9 25.5 6.79999
      vertex -35.9259 25.1715 6.3
      vertex -35.9259 25.1715 6.79999
    endloop
  endfacet
  facet normal -0.996906 0.0785993 0
    outer loop
      vertex -35.9259 25.1715 0
      vertex -35.9 25.5 3.8
      vertex -35.9 25.5 0
    endloop
  endfacet
  facet normal -0.996906 0.0785993 0
    outer loop
      vertex -35.9 25.5 3.8
      vertex -35.9259 25.1715 0
      vertex -35.9259 25.1715 3.8
    endloop
  endfacet
  facet normal -0.0785993 -0.996906 0
    outer loop
      vertex -38 27.6 0
      vertex -37.6715 27.5741 3.8
      vertex -38 27.6 3.8
    endloop
  endfacet
  facet normal -0.0785993 -0.996906 -0
    outer loop
      vertex -37.6715 27.5741 3.8
      vertex -38 27.6 0
      vertex -37.6715 27.5741 0
    endloop
  endfacet
  facet normal -0.0785993 -0.996906 0
    outer loop
      vertex -38 27.6 6.3
      vertex -37.6715 27.5741 6.79999
      vertex -38 27.6 6.79999
    endloop
  endfacet
  facet normal -0.0785993 -0.996906 -0
    outer loop
      vertex -37.6715 27.5741 6.79999
      vertex -38 27.6 6.3
      vertex -37.6715 27.5741 6.3
    endloop
  endfacet
  facet normal -0.760455 -0.649391 0
    outer loop
      vertex -36.3011 26.7343 6.3
      vertex -36.5151 26.9849 6.79999
      vertex -36.5151 26.9849 6.3
    endloop
  endfacet
  facet normal -0.760455 -0.649391 0
    outer loop
      vertex -36.5151 26.9849 6.79999
      vertex -36.3011 26.7343 6.3
      vertex -36.3011 26.7343 6.79999
    endloop
  endfacet
  facet normal -0.760455 -0.649391 0
    outer loop
      vertex -36.3011 26.7343 0
      vertex -36.5151 26.9849 3.8
      vertex -36.5151 26.9849 0
    endloop
  endfacet
  facet normal -0.760455 -0.649391 0
    outer loop
      vertex -36.5151 26.9849 3.8
      vertex -36.3011 26.7343 0
      vertex -36.3011 26.7343 3.8
    endloop
  endfacet
  facet normal -0.52264 -0.852553 0
    outer loop
      vertex -37.0466 27.3711 0
      vertex -36.7657 27.1989 3.8
      vertex -37.0466 27.3711 3.8
    endloop
  endfacet
  facet normal -0.52264 -0.852553 -0
    outer loop
      vertex -36.7657 27.1989 3.8
      vertex -37.0466 27.3711 0
      vertex -36.7657 27.1989 0
    endloop
  endfacet
  facet normal -0.52264 -0.852553 0
    outer loop
      vertex -37.0466 27.3711 6.3
      vertex -36.7657 27.1989 6.79999
      vertex -37.0466 27.3711 6.79999
    endloop
  endfacet
  facet normal -0.52264 -0.852553 -0
    outer loop
      vertex -36.7657 27.1989 6.79999
      vertex -37.0466 27.3711 6.3
      vertex -36.7657 27.1989 6.3
    endloop
  endfacet
  facet normal 0.0785993 0.996906 -0
    outer loop
      vertex -38 23.4 0
      vertex -38.3285 23.4259 3.8
      vertex -38 23.4 3.8
    endloop
  endfacet
  facet normal 0.0785993 0.996906 0
    outer loop
      vertex -38.3285 23.4259 3.8
      vertex -38 23.4 0
      vertex -38.3285 23.4259 0
    endloop
  endfacet
  facet normal 0.0785993 0.996906 -0
    outer loop
      vertex -38 23.4 6.3
      vertex -38.3285 23.4259 6.79999
      vertex -38 23.4 6.79999
    endloop
  endfacet
  facet normal 0.0785993 0.996906 0
    outer loop
      vertex -38.3285 23.4259 6.79999
      vertex -38 23.4 6.3
      vertex -38.3285 23.4259 6.3
    endloop
  endfacet
  facet normal 0.649391 0.760455 -0
    outer loop
      vertex -39.2343 23.8011 6.3
      vertex -39.4849 24.0151 6.79999
      vertex -39.2343 23.8011 6.79999
    endloop
  endfacet
  facet normal 0.649391 0.760455 0
    outer loop
      vertex -39.4849 24.0151 6.79999
      vertex -39.2343 23.8011 6.3
      vertex -39.4849 24.0151 6.3
    endloop
  endfacet
  facet normal 0.649391 0.760455 -0
    outer loop
      vertex -39.2343 23.8011 0
      vertex -39.4849 24.0151 3.8
      vertex -39.2343 23.8011 3.8
    endloop
  endfacet
  facet normal 0.649391 0.760455 0
    outer loop
      vertex -39.4849 24.0151 3.8
      vertex -39.2343 23.8011 0
      vertex -39.4849 24.0151 0
    endloop
  endfacet
  facet normal 0.760455 -0.649391 0
    outer loop
      vertex -39.6989 26.7343 3.8
      vertex -39.4849 26.9849 0
      vertex -39.4849 26.9849 3.8
    endloop
  endfacet
  facet normal 0.760455 -0.649391 0
    outer loop
      vertex -39.4849 26.9849 0
      vertex -39.6989 26.7343 3.8
      vertex -39.6989 26.7343 0
    endloop
  endfacet
  facet normal 0.760455 -0.649391 0
    outer loop
      vertex -39.6989 26.7343 6.79999
      vertex -39.4849 26.9849 6.3
      vertex -39.4849 26.9849 6.79999
    endloop
  endfacet
  facet normal 0.760455 -0.649391 0
    outer loop
      vertex -39.4849 26.9849 6.3
      vertex -39.6989 26.7343 6.79999
      vertex -39.6989 26.7343 6.3
    endloop
  endfacet
  facet normal 0.0785993 -0.996906 0
    outer loop
      vertex -38.3285 27.5741 6.3
      vertex -38 27.6 6.79999
      vertex -38.3285 27.5741 6.79999
    endloop
  endfacet
  facet normal 0.0785993 -0.996906 0
    outer loop
      vertex -38 27.6 6.79999
      vertex -38.3285 27.5741 6.3
      vertex -38 27.6 6.3
    endloop
  endfacet
  facet normal 0.0785993 -0.996906 0
    outer loop
      vertex -38.3285 27.5741 0
      vertex -38 27.6 3.8
      vertex -38.3285 27.5741 3.8
    endloop
  endfacet
  facet normal 0.0785993 -0.996906 0
    outer loop
      vertex -38 27.6 3.8
      vertex -38.3285 27.5741 0
      vertex -38 27.6 0
    endloop
  endfacet
  facet normal -0.852553 0.52264 0
    outer loop
      vertex -36.3011 24.2657 6.3
      vertex -36.1289 24.5466 6.79999
      vertex -36.1289 24.5466 6.3
    endloop
  endfacet
  facet normal -0.852553 0.52264 0
    outer loop
      vertex -36.1289 24.5466 6.79999
      vertex -36.3011 24.2657 6.3
      vertex -36.3011 24.2657 6.79999
    endloop
  endfacet
  facet normal -0.852553 0.52264 0
    outer loop
      vertex -36.3011 24.2657 0
      vertex -36.1289 24.5466 3.8
      vertex -36.1289 24.5466 0
    endloop
  endfacet
  facet normal -0.852553 0.52264 0
    outer loop
      vertex -36.1289 24.5466 3.8
      vertex -36.3011 24.2657 0
      vertex -36.3011 24.2657 3.8
    endloop
  endfacet
  facet normal -0.972385 0.233384 0
    outer loop
      vertex -36.0028 24.8511 0
      vertex -35.9259 25.1715 3.8
      vertex -35.9259 25.1715 0
    endloop
  endfacet
  facet normal -0.972385 0.233384 0
    outer loop
      vertex -35.9259 25.1715 3.8
      vertex -36.0028 24.8511 0
      vertex -36.0028 24.8511 3.8
    endloop
  endfacet
  facet normal -0.972385 0.233384 0
    outer loop
      vertex -36.0028 24.8511 6.3
      vertex -35.9259 25.1715 6.79999
      vertex -35.9259 25.1715 6.3
    endloop
  endfacet
  facet normal -0.972385 0.233384 0
    outer loop
      vertex -35.9259 25.1715 6.79999
      vertex -36.0028 24.8511 6.3
      vertex -36.0028 24.8511 6.79999
    endloop
  endfacet
  facet normal -0.852553 -0.52264 0
    outer loop
      vertex -36.1289 26.4534 6.3
      vertex -36.3011 26.7343 6.79999
      vertex -36.3011 26.7343 6.3
    endloop
  endfacet
  facet normal -0.852553 -0.52264 0
    outer loop
      vertex -36.3011 26.7343 6.79999
      vertex -36.1289 26.4534 6.3
      vertex -36.1289 26.4534 6.79999
    endloop
  endfacet
  facet normal -0.852553 -0.52264 0
    outer loop
      vertex -36.1289 26.4534 0
      vertex -36.3011 26.7343 3.8
      vertex -36.3011 26.7343 0
    endloop
  endfacet
  facet normal -0.852553 -0.52264 0
    outer loop
      vertex -36.3011 26.7343 3.8
      vertex -36.1289 26.4534 0
      vertex -36.1289 26.4534 3.8
    endloop
  endfacet
  facet normal 0.996906 0.0785993 0
    outer loop
      vertex -40.0741 25.1715 6.79999
      vertex -40.1 25.5 6.3
      vertex -40.1 25.5 6.79999
    endloop
  endfacet
  facet normal 0.996906 0.0785993 0
    outer loop
      vertex -40.1 25.5 6.3
      vertex -40.0741 25.1715 6.79999
      vertex -40.0741 25.1715 6.3
    endloop
  endfacet
  facet normal 0.996906 0.0785993 0
    outer loop
      vertex -40.0741 25.1715 3.8
      vertex -40.1 25.5 0
      vertex -40.1 25.5 3.8
    endloop
  endfacet
  facet normal 0.996906 0.0785993 0
    outer loop
      vertex -40.1 25.5 0
      vertex -40.0741 25.1715 3.8
      vertex -40.0741 25.1715 0
    endloop
  endfacet
  facet normal -0.52264 0.852553 0
    outer loop
      vertex -36.7657 23.8011 6.3
      vertex -37.0466 23.6289 6.79999
      vertex -36.7657 23.8011 6.79999
    endloop
  endfacet
  facet normal -0.52264 0.852553 0
    outer loop
      vertex -37.0466 23.6289 6.79999
      vertex -36.7657 23.8011 6.3
      vertex -37.0466 23.6289 6.3
    endloop
  endfacet
  facet normal -0.52264 0.852553 0
    outer loop
      vertex -36.7657 23.8011 0
      vertex -37.0466 23.6289 3.8
      vertex -36.7657 23.8011 3.8
    endloop
  endfacet
  facet normal -0.52264 0.852553 0
    outer loop
      vertex -37.0466 23.6289 3.8
      vertex -36.7657 23.8011 0
      vertex -37.0466 23.6289 0
    endloop
  endfacet
  facet normal 0.649391 -0.760455 0
    outer loop
      vertex -39.4849 26.9849 0
      vertex -39.2343 27.1989 3.8
      vertex -39.4849 26.9849 3.8
    endloop
  endfacet
  facet normal 0.649391 -0.760455 0
    outer loop
      vertex -39.2343 27.1989 3.8
      vertex -39.4849 26.9849 0
      vertex -39.2343 27.1989 0
    endloop
  endfacet
  facet normal 0.649391 -0.760455 0
    outer loop
      vertex -39.4849 26.9849 6.3
      vertex -39.2343 27.1989 6.79999
      vertex -39.4849 26.9849 6.79999
    endloop
  endfacet
  facet normal 0.649391 -0.760455 0
    outer loop
      vertex -39.2343 27.1989 6.79999
      vertex -39.4849 26.9849 6.3
      vertex -39.2343 27.1989 6.3
    endloop
  endfacet
  facet normal -0.382611 0.92391 0
    outer loop
      vertex -37.0466 23.6289 6.3
      vertex -37.3511 23.5028 6.79999
      vertex -37.0466 23.6289 6.79999
    endloop
  endfacet
  facet normal -0.382611 0.92391 0
    outer loop
      vertex -37.3511 23.5028 6.79999
      vertex -37.0466 23.6289 6.3
      vertex -37.3511 23.5028 6.3
    endloop
  endfacet
  facet normal -0.382611 0.92391 0
    outer loop
      vertex -37.0466 23.6289 0
      vertex -37.3511 23.5028 3.8
      vertex -37.0466 23.6289 3.8
    endloop
  endfacet
  facet normal -0.382611 0.92391 0
    outer loop
      vertex -37.3511 23.5028 3.8
      vertex -37.0466 23.6289 0
      vertex -37.3511 23.5028 0
    endloop
  endfacet
  facet normal -0.233384 -0.972385 0
    outer loop
      vertex -37.6715 27.5741 6.3
      vertex -37.3511 27.4972 6.79999
      vertex -37.6715 27.5741 6.79999
    endloop
  endfacet
  facet normal -0.233384 -0.972385 -0
    outer loop
      vertex -37.3511 27.4972 6.79999
      vertex -37.6715 27.5741 6.3
      vertex -37.3511 27.4972 6.3
    endloop
  endfacet
  facet normal -0.233384 -0.972385 0
    outer loop
      vertex -37.6715 27.5741 0
      vertex -37.3511 27.4972 3.8
      vertex -37.6715 27.5741 3.8
    endloop
  endfacet
  facet normal -0.233384 -0.972385 -0
    outer loop
      vertex -37.3511 27.4972 3.8
      vertex -37.6715 27.5741 0
      vertex -37.3511 27.4972 0
    endloop
  endfacet
  facet normal 0.92391 0.382611 0
    outer loop
      vertex -39.8711 24.5466 3.8
      vertex -39.9972 24.8511 0
      vertex -39.9972 24.8511 3.8
    endloop
  endfacet
  facet normal 0.92391 0.382611 0
    outer loop
      vertex -39.9972 24.8511 0
      vertex -39.8711 24.5466 3.8
      vertex -39.8711 24.5466 0
    endloop
  endfacet
  facet normal 0.92391 0.382611 0
    outer loop
      vertex -39.8711 24.5466 6.79999
      vertex -39.9972 24.8511 6.3
      vertex -39.9972 24.8511 6.79999
    endloop
  endfacet
  facet normal 0.92391 0.382611 0
    outer loop
      vertex -39.9972 24.8511 6.3
      vertex -39.8711 24.5466 6.79999
      vertex -39.8711 24.5466 6.3
    endloop
  endfacet
  facet normal -0.760455 0.649391 0
    outer loop
      vertex -36.5151 24.0151 6.3
      vertex -36.3011 24.2657 6.79999
      vertex -36.3011 24.2657 6.3
    endloop
  endfacet
  facet normal -0.760455 0.649391 0
    outer loop
      vertex -36.3011 24.2657 6.79999
      vertex -36.5151 24.0151 6.3
      vertex -36.5151 24.0151 6.79999
    endloop
  endfacet
  facet normal -0.760455 0.649391 0
    outer loop
      vertex -36.5151 24.0151 0
      vertex -36.3011 24.2657 3.8
      vertex -36.3011 24.2657 0
    endloop
  endfacet
  facet normal -0.760455 0.649391 0
    outer loop
      vertex -36.3011 24.2657 3.8
      vertex -36.5151 24.0151 0
      vertex -36.5151 24.0151 3.8
    endloop
  endfacet
  facet normal 0.760455 0.649391 0
    outer loop
      vertex -39.4849 24.0151 6.79999
      vertex -39.6989 24.2657 6.3
      vertex -39.6989 24.2657 6.79999
    endloop
  endfacet
  facet normal 0.760455 0.649391 0
    outer loop
      vertex -39.6989 24.2657 6.3
      vertex -39.4849 24.0151 6.79999
      vertex -39.4849 24.0151 6.3
    endloop
  endfacet
  facet normal 0.760455 0.649391 0
    outer loop
      vertex -39.4849 24.0151 3.8
      vertex -39.6989 24.2657 0
      vertex -39.6989 24.2657 3.8
    endloop
  endfacet
  facet normal 0.760455 0.649391 0
    outer loop
      vertex -39.6989 24.2657 0
      vertex -39.4849 24.0151 3.8
      vertex -39.4849 24.0151 0
    endloop
  endfacet
  facet normal -0.92391 0.382611 0
    outer loop
      vertex -36.1289 24.5466 0
      vertex -36.0028 24.8511 3.8
      vertex -36.0028 24.8511 0
    endloop
  endfacet
  facet normal -0.92391 0.382611 0
    outer loop
      vertex -36.0028 24.8511 3.8
      vertex -36.1289 24.5466 0
      vertex -36.1289 24.5466 3.8
    endloop
  endfacet
  facet normal -0.92391 0.382611 0
    outer loop
      vertex -36.1289 24.5466 6.3
      vertex -36.0028 24.8511 6.79999
      vertex -36.0028 24.8511 6.3
    endloop
  endfacet
  facet normal -0.92391 0.382611 0
    outer loop
      vertex -36.0028 24.8511 6.79999
      vertex -36.1289 24.5466 6.3
      vertex -36.1289 24.5466 6.79999
    endloop
  endfacet
  facet normal -0.649391 -0.760455 0
    outer loop
      vertex -36.7657 27.1989 0
      vertex -36.5151 26.9849 3.8
      vertex -36.7657 27.1989 3.8
    endloop
  endfacet
  facet normal -0.649391 -0.760455 -0
    outer loop
      vertex -36.5151 26.9849 3.8
      vertex -36.7657 27.1989 0
      vertex -36.5151 26.9849 0
    endloop
  endfacet
  facet normal -0.649391 -0.760455 0
    outer loop
      vertex -36.7657 27.1989 6.3
      vertex -36.5151 26.9849 6.79999
      vertex -36.7657 27.1989 6.79999
    endloop
  endfacet
  facet normal -0.649391 -0.760455 -0
    outer loop
      vertex -36.5151 26.9849 6.79999
      vertex -36.7657 27.1989 6.3
      vertex -36.5151 26.9849 6.3
    endloop
  endfacet
  facet normal 0.996906 -0.0785993 0
    outer loop
      vertex -40.1 25.5 6.79999
      vertex -40.0741 25.8285 6.3
      vertex -40.0741 25.8285 6.79999
    endloop
  endfacet
  facet normal 0.996906 -0.0785993 0
    outer loop
      vertex -40.0741 25.8285 6.3
      vertex -40.1 25.5 6.79999
      vertex -40.1 25.5 6.3
    endloop
  endfacet
  facet normal 0.996906 -0.0785993 0
    outer loop
      vertex -40.1 25.5 3.8
      vertex -40.0741 25.8285 0
      vertex -40.0741 25.8285 3.8
    endloop
  endfacet
  facet normal 0.996906 -0.0785993 0
    outer loop
      vertex -40.0741 25.8285 0
      vertex -40.1 25.5 3.8
      vertex -40.1 25.5 0
    endloop
  endfacet
  facet normal -0.382611 -0.92391 0
    outer loop
      vertex -37.3511 27.4972 6.3
      vertex -37.0466 27.3711 6.79999
      vertex -37.3511 27.4972 6.79999
    endloop
  endfacet
  facet normal -0.382611 -0.92391 -0
    outer loop
      vertex -37.0466 27.3711 6.79999
      vertex -37.3511 27.4972 6.3
      vertex -37.0466 27.3711 6.3
    endloop
  endfacet
  facet normal -0.382611 -0.92391 0
    outer loop
      vertex -37.3511 27.4972 0
      vertex -37.0466 27.3711 3.8
      vertex -37.3511 27.4972 3.8
    endloop
  endfacet
  facet normal -0.382611 -0.92391 -0
    outer loop
      vertex -37.0466 27.3711 3.8
      vertex -37.3511 27.4972 0
      vertex -37.0466 27.3711 0
    endloop
  endfacet
  facet normal -0.649391 0.760455 0
    outer loop
      vertex -36.5151 24.0151 0
      vertex -36.7657 23.8011 3.8
      vertex -36.5151 24.0151 3.8
    endloop
  endfacet
  facet normal -0.649391 0.760455 0
    outer loop
      vertex -36.7657 23.8011 3.8
      vertex -36.5151 24.0151 0
      vertex -36.7657 23.8011 0
    endloop
  endfacet
  facet normal -0.649391 0.760455 0
    outer loop
      vertex -36.5151 24.0151 6.3
      vertex -36.7657 23.8011 6.79999
      vertex -36.5151 24.0151 6.79999
    endloop
  endfacet
  facet normal -0.649391 0.760455 0
    outer loop
      vertex -36.7657 23.8011 6.79999
      vertex -36.5151 24.0151 6.3
      vertex -36.7657 23.8011 6.3
    endloop
  endfacet
  facet normal -0.233384 0.972385 0
    outer loop
      vertex -37.3511 23.5028 0
      vertex -37.6715 23.4259 3.8
      vertex -37.3511 23.5028 3.8
    endloop
  endfacet
  facet normal -0.233384 0.972385 0
    outer loop
      vertex -37.6715 23.4259 3.8
      vertex -37.3511 23.5028 0
      vertex -37.6715 23.4259 0
    endloop
  endfacet
  facet normal -0.233384 0.972385 0
    outer loop
      vertex -37.3511 23.5028 6.3
      vertex -37.6715 23.4259 6.79999
      vertex -37.3511 23.5028 6.79999
    endloop
  endfacet
  facet normal -0.233384 0.972385 0
    outer loop
      vertex -37.6715 23.4259 6.79999
      vertex -37.3511 23.5028 6.3
      vertex -37.6715 23.4259 6.3
    endloop
  endfacet
  facet normal 0.382611 0.92391 -0
    outer loop
      vertex -38.6489 23.5028 0
      vertex -38.9534 23.6289 3.8
      vertex -38.6489 23.5028 3.8
    endloop
  endfacet
  facet normal 0.382611 0.92391 0
    outer loop
      vertex -38.9534 23.6289 3.8
      vertex -38.6489 23.5028 0
      vertex -38.9534 23.6289 0
    endloop
  endfacet
  facet normal 0.382611 0.92391 -0
    outer loop
      vertex -38.6489 23.5028 6.3
      vertex -38.9534 23.6289 6.79999
      vertex -38.6489 23.5028 6.79999
    endloop
  endfacet
  facet normal 0.382611 0.92391 0
    outer loop
      vertex -38.9534 23.6289 6.79999
      vertex -38.6489 23.5028 6.3
      vertex -38.9534 23.6289 6.3
    endloop
  endfacet
  facet normal -0.0785993 0.996906 0
    outer loop
      vertex -37.6715 23.4259 0
      vertex -38 23.4 3.8
      vertex -37.6715 23.4259 3.8
    endloop
  endfacet
  facet normal -0.0785993 0.996906 0
    outer loop
      vertex -38 23.4 3.8
      vertex -37.6715 23.4259 0
      vertex -38 23.4 0
    endloop
  endfacet
  facet normal -0.0785993 0.996906 0
    outer loop
      vertex -37.6715 23.4259 6.3
      vertex -38 23.4 6.79999
      vertex -37.6715 23.4259 6.79999
    endloop
  endfacet
  facet normal -0.0785993 0.996906 0
    outer loop
      vertex -38 23.4 6.79999
      vertex -37.6715 23.4259 6.3
      vertex -38 23.4 6.3
    endloop
  endfacet
  facet normal 0.52264 -0.852553 0
    outer loop
      vertex -39.2343 27.1989 0
      vertex -38.9534 27.3711 3.8
      vertex -39.2343 27.1989 3.8
    endloop
  endfacet
  facet normal 0.52264 -0.852553 0
    outer loop
      vertex -38.9534 27.3711 3.8
      vertex -39.2343 27.1989 0
      vertex -38.9534 27.3711 0
    endloop
  endfacet
  facet normal 0.52264 -0.852553 0
    outer loop
      vertex -39.2343 27.1989 6.3
      vertex -38.9534 27.3711 6.79999
      vertex -39.2343 27.1989 6.79999
    endloop
  endfacet
  facet normal 0.52264 -0.852553 0
    outer loop
      vertex -38.9534 27.3711 6.79999
      vertex -39.2343 27.1989 6.3
      vertex -38.9534 27.3711 6.3
    endloop
  endfacet
  facet normal 0.92391 -0.382611 0
    outer loop
      vertex -39.9972 26.1489 6.79999
      vertex -39.8711 26.4534 6.3
      vertex -39.8711 26.4534 6.79999
    endloop
  endfacet
  facet normal 0.92391 -0.382611 0
    outer loop
      vertex -39.8711 26.4534 6.3
      vertex -39.9972 26.1489 6.79999
      vertex -39.9972 26.1489 6.3
    endloop
  endfacet
  facet normal 0.92391 -0.382611 0
    outer loop
      vertex -39.9972 26.1489 3.8
      vertex -39.8711 26.4534 0
      vertex -39.8711 26.4534 3.8
    endloop
  endfacet
  facet normal 0.92391 -0.382611 0
    outer loop
      vertex -39.8711 26.4534 0
      vertex -39.9972 26.1489 3.8
      vertex -39.9972 26.1489 0
    endloop
  endfacet
  facet normal 0.972385 0.233384 0
    outer loop
      vertex -39.9972 24.8511 3.8
      vertex -40.0741 25.1715 0
      vertex -40.0741 25.1715 3.8
    endloop
  endfacet
  facet normal 0.972385 0.233384 0
    outer loop
      vertex -40.0741 25.1715 0
      vertex -39.9972 24.8511 3.8
      vertex -39.9972 24.8511 0
    endloop
  endfacet
  facet normal 0.972385 0.233384 0
    outer loop
      vertex -39.9972 24.8511 6.79999
      vertex -40.0741 25.1715 6.3
      vertex -40.0741 25.1715 6.79999
    endloop
  endfacet
  facet normal 0.972385 0.233384 0
    outer loop
      vertex -40.0741 25.1715 6.3
      vertex -39.9972 24.8511 6.79999
      vertex -39.9972 24.8511 6.3
    endloop
  endfacet
  facet normal 0.972385 -0.233384 0
    outer loop
      vertex -40.0741 25.8285 3.8
      vertex -39.9972 26.1489 0
      vertex -39.9972 26.1489 3.8
    endloop
  endfacet
  facet normal 0.972385 -0.233384 0
    outer loop
      vertex -39.9972 26.1489 0
      vertex -40.0741 25.8285 3.8
      vertex -40.0741 25.8285 0
    endloop
  endfacet
  facet normal 0.972385 -0.233384 0
    outer loop
      vertex -40.0741 25.8285 6.79999
      vertex -39.9972 26.1489 6.3
      vertex -39.9972 26.1489 6.79999
    endloop
  endfacet
  facet normal 0.972385 -0.233384 0
    outer loop
      vertex -39.9972 26.1489 6.3
      vertex -40.0741 25.8285 6.79999
      vertex -40.0741 25.8285 6.3
    endloop
  endfacet
  facet normal 0.382611 -0.92391 0
    outer loop
      vertex -38.9534 27.3711 0
      vertex -38.6489 27.4972 3.8
      vertex -38.9534 27.3711 3.8
    endloop
  endfacet
  facet normal 0.382611 -0.92391 0
    outer loop
      vertex -38.6489 27.4972 3.8
      vertex -38.9534 27.3711 0
      vertex -38.6489 27.4972 0
    endloop
  endfacet
  facet normal 0.382611 -0.92391 0
    outer loop
      vertex -38.9534 27.3711 6.3
      vertex -38.6489 27.4972 6.79999
      vertex -38.9534 27.3711 6.79999
    endloop
  endfacet
  facet normal 0.382611 -0.92391 0
    outer loop
      vertex -38.6489 27.4972 6.79999
      vertex -38.9534 27.3711 6.3
      vertex -38.6489 27.4972 6.3
    endloop
  endfacet
  facet normal -0.92391 -0.382611 0
    outer loop
      vertex -36.0028 26.1489 0
      vertex -36.1289 26.4534 3.8
      vertex -36.1289 26.4534 0
    endloop
  endfacet
  facet normal -0.92391 -0.382611 0
    outer loop
      vertex -36.1289 26.4534 3.8
      vertex -36.0028 26.1489 0
      vertex -36.0028 26.1489 3.8
    endloop
  endfacet
  facet normal -0.92391 -0.382611 0
    outer loop
      vertex -36.0028 26.1489 6.3
      vertex -36.1289 26.4534 6.79999
      vertex -36.1289 26.4534 6.3
    endloop
  endfacet
  facet normal -0.92391 -0.382611 0
    outer loop
      vertex -36.1289 26.4534 6.79999
      vertex -36.0028 26.1489 6.3
      vertex -36.0028 26.1489 6.79999
    endloop
  endfacet
  facet normal 0.233384 0.972385 -0
    outer loop
      vertex -38.3285 23.4259 0
      vertex -38.6489 23.5028 3.8
      vertex -38.3285 23.4259 3.8
    endloop
  endfacet
  facet normal 0.233384 0.972385 0
    outer loop
      vertex -38.6489 23.5028 3.8
      vertex -38.3285 23.4259 0
      vertex -38.6489 23.5028 0
    endloop
  endfacet
  facet normal 0.233384 0.972385 -0
    outer loop
      vertex -38.3285 23.4259 6.3
      vertex -38.6489 23.5028 6.79999
      vertex -38.3285 23.4259 6.79999
    endloop
  endfacet
  facet normal 0.233384 0.972385 0
    outer loop
      vertex -38.6489 23.5028 6.79999
      vertex -38.3285 23.4259 6.3
      vertex -38.6489 23.5028 6.3
    endloop
  endfacet
  facet normal 0.852553 -0.52264 0
    outer loop
      vertex -39.8711 26.4534 6.79999
      vertex -39.6989 26.7343 6.3
      vertex -39.6989 26.7343 6.79999
    endloop
  endfacet
  facet normal 0.852553 -0.52264 0
    outer loop
      vertex -39.6989 26.7343 6.3
      vertex -39.8711 26.4534 6.79999
      vertex -39.8711 26.4534 6.3
    endloop
  endfacet
  facet normal 0.852553 -0.52264 0
    outer loop
      vertex -39.8711 26.4534 3.8
      vertex -39.6989 26.7343 0
      vertex -39.6989 26.7343 3.8
    endloop
  endfacet
  facet normal 0.852553 -0.52264 0
    outer loop
      vertex -39.6989 26.7343 0
      vertex -39.8711 26.4534 3.8
      vertex -39.8711 26.4534 0
    endloop
  endfacet
  facet normal -0.779393 -0.0614499 0.623514
    outer loop
      vertex -35.9 25.5 3.8
      vertex -33.9 25.5 6.3
      vertex -35.9259 25.8285 3.8
    endloop
  endfacet
  facet normal 0.507702 0.594534 0.623513
    outer loop
      vertex -39.2343 23.8011 3.8
      vertex -39.4849 24.0151 3.8
      vertex -40.8991 22.6009 6.3
    endloop
  endfacet
  facet normal 0.507797 0.594435 0.623529
    outer loop
      vertex -40.4099 22.183 6.3
      vertex -39.2343 23.8011 3.8
      vertex -40.8991 22.6009 6.3
    endloop
  endfacet
  facet normal 0.594435 -0.507797 0.623529
    outer loop
      vertex -39.6989 26.7343 3.8
      vertex -40.8991 28.3991 6.3
      vertex -41.317 27.9099 6.3
    endloop
  endfacet
  facet normal 0.594534 -0.507702 0.623513
    outer loop
      vertex -39.6989 26.7343 3.8
      vertex -39.4849 26.9849 3.8
      vertex -40.8991 28.3991 6.3
    endloop
  endfacet
  facet normal -0.507702 0.594534 0.623513
    outer loop
      vertex -35.1009 22.6009 6.3
      vertex -36.5151 24.0151 3.8
      vertex -36.7657 23.8011 3.8
    endloop
  endfacet
  facet normal 0.182516 -0.760201 0.623524
    outer loop
      vertex -38.3285 27.5741 3.8
      vertex -38.6414 29.5495 6.3
      vertex -39.267 29.3993 6.3
    endloop
  endfacet
  facet normal 0.299175 0.722298 0.623522
    outer loop
      vertex -39.267 21.6007 6.3
      vertex -38.6489 23.5028 3.8
      vertex -39.8614 21.8469 6.3
    endloop
  endfacet
  facet normal -0.722323 0.299129 0.623515
    outer loop
      vertex -34.3469 23.6386 6.3
      vertex -36.0028 24.8511 3.8
      vertex -36.1289 24.5466 3.8
    endloop
  endfacet
  facet normal -0.594534 -0.507702 0.623513
    outer loop
      vertex -36.3011 26.7343 3.8
      vertex -35.1009 28.3991 6.3
      vertex -36.5151 26.9849 3.8
    endloop
  endfacet
  facet normal -0.507702 -0.594534 0.623513
    outer loop
      vertex -36.5151 26.9849 3.8
      vertex -35.1009 28.3991 6.3
      vertex -36.7657 27.1989 3.8
    endloop
  endfacet
  facet normal -0.299129 0.722323 0.623515
    outer loop
      vertex -36.1386 21.8469 6.3
      vertex -37.0466 23.6289 3.8
      vertex -37.3511 23.5028 3.8
    endloop
  endfacet
  facet normal 0.760219 0.182462 0.623517
    outer loop
      vertex -39.9972 24.8511 3.8
      vertex -40.0741 25.1715 3.8
      vertex -41.8993 24.233 6.3
    endloop
  endfacet
  facet normal -0.299175 -0.722298 0.623522
    outer loop
      vertex -36.1386 29.1531 6.3
      vertex -36.733 29.3993 6.3
      vertex -37.3511 27.4972 3.8
    endloop
  endfacet
  facet normal 0.594534 0.507702 0.623513
    outer loop
      vertex -39.4849 24.0151 3.8
      vertex -39.6989 24.2657 3.8
      vertex -40.8991 22.6009 6.3
    endloop
  endfacet
  facet normal -0.594534 0.507702 0.623513
    outer loop
      vertex -35.1009 22.6009 6.3
      vertex -36.3011 24.2657 3.8
      vertex -36.5151 24.0151 3.8
    endloop
  endfacet
  facet normal 0.722298 -0.299175 0.623522
    outer loop
      vertex -39.9972 26.1489 3.8
      vertex -41.6531 27.3614 6.3
      vertex -41.8993 26.767 6.3
    endloop
  endfacet
  facet normal 0.760219 -0.182462 0.623517
    outer loop
      vertex -40.0741 25.8285 3.8
      vertex -39.9972 26.1489 3.8
      vertex -41.8993 26.767 6.3
    endloop
  endfacet
  facet normal 0.666604 0.40847 0.623532
    outer loop
      vertex -41.317 23.0901 6.3
      vertex -39.6989 24.2657 3.8
      vertex -41.6531 23.6386 6.3
    endloop
  endfacet
  facet normal 0.779392 -0.0613646 0.623525
    outer loop
      vertex -40.0741 25.8285 3.8
      vertex -42.0495 26.1414 6.3
      vertex -42.1 25.5 6.3
    endloop
  endfacet
  facet normal -0.0614499 -0.779393 0.623514
    outer loop
      vertex -37.6715 27.5741 3.8
      vertex -38 29.6 6.3
      vertex -38 27.6 3.8
    endloop
  endfacet
  facet normal 0.0614499 -0.779393 0.623514
    outer loop
      vertex -38 27.6 3.8
      vertex -38 29.6 6.3
      vertex -38.3285 27.5741 3.8
    endloop
  endfacet
  facet normal 0 0 -1
    outer loop
      vertex -35.9 25.5 6.3
      vertex -33.9 25.5 6.3
      vertex -33.9505 24.8586 6.3
    endloop
  endfacet
  facet normal 0 0 -1
    outer loop
      vertex -35.9259 25.1715 6.3
      vertex -33.9505 24.8586 6.3
      vertex -34.1007 24.233 6.3
    endloop
  endfacet
  facet normal 0 0 -1
    outer loop
      vertex -33.9 25.5 6.3
      vertex -35.9 25.5 6.3
      vertex -33.9505 26.1414 6.3
    endloop
  endfacet
  facet normal 0 0 -1
    outer loop
      vertex -36.0028 24.8511 6.3
      vertex -34.1007 24.233 6.3
      vertex -34.3469 23.6386 6.3
    endloop
  endfacet
  facet normal 0 0 -1
    outer loop
      vertex -35.9259 25.8285 6.3
      vertex -33.9505 26.1414 6.3
      vertex -35.9 25.5 6.3
    endloop
  endfacet
  facet normal 0 0 -1
    outer loop
      vertex -36.1289 24.5466 6.3
      vertex -34.3469 23.6386 6.3
      vertex -34.683 23.0901 6.3
    endloop
  endfacet
  facet normal -0 0 -1
    outer loop
      vertex -33.9505 26.1414 6.3
      vertex -35.9259 25.8285 6.3
      vertex -34.1007 26.767 6.3
    endloop
  endfacet
  facet normal 0 0 -1
    outer loop
      vertex -36.3011 24.2657 6.3
      vertex -34.683 23.0901 6.3
      vertex -35.1009 22.6009 6.3
    endloop
  endfacet
  facet normal 0 0 -1
    outer loop
      vertex -36.0028 26.1489 6.3
      vertex -34.1007 26.767 6.3
      vertex -35.9259 25.8285 6.3
    endloop
  endfacet
  facet normal 0 0 -1
    outer loop
      vertex -36.5151 24.0151 6.3
      vertex -35.1009 22.6009 6.3
      vertex -35.5901 22.183 6.3
    endloop
  endfacet
  facet normal -0 0 -1
    outer loop
      vertex -34.1007 26.767 6.3
      vertex -36.0028 26.1489 6.3
      vertex -34.3469 27.3614 6.3
    endloop
  endfacet
  facet normal 0 0 -1
    outer loop
      vertex -36.1289 26.4534 6.3
      vertex -34.3469 27.3614 6.3
      vertex -36.0028 26.1489 6.3
    endloop
  endfacet
  facet normal 0 0 -1
    outer loop
      vertex -33.9505 24.8586 6.3
      vertex -35.9259 25.1715 6.3
      vertex -35.9 25.5 6.3
    endloop
  endfacet
  facet normal 0 0 -1
    outer loop
      vertex -34.1007 24.233 6.3
      vertex -36.0028 24.8511 6.3
      vertex -35.9259 25.1715 6.3
    endloop
  endfacet
  facet normal 0 0 -1
    outer loop
      vertex -34.3469 23.6386 6.3
      vertex -36.1289 24.5466 6.3
      vertex -36.0028 24.8511 6.3
    endloop
  endfacet
  facet normal 0 0 -1
    outer loop
      vertex -36.7657 23.8011 6.3
      vertex -35.5901 22.183 6.3
      vertex -36.1386 21.8469 6.3
    endloop
  endfacet
  facet normal 0 0 -1
    outer loop
      vertex -34.683 23.0901 6.3
      vertex -36.3011 24.2657 6.3
      vertex -36.1289 24.5466 6.3
    endloop
  endfacet
  facet normal 0 0 -1
    outer loop
      vertex -35.1009 22.6009 6.3
      vertex -36.5151 24.0151 6.3
      vertex -36.3011 24.2657 6.3
    endloop
  endfacet
  facet normal 0 0 -1
    outer loop
      vertex -37.0466 23.6289 6.3
      vertex -36.1386 21.8469 6.3
      vertex -36.733 21.6007 6.3
    endloop
  endfacet
  facet normal 0 0 -1
    outer loop
      vertex -35.5901 22.183 6.3
      vertex -36.7657 23.8011 6.3
      vertex -36.5151 24.0151 6.3
    endloop
  endfacet
  facet normal 0 0 -1
    outer loop
      vertex -36.1386 21.8469 6.3
      vertex -37.0466 23.6289 6.3
      vertex -36.7657 23.8011 6.3
    endloop
  endfacet
  facet normal 0 0 -1
    outer loop
      vertex -36.733 21.6007 6.3
      vertex -37.3511 23.5028 6.3
      vertex -37.0466 23.6289 6.3
    endloop
  endfacet
  facet normal 0 0 -1
    outer loop
      vertex -37.3586 21.4505 6.3
      vertex -37.3511 23.5028 6.3
      vertex -36.733 21.6007 6.3
    endloop
  endfacet
  facet normal 0 0 -1
    outer loop
      vertex -37.3586 21.4505 6.3
      vertex -37.6715 23.4259 6.3
      vertex -37.3511 23.5028 6.3
    endloop
  endfacet
  facet normal 0 0 -1
    outer loop
      vertex -38 21.4 6.3
      vertex -37.6715 23.4259 6.3
      vertex -37.3586 21.4505 6.3
    endloop
  endfacet
  facet normal 0 0 -1
    outer loop
      vertex -38 21.4 6.3
      vertex -38 23.4 6.3
      vertex -37.6715 23.4259 6.3
    endloop
  endfacet
  facet normal 0 0 -1
    outer loop
      vertex -38 21.4 6.3
      vertex -38.3285 23.4259 6.3
      vertex -38 23.4 6.3
    endloop
  endfacet
  facet normal 0 0 -1
    outer loop
      vertex -38.6414 21.4505 6.3
      vertex -38.3285 23.4259 6.3
      vertex -38 21.4 6.3
    endloop
  endfacet
  facet normal 0 0 -1
    outer loop
      vertex -38.6414 21.4505 6.3
      vertex -38.6489 23.5028 6.3
      vertex -38.3285 23.4259 6.3
    endloop
  endfacet
  facet normal 0 0 -1
    outer loop
      vertex -39.267 21.6007 6.3
      vertex -38.6489 23.5028 6.3
      vertex -38.6414 21.4505 6.3
    endloop
  endfacet
  facet normal -0 0 -1
    outer loop
      vertex -38.6489 23.5028 6.3
      vertex -39.267 21.6007 6.3
      vertex -38.9534 23.6289 6.3
    endloop
  endfacet
  facet normal 0 0 -1
    outer loop
      vertex -39.8614 21.8469 6.3
      vertex -38.9534 23.6289 6.3
      vertex -39.267 21.6007 6.3
    endloop
  endfacet
  facet normal -0 0 -1
    outer loop
      vertex -38.9534 23.6289 6.3
      vertex -39.8614 21.8469 6.3
      vertex -39.2343 23.8011 6.3
    endloop
  endfacet
  facet normal 0 0 -1
    outer loop
      vertex -40.4099 22.183 6.3
      vertex -39.2343 23.8011 6.3
      vertex -39.8614 21.8469 6.3
    endloop
  endfacet
  facet normal -0 0 -1
    outer loop
      vertex -39.2343 23.8011 6.3
      vertex -40.4099 22.183 6.3
      vertex -39.4849 24.0151 6.3
    endloop
  endfacet
  facet normal 0 0 -1
    outer loop
      vertex -40.8991 22.6009 6.3
      vertex -39.4849 24.0151 6.3
      vertex -40.4099 22.183 6.3
    endloop
  endfacet
  facet normal -0 0 -1
    outer loop
      vertex -39.4849 24.0151 6.3
      vertex -40.8991 22.6009 6.3
      vertex -39.6989 24.2657 6.3
    endloop
  endfacet
  facet normal 0 0 -1
    outer loop
      vertex -41.317 23.0901 6.3
      vertex -39.6989 24.2657 6.3
      vertex -40.8991 22.6009 6.3
    endloop
  endfacet
  facet normal -0 0 -1
    outer loop
      vertex -39.6989 24.2657 6.3
      vertex -41.317 23.0901 6.3
      vertex -39.8711 24.5466 6.3
    endloop
  endfacet
  facet normal 0 0 -1
    outer loop
      vertex -41.6531 23.6386 6.3
      vertex -39.8711 24.5466 6.3
      vertex -41.317 23.0901 6.3
    endloop
  endfacet
  facet normal -0 0 -1
    outer loop
      vertex -34.3469 27.3614 6.3
      vertex -36.1289 26.4534 6.3
      vertex -34.683 27.9099 6.3
    endloop
  endfacet
  facet normal 0 0 -1
    outer loop
      vertex -36.3011 26.7343 6.3
      vertex -34.683 27.9099 6.3
      vertex -36.1289 26.4534 6.3
    endloop
  endfacet
  facet normal -0 0 -1
    outer loop
      vertex -34.683 27.9099 6.3
      vertex -36.3011 26.7343 6.3
      vertex -35.1009 28.3991 6.3
    endloop
  endfacet
  facet normal 0 0 -1
    outer loop
      vertex -36.5151 26.9849 6.3
      vertex -35.1009 28.3991 6.3
      vertex -36.3011 26.7343 6.3
    endloop
  endfacet
  facet normal -0 0 -1
    outer loop
      vertex -35.1009 28.3991 6.3
      vertex -36.5151 26.9849 6.3
      vertex -35.5901 28.817 6.3
    endloop
  endfacet
  facet normal 0 0 -1
    outer loop
      vertex -36.7657 27.1989 6.3
      vertex -35.5901 28.817 6.3
      vertex -36.5151 26.9849 6.3
    endloop
  endfacet
  facet normal -0 0 -1
    outer loop
      vertex -35.5901 28.817 6.3
      vertex -36.7657 27.1989 6.3
      vertex -36.1386 29.1531 6.3
    endloop
  endfacet
  facet normal 0 0 -1
    outer loop
      vertex -37.0466 27.3711 6.3
      vertex -36.1386 29.1531 6.3
      vertex -36.7657 27.1989 6.3
    endloop
  endfacet
  facet normal -0 0 -1
    outer loop
      vertex -36.1386 29.1531 6.3
      vertex -37.0466 27.3711 6.3
      vertex -36.733 29.3993 6.3
    endloop
  endfacet
  facet normal 0 0 -1
    outer loop
      vertex -37.3511 27.4972 6.3
      vertex -36.733 29.3993 6.3
      vertex -37.0466 27.3711 6.3
    endloop
  endfacet
  facet normal 0 0 -1
    outer loop
      vertex -37.3511 27.4972 6.3
      vertex -37.3586 29.5495 6.3
      vertex -36.733 29.3993 6.3
    endloop
  endfacet
  facet normal 0 0 -1
    outer loop
      vertex -37.6715 27.5741 6.3
      vertex -37.3586 29.5495 6.3
      vertex -37.3511 27.4972 6.3
    endloop
  endfacet
  facet normal 0 0 -1
    outer loop
      vertex -38 27.6 6.3
      vertex -37.3586 29.5495 6.3
      vertex -37.6715 27.5741 6.3
    endloop
  endfacet
  facet normal 0 0 -1
    outer loop
      vertex -38 27.6 6.3
      vertex -38 29.6 6.3
      vertex -37.3586 29.5495 6.3
    endloop
  endfacet
  facet normal 0 0 -1
    outer loop
      vertex -38.3285 27.5741 6.3
      vertex -38 29.6 6.3
      vertex -38 27.6 6.3
    endloop
  endfacet
  facet normal 0 0 -1
    outer loop
      vertex -38.3285 27.5741 6.3
      vertex -38.6414 29.5495 6.3
      vertex -38 29.6 6.3
    endloop
  endfacet
  facet normal 0 0 -1
    outer loop
      vertex -38.6489 27.4972 6.3
      vertex -38.6414 29.5495 6.3
      vertex -38.3285 27.5741 6.3
    endloop
  endfacet
  facet normal 0 0 -1
    outer loop
      vertex -39.267 29.3993 6.3
      vertex -38.6489 27.4972 6.3
      vertex -38.9534 27.3711 6.3
    endloop
  endfacet
  facet normal 0 0 -1
    outer loop
      vertex -39.8614 29.1531 6.3
      vertex -38.9534 27.3711 6.3
      vertex -39.2343 27.1989 6.3
    endloop
  endfacet
  facet normal 0 0 -1
    outer loop
      vertex -38.6489 27.4972 6.3
      vertex -39.267 29.3993 6.3
      vertex -38.6414 29.5495 6.3
    endloop
  endfacet
  facet normal 0 0 -1
    outer loop
      vertex -40.4099 28.817 6.3
      vertex -39.2343 27.1989 6.3
      vertex -39.4849 26.9849 6.3
    endloop
  endfacet
  facet normal 0 0 -1
    outer loop
      vertex -40.8991 28.3991 6.3
      vertex -39.4849 26.9849 6.3
      vertex -39.6989 26.7343 6.3
    endloop
  endfacet
  facet normal 0 0 -1
    outer loop
      vertex -38.9534 27.3711 6.3
      vertex -39.8614 29.1531 6.3
      vertex -39.267 29.3993 6.3
    endloop
  endfacet
  facet normal 0 0 -1
    outer loop
      vertex -41.317 27.9099 6.3
      vertex -39.6989 26.7343 6.3
      vertex -39.8711 26.4534 6.3
    endloop
  endfacet
  facet normal 0 0 -1
    outer loop
      vertex -41.6531 27.3614 6.3
      vertex -39.8711 26.4534 6.3
      vertex -39.9972 26.1489 6.3
    endloop
  endfacet
  facet normal 0 0 -1
    outer loop
      vertex -41.8993 26.767 6.3
      vertex -39.9972 26.1489 6.3
      vertex -40.0741 25.8285 6.3
    endloop
  endfacet
  facet normal 0 0 -1
    outer loop
      vertex -42.0495 26.1414 6.3
      vertex -40.0741 25.8285 6.3
      vertex -40.1 25.5 6.3
    endloop
  endfacet
  facet normal -0 0 -1
    outer loop
      vertex -39.8711 24.5466 6.3
      vertex -41.6531 23.6386 6.3
      vertex -39.9972 24.8511 6.3
    endloop
  endfacet
  facet normal 0 0 -1
    outer loop
      vertex -39.2343 27.1989 6.3
      vertex -40.4099 28.817 6.3
      vertex -39.8614 29.1531 6.3
    endloop
  endfacet
  facet normal 0 0 -1
    outer loop
      vertex -41.8993 24.233 6.3
      vertex -39.9972 24.8511 6.3
      vertex -41.6531 23.6386 6.3
    endloop
  endfacet
  facet normal 0 0 -1
    outer loop
      vertex -39.4849 26.9849 6.3
      vertex -40.8991 28.3991 6.3
      vertex -40.4099 28.817 6.3
    endloop
  endfacet
  facet normal -0 0 -1
    outer loop
      vertex -39.9972 24.8511 6.3
      vertex -41.8993 24.233 6.3
      vertex -40.0741 25.1715 6.3
    endloop
  endfacet
  facet normal 0 0 -1
    outer loop
      vertex -39.6989 26.7343 6.3
      vertex -41.317 27.9099 6.3
      vertex -40.8991 28.3991 6.3
    endloop
  endfacet
  facet normal 0 0 -1
    outer loop
      vertex -42.0495 24.8586 6.3
      vertex -40.0741 25.1715 6.3
      vertex -41.8993 24.233 6.3
    endloop
  endfacet
  facet normal 0 0 -1
    outer loop
      vertex -39.8711 26.4534 6.3
      vertex -41.6531 27.3614 6.3
      vertex -41.317 27.9099 6.3
    endloop
  endfacet
  facet normal -0 0 -1
    outer loop
      vertex -40.0741 25.1715 6.3
      vertex -42.0495 24.8586 6.3
      vertex -40.1 25.5 6.3
    endloop
  endfacet
  facet normal 0 0 -1
    outer loop
      vertex -39.9972 26.1489 6.3
      vertex -41.8993 26.767 6.3
      vertex -41.6531 27.3614 6.3
    endloop
  endfacet
  facet normal 0 0 -1
    outer loop
      vertex -42.1 25.5 6.3
      vertex -40.1 25.5 6.3
      vertex -42.0495 24.8586 6.3
    endloop
  endfacet
  facet normal 0 0 -1
    outer loop
      vertex -40.0741 25.8285 6.3
      vertex -42.0495 26.1414 6.3
      vertex -41.8993 26.767 6.3
    endloop
  endfacet
  facet normal 0 0 -1
    outer loop
      vertex -40.1 25.5 6.3
      vertex -42.1 25.5 6.3
      vertex -42.0495 26.1414 6.3
    endloop
  endfacet
  facet normal 0.779393 -0.0614499 0.623514
    outer loop
      vertex -40.1 25.5 3.8
      vertex -40.0741 25.8285 3.8
      vertex -42.1 25.5 6.3
    endloop
  endfacet
  facet normal 0.760201 -0.182516 0.623524
    outer loop
      vertex -40.0741 25.8285 3.8
      vertex -41.8993 26.767 6.3
      vertex -42.0495 26.1414 6.3
    endloop
  endfacet
  facet normal -0.666604 0.40847 0.623532
    outer loop
      vertex -34.683 23.0901 6.3
      vertex -34.3469 23.6386 6.3
      vertex -36.3011 24.2657 3.8
    endloop
  endfacet
  facet normal -0.779392 -0.0613646 0.623525
    outer loop
      vertex -33.9 25.5 6.3
      vertex -33.9505 26.1414 6.3
      vertex -35.9259 25.8285 3.8
    endloop
  endfacet
  facet normal -0.779392 0.0613646 0.623525
    outer loop
      vertex -33.9505 24.8586 6.3
      vertex -33.9 25.5 6.3
      vertex -35.9259 25.1715 3.8
    endloop
  endfacet
  facet normal -0.40847 -0.666604 0.623532
    outer loop
      vertex -35.5901 28.817 6.3
      vertex -36.1386 29.1531 6.3
      vertex -36.7657 27.1989 3.8
    endloop
  endfacet
  facet normal 0.722323 0.299129 0.623515
    outer loop
      vertex -39.8711 24.5466 3.8
      vertex -39.9972 24.8511 3.8
      vertex -41.6531 23.6386 6.3
    endloop
  endfacet
  facet normal -0.408607 0.666537 0.623513
    outer loop
      vertex -36.1386 21.8469 6.3
      vertex -36.7657 23.8011 3.8
      vertex -37.0466 23.6289 3.8
    endloop
  endfacet
  facet normal 0.0614499 0.779393 0.623514
    outer loop
      vertex -38 21.4 6.3
      vertex -38 23.4 3.8
      vertex -38.3285 23.4259 3.8
    endloop
  endfacet
  facet normal 0.182462 -0.760219 0.623517
    outer loop
      vertex -38.6489 27.4972 3.8
      vertex -38.3285 27.5741 3.8
      vertex -39.267 29.3993 6.3
    endloop
  endfacet
  facet normal -0.0613646 -0.779392 0.623525
    outer loop
      vertex -37.6715 27.5741 3.8
      vertex -37.3586 29.5495 6.3
      vertex -38 29.6 6.3
    endloop
  endfacet
  facet normal -0.182462 -0.760219 0.623517
    outer loop
      vertex -37.3511 27.4972 3.8
      vertex -36.733 29.3993 6.3
      vertex -37.6715 27.5741 3.8
    endloop
  endfacet
  facet normal -0.0613646 0.779392 0.623525
    outer loop
      vertex -37.3586 21.4505 6.3
      vertex -37.6715 23.4259 3.8
      vertex -38 21.4 6.3
    endloop
  endfacet
  facet normal -0.0614499 0.779393 0.623514
    outer loop
      vertex -37.6715 23.4259 3.8
      vertex -38 23.4 3.8
      vertex -38 21.4 6.3
    endloop
  endfacet
  facet normal 0.299129 0.722323 0.623515
    outer loop
      vertex -38.6489 23.5028 3.8
      vertex -38.9534 23.6289 3.8
      vertex -39.8614 21.8469 6.3
    endloop
  endfacet
  facet normal 0.594435 0.507797 0.623529
    outer loop
      vertex -40.8991 22.6009 6.3
      vertex -39.6989 24.2657 3.8
      vertex -41.317 23.0901 6.3
    endloop
  endfacet
  facet normal -0.594435 0.507797 0.623529
    outer loop
      vertex -35.1009 22.6009 6.3
      vertex -34.683 23.0901 6.3
      vertex -36.3011 24.2657 3.8
    endloop
  endfacet
  facet normal 0.40847 0.666604 0.623532
    outer loop
      vertex -39.8614 21.8469 6.3
      vertex -39.2343 23.8011 3.8
      vertex -40.4099 22.183 6.3
    endloop
  endfacet
  facet normal -0.666537 0.408607 0.623513
    outer loop
      vertex -34.3469 23.6386 6.3
      vertex -36.1289 24.5466 3.8
      vertex -36.3011 24.2657 3.8
    endloop
  endfacet
  facet normal -0.779393 0.0614499 0.623514
    outer loop
      vertex -33.9 25.5 6.3
      vertex -35.9 25.5 3.8
      vertex -35.9259 25.1715 3.8
    endloop
  endfacet
  facet normal -0.722298 0.299175 0.623522
    outer loop
      vertex -34.3469 23.6386 6.3
      vertex -34.1007 24.233 6.3
      vertex -36.0028 24.8511 3.8
    endloop
  endfacet
  facet normal -0.760219 0.182462 0.623517
    outer loop
      vertex -34.1007 24.233 6.3
      vertex -35.9259 25.1715 3.8
      vertex -36.0028 24.8511 3.8
    endloop
  endfacet
  facet normal 0.408607 -0.666537 0.623513
    outer loop
      vertex -39.2343 27.1989 3.8
      vertex -38.9534 27.3711 3.8
      vertex -39.8614 29.1531 6.3
    endloop
  endfacet
  facet normal 0.507797 -0.594435 0.623529
    outer loop
      vertex -39.2343 27.1989 3.8
      vertex -40.4099 28.817 6.3
      vertex -40.8991 28.3991 6.3
    endloop
  endfacet
  facet normal -0.760219 -0.182462 0.623517
    outer loop
      vertex -35.9259 25.8285 3.8
      vertex -34.1007 26.767 6.3
      vertex -36.0028 26.1489 3.8
    endloop
  endfacet
  facet normal -0.722298 -0.299175 0.623522
    outer loop
      vertex -34.1007 26.767 6.3
      vertex -34.3469 27.3614 6.3
      vertex -36.0028 26.1489 3.8
    endloop
  endfacet
  facet normal -0.507797 -0.594435 0.623529
    outer loop
      vertex -35.1009 28.3991 6.3
      vertex -35.5901 28.817 6.3
      vertex -36.7657 27.1989 3.8
    endloop
  endfacet
  facet normal -0.760201 0.182516 0.623524
    outer loop
      vertex -34.1007 24.233 6.3
      vertex -33.9505 24.8586 6.3
      vertex -35.9259 25.1715 3.8
    endloop
  endfacet
  facet normal 0.666537 -0.408607 0.623513
    outer loop
      vertex -39.8711 26.4534 3.8
      vertex -39.6989 26.7343 3.8
      vertex -41.6531 27.3614 6.3
    endloop
  endfacet
  facet normal -0.299175 0.722298 0.623522
    outer loop
      vertex -36.733 21.6007 6.3
      vertex -36.1386 21.8469 6.3
      vertex -37.3511 23.5028 3.8
    endloop
  endfacet
  facet normal 0.666604 -0.40847 0.623532
    outer loop
      vertex -39.6989 26.7343 3.8
      vertex -41.317 27.9099 6.3
      vertex -41.6531 27.3614 6.3
    endloop
  endfacet
  facet normal 0.722323 -0.299129 0.623515
    outer loop
      vertex -39.9972 26.1489 3.8
      vertex -39.8711 26.4534 3.8
      vertex -41.6531 27.3614 6.3
    endloop
  endfacet
  facet normal -0.182516 -0.760201 0.623524
    outer loop
      vertex -36.733 29.3993 6.3
      vertex -37.3586 29.5495 6.3
      vertex -37.6715 27.5741 3.8
    endloop
  endfacet
  facet normal -0.182516 0.760201 0.623524
    outer loop
      vertex -37.3586 21.4505 6.3
      vertex -36.733 21.6007 6.3
      vertex -37.6715 23.4259 3.8
    endloop
  endfacet
  facet normal 0.779392 0.0613646 0.623525
    outer loop
      vertex -42.0495 24.8586 6.3
      vertex -40.0741 25.1715 3.8
      vertex -42.1 25.5 6.3
    endloop
  endfacet
  facet normal -0.594435 -0.507797 0.623529
    outer loop
      vertex -34.683 27.9099 6.3
      vertex -35.1009 28.3991 6.3
      vertex -36.3011 26.7343 3.8
    endloop
  endfacet
  facet normal 0.0613646 -0.779392 0.623525
    outer loop
      vertex -38.3285 27.5741 3.8
      vertex -38 29.6 6.3
      vertex -38.6414 29.5495 6.3
    endloop
  endfacet
  facet normal -0.666604 -0.40847 0.623532
    outer loop
      vertex -34.3469 27.3614 6.3
      vertex -34.683 27.9099 6.3
      vertex -36.3011 26.7343 3.8
    endloop
  endfacet
  facet normal -0.182462 0.760219 0.623517
    outer loop
      vertex -36.733 21.6007 6.3
      vertex -37.3511 23.5028 3.8
      vertex -37.6715 23.4259 3.8
    endloop
  endfacet
  facet normal 0.0613646 0.779392 0.623525
    outer loop
      vertex -38 21.4 6.3
      vertex -38.3285 23.4259 3.8
      vertex -38.6414 21.4505 6.3
    endloop
  endfacet
  facet normal 0.722298 0.299175 0.623522
    outer loop
      vertex -41.6531 23.6386 6.3
      vertex -39.9972 24.8511 3.8
      vertex -41.8993 24.233 6.3
    endloop
  endfacet
  facet normal 0.299129 -0.722323 0.623515
    outer loop
      vertex -38.9534 27.3711 3.8
      vertex -38.6489 27.4972 3.8
      vertex -39.8614 29.1531 6.3
    endloop
  endfacet
  facet normal -0.40847 0.666604 0.623532
    outer loop
      vertex -36.1386 21.8469 6.3
      vertex -35.5901 22.183 6.3
      vertex -36.7657 23.8011 3.8
    endloop
  endfacet
  facet normal 0.182462 0.760219 0.623517
    outer loop
      vertex -38.3285 23.4259 3.8
      vertex -38.6489 23.5028 3.8
      vertex -39.267 21.6007 6.3
    endloop
  endfacet
  facet normal -0.299129 -0.722323 0.623515
    outer loop
      vertex -37.0466 27.3711 3.8
      vertex -36.1386 29.1531 6.3
      vertex -37.3511 27.4972 3.8
    endloop
  endfacet
  facet normal -0.507797 0.594435 0.623529
    outer loop
      vertex -35.5901 22.183 6.3
      vertex -35.1009 22.6009 6.3
      vertex -36.7657 23.8011 3.8
    endloop
  endfacet
  facet normal -0.760201 -0.182516 0.623524
    outer loop
      vertex -33.9505 26.1414 6.3
      vertex -34.1007 26.767 6.3
      vertex -35.9259 25.8285 3.8
    endloop
  endfacet
  facet normal 0.779393 0.0614499 0.623514
    outer loop
      vertex -40.0741 25.1715 3.8
      vertex -40.1 25.5 3.8
      vertex -42.1 25.5 6.3
    endloop
  endfacet
  facet normal 0.507702 -0.594534 0.623513
    outer loop
      vertex -39.4849 26.9849 3.8
      vertex -39.2343 27.1989 3.8
      vertex -40.8991 28.3991 6.3
    endloop
  endfacet
  facet normal 0.760201 0.182516 0.623524
    outer loop
      vertex -41.8993 24.233 6.3
      vertex -40.0741 25.1715 3.8
      vertex -42.0495 24.8586 6.3
    endloop
  endfacet
  facet normal 0.408607 0.666537 0.623513
    outer loop
      vertex -38.9534 23.6289 3.8
      vertex -39.2343 23.8011 3.8
      vertex -39.8614 21.8469 6.3
    endloop
  endfacet
  facet normal -0.666537 -0.408607 0.623513
    outer loop
      vertex -36.1289 26.4534 3.8
      vertex -34.3469 27.3614 6.3
      vertex -36.3011 26.7343 3.8
    endloop
  endfacet
  facet normal -0.408607 -0.666537 0.623513
    outer loop
      vertex -36.7657 27.1989 3.8
      vertex -36.1386 29.1531 6.3
      vertex -37.0466 27.3711 3.8
    endloop
  endfacet
  facet normal 0.40847 -0.666604 0.623532
    outer loop
      vertex -39.2343 27.1989 3.8
      vertex -39.8614 29.1531 6.3
      vertex -40.4099 28.817 6.3
    endloop
  endfacet
  facet normal 0.666537 0.408607 0.623513
    outer loop
      vertex -39.6989 24.2657 3.8
      vertex -39.8711 24.5466 3.8
      vertex -41.6531 23.6386 6.3
    endloop
  endfacet
  facet normal 0.182516 0.760201 0.623524
    outer loop
      vertex -38.6414 21.4505 6.3
      vertex -38.3285 23.4259 3.8
      vertex -39.267 21.6007 6.3
    endloop
  endfacet
  facet normal -0.722323 -0.299129 0.623515
    outer loop
      vertex -36.0028 26.1489 3.8
      vertex -34.3469 27.3614 6.3
      vertex -36.1289 26.4534 3.8
    endloop
  endfacet
  facet normal 0.299175 -0.722298 0.623522
    outer loop
      vertex -38.6489 27.4972 3.8
      vertex -39.267 29.3993 6.3
      vertex -39.8614 29.1531 6.3
    endloop
  endfacet
  facet normal 0.233471 -0.972364 0
    outer loop
      vertex 37.3511 9.49722 0
      vertex 37.6715 9.57415 3.8
      vertex 37.3511 9.49722 3.8
    endloop
  endfacet
  facet normal 0.233471 -0.972364 0
    outer loop
      vertex 37.6715 9.57415 3.8
      vertex 37.3511 9.49722 0
      vertex 37.6715 9.57415 0
    endloop
  endfacet
  facet normal 0.233471 -0.972364 0
    outer loop
      vertex 37.3511 9.49722 6.3
      vertex 37.6715 9.57415 6.79999
      vertex 37.3511 9.49722 6.79999
    endloop
  endfacet
  facet normal 0.233471 -0.972364 0
    outer loop
      vertex 37.6715 9.57415 6.79999
      vertex 37.3511 9.49722 6.3
      vertex 37.6715 9.57415 6.3
    endloop
  endfacet
  facet normal -0.97239 -0.233364 0
    outer loop
      vertex 40.0741 7.82851 0
      vertex 39.9972 8.14894 3.8
      vertex 39.9972 8.14894 0
    endloop
  endfacet
  facet normal -0.97239 -0.233364 0
    outer loop
      vertex 39.9972 8.14894 3.8
      vertex 40.0741 7.82851 0
      vertex 40.0741 7.82851 3.8
    endloop
  endfacet
  facet normal -0.97239 -0.233364 0
    outer loop
      vertex 40.0741 7.82851 6.3
      vertex 39.9972 8.14894 6.79999
      vertex 39.9972 8.14894 6.3
    endloop
  endfacet
  facet normal -0.97239 -0.233364 0
    outer loop
      vertex 39.9972 8.14894 6.79999
      vertex 40.0741 7.82851 6.3
      vertex 40.0741 7.82851 6.79999
    endloop
  endfacet
  facet normal -0.996906 -0.0785969 0
    outer loop
      vertex 40.1 7.5 0
      vertex 40.0741 7.82851 3.8
      vertex 40.0741 7.82851 0
    endloop
  endfacet
  facet normal -0.996906 -0.0785969 0
    outer loop
      vertex 40.0741 7.82851 3.8
      vertex 40.1 7.5 0
      vertex 40.1 7.5 3.8
    endloop
  endfacet
  facet normal -0.996906 -0.0785969 0
    outer loop
      vertex 40.1 7.5 6.3
      vertex 40.0741 7.82851 6.79999
      vertex 40.0741 7.82851 6.3
    endloop
  endfacet
  facet normal -0.996906 -0.0785969 0
    outer loop
      vertex 40.0741 7.82851 6.79999
      vertex 40.1 7.5 6.3
      vertex 40.1 7.5 6.79999
    endloop
  endfacet
  facet normal 0.852611 0.522546 0
    outer loop
      vertex 36.3011 6.26565 3.8
      vertex 36.1289 6.54662 0
      vertex 36.1289 6.54662 3.8
    endloop
  endfacet
  facet normal 0.852611 0.522546 0
    outer loop
      vertex 36.1289 6.54662 0
      vertex 36.3011 6.26565 3.8
      vertex 36.3011 6.26565 0
    endloop
  endfacet
  facet normal 0.852611 0.522546 0
    outer loop
      vertex 36.3011 6.26565 6.79999
      vertex 36.1289 6.54662 6.3
      vertex 36.1289 6.54662 6.79999
    endloop
  endfacet
  facet normal 0.852611 0.522546 0
    outer loop
      vertex 36.1289 6.54662 6.3
      vertex 36.3011 6.26565 6.79999
      vertex 36.3011 6.26565 6.3
    endloop
  endfacet
  facet normal 0.522574 0.852594 -0
    outer loop
      vertex 37.0466 5.62889 0
      vertex 36.7657 5.80106 3.8
      vertex 37.0466 5.62889 3.8
    endloop
  endfacet
  facet normal 0.522574 0.852594 0
    outer loop
      vertex 36.7657 5.80106 3.8
      vertex 37.0466 5.62889 0
      vertex 36.7657 5.80106 0
    endloop
  endfacet
  facet normal 0.522574 0.852594 -0
    outer loop
      vertex 37.0466 5.62889 6.3
      vertex 36.7657 5.80106 6.79999
      vertex 37.0466 5.62889 6.79999
    endloop
  endfacet
  facet normal 0.522574 0.852594 0
    outer loop
      vertex 36.7657 5.80106 6.79999
      vertex 37.0466 5.62889 6.3
      vertex 36.7657 5.80106 6.3
    endloop
  endfacet
  facet normal -0.996906 0.0785969 0
    outer loop
      vertex 40.0741 7.17149 0
      vertex 40.1 7.5 3.8
      vertex 40.1 7.5 0
    endloop
  endfacet
  facet normal -0.996906 0.0785969 0
    outer loop
      vertex 40.1 7.5 3.8
      vertex 40.0741 7.17149 0
      vertex 40.0741 7.17149 3.8
    endloop
  endfacet
  facet normal -0.996906 0.0785969 0
    outer loop
      vertex 40.0741 7.17149 6.3
      vertex 40.1 7.5 6.79999
      vertex 40.1 7.5 6.3
    endloop
  endfacet
  facet normal -0.996906 0.0785969 0
    outer loop
      vertex 40.1 7.5 6.79999
      vertex 40.0741 7.17149 6.3
      vertex 40.0741 7.17149 6.79999
    endloop
  endfacet
  facet normal -0.0784485 -0.996918 0
    outer loop
      vertex 38 9.6 0
      vertex 38.3285 9.57415 3.8
      vertex 38 9.6 3.8
    endloop
  endfacet
  facet normal -0.0784485 -0.996918 -0
    outer loop
      vertex 38.3285 9.57415 3.8
      vertex 38 9.6 0
      vertex 38.3285 9.57415 0
    endloop
  endfacet
  facet normal -0.0784485 -0.996918 0
    outer loop
      vertex 38 9.6 6.3
      vertex 38.3285 9.57415 6.79999
      vertex 38 9.6 6.79999
    endloop
  endfacet
  facet normal -0.0784485 -0.996918 -0
    outer loop
      vertex 38.3285 9.57415 6.79999
      vertex 38 9.6 6.3
      vertex 38.3285 9.57415 6.3
    endloop
  endfacet
  facet normal -0.760416 -0.649436 0
    outer loop
      vertex 39.6989 8.73435 6.3
      vertex 39.4849 8.98492 6.79999
      vertex 39.4849 8.98492 6.3
    endloop
  endfacet
  facet normal -0.760416 -0.649436 0
    outer loop
      vertex 39.4849 8.98492 6.79999
      vertex 39.6989 8.73435 6.3
      vertex 39.6989 8.73435 6.79999
    endloop
  endfacet
  facet normal -0.760416 -0.649436 0
    outer loop
      vertex 39.6989 8.73435 0
      vertex 39.4849 8.98492 3.8
      vertex 39.4849 8.98492 0
    endloop
  endfacet
  facet normal -0.760416 -0.649436 0
    outer loop
      vertex 39.4849 8.98492 3.8
      vertex 39.6989 8.73435 0
      vertex 39.6989 8.73435 3.8
    endloop
  endfacet
  facet normal -0.522574 -0.852594 0
    outer loop
      vertex 38.9534 9.37111 0
      vertex 39.2343 9.19894 3.8
      vertex 38.9534 9.37111 3.8
    endloop
  endfacet
  facet normal -0.522574 -0.852594 -0
    outer loop
      vertex 39.2343 9.19894 3.8
      vertex 38.9534 9.37111 0
      vertex 39.2343 9.19894 0
    endloop
  endfacet
  facet normal -0.522574 -0.852594 0
    outer loop
      vertex 38.9534 9.37111 6.3
      vertex 39.2343 9.19894 6.79999
      vertex 38.9534 9.37111 6.79999
    endloop
  endfacet
  facet normal -0.522574 -0.852594 -0
    outer loop
      vertex 39.2343 9.19894 6.79999
      vertex 38.9534 9.37111 6.3
      vertex 39.2343 9.19894 6.3
    endloop
  endfacet
  facet normal 0.0784485 0.996918 -0
    outer loop
      vertex 38 5.4 0
      vertex 37.6715 5.42585 3.8
      vertex 38 5.4 3.8
    endloop
  endfacet
  facet normal 0.0784485 0.996918 0
    outer loop
      vertex 37.6715 5.42585 3.8
      vertex 38 5.4 0
      vertex 37.6715 5.42585 0
    endloop
  endfacet
  facet normal 0.0784485 0.996918 -0
    outer loop
      vertex 38 5.4 6.3
      vertex 37.6715 5.42585 6.79999
      vertex 38 5.4 6.79999
    endloop
  endfacet
  facet normal 0.0784485 0.996918 0
    outer loop
      vertex 37.6715 5.42585 6.79999
      vertex 38 5.4 6.3
      vertex 37.6715 5.42585 6.3
    endloop
  endfacet
  facet normal 0.649426 0.760425 -0
    outer loop
      vertex 36.7657 5.80106 6.3
      vertex 36.5151 6.01508 6.79999
      vertex 36.7657 5.80106 6.79999
    endloop
  endfacet
  facet normal 0.649426 0.760425 0
    outer loop
      vertex 36.5151 6.01508 6.79999
      vertex 36.7657 5.80106 6.3
      vertex 36.5151 6.01508 6.3
    endloop
  endfacet
  facet normal 0.649426 0.760425 -0
    outer loop
      vertex 36.7657 5.80106 0
      vertex 36.5151 6.01508 3.8
      vertex 36.7657 5.80106 3.8
    endloop
  endfacet
  facet normal 0.649426 0.760425 0
    outer loop
      vertex 36.5151 6.01508 3.8
      vertex 36.7657 5.80106 0
      vertex 36.5151 6.01508 0
    endloop
  endfacet
  facet normal 0.760416 -0.649436 0
    outer loop
      vertex 36.3011 8.73435 3.8
      vertex 36.5151 8.98492 0
      vertex 36.5151 8.98492 3.8
    endloop
  endfacet
  facet normal 0.760416 -0.649436 0
    outer loop
      vertex 36.5151 8.98492 0
      vertex 36.3011 8.73435 3.8
      vertex 36.3011 8.73435 0
    endloop
  endfacet
  facet normal 0.760416 -0.649436 0
    outer loop
      vertex 36.3011 8.73435 6.79999
      vertex 36.5151 8.98492 6.3
      vertex 36.5151 8.98492 6.79999
    endloop
  endfacet
  facet normal 0.760416 -0.649436 0
    outer loop
      vertex 36.5151 8.98492 6.3
      vertex 36.3011 8.73435 6.79999
      vertex 36.3011 8.73435 6.3
    endloop
  endfacet
  facet normal 0.0784485 -0.996918 0
    outer loop
      vertex 37.6715 9.57415 6.3
      vertex 38 9.6 6.79999
      vertex 37.6715 9.57415 6.79999
    endloop
  endfacet
  facet normal 0.0784485 -0.996918 0
    outer loop
      vertex 38 9.6 6.79999
      vertex 37.6715 9.57415 6.3
      vertex 38 9.6 6.3
    endloop
  endfacet
  facet normal 0.0784485 -0.996918 0
    outer loop
      vertex 37.6715 9.57415 0
      vertex 38 9.6 3.8
      vertex 37.6715 9.57415 3.8
    endloop
  endfacet
  facet normal 0.0784485 -0.996918 0
    outer loop
      vertex 38 9.6 3.8
      vertex 37.6715 9.57415 0
      vertex 38 9.6 0
    endloop
  endfacet
  facet normal -0.852611 0.522546 0
    outer loop
      vertex 39.6989 6.26565 6.3
      vertex 39.8711 6.54662 6.79999
      vertex 39.8711 6.54662 6.3
    endloop
  endfacet
  facet normal -0.852611 0.522546 0
    outer loop
      vertex 39.8711 6.54662 6.79999
      vertex 39.6989 6.26565 6.3
      vertex 39.6989 6.26565 6.79999
    endloop
  endfacet
  facet normal -0.852611 0.522546 0
    outer loop
      vertex 39.6989 6.26565 0
      vertex 39.8711 6.54662 3.8
      vertex 39.8711 6.54662 0
    endloop
  endfacet
  facet normal -0.852611 0.522546 0
    outer loop
      vertex 39.8711 6.54662 3.8
      vertex 39.6989 6.26565 0
      vertex 39.6989 6.26565 3.8
    endloop
  endfacet
  facet normal -0.97239 0.233364 0
    outer loop
      vertex 39.9972 6.85106 6.3
      vertex 40.0741 7.17149 6.79999
      vertex 40.0741 7.17149 6.3
    endloop
  endfacet
  facet normal -0.97239 0.233364 0
    outer loop
      vertex 40.0741 7.17149 6.79999
      vertex 39.9972 6.85106 6.3
      vertex 39.9972 6.85106 6.79999
    endloop
  endfacet
  facet normal -0.97239 0.233364 0
    outer loop
      vertex 39.9972 6.85106 0
      vertex 40.0741 7.17149 3.8
      vertex 40.0741 7.17149 0
    endloop
  endfacet
  facet normal -0.97239 0.233364 0
    outer loop
      vertex 40.0741 7.17149 3.8
      vertex 39.9972 6.85106 0
      vertex 39.9972 6.85106 3.8
    endloop
  endfacet
  facet normal -0.852611 -0.522546 0
    outer loop
      vertex 39.8711 8.45338 6.3
      vertex 39.6989 8.73435 6.79999
      vertex 39.6989 8.73435 6.3
    endloop
  endfacet
  facet normal -0.852611 -0.522546 0
    outer loop
      vertex 39.6989 8.73435 6.79999
      vertex 39.8711 8.45338 6.3
      vertex 39.8711 8.45338 6.79999
    endloop
  endfacet
  facet normal -0.852611 -0.522546 0
    outer loop
      vertex 39.8711 8.45338 0
      vertex 39.6989 8.73435 3.8
      vertex 39.6989 8.73435 0
    endloop
  endfacet
  facet normal -0.852611 -0.522546 0
    outer loop
      vertex 39.6989 8.73435 3.8
      vertex 39.8711 8.45338 0
      vertex 39.8711 8.45338 3.8
    endloop
  endfacet
  facet normal 0.996906 0.0785969 0
    outer loop
      vertex 35.9259 7.17149 3.8
      vertex 35.9 7.5 0
      vertex 35.9 7.5 3.8
    endloop
  endfacet
  facet normal 0.996906 0.0785969 0
    outer loop
      vertex 35.9 7.5 0
      vertex 35.9259 7.17149 3.8
      vertex 35.9259 7.17149 0
    endloop
  endfacet
  facet normal 0.996906 0.0785969 0
    outer loop
      vertex 35.9259 7.17149 6.79999
      vertex 35.9 7.5 6.3
      vertex 35.9 7.5 6.79999
    endloop
  endfacet
  facet normal 0.996906 0.0785969 0
    outer loop
      vertex 35.9 7.5 6.3
      vertex 35.9259 7.17149 6.79999
      vertex 35.9259 7.17149 6.3
    endloop
  endfacet
  facet normal -0.522574 0.852594 0
    outer loop
      vertex 39.2343 5.80106 6.3
      vertex 38.9534 5.62889 6.79999
      vertex 39.2343 5.80106 6.79999
    endloop
  endfacet
  facet normal -0.522574 0.852594 0
    outer loop
      vertex 38.9534 5.62889 6.79999
      vertex 39.2343 5.80106 6.3
      vertex 38.9534 5.62889 6.3
    endloop
  endfacet
  facet normal -0.522574 0.852594 0
    outer loop
      vertex 39.2343 5.80106 0
      vertex 38.9534 5.62889 3.8
      vertex 39.2343 5.80106 3.8
    endloop
  endfacet
  facet normal -0.522574 0.852594 0
    outer loop
      vertex 38.9534 5.62889 3.8
      vertex 39.2343 5.80106 0
      vertex 38.9534 5.62889 0
    endloop
  endfacet
  facet normal 0.649426 -0.760425 0
    outer loop
      vertex 36.5151 8.98492 6.3
      vertex 36.7657 9.19894 6.79999
      vertex 36.5151 8.98492 6.79999
    endloop
  endfacet
  facet normal 0.649426 -0.760425 0
    outer loop
      vertex 36.7657 9.19894 6.79999
      vertex 36.5151 8.98492 6.3
      vertex 36.7657 9.19894 6.3
    endloop
  endfacet
  facet normal 0.649426 -0.760425 0
    outer loop
      vertex 36.5151 8.98492 0
      vertex 36.7657 9.19894 3.8
      vertex 36.5151 8.98492 3.8
    endloop
  endfacet
  facet normal 0.649426 -0.760425 0
    outer loop
      vertex 36.7657 9.19894 3.8
      vertex 36.5151 8.98492 0
      vertex 36.7657 9.19894 0
    endloop
  endfacet
  facet normal -0.382637 0.923899 0
    outer loop
      vertex 38.9534 5.62889 6.3
      vertex 38.6489 5.50278 6.79999
      vertex 38.9534 5.62889 6.79999
    endloop
  endfacet
  facet normal -0.382637 0.923899 0
    outer loop
      vertex 38.6489 5.50278 6.79999
      vertex 38.9534 5.62889 6.3
      vertex 38.6489 5.50278 6.3
    endloop
  endfacet
  facet normal -0.382637 0.923899 0
    outer loop
      vertex 38.9534 5.62889 0
      vertex 38.6489 5.50278 3.8
      vertex 38.9534 5.62889 3.8
    endloop
  endfacet
  facet normal -0.382637 0.923899 0
    outer loop
      vertex 38.6489 5.50278 3.8
      vertex 38.9534 5.62889 0
      vertex 38.6489 5.50278 0
    endloop
  endfacet
  facet normal -0.233471 -0.972364 0
    outer loop
      vertex 38.3285 9.57415 6.3
      vertex 38.6489 9.49722 6.79999
      vertex 38.3285 9.57415 6.79999
    endloop
  endfacet
  facet normal -0.233471 -0.972364 -0
    outer loop
      vertex 38.6489 9.49722 6.79999
      vertex 38.3285 9.57415 6.3
      vertex 38.6489 9.49722 6.3
    endloop
  endfacet
  facet normal -0.233471 -0.972364 0
    outer loop
      vertex 38.3285 9.57415 0
      vertex 38.6489 9.49722 3.8
      vertex 38.3285 9.57415 3.8
    endloop
  endfacet
  facet normal -0.233471 -0.972364 -0
    outer loop
      vertex 38.6489 9.49722 3.8
      vertex 38.3285 9.57415 0
      vertex 38.6489 9.49722 0
    endloop
  endfacet
  facet normal 0.923883 0.382675 0
    outer loop
      vertex 36.1289 6.54662 3.8
      vertex 36.0028 6.85106 0
      vertex 36.0028 6.85106 3.8
    endloop
  endfacet
  facet normal 0.923883 0.382675 0
    outer loop
      vertex 36.0028 6.85106 0
      vertex 36.1289 6.54662 3.8
      vertex 36.1289 6.54662 0
    endloop
  endfacet
  facet normal 0.923883 0.382675 0
    outer loop
      vertex 36.1289 6.54662 6.79999
      vertex 36.0028 6.85106 6.3
      vertex 36.0028 6.85106 6.79999
    endloop
  endfacet
  facet normal 0.923883 0.382675 0
    outer loop
      vertex 36.0028 6.85106 6.3
      vertex 36.1289 6.54662 6.79999
      vertex 36.1289 6.54662 6.3
    endloop
  endfacet
  facet normal -0.760416 0.649436 0
    outer loop
      vertex 39.4849 6.01508 6.3
      vertex 39.6989 6.26565 6.79999
      vertex 39.6989 6.26565 6.3
    endloop
  endfacet
  facet normal -0.760416 0.649436 0
    outer loop
      vertex 39.6989 6.26565 6.79999
      vertex 39.4849 6.01508 6.3
      vertex 39.4849 6.01508 6.79999
    endloop
  endfacet
  facet normal -0.760416 0.649436 0
    outer loop
      vertex 39.4849 6.01508 0
      vertex 39.6989 6.26565 3.8
      vertex 39.6989 6.26565 0
    endloop
  endfacet
  facet normal -0.760416 0.649436 0
    outer loop
      vertex 39.6989 6.26565 3.8
      vertex 39.4849 6.01508 0
      vertex 39.4849 6.01508 3.8
    endloop
  endfacet
  facet normal 0.760416 0.649436 0
    outer loop
      vertex 36.5151 6.01508 6.79999
      vertex 36.3011 6.26565 6.3
      vertex 36.3011 6.26565 6.79999
    endloop
  endfacet
  facet normal 0.760416 0.649436 0
    outer loop
      vertex 36.3011 6.26565 6.3
      vertex 36.5151 6.01508 6.79999
      vertex 36.5151 6.01508 6.3
    endloop
  endfacet
  facet normal 0.760416 0.649436 0
    outer loop
      vertex 36.5151 6.01508 3.8
      vertex 36.3011 6.26565 0
      vertex 36.3011 6.26565 3.8
    endloop
  endfacet
  facet normal 0.760416 0.649436 0
    outer loop
      vertex 36.3011 6.26565 0
      vertex 36.5151 6.01508 3.8
      vertex 36.5151 6.01508 0
    endloop
  endfacet
  facet normal -0.923883 0.382675 0
    outer loop
      vertex 39.8711 6.54662 0
      vertex 39.9972 6.85106 3.8
      vertex 39.9972 6.85106 0
    endloop
  endfacet
  facet normal -0.923883 0.382675 0
    outer loop
      vertex 39.9972 6.85106 3.8
      vertex 39.8711 6.54662 0
      vertex 39.8711 6.54662 3.8
    endloop
  endfacet
  facet normal -0.923883 0.382675 0
    outer loop
      vertex 39.8711 6.54662 6.3
      vertex 39.9972 6.85106 6.79999
      vertex 39.9972 6.85106 6.3
    endloop
  endfacet
  facet normal -0.923883 0.382675 0
    outer loop
      vertex 39.9972 6.85106 6.79999
      vertex 39.8711 6.54662 6.3
      vertex 39.8711 6.54662 6.79999
    endloop
  endfacet
  facet normal -0.649426 -0.760425 0
    outer loop
      vertex 39.2343 9.19894 0
      vertex 39.4849 8.98492 3.8
      vertex 39.2343 9.19894 3.8
    endloop
  endfacet
  facet normal -0.649426 -0.760425 -0
    outer loop
      vertex 39.4849 8.98492 3.8
      vertex 39.2343 9.19894 0
      vertex 39.4849 8.98492 0
    endloop
  endfacet
  facet normal -0.649426 -0.760425 0
    outer loop
      vertex 39.2343 9.19894 6.3
      vertex 39.4849 8.98492 6.79999
      vertex 39.2343 9.19894 6.79999
    endloop
  endfacet
  facet normal -0.649426 -0.760425 -0
    outer loop
      vertex 39.4849 8.98492 6.79999
      vertex 39.2343 9.19894 6.3
      vertex 39.4849 8.98492 6.3
    endloop
  endfacet
  facet normal -0.923883 -0.382675 0
    outer loop
      vertex 39.9972 8.14894 0
      vertex 39.8711 8.45338 3.8
      vertex 39.8711 8.45338 0
    endloop
  endfacet
  facet normal -0.923883 -0.382675 0
    outer loop
      vertex 39.8711 8.45338 3.8
      vertex 39.9972 8.14894 0
      vertex 39.9972 8.14894 3.8
    endloop
  endfacet
  facet normal -0.923883 -0.382675 0
    outer loop
      vertex 39.9972 8.14894 6.3
      vertex 39.8711 8.45338 6.79999
      vertex 39.8711 8.45338 6.3
    endloop
  endfacet
  facet normal -0.923883 -0.382675 0
    outer loop
      vertex 39.8711 8.45338 6.79999
      vertex 39.9972 8.14894 6.3
      vertex 39.9972 8.14894 6.79999
    endloop
  endfacet
  facet normal -0.382637 -0.923899 0
    outer loop
      vertex 38.6489 9.49722 6.3
      vertex 38.9534 9.37111 6.79999
      vertex 38.6489 9.49722 6.79999
    endloop
  endfacet
  facet normal -0.382637 -0.923899 -0
    outer loop
      vertex 38.9534 9.37111 6.79999
      vertex 38.6489 9.49722 6.3
      vertex 38.9534 9.37111 6.3
    endloop
  endfacet
  facet normal -0.382637 -0.923899 0
    outer loop
      vertex 38.6489 9.49722 0
      vertex 38.9534 9.37111 3.8
      vertex 38.6489 9.49722 3.8
    endloop
  endfacet
  facet normal -0.382637 -0.923899 -0
    outer loop
      vertex 38.9534 9.37111 3.8
      vertex 38.6489 9.49722 0
      vertex 38.9534 9.37111 0
    endloop
  endfacet
  facet normal -0.649426 0.760425 0
    outer loop
      vertex 39.4849 6.01508 6.3
      vertex 39.2343 5.80106 6.79999
      vertex 39.4849 6.01508 6.79999
    endloop
  endfacet
  facet normal -0.649426 0.760425 0
    outer loop
      vertex 39.2343 5.80106 6.79999
      vertex 39.4849 6.01508 6.3
      vertex 39.2343 5.80106 6.3
    endloop
  endfacet
  facet normal -0.649426 0.760425 0
    outer loop
      vertex 39.4849 6.01508 0
      vertex 39.2343 5.80106 3.8
      vertex 39.4849 6.01508 3.8
    endloop
  endfacet
  facet normal -0.649426 0.760425 0
    outer loop
      vertex 39.2343 5.80106 3.8
      vertex 39.4849 6.01508 0
      vertex 39.2343 5.80106 0
    endloop
  endfacet
  facet normal -0.233471 0.972364 0
    outer loop
      vertex 38.6489 5.50278 0
      vertex 38.3285 5.42585 3.8
      vertex 38.6489 5.50278 3.8
    endloop
  endfacet
  facet normal -0.233471 0.972364 0
    outer loop
      vertex 38.3285 5.42585 3.8
      vertex 38.6489 5.50278 0
      vertex 38.3285 5.42585 0
    endloop
  endfacet
  facet normal -0.233471 0.972364 0
    outer loop
      vertex 38.6489 5.50278 6.3
      vertex 38.3285 5.42585 6.79999
      vertex 38.6489 5.50278 6.79999
    endloop
  endfacet
  facet normal -0.233471 0.972364 0
    outer loop
      vertex 38.3285 5.42585 6.79999
      vertex 38.6489 5.50278 6.3
      vertex 38.3285 5.42585 6.3
    endloop
  endfacet
  facet normal 0.382637 0.923899 -0
    outer loop
      vertex 37.3511 5.50278 0
      vertex 37.0466 5.62889 3.8
      vertex 37.3511 5.50278 3.8
    endloop
  endfacet
  facet normal 0.382637 0.923899 0
    outer loop
      vertex 37.0466 5.62889 3.8
      vertex 37.3511 5.50278 0
      vertex 37.0466 5.62889 0
    endloop
  endfacet
  facet normal 0.382637 0.923899 -0
    outer loop
      vertex 37.3511 5.50278 6.3
      vertex 37.0466 5.62889 6.79999
      vertex 37.3511 5.50278 6.79999
    endloop
  endfacet
  facet normal 0.382637 0.923899 0
    outer loop
      vertex 37.0466 5.62889 6.79999
      vertex 37.3511 5.50278 6.3
      vertex 37.0466 5.62889 6.3
    endloop
  endfacet
  facet normal -0.0784485 0.996918 0
    outer loop
      vertex 38.3285 5.42585 0
      vertex 38 5.4 3.8
      vertex 38.3285 5.42585 3.8
    endloop
  endfacet
  facet normal -0.0784485 0.996918 0
    outer loop
      vertex 38 5.4 3.8
      vertex 38.3285 5.42585 0
      vertex 38 5.4 0
    endloop
  endfacet
  facet normal -0.0784485 0.996918 0
    outer loop
      vertex 38.3285 5.42585 6.3
      vertex 38 5.4 6.79999
      vertex 38.3285 5.42585 6.79999
    endloop
  endfacet
  facet normal -0.0784485 0.996918 0
    outer loop
      vertex 38 5.4 6.79999
      vertex 38.3285 5.42585 6.3
      vertex 38 5.4 6.3
    endloop
  endfacet
  facet normal 0.522574 -0.852594 0
    outer loop
      vertex 36.7657 9.19894 0
      vertex 37.0466 9.37111 3.8
      vertex 36.7657 9.19894 3.8
    endloop
  endfacet
  facet normal 0.522574 -0.852594 0
    outer loop
      vertex 37.0466 9.37111 3.8
      vertex 36.7657 9.19894 0
      vertex 37.0466 9.37111 0
    endloop
  endfacet
  facet normal 0.522574 -0.852594 0
    outer loop
      vertex 36.7657 9.19894 6.3
      vertex 37.0466 9.37111 6.79999
      vertex 36.7657 9.19894 6.79999
    endloop
  endfacet
  facet normal 0.522574 -0.852594 0
    outer loop
      vertex 37.0466 9.37111 6.79999
      vertex 36.7657 9.19894 6.3
      vertex 37.0466 9.37111 6.3
    endloop
  endfacet
  facet normal 0.923883 -0.382675 0
    outer loop
      vertex 36.0028 8.14894 6.79999
      vertex 36.1289 8.45338 6.3
      vertex 36.1289 8.45338 6.79999
    endloop
  endfacet
  facet normal 0.923883 -0.382675 0
    outer loop
      vertex 36.1289 8.45338 6.3
      vertex 36.0028 8.14894 6.79999
      vertex 36.0028 8.14894 6.3
    endloop
  endfacet
  facet normal 0.923883 -0.382675 0
    outer loop
      vertex 36.0028 8.14894 3.8
      vertex 36.1289 8.45338 0
      vertex 36.1289 8.45338 3.8
    endloop
  endfacet
  facet normal 0.923883 -0.382675 0
    outer loop
      vertex 36.1289 8.45338 0
      vertex 36.0028 8.14894 3.8
      vertex 36.0028 8.14894 0
    endloop
  endfacet
  facet normal 0.97239 0.233364 0
    outer loop
      vertex 36.0028 6.85106 3.8
      vertex 35.9259 7.17149 0
      vertex 35.9259 7.17149 3.8
    endloop
  endfacet
  facet normal 0.97239 0.233364 0
    outer loop
      vertex 35.9259 7.17149 0
      vertex 36.0028 6.85106 3.8
      vertex 36.0028 6.85106 0
    endloop
  endfacet
  facet normal 0.97239 0.233364 0
    outer loop
      vertex 36.0028 6.85106 6.79999
      vertex 35.9259 7.17149 6.3
      vertex 35.9259 7.17149 6.79999
    endloop
  endfacet
  facet normal 0.97239 0.233364 0
    outer loop
      vertex 35.9259 7.17149 6.3
      vertex 36.0028 6.85106 6.79999
      vertex 36.0028 6.85106 6.3
    endloop
  endfacet
  facet normal 0.97239 -0.233364 0
    outer loop
      vertex 35.9259 7.82851 6.79999
      vertex 36.0028 8.14894 6.3
      vertex 36.0028 8.14894 6.79999
    endloop
  endfacet
  facet normal 0.97239 -0.233364 0
    outer loop
      vertex 36.0028 8.14894 6.3
      vertex 35.9259 7.82851 6.79999
      vertex 35.9259 7.82851 6.3
    endloop
  endfacet
  facet normal 0.97239 -0.233364 0
    outer loop
      vertex 35.9259 7.82851 3.8
      vertex 36.0028 8.14894 0
      vertex 36.0028 8.14894 3.8
    endloop
  endfacet
  facet normal 0.97239 -0.233364 0
    outer loop
      vertex 36.0028 8.14894 0
      vertex 35.9259 7.82851 3.8
      vertex 35.9259 7.82851 0
    endloop
  endfacet
  facet normal 0.382637 -0.923899 0
    outer loop
      vertex 37.0466 9.37111 0
      vertex 37.3511 9.49722 3.8
      vertex 37.0466 9.37111 3.8
    endloop
  endfacet
  facet normal 0.382637 -0.923899 0
    outer loop
      vertex 37.3511 9.49722 3.8
      vertex 37.0466 9.37111 0
      vertex 37.3511 9.49722 0
    endloop
  endfacet
  facet normal 0.382637 -0.923899 0
    outer loop
      vertex 37.0466 9.37111 6.3
      vertex 37.3511 9.49722 6.79999
      vertex 37.0466 9.37111 6.79999
    endloop
  endfacet
  facet normal 0.382637 -0.923899 0
    outer loop
      vertex 37.3511 9.49722 6.79999
      vertex 37.0466 9.37111 6.3
      vertex 37.3511 9.49722 6.3
    endloop
  endfacet
  facet normal 0.996906 -0.0785969 0
    outer loop
      vertex 35.9 7.5 3.8
      vertex 35.9259 7.82851 0
      vertex 35.9259 7.82851 3.8
    endloop
  endfacet
  facet normal 0.996906 -0.0785969 0
    outer loop
      vertex 35.9259 7.82851 0
      vertex 35.9 7.5 3.8
      vertex 35.9 7.5 0
    endloop
  endfacet
  facet normal 0.996906 -0.0785969 0
    outer loop
      vertex 35.9 7.5 6.79999
      vertex 35.9259 7.82851 6.3
      vertex 35.9259 7.82851 6.79999
    endloop
  endfacet
  facet normal 0.996906 -0.0785969 0
    outer loop
      vertex 35.9259 7.82851 6.3
      vertex 35.9 7.5 6.79999
      vertex 35.9 7.5 6.3
    endloop
  endfacet
  facet normal 0.233471 0.972364 -0
    outer loop
      vertex 37.6715 5.42585 0
      vertex 37.3511 5.50278 3.8
      vertex 37.6715 5.42585 3.8
    endloop
  endfacet
  facet normal 0.233471 0.972364 0
    outer loop
      vertex 37.3511 5.50278 3.8
      vertex 37.6715 5.42585 0
      vertex 37.3511 5.50278 0
    endloop
  endfacet
  facet normal 0.233471 0.972364 -0
    outer loop
      vertex 37.6715 5.42585 6.3
      vertex 37.3511 5.50278 6.79999
      vertex 37.6715 5.42585 6.79999
    endloop
  endfacet
  facet normal 0.233471 0.972364 0
    outer loop
      vertex 37.3511 5.50278 6.79999
      vertex 37.6715 5.42585 6.3
      vertex 37.3511 5.50278 6.3
    endloop
  endfacet
  facet normal 0.852611 -0.522546 0
    outer loop
      vertex 36.1289 8.45338 3.8
      vertex 36.3011 8.73435 0
      vertex 36.3011 8.73435 3.8
    endloop
  endfacet
  facet normal 0.852611 -0.522546 0
    outer loop
      vertex 36.3011 8.73435 0
      vertex 36.1289 8.45338 3.8
      vertex 36.1289 8.45338 0
    endloop
  endfacet
  facet normal 0.852611 -0.522546 0
    outer loop
      vertex 36.1289 8.45338 6.79999
      vertex 36.3011 8.73435 6.3
      vertex 36.3011 8.73435 6.79999
    endloop
  endfacet
  facet normal 0.852611 -0.522546 0
    outer loop
      vertex 36.3011 8.73435 6.3
      vertex 36.1289 8.45338 6.79999
      vertex 36.1289 8.45338 6.3
    endloop
  endfacet
  facet normal -0.779393 -0.061448 0.623515
    outer loop
      vertex 40.1 7.5 3.8
      vertex 42.1 7.5 6.3
      vertex 40.0741 7.82851 3.8
    endloop
  endfacet
  facet normal 0.507727 0.594508 0.623517
    outer loop
      vertex 36.7657 5.80106 3.8
      vertex 36.5151 6.01508 3.8
      vertex 35.1009 4.60086 6.3
    endloop
  endfacet
  facet normal 0.507752 0.594482 0.623521
    outer loop
      vertex 35.5901 4.18303 6.3
      vertex 36.7657 5.80106 3.8
      vertex 35.1009 4.60086 6.3
    endloop
  endfacet
  facet normal 0.594428 -0.507812 0.623525
    outer loop
      vertex 36.3011 8.73435 3.8
      vertex 35.1009 10.3991 6.3
      vertex 34.683 9.90992 6.3
    endloop
  endfacet
  facet normal 0.594504 -0.507738 0.623512
    outer loop
      vertex 36.3011 8.73435 3.8
      vertex 36.5151 8.98492 3.8
      vertex 35.1009 10.3991 6.3
    endloop
  endfacet
  facet normal -0.507727 0.594508 0.623517
    outer loop
      vertex 40.8991 4.60086 6.3
      vertex 39.4849 6.01508 3.8
      vertex 39.2343 5.80106 3.8
    endloop
  endfacet
  facet normal 0.182518 -0.760208 0.623515
    outer loop
      vertex 37.6715 9.57415 3.8
      vertex 37.3586 11.5495 6.3
      vertex 36.733 11.3993 6.3
    endloop
  endfacet
  facet normal 0.299175 0.722297 0.623523
    outer loop
      vertex 36.733 3.60067 6.3
      vertex 37.3511 5.50278 3.8
      vertex 36.1386 3.84687 6.3
    endloop
  endfacet
  facet normal -0.722301 0.29918 0.623516
    outer loop
      vertex 41.6531 5.63864 6.3
      vertex 39.9972 6.85106 3.8
      vertex 39.8711 6.54662 3.8
    endloop
  endfacet
  facet normal -0.594504 -0.507738 0.623512
    outer loop
      vertex 39.6989 8.73435 3.8
      vertex 40.8991 10.3991 6.3
      vertex 39.4849 8.98492 3.8
    endloop
  endfacet
  facet normal -0.507731 -0.594511 0.623511
    outer loop
      vertex 39.4849 8.98492 3.8
      vertex 40.8991 10.3991 6.3
      vertex 39.2343 9.19894 3.8
    endloop
  endfacet
  facet normal -0.299148 0.722311 0.62352
    outer loop
      vertex 39.8614 3.84687 6.3
      vertex 38.9534 5.62889 3.8
      vertex 38.6489 5.50278 3.8
    endloop
  endfacet
  facet normal 0.760226 0.182447 0.623514
    outer loop
      vertex 36.0028 6.85106 3.8
      vertex 35.9259 7.17149 3.8
      vertex 34.1007 6.23303 6.3
    endloop
  endfacet
  facet normal -0.299176 -0.722301 0.623518
    outer loop
      vertex 39.8614 11.1531 6.3
      vertex 39.267 11.3993 6.3
      vertex 38.6489 9.49722 3.8
    endloop
  endfacet
  facet normal 0.594501 0.507735 0.623517
    outer loop
      vertex 36.5151 6.01508 3.8
      vertex 36.3011 6.26565 3.8
      vertex 35.1009 4.60086 6.3
    endloop
  endfacet
  facet normal -0.594501 0.507735 0.623517
    outer loop
      vertex 40.8991 4.60086 6.3
      vertex 39.6989 6.26565 3.8
      vertex 39.4849 6.01508 3.8
    endloop
  endfacet
  facet normal 0.7223 -0.299181 0.623516
    outer loop
      vertex 36.0028 8.14894 3.8
      vertex 34.3469 9.36136 6.3
      vertex 34.1007 8.76697 6.3
    endloop
  endfacet
  facet normal 0.760226 -0.182447 0.623514
    outer loop
      vertex 35.9259 7.82851 3.8
      vertex 36.0028 8.14894 3.8
      vertex 34.1007 8.76697 6.3
    endloop
  endfacet
  facet normal 0.666627 0.408439 0.623527
    outer loop
      vertex 34.683 5.09008 6.3
      vertex 36.3011 6.26565 3.8
      vertex 34.3469 5.63864 6.3
    endloop
  endfacet
  facet normal 0.779392 -0.0613666 0.623524
    outer loop
      vertex 35.9259 7.82851 3.8
      vertex 33.9505 8.14138 6.3
      vertex 33.9 7.5 6.3
    endloop
  endfacet
  facet normal -0.0613317 -0.779399 0.623519
    outer loop
      vertex 38.3285 9.57415 3.8
      vertex 38 11.6 6.3
      vertex 38 9.6 3.8
    endloop
  endfacet
  facet normal 0.0613317 -0.779399 0.623519
    outer loop
      vertex 38 9.6 3.8
      vertex 38 11.6 6.3
      vertex 37.6715 9.57415 3.8
    endloop
  endfacet
  facet normal 0 0 -1
    outer loop
      vertex 40.1 7.5 6.3
      vertex 42.1 7.5 6.3
      vertex 42.0495 6.85862 6.3
    endloop
  endfacet
  facet normal 0 0 -1
    outer loop
      vertex 40.0741 7.17149 6.3
      vertex 42.0495 6.85862 6.3
      vertex 41.8993 6.23303 6.3
    endloop
  endfacet
  facet normal 0 0 -1
    outer loop
      vertex 42.1 7.5 6.3
      vertex 40.1 7.5 6.3
      vertex 42.0495 8.14138 6.3
    endloop
  endfacet
  facet normal 0 0 -1
    outer loop
      vertex 39.9972 6.85106 6.3
      vertex 41.8993 6.23303 6.3
      vertex 41.6531 5.63864 6.3
    endloop
  endfacet
  facet normal 0 0 -1
    outer loop
      vertex 40.0741 7.82851 6.3
      vertex 42.0495 8.14138 6.3
      vertex 40.1 7.5 6.3
    endloop
  endfacet
  facet normal 0 0 -1
    outer loop
      vertex 39.8711 6.54662 6.3
      vertex 41.6531 5.63864 6.3
      vertex 41.317 5.09008 6.3
    endloop
  endfacet
  facet normal -0 0 -1
    outer loop
      vertex 42.0495 8.14138 6.3
      vertex 40.0741 7.82851 6.3
      vertex 41.8993 8.76697 6.3
    endloop
  endfacet
  facet normal 0 0 -1
    outer loop
      vertex 39.6989 6.26565 6.3
      vertex 41.317 5.09008 6.3
      vertex 40.8991 4.60086 6.3
    endloop
  endfacet
  facet normal 0 0 -1
    outer loop
      vertex 39.9972 8.14894 6.3
      vertex 41.8993 8.76697 6.3
      vertex 40.0741 7.82851 6.3
    endloop
  endfacet
  facet normal 0 0 -1
    outer loop
      vertex 39.4849 6.01508 6.3
      vertex 40.8991 4.60086 6.3
      vertex 40.4099 4.18303 6.3
    endloop
  endfacet
  facet normal -0 0 -1
    outer loop
      vertex 41.8993 8.76697 6.3
      vertex 39.9972 8.14894 6.3
      vertex 41.6531 9.36136 6.3
    endloop
  endfacet
  facet normal 0 0 -1
    outer loop
      vertex 39.8711 8.45338 6.3
      vertex 41.6531 9.36136 6.3
      vertex 39.9972 8.14894 6.3
    endloop
  endfacet
  facet normal 0 0 -1
    outer loop
      vertex 42.0495 6.85862 6.3
      vertex 40.0741 7.17149 6.3
      vertex 40.1 7.5 6.3
    endloop
  endfacet
  facet normal 0 0 -1
    outer loop
      vertex 41.8993 6.23303 6.3
      vertex 39.9972 6.85106 6.3
      vertex 40.0741 7.17149 6.3
    endloop
  endfacet
  facet normal 0 0 -1
    outer loop
      vertex 41.6531 5.63864 6.3
      vertex 39.8711 6.54662 6.3
      vertex 39.9972 6.85106 6.3
    endloop
  endfacet
  facet normal 0 0 -1
    outer loop
      vertex 39.2343 5.80106 6.3
      vertex 40.4099 4.18303 6.3
      vertex 39.8614 3.84687 6.3
    endloop
  endfacet
  facet normal 0 0 -1
    outer loop
      vertex 41.317 5.09008 6.3
      vertex 39.6989 6.26565 6.3
      vertex 39.8711 6.54662 6.3
    endloop
  endfacet
  facet normal 0 0 -1
    outer loop
      vertex 40.8991 4.60086 6.3
      vertex 39.4849 6.01508 6.3
      vertex 39.6989 6.26565 6.3
    endloop
  endfacet
  facet normal 0 0 -1
    outer loop
      vertex 38.9534 5.62889 6.3
      vertex 39.8614 3.84687 6.3
      vertex 39.267 3.60067 6.3
    endloop
  endfacet
  facet normal 0 0 -1
    outer loop
      vertex 40.4099 4.18303 6.3
      vertex 39.2343 5.80106 6.3
      vertex 39.4849 6.01508 6.3
    endloop
  endfacet
  facet normal 0 0 -1
    outer loop
      vertex 39.8614 3.84687 6.3
      vertex 38.9534 5.62889 6.3
      vertex 39.2343 5.80106 6.3
    endloop
  endfacet
  facet normal 0 0 -1
    outer loop
      vertex 39.267 3.60067 6.3
      vertex 38.6489 5.50278 6.3
      vertex 38.9534 5.62889 6.3
    endloop
  endfacet
  facet normal 0 0 -1
    outer loop
      vertex 38.6414 3.45048 6.3
      vertex 38.6489 5.50278 6.3
      vertex 39.267 3.60067 6.3
    endloop
  endfacet
  facet normal 0 0 -1
    outer loop
      vertex 38.6414 3.45048 6.3
      vertex 38.3285 5.42585 6.3
      vertex 38.6489 5.50278 6.3
    endloop
  endfacet
  facet normal 0 0 -1
    outer loop
      vertex 38 3.4 6.3
      vertex 38.3285 5.42585 6.3
      vertex 38.6414 3.45048 6.3
    endloop
  endfacet
  facet normal 0 0 -1
    outer loop
      vertex 38 3.4 6.3
      vertex 38 5.4 6.3
      vertex 38.3285 5.42585 6.3
    endloop
  endfacet
  facet normal 0 0 -1
    outer loop
      vertex 38 3.4 6.3
      vertex 37.6715 5.42585 6.3
      vertex 38 5.4 6.3
    endloop
  endfacet
  facet normal 0 0 -1
    outer loop
      vertex 37.3586 3.45048 6.3
      vertex 37.6715 5.42585 6.3
      vertex 38 3.4 6.3
    endloop
  endfacet
  facet normal 0 0 -1
    outer loop
      vertex 37.3586 3.45048 6.3
      vertex 37.3511 5.50278 6.3
      vertex 37.6715 5.42585 6.3
    endloop
  endfacet
  facet normal 0 0 -1
    outer loop
      vertex 36.733 3.60067 6.3
      vertex 37.3511 5.50278 6.3
      vertex 37.3586 3.45048 6.3
    endloop
  endfacet
  facet normal -0 0 -1
    outer loop
      vertex 37.3511 5.50278 6.3
      vertex 36.733 3.60067 6.3
      vertex 37.0466 5.62889 6.3
    endloop
  endfacet
  facet normal 0 0 -1
    outer loop
      vertex 36.1386 3.84687 6.3
      vertex 37.0466 5.62889 6.3
      vertex 36.733 3.60067 6.3
    endloop
  endfacet
  facet normal -0 0 -1
    outer loop
      vertex 37.0466 5.62889 6.3
      vertex 36.1386 3.84687 6.3
      vertex 36.7657 5.80106 6.3
    endloop
  endfacet
  facet normal 0 0 -1
    outer loop
      vertex 35.5901 4.18303 6.3
      vertex 36.7657 5.80106 6.3
      vertex 36.1386 3.84687 6.3
    endloop
  endfacet
  facet normal -0 0 -1
    outer loop
      vertex 36.7657 5.80106 6.3
      vertex 35.5901 4.18303 6.3
      vertex 36.5151 6.01508 6.3
    endloop
  endfacet
  facet normal 0 0 -1
    outer loop
      vertex 35.1009 4.60086 6.3
      vertex 36.5151 6.01508 6.3
      vertex 35.5901 4.18303 6.3
    endloop
  endfacet
  facet normal -0 0 -1
    outer loop
      vertex 36.5151 6.01508 6.3
      vertex 35.1009 4.60086 6.3
      vertex 36.3011 6.26565 6.3
    endloop
  endfacet
  facet normal 0 0 -1
    outer loop
      vertex 34.683 5.09008 6.3
      vertex 36.3011 6.26565 6.3
      vertex 35.1009 4.60086 6.3
    endloop
  endfacet
  facet normal -0 0 -1
    outer loop
      vertex 36.3011 6.26565 6.3
      vertex 34.683 5.09008 6.3
      vertex 36.1289 6.54662 6.3
    endloop
  endfacet
  facet normal 0 0 -1
    outer loop
      vertex 34.3469 5.63864 6.3
      vertex 36.1289 6.54662 6.3
      vertex 34.683 5.09008 6.3
    endloop
  endfacet
  facet normal -0 0 -1
    outer loop
      vertex 41.6531 9.36136 6.3
      vertex 39.8711 8.45338 6.3
      vertex 41.317 9.90992 6.3
    endloop
  endfacet
  facet normal 0 0 -1
    outer loop
      vertex 39.6989 8.73435 6.3
      vertex 41.317 9.90992 6.3
      vertex 39.8711 8.45338 6.3
    endloop
  endfacet
  facet normal -0 0 -1
    outer loop
      vertex 41.317 9.90992 6.3
      vertex 39.6989 8.73435 6.3
      vertex 40.8991 10.3991 6.3
    endloop
  endfacet
  facet normal 0 0 -1
    outer loop
      vertex 39.4849 8.98492 6.3
      vertex 40.8991 10.3991 6.3
      vertex 39.6989 8.73435 6.3
    endloop
  endfacet
  facet normal -0 0 -1
    outer loop
      vertex 40.8991 10.3991 6.3
      vertex 39.4849 8.98492 6.3
      vertex 40.4099 10.817 6.3
    endloop
  endfacet
  facet normal 0 0 -1
    outer loop
      vertex 39.2343 9.19894 6.3
      vertex 40.4099 10.817 6.3
      vertex 39.4849 8.98492 6.3
    endloop
  endfacet
  facet normal -0 0 -1
    outer loop
      vertex 40.4099 10.817 6.3
      vertex 39.2343 9.19894 6.3
      vertex 39.8614 11.1531 6.3
    endloop
  endfacet
  facet normal 0 0 -1
    outer loop
      vertex 38.9534 9.37111 6.3
      vertex 39.8614 11.1531 6.3
      vertex 39.2343 9.19894 6.3
    endloop
  endfacet
  facet normal -0 0 -1
    outer loop
      vertex 39.8614 11.1531 6.3
      vertex 38.9534 9.37111 6.3
      vertex 39.267 11.3993 6.3
    endloop
  endfacet
  facet normal 0 0 -1
    outer loop
      vertex 38.6489 9.49722 6.3
      vertex 39.267 11.3993 6.3
      vertex 38.9534 9.37111 6.3
    endloop
  endfacet
  facet normal 0 0 -1
    outer loop
      vertex 38.6489 9.49722 6.3
      vertex 38.6414 11.5495 6.3
      vertex 39.267 11.3993 6.3
    endloop
  endfacet
  facet normal 0 0 -1
    outer loop
      vertex 38.3285 9.57415 6.3
      vertex 38.6414 11.5495 6.3
      vertex 38.6489 9.49722 6.3
    endloop
  endfacet
  facet normal 0 0 -1
    outer loop
      vertex 38 9.6 6.3
      vertex 38.6414 11.5495 6.3
      vertex 38.3285 9.57415 6.3
    endloop
  endfacet
  facet normal 0 0 -1
    outer loop
      vertex 38 9.6 6.3
      vertex 38 11.6 6.3
      vertex 38.6414 11.5495 6.3
    endloop
  endfacet
  facet normal 0 0 -1
    outer loop
      vertex 37.6715 9.57415 6.3
      vertex 38 11.6 6.3
      vertex 38 9.6 6.3
    endloop
  endfacet
  facet normal 0 0 -1
    outer loop
      vertex 37.6715 9.57415 6.3
      vertex 37.3586 11.5495 6.3
      vertex 38 11.6 6.3
    endloop
  endfacet
  facet normal 0 0 -1
    outer loop
      vertex 37.3511 9.49722 6.3
      vertex 37.3586 11.5495 6.3
      vertex 37.6715 9.57415 6.3
    endloop
  endfacet
  facet normal 0 0 -1
    outer loop
      vertex 36.733 11.3993 6.3
      vertex 37.3511 9.49722 6.3
      vertex 37.0466 9.37111 6.3
    endloop
  endfacet
  facet normal 0 0 -1
    outer loop
      vertex 36.1386 11.1531 6.3
      vertex 37.0466 9.37111 6.3
      vertex 36.7657 9.19894 6.3
    endloop
  endfacet
  facet normal 0 0 -1
    outer loop
      vertex 37.3511 9.49722 6.3
      vertex 36.733 11.3993 6.3
      vertex 37.3586 11.5495 6.3
    endloop
  endfacet
  facet normal 0 0 -1
    outer loop
      vertex 35.5901 10.817 6.3
      vertex 36.7657 9.19894 6.3
      vertex 36.5151 8.98492 6.3
    endloop
  endfacet
  facet normal 0 0 -1
    outer loop
      vertex 35.1009 10.3991 6.3
      vertex 36.5151 8.98492 6.3
      vertex 36.3011 8.73435 6.3
    endloop
  endfacet
  facet normal 0 0 -1
    outer loop
      vertex 37.0466 9.37111 6.3
      vertex 36.1386 11.1531 6.3
      vertex 36.733 11.3993 6.3
    endloop
  endfacet
  facet normal 0 0 -1
    outer loop
      vertex 34.683 9.90992 6.3
      vertex 36.3011 8.73435 6.3
      vertex 36.1289 8.45338 6.3
    endloop
  endfacet
  facet normal 0 0 -1
    outer loop
      vertex 34.3469 9.36136 6.3
      vertex 36.1289 8.45338 6.3
      vertex 36.0028 8.14894 6.3
    endloop
  endfacet
  facet normal 0 0 -1
    outer loop
      vertex 34.1007 8.76697 6.3
      vertex 36.0028 8.14894 6.3
      vertex 35.9259 7.82851 6.3
    endloop
  endfacet
  facet normal 0 0 -1
    outer loop
      vertex 33.9505 8.14138 6.3
      vertex 35.9259 7.82851 6.3
      vertex 35.9 7.5 6.3
    endloop
  endfacet
  facet normal -0 0 -1
    outer loop
      vertex 36.1289 6.54662 6.3
      vertex 34.3469 5.63864 6.3
      vertex 36.0028 6.85106 6.3
    endloop
  endfacet
  facet normal 0 0 -1
    outer loop
      vertex 36.7657 9.19894 6.3
      vertex 35.5901 10.817 6.3
      vertex 36.1386 11.1531 6.3
    endloop
  endfacet
  facet normal 0 0 -1
    outer loop
      vertex 34.1007 6.23303 6.3
      vertex 36.0028 6.85106 6.3
      vertex 34.3469 5.63864 6.3
    endloop
  endfacet
  facet normal 0 0 -1
    outer loop
      vertex 36.5151 8.98492 6.3
      vertex 35.1009 10.3991 6.3
      vertex 35.5901 10.817 6.3
    endloop
  endfacet
  facet normal -0 0 -1
    outer loop
      vertex 36.0028 6.85106 6.3
      vertex 34.1007 6.23303 6.3
      vertex 35.9259 7.17149 6.3
    endloop
  endfacet
  facet normal 0 0 -1
    outer loop
      vertex 36.3011 8.73435 6.3
      vertex 34.683 9.90992 6.3
      vertex 35.1009 10.3991 6.3
    endloop
  endfacet
  facet normal 0 0 -1
    outer loop
      vertex 33.9505 6.85862 6.3
      vertex 35.9259 7.17149 6.3
      vertex 34.1007 6.23303 6.3
    endloop
  endfacet
  facet normal 0 0 -1
    outer loop
      vertex 36.1289 8.45338 6.3
      vertex 34.3469 9.36136 6.3
      vertex 34.683 9.90992 6.3
    endloop
  endfacet
  facet normal -0 0 -1
    outer loop
      vertex 35.9259 7.17149 6.3
      vertex 33.9505 6.85862 6.3
      vertex 35.9 7.5 6.3
    endloop
  endfacet
  facet normal 0 0 -1
    outer loop
      vertex 36.0028 8.14894 6.3
      vertex 34.1007 8.76697 6.3
      vertex 34.3469 9.36136 6.3
    endloop
  endfacet
  facet normal 0 0 -1
    outer loop
      vertex 33.9 7.5 6.3
      vertex 35.9 7.5 6.3
      vertex 33.9505 6.85862 6.3
    endloop
  endfacet
  facet normal 0 0 -1
    outer loop
      vertex 35.9259 7.82851 6.3
      vertex 33.9505 8.14138 6.3
      vertex 34.1007 8.76697 6.3
    endloop
  endfacet
  facet normal 0 0 -1
    outer loop
      vertex 35.9 7.5 6.3
      vertex 33.9 7.5 6.3
      vertex 33.9505 8.14138 6.3
    endloop
  endfacet
  facet normal 0.779393 -0.061448 0.623515
    outer loop
      vertex 35.9 7.5 3.8
      vertex 35.9259 7.82851 3.8
      vertex 33.9 7.5 6.3
    endloop
  endfacet
  facet normal 0.760201 -0.182519 0.623523
    outer loop
      vertex 35.9259 7.82851 3.8
      vertex 34.1007 8.76697 6.3
      vertex 33.9505 8.14138 6.3
    endloop
  endfacet
  facet normal -0.666627 0.408439 0.623527
    outer loop
      vertex 41.317 5.09008 6.3
      vertex 41.6531 5.63864 6.3
      vertex 39.6989 6.26565 3.8
    endloop
  endfacet
  facet normal -0.779392 -0.0613666 0.623524
    outer loop
      vertex 42.1 7.5 6.3
      vertex 42.0495 8.14138 6.3
      vertex 40.0741 7.82851 3.8
    endloop
  endfacet
  facet normal -0.779392 0.0613666 0.623524
    outer loop
      vertex 42.0495 6.85862 6.3
      vertex 42.1 7.5 6.3
      vertex 40.0741 7.17149 3.8
    endloop
  endfacet
  facet normal -0.408472 -0.666608 0.623525
    outer loop
      vertex 40.4099 10.817 6.3
      vertex 39.8614 11.1531 6.3
      vertex 39.2343 9.19894 3.8
    endloop
  endfacet
  facet normal 0.722301 0.29918 0.623516
    outer loop
      vertex 36.1289 6.54662 3.8
      vertex 36.0028 6.85106 3.8
      vertex 34.3469 5.63864 6.3
    endloop
  endfacet
  facet normal -0.408553 0.666565 0.623519
    outer loop
      vertex 39.8614 3.84687 6.3
      vertex 39.2343 5.80106 3.8
      vertex 38.9534 5.62889 3.8
    endloop
  endfacet
  facet normal 0.0613317 0.779399 0.623519
    outer loop
      vertex 38 3.4 6.3
      vertex 38 5.4 3.8
      vertex 37.6715 5.42585 3.8
    endloop
  endfacet
  facet normal 0.18253 -0.760204 0.623516
    outer loop
      vertex 37.3511 9.49722 3.8
      vertex 37.6715 9.57415 3.8
      vertex 36.733 11.3993 6.3
    endloop
  endfacet
  facet normal -0.0613652 -0.779399 0.623515
    outer loop
      vertex 38.3285 9.57415 3.8
      vertex 38.6414 11.5495 6.3
      vertex 38 11.6 6.3
    endloop
  endfacet
  facet normal -0.18253 -0.760204 0.623516
    outer loop
      vertex 38.6489 9.49722 3.8
      vertex 39.267 11.3993 6.3
      vertex 38.3285 9.57415 3.8
    endloop
  endfacet
  facet normal -0.0613409 0.779399 0.623518
    outer loop
      vertex 38.6414 3.45048 6.3
      vertex 38.3285 5.42585 3.8
      vertex 38 3.4 6.3
    endloop
  endfacet
  facet normal -0.0613317 0.779399 0.623519
    outer loop
      vertex 38.3285 5.42585 3.8
      vertex 38 5.4 3.8
      vertex 38 3.4 6.3
    endloop
  endfacet
  facet normal 0.299148 0.722311 0.62352
    outer loop
      vertex 37.3511 5.50278 3.8
      vertex 37.0466 5.62889 3.8
      vertex 36.1386 3.84687 6.3
    endloop
  endfacet
  facet normal 0.594447 0.507787 0.623526
    outer loop
      vertex 35.1009 4.60086 6.3
      vertex 36.3011 6.26565 3.8
      vertex 34.683 5.09008 6.3
    endloop
  endfacet
  facet normal -0.594447 0.507787 0.623526
    outer loop
      vertex 40.8991 4.60086 6.3
      vertex 41.317 5.09008 6.3
      vertex 39.6989 6.26565 3.8
    endloop
  endfacet
  facet normal 0.408526 0.666578 0.623523
    outer loop
      vertex 36.1386 3.84687 6.3
      vertex 36.7657 5.80106 3.8
      vertex 35.5901 4.18303 6.3
    endloop
  endfacet
  facet normal -0.666581 0.408532 0.623515
    outer loop
      vertex 41.6531 5.63864 6.3
      vertex 39.8711 6.54662 3.8
      vertex 39.6989 6.26565 3.8
    endloop
  endfacet
  facet normal -0.779393 0.061448 0.623515
    outer loop
      vertex 42.1 7.5 6.3
      vertex 40.1 7.5 3.8
      vertex 40.0741 7.17149 3.8
    endloop
  endfacet
  facet normal -0.7223 0.299181 0.623516
    outer loop
      vertex 41.6531 5.63864 6.3
      vertex 41.8993 6.23303 6.3
      vertex 39.9972 6.85106 3.8
    endloop
  endfacet
  facet normal -0.760226 0.182447 0.623514
    outer loop
      vertex 41.8993 6.23303 6.3
      vertex 40.0741 7.17149 3.8
      vertex 39.9972 6.85106 3.8
    endloop
  endfacet
  facet normal 0.408555 -0.666568 0.623514
    outer loop
      vertex 36.7657 9.19894 3.8
      vertex 37.0466 9.37111 3.8
      vertex 36.1386 11.1531 6.3
    endloop
  endfacet
  facet normal 0.5078 -0.594439 0.623523
    outer loop
      vertex 36.7657 9.19894 3.8
      vertex 35.5901 10.817 6.3
      vertex 35.1009 10.3991 6.3
    endloop
  endfacet
  facet normal -0.760226 -0.182447 0.623514
    outer loop
      vertex 40.0741 7.82851 3.8
      vertex 41.8993 8.76697 6.3
      vertex 39.9972 8.14894 3.8
    endloop
  endfacet
  facet normal -0.7223 -0.299181 0.623516
    outer loop
      vertex 41.8993 8.76697 6.3
      vertex 41.6531 9.36136 6.3
      vertex 39.9972 8.14894 3.8
    endloop
  endfacet
  facet normal -0.5078 -0.594439 0.623523
    outer loop
      vertex 40.8991 10.3991 6.3
      vertex 40.4099 10.817 6.3
      vertex 39.2343 9.19894 3.8
    endloop
  endfacet
  facet normal -0.760201 0.182519 0.623523
    outer loop
      vertex 41.8993 6.23303 6.3
      vertex 42.0495 6.85862 6.3
      vertex 40.0741 7.17149 3.8
    endloop
  endfacet
  facet normal 0.666581 -0.408532 0.623515
    outer loop
      vertex 36.1289 8.45338 3.8
      vertex 36.3011 8.73435 3.8
      vertex 34.3469 9.36136 6.3
    endloop
  endfacet
  facet normal -0.299175 0.722297 0.623523
    outer loop
      vertex 39.267 3.60067 6.3
      vertex 39.8614 3.84687 6.3
      vertex 38.6489 5.50278 3.8
    endloop
  endfacet
  facet normal 0.666627 -0.408439 0.623527
    outer loop
      vertex 36.3011 8.73435 3.8
      vertex 34.683 9.90992 6.3
      vertex 34.3469 9.36136 6.3
    endloop
  endfacet
  facet normal 0.722301 -0.29918 0.623516
    outer loop
      vertex 36.0028 8.14894 3.8
      vertex 36.1289 8.45338 3.8
      vertex 34.3469 9.36136 6.3
    endloop
  endfacet
  facet normal -0.182518 -0.760208 0.623515
    outer loop
      vertex 39.267 11.3993 6.3
      vertex 38.6414 11.5495 6.3
      vertex 38.3285 9.57415 3.8
    endloop
  endfacet
  facet normal -0.182506 0.760208 0.623519
    outer loop
      vertex 38.6414 3.45048 6.3
      vertex 39.267 3.60067 6.3
      vertex 38.3285 5.42585 3.8
    endloop
  endfacet
  facet normal 0.779392 0.0613666 0.623524
    outer loop
      vertex 33.9505 6.85862 6.3
      vertex 35.9259 7.17149 3.8
      vertex 33.9 7.5 6.3
    endloop
  endfacet
  facet normal -0.594428 -0.507812 0.623525
    outer loop
      vertex 41.317 9.90992 6.3
      vertex 40.8991 10.3991 6.3
      vertex 39.6989 8.73435 3.8
    endloop
  endfacet
  facet normal 0.0613652 -0.779399 0.623515
    outer loop
      vertex 37.6715 9.57415 3.8
      vertex 38 11.6 6.3
      vertex 37.3586 11.5495 6.3
    endloop
  endfacet
  facet normal -0.666627 -0.408439 0.623527
    outer loop
      vertex 41.6531 9.36136 6.3
      vertex 41.317 9.90992 6.3
      vertex 39.6989 8.73435 3.8
    endloop
  endfacet
  facet normal -0.182529 0.7602 0.623522
    outer loop
      vertex 39.267 3.60067 6.3
      vertex 38.6489 5.50278 3.8
      vertex 38.3285 5.42585 3.8
    endloop
  endfacet
  facet normal 0.0613409 0.779399 0.623518
    outer loop
      vertex 38 3.4 6.3
      vertex 37.6715 5.42585 3.8
      vertex 37.3586 3.45048 6.3
    endloop
  endfacet
  facet normal 0.7223 0.299181 0.623516
    outer loop
      vertex 34.3469 5.63864 6.3
      vertex 36.0028 6.85106 3.8
      vertex 34.1007 6.23303 6.3
    endloop
  endfacet
  facet normal 0.29915 -0.722315 0.623515
    outer loop
      vertex 37.0466 9.37111 3.8
      vertex 37.3511 9.49722 3.8
      vertex 36.1386 11.1531 6.3
    endloop
  endfacet
  facet normal -0.408526 0.666578 0.623523
    outer loop
      vertex 39.8614 3.84687 6.3
      vertex 40.4099 4.18303 6.3
      vertex 39.2343 5.80106 3.8
    endloop
  endfacet
  facet normal 0.182529 0.7602 0.623522
    outer loop
      vertex 37.6715 5.42585 3.8
      vertex 37.3511 5.50278 3.8
      vertex 36.733 3.60067 6.3
    endloop
  endfacet
  facet normal -0.29915 -0.722315 0.623515
    outer loop
      vertex 38.9534 9.37111 3.8
      vertex 39.8614 11.1531 6.3
      vertex 38.6489 9.49722 3.8
    endloop
  endfacet
  facet normal -0.507752 0.594482 0.623521
    outer loop
      vertex 40.4099 4.18303 6.3
      vertex 40.8991 4.60086 6.3
      vertex 39.2343 5.80106 3.8
    endloop
  endfacet
  facet normal -0.760201 -0.182519 0.623523
    outer loop
      vertex 42.0495 8.14138 6.3
      vertex 41.8993 8.76697 6.3
      vertex 40.0741 7.82851 3.8
    endloop
  endfacet
  facet normal 0.779393 0.061448 0.623515
    outer loop
      vertex 35.9259 7.17149 3.8
      vertex 35.9 7.5 3.8
      vertex 33.9 7.5 6.3
    endloop
  endfacet
  facet normal 0.507731 -0.594511 0.623511
    outer loop
      vertex 36.5151 8.98492 3.8
      vertex 36.7657 9.19894 3.8
      vertex 35.1009 10.3991 6.3
    endloop
  endfacet
  facet normal 0.760201 0.182519 0.623523
    outer loop
      vertex 34.1007 6.23303 6.3
      vertex 35.9259 7.17149 3.8
      vertex 33.9505 6.85862 6.3
    endloop
  endfacet
  facet normal 0.408553 0.666565 0.623519
    outer loop
      vertex 37.0466 5.62889 3.8
      vertex 36.7657 5.80106 3.8
      vertex 36.1386 3.84687 6.3
    endloop
  endfacet
  facet normal -0.666581 -0.408532 0.623515
    outer loop
      vertex 39.8711 8.45338 3.8
      vertex 41.6531 9.36136 6.3
      vertex 39.6989 8.73435 3.8
    endloop
  endfacet
  facet normal -0.408555 -0.666568 0.623514
    outer loop
      vertex 39.2343 9.19894 3.8
      vertex 39.8614 11.1531 6.3
      vertex 38.9534 9.37111 3.8
    endloop
  endfacet
  facet normal 0.408472 -0.666608 0.623525
    outer loop
      vertex 36.7657 9.19894 3.8
      vertex 36.1386 11.1531 6.3
      vertex 35.5901 10.817 6.3
    endloop
  endfacet
  facet normal 0.666581 0.408532 0.623515
    outer loop
      vertex 36.3011 6.26565 3.8
      vertex 36.1289 6.54662 3.8
      vertex 34.3469 5.63864 6.3
    endloop
  endfacet
  facet normal 0.182506 0.760208 0.623519
    outer loop
      vertex 37.3586 3.45048 6.3
      vertex 37.6715 5.42585 3.8
      vertex 36.733 3.60067 6.3
    endloop
  endfacet
  facet normal -0.722301 -0.29918 0.623516
    outer loop
      vertex 39.9972 8.14894 3.8
      vertex 41.6531 9.36136 6.3
      vertex 39.8711 8.45338 3.8
    endloop
  endfacet
  facet normal 0.299176 -0.722301 0.623518
    outer loop
      vertex 37.3511 9.49722 3.8
      vertex 36.733 11.3993 6.3
      vertex 36.1386 11.1531 6.3
    endloop
  endfacet
  facet normal 0.233384 -0.972385 0
    outer loop
      vertex 37.3511 27.4972 6.3
      vertex 37.6715 27.5741 6.79999
      vertex 37.3511 27.4972 6.79999
    endloop
  endfacet
  facet normal 0.233384 -0.972385 0
    outer loop
      vertex 37.6715 27.5741 6.79999
      vertex 37.3511 27.4972 6.3
      vertex 37.6715 27.5741 6.3
    endloop
  endfacet
  facet normal 0.233384 -0.972385 0
    outer loop
      vertex 37.3511 27.4972 0
      vertex 37.6715 27.5741 3.8
      vertex 37.3511 27.4972 3.8
    endloop
  endfacet
  facet normal 0.233384 -0.972385 0
    outer loop
      vertex 37.6715 27.5741 3.8
      vertex 37.3511 27.4972 0
      vertex 37.6715 27.5741 0
    endloop
  endfacet
  facet normal -0.972385 -0.233384 0
    outer loop
      vertex 40.0741 25.8285 6.3
      vertex 39.9972 26.1489 6.79999
      vertex 39.9972 26.1489 6.3
    endloop
  endfacet
  facet normal -0.972385 -0.233384 0
    outer loop
      vertex 39.9972 26.1489 6.79999
      vertex 40.0741 25.8285 6.3
      vertex 40.0741 25.8285 6.79999
    endloop
  endfacet
  facet normal -0.972385 -0.233384 0
    outer loop
      vertex 40.0741 25.8285 0
      vertex 39.9972 26.1489 3.8
      vertex 39.9972 26.1489 0
    endloop
  endfacet
  facet normal -0.972385 -0.233384 0
    outer loop
      vertex 39.9972 26.1489 3.8
      vertex 40.0741 25.8285 0
      vertex 40.0741 25.8285 3.8
    endloop
  endfacet
  facet normal -0.996906 -0.0785993 0
    outer loop
      vertex 40.1 25.5 0
      vertex 40.0741 25.8285 3.8
      vertex 40.0741 25.8285 0
    endloop
  endfacet
  facet normal -0.996906 -0.0785993 0
    outer loop
      vertex 40.0741 25.8285 3.8
      vertex 40.1 25.5 0
      vertex 40.1 25.5 3.8
    endloop
  endfacet
  facet normal -0.996906 -0.0785993 0
    outer loop
      vertex 40.1 25.5 6.3
      vertex 40.0741 25.8285 6.79999
      vertex 40.0741 25.8285 6.3
    endloop
  endfacet
  facet normal -0.996906 -0.0785993 0
    outer loop
      vertex 40.0741 25.8285 6.79999
      vertex 40.1 25.5 6.3
      vertex 40.1 25.5 6.79999
    endloop
  endfacet
  facet normal 0.852553 0.52264 0
    outer loop
      vertex 36.3011 24.2657 3.8
      vertex 36.1289 24.5466 0
      vertex 36.1289 24.5466 3.8
    endloop
  endfacet
  facet normal 0.852553 0.52264 0
    outer loop
      vertex 36.1289 24.5466 0
      vertex 36.3011 24.2657 3.8
      vertex 36.3011 24.2657 0
    endloop
  endfacet
  facet normal 0.852553 0.52264 0
    outer loop
      vertex 36.3011 24.2657 6.79999
      vertex 36.1289 24.5466 6.3
      vertex 36.1289 24.5466 6.79999
    endloop
  endfacet
  facet normal 0.852553 0.52264 0
    outer loop
      vertex 36.1289 24.5466 6.3
      vertex 36.3011 24.2657 6.79999
      vertex 36.3011 24.2657 6.3
    endloop
  endfacet
  facet normal 0.52264 0.852553 -0
    outer loop
      vertex 37.0466 23.6289 0
      vertex 36.7657 23.8011 3.8
      vertex 37.0466 23.6289 3.8
    endloop
  endfacet
  facet normal 0.52264 0.852553 0
    outer loop
      vertex 36.7657 23.8011 3.8
      vertex 37.0466 23.6289 0
      vertex 36.7657 23.8011 0
    endloop
  endfacet
  facet normal 0.52264 0.852553 -0
    outer loop
      vertex 37.0466 23.6289 6.3
      vertex 36.7657 23.8011 6.79999
      vertex 37.0466 23.6289 6.79999
    endloop
  endfacet
  facet normal 0.52264 0.852553 0
    outer loop
      vertex 36.7657 23.8011 6.79999
      vertex 37.0466 23.6289 6.3
      vertex 36.7657 23.8011 6.3
    endloop
  endfacet
  facet normal -0.996906 0.0785993 0
    outer loop
      vertex 40.0741 25.1715 0
      vertex 40.1 25.5 3.8
      vertex 40.1 25.5 0
    endloop
  endfacet
  facet normal -0.996906 0.0785993 0
    outer loop
      vertex 40.1 25.5 3.8
      vertex 40.0741 25.1715 0
      vertex 40.0741 25.1715 3.8
    endloop
  endfacet
  facet normal -0.996906 0.0785993 0
    outer loop
      vertex 40.0741 25.1715 6.3
      vertex 40.1 25.5 6.79999
      vertex 40.1 25.5 6.3
    endloop
  endfacet
  facet normal -0.996906 0.0785993 0
    outer loop
      vertex 40.1 25.5 6.79999
      vertex 40.0741 25.1715 6.3
      vertex 40.0741 25.1715 6.79999
    endloop
  endfacet
  facet normal -0.0785993 -0.996906 0
    outer loop
      vertex 38 27.6 0
      vertex 38.3285 27.5741 3.8
      vertex 38 27.6 3.8
    endloop
  endfacet
  facet normal -0.0785993 -0.996906 -0
    outer loop
      vertex 38.3285 27.5741 3.8
      vertex 38 27.6 0
      vertex 38.3285 27.5741 0
    endloop
  endfacet
  facet normal -0.0785993 -0.996906 0
    outer loop
      vertex 38 27.6 6.3
      vertex 38.3285 27.5741 6.79999
      vertex 38 27.6 6.79999
    endloop
  endfacet
  facet normal -0.0785993 -0.996906 -0
    outer loop
      vertex 38.3285 27.5741 6.79999
      vertex 38 27.6 6.3
      vertex 38.3285 27.5741 6.3
    endloop
  endfacet
  facet normal -0.760455 -0.649391 0
    outer loop
      vertex 39.6989 26.7343 0
      vertex 39.4849 26.9849 3.8
      vertex 39.4849 26.9849 0
    endloop
  endfacet
  facet normal -0.760455 -0.649391 0
    outer loop
      vertex 39.4849 26.9849 3.8
      vertex 39.6989 26.7343 0
      vertex 39.6989 26.7343 3.8
    endloop
  endfacet
  facet normal -0.760455 -0.649391 0
    outer loop
      vertex 39.6989 26.7343 6.3
      vertex 39.4849 26.9849 6.79999
      vertex 39.4849 26.9849 6.3
    endloop
  endfacet
  facet normal -0.760455 -0.649391 0
    outer loop
      vertex 39.4849 26.9849 6.79999
      vertex 39.6989 26.7343 6.3
      vertex 39.6989 26.7343 6.79999
    endloop
  endfacet
  facet normal -0.52264 -0.852553 0
    outer loop
      vertex 38.9534 27.3711 0
      vertex 39.2343 27.1989 3.8
      vertex 38.9534 27.3711 3.8
    endloop
  endfacet
  facet normal -0.52264 -0.852553 -0
    outer loop
      vertex 39.2343 27.1989 3.8
      vertex 38.9534 27.3711 0
      vertex 39.2343 27.1989 0
    endloop
  endfacet
  facet normal -0.52264 -0.852553 0
    outer loop
      vertex 38.9534 27.3711 6.3
      vertex 39.2343 27.1989 6.79999
      vertex 38.9534 27.3711 6.79999
    endloop
  endfacet
  facet normal -0.52264 -0.852553 -0
    outer loop
      vertex 39.2343 27.1989 6.79999
      vertex 38.9534 27.3711 6.3
      vertex 39.2343 27.1989 6.3
    endloop
  endfacet
  facet normal 0.0785993 0.996906 -0
    outer loop
      vertex 38 23.4 0
      vertex 37.6715 23.4259 3.8
      vertex 38 23.4 3.8
    endloop
  endfacet
  facet normal 0.0785993 0.996906 0
    outer loop
      vertex 37.6715 23.4259 3.8
      vertex 38 23.4 0
      vertex 37.6715 23.4259 0
    endloop
  endfacet
  facet normal 0.0785993 0.996906 -0
    outer loop
      vertex 38 23.4 6.3
      vertex 37.6715 23.4259 6.79999
      vertex 38 23.4 6.79999
    endloop
  endfacet
  facet normal 0.0785993 0.996906 0
    outer loop
      vertex 37.6715 23.4259 6.79999
      vertex 38 23.4 6.3
      vertex 37.6715 23.4259 6.3
    endloop
  endfacet
  facet normal 0.649391 0.760455 -0
    outer loop
      vertex 36.7657 23.8011 6.3
      vertex 36.5151 24.0151 6.79999
      vertex 36.7657 23.8011 6.79999
    endloop
  endfacet
  facet normal 0.649391 0.760455 0
    outer loop
      vertex 36.5151 24.0151 6.79999
      vertex 36.7657 23.8011 6.3
      vertex 36.5151 24.0151 6.3
    endloop
  endfacet
  facet normal 0.649391 0.760455 -0
    outer loop
      vertex 36.7657 23.8011 0
      vertex 36.5151 24.0151 3.8
      vertex 36.7657 23.8011 3.8
    endloop
  endfacet
  facet normal 0.649391 0.760455 0
    outer loop
      vertex 36.5151 24.0151 3.8
      vertex 36.7657 23.8011 0
      vertex 36.5151 24.0151 0
    endloop
  endfacet
  facet normal 0.760455 -0.649391 0
    outer loop
      vertex 36.3011 26.7343 3.8
      vertex 36.5151 26.9849 0
      vertex 36.5151 26.9849 3.8
    endloop
  endfacet
  facet normal 0.760455 -0.649391 0
    outer loop
      vertex 36.5151 26.9849 0
      vertex 36.3011 26.7343 3.8
      vertex 36.3011 26.7343 0
    endloop
  endfacet
  facet normal 0.760455 -0.649391 0
    outer loop
      vertex 36.3011 26.7343 6.79999
      vertex 36.5151 26.9849 6.3
      vertex 36.5151 26.9849 6.79999
    endloop
  endfacet
  facet normal 0.760455 -0.649391 0
    outer loop
      vertex 36.5151 26.9849 6.3
      vertex 36.3011 26.7343 6.79999
      vertex 36.3011 26.7343 6.3
    endloop
  endfacet
  facet normal 0.0785993 -0.996906 0
    outer loop
      vertex 37.6715 27.5741 6.3
      vertex 38 27.6 6.79999
      vertex 37.6715 27.5741 6.79999
    endloop
  endfacet
  facet normal 0.0785993 -0.996906 0
    outer loop
      vertex 38 27.6 6.79999
      vertex 37.6715 27.5741 6.3
      vertex 38 27.6 6.3
    endloop
  endfacet
  facet normal 0.0785993 -0.996906 0
    outer loop
      vertex 37.6715 27.5741 0
      vertex 38 27.6 3.8
      vertex 37.6715 27.5741 3.8
    endloop
  endfacet
  facet normal 0.0785993 -0.996906 0
    outer loop
      vertex 38 27.6 3.8
      vertex 37.6715 27.5741 0
      vertex 38 27.6 0
    endloop
  endfacet
  facet normal -0.852553 0.52264 0
    outer loop
      vertex 39.6989 24.2657 0
      vertex 39.8711 24.5466 3.8
      vertex 39.8711 24.5466 0
    endloop
  endfacet
  facet normal -0.852553 0.52264 0
    outer loop
      vertex 39.8711 24.5466 3.8
      vertex 39.6989 24.2657 0
      vertex 39.6989 24.2657 3.8
    endloop
  endfacet
  facet normal -0.852553 0.52264 0
    outer loop
      vertex 39.6989 24.2657 6.3
      vertex 39.8711 24.5466 6.79999
      vertex 39.8711 24.5466 6.3
    endloop
  endfacet
  facet normal -0.852553 0.52264 0
    outer loop
      vertex 39.8711 24.5466 6.79999
      vertex 39.6989 24.2657 6.3
      vertex 39.6989 24.2657 6.79999
    endloop
  endfacet
  facet normal -0.972385 0.233384 0
    outer loop
      vertex 39.9972 24.8511 0
      vertex 40.0741 25.1715 3.8
      vertex 40.0741 25.1715 0
    endloop
  endfacet
  facet normal -0.972385 0.233384 0
    outer loop
      vertex 40.0741 25.1715 3.8
      vertex 39.9972 24.8511 0
      vertex 39.9972 24.8511 3.8
    endloop
  endfacet
  facet normal -0.972385 0.233384 0
    outer loop
      vertex 39.9972 24.8511 6.3
      vertex 40.0741 25.1715 6.79999
      vertex 40.0741 25.1715 6.3
    endloop
  endfacet
  facet normal -0.972385 0.233384 0
    outer loop
      vertex 40.0741 25.1715 6.79999
      vertex 39.9972 24.8511 6.3
      vertex 39.9972 24.8511 6.79999
    endloop
  endfacet
  facet normal -0.852553 -0.52264 0
    outer loop
      vertex 39.8711 26.4534 6.3
      vertex 39.6989 26.7343 6.79999
      vertex 39.6989 26.7343 6.3
    endloop
  endfacet
  facet normal -0.852553 -0.52264 0
    outer loop
      vertex 39.6989 26.7343 6.79999
      vertex 39.8711 26.4534 6.3
      vertex 39.8711 26.4534 6.79999
    endloop
  endfacet
  facet normal -0.852553 -0.52264 0
    outer loop
      vertex 39.8711 26.4534 0
      vertex 39.6989 26.7343 3.8
      vertex 39.6989 26.7343 0
    endloop
  endfacet
  facet normal -0.852553 -0.52264 0
    outer loop
      vertex 39.6989 26.7343 3.8
      vertex 39.8711 26.4534 0
      vertex 39.8711 26.4534 3.8
    endloop
  endfacet
  facet normal 0.996906 0.0785993 0
    outer loop
      vertex 35.9259 25.1715 3.8
      vertex 35.9 25.5 0
      vertex 35.9 25.5 3.8
    endloop
  endfacet
  facet normal 0.996906 0.0785993 0
    outer loop
      vertex 35.9 25.5 0
      vertex 35.9259 25.1715 3.8
      vertex 35.9259 25.1715 0
    endloop
  endfacet
  facet normal 0.996906 0.0785993 0
    outer loop
      vertex 35.9259 25.1715 6.79999
      vertex 35.9 25.5 6.3
      vertex 35.9 25.5 6.79999
    endloop
  endfacet
  facet normal 0.996906 0.0785993 0
    outer loop
      vertex 35.9 25.5 6.3
      vertex 35.9259 25.1715 6.79999
      vertex 35.9259 25.1715 6.3
    endloop
  endfacet
  facet normal -0.52264 0.852553 0
    outer loop
      vertex 39.2343 23.8011 6.3
      vertex 38.9534 23.6289 6.79999
      vertex 39.2343 23.8011 6.79999
    endloop
  endfacet
  facet normal -0.52264 0.852553 0
    outer loop
      vertex 38.9534 23.6289 6.79999
      vertex 39.2343 23.8011 6.3
      vertex 38.9534 23.6289 6.3
    endloop
  endfacet
  facet normal -0.52264 0.852553 0
    outer loop
      vertex 39.2343 23.8011 0
      vertex 38.9534 23.6289 3.8
      vertex 39.2343 23.8011 3.8
    endloop
  endfacet
  facet normal -0.52264 0.852553 0
    outer loop
      vertex 38.9534 23.6289 3.8
      vertex 39.2343 23.8011 0
      vertex 38.9534 23.6289 0
    endloop
  endfacet
  facet normal 0.382611 0.92391 -0
    outer loop
      vertex 37.3511 23.5028 0
      vertex 37.0466 23.6289 3.8
      vertex 37.3511 23.5028 3.8
    endloop
  endfacet
  facet normal 0.382611 0.92391 0
    outer loop
      vertex 37.0466 23.6289 3.8
      vertex 37.3511 23.5028 0
      vertex 37.0466 23.6289 0
    endloop
  endfacet
  facet normal 0.382611 0.92391 -0
    outer loop
      vertex 37.3511 23.5028 6.3
      vertex 37.0466 23.6289 6.79999
      vertex 37.3511 23.5028 6.79999
    endloop
  endfacet
  facet normal 0.382611 0.92391 0
    outer loop
      vertex 37.0466 23.6289 6.79999
      vertex 37.3511 23.5028 6.3
      vertex 37.0466 23.6289 6.3
    endloop
  endfacet
  facet normal 0.649391 -0.760455 0
    outer loop
      vertex 36.5151 26.9849 0
      vertex 36.7657 27.1989 3.8
      vertex 36.5151 26.9849 3.8
    endloop
  endfacet
  facet normal 0.649391 -0.760455 0
    outer loop
      vertex 36.7657 27.1989 3.8
      vertex 36.5151 26.9849 0
      vertex 36.7657 27.1989 0
    endloop
  endfacet
  facet normal 0.649391 -0.760455 0
    outer loop
      vertex 36.5151 26.9849 6.3
      vertex 36.7657 27.1989 6.79999
      vertex 36.5151 26.9849 6.79999
    endloop
  endfacet
  facet normal 0.649391 -0.760455 0
    outer loop
      vertex 36.7657 27.1989 6.79999
      vertex 36.5151 26.9849 6.3
      vertex 36.7657 27.1989 6.3
    endloop
  endfacet
  facet normal -0.382611 0.92391 0
    outer loop
      vertex 38.9534 23.6289 6.3
      vertex 38.6489 23.5028 6.79999
      vertex 38.9534 23.6289 6.79999
    endloop
  endfacet
  facet normal -0.382611 0.92391 0
    outer loop
      vertex 38.6489 23.5028 6.79999
      vertex 38.9534 23.6289 6.3
      vertex 38.6489 23.5028 6.3
    endloop
  endfacet
  facet normal -0.382611 0.92391 0
    outer loop
      vertex 38.9534 23.6289 0
      vertex 38.6489 23.5028 3.8
      vertex 38.9534 23.6289 3.8
    endloop
  endfacet
  facet normal -0.382611 0.92391 0
    outer loop
      vertex 38.6489 23.5028 3.8
      vertex 38.9534 23.6289 0
      vertex 38.6489 23.5028 0
    endloop
  endfacet
  facet normal -0.233384 -0.972385 0
    outer loop
      vertex 38.3285 27.5741 0
      vertex 38.6489 27.4972 3.8
      vertex 38.3285 27.5741 3.8
    endloop
  endfacet
  facet normal -0.233384 -0.972385 -0
    outer loop
      vertex 38.6489 27.4972 3.8
      vertex 38.3285 27.5741 0
      vertex 38.6489 27.4972 0
    endloop
  endfacet
  facet normal -0.233384 -0.972385 0
    outer loop
      vertex 38.3285 27.5741 6.3
      vertex 38.6489 27.4972 6.79999
      vertex 38.3285 27.5741 6.79999
    endloop
  endfacet
  facet normal -0.233384 -0.972385 -0
    outer loop
      vertex 38.6489 27.4972 6.79999
      vertex 38.3285 27.5741 6.3
      vertex 38.6489 27.4972 6.3
    endloop
  endfacet
  facet normal 0.92391 0.382611 0
    outer loop
      vertex 36.1289 24.5466 3.8
      vertex 36.0028 24.8511 0
      vertex 36.0028 24.8511 3.8
    endloop
  endfacet
  facet normal 0.92391 0.382611 0
    outer loop
      vertex 36.0028 24.8511 0
      vertex 36.1289 24.5466 3.8
      vertex 36.1289 24.5466 0
    endloop
  endfacet
  facet normal 0.92391 0.382611 0
    outer loop
      vertex 36.1289 24.5466 6.79999
      vertex 36.0028 24.8511 6.3
      vertex 36.0028 24.8511 6.79999
    endloop
  endfacet
  facet normal 0.92391 0.382611 0
    outer loop
      vertex 36.0028 24.8511 6.3
      vertex 36.1289 24.5466 6.79999
      vertex 36.1289 24.5466 6.3
    endloop
  endfacet
  facet normal -0.760455 0.649391 0
    outer loop
      vertex 39.4849 24.0151 6.3
      vertex 39.6989 24.2657 6.79999
      vertex 39.6989 24.2657 6.3
    endloop
  endfacet
  facet normal -0.760455 0.649391 0
    outer loop
      vertex 39.6989 24.2657 6.79999
      vertex 39.4849 24.0151 6.3
      vertex 39.4849 24.0151 6.79999
    endloop
  endfacet
  facet normal -0.760455 0.649391 0
    outer loop
      vertex 39.4849 24.0151 0
      vertex 39.6989 24.2657 3.8
      vertex 39.6989 24.2657 0
    endloop
  endfacet
  facet normal -0.760455 0.649391 0
    outer loop
      vertex 39.6989 24.2657 3.8
      vertex 39.4849 24.0151 0
      vertex 39.4849 24.0151 3.8
    endloop
  endfacet
  facet normal 0.760455 0.649391 0
    outer loop
      vertex 36.5151 24.0151 6.79999
      vertex 36.3011 24.2657 6.3
      vertex 36.3011 24.2657 6.79999
    endloop
  endfacet
  facet normal 0.760455 0.649391 0
    outer loop
      vertex 36.3011 24.2657 6.3
      vertex 36.5151 24.0151 6.79999
      vertex 36.5151 24.0151 6.3
    endloop
  endfacet
  facet normal 0.760455 0.649391 0
    outer loop
      vertex 36.5151 24.0151 3.8
      vertex 36.3011 24.2657 0
      vertex 36.3011 24.2657 3.8
    endloop
  endfacet
  facet normal 0.760455 0.649391 0
    outer loop
      vertex 36.3011 24.2657 0
      vertex 36.5151 24.0151 3.8
      vertex 36.5151 24.0151 0
    endloop
  endfacet
  facet normal -0.92391 0.382611 0
    outer loop
      vertex 39.8711 24.5466 0
      vertex 39.9972 24.8511 3.8
      vertex 39.9972 24.8511 0
    endloop
  endfacet
  facet normal -0.92391 0.382611 0
    outer loop
      vertex 39.9972 24.8511 3.8
      vertex 39.8711 24.5466 0
      vertex 39.8711 24.5466 3.8
    endloop
  endfacet
  facet normal -0.92391 0.382611 0
    outer loop
      vertex 39.8711 24.5466 6.3
      vertex 39.9972 24.8511 6.79999
      vertex 39.9972 24.8511 6.3
    endloop
  endfacet
  facet normal -0.92391 0.382611 0
    outer loop
      vertex 39.9972 24.8511 6.79999
      vertex 39.8711 24.5466 6.3
      vertex 39.8711 24.5466 6.79999
    endloop
  endfacet
  facet normal -0.649391 -0.760455 0
    outer loop
      vertex 39.2343 27.1989 0
      vertex 39.4849 26.9849 3.8
      vertex 39.2343 27.1989 3.8
    endloop
  endfacet
  facet normal -0.649391 -0.760455 -0
    outer loop
      vertex 39.4849 26.9849 3.8
      vertex 39.2343 27.1989 0
      vertex 39.4849 26.9849 0
    endloop
  endfacet
  facet normal -0.649391 -0.760455 0
    outer loop
      vertex 39.2343 27.1989 6.3
      vertex 39.4849 26.9849 6.79999
      vertex 39.2343 27.1989 6.79999
    endloop
  endfacet
  facet normal -0.649391 -0.760455 -0
    outer loop
      vertex 39.4849 26.9849 6.79999
      vertex 39.2343 27.1989 6.3
      vertex 39.4849 26.9849 6.3
    endloop
  endfacet
  facet normal -0.92391 -0.382611 0
    outer loop
      vertex 39.9972 26.1489 6.3
      vertex 39.8711 26.4534 6.79999
      vertex 39.8711 26.4534 6.3
    endloop
  endfacet
  facet normal -0.92391 -0.382611 0
    outer loop
      vertex 39.8711 26.4534 6.79999
      vertex 39.9972 26.1489 6.3
      vertex 39.9972 26.1489 6.79999
    endloop
  endfacet
  facet normal -0.92391 -0.382611 0
    outer loop
      vertex 39.9972 26.1489 0
      vertex 39.8711 26.4534 3.8
      vertex 39.8711 26.4534 0
    endloop
  endfacet
  facet normal -0.92391 -0.382611 0
    outer loop
      vertex 39.8711 26.4534 3.8
      vertex 39.9972 26.1489 0
      vertex 39.9972 26.1489 3.8
    endloop
  endfacet
  facet normal -0.382611 -0.92391 0
    outer loop
      vertex 38.6489 27.4972 0
      vertex 38.9534 27.3711 3.8
      vertex 38.6489 27.4972 3.8
    endloop
  endfacet
  facet normal -0.382611 -0.92391 -0
    outer loop
      vertex 38.9534 27.3711 3.8
      vertex 38.6489 27.4972 0
      vertex 38.9534 27.3711 0
    endloop
  endfacet
  facet normal -0.382611 -0.92391 0
    outer loop
      vertex 38.6489 27.4972 6.3
      vertex 38.9534 27.3711 6.79999
      vertex 38.6489 27.4972 6.79999
    endloop
  endfacet
  facet normal -0.382611 -0.92391 -0
    outer loop
      vertex 38.9534 27.3711 6.79999
      vertex 38.6489 27.4972 6.3
      vertex 38.9534 27.3711 6.3
    endloop
  endfacet
  facet normal -0.649391 0.760455 0
    outer loop
      vertex 39.4849 24.0151 6.3
      vertex 39.2343 23.8011 6.79999
      vertex 39.4849 24.0151 6.79999
    endloop
  endfacet
  facet normal -0.649391 0.760455 0
    outer loop
      vertex 39.2343 23.8011 6.79999
      vertex 39.4849 24.0151 6.3
      vertex 39.2343 23.8011 6.3
    endloop
  endfacet
  facet normal -0.649391 0.760455 0
    outer loop
      vertex 39.4849 24.0151 0
      vertex 39.2343 23.8011 3.8
      vertex 39.4849 24.0151 3.8
    endloop
  endfacet
  facet normal -0.649391 0.760455 0
    outer loop
      vertex 39.2343 23.8011 3.8
      vertex 39.4849 24.0151 0
      vertex 39.2343 23.8011 0
    endloop
  endfacet
  facet normal -0.233384 0.972385 0
    outer loop
      vertex 38.6489 23.5028 6.3
      vertex 38.3285 23.4259 6.79999
      vertex 38.6489 23.5028 6.79999
    endloop
  endfacet
  facet normal -0.233384 0.972385 0
    outer loop
      vertex 38.3285 23.4259 6.79999
      vertex 38.6489 23.5028 6.3
      vertex 38.3285 23.4259 6.3
    endloop
  endfacet
  facet normal -0.233384 0.972385 0
    outer loop
      vertex 38.6489 23.5028 0
      vertex 38.3285 23.4259 3.8
      vertex 38.6489 23.5028 3.8
    endloop
  endfacet
  facet normal -0.233384 0.972385 0
    outer loop
      vertex 38.3285 23.4259 3.8
      vertex 38.6489 23.5028 0
      vertex 38.3285 23.4259 0
    endloop
  endfacet
  facet normal -0.0785993 0.996906 0
    outer loop
      vertex 38.3285 23.4259 0
      vertex 38 23.4 3.8
      vertex 38.3285 23.4259 3.8
    endloop
  endfacet
  facet normal -0.0785993 0.996906 0
    outer loop
      vertex 38 23.4 3.8
      vertex 38.3285 23.4259 0
      vertex 38 23.4 0
    endloop
  endfacet
  facet normal -0.0785993 0.996906 0
    outer loop
      vertex 38.3285 23.4259 6.3
      vertex 38 23.4 6.79999
      vertex 38.3285 23.4259 6.79999
    endloop
  endfacet
  facet normal -0.0785993 0.996906 0
    outer loop
      vertex 38 23.4 6.79999
      vertex 38.3285 23.4259 6.3
      vertex 38 23.4 6.3
    endloop
  endfacet
  facet normal 0.52264 -0.852553 0
    outer loop
      vertex 36.7657 27.1989 6.3
      vertex 37.0466 27.3711 6.79999
      vertex 36.7657 27.1989 6.79999
    endloop
  endfacet
  facet normal 0.52264 -0.852553 0
    outer loop
      vertex 37.0466 27.3711 6.79999
      vertex 36.7657 27.1989 6.3
      vertex 37.0466 27.3711 6.3
    endloop
  endfacet
  facet normal 0.52264 -0.852553 0
    outer loop
      vertex 36.7657 27.1989 0
      vertex 37.0466 27.3711 3.8
      vertex 36.7657 27.1989 3.8
    endloop
  endfacet
  facet normal 0.52264 -0.852553 0
    outer loop
      vertex 37.0466 27.3711 3.8
      vertex 36.7657 27.1989 0
      vertex 37.0466 27.3711 0
    endloop
  endfacet
  facet normal 0.92391 -0.382611 0
    outer loop
      vertex 36.0028 26.1489 6.79999
      vertex 36.1289 26.4534 6.3
      vertex 36.1289 26.4534 6.79999
    endloop
  endfacet
  facet normal 0.92391 -0.382611 0
    outer loop
      vertex 36.1289 26.4534 6.3
      vertex 36.0028 26.1489 6.79999
      vertex 36.0028 26.1489 6.3
    endloop
  endfacet
  facet normal 0.92391 -0.382611 0
    outer loop
      vertex 36.0028 26.1489 3.8
      vertex 36.1289 26.4534 0
      vertex 36.1289 26.4534 3.8
    endloop
  endfacet
  facet normal 0.92391 -0.382611 0
    outer loop
      vertex 36.1289 26.4534 0
      vertex 36.0028 26.1489 3.8
      vertex 36.0028 26.1489 0
    endloop
  endfacet
  facet normal 0.972385 0.233384 0
    outer loop
      vertex 36.0028 24.8511 3.8
      vertex 35.9259 25.1715 0
      vertex 35.9259 25.1715 3.8
    endloop
  endfacet
  facet normal 0.972385 0.233384 0
    outer loop
      vertex 35.9259 25.1715 0
      vertex 36.0028 24.8511 3.8
      vertex 36.0028 24.8511 0
    endloop
  endfacet
  facet normal 0.972385 0.233384 0
    outer loop
      vertex 36.0028 24.8511 6.79999
      vertex 35.9259 25.1715 6.3
      vertex 35.9259 25.1715 6.79999
    endloop
  endfacet
  facet normal 0.972385 0.233384 0
    outer loop
      vertex 35.9259 25.1715 6.3
      vertex 36.0028 24.8511 6.79999
      vertex 36.0028 24.8511 6.3
    endloop
  endfacet
  facet normal 0.972385 -0.233384 0
    outer loop
      vertex 35.9259 25.8285 6.79999
      vertex 36.0028 26.1489 6.3
      vertex 36.0028 26.1489 6.79999
    endloop
  endfacet
  facet normal 0.972385 -0.233384 0
    outer loop
      vertex 36.0028 26.1489 6.3
      vertex 35.9259 25.8285 6.79999
      vertex 35.9259 25.8285 6.3
    endloop
  endfacet
  facet normal 0.972385 -0.233384 0
    outer loop
      vertex 35.9259 25.8285 3.8
      vertex 36.0028 26.1489 0
      vertex 36.0028 26.1489 3.8
    endloop
  endfacet
  facet normal 0.972385 -0.233384 0
    outer loop
      vertex 36.0028 26.1489 0
      vertex 35.9259 25.8285 3.8
      vertex 35.9259 25.8285 0
    endloop
  endfacet
  facet normal 0.382611 -0.92391 0
    outer loop
      vertex 37.0466 27.3711 6.3
      vertex 37.3511 27.4972 6.79999
      vertex 37.0466 27.3711 6.79999
    endloop
  endfacet
  facet normal 0.382611 -0.92391 0
    outer loop
      vertex 37.3511 27.4972 6.79999
      vertex 37.0466 27.3711 6.3
      vertex 37.3511 27.4972 6.3
    endloop
  endfacet
  facet normal 0.382611 -0.92391 0
    outer loop
      vertex 37.0466 27.3711 0
      vertex 37.3511 27.4972 3.8
      vertex 37.0466 27.3711 3.8
    endloop
  endfacet
  facet normal 0.382611 -0.92391 0
    outer loop
      vertex 37.3511 27.4972 3.8
      vertex 37.0466 27.3711 0
      vertex 37.3511 27.4972 0
    endloop
  endfacet
  facet normal 0.996906 -0.0785993 0
    outer loop
      vertex 35.9 25.5 3.8
      vertex 35.9259 25.8285 0
      vertex 35.9259 25.8285 3.8
    endloop
  endfacet
  facet normal 0.996906 -0.0785993 0
    outer loop
      vertex 35.9259 25.8285 0
      vertex 35.9 25.5 3.8
      vertex 35.9 25.5 0
    endloop
  endfacet
  facet normal 0.996906 -0.0785993 0
    outer loop
      vertex 35.9 25.5 6.79999
      vertex 35.9259 25.8285 6.3
      vertex 35.9259 25.8285 6.79999
    endloop
  endfacet
  facet normal 0.996906 -0.0785993 0
    outer loop
      vertex 35.9259 25.8285 6.3
      vertex 35.9 25.5 6.79999
      vertex 35.9 25.5 6.3
    endloop
  endfacet
  facet normal 0.233384 0.972385 -0
    outer loop
      vertex 37.6715 23.4259 6.3
      vertex 37.3511 23.5028 6.79999
      vertex 37.6715 23.4259 6.79999
    endloop
  endfacet
  facet normal 0.233384 0.972385 0
    outer loop
      vertex 37.3511 23.5028 6.79999
      vertex 37.6715 23.4259 6.3
      vertex 37.3511 23.5028 6.3
    endloop
  endfacet
  facet normal 0.233384 0.972385 -0
    outer loop
      vertex 37.6715 23.4259 0
      vertex 37.3511 23.5028 3.8
      vertex 37.6715 23.4259 3.8
    endloop
  endfacet
  facet normal 0.233384 0.972385 0
    outer loop
      vertex 37.3511 23.5028 3.8
      vertex 37.6715 23.4259 0
      vertex 37.3511 23.5028 0
    endloop
  endfacet
  facet normal 0.852553 -0.52264 0
    outer loop
      vertex 36.1289 26.4534 6.79999
      vertex 36.3011 26.7343 6.3
      vertex 36.3011 26.7343 6.79999
    endloop
  endfacet
  facet normal 0.852553 -0.52264 0
    outer loop
      vertex 36.3011 26.7343 6.3
      vertex 36.1289 26.4534 6.79999
      vertex 36.1289 26.4534 6.3
    endloop
  endfacet
  facet normal 0.852553 -0.52264 0
    outer loop
      vertex 36.1289 26.4534 3.8
      vertex 36.3011 26.7343 0
      vertex 36.3011 26.7343 3.8
    endloop
  endfacet
  facet normal 0.852553 -0.52264 0
    outer loop
      vertex 36.3011 26.7343 0
      vertex 36.1289 26.4534 3.8
      vertex 36.1289 26.4534 0
    endloop
  endfacet
  facet normal -0.779393 -0.0614499 0.623514
    outer loop
      vertex 40.1 25.5 3.8
      vertex 42.1 25.5 6.3
      vertex 40.0741 25.8285 3.8
    endloop
  endfacet
  facet normal 0.507702 0.594534 0.623513
    outer loop
      vertex 36.7657 23.8011 3.8
      vertex 36.5151 24.0151 3.8
      vertex 35.1009 22.6009 6.3
    endloop
  endfacet
  facet normal 0.507797 0.594435 0.623529
    outer loop
      vertex 35.5901 22.183 6.3
      vertex 36.7657 23.8011 3.8
      vertex 35.1009 22.6009 6.3
    endloop
  endfacet
  facet normal 0.594435 -0.507797 0.623529
    outer loop
      vertex 36.3011 26.7343 3.8
      vertex 35.1009 28.3991 6.3
      vertex 34.683 27.9099 6.3
    endloop
  endfacet
  facet normal 0.594534 -0.507702 0.623513
    outer loop
      vertex 36.3011 26.7343 3.8
      vertex 36.5151 26.9849 3.8
      vertex 35.1009 28.3991 6.3
    endloop
  endfacet
  facet normal -0.507702 0.594534 0.623513
    outer loop
      vertex 40.8991 22.6009 6.3
      vertex 39.4849 24.0151 3.8
      vertex 39.2343 23.8011 3.8
    endloop
  endfacet
  facet normal 0.182516 -0.760201 0.623524
    outer loop
      vertex 37.6715 27.5741 3.8
      vertex 37.3586 29.5495 6.3
      vertex 36.733 29.3993 6.3
    endloop
  endfacet
  facet normal 0.299175 0.722298 0.623522
    outer loop
      vertex 36.733 21.6007 6.3
      vertex 37.3511 23.5028 3.8
      vertex 36.1386 21.8469 6.3
    endloop
  endfacet
  facet normal -0.722323 0.299129 0.623515
    outer loop
      vertex 41.6531 23.6386 6.3
      vertex 39.9972 24.8511 3.8
      vertex 39.8711 24.5466 3.8
    endloop
  endfacet
  facet normal -0.594534 -0.507702 0.623513
    outer loop
      vertex 39.6989 26.7343 3.8
      vertex 40.8991 28.3991 6.3
      vertex 39.4849 26.9849 3.8
    endloop
  endfacet
  facet normal -0.507702 -0.594534 0.623513
    outer loop
      vertex 39.4849 26.9849 3.8
      vertex 40.8991 28.3991 6.3
      vertex 39.2343 27.1989 3.8
    endloop
  endfacet
  facet normal -0.299129 0.722323 0.623515
    outer loop
      vertex 39.8614 21.8469 6.3
      vertex 38.9534 23.6289 3.8
      vertex 38.6489 23.5028 3.8
    endloop
  endfacet
  facet normal 0.760219 0.182462 0.623517
    outer loop
      vertex 36.0028 24.8511 3.8
      vertex 35.9259 25.1715 3.8
      vertex 34.1007 24.233 6.3
    endloop
  endfacet
  facet normal -0.299175 -0.722298 0.623522
    outer loop
      vertex 39.8614 29.1531 6.3
      vertex 39.267 29.3993 6.3
      vertex 38.6489 27.4972 3.8
    endloop
  endfacet
  facet normal 0.594534 0.507702 0.623513
    outer loop
      vertex 36.5151 24.0151 3.8
      vertex 36.3011 24.2657 3.8
      vertex 35.1009 22.6009 6.3
    endloop
  endfacet
  facet normal -0.594534 0.507702 0.623513
    outer loop
      vertex 40.8991 22.6009 6.3
      vertex 39.6989 24.2657 3.8
      vertex 39.4849 24.0151 3.8
    endloop
  endfacet
  facet normal 0.722298 -0.299175 0.623522
    outer loop
      vertex 36.0028 26.1489 3.8
      vertex 34.3469 27.3614 6.3
      vertex 34.1007 26.767 6.3
    endloop
  endfacet
  facet normal 0.760219 -0.182462 0.623517
    outer loop
      vertex 35.9259 25.8285 3.8
      vertex 36.0028 26.1489 3.8
      vertex 34.1007 26.767 6.3
    endloop
  endfacet
  facet normal 0.666604 0.40847 0.623532
    outer loop
      vertex 34.683 23.0901 6.3
      vertex 36.3011 24.2657 3.8
      vertex 34.3469 23.6386 6.3
    endloop
  endfacet
  facet normal 0.779392 -0.0613646 0.623525
    outer loop
      vertex 35.9259 25.8285 3.8
      vertex 33.9505 26.1414 6.3
      vertex 33.9 25.5 6.3
    endloop
  endfacet
  facet normal -0.0614499 -0.779393 0.623514
    outer loop
      vertex 38.3285 27.5741 3.8
      vertex 38 29.6 6.3
      vertex 38 27.6 3.8
    endloop
  endfacet
  facet normal 0.0614499 -0.779393 0.623514
    outer loop
      vertex 38 27.6 3.8
      vertex 38 29.6 6.3
      vertex 37.6715 27.5741 3.8
    endloop
  endfacet
  facet normal 0 0 -1
    outer loop
      vertex 40.1 25.5 6.3
      vertex 42.1 25.5 6.3
      vertex 42.0495 24.8586 6.3
    endloop
  endfacet
  facet normal 0 0 -1
    outer loop
      vertex 40.0741 25.1715 6.3
      vertex 42.0495 24.8586 6.3
      vertex 41.8993 24.233 6.3
    endloop
  endfacet
  facet normal 0 0 -1
    outer loop
      vertex 42.1 25.5 6.3
      vertex 40.1 25.5 6.3
      vertex 42.0495 26.1414 6.3
    endloop
  endfacet
  facet normal 0 0 -1
    outer loop
      vertex 39.9972 24.8511 6.3
      vertex 41.8993 24.233 6.3
      vertex 41.6531 23.6386 6.3
    endloop
  endfacet
  facet normal 0 0 -1
    outer loop
      vertex 40.0741 25.8285 6.3
      vertex 42.0495 26.1414 6.3
      vertex 40.1 25.5 6.3
    endloop
  endfacet
  facet normal 0 0 -1
    outer loop
      vertex 39.8711 24.5466 6.3
      vertex 41.6531 23.6386 6.3
      vertex 41.317 23.0901 6.3
    endloop
  endfacet
  facet normal -0 0 -1
    outer loop
      vertex 42.0495 26.1414 6.3
      vertex 40.0741 25.8285 6.3
      vertex 41.8993 26.767 6.3
    endloop
  endfacet
  facet normal 0 0 -1
    outer loop
      vertex 39.6989 24.2657 6.3
      vertex 41.317 23.0901 6.3
      vertex 40.8991 22.6009 6.3
    endloop
  endfacet
  facet normal 0 0 -1
    outer loop
      vertex 39.9972 26.1489 6.3
      vertex 41.8993 26.767 6.3
      vertex 40.0741 25.8285 6.3
    endloop
  endfacet
  facet normal 0 0 -1
    outer loop
      vertex 39.4849 24.0151 6.3
      vertex 40.8991 22.6009 6.3
      vertex 40.4099 22.183 6.3
    endloop
  endfacet
  facet normal -0 0 -1
    outer loop
      vertex 41.8993 26.767 6.3
      vertex 39.9972 26.1489 6.3
      vertex 41.6531 27.3614 6.3
    endloop
  endfacet
  facet normal 0 0 -1
    outer loop
      vertex 39.8711 26.4534 6.3
      vertex 41.6531 27.3614 6.3
      vertex 39.9972 26.1489 6.3
    endloop
  endfacet
  facet normal 0 0 -1
    outer loop
      vertex 42.0495 24.8586 6.3
      vertex 40.0741 25.1715 6.3
      vertex 40.1 25.5 6.3
    endloop
  endfacet
  facet normal 0 0 -1
    outer loop
      vertex 41.8993 24.233 6.3
      vertex 39.9972 24.8511 6.3
      vertex 40.0741 25.1715 6.3
    endloop
  endfacet
  facet normal 0 0 -1
    outer loop
      vertex 41.6531 23.6386 6.3
      vertex 39.8711 24.5466 6.3
      vertex 39.9972 24.8511 6.3
    endloop
  endfacet
  facet normal 0 0 -1
    outer loop
      vertex 39.2343 23.8011 6.3
      vertex 40.4099 22.183 6.3
      vertex 39.8614 21.8469 6.3
    endloop
  endfacet
  facet normal 0 0 -1
    outer loop
      vertex 41.317 23.0901 6.3
      vertex 39.6989 24.2657 6.3
      vertex 39.8711 24.5466 6.3
    endloop
  endfacet
  facet normal 0 0 -1
    outer loop
      vertex 40.8991 22.6009 6.3
      vertex 39.4849 24.0151 6.3
      vertex 39.6989 24.2657 6.3
    endloop
  endfacet
  facet normal 0 0 -1
    outer loop
      vertex 38.9534 23.6289 6.3
      vertex 39.8614 21.8469 6.3
      vertex 39.267 21.6007 6.3
    endloop
  endfacet
  facet normal 0 0 -1
    outer loop
      vertex 40.4099 22.183 6.3
      vertex 39.2343 23.8011 6.3
      vertex 39.4849 24.0151 6.3
    endloop
  endfacet
  facet normal 0 0 -1
    outer loop
      vertex 39.8614 21.8469 6.3
      vertex 38.9534 23.6289 6.3
      vertex 39.2343 23.8011 6.3
    endloop
  endfacet
  facet normal 0 0 -1
    outer loop
      vertex 39.267 21.6007 6.3
      vertex 38.6489 23.5028 6.3
      vertex 38.9534 23.6289 6.3
    endloop
  endfacet
  facet normal 0 0 -1
    outer loop
      vertex 38.6414 21.4505 6.3
      vertex 38.6489 23.5028 6.3
      vertex 39.267 21.6007 6.3
    endloop
  endfacet
  facet normal 0 0 -1
    outer loop
      vertex 38.6414 21.4505 6.3
      vertex 38.3285 23.4259 6.3
      vertex 38.6489 23.5028 6.3
    endloop
  endfacet
  facet normal 0 0 -1
    outer loop
      vertex 38 21.4 6.3
      vertex 38.3285 23.4259 6.3
      vertex 38.6414 21.4505 6.3
    endloop
  endfacet
  facet normal 0 0 -1
    outer loop
      vertex 38 21.4 6.3
      vertex 38 23.4 6.3
      vertex 38.3285 23.4259 6.3
    endloop
  endfacet
  facet normal 0 0 -1
    outer loop
      vertex 38 21.4 6.3
      vertex 37.6715 23.4259 6.3
      vertex 38 23.4 6.3
    endloop
  endfacet
  facet normal 0 0 -1
    outer loop
      vertex 37.3586 21.4505 6.3
      vertex 37.6715 23.4259 6.3
      vertex 38 21.4 6.3
    endloop
  endfacet
  facet normal 0 0 -1
    outer loop
      vertex 37.3586 21.4505 6.3
      vertex 37.3511 23.5028 6.3
      vertex 37.6715 23.4259 6.3
    endloop
  endfacet
  facet normal 0 0 -1
    outer loop
      vertex 36.733 21.6007 6.3
      vertex 37.3511 23.5028 6.3
      vertex 37.3586 21.4505 6.3
    endloop
  endfacet
  facet normal -0 0 -1
    outer loop
      vertex 37.3511 23.5028 6.3
      vertex 36.733 21.6007 6.3
      vertex 37.0466 23.6289 6.3
    endloop
  endfacet
  facet normal 0 0 -1
    outer loop
      vertex 36.1386 21.8469 6.3
      vertex 37.0466 23.6289 6.3
      vertex 36.733 21.6007 6.3
    endloop
  endfacet
  facet normal -0 0 -1
    outer loop
      vertex 37.0466 23.6289 6.3
      vertex 36.1386 21.8469 6.3
      vertex 36.7657 23.8011 6.3
    endloop
  endfacet
  facet normal 0 0 -1
    outer loop
      vertex 35.5901 22.183 6.3
      vertex 36.7657 23.8011 6.3
      vertex 36.1386 21.8469 6.3
    endloop
  endfacet
  facet normal -0 0 -1
    outer loop
      vertex 36.7657 23.8011 6.3
      vertex 35.5901 22.183 6.3
      vertex 36.5151 24.0151 6.3
    endloop
  endfacet
  facet normal 0 0 -1
    outer loop
      vertex 35.1009 22.6009 6.3
      vertex 36.5151 24.0151 6.3
      vertex 35.5901 22.183 6.3
    endloop
  endfacet
  facet normal -0 0 -1
    outer loop
      vertex 36.5151 24.0151 6.3
      vertex 35.1009 22.6009 6.3
      vertex 36.3011 24.2657 6.3
    endloop
  endfacet
  facet normal 0 0 -1
    outer loop
      vertex 34.683 23.0901 6.3
      vertex 36.3011 24.2657 6.3
      vertex 35.1009 22.6009 6.3
    endloop
  endfacet
  facet normal -0 0 -1
    outer loop
      vertex 36.3011 24.2657 6.3
      vertex 34.683 23.0901 6.3
      vertex 36.1289 24.5466 6.3
    endloop
  endfacet
  facet normal 0 0 -1
    outer loop
      vertex 34.3469 23.6386 6.3
      vertex 36.1289 24.5466 6.3
      vertex 34.683 23.0901 6.3
    endloop
  endfacet
  facet normal -0 0 -1
    outer loop
      vertex 41.6531 27.3614 6.3
      vertex 39.8711 26.4534 6.3
      vertex 41.317 27.9099 6.3
    endloop
  endfacet
  facet normal 0 0 -1
    outer loop
      vertex 39.6989 26.7343 6.3
      vertex 41.317 27.9099 6.3
      vertex 39.8711 26.4534 6.3
    endloop
  endfacet
  facet normal -0 0 -1
    outer loop
      vertex 41.317 27.9099 6.3
      vertex 39.6989 26.7343 6.3
      vertex 40.8991 28.3991 6.3
    endloop
  endfacet
  facet normal 0 0 -1
    outer loop
      vertex 39.4849 26.9849 6.3
      vertex 40.8991 28.3991 6.3
      vertex 39.6989 26.7343 6.3
    endloop
  endfacet
  facet normal -0 0 -1
    outer loop
      vertex 40.8991 28.3991 6.3
      vertex 39.4849 26.9849 6.3
      vertex 40.4099 28.817 6.3
    endloop
  endfacet
  facet normal 0 0 -1
    outer loop
      vertex 39.2343 27.1989 6.3
      vertex 40.4099 28.817 6.3
      vertex 39.4849 26.9849 6.3
    endloop
  endfacet
  facet normal -0 0 -1
    outer loop
      vertex 40.4099 28.817 6.3
      vertex 39.2343 27.1989 6.3
      vertex 39.8614 29.1531 6.3
    endloop
  endfacet
  facet normal 0 0 -1
    outer loop
      vertex 38.9534 27.3711 6.3
      vertex 39.8614 29.1531 6.3
      vertex 39.2343 27.1989 6.3
    endloop
  endfacet
  facet normal -0 0 -1
    outer loop
      vertex 39.8614 29.1531 6.3
      vertex 38.9534 27.3711 6.3
      vertex 39.267 29.3993 6.3
    endloop
  endfacet
  facet normal 0 0 -1
    outer loop
      vertex 38.6489 27.4972 6.3
      vertex 39.267 29.3993 6.3
      vertex 38.9534 27.3711 6.3
    endloop
  endfacet
  facet normal 0 0 -1
    outer loop
      vertex 38.6489 27.4972 6.3
      vertex 38.6414 29.5495 6.3
      vertex 39.267 29.3993 6.3
    endloop
  endfacet
  facet normal 0 0 -1
    outer loop
      vertex 38.3285 27.5741 6.3
      vertex 38.6414 29.5495 6.3
      vertex 38.6489 27.4972 6.3
    endloop
  endfacet
  facet normal 0 0 -1
    outer loop
      vertex 38 27.6 6.3
      vertex 38.6414 29.5495 6.3
      vertex 38.3285 27.5741 6.3
    endloop
  endfacet
  facet normal 0 0 -1
    outer loop
      vertex 38 27.6 6.3
      vertex 38 29.6 6.3
      vertex 38.6414 29.5495 6.3
    endloop
  endfacet
  facet normal 0 0 -1
    outer loop
      vertex 37.6715 27.5741 6.3
      vertex 38 29.6 6.3
      vertex 38 27.6 6.3
    endloop
  endfacet
  facet normal 0 0 -1
    outer loop
      vertex 37.6715 27.5741 6.3
      vertex 37.3586 29.5495 6.3
      vertex 38 29.6 6.3
    endloop
  endfacet
  facet normal 0 0 -1
    outer loop
      vertex 37.3511 27.4972 6.3
      vertex 37.3586 29.5495 6.3
      vertex 37.6715 27.5741 6.3
    endloop
  endfacet
  facet normal 0 0 -1
    outer loop
      vertex 36.733 29.3993 6.3
      vertex 37.3511 27.4972 6.3
      vertex 37.0466 27.3711 6.3
    endloop
  endfacet
  facet normal 0 0 -1
    outer loop
      vertex 36.1386 29.1531 6.3
      vertex 37.0466 27.3711 6.3
      vertex 36.7657 27.1989 6.3
    endloop
  endfacet
  facet normal 0 0 -1
    outer loop
      vertex 37.3511 27.4972 6.3
      vertex 36.733 29.3993 6.3
      vertex 37.3586 29.5495 6.3
    endloop
  endfacet
  facet normal 0 0 -1
    outer loop
      vertex 35.5901 28.817 6.3
      vertex 36.7657 27.1989 6.3
      vertex 36.5151 26.9849 6.3
    endloop
  endfacet
  facet normal 0 0 -1
    outer loop
      vertex 35.1009 28.3991 6.3
      vertex 36.5151 26.9849 6.3
      vertex 36.3011 26.7343 6.3
    endloop
  endfacet
  facet normal 0 0 -1
    outer loop
      vertex 37.0466 27.3711 6.3
      vertex 36.1386 29.1531 6.3
      vertex 36.733 29.3993 6.3
    endloop
  endfacet
  facet normal 0 0 -1
    outer loop
      vertex 34.683 27.9099 6.3
      vertex 36.3011 26.7343 6.3
      vertex 36.1289 26.4534 6.3
    endloop
  endfacet
  facet normal 0 0 -1
    outer loop
      vertex 34.3469 27.3614 6.3
      vertex 36.1289 26.4534 6.3
      vertex 36.0028 26.1489 6.3
    endloop
  endfacet
  facet normal 0 0 -1
    outer loop
      vertex 34.1007 26.767 6.3
      vertex 36.0028 26.1489 6.3
      vertex 35.9259 25.8285 6.3
    endloop
  endfacet
  facet normal 0 0 -1
    outer loop
      vertex 33.9505 26.1414 6.3
      vertex 35.9259 25.8285 6.3
      vertex 35.9 25.5 6.3
    endloop
  endfacet
  facet normal -0 0 -1
    outer loop
      vertex 36.1289 24.5466 6.3
      vertex 34.3469 23.6386 6.3
      vertex 36.0028 24.8511 6.3
    endloop
  endfacet
  facet normal 0 0 -1
    outer loop
      vertex 36.7657 27.1989 6.3
      vertex 35.5901 28.817 6.3
      vertex 36.1386 29.1531 6.3
    endloop
  endfacet
  facet normal 0 0 -1
    outer loop
      vertex 34.1007 24.233 6.3
      vertex 36.0028 24.8511 6.3
      vertex 34.3469 23.6386 6.3
    endloop
  endfacet
  facet normal 0 0 -1
    outer loop
      vertex 36.5151 26.9849 6.3
      vertex 35.1009 28.3991 6.3
      vertex 35.5901 28.817 6.3
    endloop
  endfacet
  facet normal -0 0 -1
    outer loop
      vertex 36.0028 24.8511 6.3
      vertex 34.1007 24.233 6.3
      vertex 35.9259 25.1715 6.3
    endloop
  endfacet
  facet normal 0 0 -1
    outer loop
      vertex 36.3011 26.7343 6.3
      vertex 34.683 27.9099 6.3
      vertex 35.1009 28.3991 6.3
    endloop
  endfacet
  facet normal 0 0 -1
    outer loop
      vertex 33.9505 24.8586 6.3
      vertex 35.9259 25.1715 6.3
      vertex 34.1007 24.233 6.3
    endloop
  endfacet
  facet normal 0 0 -1
    outer loop
      vertex 36.1289 26.4534 6.3
      vertex 34.3469 27.3614 6.3
      vertex 34.683 27.9099 6.3
    endloop
  endfacet
  facet normal -0 0 -1
    outer loop
      vertex 35.9259 25.1715 6.3
      vertex 33.9505 24.8586 6.3
      vertex 35.9 25.5 6.3
    endloop
  endfacet
  facet normal 0 0 -1
    outer loop
      vertex 36.0028 26.1489 6.3
      vertex 34.1007 26.767 6.3
      vertex 34.3469 27.3614 6.3
    endloop
  endfacet
  facet normal 0 0 -1
    outer loop
      vertex 33.9 25.5 6.3
      vertex 35.9 25.5 6.3
      vertex 33.9505 24.8586 6.3
    endloop
  endfacet
  facet normal 0 0 -1
    outer loop
      vertex 35.9259 25.8285 6.3
      vertex 33.9505 26.1414 6.3
      vertex 34.1007 26.767 6.3
    endloop
  endfacet
  facet normal 0 0 -1
    outer loop
      vertex 35.9 25.5 6.3
      vertex 33.9 25.5 6.3
      vertex 33.9505 26.1414 6.3
    endloop
  endfacet
  facet normal 0.779393 -0.0614499 0.623514
    outer loop
      vertex 35.9 25.5 3.8
      vertex 35.9259 25.8285 3.8
      vertex 33.9 25.5 6.3
    endloop
  endfacet
  facet normal 0.760201 -0.182516 0.623524
    outer loop
      vertex 35.9259 25.8285 3.8
      vertex 34.1007 26.767 6.3
      vertex 33.9505 26.1414 6.3
    endloop
  endfacet
  facet normal -0.666604 0.40847 0.623532
    outer loop
      vertex 41.317 23.0901 6.3
      vertex 41.6531 23.6386 6.3
      vertex 39.6989 24.2657 3.8
    endloop
  endfacet
  facet normal -0.779392 -0.0613646 0.623525
    outer loop
      vertex 42.1 25.5 6.3
      vertex 42.0495 26.1414 6.3
      vertex 40.0741 25.8285 3.8
    endloop
  endfacet
  facet normal -0.779392 0.0613646 0.623525
    outer loop
      vertex 42.0495 24.8586 6.3
      vertex 42.1 25.5 6.3
      vertex 40.0741 25.1715 3.8
    endloop
  endfacet
  facet normal -0.40847 -0.666604 0.623532
    outer loop
      vertex 40.4099 28.817 6.3
      vertex 39.8614 29.1531 6.3
      vertex 39.2343 27.1989 3.8
    endloop
  endfacet
  facet normal 0.722323 0.299129 0.623515
    outer loop
      vertex 36.1289 24.5466 3.8
      vertex 36.0028 24.8511 3.8
      vertex 34.3469 23.6386 6.3
    endloop
  endfacet
  facet normal -0.408607 0.666537 0.623513
    outer loop
      vertex 39.8614 21.8469 6.3
      vertex 39.2343 23.8011 3.8
      vertex 38.9534 23.6289 3.8
    endloop
  endfacet
  facet normal 0.0614499 0.779393 0.623514
    outer loop
      vertex 38 21.4 6.3
      vertex 38 23.4 3.8
      vertex 37.6715 23.4259 3.8
    endloop
  endfacet
  facet normal 0.182462 -0.760219 0.623517
    outer loop
      vertex 37.3511 27.4972 3.8
      vertex 37.6715 27.5741 3.8
      vertex 36.733 29.3993 6.3
    endloop
  endfacet
  facet normal -0.0613646 -0.779392 0.623525
    outer loop
      vertex 38.3285 27.5741 3.8
      vertex 38.6414 29.5495 6.3
      vertex 38 29.6 6.3
    endloop
  endfacet
  facet normal -0.182462 -0.760219 0.623517
    outer loop
      vertex 38.6489 27.4972 3.8
      vertex 39.267 29.3993 6.3
      vertex 38.3285 27.5741 3.8
    endloop
  endfacet
  facet normal -0.0613646 0.779392 0.623525
    outer loop
      vertex 38.6414 21.4505 6.3
      vertex 38.3285 23.4259 3.8
      vertex 38 21.4 6.3
    endloop
  endfacet
  facet normal -0.0614499 0.779393 0.623514
    outer loop
      vertex 38.3285 23.4259 3.8
      vertex 38 23.4 3.8
      vertex 38 21.4 6.3
    endloop
  endfacet
  facet normal 0.299129 0.722323 0.623515
    outer loop
      vertex 37.3511 23.5028 3.8
      vertex 37.0466 23.6289 3.8
      vertex 36.1386 21.8469 6.3
    endloop
  endfacet
  facet normal 0.594435 0.507797 0.623529
    outer loop
      vertex 35.1009 22.6009 6.3
      vertex 36.3011 24.2657 3.8
      vertex 34.683 23.0901 6.3
    endloop
  endfacet
  facet normal -0.594435 0.507797 0.623529
    outer loop
      vertex 40.8991 22.6009 6.3
      vertex 41.317 23.0901 6.3
      vertex 39.6989 24.2657 3.8
    endloop
  endfacet
  facet normal 0.40847 0.666604 0.623532
    outer loop
      vertex 36.1386 21.8469 6.3
      vertex 36.7657 23.8011 3.8
      vertex 35.5901 22.183 6.3
    endloop
  endfacet
  facet normal -0.666537 0.408607 0.623513
    outer loop
      vertex 41.6531 23.6386 6.3
      vertex 39.8711 24.5466 3.8
      vertex 39.6989 24.2657 3.8
    endloop
  endfacet
  facet normal -0.779393 0.0614499 0.623514
    outer loop
      vertex 42.1 25.5 6.3
      vertex 40.1 25.5 3.8
      vertex 40.0741 25.1715 3.8
    endloop
  endfacet
  facet normal -0.722298 0.299175 0.623522
    outer loop
      vertex 41.6531 23.6386 6.3
      vertex 41.8993 24.233 6.3
      vertex 39.9972 24.8511 3.8
    endloop
  endfacet
  facet normal -0.760219 0.182462 0.623517
    outer loop
      vertex 41.8993 24.233 6.3
      vertex 40.0741 25.1715 3.8
      vertex 39.9972 24.8511 3.8
    endloop
  endfacet
  facet normal 0.408607 -0.666537 0.623513
    outer loop
      vertex 36.7657 27.1989 3.8
      vertex 37.0466 27.3711 3.8
      vertex 36.1386 29.1531 6.3
    endloop
  endfacet
  facet normal 0.507797 -0.594435 0.623529
    outer loop
      vertex 36.7657 27.1989 3.8
      vertex 35.5901 28.817 6.3
      vertex 35.1009 28.3991 6.3
    endloop
  endfacet
  facet normal -0.760219 -0.182462 0.623517
    outer loop
      vertex 40.0741 25.8285 3.8
      vertex 41.8993 26.767 6.3
      vertex 39.9972 26.1489 3.8
    endloop
  endfacet
  facet normal -0.722298 -0.299175 0.623522
    outer loop
      vertex 41.8993 26.767 6.3
      vertex 41.6531 27.3614 6.3
      vertex 39.9972 26.1489 3.8
    endloop
  endfacet
  facet normal -0.507797 -0.594435 0.623529
    outer loop
      vertex 40.8991 28.3991 6.3
      vertex 40.4099 28.817 6.3
      vertex 39.2343 27.1989 3.8
    endloop
  endfacet
  facet normal -0.760201 0.182516 0.623524
    outer loop
      vertex 41.8993 24.233 6.3
      vertex 42.0495 24.8586 6.3
      vertex 40.0741 25.1715 3.8
    endloop
  endfacet
  facet normal 0.666537 -0.408607 0.623513
    outer loop
      vertex 36.1289 26.4534 3.8
      vertex 36.3011 26.7343 3.8
      vertex 34.3469 27.3614 6.3
    endloop
  endfacet
  facet normal -0.299175 0.722298 0.623522
    outer loop
      vertex 39.267 21.6007 6.3
      vertex 39.8614 21.8469 6.3
      vertex 38.6489 23.5028 3.8
    endloop
  endfacet
  facet normal 0.666604 -0.40847 0.623532
    outer loop
      vertex 36.3011 26.7343 3.8
      vertex 34.683 27.9099 6.3
      vertex 34.3469 27.3614 6.3
    endloop
  endfacet
  facet normal 0.722323 -0.299129 0.623515
    outer loop
      vertex 36.0028 26.1489 3.8
      vertex 36.1289 26.4534 3.8
      vertex 34.3469 27.3614 6.3
    endloop
  endfacet
  facet normal -0.182516 -0.760201 0.623524
    outer loop
      vertex 39.267 29.3993 6.3
      vertex 38.6414 29.5495 6.3
      vertex 38.3285 27.5741 3.8
    endloop
  endfacet
  facet normal -0.182516 0.760201 0.623524
    outer loop
      vertex 38.6414 21.4505 6.3
      vertex 39.267 21.6007 6.3
      vertex 38.3285 23.4259 3.8
    endloop
  endfacet
  facet normal 0.779392 0.0613646 0.623525
    outer loop
      vertex 33.9505 24.8586 6.3
      vertex 35.9259 25.1715 3.8
      vertex 33.9 25.5 6.3
    endloop
  endfacet
  facet normal -0.594435 -0.507797 0.623529
    outer loop
      vertex 41.317 27.9099 6.3
      vertex 40.8991 28.3991 6.3
      vertex 39.6989 26.7343 3.8
    endloop
  endfacet
  facet normal 0.0613646 -0.779392 0.623525
    outer loop
      vertex 37.6715 27.5741 3.8
      vertex 38 29.6 6.3
      vertex 37.3586 29.5495 6.3
    endloop
  endfacet
  facet normal -0.666604 -0.40847 0.623532
    outer loop
      vertex 41.6531 27.3614 6.3
      vertex 41.317 27.9099 6.3
      vertex 39.6989 26.7343 3.8
    endloop
  endfacet
  facet normal -0.182462 0.760219 0.623517
    outer loop
      vertex 39.267 21.6007 6.3
      vertex 38.6489 23.5028 3.8
      vertex 38.3285 23.4259 3.8
    endloop
  endfacet
  facet normal 0.0613646 0.779392 0.623525
    outer loop
      vertex 38 21.4 6.3
      vertex 37.6715 23.4259 3.8
      vertex 37.3586 21.4505 6.3
    endloop
  endfacet
  facet normal 0.722298 0.299175 0.623522
    outer loop
      vertex 34.3469 23.6386 6.3
      vertex 36.0028 24.8511 3.8
      vertex 34.1007 24.233 6.3
    endloop
  endfacet
  facet normal 0.299129 -0.722323 0.623515
    outer loop
      vertex 37.0466 27.3711 3.8
      vertex 37.3511 27.4972 3.8
      vertex 36.1386 29.1531 6.3
    endloop
  endfacet
  facet normal -0.40847 0.666604 0.623532
    outer loop
      vertex 39.8614 21.8469 6.3
      vertex 40.4099 22.183 6.3
      vertex 39.2343 23.8011 3.8
    endloop
  endfacet
  facet normal 0.182462 0.760219 0.623517
    outer loop
      vertex 37.6715 23.4259 3.8
      vertex 37.3511 23.5028 3.8
      vertex 36.733 21.6007 6.3
    endloop
  endfacet
  facet normal -0.299129 -0.722323 0.623515
    outer loop
      vertex 38.9534 27.3711 3.8
      vertex 39.8614 29.1531 6.3
      vertex 38.6489 27.4972 3.8
    endloop
  endfacet
  facet normal -0.507797 0.594435 0.623529
    outer loop
      vertex 40.4099 22.183 6.3
      vertex 40.8991 22.6009 6.3
      vertex 39.2343 23.8011 3.8
    endloop
  endfacet
  facet normal -0.760201 -0.182516 0.623524
    outer loop
      vertex 42.0495 26.1414 6.3
      vertex 41.8993 26.767 6.3
      vertex 40.0741 25.8285 3.8
    endloop
  endfacet
  facet normal 0.779393 0.0614499 0.623514
    outer loop
      vertex 35.9259 25.1715 3.8
      vertex 35.9 25.5 3.8
      vertex 33.9 25.5 6.3
    endloop
  endfacet
  facet normal 0.507702 -0.594534 0.623513
    outer loop
      vertex 36.5151 26.9849 3.8
      vertex 36.7657 27.1989 3.8
      vertex 35.1009 28.3991 6.3
    endloop
  endfacet
  facet normal 0.760201 0.182516 0.623524
    outer loop
      vertex 34.1007 24.233 6.3
      vertex 35.9259 25.1715 3.8
      vertex 33.9505 24.8586 6.3
    endloop
  endfacet
  facet normal 0.408607 0.666537 0.623513
    outer loop
      vertex 37.0466 23.6289 3.8
      vertex 36.7657 23.8011 3.8
      vertex 36.1386 21.8469 6.3
    endloop
  endfacet
  facet normal -0.666537 -0.408607 0.623513
    outer loop
      vertex 39.8711 26.4534 3.8
      vertex 41.6531 27.3614 6.3
      vertex 39.6989 26.7343 3.8
    endloop
  endfacet
  facet normal -0.408607 -0.666537 0.623513
    outer loop
      vertex 39.2343 27.1989 3.8
      vertex 39.8614 29.1531 6.3
      vertex 38.9534 27.3711 3.8
    endloop
  endfacet
  facet normal 0.40847 -0.666604 0.623532
    outer loop
      vertex 36.7657 27.1989 3.8
      vertex 36.1386 29.1531 6.3
      vertex 35.5901 28.817 6.3
    endloop
  endfacet
  facet normal 0.666537 0.408607 0.623513
    outer loop
      vertex 36.3011 24.2657 3.8
      vertex 36.1289 24.5466 3.8
      vertex 34.3469 23.6386 6.3
    endloop
  endfacet
  facet normal 0.182516 0.760201 0.623524
    outer loop
      vertex 37.3586 21.4505 6.3
      vertex 37.6715 23.4259 3.8
      vertex 36.733 21.6007 6.3
    endloop
  endfacet
  facet normal -0.722323 -0.299129 0.623515
    outer loop
      vertex 39.9972 26.1489 3.8
      vertex 41.6531 27.3614 6.3
      vertex 39.8711 26.4534 3.8
    endloop
  endfacet
  facet normal 0.299175 -0.722298 0.623522
    outer loop
      vertex 37.3511 27.4972 3.8
      vertex 36.733 29.3993 6.3
      vertex 36.1386 29.1531 6.3
    endloop
  endfacet
  facet normal 0 -0 1
    outer loop
      vertex 0 30 1.8
      vertex 2 32.5 1.8
      vertex -2 32.5 1.8
    endloop
  endfacet
  facet normal 0.780869 0.624695 0
    outer loop
      vertex 0 30 2.4
      vertex -2 32.5 1.8
      vertex -2 32.5 2.4
    endloop
  endfacet
  facet normal 0.780869 0.624695 0
    outer loop
      vertex -2 32.5 1.8
      vertex 0 30 2.4
      vertex 0 30 1.8
    endloop
  endfacet
  facet normal 0 -1 0
    outer loop
      vertex -2 32.5 1.8
      vertex 2 32.5 2.4
      vertex -2 32.5 2.4
    endloop
  endfacet
  facet normal 0 -1 -0
    outer loop
      vertex 2 32.5 2.4
      vertex -2 32.5 1.8
      vertex 2 32.5 1.8
    endloop
  endfacet
  facet normal -0.780869 0.624695 0
    outer loop
      vertex 0 30 1.8
      vertex 2 32.5 2.4
      vertex 2 32.5 1.8
    endloop
  endfacet
  facet normal -0.780869 0.624695 0
    outer loop
      vertex 2 32.5 2.4
      vertex 0 30 1.8
      vertex 0 30 2.4
    endloop
  endfacet
endsolid OpenSCAD_Model
