solid OpenSCAD_Model
  facet normal 0.533116 0.437553 0.724109
    outer loop
      vertex 9.42728 -2.38269 29.2397
      vertex 8.34326 -0.922574 29.1555
      vertex 9.21885 -2.55951 29.5
    endloop
  endfacet
  facet normal 0.533126 0.437557 0.7241
    outer loop
      vertex 7.56223 -3.7007 31.4093
      vertex 9.21885 -2.55951 29.5
      vertex 8.34326 -0.922574 29.1555
    endloop
  endfacet
  facet normal 0.533114 0.437564 0.724104
    outer loop
      vertex 7.56223 -3.7007 31.4093
      vertex 8.34326 -0.922574 29.1555
      vertex 7.68048 -0.756154 29.5429
    endloop
  endfacet
  facet normal 0.533161 0.437511 0.724102
    outer loop
      vertex 9.21885 -2.55951 29.5
      vertex 7.56223 -3.7007 31.4093
      vertex 9.41689 -3.21014 29.7473
    endloop
  endfacet
  facet normal 0.712413 0.553788 0.431029
    outer loop
      vertex 9.96262 -2.51847 28.5295
      vertex 8.62733 -1.06308 28.8666
      vertex 8.62143 -1.06016 28.8726
    endloop
  endfacet
  facet normal 0.712376 0.553735 0.431159
    outer loop
      vertex 8.62733 -1.06308 28.8666
      vertex 9.95047 -2.47984 28.5
      vertex 8.98779 -1.24136 28.5
    endloop
  endfacet
  facet normal 0.712291 0.553563 0.431519
    outer loop
      vertex 8.62733 -1.06308 28.8666
      vertex 9.96262 -2.51847 28.5295
      vertex 9.95047 -2.47984 28.5
    endloop
  endfacet
  facet normal -0.17274 0.532267 0.828766
    outer loop
      vertex 7.27038 -0.6972 29.4195
      vertex 7.56223 -3.7007 31.4093
      vertex 7.35302 -0.711175 29.4457
    endloop
  endfacet
  facet normal -0.172929 0.532236 0.828746
    outer loop
      vertex 7.56223 -3.7007 31.4093
      vertex 7.27038 -0.6972 29.4195
      vertex 6.97527 -3.89141 31.4093
    endloop
  endfacet
  facet normal 0.712373 0.553743 0.431154
    outer loop
      vertex 9.42728 -2.38269 29.2397
      vertex 8.62143 -1.06016 28.8726
      vertex 8.34326 -0.922574 29.1555
    endloop
  endfacet
  facet normal 0.71239 0.553745 0.431123
    outer loop
      vertex 9.42728 -2.38269 29.2397
      vertex 9.96262 -2.51847 28.5295
      vertex 8.62143 -1.06016 28.8726
    endloop
  endfacet
  facet normal 0.712323 0.553893 0.431044
    outer loop
      vertex 9.96262 -2.51847 28.5295
      vertex 9.42728 -2.38269 29.2397
      vertex 9.97391 -2.55439 28.557
    endloop
  endfacet
  facet normal -0.991086 0.133223 7.10759e-06
    outer loop
      vertex 6.92311 -0.811157 28.0423
      vertex 6.55053 -3.58282 26.5
      vertex 6.89416 -1.02655 28.5
    endloop
  endfacet
  facet normal -0.991085 0.133228 0
    outer loop
      vertex 6.55053 -3.58282 30.5
      vertex 6.89416 -1.02655 28.5
      vertex 6.55053 -3.58282 26.5
    endloop
  endfacet
  facet normal -0.991086 0.133223 -7.10759e-06
    outer loop
      vertex 6.89416 -1.02655 28.5
      vertex 6.55053 -3.58282 30.5
      vertex 6.92311 -0.811157 28.9577
    endloop
  endfacet
  facet normal -0.78192 0.380063 0.494118
    outer loop
      vertex 6.55053 -3.58282 30.5
      vertex 7.17716 -0.727791 29.2956
      vertex 6.92311 -0.811157 28.9577
    endloop
  endfacet
  facet normal -0.781531 0.380195 0.494633
    outer loop
      vertex 7.17716 -0.727791 29.2956
      vertex 6.55053 -3.58282 30.5
      vertex 7.19772 -0.721045 29.3229
    endloop
  endfacet
  facet normal 0.55066 0.400068 0.732611
    outer loop
      vertex 9.51109 -3.55517 29.865
      vertex 7.925 -4.2 31.4093
      vertex 9.55329 -3.70976 29.9177
    endloop
  endfacet
  facet normal 0.550653 0.400081 0.73261
    outer loop
      vertex 7.925 -4.2 31.4093
      vertex 9.51109 -3.55517 29.865
      vertex 7.56223 -3.7007 31.4093
    endloop
  endfacet
  facet normal 0.618859 -0.636694 0.460037
    outer loop
      vertex 7.72447 -5.19861 30.5
      vertex 9.28756 -4.46384 29.4142
      vertex 7.56223 -4.6993 31.4093
    endloop
  endfacet
  facet normal 0.618843 -0.636758 0.459971
    outer loop
      vertex 7.72447 -5.19861 30.5
      vertex 9.85706 -4.42418 28.7029
      vertex 9.28756 -4.46384 29.4142
    endloop
  endfacet
  facet normal 0.619334 -0.635448 0.461119
    outer loop
      vertex 9.98352 -4.38982 28.5804
      vertex 9.85706 -4.42418 28.7029
      vertex 7.72447 -5.19861 30.5
    endloop
  endfacet
  facet normal 0.61869 -0.636839 0.460064
    outer loop
      vertex 9.85706 -4.42418 28.7029
      vertex 9.98352 -4.38982 28.5804
      vertex 9.98812 -4.37726 28.5916
    endloop
  endfacet
  facet normal 0.712377 0.553746 -0.431143
    outer loop
      vertex 9.63966 -2.66875 27.7438
      vertex 8.62143 -1.06016 28.1274
      vertex 9.93548 -2.48896 28.4635
    endloop
  endfacet
  facet normal 0.712372 0.553745 -0.431152
    outer loop
      vertex 8.62143 -1.06016 28.1274
      vertex 9.63966 -2.66875 27.7438
      vertex 8.34326 -0.922574 27.8445
    endloop
  endfacet
  facet normal 0.618916 -0.636548 -0.460163
    outer loop
      vertex 7.72447 -5.19861 26.5
      vertex 9.83484 -4.38915 28.2187
      vertex 9.88196 -4.42618 28.3333
    endloop
  endfacet
  facet normal 0.618866 -0.636689 -0.460035
    outer loop
      vertex 9.83484 -4.38915 28.2187
      vertex 7.72447 -5.19861 26.5
      vertex 7.56223 -4.6993 25.5907
    endloop
  endfacet
  facet normal 0.337069 -0.94148 -2.06805e-06
    outer loop
      vertex 7.72447 -5.19861 30.5
      vertex 9.88196 -4.42618 28.3333
      vertex 9.98352 -4.38982 28.5804
    endloop
  endfacet
  facet normal 0.337071 -0.941479 0
    outer loop
      vertex 9.88196 -4.42618 28.3333
      vertex 7.72447 -5.19861 30.5
      vertex 7.72447 -5.19861 26.5
    endloop
  endfacet
  facet normal -0.279974 -0.861693 0.423202
    outer loop
      vertex 6.97527 -4.50859 31.4093
      vertex 6.55053 -4.81717 30.5
      vertex 7.56223 -4.6993 31.4093
    endloop
  endfacet
  facet normal 0.533159 0.437502 -0.724109
    outer loop
      vertex 7.56223 -3.7007 25.5907
      vertex 9.63966 -2.66875 27.7438
      vertex 9.44995 -3.20139 27.2823
    endloop
  endfacet
  facet normal 0.533122 0.43756 -0.724101
    outer loop
      vertex 9.63966 -2.66875 27.7438
      vertex 7.56223 -3.7007 25.5907
      vertex 8.34326 -0.922574 27.8445
    endloop
  endfacet
  facet normal 0.533114 0.437564 -0.724104
    outer loop
      vertex 8.34326 -0.922574 27.8445
      vertex 7.56223 -3.7007 25.5907
      vertex 7.68048 -0.756154 27.4571
    endloop
  endfacet
  facet normal -0.30902 -0.951056 0
    outer loop
      vertex 6.55053 -4.81717 26.5
      vertex 7.72447 -5.19861 30.5
      vertex 6.55053 -4.81717 30.5
    endloop
  endfacet
  facet normal -0.30902 -0.951056 -0
    outer loop
      vertex 7.72447 -5.19861 30.5
      vertex 6.55053 -4.81717 26.5
      vertex 7.72447 -5.19861 26.5
    endloop
  endfacet
  facet normal 0.712374 0.553741 -0.431155
    outer loop
      vertex 9.93548 -2.48896 28.4635
      vertex 8.62733 -1.06308 28.1334
      vertex 8.98779 -1.24136 28.5
    endloop
  endfacet
  facet normal 0.712449 0.553792 -0.430964
    outer loop
      vertex 9.93548 -2.48896 28.4635
      vertex 8.98779 -1.24136 28.5
      vertex 9.95047 -2.47984 28.5
    endloop
  endfacet
  facet normal 0.712408 0.553804 -0.431017
    outer loop
      vertex 8.62733 -1.06308 28.1334
      vertex 9.93548 -2.48896 28.4635
      vertex 8.62143 -1.06016 28.1274
    endloop
  endfacet
  facet normal -0.90603 0 -0.423213
    outer loop
      vertex 6.97527 -4.50859 25.5907
      vertex 6.55053 -3.58282 26.5
      vertex 6.97527 -3.89141 25.5907
    endloop
  endfacet
  facet normal -0.90603 -0 -0.423213
    outer loop
      vertex 6.55053 -3.58282 26.5
      vertex 6.97527 -4.50859 25.5907
      vertex 6.55053 -4.81717 26.5
    endloop
  endfacet
  facet normal -0.781531 0.380195 -0.494633
    outer loop
      vertex 6.55053 -3.58282 26.5
      vertex 7.17716 -0.727791 27.7044
      vertex 7.19772 -0.721045 27.6771
    endloop
  endfacet
  facet normal -0.78192 0.380063 -0.494118
    outer loop
      vertex 7.17716 -0.727791 27.7044
      vertex 6.55053 -3.58282 26.5
      vertex 6.92311 -0.811157 28.0423
    endloop
  endfacet
  facet normal -0.781824 0.3801 0.494242
    outer loop
      vertex 6.55053 -3.58282 30.5
      vertex 7.27038 -0.6972 29.4195
      vertex 7.19772 -0.721045 29.3229
    endloop
  endfacet
  facet normal -0.781854 0.380092 0.494201
    outer loop
      vertex 7.27038 -0.6972 29.4195
      vertex 6.55053 -3.58282 30.5
      vertex 6.97527 -3.89141 31.4093
    endloop
  endfacet
  facet normal -0.171232 0.532353 0.829024
    outer loop
      vertex 7.64724 -0.760928 29.5391
      vertex 7.56223 -3.7007 31.4093
      vertex 7.68048 -0.756154 29.5429
    endloop
  endfacet
  facet normal -0.17308 0.532217 0.828727
    outer loop
      vertex 7.56223 -3.7007 31.4093
      vertex 7.64724 -0.760928 29.5391
      vertex 7.35302 -0.711175 29.4457
    endloop
  endfacet
  facet normal 0.665899 -0.483786 0.567917
    outer loop
      vertex 7.925 -4.2 31.4093
      vertex 9.51109 -3.82971 29.865
      vertex 9.55329 -3.70976 29.9177
    endloop
  endfacet
  facet normal 0.665892 -0.483809 0.567905
    outer loop
      vertex 9.51109 -3.82971 29.865
      vertex 7.925 -4.2 31.4093
      vertex 7.56223 -4.6993 31.4093
    endloop
  endfacet
  facet normal 0 0 1
    outer loop
      vertex 7.56223 -3.7007 31.4093
      vertex 7.56223 -4.6993 31.4093
      vertex 7.925 -4.2 31.4093
    endloop
  endfacet
  facet normal -0 0 1
    outer loop
      vertex 6.97527 -3.89141 31.4093
      vertex 7.56223 -4.6993 31.4093
      vertex 7.56223 -3.7007 31.4093
    endloop
  endfacet
  facet normal 0 0 1
    outer loop
      vertex 7.56223 -4.6993 31.4093
      vertex 6.97527 -3.89141 31.4093
      vertex 6.97527 -4.50859 31.4093
    endloop
  endfacet
  facet normal 0.550607 0.400226 0.732565
    outer loop
      vertex 9.41689 -3.21014 29.7473
      vertex 7.56223 -3.7007 31.4093
      vertex 9.51109 -3.55517 29.865
    endloop
  endfacet
  facet normal -1 0 0
    outer loop
      vertex 6.55053 -4.81717 26.5
      vertex 6.55053 -3.58282 30.5
      vertex 6.55053 -3.58282 26.5
    endloop
  endfacet
  facet normal -1 -0 0
    outer loop
      vertex 6.55053 -3.58282 30.5
      vertex 6.55053 -4.81717 26.5
      vertex 6.55053 -4.81717 30.5
    endloop
  endfacet
  facet normal 0.550654 0.400082 -0.732608
    outer loop
      vertex 7.56223 -3.7007 25.5907
      vertex 9.25571 -3.79936 26.8097
      vertex 7.925 -4.2 25.5907
    endloop
  endfacet
  facet normal 0.550665 0.400031 -0.732628
    outer loop
      vertex 9.25571 -3.79936 26.8097
      vertex 7.56223 -3.7007 25.5907
      vertex 9.33065 -3.56865 26.992
    endloop
  endfacet
  facet normal -0.279982 -0.861687 0.42321
    outer loop
      vertex 7.56223 -4.6993 31.4093
      vertex 6.55053 -4.81717 30.5
      vertex 7.72447 -5.19861 30.5
    endloop
  endfacet
  facet normal -0.781824 0.3801 -0.494242
    outer loop
      vertex 7.27038 -0.6972 27.5805
      vertex 6.55053 -3.58282 26.5
      vertex 7.19772 -0.721045 27.6771
    endloop
  endfacet
  facet normal -0.781854 0.380092 -0.494201
    outer loop
      vertex 6.55053 -3.58282 26.5
      vertex 7.27038 -0.6972 27.5805
      vertex 6.97527 -3.89141 25.5907
    endloop
  endfacet
  facet normal -0.171232 0.532353 -0.829024
    outer loop
      vertex 7.56223 -3.7007 25.5907
      vertex 7.64724 -0.760928 27.4609
      vertex 7.68048 -0.756154 27.4571
    endloop
  endfacet
  facet normal -0.17308 0.532217 -0.828727
    outer loop
      vertex 7.64724 -0.760928 27.4609
      vertex 7.56223 -3.7007 25.5907
      vertex 7.35302 -0.711175 27.5543
    endloop
  endfacet
  facet normal 0.665878 -0.483931 0.567818
    outer loop
      vertex 9.51109 -3.82971 29.865
      vertex 7.56223 -4.6993 31.4093
      vertex 9.41689 -4.09743 29.7473
    endloop
  endfacet
  facet normal 0.618873 -0.636671 0.460051
    outer loop
      vertex 7.56223 -4.6993 31.4093
      vertex 9.21885 -4.46863 29.5
      vertex 9.41689 -4.09743 29.7473
    endloop
  endfacet
  facet normal 0.618917 -0.636593 0.460099
    outer loop
      vertex 9.21885 -4.46863 29.5
      vertex 7.56223 -4.6993 31.4093
      vertex 9.28756 -4.46384 29.4142
    endloop
  endfacet
  facet normal -0.90603 0 0.423213
    outer loop
      vertex 6.55053 -3.58282 30.5
      vertex 6.97527 -4.50859 31.4093
      vertex 6.97527 -3.89141 31.4093
    endloop
  endfacet
  facet normal -0.90603 0 0.423213
    outer loop
      vertex 6.97527 -4.50859 31.4093
      vertex 6.55053 -3.58282 30.5
      vertex 6.55053 -4.81717 30.5
    endloop
  endfacet
  facet normal -0.17274 0.532267 -0.828766
    outer loop
      vertex 7.56223 -3.7007 25.5907
      vertex 7.27038 -0.6972 27.5805
      vertex 7.35302 -0.711175 27.5543
    endloop
  endfacet
  facet normal -0.172929 0.532236 -0.828746
    outer loop
      vertex 7.27038 -0.6972 27.5805
      vertex 7.56223 -3.7007 25.5907
      vertex 6.97527 -3.89141 25.5907
    endloop
  endfacet
  facet normal 0.618853 -0.636712 -0.460021
    outer loop
      vertex 9.83484 -4.38915 28.2187
      vertex 7.56223 -4.6993 25.5907
      vertex 9.44995 -4.0867 27.2823
    endloop
  endfacet
  facet normal 0.55061 0.400203 -0.732575
    outer loop
      vertex 9.33065 -3.56865 26.992
      vertex 7.56223 -3.7007 25.5907
      vertex 9.44995 -3.20139 27.2823
    endloop
  endfacet
  facet normal -0.279982 -0.861687 -0.42321
    outer loop
      vertex 7.72447 -5.19861 26.5
      vertex 6.55053 -4.81717 26.5
      vertex 7.56223 -4.6993 25.5907
    endloop
  endfacet
  facet normal -0.279974 -0.861693 -0.423202
    outer loop
      vertex 7.56223 -4.6993 25.5907
      vertex 6.55053 -4.81717 26.5
      vertex 6.97527 -4.50859 25.5907
    endloop
  endfacet
  facet normal 0.665894 -0.483778 -0.56793
    outer loop
      vertex 7.56223 -4.6993 25.5907
      vertex 9.25571 -3.79936 26.8097
      vertex 9.33065 -3.91022 26.992
    endloop
  endfacet
  facet normal 0.665892 -0.483809 -0.567905
    outer loop
      vertex 9.25571 -3.79936 26.8097
      vertex 7.56223 -4.6993 25.5907
      vertex 7.925 -4.2 25.5907
    endloop
  endfacet
  facet normal 0 0 -1
    outer loop
      vertex 7.56223 -4.6993 25.5907
      vertex 7.56223 -3.7007 25.5907
      vertex 7.925 -4.2 25.5907
    endloop
  endfacet
  facet normal 0 0 -1
    outer loop
      vertex 6.97527 -4.50859 25.5907
      vertex 7.56223 -3.7007 25.5907
      vertex 7.56223 -4.6993 25.5907
    endloop
  endfacet
  facet normal 0 0 -1
    outer loop
      vertex 7.56223 -3.7007 25.5907
      vertex 6.97527 -4.50859 25.5907
      vertex 6.97527 -3.89141 25.5907
    endloop
  endfacet
  facet normal 0.665877 -0.483918 -0.56783
    outer loop
      vertex 9.44995 -4.0867 27.2823
      vertex 7.56223 -4.6993 25.5907
      vertex 9.33065 -3.91022 26.992
    endloop
  endfacet
  facet normal 0.712323 -0.553893 0.431044
    outer loop
      vertex 9.42728 2.38269 29.2397
      vertex 9.96262 2.51847 28.5295
      vertex 9.97391 2.55439 28.557
    endloop
  endfacet
  facet normal 0.71239 -0.553745 0.431123
    outer loop
      vertex 9.42728 2.38269 29.2397
      vertex 8.62143 1.06016 28.8726
      vertex 9.96262 2.51847 28.5295
    endloop
  endfacet
  facet normal 0.712373 -0.553743 0.431154
    outer loop
      vertex 8.62143 1.06016 28.8726
      vertex 9.42728 2.38269 29.2397
      vertex 8.34326 0.922574 29.1555
    endloop
  endfacet
  facet normal -0.30902 0.951056 0
    outer loop
      vertex 7.72447 5.19861 26.5
      vertex 6.55053 4.81717 30.5
      vertex 7.72447 5.19861 30.5
    endloop
  endfacet
  facet normal -0.30902 0.951056 0
    outer loop
      vertex 6.55053 4.81717 30.5
      vertex 7.72447 5.19861 26.5
      vertex 6.55053 4.81717 26.5
    endloop
  endfacet
  facet normal -0.171232 -0.532353 0.829024
    outer loop
      vertex 7.56223 3.7007 31.4093
      vertex 7.64724 0.760928 29.5391
      vertex 7.68048 0.756154 29.5429
    endloop
  endfacet
  facet normal -0.17308 -0.532217 0.828727
    outer loop
      vertex 7.64724 0.760928 29.5391
      vertex 7.56223 3.7007 31.4093
      vertex 7.35302 0.711175 29.4457
    endloop
  endfacet
  facet normal 0.712291 -0.553563 0.431519
    outer loop
      vertex 8.62733 1.06308 28.8666
      vertex 9.95047 2.47984 28.5
      vertex 9.96262 2.51847 28.5295
    endloop
  endfacet
  facet normal 0.712376 -0.553735 0.431159
    outer loop
      vertex 9.95047 2.47984 28.5
      vertex 8.62733 1.06308 28.8666
      vertex 8.98779 1.24136 28.5
    endloop
  endfacet
  facet normal 0.712413 -0.553788 0.431029
    outer loop
      vertex 8.62733 1.06308 28.8666
      vertex 9.96262 2.51847 28.5295
      vertex 8.62143 1.06016 28.8726
    endloop
  endfacet
  facet normal -0.78192 -0.380063 -0.494118
    outer loop
      vertex 6.55053 3.58282 26.5
      vertex 7.17716 0.727791 27.7044
      vertex 6.92311 0.811157 28.0423
    endloop
  endfacet
  facet normal -0.781531 -0.380195 -0.494633
    outer loop
      vertex 7.17716 0.727791 27.7044
      vertex 6.55053 3.58282 26.5
      vertex 7.19772 0.721045 27.6771
    endloop
  endfacet
  facet normal -0.991085 -0.133228 0
    outer loop
      vertex 6.55053 3.58282 26.5
      vertex 6.89416 1.02655 28.5
      vertex 6.55053 3.58282 30.5
    endloop
  endfacet
  facet normal -0.991086 -0.133223 7.10759e-06
    outer loop
      vertex 6.89416 1.02655 28.5
      vertex 6.55053 3.58282 26.5
      vertex 6.92311 0.811157 28.0423
    endloop
  endfacet
  facet normal -0.991086 -0.133223 -7.10759e-06
    outer loop
      vertex 6.55053 3.58282 30.5
      vertex 6.89416 1.02655 28.5
      vertex 6.92311 0.811157 28.9577
    endloop
  endfacet
  facet normal 0.712377 -0.553746 -0.431143
    outer loop
      vertex 8.62143 1.06016 28.1274
      vertex 9.63966 2.66875 27.7438
      vertex 9.93548 2.48896 28.4635
    endloop
  endfacet
  facet normal 0.712372 -0.553745 -0.431152
    outer loop
      vertex 9.63966 2.66875 27.7438
      vertex 8.62143 1.06016 28.1274
      vertex 8.34326 0.922574 27.8445
    endloop
  endfacet
  facet normal 0.618873 0.636671 0.460051
    outer loop
      vertex 9.21885 4.46863 29.5
      vertex 7.56223 4.6993 31.4093
      vertex 9.41689 4.09743 29.7473
    endloop
  endfacet
  facet normal 0.618917 0.636593 0.460099
    outer loop
      vertex 7.56223 4.6993 31.4093
      vertex 9.21885 4.46863 29.5
      vertex 9.28756 4.46384 29.4142
    endloop
  endfacet
  facet normal 0.533161 -0.437511 0.724102
    outer loop
      vertex 7.56223 3.7007 31.4093
      vertex 9.21885 2.55951 29.5
      vertex 9.41689 3.21014 29.7473
    endloop
  endfacet
  facet normal 0.533126 -0.437557 0.7241
    outer loop
      vertex 9.21885 2.55951 29.5
      vertex 7.56223 3.7007 31.4093
      vertex 8.34326 0.922574 29.1555
    endloop
  endfacet
  facet normal 0.533114 -0.437564 0.724104
    outer loop
      vertex 8.34326 0.922574 29.1555
      vertex 7.56223 3.7007 31.4093
      vertex 7.68048 0.756154 29.5429
    endloop
  endfacet
  facet normal 0.533116 -0.437553 0.724109
    outer loop
      vertex 9.42728 2.38269 29.2397
      vertex 9.21885 2.55951 29.5
      vertex 8.34326 0.922574 29.1555
    endloop
  endfacet
  facet normal -0.78192 -0.380063 0.494118
    outer loop
      vertex 7.17716 0.727791 29.2956
      vertex 6.55053 3.58282 30.5
      vertex 6.92311 0.811157 28.9577
    endloop
  endfacet
  facet normal -0.781531 -0.380195 0.494633
    outer loop
      vertex 6.55053 3.58282 30.5
      vertex 7.17716 0.727791 29.2956
      vertex 7.19772 0.721045 29.3229
    endloop
  endfacet
  facet normal -0.781824 -0.3801 0.494242
    outer loop
      vertex 7.27038 0.6972 29.4195
      vertex 6.55053 3.58282 30.5
      vertex 7.19772 0.721045 29.3229
    endloop
  endfacet
  facet normal -0.781854 -0.380092 0.494201
    outer loop
      vertex 6.55053 3.58282 30.5
      vertex 7.27038 0.6972 29.4195
      vertex 6.97527 3.89141 31.4093
    endloop
  endfacet
  facet normal 0.55066 -0.400068 0.732611
    outer loop
      vertex 7.925 4.2 31.4093
      vertex 9.51109 3.55517 29.865
      vertex 9.55329 3.70976 29.9177
    endloop
  endfacet
  facet normal 0.550653 -0.400081 0.73261
    outer loop
      vertex 9.51109 3.55517 29.865
      vertex 7.925 4.2 31.4093
      vertex 7.56223 3.7007 31.4093
    endloop
  endfacet
  facet normal 0.533122 -0.43756 -0.724101
    outer loop
      vertex 7.56223 3.7007 25.5907
      vertex 9.63966 2.66875 27.7438
      vertex 8.34326 0.922574 27.8445
    endloop
  endfacet
  facet normal 0.533114 -0.437564 -0.724104
    outer loop
      vertex 7.56223 3.7007 25.5907
      vertex 8.34326 0.922574 27.8445
      vertex 7.68048 0.756154 27.4571
    endloop
  endfacet
  facet normal 0.533159 -0.437502 -0.724109
    outer loop
      vertex 9.63966 2.66875 27.7438
      vertex 7.56223 3.7007 25.5907
      vertex 9.44995 3.20139 27.2823
    endloop
  endfacet
  facet normal 0.712449 -0.553792 -0.430964
    outer loop
      vertex 8.98779 1.24136 28.5
      vertex 9.93548 2.48896 28.4635
      vertex 9.95047 2.47984 28.5
    endloop
  endfacet
  facet normal 0.712374 -0.553741 -0.431155
    outer loop
      vertex 8.62733 1.06308 28.1334
      vertex 9.93548 2.48896 28.4635
      vertex 8.98779 1.24136 28.5
    endloop
  endfacet
  facet normal 0.712408 -0.553804 -0.431017
    outer loop
      vertex 9.93548 2.48896 28.4635
      vertex 8.62733 1.06308 28.1334
      vertex 8.62143 1.06016 28.1274
    endloop
  endfacet
  facet normal 0.618859 0.636694 0.460037
    outer loop
      vertex 9.28756 4.46384 29.4142
      vertex 7.72447 5.19861 30.5
      vertex 7.56223 4.6993 31.4093
    endloop
  endfacet
  facet normal 0.618843 0.636758 0.459971
    outer loop
      vertex 9.85706 4.42418 28.7029
      vertex 7.72447 5.19861 30.5
      vertex 9.28756 4.46384 29.4142
    endloop
  endfacet
  facet normal 0.61869 0.636839 0.460064
    outer loop
      vertex 9.98352 4.38982 28.5804
      vertex 9.85706 4.42418 28.7029
      vertex 9.98812 4.37726 28.5916
    endloop
  endfacet
  facet normal 0.619334 0.635448 0.461119
    outer loop
      vertex 9.85706 4.42418 28.7029
      vertex 9.98352 4.38982 28.5804
      vertex 7.72447 5.19861 30.5
    endloop
  endfacet
  facet normal 0.337069 0.94148 -2.06805e-06
    outer loop
      vertex 9.88196 4.42618 28.3333
      vertex 7.72447 5.19861 30.5
      vertex 9.98352 4.38982 28.5804
    endloop
  endfacet
  facet normal 0.337071 0.941479 0
    outer loop
      vertex 7.72447 5.19861 30.5
      vertex 9.88196 4.42618 28.3333
      vertex 7.72447 5.19861 26.5
    endloop
  endfacet
  facet normal -1 0 0
    outer loop
      vertex 6.55053 3.58282 26.5
      vertex 6.55053 4.81717 30.5
      vertex 6.55053 4.81717 26.5
    endloop
  endfacet
  facet normal -1 -0 0
    outer loop
      vertex 6.55053 4.81717 30.5
      vertex 6.55053 3.58282 26.5
      vertex 6.55053 3.58282 30.5
    endloop
  endfacet
  facet normal -0.17274 -0.532267 0.828766
    outer loop
      vertex 7.56223 3.7007 31.4093
      vertex 7.27038 0.6972 29.4195
      vertex 7.35302 0.711175 29.4457
    endloop
  endfacet
  facet normal -0.172929 -0.532236 0.828746
    outer loop
      vertex 7.27038 0.6972 29.4195
      vertex 7.56223 3.7007 31.4093
      vertex 6.97527 3.89141 31.4093
    endloop
  endfacet
  facet normal -0.279974 0.861693 -0.423202
    outer loop
      vertex 6.97527 4.50859 25.5907
      vertex 6.55053 4.81717 26.5
      vertex 7.56223 4.6993 25.5907
    endloop
  endfacet
  facet normal -0.17274 -0.532267 -0.828766
    outer loop
      vertex 7.27038 0.6972 27.5805
      vertex 7.56223 3.7007 25.5907
      vertex 7.35302 0.711175 27.5543
    endloop
  endfacet
  facet normal -0.172929 -0.532236 -0.828746
    outer loop
      vertex 7.56223 3.7007 25.5907
      vertex 7.27038 0.6972 27.5805
      vertex 6.97527 3.89141 25.5907
    endloop
  endfacet
  facet normal -0.171232 -0.532353 -0.829024
    outer loop
      vertex 7.64724 0.760928 27.4609
      vertex 7.56223 3.7007 25.5907
      vertex 7.68048 0.756154 27.4571
    endloop
  endfacet
  facet normal -0.17308 -0.532217 -0.828727
    outer loop
      vertex 7.56223 3.7007 25.5907
      vertex 7.64724 0.760928 27.4609
      vertex 7.35302 0.711175 27.5543
    endloop
  endfacet
  facet normal -0.90603 0 0.423213
    outer loop
      vertex 6.55053 4.81717 30.5
      vertex 6.97527 3.89141 31.4093
      vertex 6.97527 4.50859 31.4093
    endloop
  endfacet
  facet normal -0.90603 0 0.423213
    outer loop
      vertex 6.97527 3.89141 31.4093
      vertex 6.55053 4.81717 30.5
      vertex 6.55053 3.58282 30.5
    endloop
  endfacet
  facet normal 0 0 1
    outer loop
      vertex 7.56223 4.6993 31.4093
      vertex 7.56223 3.7007 31.4093
      vertex 7.925 4.2 31.4093
    endloop
  endfacet
  facet normal -0 0 1
    outer loop
      vertex 6.97527 4.50859 31.4093
      vertex 7.56223 3.7007 31.4093
      vertex 7.56223 4.6993 31.4093
    endloop
  endfacet
  facet normal 0 0 1
    outer loop
      vertex 7.56223 3.7007 31.4093
      vertex 6.97527 4.50859 31.4093
      vertex 6.97527 3.89141 31.4093
    endloop
  endfacet
  facet normal 0.550607 -0.400226 0.732565
    outer loop
      vertex 9.51109 3.55517 29.865
      vertex 7.56223 3.7007 31.4093
      vertex 9.41689 3.21014 29.7473
    endloop
  endfacet
  facet normal 0.618916 0.636548 -0.460163
    outer loop
      vertex 9.83484 4.38915 28.2187
      vertex 7.72447 5.19861 26.5
      vertex 9.88196 4.42618 28.3333
    endloop
  endfacet
  facet normal 0.618866 0.636689 -0.460035
    outer loop
      vertex 7.72447 5.19861 26.5
      vertex 9.83484 4.38915 28.2187
      vertex 7.56223 4.6993 25.5907
    endloop
  endfacet
  facet normal -0.279982 0.861687 -0.42321
    outer loop
      vertex 7.56223 4.6993 25.5907
      vertex 6.55053 4.81717 26.5
      vertex 7.72447 5.19861 26.5
    endloop
  endfacet
  facet normal 0 0 -1
    outer loop
      vertex 7.56223 3.7007 25.5907
      vertex 7.56223 4.6993 25.5907
      vertex 7.925 4.2 25.5907
    endloop
  endfacet
  facet normal 0 0 -1
    outer loop
      vertex 6.97527 3.89141 25.5907
      vertex 7.56223 4.6993 25.5907
      vertex 7.56223 3.7007 25.5907
    endloop
  endfacet
  facet normal 0 0 -1
    outer loop
      vertex 7.56223 4.6993 25.5907
      vertex 6.97527 3.89141 25.5907
      vertex 6.97527 4.50859 25.5907
    endloop
  endfacet
  facet normal -0.279982 0.861687 0.42321
    outer loop
      vertex 7.72447 5.19861 30.5
      vertex 6.55053 4.81717 30.5
      vertex 7.56223 4.6993 31.4093
    endloop
  endfacet
  facet normal -0.279974 0.861693 0.423202
    outer loop
      vertex 7.56223 4.6993 31.4093
      vertex 6.55053 4.81717 30.5
      vertex 6.97527 4.50859 31.4093
    endloop
  endfacet
  facet normal 0.55061 -0.400203 -0.732575
    outer loop
      vertex 9.44995 3.20139 27.2823
      vertex 7.56223 3.7007 25.5907
      vertex 9.33065 3.56865 26.992
    endloop
  endfacet
  facet normal 0.665894 0.483778 -0.56793
    outer loop
      vertex 9.25571 3.79936 26.8097
      vertex 7.56223 4.6993 25.5907
      vertex 9.33065 3.91022 26.992
    endloop
  endfacet
  facet normal 0.665892 0.483809 -0.567905
    outer loop
      vertex 7.56223 4.6993 25.5907
      vertex 9.25571 3.79936 26.8097
      vertex 7.925 4.2 25.5907
    endloop
  endfacet
  facet normal 0.550665 -0.400031 -0.732628
    outer loop
      vertex 7.56223 3.7007 25.5907
      vertex 9.25571 3.79936 26.8097
      vertex 9.33065 3.56865 26.992
    endloop
  endfacet
  facet normal 0.550654 -0.400082 -0.732608
    outer loop
      vertex 9.25571 3.79936 26.8097
      vertex 7.56223 3.7007 25.5907
      vertex 7.925 4.2 25.5907
    endloop
  endfacet
  facet normal 0.665877 0.483918 -0.56783
    outer loop
      vertex 9.33065 3.91022 26.992
      vertex 7.56223 4.6993 25.5907
      vertex 9.44995 4.0867 27.2823
    endloop
  endfacet
  facet normal 0.618853 0.636712 -0.460021
    outer loop
      vertex 9.44995 4.0867 27.2823
      vertex 7.56223 4.6993 25.5907
      vertex 9.83484 4.38915 28.2187
    endloop
  endfacet
  facet normal -0.781854 -0.380092 -0.494201
    outer loop
      vertex 7.27038 0.6972 27.5805
      vertex 6.55053 3.58282 26.5
      vertex 6.97527 3.89141 25.5907
    endloop
  endfacet
  facet normal -0.781824 -0.3801 -0.494242
    outer loop
      vertex 6.55053 3.58282 26.5
      vertex 7.27038 0.6972 27.5805
      vertex 7.19772 0.721045 27.6771
    endloop
  endfacet
  facet normal -0.90603 0 -0.423213
    outer loop
      vertex 6.97527 3.89141 25.5907
      vertex 6.55053 4.81717 26.5
      vertex 6.97527 4.50859 25.5907
    endloop
  endfacet
  facet normal -0.90603 -0 -0.423213
    outer loop
      vertex 6.55053 4.81717 26.5
      vertex 6.97527 3.89141 25.5907
      vertex 6.55053 3.58282 26.5
    endloop
  endfacet
  facet normal 0.665892 0.483809 0.567905
    outer loop
      vertex 7.925 4.2 31.4093
      vertex 9.51109 3.82971 29.865
      vertex 7.56223 4.6993 31.4093
    endloop
  endfacet
  facet normal 0.665899 0.483786 0.567917
    outer loop
      vertex 9.51109 3.82971 29.865
      vertex 7.925 4.2 31.4093
      vertex 9.55329 3.70976 29.9177
    endloop
  endfacet
  facet normal 0.665878 0.483931 0.567818
    outer loop
      vertex 9.41689 4.09743 29.7473
      vertex 7.56223 4.6993 31.4093
      vertex 9.51109 3.82971 29.865
    endloop
  endfacet
  facet normal -0.280072 0.861623 0.42328
    outer loop
      vertex 7.35302 0.711175 29.4457
      vertex 7.61631 0.665739 29.7124
      vertex 7.64724 0.760928 29.5391
    endloop
  endfacet
  facet normal -0.279982 0.86169 0.423203
    outer loop
      vertex 7.61631 0.665739 29.7124
      vertex 7.35302 0.711175 29.4457
      vertex 6.83369 0.411449 29.7124
    endloop
  endfacet
  facet normal -0.279916 0.861663 0.423301
    outer loop
      vertex 7.27038 0.6972 29.4195
      vertex 6.83369 0.411449 29.7124
      vertex 7.35302 0.711175 29.4457
    endloop
  endfacet
  facet normal -0.279945 0.861671 0.423265
    outer loop
      vertex 7.19772 0.721045 29.3229
      vertex 6.83369 0.411449 29.7124
      vertex 7.27038 0.6972 29.4195
    endloop
  endfacet
  facet normal -0.279645 0.861642 0.423522
    outer loop
      vertex 6.83369 0.411449 29.7124
      vertex 7.19772 0.721045 29.3229
      vertex 7.17716 0.727791 29.2956
    endloop
  endfacet
  facet normal 0.0717895 -0.0524409 -0.99604
    outer loop
      vertex 9.50663 -0.592928 27.4202
      vertex 8.1 0 27.2876
      vertex 9.50241 -0.403071 27.4099
    endloop
  endfacet
  facet normal 0.071881 -0.0522249 -0.996045
    outer loop
      vertex 8.1 0 27.2876
      vertex 9.50663 -0.592928 27.4202
      vertex 7.61631 -0.665739 27.2876
    endloop
  endfacet
  facet normal -0.279982 -0.86169 0.423203
    outer loop
      vertex 7.35302 -0.711175 29.4457
      vertex 7.61631 -0.665739 29.7124
      vertex 6.83369 -0.411449 29.7124
    endloop
  endfacet
  facet normal -0.280072 -0.861623 0.42328
    outer loop
      vertex 7.61631 -0.665739 29.7124
      vertex 7.35302 -0.711175 29.4457
      vertex 7.64724 -0.760928 29.5391
    endloop
  endfacet
  facet normal -0.279916 -0.861663 0.423301
    outer loop
      vertex 6.83369 -0.411449 29.7124
      vertex 7.27038 -0.6972 29.4195
      vertex 7.35302 -0.711175 29.4457
    endloop
  endfacet
  facet normal -0.279945 -0.861671 0.423265
    outer loop
      vertex 6.83369 -0.411449 29.7124
      vertex 7.19772 -0.721045 29.3229
      vertex 7.27038 -0.6972 29.4195
    endloop
  endfacet
  facet normal -0.279645 -0.861642 0.423522
    outer loop
      vertex 7.19772 -0.721045 29.3229
      vertex 6.83369 -0.411449 29.7124
      vertex 7.17716 -0.727791 29.2956
    endloop
  endfacet
  facet normal 0.0718506 0.0523262 0.996042
    outer loop
      vertex 9.30479 0.346273 29.6073
      vertex 8.1 0 29.7124
      vertex 9.31853 0 29.6245
    endloop
  endfacet
  facet normal 0.0678312 -0.869374 0.489477
    outer loop
      vertex 8.98779 -1.24136 28.5
      vertex 9.42966 -0.792105 29.2367
      vertex 8.62733 -1.06308 28.8666
    endloop
  endfacet
  facet normal 0.0678209 -0.869372 0.489482
    outer loop
      vertex 9.95047 -1.16626 28.5
      vertex 9.42966 -0.792105 29.2367
      vertex 8.98779 -1.24136 28.5
    endloop
  endfacet
  facet normal 0.0679364 -0.869329 0.489542
    outer loop
      vertex 9.42966 -0.792105 29.2367
      vertex 9.95047 -1.16626 28.5
      vertex 9.97391 -1.13233 28.557
    endloop
  endfacet
  facet normal 0.0678112 0.869382 0.489465
    outer loop
      vertex 8.34326 0.922574 29.1555
      vertex 7.61631 0.665739 29.7124
      vertex 9.21885 0.660324 29.5
    endloop
  endfacet
  facet normal 0.0678489 0.869388 0.48945
    outer loop
      vertex 8.62733 1.06308 28.8666
      vertex 9.21885 0.660324 29.5
      vertex 9.42966 0.792105 29.2367
    endloop
  endfacet
  facet normal 0.0677645 0.869412 0.489418
    outer loop
      vertex 7.61631 0.665739 29.7124
      vertex 8.34326 0.922574 29.1555
      vertex 7.68048 0.756154 29.5429
    endloop
  endfacet
  facet normal 0.0678023 0.869374 0.489481
    outer loop
      vertex 9.21885 0.660324 29.5
      vertex 8.62143 1.06016 28.8726
      vertex 8.34326 0.922574 29.1555
    endloop
  endfacet
  facet normal 0.0676504 0.869323 0.489593
    outer loop
      vertex 9.21885 0.660324 29.5
      vertex 8.62733 1.06308 28.8666
      vertex 8.62143 1.06016 28.8726
    endloop
  endfacet
  facet normal 0.0678125 0.869376 0.489476
    outer loop
      vertex 9.21885 0.660324 29.5
      vertex 7.61631 0.665739 29.7124
      vertex 9.29467 0.601092 29.5947
    endloop
  endfacet
  facet normal 0.0688495 0.869169 0.489699
    outer loop
      vertex 7.61631 0.665739 29.7124
      vertex 7.68048 0.756154 29.5429
      vertex 7.64724 0.760928 29.5391
    endloop
  endfacet
  facet normal 0.0677645 -0.869412 0.489418
    outer loop
      vertex 8.34326 -0.922574 29.1555
      vertex 7.61631 -0.665739 29.7124
      vertex 7.68048 -0.756154 29.5429
    endloop
  endfacet
  facet normal 0.0688495 -0.869169 0.489699
    outer loop
      vertex 7.68048 -0.756154 29.5429
      vertex 7.61631 -0.665739 29.7124
      vertex 7.64724 -0.760928 29.5391
    endloop
  endfacet
  facet normal 0.0678125 -0.869376 0.489476
    outer loop
      vertex 7.61631 -0.665739 29.7124
      vertex 9.21885 -0.660324 29.5
      vertex 9.29467 -0.601092 29.5947
    endloop
  endfacet
  facet normal 0.0678112 -0.869382 0.489465
    outer loop
      vertex 7.61631 -0.665739 29.7124
      vertex 8.34326 -0.922574 29.1555
      vertex 9.21885 -0.660324 29.5
    endloop
  endfacet
  facet normal 0.0678023 -0.869374 0.489481
    outer loop
      vertex 8.62143 -1.06016 28.8726
      vertex 9.21885 -0.660324 29.5
      vertex 8.34326 -0.922574 29.1555
    endloop
  endfacet
  facet normal 0.0676504 -0.869323 0.489593
    outer loop
      vertex 8.62733 -1.06308 28.8666
      vertex 9.21885 -0.660324 29.5
      vertex 8.62143 -1.06016 28.8726
    endloop
  endfacet
  facet normal 0.0678489 -0.869388 0.48945
    outer loop
      vertex 9.21885 -0.660324 29.5
      vertex 8.62733 -1.06308 28.8666
      vertex 9.42966 -0.792105 29.2367
    endloop
  endfacet
  facet normal 0.0718379 0.052274 -0.996046
    outer loop
      vertex 9.49345 0 27.3881
      vertex 8.1 0 27.2876
      vertex 9.50241 0.403071 27.4099
    endloop
  endfacet
  facet normal 0.0678081 -0.869385 -0.48946
    outer loop
      vertex 9.61291 -0.730215 27.6787
      vertex 8.98779 -1.24136 28.5
      vertex 8.62733 -1.06308 28.1334
    endloop
  endfacet
  facet normal 0.0678222 -0.869389 -0.489452
    outer loop
      vertex 8.98779 -1.24136 28.5
      vertex 9.61291 -0.730215 27.6787
      vertex 9.95047 -1.16626 28.5
    endloop
  endfacet
  facet normal 0.071914 -0.0521075 0.996049
    outer loop
      vertex 8.1 0 29.7124
      vertex 9.29467 -0.601092 29.5947
      vertex 9.30479 -0.346273 29.6073
    endloop
  endfacet
  facet normal 0.0718618 -0.0522109 0.996047
    outer loop
      vertex 9.29467 -0.601092 29.5947
      vertex 8.1 0 29.7124
      vertex 7.61631 -0.665739 29.7124
    endloop
  endfacet
  facet normal -0.28009 -0.861668 0.423175
    outer loop
      vertex 6.83369 -0.411449 29.7124
      vertex 6.92311 -0.811157 28.9577
      vertex 7.17716 -0.727791 29.2956
    endloop
  endfacet
  facet normal -0.279966 -0.861695 0.423204
    outer loop
      vertex 6.26738 -0.822899 28.5
      vertex 6.92311 -0.811157 28.9577
      vertex 6.83369 -0.411449 29.7124
    endloop
  endfacet
  facet normal -0.279976 -0.861685 0.423217
    outer loop
      vertex 6.92311 -0.811157 28.9577
      vertex 6.26738 -0.822899 28.5
      vertex 6.89416 -1.02655 28.5
    endloop
  endfacet
  facet normal 0.0718379 -0.052274 -0.996046
    outer loop
      vertex 9.50241 -0.403071 27.4099
      vertex 8.1 0 27.2876
      vertex 9.49345 0 27.3881
    endloop
  endfacet
  facet normal 0 0 1
    outer loop
      vertex 7.61631 0.665739 29.7124
      vertex 7.61631 -0.665739 29.7124
      vertex 8.1 0 29.7124
    endloop
  endfacet
  facet normal -0 0 1
    outer loop
      vertex 6.83369 0.411449 29.7124
      vertex 7.61631 -0.665739 29.7124
      vertex 7.61631 0.665739 29.7124
    endloop
  endfacet
  facet normal 0 0 1
    outer loop
      vertex 7.61631 -0.665739 29.7124
      vertex 6.83369 0.411449 29.7124
      vertex 6.83369 -0.411449 29.7124
    endloop
  endfacet
  facet normal -0.906033 0 -0.423207
    outer loop
      vertex 6.83369 -0.411449 27.2876
      vertex 6.26738 0.822899 28.5
      vertex 6.83369 0.411449 27.2876
    endloop
  endfacet
  facet normal -0.906033 -0 -0.423207
    outer loop
      vertex 6.26738 0.822899 28.5
      vertex 6.83369 -0.411449 27.2876
      vertex 6.26738 -0.822899 28.5
    endloop
  endfacet
  facet normal 0.0677498 0.869338 -0.489552
    outer loop
      vertex 9.50663 0.592928 27.4202
      vertex 8.62733 1.06308 28.1334
      vertex 9.61291 0.730215 27.6787
    endloop
  endfacet
  facet normal 0.0676814 0.869307 -0.489616
    outer loop
      vertex 8.62733 1.06308 28.1334
      vertex 9.50663 0.592928 27.4202
      vertex 8.62143 1.06016 28.1274
    endloop
  endfacet
  facet normal 0.0678142 0.869368 -0.48949
    outer loop
      vertex 8.62143 1.06016 28.1274
      vertex 9.50663 0.592928 27.4202
      vertex 8.34326 0.922574 27.8445
    endloop
  endfacet
  facet normal 0.0678216 0.869376 -0.489476
    outer loop
      vertex 7.61631 0.665739 27.2876
      vertex 8.34326 0.922574 27.8445
      vertex 9.50663 0.592928 27.4202
    endloop
  endfacet
  facet normal 0.0688495 0.869169 -0.489699
    outer loop
      vertex 7.68048 0.756154 27.4571
      vertex 7.61631 0.665739 27.2876
      vertex 7.64724 0.760928 27.4609
    endloop
  endfacet
  facet normal 0.0677645 0.869412 -0.489418
    outer loop
      vertex 8.34326 0.922574 27.8445
      vertex 7.61631 0.665739 27.2876
      vertex 7.68048 0.756154 27.4571
    endloop
  endfacet
  facet normal -0.280072 0.861623 -0.42328
    outer loop
      vertex 7.61631 0.665739 27.2876
      vertex 7.35302 0.711175 27.5543
      vertex 7.64724 0.760928 27.4609
    endloop
  endfacet
  facet normal -0.279982 0.86169 -0.423203
    outer loop
      vertex 6.83369 0.411449 27.2876
      vertex 7.35302 0.711175 27.5543
      vertex 7.61631 0.665739 27.2876
    endloop
  endfacet
  facet normal -0.279645 0.861642 -0.423522
    outer loop
      vertex 7.19772 0.721045 27.6771
      vertex 6.83369 0.411449 27.2876
      vertex 7.17716 0.727791 27.7044
    endloop
  endfacet
  facet normal -0.279945 0.861671 -0.423265
    outer loop
      vertex 7.27038 0.6972 27.5805
      vertex 6.83369 0.411449 27.2876
      vertex 7.19772 0.721045 27.6771
    endloop
  endfacet
  facet normal -0.279916 0.861663 -0.423301
    outer loop
      vertex 7.35302 0.711175 27.5543
      vertex 6.83369 0.411449 27.2876
      vertex 7.27038 0.6972 27.5805
    endloop
  endfacet
  facet normal -0.279976 0.861685 -0.423217
    outer loop
      vertex 6.92311 0.811157 28.0423
      vertex 6.26738 0.822899 28.5
      vertex 6.89416 1.02655 28.5
    endloop
  endfacet
  facet normal -0.28009 0.861668 -0.423175
    outer loop
      vertex 6.83369 0.411449 27.2876
      vertex 6.92311 0.811157 28.0423
      vertex 7.17716 0.727791 27.7044
    endloop
  endfacet
  facet normal -0.279966 0.861695 -0.423204
    outer loop
      vertex 6.92311 0.811157 28.0423
      vertex 6.83369 0.411449 27.2876
      vertex 6.26738 0.822899 28.5
    endloop
  endfacet
  facet normal 0.0679364 0.869329 0.489542
    outer loop
      vertex 9.95047 1.16626 28.5
      vertex 9.42966 0.792105 29.2367
      vertex 9.97391 1.13233 28.557
    endloop
  endfacet
  facet normal 0.0678209 0.869372 0.489482
    outer loop
      vertex 9.42966 0.792105 29.2367
      vertex 9.95047 1.16626 28.5
      vertex 8.98779 1.24136 28.5
    endloop
  endfacet
  facet normal 0.0678312 0.869374 0.489477
    outer loop
      vertex 9.42966 0.792105 29.2367
      vertex 8.98779 1.24136 28.5
      vertex 8.62733 1.06308 28.8666
    endloop
  endfacet
  facet normal 0.0718506 -0.0523262 0.996042
    outer loop
      vertex 9.31853 0 29.6245
      vertex 8.1 0 29.7124
      vertex 9.30479 -0.346273 29.6073
    endloop
  endfacet
  facet normal 0.071914 0.0521075 0.996049
    outer loop
      vertex 9.29467 0.601092 29.5947
      vertex 8.1 0 29.7124
      vertex 9.30479 0.346273 29.6073
    endloop
  endfacet
  facet normal 0.0718618 0.0522109 0.996047
    outer loop
      vertex 8.1 0 29.7124
      vertex 9.29467 0.601092 29.5947
      vertex 7.61631 0.665739 29.7124
    endloop
  endfacet
  facet normal -0.28009 0.861668 0.423175
    outer loop
      vertex 6.92311 0.811157 28.9577
      vertex 6.83369 0.411449 29.7124
      vertex 7.17716 0.727791 29.2956
    endloop
  endfacet
  facet normal -0.279976 0.861685 0.423217
    outer loop
      vertex 6.26738 0.822899 28.5
      vertex 6.92311 0.811157 28.9577
      vertex 6.89416 1.02655 28.5
    endloop
  endfacet
  facet normal -0.279966 0.861695 0.423204
    outer loop
      vertex 6.92311 0.811157 28.9577
      vertex 6.26738 0.822899 28.5
      vertex 6.83369 0.411449 29.7124
    endloop
  endfacet
  facet normal -0.906033 0 0.423207
    outer loop
      vertex 6.26738 0.822899 28.5
      vertex 6.83369 -0.411449 29.7124
      vertex 6.83369 0.411449 29.7124
    endloop
  endfacet
  facet normal -0.906033 0 0.423207
    outer loop
      vertex 6.83369 -0.411449 29.7124
      vertex 6.26738 0.822899 28.5
      vertex 6.26738 -0.822899 28.5
    endloop
  endfacet
  facet normal 0.0678216 -0.869376 -0.489476
    outer loop
      vertex 8.34326 -0.922574 27.8445
      vertex 7.61631 -0.665739 27.2876
      vertex 9.50663 -0.592928 27.4202
    endloop
  endfacet
  facet normal 0.0688495 -0.869169 -0.489699
    outer loop
      vertex 7.61631 -0.665739 27.2876
      vertex 7.68048 -0.756154 27.4571
      vertex 7.64724 -0.760928 27.4609
    endloop
  endfacet
  facet normal 0.0676814 -0.869307 -0.489616
    outer loop
      vertex 9.50663 -0.592928 27.4202
      vertex 8.62733 -1.06308 28.1334
      vertex 8.62143 -1.06016 28.1274
    endloop
  endfacet
  facet normal 0.0678142 -0.869368 -0.48949
    outer loop
      vertex 9.50663 -0.592928 27.4202
      vertex 8.62143 -1.06016 28.1274
      vertex 8.34326 -0.922574 27.8445
    endloop
  endfacet
  facet normal 0.0677645 -0.869412 -0.489418
    outer loop
      vertex 7.61631 -0.665739 27.2876
      vertex 8.34326 -0.922574 27.8445
      vertex 7.68048 -0.756154 27.4571
    endloop
  endfacet
  facet normal 0.0677498 -0.869338 -0.489552
    outer loop
      vertex 8.62733 -1.06308 28.1334
      vertex 9.50663 -0.592928 27.4202
      vertex 9.61291 -0.730215 27.6787
    endloop
  endfacet
  facet normal 0 0 -1
    outer loop
      vertex 7.61631 -0.665739 27.2876
      vertex 7.61631 0.665739 27.2876
      vertex 8.1 0 27.2876
    endloop
  endfacet
  facet normal 0 0 -1
    outer loop
      vertex 6.83369 -0.411449 27.2876
      vertex 7.61631 0.665739 27.2876
      vertex 7.61631 -0.665739 27.2876
    endloop
  endfacet
  facet normal 0 0 -1
    outer loop
      vertex 7.61631 0.665739 27.2876
      vertex 6.83369 -0.411449 27.2876
      vertex 6.83369 0.411449 27.2876
    endloop
  endfacet
  facet normal 0.0678222 0.869389 -0.489452
    outer loop
      vertex 9.61291 0.730215 27.6787
      vertex 8.98779 1.24136 28.5
      vertex 9.95047 1.16626 28.5
    endloop
  endfacet
  facet normal 0.0678081 0.869385 -0.48946
    outer loop
      vertex 8.98779 1.24136 28.5
      vertex 9.61291 0.730215 27.6787
      vertex 8.62733 1.06308 28.1334
    endloop
  endfacet
  facet normal 0.0717895 0.0524409 -0.99604
    outer loop
      vertex 8.1 0 27.2876
      vertex 9.50663 0.592928 27.4202
      vertex 9.50241 0.403071 27.4099
    endloop
  endfacet
  facet normal 0.071881 0.0522249 -0.996045
    outer loop
      vertex 9.50663 0.592928 27.4202
      vertex 8.1 0 27.2876
      vertex 7.61631 0.665739 27.2876
    endloop
  endfacet
  facet normal -0.279916 -0.861663 -0.423301
    outer loop
      vertex 6.83369 -0.411449 27.2876
      vertex 7.35302 -0.711175 27.5543
      vertex 7.27038 -0.6972 27.5805
    endloop
  endfacet
  facet normal -0.279645 -0.861642 -0.423522
    outer loop
      vertex 6.83369 -0.411449 27.2876
      vertex 7.19772 -0.721045 27.6771
      vertex 7.17716 -0.727791 27.7044
    endloop
  endfacet
  facet normal -0.279945 -0.861671 -0.423265
    outer loop
      vertex 6.83369 -0.411449 27.2876
      vertex 7.27038 -0.6972 27.5805
      vertex 7.19772 -0.721045 27.6771
    endloop
  endfacet
  facet normal -0.279982 -0.86169 -0.423203
    outer loop
      vertex 7.35302 -0.711175 27.5543
      vertex 6.83369 -0.411449 27.2876
      vertex 7.61631 -0.665739 27.2876
    endloop
  endfacet
  facet normal -0.280072 -0.861623 -0.42328
    outer loop
      vertex 7.35302 -0.711175 27.5543
      vertex 7.61631 -0.665739 27.2876
      vertex 7.64724 -0.760928 27.4609
    endloop
  endfacet
  facet normal -0.279976 -0.861685 -0.423217
    outer loop
      vertex 6.26738 -0.822899 28.5
      vertex 6.92311 -0.811157 28.0423
      vertex 6.89416 -1.02655 28.5
    endloop
  endfacet
  facet normal -0.279966 -0.861695 -0.423204
    outer loop
      vertex 6.83369 -0.411449 27.2876
      vertex 6.92311 -0.811157 28.0423
      vertex 6.26738 -0.822899 28.5
    endloop
  endfacet
  facet normal -0.28009 -0.861668 -0.423175
    outer loop
      vertex 6.92311 -0.811157 28.0423
      vertex 6.83369 -0.411449 27.2876
      vertex 7.17716 -0.727791 27.7044
    endloop
  endfacet
  facet normal -0.912731 -7.79743e-06 -0.408561
    outer loop
      vertex 2.32589 1.07879 16.2474
      vertex 2.07852 2.58626 16.8
      vertex 3.93926 1.29313 12.6431
    endloop
  endfacet
  facet normal -0.912723 -0 -0.408578
    outer loop
      vertex 2.07852 2.58626 16.8
      vertex 2.32589 1.07879 16.2474
      vertex 2.07852 1.26983 16.8
    endloop
  endfacet
  facet normal -0.912731 0 -0.40856
    outer loop
      vertex 3.93926 1.29313 12.6431
      vertex 2.32589 0.321205 16.2474
      vertex 2.32589 1.07879 16.2474
    endloop
  endfacet
  facet normal -0.912731 0 -0.40856
    outer loop
      vertex 3.93926 -1.29313 12.6431
      vertex 2.32589 0.321205 16.2474
      vertex 3.93926 1.29313 12.6431
    endloop
  endfacet
  facet normal -0.912731 3.80689e-06 -0.408562
    outer loop
      vertex 2.07852 -2.58626 16.8
      vertex 2.32589 0.321205 16.2474
      vertex 3.93926 -1.29313 12.6431
    endloop
  endfacet
  facet normal -0.912723 0 -0.408578
    outer loop
      vertex 2.32589 0.321205 16.2474
      vertex 2.07852 -2.58626 16.8
      vertex 2.07852 0.130171 16.8
    endloop
  endfacet
  facet normal -0.912732 4.81628e-06 0.408559
    outer loop
      vertex 2.76523 -0.0073354 18.3341
      vertex 2.07852 -2.58626 16.8
      vertex 3.71257 -1.23637 20.4505
    endloop
  endfacet
  facet normal -0.912726 -4.2396e-05 0.408573
    outer loop
      vertex 3.71257 -1.23637 20.4505
      vertex 2.07852 -2.58626 16.8
      vertex 3.77386 -1.40808 20.5874
    endloop
  endfacet
  facet normal -0.912732 6.17618e-07 0.408558
    outer loop
      vertex 2.1005 0.0989212 16.8491
      vertex 2.07852 -2.58626 16.8
      vertex 2.25757 -0.124454 17.2
    endloop
  endfacet
  facet normal -0.91272 0 0.408586
    outer loop
      vertex 2.07852 -2.58626 16.8
      vertex 2.1005 0.0989212 16.8491
      vertex 2.07852 0.130171 16.8
    endloop
  endfacet
  facet normal -0.912724 0 0.408576
    outer loop
      vertex 3.60424 0.640972 20.2085
      vertex 3.71257 -1.23637 20.4505
      vertex 3.71257 0.795925 20.4505
    endloop
  endfacet
  facet normal -0.912744 -6.67173e-06 0.408533
    outer loop
      vertex 3.39589 0.342947 19.743
      vertex 3.71257 -1.23637 20.4505
      vertex 3.60424 0.640972 20.2085
    endloop
  endfacet
  facet normal -0.912731 7.93469e-06 0.40856
    outer loop
      vertex 2.76523 -0.0073354 18.3341
      vertex 3.71257 -1.23637 20.4505
      vertex 3.39589 0.342947 19.743
    endloop
  endfacet
  facet normal -0.912728 -1.12882e-06 0.408567
    outer loop
      vertex 2.07852 -2.58626 16.8
      vertex 2.76523 -0.0073354 18.3341
      vertex 2.25757 -0.124454 17.2
    endloop
  endfacet
  facet normal -0.912729 2.36802e-06 0.408566
    outer loop
      vertex 2.07852 2.58626 16.8
      vertex 2.25757 1.52445 17.2
      vertex 2.76523 1.78537 18.3341
    endloop
  endfacet
  facet normal -0.912732 -1.27444e-06 0.408558
    outer loop
      vertex 2.07852 2.58626 16.8
      vertex 2.1005 1.30108 16.8491
      vertex 2.25757 1.52445 17.2
    endloop
  endfacet
  facet normal -0.91272 0 0.408586
    outer loop
      vertex 2.1005 1.30108 16.8491
      vertex 2.07852 2.58626 16.8
      vertex 2.07852 1.26983 16.8
    endloop
  endfacet
  facet normal -0.912731 -8.15994e-06 0.408562
    outer loop
      vertex 2.07852 2.58626 16.8
      vertex 2.76523 1.78537 18.3341
      vertex 3.25547 1.76833 19.4293
    endloop
  endfacet
  facet normal -0.272647 -0.87731 -0.394956
    outer loop
      vertex 2.69636 -2.77827 16.8
      vertex 2.07852 -2.58626 16.8
      vertex 2.80964 -2.50478 16.1143
    endloop
  endfacet
  facet normal -0.272631 -0.877319 -0.394949
    outer loop
      vertex 6.51074 -2.09232 12.6431
      vertex 5.17787 -2.76251 15.0519
      vertex 4.5 -2.53007 15.0035
    endloop
  endfacet
  facet normal -0.272637 -0.877308 -0.394968
    outer loop
      vertex 6.86445 -3.65361 15.8669
      vertex 6.51074 -2.09232 12.6431
      vertex 7.08852 -3.79325 16.0224
    endloop
  endfacet
  facet normal -0.272567 -0.877323 -0.394983
    outer loop
      vertex 6.66736 -3.53349 15.7361
      vertex 6.51074 -2.09232 12.6431
      vertex 6.86445 -3.65361 15.8669
    endloop
  endfacet
  facet normal -0.272677 -0.877297 -0.394965
    outer loop
      vertex 5.5946 -2.9054 15.0816
      vertex 6.51074 -2.09232 12.6431
      vertex 6.66736 -3.53349 15.7361
    endloop
  endfacet
  facet normal -0.272664 -0.877302 -0.394962
    outer loop
      vertex 5.17787 -2.76251 15.0519
      vertex 6.51074 -2.09232 12.6431
      vertex 5.5946 -2.9054 15.0816
    endloop
  endfacet
  facet normal -0.272686 -0.877283 -0.394989
    outer loop
      vertex 3.41632 -2.43717 15.5453
      vertex 6.51074 -2.09232 12.6431
      vertex 4.5 -2.53007 15.0035
    endloop
  endfacet
  facet normal -0.27266 0.877307 0.394954
    outer loop
      vertex 3.35447 1.76188 19.512
      vertex 4.02351 1.54731 20.4505
      vertex 5.97076 2.1525 20.4505
    endloop
  endfacet
  facet normal -0.272682 0.877295 0.394967
    outer loop
      vertex 4.02351 1.54731 20.4505
      vertex 3.35447 1.76188 19.512
      vertex 3.60713 1.56772 20.1177
    endloop
  endfacet
  facet normal -0.272661 0.877305 0.394957
    outer loop
      vertex 3.41632 2.43717 18.0547
      vertex 3.35447 1.76188 19.512
      vertex 5.97076 2.1525 20.4505
    endloop
  endfacet
  facet normal -0.27276 0.877281 0.394942
    outer loop
      vertex 3.35447 1.76188 19.512
      vertex 3.41632 2.43717 18.0547
      vertex 3.25547 1.76833 19.4293
    endloop
  endfacet
  facet normal -0.27266 0.877303 0.394964
    outer loop
      vertex 2.93763 2.39613 17.8154
      vertex 3.25547 1.76833 19.4293
      vertex 3.41632 2.43717 18.0547
    endloop
  endfacet
  facet normal -0.272712 0.877285 0.394968
    outer loop
      vertex 2.89224 2.39224 17.7927
      vertex 3.25547 1.76833 19.4293
      vertex 2.93763 2.39613 17.8154
    endloop
  endfacet
  facet normal -0.272049 0.877517 0.394909
    outer loop
      vertex 2.87803 2.39391 17.7792
      vertex 3.25547 1.76833 19.4293
      vertex 2.89224 2.39224 17.7927
    endloop
  endfacet
  facet normal -0.273032 0.87717 0.395002
    outer loop
      vertex 2.85441 2.39669 17.7567
      vertex 3.25547 1.76833 19.4293
      vertex 2.87803 2.39391 17.7792
    endloop
  endfacet
  facet normal -0.272654 0.877305 0.394962
    outer loop
      vertex 2.85441 2.39669 17.7567
      vertex 2.07852 2.58626 16.8
      vertex 3.25547 1.76833 19.4293
    endloop
  endfacet
  facet normal -0.272654 0.877306 0.394962
    outer loop
      vertex 2.07852 2.58626 16.8
      vertex 2.85441 2.39669 17.7567
      vertex 2.80964 2.50478 17.4857
    endloop
  endfacet
  facet normal -0.272659 0.877314 0.394939
    outer loop
      vertex 3.79762 1.42133 20.5744
      vertex 4.02351 1.54731 20.4505
      vertex 3.60713 1.56772 20.1177
    endloop
  endfacet
  facet normal 0.728727 -0.553519 -0.403204
    outer loop
      vertex 9.18482 -1.59984 16.8
      vertex 6.51074 -2.09232 12.6431
      vertex 7.01018 -1.43479 12.6431
    endloop
  endfacet
  facet normal 0.728768 -0.55362 -0.402992
    outer loop
      vertex 7.16121 -3.75433 16.1003
      vertex 9.18482 -1.59984 16.8
      vertex 7.26671 -3.70688 16.2259
    endloop
  endfacet
  facet normal 0.728722 -0.553518 -0.403215
    outer loop
      vertex 7.26671 -3.70688 16.2259
      vertex 9.18482 -1.59984 16.8
      vertex 7.55783 -3.74182 16.8
    endloop
  endfacet
  facet normal 0.728683 -0.553385 -0.403468
    outer loop
      vertex 7.08852 -3.79325 16.0224
      vertex 9.18482 -1.59984 16.8
      vertex 7.16121 -3.75433 16.1003
    endloop
  endfacet
  facet normal 0.728726 -0.553521 -0.403203
    outer loop
      vertex 9.18482 -1.59984 16.8
      vertex 7.08852 -3.79325 16.0224
      vertex 6.51074 -2.09232 12.6431
    endloop
  endfacet
  facet normal -0.272647 0.87731 0.394956
    outer loop
      vertex 2.69636 2.77827 16.8
      vertex 2.07852 2.58626 16.8
      vertex 2.80964 2.50478 17.4857
    endloop
  endfacet
  facet normal -0.272656 0.877307 0.394957
    outer loop
      vertex 6.01943 2.85642 18.9205
      vertex 5.97076 2.1525 20.4505
      vertex 6.59733 2.34723 20.4505
    endloop
  endfacet
  facet normal -0.272751 0.877278 0.394956
    outer loop
      vertex 5.97076 2.1525 20.4505
      vertex 5.89674 2.80241 18.9558
      vertex 5.68584 2.7259 18.9801
    endloop
  endfacet
  facet normal -0.272574 0.877327 0.394969
    outer loop
      vertex 5.97076 2.1525 20.4505
      vertex 6.01943 2.85642 18.9205
      vertex 5.89674 2.80241 18.9558
    endloop
  endfacet
  facet normal -0.272675 0.877299 0.394961
    outer loop
      vertex 6.59733 2.34723 20.4505
      vertex 6.40781 2.99235 18.8867
      vertex 6.01943 2.85642 18.9205
    endloop
  endfacet
  facet normal -0.27267 0.877301 0.394961
    outer loop
      vertex 6.40781 2.99235 18.8867
      vertex 6.59733 2.34723 20.4505
      vertex 6.87161 3.15469 18.8463
    endloop
  endfacet
  facet normal -0.27264 0.877316 0.394949
    outer loop
      vertex 4.5 2.53007 18.5965
      vertex 5.97076 2.1525 20.4505
      vertex 5.68584 2.7259 18.9801
    endloop
  endfacet
  facet normal -0.272681 0.877291 0.394976
    outer loop
      vertex 5.97076 2.1525 20.4505
      vertex 4.5 2.53007 18.5965
      vertex 3.41632 2.43717 18.0547
    endloop
  endfacet
  facet normal 0.728725 0.553504 0.40323
    outer loop
      vertex 9.77539 0 17.9289
      vertex 7.04248 3.12708 18.5754
      vertex 6.87161 3.15469 18.8463
    endloop
  endfacet
  facet normal 0.72873 0.553516 0.403203
    outer loop
      vertex 9.77539 0 17.9289
      vertex 6.87161 3.15469 18.8463
      vertex 6.59733 2.34723 20.4505
    endloop
  endfacet
  facet normal 0.728699 0.553368 0.403462
    outer loop
      vertex 9.18482 1.59984 16.8
      vertex 7.47191 3.28546 17.5818
      vertex 7.47013 3.26666 17.6108
    endloop
  endfacet
  facet normal 0.728729 0.553524 0.403194
    outer loop
      vertex 9.18482 1.59984 16.8
      vertex 7.457 3.26175 17.6413
      vertex 7.04689 3.12636 18.5684
    endloop
  endfacet
  facet normal 0.728953 0.553902 0.402268
    outer loop
      vertex 7.04248 3.12708 18.5754
      vertex 9.77539 0 17.9289
      vertex 7.04689 3.12636 18.5684
    endloop
  endfacet
  facet normal 0.72873 0.553517 0.4032
    outer loop
      vertex 9.18482 1.59984 16.8
      vertex 7.04689 3.12636 18.5684
      vertex 9.77539 0 17.9289
    endloop
  endfacet
  facet normal 0.728729 0.553523 0.403195
    outer loop
      vertex 7.47191 3.28546 17.5818
      vertex 9.18482 1.59984 16.8
      vertex 7.55783 3.74182 16.8
    endloop
  endfacet
  facet normal 0.728721 0.553493 0.403251
    outer loop
      vertex 7.46292 3.2618 17.6305
      vertex 9.18482 1.59984 16.8
      vertex 7.47013 3.26666 17.6108
    endloop
  endfacet
  facet normal 0.728729 0.553519 0.4032
    outer loop
      vertex 9.77539 0 17.9289
      vertex 6.59733 2.34723 20.4505
      vertex 8.38021 0 20.4505
    endloop
  endfacet
  facet normal 0.728834 0.554199 0.402075
    outer loop
      vertex 7.457 3.26175 17.6413
      vertex 9.18482 1.59984 16.8
      vertex 7.46292 3.2618 17.6305
    endloop
  endfacet
  facet normal 0.728953 -0.553902 0.402268
    outer loop
      vertex 9.77539 0 17.9289
      vertex 7.04248 -3.12708 18.5754
      vertex 7.04689 -3.12636 18.5684
    endloop
  endfacet
  facet normal 0.728725 -0.553504 0.40323
    outer loop
      vertex 9.77539 0 17.9289
      vertex 6.87161 -3.15469 18.8463
      vertex 7.04248 -3.12708 18.5754
    endloop
  endfacet
  facet normal 0.728729 -0.553519 0.4032
    outer loop
      vertex 6.59733 -2.34723 20.4505
      vertex 9.77539 0 17.9289
      vertex 8.38021 0 20.4505
    endloop
  endfacet
  facet normal 0.72873 -0.553516 0.403203
    outer loop
      vertex 6.87161 -3.15469 18.8463
      vertex 9.77539 0 17.9289
      vertex 6.59733 -2.34723 20.4505
    endloop
  endfacet
  facet normal 0.72873 -0.553517 0.4032
    outer loop
      vertex 9.77539 0 17.9289
      vertex 7.04689 -3.12636 18.5684
      vertex 9.18482 -1.59984 16.8
    endloop
  endfacet
  facet normal 0.728729 -0.553524 0.403194
    outer loop
      vertex 7.457 -3.26175 17.6413
      vertex 9.18482 -1.59984 16.8
      vertex 7.04689 -3.12636 18.5684
    endloop
  endfacet
  facet normal 0.728834 -0.554199 0.402075
    outer loop
      vertex 7.46292 -3.2618 17.6305
      vertex 9.18482 -1.59984 16.8
      vertex 7.457 -3.26175 17.6413
    endloop
  endfacet
  facet normal 0.728721 -0.553493 0.403251
    outer loop
      vertex 7.47013 -3.26666 17.6108
      vertex 9.18482 -1.59984 16.8
      vertex 7.46292 -3.2618 17.6305
    endloop
  endfacet
  facet normal 0.728699 -0.553368 0.403462
    outer loop
      vertex 7.47191 -3.28546 17.5818
      vertex 9.18482 -1.59984 16.8
      vertex 7.47013 -3.26666 17.6108
    endloop
  endfacet
  facet normal 0.728729 -0.553523 0.403195
    outer loop
      vertex 9.18482 -1.59984 16.8
      vertex 7.47191 -3.28546 17.5818
      vertex 7.55783 -3.74182 16.8
    endloop
  endfacet
  facet normal -0.272654 -0.877306 -0.394962
    outer loop
      vertex 2.07852 -2.58626 16.8
      vertex 2.85441 -2.39669 15.8433
      vertex 2.80964 -2.50478 16.1143
    endloop
  endfacet
  facet normal -0.052437 0.996303 0.0680516
    outer loop
      vertex 2.85441 -2.39669 15.8433
      vertex 2.89224 -2.39224 15.8073
      vertex 2.87803 -2.39391 15.8208
    endloop
  endfacet
  facet normal -0.272648 -0.877309 -0.394958
    outer loop
      vertex 3.93926 -1.29313 12.6431
      vertex 2.85441 -2.39669 15.8433
      vertex 2.07852 -2.58626 16.8
    endloop
  endfacet
  facet normal -0.272655 -0.877306 -0.39496
    outer loop
      vertex 3.93926 -1.29313 12.6431
      vertex 2.89224 -2.39224 15.8073
      vertex 2.85441 -2.39669 15.8433
    endloop
  endfacet
  facet normal -0.272714 -0.877283 -0.394971
    outer loop
      vertex 3.93926 -1.29313 12.6431
      vertex 2.93763 -2.39613 15.7846
      vertex 2.89224 -2.39224 15.8073
    endloop
  endfacet
  facet normal -0.272658 -0.877305 -0.394961
    outer loop
      vertex 3.93926 -1.29313 12.6431
      vertex 3.41632 -2.43717 15.5453
      vertex 2.93763 -2.39613 15.7846
    endloop
  endfacet
  facet normal -0.272657 -0.877305 -0.394961
    outer loop
      vertex 3.41632 -2.43717 15.5453
      vertex 3.93926 -1.29313 12.6431
      vertex 6.51074 -2.09232 12.6431
    endloop
  endfacet
  facet normal -0.272647 0.87731 -0.394956
    outer loop
      vertex 2.80964 2.50478 16.1143
      vertex 2.07852 2.58626 16.8
      vertex 2.69636 2.77827 16.8
    endloop
  endfacet
  facet normal -0.272664 0.877302 -0.394962
    outer loop
      vertex 6.51074 2.09232 12.6431
      vertex 5.17787 2.76251 15.0519
      vertex 5.5946 2.9054 15.0816
    endloop
  endfacet
  facet normal -0.272631 0.877319 -0.394949
    outer loop
      vertex 5.17787 2.76251 15.0519
      vertex 6.51074 2.09232 12.6431
      vertex 4.5 2.53007 15.0035
    endloop
  endfacet
  facet normal -0.272677 0.877297 -0.394965
    outer loop
      vertex 6.66736 3.53349 15.7361
      vertex 6.51074 2.09232 12.6431
      vertex 5.5946 2.9054 15.0816
    endloop
  endfacet
  facet normal -0.272567 0.877323 -0.394983
    outer loop
      vertex 6.86445 3.65361 15.8669
      vertex 6.51074 2.09232 12.6431
      vertex 6.66736 3.53349 15.7361
    endloop
  endfacet
  facet normal -0.272637 0.877308 -0.394968
    outer loop
      vertex 6.51074 2.09232 12.6431
      vertex 6.86445 3.65361 15.8669
      vertex 7.08852 3.79325 16.0224
    endloop
  endfacet
  facet normal -0.272686 0.877283 -0.394989
    outer loop
      vertex 3.41632 2.43717 15.5453
      vertex 4.5 2.53007 15.0035
      vertex 6.51074 2.09232 12.6431
    endloop
  endfacet
  facet normal 0.728722 0.553518 -0.403215
    outer loop
      vertex 9.18482 1.59984 16.8
      vertex 7.26671 3.70688 16.2259
      vertex 7.55783 3.74182 16.8
    endloop
  endfacet
  facet normal 0.728725 0.553524 -0.403202
    outer loop
      vertex 7.26671 3.70688 16.2259
      vertex 9.18482 1.59984 16.8
      vertex 6.51074 2.09232 12.6431
    endloop
  endfacet
  facet normal 0.728727 0.553519 -0.403204
    outer loop
      vertex 6.51074 2.09232 12.6431
      vertex 9.18482 1.59984 16.8
      vertex 7.01018 1.43479 12.6431
    endloop
  endfacet
  facet normal 0.728595 0.553659 -0.40325
    outer loop
      vertex 7.16121 3.75433 16.1003
      vertex 6.51074 2.09232 12.6431
      vertex 7.08852 3.79325 16.0224
    endloop
  endfacet
  facet normal 0.728861 0.553373 -0.403163
    outer loop
      vertex 6.51074 2.09232 12.6431
      vertex 7.16121 3.75433 16.1003
      vertex 7.26671 3.70688 16.2259
    endloop
  endfacet
  facet normal -0.272647 -0.87731 0.394956
    outer loop
      vertex 2.80964 -2.50478 17.4857
      vertex 2.07852 -2.58626 16.8
      vertex 2.69636 -2.77827 16.8
    endloop
  endfacet
  facet normal -0.272751 -0.877278 0.394956
    outer loop
      vertex 5.89674 -2.80241 18.9558
      vertex 5.97076 -2.1525 20.4505
      vertex 5.68584 -2.7259 18.9801
    endloop
  endfacet
  facet normal -0.27264 -0.877316 0.394949
    outer loop
      vertex 5.97076 -2.1525 20.4505
      vertex 4.5 -2.53007 18.5965
      vertex 5.68584 -2.7259 18.9801
    endloop
  endfacet
  facet normal -0.272681 -0.877291 0.394976
    outer loop
      vertex 4.5 -2.53007 18.5965
      vertex 5.97076 -2.1525 20.4505
      vertex 3.41632 -2.43717 18.0547
    endloop
  endfacet
  facet normal -0.272574 -0.877327 0.394969
    outer loop
      vertex 6.01943 -2.85642 18.9205
      vertex 5.97076 -2.1525 20.4505
      vertex 5.89674 -2.80241 18.9558
    endloop
  endfacet
  facet normal -0.272656 -0.877307 0.394957
    outer loop
      vertex 5.97076 -2.1525 20.4505
      vertex 6.01943 -2.85642 18.9205
      vertex 6.59733 -2.34723 20.4505
    endloop
  endfacet
  facet normal -0.272675 -0.877299 0.394961
    outer loop
      vertex 6.40781 -2.99235 18.8867
      vertex 6.59733 -2.34723 20.4505
      vertex 6.01943 -2.85642 18.9205
    endloop
  endfacet
  facet normal -0.27267 -0.877301 0.394961
    outer loop
      vertex 6.59733 -2.34723 20.4505
      vertex 6.40781 -2.99235 18.8867
      vertex 6.87161 -3.15469 18.8463
    endloop
  endfacet
  facet normal 0 0 -1
    outer loop
      vertex 3.93926 -1.29313 12.6431
      vertex 7.01018 -1.43479 12.6431
      vertex 6.51074 -2.09232 12.6431
    endloop
  endfacet
  facet normal 0 0 -1
    outer loop
      vertex 7.01018 -1.43479 12.6431
      vertex 3.93926 -1.29313 12.6431
      vertex 7.01018 1.43479 12.6431
    endloop
  endfacet
  facet normal 0 0 -1
    outer loop
      vertex 3.93926 1.29313 12.6431
      vertex 7.01018 1.43479 12.6431
      vertex 3.93926 -1.29313 12.6431
    endloop
  endfacet
  facet normal -0 0 -1
    outer loop
      vertex 7.01018 1.43479 12.6431
      vertex 3.93926 1.29313 12.6431
      vertex 6.51074 2.09232 12.6431
    endloop
  endfacet
  facet normal -0.27266 -0.877306 0.394956
    outer loop
      vertex 4.02351 -1.54731 20.4505
      vertex 3.41632 -2.43717 18.0547
      vertex 5.97076 -2.1525 20.4505
    endloop
  endfacet
  facet normal -0.272686 -0.877297 0.394959
    outer loop
      vertex 3.77386 -1.40808 20.5874
      vertex 3.41632 -2.43717 18.0547
      vertex 4.02351 -1.54731 20.4505
    endloop
  endfacet
  facet normal -0.272657 -0.877306 0.394959
    outer loop
      vertex 3.77386 -1.40808 20.5874
      vertex 2.93763 -2.39613 17.8154
      vertex 3.41632 -2.43717 18.0547
    endloop
  endfacet
  facet normal -0.272712 -0.877285 0.394968
    outer loop
      vertex 3.77386 -1.40808 20.5874
      vertex 2.89224 -2.39224 17.7927
      vertex 2.93763 -2.39613 17.8154
    endloop
  endfacet
  facet normal -0.271974 -0.877573 0.394837
    outer loop
      vertex 3.77386 -1.40808 20.5874
      vertex 2.87803 -2.39391 17.7792
      vertex 2.89224 -2.39224 17.7927
    endloop
  endfacet
  facet normal -0.273066 -0.877145 0.395035
    outer loop
      vertex 3.77386 -1.40808 20.5874
      vertex 2.85441 -2.39669 17.7567
      vertex 2.87803 -2.39391 17.7792
    endloop
  endfacet
  facet normal -0.272654 -0.877306 0.394962
    outer loop
      vertex 2.85441 -2.39669 17.7567
      vertex 2.07852 -2.58626 16.8
      vertex 2.80964 -2.50478 17.4857
    endloop
  endfacet
  facet normal -0.272645 -0.877311 0.394956
    outer loop
      vertex 2.07852 -2.58626 16.8
      vertex 2.85441 -2.39669 17.7567
      vertex 3.77386 -1.40808 20.5874
    endloop
  endfacet
  facet normal -0.272654 0.877306 -0.394962
    outer loop
      vertex 2.85441 2.39669 15.8433
      vertex 2.07852 2.58626 16.8
      vertex 2.80964 2.50478 16.1143
    endloop
  endfacet
  facet normal -0.052437 -0.996303 0.0680516
    outer loop
      vertex 2.89224 2.39224 15.8073
      vertex 2.85441 2.39669 15.8433
      vertex 2.87803 2.39391 15.8208
    endloop
  endfacet
  facet normal -0.272657 0.877305 -0.394961
    outer loop
      vertex 3.93926 1.29313 12.6431
      vertex 3.41632 2.43717 15.5453
      vertex 6.51074 2.09232 12.6431
    endloop
  endfacet
  facet normal -0.272658 0.877305 -0.394961
    outer loop
      vertex 3.41632 2.43717 15.5453
      vertex 3.93926 1.29313 12.6431
      vertex 2.93763 2.39613 15.7846
    endloop
  endfacet
  facet normal -0.272648 0.877309 -0.394958
    outer loop
      vertex 2.85441 2.39669 15.8433
      vertex 3.93926 1.29313 12.6431
      vertex 2.07852 2.58626 16.8
    endloop
  endfacet
  facet normal -0.272655 0.877306 -0.39496
    outer loop
      vertex 2.89224 2.39224 15.8073
      vertex 3.93926 1.29313 12.6431
      vertex 2.85441 2.39669 15.8433
    endloop
  endfacet
  facet normal -0.272714 0.877283 -0.394971
    outer loop
      vertex 2.93763 2.39613 15.7846
      vertex 3.93926 1.29313 12.6431
      vertex 2.89224 2.39224 15.8073
    endloop
  endfacet
  facet normal 0.628784 0.628785 -0.457449
    outer loop
      vertex 8.83176 0.713292 21.1
      vertex 5.91588 3.15665 20.4505
      vertex 6.03176 3.51329 21.1
    endloop
  endfacet
  facet normal 0.628783 0.628783 -0.457454
    outer loop
      vertex 5.91588 3.15665 20.4505
      vertex 8.83176 0.713292 21.1
      vertex 8.71588 0.356646 20.4505
    endloop
  endfacet
  facet normal 0.628784 0.628785 0.457449
    outer loop
      vertex 5.91588 3.15665 21.7495
      vertex 8.83176 0.713292 21.1
      vertex 6.03176 3.51329 21.1
    endloop
  endfacet
  facet normal 0.628783 0.628783 0.457454
    outer loop
      vertex 8.83176 0.713292 21.1
      vertex 5.91588 3.15665 21.7495
      vertex 8.71588 0.356646 21.7495
    endloop
  endfacet
  facet normal -0.61425 0.614198 -0.495437
    outer loop
      vertex 2.97813 0.893489 20.936
      vertex 2.39324 0.440839 21.1
      vertex 2.97505 0.924449 20.9782
    endloop
  endfacet
  facet normal -0.614208 0.614251 -0.495424
    outer loop
      vertex 2.69662 0.220419 20.4505
      vertex 2.97813 0.893489 20.936
      vertex 3.0105 0.816166 20.8
    endloop
  endfacet
  facet normal -0.614252 0.614246 -0.495376
    outer loop
      vertex 2.69662 0.220419 20.4505
      vertex 3.0105 0.816166 20.8
      vertex 3.11514 0.638943 20.4505
    endloop
  endfacet
  facet normal -0.614262 0.614237 -0.495373
    outer loop
      vertex 2.97813 0.893489 20.936
      vertex 2.69662 0.220419 20.4505
      vertex 2.39324 0.440839 21.1
    endloop
  endfacet
  facet normal -0.614497 0.614776 -0.494413
    outer loop
      vertex 5.49662 3.02042 20.4505
      vertex 3.74513 1.5508 20.8
      vertex 3.73175 1.55343 20.8199
    endloop
  endfacet
  facet normal -0.614245 0.614245 -0.495385
    outer loop
      vertex 4.02351 1.54731 20.4505
      vertex 3.74513 1.5508 20.8
      vertex 5.49662 3.02042 20.4505
    endloop
  endfacet
  facet normal -0.614272 0.614201 -0.495406
    outer loop
      vertex 3.74513 1.5508 20.8
      vertex 4.02351 1.54731 20.4505
      vertex 3.79762 1.42133 20.5744
    endloop
  endfacet
  facet normal -0.279988 0.86169 -0.423199
    outer loop
      vertex 5.91588 3.15665 20.4505
      vertex 5.49662 3.02042 20.4505
      vertex 6.03176 3.51329 21.1
    endloop
  endfacet
  facet normal -0.614254 -0.614246 -0.495373
    outer loop
      vertex 2.69662 -0.220419 20.4505
      vertex 3.77386 -1.40808 20.5874
      vertex 2.39324 -0.440839 21.1
    endloop
  endfacet
  facet normal -0.61423 -0.61423 -0.495422
    outer loop
      vertex 3.77386 -1.40808 20.5874
      vertex 2.69662 -0.220419 20.4505
      vertex 3.71257 -1.23637 20.4505
    endloop
  endfacet
  facet normal -0.614258 -0.614266 -0.495343
    outer loop
      vertex 3.77386 -1.40808 20.5874
      vertex 5.49662 -3.02042 20.4505
      vertex 2.39324 -0.440839 21.1
    endloop
  endfacet
  facet normal -0.61423 -0.61423 -0.495422
    outer loop
      vertex 5.49662 -3.02042 20.4505
      vertex 3.77386 -1.40808 20.5874
      vertex 4.02351 -1.54731 20.4505
    endloop
  endfacet
  facet normal -0.61425 -0.61425 0.495372
    outer loop
      vertex 5.49662 -3.02042 21.7495
      vertex 2.39324 -0.440839 21.1
      vertex 5.19324 -3.24084 21.1
    endloop
  endfacet
  facet normal -0.279978 -0.861689 -0.423207
    outer loop
      vertex 6.03176 -3.51329 21.1
      vertex 5.19324 -3.24084 21.1
      vertex 5.49662 -3.02042 20.4505
    endloop
  endfacet
  facet normal -0.279978 0.861689 0.423207
    outer loop
      vertex 6.03176 3.51329 21.1
      vertex 5.19324 3.24084 21.1
      vertex 5.49662 3.02042 21.7495
    endloop
  endfacet
  facet normal 0.733003 0.532561 0.423185
    outer loop
      vertex 9.15149 0 21.4438
      vertex 8.71588 0.356646 21.7495
      vertex 8.975 0 21.7495
    endloop
  endfacet
  facet normal 0.733006 0.532461 0.423306
    outer loop
      vertex 8.71588 0.356646 21.7495
      vertex 9.15149 0 21.4438
      vertex 9.25124 0.0555473 21.2012
    endloop
  endfacet
  facet normal -0.61425 -0.61425 -0.495372
    outer loop
      vertex 5.19324 -3.24084 21.1
      vertex 2.39324 -0.440839 21.1
      vertex 5.49662 -3.02042 20.4505
    endloop
  endfacet
  facet normal 0 0 -1
    outer loop
      vertex 3.71257 -1.23637 20.4505
      vertex 3.59654 0.636224 20.4505
      vertex 3.71257 0.795925 20.4505
    endloop
  endfacet
  facet normal 0 0 -1
    outer loop
      vertex 3.71257 -1.23637 20.4505
      vertex 3.52274 0.534653 20.4505
      vertex 3.59654 0.636224 20.4505
    endloop
  endfacet
  facet normal 0 0 -1
    outer loop
      vertex 2.69662 -0.220419 20.4505
      vertex 3.52274 0.534653 20.4505
      vertex 3.71257 -1.23637 20.4505
    endloop
  endfacet
  facet normal -0 0 -1
    outer loop
      vertex 3.52274 0.534653 20.4505
      vertex 2.69662 -0.220419 20.4505
      vertex 3.40623 0.544362 20.4505
    endloop
  endfacet
  facet normal 0 0 -1
    outer loop
      vertex 2.69662 0.220419 20.4505
      vertex 3.40623 0.544362 20.4505
      vertex 2.69662 -0.220419 20.4505
    endloop
  endfacet
  facet normal -0 0 -1
    outer loop
      vertex 3.40623 0.544362 20.4505
      vertex 2.69662 0.220419 20.4505
      vertex 3.11514 0.638943 20.4505
    endloop
  endfacet
  facet normal 0 0 -1
    outer loop
      vertex 8.38021 0 20.4505
      vertex 8.975 0 20.4505
      vertex 8.71588 -0.356646 20.4505
    endloop
  endfacet
  facet normal 0 0 -1
    outer loop
      vertex 8.975 0 20.4505
      vertex 8.38021 0 20.4505
      vertex 8.71588 0.356646 20.4505
    endloop
  endfacet
  facet normal -0 0 -1
    outer loop
      vertex 8.71588 -0.356646 20.4505
      vertex 6.59733 -2.34723 20.4505
      vertex 8.38021 0 20.4505
    endloop
  endfacet
  facet normal 0 0 -1
    outer loop
      vertex 5.91588 -3.15665 20.4505
      vertex 6.59733 -2.34723 20.4505
      vertex 8.71588 -0.356646 20.4505
    endloop
  endfacet
  facet normal 0 0 -1
    outer loop
      vertex 5.91588 -3.15665 20.4505
      vertex 5.97076 -2.1525 20.4505
      vertex 6.59733 -2.34723 20.4505
    endloop
  endfacet
  facet normal 0 0 -1
    outer loop
      vertex 5.49662 -3.02042 20.4505
      vertex 5.97076 -2.1525 20.4505
      vertex 5.91588 -3.15665 20.4505
    endloop
  endfacet
  facet normal -0 0 -1
    outer loop
      vertex 5.97076 -2.1525 20.4505
      vertex 5.49662 -3.02042 20.4505
      vertex 4.02351 -1.54731 20.4505
    endloop
  endfacet
  facet normal 0 0 -1
    outer loop
      vertex 6.59733 2.34723 20.4505
      vertex 8.71588 0.356646 20.4505
      vertex 8.38021 0 20.4505
    endloop
  endfacet
  facet normal 0 0 -1
    outer loop
      vertex 6.59733 2.34723 20.4505
      vertex 5.91588 3.15665 20.4505
      vertex 8.71588 0.356646 20.4505
    endloop
  endfacet
  facet normal 0 0 -1
    outer loop
      vertex 5.97076 2.1525 20.4505
      vertex 5.91588 3.15665 20.4505
      vertex 6.59733 2.34723 20.4505
    endloop
  endfacet
  facet normal 0 0 -1
    outer loop
      vertex 5.97076 2.1525 20.4505
      vertex 5.49662 3.02042 20.4505
      vertex 5.91588 3.15665 20.4505
    endloop
  endfacet
  facet normal 0 -0 -1
    outer loop
      vertex 5.49662 3.02042 20.4505
      vertex 5.97076 2.1525 20.4505
      vertex 4.02351 1.54731 20.4505
    endloop
  endfacet
  facet normal 0.628783 -0.628783 0.457454
    outer loop
      vertex 5.91588 -3.15665 21.7495
      vertex 8.83176 -0.713292 21.1
      vertex 8.71588 -0.356646 21.7495
    endloop
  endfacet
  facet normal 0.628784 -0.628785 0.457449
    outer loop
      vertex 8.83176 -0.713292 21.1
      vertex 5.91588 -3.15665 21.7495
      vertex 6.03176 -3.51329 21.1
    endloop
  endfacet
  facet normal 0.733003 -0.532561 0.423185
    outer loop
      vertex 8.71588 -0.356646 21.7495
      vertex 9.15149 0 21.4438
      vertex 8.975 0 21.7495
    endloop
  endfacet
  facet normal 0.733006 -0.532461 0.423306
    outer loop
      vertex 9.15149 0 21.4438
      vertex 8.71588 -0.356646 21.7495
      vertex 9.25124 -0.0555473 21.2012
    endloop
  endfacet
  facet normal 0.732803 -0.533301 -0.422599
    outer loop
      vertex 8.71588 -0.356646 20.4505
      vertex 9.3166 0 21.0421
      vertex 9.30976 -0.0226322 21.0588
    endloop
  endfacet
  facet normal 0.732983 -0.532547 -0.423237
    outer loop
      vertex 9.3166 0 21.0421
      vertex 8.71588 -0.356646 20.4505
      vertex 8.975 0 20.4505
    endloop
  endfacet
  facet normal 0.628783 -0.628783 -0.457454
    outer loop
      vertex 8.83176 -0.713292 21.1
      vertex 5.91588 -3.15665 20.4505
      vertex 8.71588 -0.356646 20.4505
    endloop
  endfacet
  facet normal 0.628784 -0.628785 -0.457449
    outer loop
      vertex 5.91588 -3.15665 20.4505
      vertex 8.83176 -0.713292 21.1
      vertex 6.03176 -3.51329 21.1
    endloop
  endfacet
  facet normal 0.732976 0.532575 0.423215
    outer loop
      vertex 9.25124 0.0555473 21.2012
      vertex 8.83176 0.713292 21.1
      vertex 8.71588 0.356646 21.7495
    endloop
  endfacet
  facet normal 0.733049 0.532597 0.42306
    outer loop
      vertex 8.83176 0.713292 21.1
      vertex 9.25124 0.0555473 21.2012
      vertex 9.29282 0.0787045 21.1
    endloop
  endfacet
  facet normal -0.279978 -0.861689 0.423207
    outer loop
      vertex 5.49662 -3.02042 21.7495
      vertex 5.19324 -3.24084 21.1
      vertex 6.03176 -3.51329 21.1
    endloop
  endfacet
  facet normal -0.61425 0.61425 0.495372
    outer loop
      vertex 5.19324 3.24084 21.1
      vertex 3.54409 1.41459 21.3196
      vertex 5.49662 3.02042 21.7495
    endloop
  endfacet
  facet normal -0.61425 0.61425 0.495372
    outer loop
      vertex 3.54409 1.41459 21.3196
      vertex 5.19324 3.24084 21.1
      vertex 3.543 1.5906 21.1
    endloop
  endfacet
  facet normal -0.614204 0.614144 0.495561
    outer loop
      vertex 5.49662 3.02042 21.7495
      vertex 3.54409 1.41459 21.3196
      vertex 3.44256 1.31305 21.3196
    endloop
  endfacet
  facet normal -0.614211 0.61421 0.495471
    outer loop
      vertex 3.00458 1.05218 21.1
      vertex 2.39324 0.440839 21.1
      vertex 3.10871 1.03555 21.2497
    endloop
  endfacet
  facet normal -0.906033 0 0.423206
    outer loop
      vertex 2.39324 0.440839 21.1
      vertex 2.69662 -0.220419 21.7495
      vertex 2.69662 0.220419 21.7495
    endloop
  endfacet
  facet normal -0.906033 0 0.423206
    outer loop
      vertex 2.69662 -0.220419 21.7495
      vertex 2.39324 0.440839 21.1
      vertex 2.39324 -0.440839 21.1
    endloop
  endfacet
  facet normal -0.279988 -0.86169 -0.423199
    outer loop
      vertex 6.03176 -3.51329 21.1
      vertex 5.49662 -3.02042 20.4505
      vertex 5.91588 -3.15665 20.4505
    endloop
  endfacet
  facet normal -0.614254 0.614254 0.495362
    outer loop
      vertex 3.44256 1.31305 21.3196
      vertex 2.69662 0.220419 21.7495
      vertex 5.49662 3.02042 21.7495
    endloop
  endfacet
  facet normal -0.614229 0.614251 0.495397
    outer loop
      vertex 3.15729 1.02779 21.3196
      vertex 2.69662 0.220419 21.7495
      vertex 3.44256 1.31305 21.3196
    endloop
  endfacet
  facet normal -0.614402 0.614241 0.495195
    outer loop
      vertex 3.10871 1.03555 21.2497
      vertex 2.69662 0.220419 21.7495
      vertex 3.15729 1.02779 21.3196
    endloop
  endfacet
  facet normal -0.614236 0.614265 0.495371
    outer loop
      vertex 2.69662 0.220419 21.7495
      vertex 3.10871 1.03555 21.2497
      vertex 2.39324 0.440839 21.1
    endloop
  endfacet
  facet normal -0.279988 -0.86169 0.423199
    outer loop
      vertex 5.91588 -3.15665 21.7495
      vertex 5.49662 -3.02042 21.7495
      vertex 6.03176 -3.51329 21.1
    endloop
  endfacet
  facet normal 0.733023 -0.532462 -0.423275
    outer loop
      vertex 9.29282 -0.0787045 21.1
      vertex 8.71588 -0.356646 20.4505
      vertex 9.30976 -0.0226322 21.0588
    endloop
  endfacet
  facet normal 0.732993 -0.532557 -0.423208
    outer loop
      vertex 8.71588 -0.356646 20.4505
      vertex 9.29282 -0.0787045 21.1
      vertex 8.83176 -0.713292 21.1
    endloop
  endfacet
  facet normal 0.732976 -0.532575 0.423215
    outer loop
      vertex 8.83176 -0.713292 21.1
      vertex 9.25124 -0.0555473 21.2012
      vertex 8.71588 -0.356646 21.7495
    endloop
  endfacet
  facet normal 0.733049 -0.532597 0.42306
    outer loop
      vertex 9.25124 -0.0555473 21.2012
      vertex 8.83176 -0.713292 21.1
      vertex 9.29282 -0.0787045 21.1
    endloop
  endfacet
  facet normal -0.614258 0.614258 -0.495353
    outer loop
      vertex 5.19324 3.24084 21.1
      vertex 3.6248 1.5745 20.9786
      vertex 3.543 1.5906 21.1
    endloop
  endfacet
  facet normal -0.614206 0.614217 -0.495468
    outer loop
      vertex 5.19324 3.24084 21.1
      vertex 3.73175 1.55343 20.8199
      vertex 3.6248 1.5745 20.9786
    endloop
  endfacet
  facet normal -0.614255 0.614244 -0.495373
    outer loop
      vertex 3.73175 1.55343 20.8199
      vertex 5.19324 3.24084 21.1
      vertex 5.49662 3.02042 20.4505
    endloop
  endfacet
  facet normal -0.614271 0.61427 -0.495322
    outer loop
      vertex 2.96982 0.977102 21.05
      vertex 2.39324 0.440839 21.1
      vertex 3.00458 1.05218 21.1
    endloop
  endfacet
  facet normal -0.614418 0.614468 -0.494894
    outer loop
      vertex 2.97186 0.95651 21.0219
      vertex 2.39324 0.440839 21.1
      vertex 2.96982 0.977102 21.05
    endloop
  endfacet
  facet normal -0.614247 0.614192 -0.495448
    outer loop
      vertex 2.39324 0.440839 21.1
      vertex 2.97186 0.95651 21.0219
      vertex 2.97505 0.924449 20.9782
    endloop
  endfacet
  facet normal -0.279978 0.861689 -0.423207
    outer loop
      vertex 5.49662 3.02042 20.4505
      vertex 5.19324 3.24084 21.1
      vertex 6.03176 3.51329 21.1
    endloop
  endfacet
  facet normal -0.279988 0.86169 0.423199
    outer loop
      vertex 6.03176 3.51329 21.1
      vertex 5.49662 3.02042 21.7495
      vertex 5.91588 3.15665 21.7495
    endloop
  endfacet
  facet normal -0.906033 0 -0.423206
    outer loop
      vertex 2.69662 -0.220419 20.4505
      vertex 2.39324 0.440839 21.1
      vertex 2.69662 0.220419 20.4505
    endloop
  endfacet
  facet normal -0.906033 -0 -0.423206
    outer loop
      vertex 2.39324 0.440839 21.1
      vertex 2.69662 -0.220419 20.4505
      vertex 2.39324 -0.440839 21.1
    endloop
  endfacet
  facet normal -0.61425 -0.61425 0.495372
    outer loop
      vertex 2.69662 -0.220419 21.7495
      vertex 2.39324 -0.440839 21.1
      vertex 5.49662 -3.02042 21.7495
    endloop
  endfacet
  facet normal 0.732803 0.533301 -0.422599
    outer loop
      vertex 9.3166 0 21.0421
      vertex 8.71588 0.356646 20.4505
      vertex 9.30976 0.0226322 21.0588
    endloop
  endfacet
  facet normal 0.732983 0.532547 -0.423237
    outer loop
      vertex 8.71588 0.356646 20.4505
      vertex 9.3166 0 21.0421
      vertex 8.975 0 20.4505
    endloop
  endfacet
  facet normal 0.732993 0.532557 -0.423208
    outer loop
      vertex 9.29282 0.0787045 21.1
      vertex 8.71588 0.356646 20.4505
      vertex 8.83176 0.713292 21.1
    endloop
  endfacet
  facet normal 0.733023 0.532462 -0.423275
    outer loop
      vertex 8.71588 0.356646 20.4505
      vertex 9.29282 0.0787045 21.1
      vertex 9.30976 0.0226322 21.0588
    endloop
  endfacet
  facet normal 0 0 1
    outer loop
      vertex 8.71588 0.356646 21.7495
      vertex 8.71588 -0.356646 21.7495
      vertex 8.975 0 21.7495
    endloop
  endfacet
  facet normal -0 0 1
    outer loop
      vertex 5.49662 3.02042 21.7495
      vertex 8.71588 0.356646 21.7495
      vertex 5.91588 3.15665 21.7495
    endloop
  endfacet
  facet normal 0 0 1
    outer loop
      vertex 8.71588 0.356646 21.7495
      vertex 5.49662 3.02042 21.7495
      vertex 8.71588 -0.356646 21.7495
    endloop
  endfacet
  facet normal 0 0 1
    outer loop
      vertex 5.49662 -3.02042 21.7495
      vertex 8.71588 -0.356646 21.7495
      vertex 5.49662 3.02042 21.7495
    endloop
  endfacet
  facet normal 0 0 1
    outer loop
      vertex 8.71588 -0.356646 21.7495
      vertex 5.49662 -3.02042 21.7495
      vertex 5.91588 -3.15665 21.7495
    endloop
  endfacet
  facet normal -0 0 1
    outer loop
      vertex 2.69662 0.220419 21.7495
      vertex 5.49662 -3.02042 21.7495
      vertex 5.49662 3.02042 21.7495
    endloop
  endfacet
  facet normal 0 0 1
    outer loop
      vertex 5.49662 -3.02042 21.7495
      vertex 2.69662 0.220419 21.7495
      vertex 2.69662 -0.220419 21.7495
    endloop
  endfacet
  facet normal -0.304215 0.936279 0.175597
    outer loop
      vertex 2.66267 1.8084 19
      vertex 1.71234 1.49962 19
      vertex 3.58541 1.77063 20.8
    endloop
  endfacet
  facet normal -0.308021 0.947991 -0.0802224
    outer loop
      vertex 1.71008 1.34656 17.2
      vertex 2.76523 1.78537 18.3341
      vertex 2.25757 1.52445 17.2
    endloop
  endfacet
  facet normal -0.308017 0.947992 -0.080226
    outer loop
      vertex 2.76523 1.78537 18.3341
      vertex 1.71008 1.34656 17.2
      vertex 2.66267 1.8084 19
    endloop
  endfacet
  facet normal 0.800173 0.581369 -0.147422
    outer loop
      vertex 3.60713 1.56772 20.1177
      vertex 3.35447 1.76188 19.512
      vertex 3.58541 1.77063 20.8
    endloop
  endfacet
  facet normal -0.304212 0.936281 0.175594
    outer loop
      vertex 3.58541 1.77063 20.8
      vertex 1.71234 1.49962 19
      vertex 2.91459 1.55267 20.8
    endloop
  endfacet
  facet normal -0.279978 -0.861689 -0.423208
    outer loop
      vertex 2.25757 -0.124454 17.2
      vertex 1.71008 0.0534353 17.2
      vertex 2.1005 0.0989212 16.8491
    endloop
  endfacet
  facet normal -0.279929 0.861736 -0.423145
    outer loop
      vertex 2.07852 1.26983 16.8
      vertex 1.71008 1.34656 17.2
      vertex 2.1005 1.30108 16.8491
    endloop
  endfacet
  facet normal -0.279966 0.861686 -0.423221
    outer loop
      vertex 2.15504 1.02328 16.2474
      vertex 2.07852 1.26983 16.8
      vertex 2.32589 1.07879 16.2474
    endloop
  endfacet
  facet normal -0.280025 0.861667 -0.42322
    outer loop
      vertex 2.07852 1.26983 16.8
      vertex 2.15504 1.02328 16.2474
      vertex 1.71008 1.34656 17.2
    endloop
  endfacet
  facet normal -0.906034 0 0.423206
    outer loop
      vertex 1.71234 1.49962 19
      vertex 2.05617 0.750191 19.7361
      vertex 2.05617 1.24981 19.7361
    endloop
  endfacet
  facet normal -0.906034 0 0.423206
    outer loop
      vertex 2.05617 0.750191 19.7361
      vertex 1.71234 1.49962 19
      vertex 1.71234 0.500382 19
    endloop
  endfacet
  facet normal -0.516626 -0.707896 0.481644
    outer loop
      vertex 2.91459 0.847328 20.8
      vertex 2.97505 0.924449 20.9782
      vertex 2.97186 0.95651 21.0219
    endloop
  endfacet
  facet normal -0.516622 -0.707899 0.481643
    outer loop
      vertex 2.97505 0.924449 20.9782
      vertex 2.91459 0.847328 20.8
      vertex 2.97813 0.893489 20.936
    endloop
  endfacet
  facet normal -0.516846 -0.707747 0.481627
    outer loop
      vertex 2.91459 0.847328 20.8
      vertex 2.97186 0.95651 21.0219
      vertex 1.71234 0.500382 19
    endloop
  endfacet
  facet normal -0.279978 0.861694 0.423197
    outer loop
      vertex 3.58541 1.77063 20.8
      vertex 2.91459 1.55267 20.8
      vertex 3.15729 1.37634 21.3196
    endloop
  endfacet
  facet normal -0.76218 0.415005 0.496842
    outer loop
      vertex 2.91459 1.55267 20.8
      vertex 1.71234 1.49962 19
      vertex 3.15729 1.37634 21.3196
    endloop
  endfacet
  facet normal -0.0798657 -0.958405 0.274011
    outer loop
      vertex 3.40623 0.544362 20.4505
      vertex 3.39589 0.342947 19.743
      vertex 3.52274 0.534653 20.4505
    endloop
  endfacet
  facet normal -0.0798401 -0.958407 0.274011
    outer loop
      vertex 2.66267 0.191602 19
      vertex 3.39589 0.342947 19.743
      vertex 3.40623 0.544362 20.4505
    endloop
  endfacet
  facet normal -0.0798534 -0.958402 0.274024
    outer loop
      vertex 3.39589 0.342947 19.743
      vertex 2.66267 0.191602 19
      vertex 2.76523 -0.0073354 18.3341
    endloop
  endfacet
  facet normal 0.808919 -0.587749 0.0142068
    outer loop
      vertex 3.52274 0.534653 20.4505
      vertex 3.60424 0.640972 20.2085
      vertex 3.59654 0.636224 20.4505
    endloop
  endfacet
  facet normal 0.80893 -0.587733 0.0142177
    outer loop
      vertex 3.60424 0.640972 20.2085
      vertex 3.52274 0.534653 20.4505
      vertex 3.39589 0.342947 19.743
    endloop
  endfacet
  facet normal -0.279963 -0.861665 0.423266
    outer loop
      vertex 2.97813 0.893489 20.936
      vertex 2.91459 0.847328 20.8
      vertex 3.0105 0.816166 20.8
    endloop
  endfacet
  facet normal 0 0 -1
    outer loop
      vertex 2.15504 0.376718 16.2474
      vertex 2.32589 1.07879 16.2474
      vertex 2.32589 0.321205 16.2474
    endloop
  endfacet
  facet normal 0 0 -1
    outer loop
      vertex 2.32589 1.07879 16.2474
      vertex 2.15504 0.376718 16.2474
      vertex 2.15504 1.02328 16.2474
    endloop
  endfacet
  facet normal 0.0829967 0.996315 -0.0216499
    outer loop
      vertex 3.25547 1.76833 19.4293
      vertex 3.58541 1.77063 20.8
      vertex 3.35447 1.76188 19.512
    endloop
  endfacet
  facet normal 0.0830295 0.996312 -0.0216577
    outer loop
      vertex 3.25547 1.76833 19.4293
      vertex 2.66267 1.8084 19
      vertex 3.58541 1.77063 20.8
    endloop
  endfacet
  facet normal 0.0830369 0.996311 -0.0216681
    outer loop
      vertex 2.66267 1.8084 19
      vertex 3.25547 1.76833 19.4293
      vertex 2.76523 1.78537 18.3341
    endloop
  endfacet
  facet normal -0.279918 -0.861738 -0.423147
    outer loop
      vertex 1.71008 0.0534353 17.2
      vertex 2.07852 0.130171 16.8
      vertex 2.1005 0.0989212 16.8491
    endloop
  endfacet
  facet normal -0.280006 -0.861675 -0.423217
    outer loop
      vertex 2.15504 0.376718 16.2474
      vertex 2.07852 0.130171 16.8
      vertex 1.71008 0.0534353 17.2
    endloop
  endfacet
  facet normal -0.27998 -0.861684 -0.423217
    outer loop
      vertex 2.07852 0.130171 16.8
      vertex 2.15504 0.376718 16.2474
      vertex 2.32589 0.321205 16.2474
    endloop
  endfacet
  facet normal -0.279969 0.861694 0.423204
    outer loop
      vertex 3.58541 1.77063 20.8
      vertex 3.15729 1.37634 21.3196
      vertex 3.49271 1.48532 21.3196
    endloop
  endfacet
  facet normal -0.287924 -0.886143 0.363112
    outer loop
      vertex 2.91459 0.847328 20.8
      vertex 1.71234 0.500382 19
      vertex 2.66267 0.191602 19
    endloop
  endfacet
  facet normal -0.279981 0.861693 -0.423197
    outer loop
      vertex 2.1005 1.30108 16.8491
      vertex 1.71008 1.34656 17.2
      vertex 2.25757 1.52445 17.2
    endloop
  endfacet
  facet normal -0.287913 -0.886136 0.363137
    outer loop
      vertex 2.91459 0.847328 20.8
      vertex 3.11514 0.638943 20.4505
      vertex 3.0105 0.816166 20.8
    endloop
  endfacet
  facet normal -0.287926 -0.886144 0.363107
    outer loop
      vertex 3.11514 0.638943 20.4505
      vertex 2.66267 0.191602 19
      vertex 3.40623 0.544362 20.4505
    endloop
  endfacet
  facet normal -0.287954 -0.886133 0.363112
    outer loop
      vertex 2.66267 0.191602 19
      vertex 3.11514 0.638943 20.4505
      vertex 2.91459 0.847328 20.8
    endloop
  endfacet
  facet normal -0.300718 -0.925518 0.230187
    outer loop
      vertex 1.71234 0.500382 19
      vertex 1.71008 0.0534353 17.2
      vertex 2.66267 0.191602 19
    endloop
  endfacet
  facet normal -0.300712 -0.92552 0.230184
    outer loop
      vertex 1.71008 0.0534353 17.2
      vertex 2.76523 -0.0073354 18.3341
      vertex 2.66267 0.191602 19
    endloop
  endfacet
  facet normal -0.300717 -0.925517 0.230189
    outer loop
      vertex 2.76523 -0.0073354 18.3341
      vertex 1.71008 0.0534353 17.2
      vertex 2.25757 -0.124454 17.2
    endloop
  endfacet
  facet normal -0.999999 0 0.00125555
    outer loop
      vertex 1.71008 1.34656 17.2
      vertex 1.71234 0.500382 19
      vertex 1.71234 1.49962 19
    endloop
  endfacet
  facet normal -0.999999 0 0.00125555
    outer loop
      vertex 1.71234 0.500382 19
      vertex 1.71008 1.34656 17.2
      vertex 1.71008 0.0534353 17.2
    endloop
  endfacet
  facet normal -0.516477 -0.708143 0.48144
    outer loop
      vertex 2.05617 0.750191 19.7361
      vertex 2.97186 0.95651 21.0219
      vertex 2.96982 0.977102 21.05
    endloop
  endfacet
  facet normal -0.516762 -0.707831 0.481593
    outer loop
      vertex 2.97186 0.95651 21.0219
      vertex 2.05617 0.750191 19.7361
      vertex 1.71234 0.500382 19
    endloop
  endfacet
  facet normal -0.762193 0.414976 0.496848
    outer loop
      vertex 3.15729 1.37634 21.3196
      vertex 1.71234 1.49962 19
      vertex 2.05617 1.24981 19.7361
    endloop
  endfacet
  facet normal 0.732946 0.532604 0.42323
    outer loop
      vertex 3.73175 1.55343 20.8199
      vertex 3.58541 1.77063 20.8
      vertex 3.6248 1.5745 20.9786
    endloop
  endfacet
  facet normal 0.733224 0.532732 0.422586
    outer loop
      vertex 3.58541 1.77063 20.8
      vertex 3.73175 1.55343 20.8199
      vertex 3.74513 1.5508 20.8
    endloop
  endfacet
  facet normal -0.30802 0.947991 -0.0802241
    outer loop
      vertex 2.66267 1.8084 19
      vertex 1.71008 1.34656 17.2
      vertex 1.71234 1.49962 19
    endloop
  endfacet
  facet normal -0.906032 0 -0.423208
    outer loop
      vertex 2.15504 0.376718 16.2474
      vertex 1.71008 1.34656 17.2
      vertex 2.15504 1.02328 16.2474
    endloop
  endfacet
  facet normal -0.906032 -0 -0.423208
    outer loop
      vertex 1.71008 1.34656 17.2
      vertex 2.15504 0.376718 16.2474
      vertex 1.71008 0.0534353 17.2
    endloop
  endfacet
  facet normal -0.821021 -8.28915e-05 0.570898
    outer loop
      vertex 2.05617 1.24981 19.7361
      vertex 2.96982 0.977102 21.05
      vertex 3.00458 1.05218 21.1
    endloop
  endfacet
  facet normal -0.821013 0 0.57091
    outer loop
      vertex 2.96982 0.977102 21.05
      vertex 2.05617 1.24981 19.7361
      vertex 2.05617 0.750191 19.7361
    endloop
  endfacet
  facet normal -0.821014 1.7473e-05 0.570908
    outer loop
      vertex 3.00458 1.05218 21.1
      vertex 3.15729 1.37634 21.3196
      vertex 2.05617 1.24981 19.7361
    endloop
  endfacet
  facet normal -0.820934 -9.85051e-05 0.571023
    outer loop
      vertex 3.10871 1.03555 21.2497
      vertex 3.15729 1.37634 21.3196
      vertex 3.00458 1.05218 21.1
    endloop
  endfacet
  facet normal -0.821159 0 0.5707
    outer loop
      vertex 3.15729 1.37634 21.3196
      vertex 3.10871 1.03555 21.2497
      vertex 3.15729 1.02779 21.3196
    endloop
  endfacet
  facet normal 0.733139 0.53241 0.42314
    outer loop
      vertex 3.49271 1.48532 21.3196
      vertex 3.543 1.5906 21.1
      vertex 3.58541 1.77063 20.8
    endloop
  endfacet
  facet normal 0.733052 0.532507 0.423167
    outer loop
      vertex 3.543 1.5906 21.1
      vertex 3.49271 1.48532 21.3196
      vertex 3.54409 1.41459 21.3196
    endloop
  endfacet
  facet normal 0.732946 0.532604 0.42323
    outer loop
      vertex 3.58541 1.77063 20.8
      vertex 3.543 1.5906 21.1
      vertex 3.6248 1.5745 20.9786
    endloop
  endfacet
  facet normal 0 0 1
    outer loop
      vertex 3.49271 1.48532 21.3196
      vertex 3.44256 1.31305 21.3196
      vertex 3.54409 1.41459 21.3196
    endloop
  endfacet
  facet normal -0 0 1
    outer loop
      vertex 3.15729 1.37634 21.3196
      vertex 3.44256 1.31305 21.3196
      vertex 3.49271 1.48532 21.3196
    endloop
  endfacet
  facet normal 0 0 1
    outer loop
      vertex 3.44256 1.31305 21.3196
      vertex 3.15729 1.37634 21.3196
      vertex 3.15729 1.02779 21.3196
    endloop
  endfacet
  facet normal 0.808934 -0.587727 0.0142077
    outer loop
      vertex 3.71257 0.795925 20.4505
      vertex 3.59654 0.636224 20.4505
      vertex 3.60424 0.640972 20.2085
    endloop
  endfacet
  facet normal 0.800164 0.581369 -0.14747
    outer loop
      vertex 3.79762 1.42133 20.5744
      vertex 3.58541 1.77063 20.8
      vertex 3.74513 1.5508 20.8
    endloop
  endfacet
  facet normal 0.800189 0.581348 -0.147415
    outer loop
      vertex 3.58541 1.77063 20.8
      vertex 3.79762 1.42133 20.5744
      vertex 3.60713 1.56772 20.1177
    endloop
  endfacet
  facet normal 0.572925 0.661002 0.484596
    outer loop
      vertex 15.8535 -6.88747 26.3362
      vertex 15.1617 -6.55654 26.7027
      vertex 15.4035 -7.17667 27.2627
    endloop
  endfacet
  facet normal 0.839299 0.246484 0.484585
    outer loop
      vertex 16.591 -8.4 25.8282
      vertex 15.8535 -6.88747 26.3362
      vertex 15.4035 -7.17667 27.2627
    endloop
  endfacet
  facet normal 0.83925 0.24642 0.484703
    outer loop
      vertex 15.8535 -6.88747 26.3362
      vertex 16.591 -8.4 25.8282
      vertex 16.2339 -7.1838 25.8282
    endloop
  endfacet
  facet normal 0.654834 -0.755772 0
    outer loop
      vertex 14.784 -11.2116 24.1718
      vertex 16.1003 -10.0711 25.8282
      vertex 14.784 -11.2116 25.8282
    endloop
  endfacet
  facet normal 0.654834 -0.755772 0
    outer loop
      vertex 16.1003 -10.0711 25.8282
      vertex 14.784 -11.2116 24.1718
      vertex 16.1003 -10.0711 24.1718
    endloop
  endfacet
  facet normal -0.614261 0.394759 0.683263
    outer loop
      vertex 12.0182 -6.68993 27.2627
      vertex 9.89143 -6.61566 25.3078
      vertex 11.3289 -7.76251 27.2627
    endloop
  endfacet
  facet normal 0.572808 -0.661102 0.484597
    outer loop
      vertex 15.4035 -9.62333 27.2627
      vertex 14.784 -11.2116 25.8282
      vertex 16.1003 -10.0711 25.8282
    endloop
  endfacet
  facet normal 0.572808 -0.661102 -0.484597
    outer loop
      vertex 16.1003 -10.0711 24.1718
      vertex 14.784 -11.2116 24.1718
      vertex 15.4035 -9.62333 22.7373
    endloop
  endfacet
  facet normal -0.488296 0.672083 0.556661
    outer loop
      vertex 9.89143 -6.61566 25.3078
      vertex 11.2912 -5.86918 25.6344
      vertex 10.9016 -5.88173 25.3078
    endloop
  endfacet
  facet normal -0.488284 0.672024 0.556744
    outer loop
      vertex 11.2912 -5.86918 25.6344
      vertex 9.89143 -6.61566 25.3078
      vertex 12.0182 -6.68993 27.2627
    endloop
  endfacet
  facet normal -0.615336 -0.610266 0.498936
    outer loop
      vertex 12.0182 -10.1101 27.2627
      vertex 9.89143 -9.56393 25.3078
      vertex 11.4758 -10.736 25.8282
    endloop
  endfacet
  facet normal 0.124494 0.865818 0.484624
    outer loop
      vertex 13.5588 -6.02467 26.9226
      vertex 14.44 -6.34174 27.2627
      vertex 14.4888 -6.23474 27.059
    endloop
  endfacet
  facet normal 0.124486 0.865811 0.484639
    outer loop
      vertex 14.44 -6.34174 27.2627
      vertex 13.5588 -6.02467 26.9226
      vertex 13.178 -6.16029 27.2627
    endloop
  endfacet
  facet normal 0.641909 0.18848 -0.743255
    outer loop
      vertex 15.7627 -8.4 22.7373
      vertex 14.4284 -8.0898 21.6636
      vertex 15.4035 -7.17667 22.7373
    endloop
  endfacet
  facet normal 0.0733811 0.510372 0.856817
    outer loop
      vertex 14.44 -6.34174 27.2627
      vertex 13.178 -6.16029 27.2627
      vertex 13.8441 -7.64662 28.091
    endloop
  endfacet
  facet normal 0.124448 0.865835 0.484606
    outer loop
      vertex 13.5588 -6.02467 26.9226
      vertex 13.145 -5.93122 26.8619
      vertex 13.178 -6.16029 27.2627
    endloop
  endfacet
  facet normal -0.433769 0.278764 0.856817
    outer loop
      vertex 12.0182 -6.68993 27.2627
      vertex 11.3289 -7.76251 27.2627
      vertex 12.9576 -7.77407 28.091
    endloop
  endfacet
  facet normal -0.748985 -0.243363 0.616276
    outer loop
      vertex 11.3289 -9.03749 27.2627
      vertex 9.41245 -8.0898 25.3078
      vertex 9.89143 -9.56393 25.3078
    endloop
  endfacet
  facet normal 0.572884 0.661101 0.484509
    outer loop
      vertex 15.4035 -7.17667 27.2627
      vertex 14.4888 -6.23474 27.059
      vertex 14.44 -6.34174 27.2627
    endloop
  endfacet
  facet normal 0.572782 0.661045 0.484706
    outer loop
      vertex 14.4888 -6.23474 27.059
      vertex 15.4035 -7.17667 27.2627
      vertex 15.1617 -6.55654 26.7027
    endloop
  endfacet
  facet normal 0.604316 0.627249 -0.491285
    outer loop
      vertex 15.4035 -7.17667 22.7373
      vertex 14.3453 -6.6365 22.1253
      vertex 15.4123 -7.17105 22.7553
    endloop
  endfacet
  facet normal 0.604118 0.628722 -0.489642
    outer loop
      vertex 14.3453 -6.6365 22.1253
      vertex 15.4035 -7.17667 22.7373
      vertex 13.9494 -6.61566 21.6636
    endloop
  endfacet
  facet normal 0.31506 -0.807072 -0.499371
    outer loop
      vertex 14.784 -11.2116 24.1718
      vertex 12.6954 -10.475 21.6636
      vertex 14.44 -10.4583 22.7373
    endloop
  endfacet
  facet normal -0.196961 -0.980411 -0
    outer loop
      vertex 13.0601 -11.4595 25.8282
      vertex 10.9625 -11.0381 23.4857
      vertex 13.0601 -11.4595 24.1718
    endloop
  endfacet
  facet normal 0.95949 -0.281744 0
    outer loop
      vertex 16.1003 -10.0711 25.8282
      vertex 16.591 -8.4 24.1718
      vertex 16.591 -8.4 25.8282
    endloop
  endfacet
  facet normal 0.95949 -0.281744 0
    outer loop
      vertex 16.591 -8.4 24.1718
      vertex 16.1003 -10.0711 25.8282
      vertex 16.1003 -10.0711 24.1718
    endloop
  endfacet
  facet normal 0.427745 -0.588749 -0.685863
    outer loop
      vertex 14.44 -10.4583 22.7373
      vertex 12.6954 -10.475 21.6636
      vertex 13.9494 -9.56393 21.6636
    endloop
  endfacet
  facet normal -0.668433 -0.42956 0.607187
    outer loop
      vertex 11.3289 -9.03749 27.2627
      vertex 9.89143 -9.56393 25.3078
      vertex 12.0182 -10.1101 27.2627
    endloop
  endfacet
  facet normal 0.839293 0.246437 0.484619
    outer loop
      vertex 16.591 -8.4 25.8282
      vertex 15.4035 -7.17667 27.2627
      vertex 15.7627 -8.4 27.2627
    endloop
  endfacet
  facet normal -0.289985 0.820418 0.492771
    outer loop
      vertex 13.145 -5.93122 26.8619
      vertex 11.957 -5.88654 26.0884
      vertex 13.178 -6.16029 27.2627
    endloop
  endfacet
  facet normal 0.57289 -0.661077 0.484534
    outer loop
      vertex 15.4035 -9.62333 27.2627
      vertex 14.44 -10.4583 27.2627
      vertex 14.784 -11.2116 25.8282
    endloop
  endfacet
  facet normal 0.579211 0.668508 -0.466489
    outer loop
      vertex 14.3453 -6.6365 22.1253
      vertex 13.9494 -6.61566 21.6636
      vertex 14.0491 -6.49291 21.9633
    endloop
  endfacet
  facet normal 0.839295 -0.24645 -0.48461
    outer loop
      vertex 16.1003 -10.0711 24.1718
      vertex 15.4035 -9.62333 22.7373
      vertex 16.591 -8.4 24.1718
    endloop
  endfacet
  facet normal 0.12446 -0.865869 0.484541
    outer loop
      vertex 14.44 -10.4583 27.2627
      vertex 13.178 -10.6397 27.2627
      vertex 14.784 -11.2116 25.8282
    endloop
  endfacet
  facet normal 0.479869 -0.553737 -0.680515
    outer loop
      vertex 14.44 -10.4583 22.7373
      vertex 13.9494 -9.56393 21.6636
      vertex 15.4035 -9.62333 22.7373
    endloop
  endfacet
  facet normal 0.57289 -0.661077 -0.484534
    outer loop
      vertex 14.784 -11.2116 24.1718
      vertex 14.44 -10.4583 22.7373
      vertex 15.4035 -9.62333 22.7373
    endloop
  endfacet
  facet normal 0.578441 -0.187957 -0.793775
    outer loop
      vertex 15.4035 -9.62333 22.7373
      vertex 13.9494 -9.56393 21.6636
      vertex 14.4284 -8.0898 21.6636
    endloop
  endfacet
  facet normal 0.631365 0.205153 -0.747858
    outer loop
      vertex 14.4284 -8.0898 21.6636
      vertex 13.9494 -6.61566 21.6636
      vertex 15.4035 -7.17667 22.7373
    endloop
  endfacet
  facet normal 0.839295 -0.24645 0.48461
    outer loop
      vertex 16.591 -8.4 25.8282
      vertex 15.4035 -9.62333 27.2627
      vertex 16.1003 -10.0711 25.8282
    endloop
  endfacet
  facet normal -0.629079 -0.716216 0.30215
    outer loop
      vertex 9.71347 -9.73765 24.5255
      vertex 11.4758 -10.736 25.8282
      vertex 9.89143 -9.56393 25.3078
    endloop
  endfacet
  facet normal -0.62909 -0.716192 0.302184
    outer loop
      vertex 9.55958 -9.88787 23.8491
      vertex 11.4758 -10.736 25.8282
      vertex 9.71347 -9.73765 24.5255
    endloop
  endfacet
  facet normal -0.629022 -0.716299 0.302072
    outer loop
      vertex 11.4758 -10.736 25.8282
      vertex 9.55958 -9.88787 23.8491
      vertex 9.48602 -9.94131 23.5692
    endloop
  endfacet
  facet normal 0.337676 0.389674 0.856814
    outer loop
      vertex 14.44 -6.34174 27.2627
      vertex 13.8441 -7.64662 28.091
      vertex 15.4035 -7.17667 27.2627
    endloop
  endfacet
  facet normal -0.713753 0.231914 0.660888
    outer loop
      vertex 9.89143 -6.61566 25.3078
      vertex 9.41245 -8.0898 25.3078
      vertex 11.3289 -7.76251 27.2627
    endloop
  endfacet
  facet normal -0.714095 0 0.700049
    outer loop
      vertex 11.3289 -7.76251 27.2627
      vertex 9.41245 -8.0898 25.3078
      vertex 11.3289 -9.03749 27.2627
    endloop
  endfacet
  facet normal 0.839293 -0.246437 0.484619
    outer loop
      vertex 15.7627 -8.4 27.2627
      vertex 15.4035 -9.62333 27.2627
      vertex 16.591 -8.4 25.8282
    endloop
  endfacet
  facet normal 0.592496 -0.173972 -0.786564
    outer loop
      vertex 15.4035 -9.62333 22.7373
      vertex 14.4284 -8.0898 21.6636
      vertex 15.7627 -8.4 22.7373
    endloop
  endfacet
  facet normal 0 -0.930861 -0.365374
    outer loop
      vertex 13.0601 -11.4595 24.1718
      vertex 11.1454 -10.475 21.6636
      vertex 12.6954 -10.475 21.6636
    endloop
  endfacet
  facet normal 0.131735 -0.916084 -0.378729
    outer loop
      vertex 13.0601 -11.4595 24.1718
      vertex 12.6954 -10.475 21.6636
      vertex 14.784 -11.2116 24.1718
    endloop
  endfacet
  facet normal -0.214174 -0.469031 0.85682
    outer loop
      vertex 12.9576 -9.02593 28.091
      vertex 12.0182 -10.1101 27.2627
      vertex 13.178 -10.6397 27.2627
    endloop
  endfacet
  facet normal -0.214189 0.469028 0.856817
    outer loop
      vertex 13.178 -6.16029 27.2627
      vertex 12.0182 -6.68993 27.2627
      vertex 12.9576 -7.77407 28.091
    endloop
  endfacet
  facet normal 0.839251 0.246479 -0.484672
    outer loop
      vertex 16.4317 -7.85759 24.1718
      vertex 16.591 -8.4 24.1718
      vertex 16.3441 -7.89714 24
    endloop
  endfacet
  facet normal 0.839224 0.243385 -0.486278
    outer loop
      vertex 16.3441 -7.89714 24
      vertex 15.4035 -7.17667 22.7373
      vertex 15.4123 -7.17105 22.7553
    endloop
  endfacet
  facet normal 0.839309 0.246555 -0.484532
    outer loop
      vertex 15.4035 -7.17667 22.7373
      vertex 16.3441 -7.89714 24
      vertex 16.591 -8.4 24.1718
    endloop
  endfacet
  facet normal 0.959495 0.281726 -2.19327e-05
    outer loop
      vertex 16.591 -8.4 25.8282
      vertex 16.4317 -7.85759 24.1718
      vertex 16.2339 -7.1838 25.8282
    endloop
  endfacet
  facet normal 0.959477 0.281788 0
    outer loop
      vertex 16.4317 -7.85759 24.1718
      vertex 16.591 -8.4 25.8282
      vertex 16.591 -8.4 24.1718
    endloop
  endfacet
  facet normal 0.520002 0.715757 -0.466144
    outer loop
      vertex 13.9494 -6.61566 21.6636
      vertex 13.3605 -6.18782 21.6636
      vertex 14.0491 -6.49291 21.9633
    endloop
  endfacet
  facet normal -0.349248 0.76478 0.541421
    outer loop
      vertex 11.957 -5.88654 26.0884
      vertex 12.0182 -6.68993 27.2627
      vertex 13.178 -6.16029 27.2627
    endloop
  endfacet
  facet normal -0.349247 0.764781 0.541421
    outer loop
      vertex 12.0182 -6.68993 27.2627
      vertex 11.957 -5.88654 26.0884
      vertex 11.2912 -5.86918 25.6344
    endloop
  endfacet
  facet normal 0.124509 -0.865839 0.484583
    outer loop
      vertex 13.178 -10.6397 27.2627
      vertex 13.0601 -11.4595 25.8282
      vertex 14.784 -11.2116 25.8282
    endloop
  endfacet
  facet normal -0.363369 -0.795695 0.484595
    outer loop
      vertex 13.178 -10.6397 27.2627
      vertex 11.4758 -10.736 25.8282
      vertex 13.0601 -11.4595 25.8282
    endloop
  endfacet
  facet normal -0.363349 -0.795718 0.484573
    outer loop
      vertex 12.0182 -10.1101 27.2627
      vertex 11.4758 -10.736 25.8282
      vertex 13.178 -10.6397 27.2627
    endloop
  endfacet
  facet normal 0.494737 -0.145267 0.856815
    outer loop
      vertex 15.7627 -8.4 27.2627
      vertex 14.3282 -8.4 28.091
      vertex 15.4035 -9.62333 27.2627
    endloop
  endfacet
  facet normal 0.494737 0.145267 0.856815
    outer loop
      vertex 15.4035 -7.17667 27.2627
      vertex 14.3282 -8.4 28.091
      vertex 15.7627 -8.4 27.2627
    endloop
  endfacet
  facet normal 0.839293 0.246437 -0.484619
    outer loop
      vertex 15.7627 -8.4 22.7373
      vertex 15.4035 -7.17667 22.7373
      vertex 16.591 -8.4 24.1718
    endloop
  endfacet
  facet normal 0.839293 -0.246437 -0.484619
    outer loop
      vertex 16.591 -8.4 24.1718
      vertex 15.4035 -9.62333 22.7373
      vertex 15.7627 -8.4 22.7373
    endloop
  endfacet
  facet normal -0.0916883 -0.948759 -0.302407
    outer loop
      vertex 13.0601 -11.4595 24.1718
      vertex 10.9625 -11.0381 23.4857
      vertex 11.1454 -10.475 21.6636
    endloop
  endfacet
  facet normal 0.142338 -0.989818 0
    outer loop
      vertex 13.0601 -11.4595 24.1718
      vertex 14.784 -11.2116 25.8282
      vertex 13.0601 -11.4595 25.8282
    endloop
  endfacet
  facet normal 0.142338 -0.989818 0
    outer loop
      vertex 14.784 -11.2116 25.8282
      vertex 13.0601 -11.4595 24.1718
      vertex 14.784 -11.2116 24.1718
    endloop
  endfacet
  facet normal 0.337681 -0.389662 0.856817
    outer loop
      vertex 15.4035 -9.62333 27.2627
      vertex 13.8441 -9.15338 28.091
      vertex 14.44 -10.4583 27.2627
    endloop
  endfacet
  facet normal 0.337699 0.389623 0.856828
    outer loop
      vertex 15.4035 -7.17667 27.2627
      vertex 13.8441 -7.64662 28.091
      vertex 14.1967 -7.95223 28.091
    endloop
  endfacet
  facet normal -0.406671 -0.890517 0.203957
    outer loop
      vertex 11.4758 -10.736 25.8282
      vertex 10.9625 -11.0381 23.4857
      vertex 13.0601 -11.4595 25.8282
    endloop
  endfacet
  facet normal -0.572415 -0.787911 0.227019
    outer loop
      vertex 9.66068 -10.0682 23.5692
      vertex 11.4758 -10.736 25.8282
      vertex 9.48602 -9.94131 23.5692
    endloop
  endfacet
  facet normal -0.572439 -0.787886 0.227045
    outer loop
      vertex 11.4758 -10.736 25.8282
      vertex 9.66068 -10.0682 23.5692
      vertex 10.9625 -11.0381 23.4857
    endloop
  endfacet
  facet normal -0.433769 0.278764 0.856817
    outer loop
      vertex 12.9576 -7.77407 28.091
      vertex 11.3289 -7.76251 27.2627
      vertex 12.7053 -8.16666 28.091
    endloop
  endfacet
  facet normal -0.214195 0.469029 0.856815
    outer loop
      vertex 13.178 -6.16029 27.2627
      vertex 12.9576 -7.77407 28.091
      vertex 13.3821 -7.58021 28.091
    endloop
  endfacet
  facet normal 0 0 1
    outer loop
      vertex 14.1967 -7.95223 28.091
      vertex 14.1967 -8.84777 28.091
      vertex 14.3282 -8.4 28.091
    endloop
  endfacet
  facet normal 0 0 1
    outer loop
      vertex 13.8441 -7.64662 28.091
      vertex 14.1967 -8.84777 28.091
      vertex 14.1967 -7.95223 28.091
    endloop
  endfacet
  facet normal 0 0 1
    outer loop
      vertex 13.8441 -7.64662 28.091
      vertex 13.8441 -9.15338 28.091
      vertex 14.1967 -8.84777 28.091
    endloop
  endfacet
  facet normal 0 0 1
    outer loop
      vertex 13.3821 -7.58021 28.091
      vertex 13.8441 -9.15338 28.091
      vertex 13.8441 -7.64662 28.091
    endloop
  endfacet
  facet normal 0 0 1
    outer loop
      vertex 13.3821 -7.58021 28.091
      vertex 13.3821 -9.21979 28.091
      vertex 13.8441 -9.15338 28.091
    endloop
  endfacet
  facet normal -0 0 1
    outer loop
      vertex 12.9576 -7.77407 28.091
      vertex 13.3821 -9.21979 28.091
      vertex 13.3821 -7.58021 28.091
    endloop
  endfacet
  facet normal 0 0 1
    outer loop
      vertex 12.9576 -7.77407 28.091
      vertex 12.9576 -9.02593 28.091
      vertex 13.3821 -9.21979 28.091
    endloop
  endfacet
  facet normal -0 0 1
    outer loop
      vertex 12.7053 -8.16666 28.091
      vertex 12.9576 -9.02593 28.091
      vertex 12.9576 -7.77407 28.091
    endloop
  endfacet
  facet normal 0 0 1
    outer loop
      vertex 12.9576 -9.02593 28.091
      vertex 12.7053 -8.16666 28.091
      vertex 12.7053 -8.63334 28.091
    endloop
  endfacet
  facet normal 0.494719 0.145288 0.856822
    outer loop
      vertex 15.4035 -7.17667 27.2627
      vertex 14.1967 -7.95223 28.091
      vertex 14.3282 -8.4 28.091
    endloop
  endfacet
  facet normal 0.494719 -0.145288 0.856822
    outer loop
      vertex 14.3282 -8.4 28.091
      vertex 14.1967 -8.84777 28.091
      vertex 15.4035 -9.62333 27.2627
    endloop
  endfacet
  facet normal -0.433769 -0.278764 0.856817
    outer loop
      vertex 12.7053 -8.63334 28.091
      vertex 11.3289 -9.03749 27.2627
      vertex 12.9576 -9.02593 28.091
    endloop
  endfacet
  facet normal 0.0733624 0.510366 0.856822
    outer loop
      vertex 13.8441 -7.64662 28.091
      vertex 13.178 -6.16029 27.2627
      vertex 13.3821 -7.58021 28.091
    endloop
  endfacet
  facet normal -0.515621 0 0.856817
    outer loop
      vertex 11.3289 -7.76251 27.2627
      vertex 12.7053 -8.63334 28.091
      vertex 12.7053 -8.16666 28.091
    endloop
  endfacet
  facet normal -0.515621 0 0.856817
    outer loop
      vertex 12.7053 -8.63334 28.091
      vertex 11.3289 -7.76251 27.2627
      vertex 11.3289 -9.03749 27.2627
    endloop
  endfacet
  facet normal -0.43377 -0.278757 0.856819
    outer loop
      vertex 12.9576 -9.02593 28.091
      vertex 11.3289 -9.03749 27.2627
      vertex 12.0182 -10.1101 27.2627
    endloop
  endfacet
  facet normal -0.214196 -0.469031 0.856814
    outer loop
      vertex 13.3821 -9.21979 28.091
      vertex 12.9576 -9.02593 28.091
      vertex 13.178 -10.6397 27.2627
    endloop
  endfacet
  facet normal 0.0733604 -0.510369 0.856821
    outer loop
      vertex 13.3821 -9.21979 28.091
      vertex 13.178 -10.6397 27.2627
      vertex 14.44 -10.4583 27.2627
    endloop
  endfacet
  facet normal 0.0733625 -0.510367 0.856822
    outer loop
      vertex 13.8441 -9.15338 28.091
      vertex 13.3821 -9.21979 28.091
      vertex 14.44 -10.4583 27.2627
    endloop
  endfacet
  facet normal 0.337699 -0.389623 0.856828
    outer loop
      vertex 14.1967 -8.84777 28.091
      vertex 13.8441 -9.15338 28.091
      vertex 15.4035 -9.62333 27.2627
    endloop
  endfacet
  facet normal 0.668444 0.217201 -0.711341
    outer loop
      vertex 14.4284 -8.0898 21.6636
      vertex 12.4023 -6.24688 20.3224
      vertex 13.9494 -6.61566 21.6636
    endloop
  endfacet
  facet normal -0.558491 -0.775064 0.295573
    outer loop
      vertex 9.66068 -10.0682 23.5692
      vertex 9.51172 -10.5266 22.0857
      vertex 10.9625 -11.0381 23.4857
    endloop
  endfacet
  facet normal 0.534949 0.736181 -0.414569
    outer loop
      vertex 12.4023 -6.24688 20.3224
      vertex 11.9303 -5.53223 20.9824
      vertex 12.6181 -5.84754 21.31
    endloop
  endfacet
  facet normal 0.534883 0.736194 -0.414631
    outer loop
      vertex 11.9303 -5.53223 20.9824
      vertex 12.4023 -6.24688 20.3224
      vertex 11.1888 -5.36521 20.3224
    endloop
  endfacet
  facet normal -0.5616 -0.772968 0.295172
    outer loop
      vertex 8.47525 -9.10005 23.8491
      vertex 9.48602 -9.94131 23.5692
      vertex 9.55958 -9.88787 23.8491
    endloop
  endfacet
  facet normal -0.561562 -0.772972 0.295235
    outer loop
      vertex 9.48602 -9.94131 23.5692
      vertex 9.51172 -10.5266 22.0857
      vertex 9.66068 -10.0682 23.5692
    endloop
  endfacet
  facet normal -0.561578 -0.772961 0.29523
    outer loop
      vertex 9.51172 -10.5266 22.0857
      vertex 9.48602 -9.94131 23.5692
      vertex 8.47525 -9.10005 23.8491
    endloop
  endfacet
  facet normal -0.672008 0.21835 0.707622
    outer loop
      vertex 8.47525 -6.24688 23.8491
      vertex 8.01172 -7.67347 23.8491
      vertex 9.41245 -8.0898 25.3078
    endloop
  endfacet
  facet normal -0.733597 -0.238363 0.636411
    outer loop
      vertex 9.41245 -8.0898 25.3078
      vertex 8.01172 -7.67347 23.8491
      vertex 8.47525 -9.10005 23.8491
    endloop
  endfacet
  facet normal -0.0471859 -0.953006 -0.299253
    outer loop
      vertex 10.9625 -11.0381 23.4857
      vertex 9.68878 -9.98173 20.3224
      vertex 11.1454 -10.475 21.6636
    endloop
  endfacet
  facet normal 0.458731 0.834922 -0.304091
    outer loop
      vertex 11.1888 -5.36521 20.3224
      vertex 11.2854 -5.26353 20.7473
      vertex 11.9303 -5.53223 20.9824
    endloop
  endfacet
  facet normal 0.458755 0.834908 -0.304093
    outer loop
      vertex 11.2854 -5.26353 20.7473
      vertex 11.1888 -5.36521 20.3224
      vertex 11.2294 -5.24019 20.7269
    endloop
  endfacet
  facet normal 0.668432 0.217174 -0.71136
    outer loop
      vertex 12.8658 -7.67347 20.3224
      vertex 12.4023 -6.24688 20.3224
      vertex 14.4284 -8.0898 21.6636
    endloop
  endfacet
  facet normal -0.672008 0.21835 0.707622
    outer loop
      vertex 9.89143 -6.61566 25.3078
      vertex 8.47525 -6.24688 23.8491
      vertex 9.41245 -8.0898 25.3078
    endloop
  endfacet
  facet normal 0.424489 -0.584245 -0.691713
    outer loop
      vertex 12.6954 -10.475 21.6636
      vertex 11.1888 -9.98173 20.3224
      vertex 12.4023 -9.10005 20.3224
    endloop
  endfacet
  facet normal -0.464517 0.639354 0.61274
    outer loop
      vertex 10.2677 -5.88284 24.8284
      vertex 9.89143 -6.61566 25.3078
      vertex 10.9016 -5.88173 25.3078
    endloop
  endfacet
  facet normal -0.464589 0.639355 0.612685
    outer loop
      vertex 9.89143 -6.61566 25.3078
      vertex 10.2677 -5.88284 24.8284
      vertex 8.47525 -6.24688 23.8491
    endloop
  endfacet
  facet normal -0.733597 -0.238363 0.636411
    outer loop
      vertex 9.41245 -8.0898 25.3078
      vertex 8.47525 -9.10005 23.8491
      vertex 9.89143 -9.56393 25.3078
    endloop
  endfacet
  facet normal -0.0472456 -0.953011 -0.29923
    outer loop
      vertex 10.9625 -11.0381 23.4857
      vertex 9.51172 -10.5266 22.0857
      vertex 9.68878 -9.98173 20.3224
    endloop
  endfacet
  facet normal -0.56088 -0.772008 0.299025
    outer loop
      vertex 9.89143 -9.56393 25.3078
      vertex 8.47525 -9.10005 23.8491
      vertex 9.71347 -9.73765 24.5255
    endloop
  endfacet
  facet normal 0.534881 0.736236 -0.414558
    outer loop
      vertex 12.4023 -6.24688 20.3224
      vertex 13.3605 -6.18782 21.6636
      vertex 13.9494 -6.61566 21.6636
    endloop
  endfacet
  facet normal 0.534902 0.736213 -0.414572
    outer loop
      vertex 13.3605 -6.18782 21.6636
      vertex 12.4023 -6.24688 20.3224
      vertex 12.6181 -5.84754 21.31
    endloop
  endfacet
  facet normal 0.607665 -0.197432 -0.769262
    outer loop
      vertex 14.4284 -8.0898 21.6636
      vertex 12.4023 -9.10005 20.3224
      vertex 12.8658 -7.67347 20.3224
    endloop
  endfacet
  facet normal -0.464556 0.639483 0.612576
    outer loop
      vertex 9.17272 -5.88475 24
      vertex 8.47525 -6.24688 23.8491
      vertex 10.2677 -5.88284 24.8284
    endloop
  endfacet
  facet normal -0.464526 0.639366 0.612721
    outer loop
      vertex 8.47525 -6.24688 23.8491
      vertex 9.17272 -5.88475 24
      vertex 9.08507 -5.80382 23.8491
    endloop
  endfacet
  facet normal -0 -0.938537 -0.345178
    outer loop
      vertex 11.1888 -9.98173 20.3224
      vertex 11.1454 -10.475 21.6636
      vertex 9.68878 -9.98173 20.3224
    endloop
  endfacet
  facet normal 0 -0.938537 -0.345178
    outer loop
      vertex 11.1454 -10.475 21.6636
      vertex 11.1888 -9.98173 20.3224
      vertex 12.6954 -10.475 21.6636
    endloop
  endfacet
  facet normal -0.561573 -0.772963 0.295235
    outer loop
      vertex 8.47525 -9.10005 23.8491
      vertex 8.01172 -9.43682 22.0857
      vertex 9.51172 -10.5266 22.0857
    endloop
  endfacet
  facet normal -0.560889 -0.771989 0.299059
    outer loop
      vertex 9.71347 -9.73765 24.5255
      vertex 8.47525 -9.10005 23.8491
      vertex 9.55958 -9.88787 23.8491
    endloop
  endfacet
  facet normal 0.60767 -0.197455 -0.769252
    outer loop
      vertex 13.9494 -9.56393 21.6636
      vertex 12.4023 -9.10005 20.3224
      vertex 14.4284 -8.0898 21.6636
    endloop
  endfacet
  facet normal 0.424476 -0.584251 -0.691716
    outer loop
      vertex 12.6954 -10.475 21.6636
      vertex 12.4023 -9.10005 20.3224
      vertex 13.9494 -9.56393 21.6636
    endloop
  endfacet
  facet normal 0.515098 0.802952 -0.299903
    outer loop
      vertex 10.5171 -5.01607 20.1035
      vertex 10.746 -5.01732 20.4933
      vertex 11.1888 -5.36521 20.3224
    endloop
  endfacet
  facet normal 0.515078 0.802969 -0.299891
    outer loop
      vertex 10.746 -5.01732 20.4933
      vertex 10.5171 -5.01607 20.1035
      vertex 10.3542 -4.83673 20.3039
    endloop
  endfacet
  facet normal 0.515083 0.803018 -0.299753
    outer loop
      vertex 10.5171 -5.01607 20.1035
      vertex 11.1888 -5.36521 20.3224
      vertex 10.4402 -5.12845 19.6703
    endloop
  endfacet
  facet normal 0.549254 0.755974 -0.356123
    outer loop
      vertex 10.6076 -5.33855 19.4826
      vertex 11.1888 -5.36521 20.3224
      vertex 12.4023 -6.24688 20.3224
    endloop
  endfacet
  facet normal 0.549331 0.755892 -0.356179
    outer loop
      vertex 11.1888 -5.36521 20.3224
      vertex 10.6076 -5.33855 19.4826
      vertex 10.4402 -5.12845 19.6703
    endloop
  endfacet
  facet normal -0.139993 -0.941964 -0.305133
    outer loop
      vertex 9.68878 -9.98173 20.3224
      vertex 8.15895 -9.90908 20.8
      vertex 8.3301 -9.38234 19.0954
    endloop
  endfacet
  facet normal -0.44517 0.612774 0.65294
    outer loop
      vertex 8.50795 -5.32849 23.0095
      vertex 8.3301 -4.9197 22.5046
      vertex 8.47525 -6.24688 23.8491
    endloop
  endfacet
  facet normal -0.445201 0.612756 0.652936
    outer loop
      vertex 8.3301 -4.9197 22.5046
      vertex 8.50795 -5.32849 23.0095
      vertex 8.60406 -5.00953 22.7757
    endloop
  endfacet
  facet normal -0.445108 0.612794 0.652964
    outer loop
      vertex 8.47525 -6.24688 23.8491
      vertex 8.74004 -5.51964 23.3471
      vertex 8.50795 -5.32849 23.0095
    endloop
  endfacet
  facet normal -0.445216 0.612787 0.652898
    outer loop
      vertex 8.74004 -5.51964 23.3471
      vertex 8.47525 -6.24688 23.8491
      vertex 9.08507 -5.80382 23.8491
    endloop
  endfacet
  facet normal 0 0.949246 0.314536
    outer loop
      vertex 8.71549 -4.9197 22.5046
      vertex 8.3301 -4.9197 22.5046
      vertex 8.60406 -5.00953 22.7757
    endloop
  endfacet
  facet normal 0.671287 0.218127 -0.708375
    outer loop
      vertex 11.4013 -7.15102 19.0954
      vertex 10.9532 -5.77199 19.0954
      vertex 12.4023 -6.24688 20.3224
    endloop
  endfacet
  facet normal -0.139992 -0.941965 -0.30513
    outer loop
      vertex 9.51172 -10.5266 22.0857
      vertex 8.15895 -9.90908 20.8
      vertex 9.68878 -9.98173 20.3224
    endloop
  endfacet
  facet normal -0.658653 0.214012 0.72137
    outer loop
      vertex 7.15703 -5.77199 22.5046
      vertex 6.70895 -7.15102 22.5046
      vertex 8.47525 -6.24688 23.8491
    endloop
  endfacet
  facet normal -0.742122 -0.241133 0.625388
    outer loop
      vertex 8.01172 -7.67347 23.8491
      vertex 6.70895 -7.15102 22.5046
      vertex 8.47525 -9.10005 23.8491
    endloop
  endfacet
  facet normal 0.515112 0.802954 -0.299874
    outer loop
      vertex 11.1888 -5.36521 20.3224
      vertex 10.746 -5.01732 20.4933
      vertex 11.2294 -5.24019 20.7269
    endloop
  endfacet
  facet normal 0.577341 -0.1876 -0.794659
    outer loop
      vertex 10.9532 -8.53005 19.0954
      vertex 9.95125 -7.15102 18.0419
      vertex 11.4013 -7.15102 19.0954
    endloop
  endfacet
  facet normal 0.549243 0.756011 -0.356061
    outer loop
      vertex 10.9532 -5.77199 19.0954
      vertex 10.6076 -5.33855 19.4826
      vertex 12.4023 -6.24688 20.3224
    endloop
  endfacet
  facet normal 0.589304 -0.191467 -0.784896
    outer loop
      vertex 12.4023 -9.10005 20.3224
      vertex 11.4013 -7.15102 19.0954
      vertex 12.8658 -7.67347 20.3224
    endloop
  endfacet
  facet normal -0.620451 -0.724028 0.301372
    outer loop
      vertex 7.15703 -8.53005 22.5046
      vertex 6.70895 -8.8556 20.8
      vertex 8.47525 -9.10005 23.8491
    endloop
  endfacet
  facet normal -0.4452 0.612762 0.652931
    outer loop
      vertex 8.3301 -4.9197 22.5046
      vertex 7.15703 -5.77199 22.5046
      vertex 8.47525 -6.24688 23.8491
    endloop
  endfacet
  facet normal 0.589286 -0.191482 -0.784906
    outer loop
      vertex 12.4023 -9.10005 20.3224
      vertex 10.9532 -8.53005 19.0954
      vertex 11.4013 -7.15102 19.0954
    endloop
  endfacet
  facet normal 0.6713 0.218106 -0.708369
    outer loop
      vertex 12.8658 -7.67347 20.3224
      vertex 11.4013 -7.15102 19.0954
      vertex 12.4023 -6.24688 20.3224
    endloop
  endfacet
  facet normal -0.742122 -0.241133 0.625388
    outer loop
      vertex 8.47525 -9.10005 23.8491
      vertex 6.70895 -7.15102 22.5046
      vertex 7.15703 -8.53005 22.5046
    endloop
  endfacet
  facet normal -0.572842 -0.788455 0.224032
    outer loop
      vertex 9.51172 -10.5266 22.0857
      vertex 6.70895 -8.8556 20.8
      vertex 8.15895 -9.90908 20.8
    endloop
  endfacet
  facet normal 0.401337 -0.552404 -0.730601
    outer loop
      vertex 12.4023 -9.10005 20.3224
      vertex 9.7801 -9.38234 19.0954
      vertex 10.9532 -8.53005 19.0954
    endloop
  endfacet
  facet normal 0.401341 -0.552385 -0.730614
    outer loop
      vertex 11.1888 -9.98173 20.3224
      vertex 9.7801 -9.38234 19.0954
      vertex 12.4023 -9.10005 20.3224
    endloop
  endfacet
  facet normal -0 -0.898522 -0.438928
    outer loop
      vertex 9.7801 -9.38234 19.0954
      vertex 9.68878 -9.98173 20.3224
      vertex 8.3301 -9.38234 19.0954
    endloop
  endfacet
  facet normal 0 -0.898522 -0.438928
    outer loop
      vertex 9.68878 -9.98173 20.3224
      vertex 9.7801 -9.38234 19.0954
      vertex 11.1888 -9.98173 20.3224
    endloop
  endfacet
  facet normal -0.658653 0.214011 0.721371
    outer loop
      vertex 8.47525 -6.24688 23.8491
      vertex 6.70895 -7.15102 22.5046
      vertex 8.01172 -7.67347 23.8491
    endloop
  endfacet
  facet normal 0.577347 -0.187594 -0.794656
    outer loop
      vertex 10.9532 -8.53005 19.0954
      vertex 9.7801 -7.67776 18.0419
      vertex 9.95125 -7.15102 18.0419
    endloop
  endfacet
  facet normal -0.62044 -0.724039 0.301365
    outer loop
      vertex 8.47525 -9.10005 23.8491
      vertex 6.70895 -8.8556 20.8
      vertex 8.01172 -9.43682 22.0857
    endloop
  endfacet
  facet normal -0.572837 -0.788467 0.224004
    outer loop
      vertex 8.01172 -9.43682 22.0857
      vertex 6.70895 -8.8556 20.8
      vertex 9.51172 -10.5266 22.0857
    endloop
  endfacet
  facet normal 0 0.890636 0.454717
    outer loop
      vertex 8.96906 -4.60474 21.8877
      vertex 8.3301 -4.9197 22.5046
      vertex 8.71549 -4.9197 22.5046
    endloop
  endfacet
  facet normal -1.24187e-06 0.890637 0.454716
    outer loop
      vertex 8.3301 -4.9197 22.5046
      vertex 8.96906 -4.60474 21.8877
      vertex 8.16274 -4.29162 21.2744
    endloop
  endfacet
  facet normal -0.40635 0.559289 0.722548
    outer loop
      vertex 8.3301 -4.9197 22.5046
      vertex 6.63676 -4.56069 21.2744
      vertex 7.15703 -5.77199 22.5046
    endloop
  endfacet
  facet normal 0.130955 0.942068 0.308803
    outer loop
      vertex 9.18046 -4.46551 21.3733
      vertex 8.16274 -4.29162 21.2744
      vertex 8.96906 -4.60474 21.8877
    endloop
  endfacet
  facet normal 0.130951 0.942059 0.308832
    outer loop
      vertex 8.16274 -4.29162 21.2744
      vertex 9.18046 -4.46551 21.3733
      vertex 8.2556 -3.76499 19.6286
    endloop
  endfacet
  facet normal 0.483926 0.838281 -0.251198
    outer loop
      vertex 9.92674 -4.61175 20.0226
      vertex 9.91431 -4.72264 19.6286
      vertex 9.76499 -4.53974 19.9513
    endloop
  endfacet
  facet normal 0.48397 0.838259 -0.251186
    outer loop
      vertex 9.76499 -4.53974 19.9513
      vertex 8.2556 -3.76499 19.6286
      vertex 9.53448 -4.23861 20.5121
    endloop
  endfacet
  facet normal 0.483969 0.838265 -0.251169
    outer loop
      vertex 8.2556 -3.76499 19.6286
      vertex 9.76499 -4.53974 19.9513
      vertex 9.91431 -4.72264 19.6286
    endloop
  endfacet
  facet normal 0.138201 0.94225 0.305066
    outer loop
      vertex 9.53448 -4.23861 20.5121
      vertex 8.2556 -3.76499 19.6286
      vertex 9.18046 -4.46551 21.3733
    endloop
  endfacet
  facet normal -0.2899 -0.907964 -0.302587
    outer loop
      vertex 8.15895 -9.90908 20.8
      vertex 6.36939 -8.94732 19.6286
      vertex 6.63676 -8.48421 17.9828
    endloop
  endfacet
  facet normal -0.153657 0.871438 0.465817
    outer loop
      vertex 8.16274 -4.29162 21.2744
      vertex 6.63676 -4.56069 21.2744
      vertex 8.3301 -4.9197 22.5046
    endloop
  endfacet
  facet normal -0.739111 -0.620197 0.262811
    outer loop
      vertex 6.70895 -8.8556 20.8
      vertex 5.74912 -8.01506 20.0842
      vertex 6.36939 -8.94732 19.6286
    endloop
  endfacet
  facet normal -0.153386 -0.869902 -0.468767
    outer loop
      vertex 8.3301 -9.38234 19.0954
      vertex 6.63676 -8.48421 17.9828
      vertex 8.16274 -8.75328 17.9828
    endloop
  endfacet
  facet normal 0.570759 0.785552 -0.239044
    outer loop
      vertex 10.5171 -5.01607 20.1035
      vertex 9.92674 -4.61175 20.0226
      vertex 10.3542 -4.83673 20.3039
    endloop
  endfacet
  facet normal 0.570756 0.785539 -0.239094
    outer loop
      vertex 9.92674 -4.61175 20.0226
      vertex 10.5171 -5.01607 20.1035
      vertex 9.91431 -4.72264 19.6286
    endloop
  endfacet
  facet normal -0.553476 0.464421 0.691359
    outer loop
      vertex 6.63676 -4.56069 21.2744
      vertex 5.64075 -5.74769 21.2744
      vertex 7.15703 -5.77199 22.5046
    endloop
  endfacet
  facet normal -0.738151 -0.599912 0.308607
    outer loop
      vertex 7.15703 -8.53005 22.5046
      vertex 5.64075 -7.29721 21.2744
      vertex 6.70895 -8.8556 20.8
    endloop
  endfacet
  facet normal 0.662302 0.241042 -0.709404
    outer loop
      vertex 10.0346 -6.52245 17.9828
      vertex 9.50467 -5.06638 17.9828
      vertex 10.9532 -5.77199 19.0954
    endloop
  endfacet
  facet normal -0.755073 0 0.655641
    outer loop
      vertex 5.64075 -5.74769 21.2744
      vertex 5.64075 -7.29721 21.2744
      vertex 6.70895 -7.15102 22.5046
    endloop
  endfacet
  facet normal -0.615386 0.199954 0.762442
    outer loop
      vertex 7.15703 -5.77199 22.5046
      vertex 5.64075 -5.74769 21.2744
      vertex 6.70895 -7.15102 22.5046
    endloop
  endfacet
  facet normal 0.674628 0.219213 -0.704857
    outer loop
      vertex 11.4013 -7.15102 19.0954
      vertex 10.0346 -6.52245 17.9828
      vertex 10.9532 -5.77199 19.0954
    endloop
  endfacet
  facet normal 0.31751 -0.549946 -0.772494
    outer loop
      vertex 9.7801 -9.38234 19.0954
      vertex 8.16274 -8.75328 17.9828
      vertex 9.50467 -7.97852 17.9828
    endloop
  endfacet
  facet normal 0.517664 -0.284761 -0.806806
    outer loop
      vertex 10.9532 -8.53005 19.0954
      vertex 8.43221 -7.07862 16.9656
      vertex 9.7801 -7.67776 18.0419
    endloop
  endfacet
  facet normal 0.59771 0.743842 -0.299069
    outer loop
      vertex 10.4402 -5.12845 19.6703
      vertex 9.91431 -4.72264 19.6286
      vertex 10.5171 -5.01607 20.1035
    endloop
  endfacet
  facet normal 0.597653 0.743727 -0.299467
    outer loop
      vertex 10.6076 -5.33855 19.4826
      vertex 9.91431 -4.72264 19.6286
      vertex 10.4402 -5.12845 19.6703
    endloop
  endfacet
  facet normal 0.597794 0.743785 -0.299041
    outer loop
      vertex 9.91431 -4.72264 19.6286
      vertex 10.6076 -5.33855 19.4826
      vertex 10.9532 -5.77199 19.0954
    endloop
  endfacet
  facet normal 0.595488 0.743802 -0.303567
    outer loop
      vertex 10.9532 -5.77199 19.0954
      vertex 9.50467 -5.06638 17.9828
      vertex 9.91431 -4.72264 19.6286
    endloop
  endfacet
  facet normal -0.279201 -0.909165 -0.308975
    outer loop
      vertex 8.15895 -9.90908 20.8
      vertex 6.63676 -8.48421 17.9828
      vertex 8.3301 -9.38234 19.0954
    endloop
  endfacet
  facet normal 0 -0.870496 -0.492175
    outer loop
      vertex 8.3301 -9.38234 19.0954
      vertex 8.16274 -8.75328 17.9828
      vertex 9.7801 -9.38234 19.0954
    endloop
  endfacet
  facet normal -0.572357 -0.787787 0.227595
    outer loop
      vertex 6.70895 -8.8556 20.8
      vertex 6.36939 -8.94732 19.6286
      vertex 8.15895 -9.90908 20.8
    endloop
  endfacet
  facet normal 0.30584 -0.529734 -0.791103
    outer loop
      vertex 8.16274 -8.75328 17.9828
      vertex 7.91964 -7.37455 16.9656
      vertex 8.43221 -7.07862 16.9656
    endloop
  endfacet
  facet normal 0.305841 -0.529734 -0.791103
    outer loop
      vertex 9.50467 -7.97852 17.9828
      vertex 8.16274 -8.75328 17.9828
      vertex 8.43221 -7.07862 16.9656
    endloop
  endfacet
  facet normal -0.720172 -0.234001 0.653143
    outer loop
      vertex 6.70895 -7.15102 22.5046
      vertex 5.64075 -7.29721 21.2744
      vertex 7.15703 -8.53005 22.5046
    endloop
  endfacet
  facet normal -0.744337 -0.599667 0.293875
    outer loop
      vertex 5.85567 -7.93633 20.5146
      vertex 6.70895 -8.8556 20.8
      vertex 5.64075 -7.29721 21.2744
    endloop
  endfacet
  facet normal -0.74433 -0.599636 0.293954
    outer loop
      vertex 6.70895 -8.8556 20.8
      vertex 5.85567 -7.93633 20.5146
      vertex 5.74912 -8.01506 20.0842
    endloop
  endfacet
  facet normal 0.567755 -0.184477 -0.802261
    outer loop
      vertex 9.7801 -7.67776 18.0419
      vertex 8.63463 -6.52245 16.9656
      vertex 9.95125 -7.15102 18.0419
    endloop
  endfacet
  facet normal 0.55476 -0.201907 -0.80714
    outer loop
      vertex 9.7801 -7.67776 18.0419
      vertex 8.43221 -7.07862 16.9656
      vertex 8.63463 -6.52245 16.9656
    endloop
  endfacet
  facet normal 0.498662 -0.317433 -0.80658
    outer loop
      vertex 9.50467 -7.97852 17.9828
      vertex 8.43221 -7.07862 16.9656
      vertex 10.9532 -8.53005 19.0954
    endloop
  endfacet
  facet normal 0.382592 -0.526603 -0.759153
    outer loop
      vertex 9.7801 -9.38234 19.0954
      vertex 9.50467 -7.97852 17.9828
      vertex 10.9532 -8.53005 19.0954
    endloop
  endfacet
  facet normal 0.580959 -0.152215 -0.799573
    outer loop
      vertex 9.95125 -7.15102 18.0419
      vertex 8.63463 -6.52245 16.9656
      vertex 10.0346 -6.52245 17.9828
    endloop
  endfacet
  facet normal 0.580928 -0.152213 -0.799596
    outer loop
      vertex 11.4013 -7.15102 19.0954
      vertex 9.95125 -7.15102 18.0419
      vertex 10.0346 -6.52245 17.9828
    endloop
  endfacet
  facet normal 0.218095 0.925862 0.308567
    outer loop
      vertex 8.2556 -3.76499 19.6286
      vertex 6.96094 -3.63659 20.1584
      vertex 8.16274 -4.29162 21.2744
    endloop
  endfacet
  facet normal -0.137922 0.78217 0.607609
    outer loop
      vertex 6.96094 -3.63659 20.1584
      vertex 5.48946 -3.89606 20.1584
      vertex 6.63676 -4.56069 21.2744
    endloop
  endfacet
  facet normal 0.499404 0.864998 -0.0487249
    outer loop
      vertex 9.91431 -4.72264 19.6286
      vertex 7.05048 -3.12877 18.5714
      vertex 8.2556 -3.76499 19.6286
    endloop
  endfacet
  facet normal -0.149278 -0.846602 -0.510862
    outer loop
      vertex 6.63676 -8.48421 17.9828
      vertex 5.48946 -7.67945 16.9844
      vertex 8.16274 -8.75328 17.9828
    endloop
  endfacet
  facet normal -0.497551 0.417591 0.760303
    outer loop
      vertex 5.17849 -4.3181 20.1867
      vertex 5.64075 -5.74769 21.2744
      vertex 5.48946 -3.89606 20.1584
    endloop
  endfacet
  facet normal -0.49762 0.417551 0.76028
    outer loop
      vertex 4.85428 -4.70448 20.1867
      vertex 5.64075 -5.74769 21.2744
      vertex 5.17849 -4.3181 20.1867
    endloop
  endfacet
  facet normal -0.497572 0.417595 0.760287
    outer loop
      vertex 4.8241 -4.74044 20.1867
      vertex 5.64075 -5.74769 21.2744
      vertex 4.85428 -4.70448 20.1867
    endloop
  endfacet
  facet normal -0.49768 0.417492 0.760273
    outer loop
      vertex 5.64075 -5.74769 21.2744
      vertex 4.8241 -4.74044 20.1867
      vertex 4.52902 -5.04066 20.1584
    endloop
  endfacet
  facet normal -0.353559 -0.88389 -0.306161
    outer loop
      vertex 6.36939 -8.94732 19.6286
      vertex 5.23163 -8.12602 18.5714
      vertex 5.48946 -7.67945 16.9844
    endloop
  endfacet
  facet normal -0.137917 0.782169 0.60761
    outer loop
      vertex 6.96094 -3.63659 20.1584
      vertex 6.63676 -4.56069 21.2744
      vertex 8.16274 -4.29162 21.2744
    endloop
  endfacet
  facet normal -0.497632 0.417562 0.760266
    outer loop
      vertex 6.63676 -4.56069 21.2744
      vertex 5.48946 -3.89606 20.1584
      vertex 5.64075 -5.74769 21.2744
    endloop
  endfacet
  facet normal 0.499408 0.864995 -0.0487423
    outer loop
      vertex 8.64995 -4.05223 18.5714
      vertex 7.05048 -3.12877 18.5714
      vertex 9.91431 -4.72264 19.6286
    endloop
  endfacet
  facet normal 0.683873 0.248893 -0.685835
    outer loop
      vertex 10.0346 -6.52245 17.9828
      vertex 8.25494 -4.38368 16.9844
      vertex 9.50467 -5.06638 17.9828
    endloop
  endfacet
  facet normal 0.297701 -0.532225 -0.792534
    outer loop
      vertex 8.16274 -8.75328 17.9828
      vertex 6.72651 -6.60942 16.0036
      vertex 7.91964 -7.37455 16.9656
    endloop
  endfacet
  facet normal -0.708461 0 0.70575
    outer loop
      vertex 4.52902 -6.53485 20.1584
      vertex 5.64075 -5.74769 21.2744
      vertex 4.52902 -5.04066 20.1584
    endloop
  endfacet
  facet normal -0.708461 0 0.70575
    outer loop
      vertex 5.64075 -5.74769 21.2744
      vertex 4.52902 -6.53485 20.1584
      vertex 5.64075 -7.29721 21.2744
    endloop
  endfacet
  facet normal -0.732652 -0.614772 0.29202
    outer loop
      vertex 4.52902 -6.53485 20.1584
      vertex 4.04446 -6.71121 18.5714
      vertex 5.48946 -7.67945 20.1584
    endloop
  endfacet
  facet normal 0.218096 0.925861 0.308569
    outer loop
      vertex 7.05048 -3.12877 18.5714
      vertex 6.96094 -3.63659 20.1584
      vertex 8.2556 -3.76499 19.6286
    endloop
  endfacet
  facet normal 0.585732 -0.083989 -0.806141
    outer loop
      vertex 8.63463 -6.52245 16.9656
      vertex 7.41598 -5.78776 16.0036
      vertex 10.0346 -6.52245 17.9828
    endloop
  endfacet
  facet normal 0.303543 -0.525756 -0.794634
    outer loop
      vertex 7.91964 -7.37455 16.9656
      vertex 6.72651 -6.60942 16.0036
      vertex 8.43221 -7.07862 16.9656
    endloop
  endfacet
  facet normal 0.297803 -0.532161 -0.792539
    outer loop
      vertex 6.96094 -7.93892 16.9844
      vertex 6.72651 -6.60942 16.0036
      vertex 8.16274 -8.75328 17.9828
    endloop
  endfacet
  facet normal -0.149285 -0.846608 -0.510851
    outer loop
      vertex 8.16274 -8.75328 17.9828
      vertex 5.48946 -7.67945 16.9844
      vertex 6.96094 -7.93892 16.9844
    endloop
  endfacet
  facet normal -0.35357 -0.883887 -0.306156
    outer loop
      vertex 6.36939 -8.94732 19.6286
      vertex 5.48946 -7.67945 16.9844
      vertex 6.63676 -8.48421 17.9828
    endloop
  endfacet
  facet normal -0.732653 -0.614771 0.292021
    outer loop
      vertex 5.48946 -7.67945 20.1584
      vertex 4.04446 -6.71121 18.5714
      vertex 5.23163 -8.12602 18.5714
    endloop
  endfacet
  facet normal 0.632974 0.711102 -0.306067
    outer loop
      vertex 9.50467 -5.06638 17.9828
      vertex 8.25494 -4.38368 16.9844
      vertex 9.91431 -4.72264 19.6286
    endloop
  endfacet
  facet normal 0.632972 0.711105 -0.306066
    outer loop
      vertex 9.91431 -4.72264 19.6286
      vertex 8.25494 -4.38368 16.9844
      vertex 8.64995 -4.05223 18.5714
    endloop
  endfacet
  facet normal 0.533101 -0.194024 -0.823504
    outer loop
      vertex 8.43221 -7.07862 16.9656
      vertex 7.41598 -5.78776 16.0036
      vertex 8.63463 -6.52245 16.9656
    endloop
  endfacet
  facet normal 0.683886 0.248913 -0.685815
    outer loop
      vertex 8.76598 -5.78776 16.9844
      vertex 8.25494 -4.38368 16.9844
      vertex 10.0346 -6.52245 17.9828
    endloop
  endfacet
  facet normal 0.585686 -0.0841871 -0.806154
    outer loop
      vertex 10.0346 -6.52245 17.9828
      vertex 7.41598 -5.78776 16.0036
      vertex 8.76598 -5.78776 16.9844
    endloop
  endfacet
  facet normal -0.723594 -0.624778 0.293366
    outer loop
      vertex 5.48946 -7.67945 20.1584
      vertex 5.23163 -8.12602 18.5714
      vertex 6.36939 -8.94732 19.6286
    endloop
  endfacet
  facet normal -0.723616 -0.62473 0.293416
    outer loop
      vertex 5.48946 -7.67945 20.1584
      vertex 5.74912 -8.01506 20.0842
      vertex 5.85567 -7.93633 20.5146
    endloop
  endfacet
  facet normal -0.72375 -0.62475 0.293041
    outer loop
      vertex 5.74912 -8.01506 20.0842
      vertex 5.48946 -7.67945 20.1584
      vertex 6.36939 -8.94732 19.6286
    endloop
  endfacet
  facet normal 0.30354 -0.52576 -0.794632
    outer loop
      vertex 8.43221 -7.07862 16.9656
      vertex 6.72651 -6.60942 16.0036
      vertex 7.22078 -6.32406 16.0036
    endloop
  endfacet
  facet normal 0.533093 -0.194033 -0.823507
    outer loop
      vertex 8.43221 -7.07862 16.9656
      vertex 7.22078 -6.32406 16.0036
      vertex 7.41598 -5.78776 16.0036
    endloop
  endfacet
  facet normal -0.728744 -0.611493 0.308234
    outer loop
      vertex 5.64075 -7.29721 21.2744
      vertex 4.52902 -6.53485 20.1584
      vertex 5.48946 -7.67945 20.1584
    endloop
  endfacet
  facet normal -0.728744 -0.611493 0.308234
    outer loop
      vertex 5.64075 -7.29721 21.2744
      vertex 5.48946 -7.67945 20.1584
      vertex 5.85567 -7.93633 20.5146
    endloop
  endfacet
  facet normal -0.773635 -0.558997 0.298348
    outer loop
      vertex 3.49143 -6.08396 18.3126
      vertex 4.04446 -6.71121 18.5714
      vertex 3.51525 -5.66636 19.1568
    endloop
  endfacet
  facet normal -0.773634 -0.55899 0.298362
    outer loop
      vertex 4.04446 -6.71121 18.5714
      vertex 3.49143 -6.08396 18.3126
      vertex 3.39378 -6.13947 17.9554
    endloop
  endfacet
  facet normal -0.461542 -0.83157 -0.308982
    outer loop
      vertex 5.23163 -8.12602 18.5714
      vertex 4.19184 -7.1986 17.6286
      vertex 5.48946 -7.67945 16.9844
    endloop
  endfacet
  facet normal 0.17569 -0.564188 -0.806737
    outer loop
      vertex 5.8571 -7.01843 16.1003
      vertex 5.63135 -5.73818 15.1558
      vertex 6.72651 -6.60942 16.0036
    endloop
  endfacet
  facet normal -0.135036 -0.765809 -0.62873
    outer loop
      vertex 5.48946 -7.67945 16.9844
      vertex 4.44011 -6.76857 16.1003
      vertex 5.8571 -7.01843 16.1003
    endloop
  endfacet
  facet normal -0.773641 -0.558994 0.298336
    outer loop
      vertex 4.52902 -6.53485 20.1584
      vertex 3.51525 -5.66636 19.1568
      vertex 4.04446 -6.71121 18.5714
    endloop
  endfacet
  facet normal 0.338187 0.890598 0.304079
    outer loop
      vertex 6.96094 -3.63659 20.1584
      vertex 6.40781 -2.99235 18.8867
      vertex 5.8571 -2.87545 19.1568
    endloop
  endfacet
  facet normal 0.338213 0.890593 0.304065
    outer loop
      vertex 6.96094 -3.63659 20.1584
      vertex 6.87161 -3.15469 18.8463
      vertex 6.40781 -2.99235 18.8867
    endloop
  endfacet
  facet normal 0.338246 0.890583 0.304059
    outer loop
      vertex 7.05048 -3.12877 18.5714
      vertex 6.87161 -3.15469 18.8463
      vertex 6.96094 -3.63659 20.1584
    endloop
  endfacet
  facet normal 0.34057 0.889222 0.305443
    outer loop
      vertex 6.87161 -3.15469 18.8463
      vertex 7.05048 -3.12877 18.5714
      vertex 7.04248 -3.12708 18.5754
    endloop
  endfacet
  facet normal -0.126544 0.717644 0.684816
    outer loop
      vertex 5.8571 -2.87545 19.1568
      vertex 5.48946 -3.89606 20.1584
      vertex 6.96094 -3.63659 20.1584
    endloop
  endfacet
  facet normal 0.340855 0.888865 0.306165
    outer loop
      vertex 7.04689 -3.12636 18.5684
      vertex 7.04248 -3.12708 18.5754
      vertex 7.05048 -3.12877 18.5714
    endloop
  endfacet
  facet normal 0.33817 0.89062 0.304035
    outer loop
      vertex 6.01943 -2.85642 18.9205
      vertex 5.8571 -2.87545 19.1568
      vertex 6.40781 -2.99235 18.8867
    endloop
  endfacet
  facet normal 0.502232 -0.182799 -0.845191
    outer loop
      vertex 7.41598 -5.78776 16.0036
      vertex 6.10731 -5.46338 15.1558
      vertex 6.29528 -4.94694 15.1558
    endloop
  endfacet
  facet normal 0.498955 0.861414 0.0949193
    outer loop
      vertex 7.05048 -3.12877 18.5714
      vertex 7.457 -3.26175 17.6413
      vertex 7.04689 -3.12636 18.5684
    endloop
  endfacet
  facet normal 0.497782 0.86216 0.0943
    outer loop
      vertex 7.457 -3.26175 17.6413
      vertex 7.05048 -3.12877 18.5714
      vertex 7.48355 -3.27569 17.6286
    endloop
  endfacet
  facet normal 0.69188 0.251822 -0.676674
    outer loop
      vertex 8.76598 -5.78776 16.9844
      vertex 7.59528 -4.94694 16.1003
      vertex 8.25494 -4.38368 16.9844
    endloop
  endfacet
  facet normal 0.272822 -0.472534 -0.838021
    outer loop
      vertex 6.72651 -6.60942 16.0036
      vertex 5.63135 -5.73818 15.1558
      vertex 6.10731 -5.46338 15.1558
    endloop
  endfacet
  facet normal 0.175684 -0.564176 -0.806747
    outer loop
      vertex 6.96094 -7.93892 16.9844
      vertex 5.8571 -7.01843 16.1003
      vertex 6.72651 -6.60942 16.0036
    endloop
  endfacet
  facet normal -0.749305 -0.628743 0.207903
    outer loop
      vertex 5.23163 -8.12602 18.5714
      vertex 4.04446 -6.71121 18.5714
      vertex 4.19184 -7.1986 17.6286
    endloop
  endfacet
  facet normal -0.749298 -0.628751 0.207908
    outer loop
      vertex 4.04446 -6.71121 18.5714
      vertex 3.39378 -6.13947 17.9554
      vertex 4.19184 -7.1986 17.6286
    endloop
  endfacet
  facet normal 0.497774 0.862165 0.0942955
    outer loop
      vertex 7.48355 -3.27569 17.6286
      vertex 7.05048 -3.12877 18.5714
      vertex 8.64995 -4.05223 18.5714
    endloop
  endfacet
  facet normal 0.6873 0.657724 -0.308251
    outer loop
      vertex 8.25494 -4.38368 16.9844
      vertex 7.47191 -3.28546 17.5818
      vertex 7.48355 -3.27569 17.6286
    endloop
  endfacet
  facet normal 0.687201 0.657747 -0.308423
    outer loop
      vertex 7.47191 -3.28546 17.5818
      vertex 8.25494 -4.38368 16.9844
      vertex 7.55783 -3.74182 16.8
    endloop
  endfacet
  facet normal 0.687199 0.65774 -0.308441
    outer loop
      vertex 7.26671 -3.70688 16.2259
      vertex 7.55783 -3.74182 16.8
      vertex 8.25494 -4.38368 16.9844
    endloop
  endfacet
  facet normal -0.126557 0.717645 0.684813
    outer loop
      vertex 5.48946 -3.89606 20.1584
      vertex 5.8571 -2.87545 19.1568
      vertex 4.58197 -3.12389 19.1815
    endloop
  endfacet
  facet normal -0.126479 0.717692 0.684778
    outer loop
      vertex 4.54276 -3.1308 19.1815
      vertex 5.48946 -3.89606 20.1584
      vertex 4.58197 -3.12389 19.1815
    endloop
  endfacet
  facet normal -0.126292 0.717811 0.684688
    outer loop
      vertex 5.48946 -3.89606 20.1584
      vertex 4.54276 -3.1308 19.1815
      vertex 4.44011 -3.1253 19.1568
    endloop
  endfacet
  facet normal -0.461537 -0.83158 -0.308964
    outer loop
      vertex 5.48946 -7.67945 16.9844
      vertex 4.19184 -7.1986 17.6286
      vertex 4.44011 -6.76857 16.1003
    endloop
  endfacet
  facet normal 0.587466 -0.0322788 -0.808605
    outer loop
      vertex 8.76598 -5.78776 16.9844
      vertex 7.41598 -5.78776 16.0036
      vertex 7.59528 -4.94694 16.1003
    endloop
  endfacet
  facet normal 0.587477 -0.0322819 -0.808597
    outer loop
      vertex 7.41598 -5.78776 16.0036
      vertex 6.29528 -4.94694 15.1558
      vertex 7.59528 -4.94694 16.1003
    endloop
  endfacet
  facet normal -0.465157 0.395834 0.791798
    outer loop
      vertex 5.48946 -3.89606 20.1584
      vertex 5.09011 -4.25113 20.1013
      vertex 5.17849 -4.3181 20.1867
    endloop
  endfacet
  facet normal -0.465115 0.395778 0.791851
    outer loop
      vertex 5.48946 -3.89606 20.1584
      vertex 4.44011 -3.1253 19.1568
      vertex 5.09011 -4.25113 20.1013
    endloop
  endfacet
  facet normal -0.467779 0.392512 0.791907
    outer loop
      vertex 5.09011 -4.25113 20.1013
      vertex 4.85428 -4.70448 20.1867
      vertex 5.17849 -4.3181 20.1867
    endloop
  endfacet
  facet normal -0.467798 0.392519 0.791892
    outer loop
      vertex 4.85428 -4.70448 20.1867
      vertex 5.09011 -4.25113 20.1013
      vertex 4.73685 -4.67214 20.1013
    endloop
  endfacet
  facet normal 0.502232 -0.1828 -0.845191
    outer loop
      vertex 7.22078 -6.32406 16.0036
      vertex 6.10731 -5.46338 15.1558
      vertex 7.41598 -5.78776 16.0036
    endloop
  endfacet
  facet normal -0.471023 0.388358 0.792032
    outer loop
      vertex 4.73685 -4.67214 20.1013
      vertex 3.51525 -4.22752 19.1568
      vertex 4.52902 -5.04066 20.1584
    endloop
  endfacet
  facet normal -0.471119 0.3884 0.791954
    outer loop
      vertex 4.73685 -4.67214 20.1013
      vertex 4.52902 -5.04066 20.1584
      vertex 4.8241 -4.74044 20.1867
    endloop
  endfacet
  facet normal -0.135037 -0.765809 -0.62873
    outer loop
      vertex 6.96094 -7.93892 16.9844
      vertex 5.48946 -7.67945 16.9844
      vertex 5.8571 -7.01843 16.1003
    endloop
  endfacet
  facet normal 0.691936 0.252191 -0.676479
    outer loop
      vertex 8.25494 -4.38368 16.9844
      vertex 7.16121 -3.75433 16.1003
      vertex 7.26671 -3.70688 16.2259
    endloop
  endfacet
  facet normal 0.691881 0.251821 -0.676673
    outer loop
      vertex 7.16121 -3.75433 16.1003
      vertex 8.25494 -4.38368 16.9844
      vertex 7.59528 -4.94694 16.1003
    endloop
  endfacet
  facet normal 0.272814 -0.472539 -0.838021
    outer loop
      vertex 6.72651 -6.60942 16.0036
      vertex 6.10731 -5.46338 15.1558
      vertex 7.22078 -6.32406 16.0036
    endloop
  endfacet
  facet normal -0.46777 0.392583 0.791877
    outer loop
      vertex 4.85428 -4.70448 20.1867
      vertex 4.73685 -4.67214 20.1013
      vertex 4.8241 -4.74044 20.1867
    endloop
  endfacet
  facet normal -0.702824 0 0.711364
    outer loop
      vertex 3.51525 -5.66636 19.1568
      vertex 4.52902 -5.04066 20.1584
      vertex 3.51525 -4.22752 19.1568
    endloop
  endfacet
  facet normal -0.702824 0 0.711364
    outer loop
      vertex 4.52902 -5.04066 20.1584
      vertex 3.51525 -5.66636 19.1568
      vertex 4.52902 -6.53485 20.1584
    endloop
  endfacet
  facet normal 0.687198 0.657751 -0.308419
    outer loop
      vertex 8.25494 -4.38368 16.9844
      vertex 7.48355 -3.27569 17.6286
      vertex 8.64995 -4.05223 18.5714
    endloop
  endfacet
  facet normal -0.6786 -0.281088 -0.678595
    outer loop
      vertex 2.8668 -5.6332 15.8433
      vertex 2.1903 -4 15.8433
      vertex 3.54329 -4 14.4903
    endloop
  endfacet
  facet normal 0.4622 0.800295 0.381966
    outer loop
      vertex 5.89674 -2.80241 18.9558
      vertex 5.8571 -2.87545 19.1568
      vertex 6.01943 -2.85642 18.9205
    endloop
  endfacet
  facet normal -0.105632 0.599395 0.793453
    outer loop
      vertex 4.58197 -3.12389 19.1815
      vertex 4.5 -3.04329 19.1097
      vertex 4.54276 -3.1308 19.1815
    endloop
  endfacet
  facet normal -0.281106 0.678581 -0.678607
    outer loop
      vertex 4.5 -3.04329 14.4903
      vertex 3.41632 -2.43717 15.5453
      vertex 4.5 -2.53007 15.0035
    endloop
  endfacet
  facet normal -0.281041 0.678641 -0.678574
    outer loop
      vertex 3.41632 -2.43717 15.5453
      vertex 4.5 -3.04329 14.4903
      vertex 2.93763 -2.39613 15.7846
    endloop
  endfacet
  facet normal 0.250949 -0.43465 -0.86493
    outer loop
      vertex 5.63135 -5.73818 15.1558
      vertex 5.17649 -4.67649 14.4903
      vertex 6.10731 -5.46338 15.1558
    endloop
  endfacet
  facet normal 0.777413 0.548499 -0.307861
    outer loop
      vertex 7.47191 -3.28546 17.5818
      vertex 7.47013 -3.26666 17.6108
      vertex 7.48355 -3.27569 17.6286
    endloop
  endfacet
  facet normal -0.678603 -0.281085 -0.678593
    outer loop
      vertex 3.8235 -4.67649 14.4903
      vertex 2.8668 -5.6332 15.8433
      vertex 3.54329 -4 14.4903
    endloop
  endfacet
  facet normal -0.235614 0.541178 0.807225
    outer loop
      vertex 4.44011 -3.1253 19.1568
      vertex 3.8235 -3.3235 19.1097
      vertex 5.09011 -4.25113 20.1013
    endloop
  endfacet
  facet normal -0.522982 -0.794545 -0.308525
    outer loop
      vertex 4.19184 -7.1986 17.6286
      vertex 2.8668 -5.6332 15.8433
      vertex 4.44011 -6.76857 16.1003
    endloop
  endfacet
  facet normal 0.587106 -0.047999 -0.808086
    outer loop
      vertex 6.29528 -4.94694 15.1558
      vertex 5.45671 -4 14.4903
      vertex 7.59528 -4.94694 16.1003
    endloop
  endfacet
  facet normal 0.353816 0.854512 0.380293
    outer loop
      vertex 5.89674 -2.80241 18.9558
      vertex 5.68584 -2.7259 18.9801
      vertex 5.8571 -2.87545 19.1568
    endloop
  endfacet
  facet normal -0.281079 0.678599 -0.6786
    outer loop
      vertex 3.8235 -3.3235 14.4903
      vertex 2.93763 -2.39613 15.7846
      vertex 4.5 -3.04329 14.4903
    endloop
  endfacet
  facet normal -0.281246 0.678492 -0.678638
    outer loop
      vertex 2.93763 -2.39613 15.7846
      vertex 3.8235 -3.3235 14.4903
      vertex 2.89224 -2.39224 15.8073
    endloop
  endfacet
  facet normal 0.551762 0.778622 0.298843
    outer loop
      vertex 7.46292 -3.2618 17.6305
      vertex 7.457 -3.26175 17.6413
      vertex 7.48355 -3.27569 17.6286
    endloop
  endfacet
  facet normal 0.558483 0.829516 -0.0002427
    outer loop
      vertex 7.47013 -3.26666 17.6108
      vertex 7.46292 -3.2618 17.6305
      vertex 7.48355 -3.27569 17.6286
    endloop
  endfacet
  facet normal -0.344611 -0.634203 -0.69212
    outer loop
      vertex 4.44011 -6.76857 16.1003
      vertex 2.8668 -5.6332 15.8433
      vertex 3.8235 -4.67649 14.4903
    endloop
  endfacet
  facet normal 0.191066 -0.461259 -0.866449
    outer loop
      vertex 5.63135 -5.73818 15.1558
      vertex 4.5 -4.95671 14.4903
      vertex 5.17649 -4.67649 14.4903
    endloop
  endfacet
  facet normal -0.5637 0.233488 0.792292
    outer loop
      vertex 3.54329 -4 19.1097
      vertex 3.51525 -4.22752 19.1568
      vertex 3.8235 -3.3235 19.1097
    endloop
  endfacet
  facet normal -0.115958 -0.657613 -0.744378
    outer loop
      vertex 5.8571 -7.01843 16.1003
      vertex 4.44011 -6.76857 16.1003
      vertex 4.5 -4.95671 14.4903
    endloop
  endfacet
  facet normal 0.648802 0.236142 -0.72339
    outer loop
      vertex 7.59528 -4.94694 16.1003
      vertex 7.08852 -3.79325 16.0224
      vertex 7.16121 -3.75433 16.1003
    endloop
  endfacet
  facet normal 0.649028 0.236258 -0.723149
    outer loop
      vertex 5.45671 -4 14.4903
      vertex 7.08852 -3.79325 16.0224
      vertex 7.59528 -4.94694 16.1003
    endloop
  endfacet
  facet normal 0.649046 0.236183 -0.723158
    outer loop
      vertex 7.08852 -3.79325 16.0224
      vertex 5.45671 -4 14.4903
      vertex 6.86445 -3.65361 15.8669
    endloop
  endfacet
  facet normal 0.628933 0.351666 -0.693379
    outer loop
      vertex 6.66736 -3.53349 15.7361
      vertex 5.17649 -3.3235 14.4903
      vertex 5.5946 -2.9054 15.0816
    endloop
  endfacet
  facet normal 0 0 -1
    outer loop
      vertex 5.17649 -4.67649 14.4903
      vertex 5.17649 -3.3235 14.4903
      vertex 5.45671 -4 14.4903
    endloop
  endfacet
  facet normal 0 0 -1
    outer loop
      vertex 4.5 -4.95671 14.4903
      vertex 5.17649 -3.3235 14.4903
      vertex 5.17649 -4.67649 14.4903
    endloop
  endfacet
  facet normal 0 0 -1
    outer loop
      vertex 4.5 -4.95671 14.4903
      vertex 4.5 -3.04329 14.4903
      vertex 5.17649 -3.3235 14.4903
    endloop
  endfacet
  facet normal 0 0 -1
    outer loop
      vertex 3.8235 -4.67649 14.4903
      vertex 4.5 -3.04329 14.4903
      vertex 4.5 -4.95671 14.4903
    endloop
  endfacet
  facet normal 0 0 -1
    outer loop
      vertex 3.8235 -4.67649 14.4903
      vertex 3.8235 -3.3235 14.4903
      vertex 4.5 -3.04329 14.4903
    endloop
  endfacet
  facet normal 0 -0 -1
    outer loop
      vertex 3.8235 -3.3235 14.4903
      vertex 3.8235 -4.67649 14.4903
      vertex 3.54329 -4 14.4903
    endloop
  endfacet
  facet normal -0.852156 -0.352978 0.386312
    outer loop
      vertex 3.51525 -5.66636 19.1568
      vertex 2.1903 -4 17.7567
      vertex 2.8668 -5.6332 17.7567
    endloop
  endfacet
  facet normal -0.923878 -0.382687 0
    outer loop
      vertex 2.8668 -5.6332 15.8433
      vertex 2.1903 -4 17.7567
      vertex 2.1903 -4 15.8433
    endloop
  endfacet
  facet normal -0.923878 -0.382687 0
    outer loop
      vertex 2.1903 -4 17.7567
      vertex 2.8668 -5.6332 15.8433
      vertex 2.8668 -5.6332 17.7567
    endloop
  endfacet
  facet normal -0.726331 0 0.687345
    outer loop
      vertex 3.51525 -4.22752 19.1568
      vertex 2.1903 -4 17.7567
      vertex 3.51525 -5.66636 19.1568
    endloop
  endfacet
  facet normal -0.678597 0.281078 -0.678602
    outer loop
      vertex 2.87803 -2.39391 15.8208
      vertex 3.8235 -3.3235 14.4903
      vertex 3.54329 -4 14.4903
    endloop
  endfacet
  facet normal -0.678028 0.281952 -0.678809
    outer loop
      vertex 3.8235 -3.3235 14.4903
      vertex 2.87803 -2.39391 15.8208
      vertex 2.89224 -2.39224 15.8073
    endloop
  endfacet
  facet normal -0.678603 0.281072 -0.678598
    outer loop
      vertex 2.1903 -4 15.8433
      vertex 2.87803 -2.39391 15.8208
      vertex 3.54329 -4 14.4903
    endloop
  endfacet
  facet normal -0.679036 0.281265 -0.678085
    outer loop
      vertex 2.87803 -2.39391 15.8208
      vertex 2.1903 -4 15.8433
      vertex 2.85441 -2.39669 15.8433
    endloop
  endfacet
  facet normal 0.640074 0.264889 -0.721207
    outer loop
      vertex 5.45671 -4 14.4903
      vertex 6.66736 -3.53349 15.7361
      vertex 6.86445 -3.65361 15.8669
    endloop
  endfacet
  facet normal 0.639991 0.265097 -0.721204
    outer loop
      vertex 6.66736 -3.53349 15.7361
      vertex 5.45671 -4 14.4903
      vertex 5.17649 -3.3235 14.4903
    endloop
  endfacet
  facet normal 0.459419 -0.190303 -0.867594
    outer loop
      vertex 6.10731 -5.46338 15.1558
      vertex 5.17649 -4.67649 14.4903
      vertex 5.45671 -4 14.4903
    endloop
  endfacet
  facet normal -0.725379 -0.608636 0.321541
    outer loop
      vertex 3.51525 -5.66636 19.1568
      vertex 2.8668 -5.6332 17.7567
      vertex 3.49143 -6.08396 18.3126
    endloop
  endfacet
  facet normal 0.0724155 -0.583812 -0.808653
    outer loop
      vertex 5.8571 -7.01843 16.1003
      vertex 4.5 -4.95671 14.4903
      vertex 5.63135 -5.73818 15.1558
    endloop
  endfacet
  facet normal -0.688583 0.227408 0.688578
    outer loop
      vertex 3.54329 -4 19.1097
      vertex 2.1903 -4 17.7567
      vertex 3.51525 -4.22752 19.1568
    endloop
  endfacet
  facet normal -0.54259 0.227145 0.808704
    outer loop
      vertex 3.8235 -3.3235 19.1097
      vertex 3.51525 -4.22752 19.1568
      vertex 4.73685 -4.67214 20.1013
    endloop
  endfacet
  facet normal 0.281053 0.678628 -0.678582
    outer loop
      vertex 5.17649 -3.3235 14.4903
      vertex 5.17787 -2.76251 15.0519
      vertex 5.5946 -2.9054 15.0816
    endloop
  endfacet
  facet normal 0.281092 0.67862 -0.678574
    outer loop
      vertex 5.17787 -2.76251 15.0519
      vertex 5.17649 -3.3235 14.4903
      vertex 4.5 -3.04329 14.4903
    endloop
  endfacet
  facet normal 0.281134 0.678575 -0.678601
    outer loop
      vertex 5.17787 -2.76251 15.0519
      vertex 4.5 -3.04329 14.4903
      vertex 4.5 -2.53007 15.0035
    endloop
  endfacet
  facet normal -0.263403 -0.635902 -0.725429
    outer loop
      vertex 4.44011 -6.76857 16.1003
      vertex 3.8235 -4.67649 14.4903
      vertex 4.5 -4.95671 14.4903
    endloop
  endfacet
  facet normal -0.717496 -0.631356 0.294261
    outer loop
      vertex 2.8668 -5.6332 17.7567
      vertex 3.39378 -6.13947 17.9554
      vertex 3.49143 -6.08396 18.3126
    endloop
  endfacet
  facet normal -0.7175 -0.631402 0.294152
    outer loop
      vertex 3.39378 -6.13947 17.9554
      vertex 2.8668 -5.6332 17.7567
      vertex 4.19184 -7.1986 17.6286
    endloop
  endfacet
  facet normal -0.763273 -0.646076 -0
    outer loop
      vertex 2.8668 -5.6332 17.7567
      vertex 2.8668 -5.6332 15.8433
      vertex 4.19184 -7.1986 17.6286
    endloop
  endfacet
  facet normal -0.281106 0.678581 0.678607
    outer loop
      vertex 3.41632 -2.43717 18.0547
      vertex 4.5 -3.04329 19.1097
      vertex 4.5 -2.53007 18.5965
    endloop
  endfacet
  facet normal -0.281041 0.678641 0.678574
    outer loop
      vertex 4.5 -3.04329 19.1097
      vertex 3.41632 -2.43717 18.0547
      vertex 2.93763 -2.39613 17.8154
    endloop
  endfacet
  facet normal -0.409716 0.343784 0.844953
    outer loop
      vertex 5.09011 -4.25113 20.1013
      vertex 3.8235 -3.3235 19.1097
      vertex 4.73685 -4.67214 20.1013
    endloop
  endfacet
  facet normal -0.92388 0.382682 7.35962e-06
    outer loop
      vertex 2.1903 -4 15.8433
      vertex 2.80964 -2.50478 16.1143
      vertex 2.85441 -2.39669 15.8433
    endloop
  endfacet
  facet normal -0.92388 0.382683 4.01271e-06
    outer loop
      vertex 2.80964 -2.50478 16.1143
      vertex 2.1903 -4 15.8433
      vertex 2.69636 -2.77827 16.8
    endloop
  endfacet
  facet normal -0.923879 0.382685 0
    outer loop
      vertex 2.1903 -4 17.7567
      vertex 2.69636 -2.77827 16.8
      vertex 2.1903 -4 15.8433
    endloop
  endfacet
  facet normal -0.92388 0.382683 -4.01271e-06
    outer loop
      vertex 2.69636 -2.77827 16.8
      vertex 2.1903 -4 17.7567
      vertex 2.80964 -2.50478 17.4857
    endloop
  endfacet
  facet normal -0.92388 0.382682 -7.35962e-06
    outer loop
      vertex 2.80964 -2.50478 17.4857
      vertex 2.1903 -4 17.7567
      vertex 2.85441 -2.39669 17.7567
    endloop
  endfacet
  facet normal -0.678028 0.281952 0.678809
    outer loop
      vertex 2.87803 -2.39391 17.7792
      vertex 3.8235 -3.3235 19.1097
      vertex 2.89224 -2.39224 17.7927
    endloop
  endfacet
  facet normal -0.678597 0.281078 0.678602
    outer loop
      vertex 3.8235 -3.3235 19.1097
      vertex 2.87803 -2.39391 17.7792
      vertex 3.54329 -4 19.1097
    endloop
  endfacet
  facet normal -0.679036 0.281265 0.678085
    outer loop
      vertex 2.1903 -4 17.7567
      vertex 2.87803 -2.39391 17.7792
      vertex 2.85441 -2.39669 17.7567
    endloop
  endfacet
  facet normal -0.678603 0.281072 0.678598
    outer loop
      vertex 2.87803 -2.39391 17.7792
      vertex 2.1903 -4 17.7567
      vertex 3.54329 -4 19.1097
    endloop
  endfacet
  facet normal 0.482602 -0.175654 -0.858045
    outer loop
      vertex 6.10731 -5.46338 15.1558
      vertex 5.45671 -4 14.4903
      vertex 6.29528 -4.94694 15.1558
    endloop
  endfacet
  facet normal -0.281079 0.678599 0.6786
    outer loop
      vertex 2.93763 -2.39613 17.8154
      vertex 3.8235 -3.3235 19.1097
      vertex 4.5 -3.04329 19.1097
    endloop
  endfacet
  facet normal -0.281246 0.678492 0.678638
    outer loop
      vertex 3.8235 -3.3235 19.1097
      vertex 2.93763 -2.39613 17.8154
      vertex 2.89224 -2.39224 17.7927
    endloop
  endfacet
  facet normal -0.101929 0.601901 0.792039
    outer loop
      vertex 5.8571 -2.87545 19.1568
      vertex 4.5 -3.04329 19.1097
      vertex 4.58197 -3.12389 19.1815
    endloop
  endfacet
  facet normal -0.111302 0.702766 0.702661
    outer loop
      vertex 5.68584 -2.7259 18.9801
      vertex 4.5 -3.04329 19.1097
      vertex 5.8571 -2.87545 19.1568
    endloop
  endfacet
  facet normal -0.111277 0.702702 0.702729
    outer loop
      vertex 4.5 -3.04329 19.1097
      vertex 5.68584 -2.7259 18.9801
      vertex 4.5 -2.53007 18.5965
    endloop
  endfacet
  facet normal -0.161597 0.577573 0.800185
    outer loop
      vertex 4.5 -3.04329 19.1097
      vertex 4.44011 -3.1253 19.1568
      vertex 4.54276 -3.1308 19.1815
    endloop
  endfacet
  facet normal -0.254608 0.614691 0.746545
    outer loop
      vertex 4.5 -3.04329 19.1097
      vertex 3.8235 -3.3235 19.1097
      vertex 4.44011 -3.1253 19.1568
    endloop
  endfacet
  facet normal -0.433769 0.278764 0.856817
    outer loop
      vertex 12.9576 9.02593 28.091
      vertex 11.3289 9.03749 27.2627
      vertex 12.7053 8.63334 28.091
    endloop
  endfacet
  facet normal 0.31506 0.807072 -0.499371
    outer loop
      vertex 14.44 10.4583 22.7373
      vertex 12.6954 10.475 21.6636
      vertex 14.784 11.2116 24.1718
    endloop
  endfacet
  facet normal 0.839299 -0.246484 0.484585
    outer loop
      vertex 15.8535 6.88747 26.3362
      vertex 16.591 8.4 25.8282
      vertex 15.4035 7.17667 27.2627
    endloop
  endfacet
  facet normal 0.83925 -0.24642 0.484703
    outer loop
      vertex 16.591 8.4 25.8282
      vertex 15.8535 6.88747 26.3362
      vertex 16.2339 7.1838 25.8282
    endloop
  endfacet
  facet normal 0.427745 0.588749 -0.685863
    outer loop
      vertex 13.9494 9.56393 21.6636
      vertex 12.6954 10.475 21.6636
      vertex 14.44 10.4583 22.7373
    endloop
  endfacet
  facet normal 0.839295 0.24645 -0.48461
    outer loop
      vertex 16.591 8.4 24.1718
      vertex 15.4035 9.62333 22.7373
      vertex 16.1003 10.0711 24.1718
    endloop
  endfacet
  facet normal 0.572808 0.661102 0.484597
    outer loop
      vertex 16.1003 10.0711 25.8282
      vertex 14.784 11.2116 25.8282
      vertex 15.4035 9.62333 27.2627
    endloop
  endfacet
  facet normal 0.654834 0.755772 -0
    outer loop
      vertex 16.1003 10.0711 24.1718
      vertex 14.784 11.2116 25.8282
      vertex 16.1003 10.0711 25.8282
    endloop
  endfacet
  facet normal 0.654834 0.755772 0
    outer loop
      vertex 14.784 11.2116 25.8282
      vertex 16.1003 10.0711 24.1718
      vertex 14.784 11.2116 24.1718
    endloop
  endfacet
  facet normal -0.572415 0.787911 0.227019
    outer loop
      vertex 11.4758 10.736 25.8282
      vertex 9.66068 10.0682 23.5692
      vertex 9.48602 9.94131 23.5692
    endloop
  endfacet
  facet normal -0.572439 0.787886 0.227045
    outer loop
      vertex 9.66068 10.0682 23.5692
      vertex 11.4758 10.736 25.8282
      vertex 10.9625 11.0381 23.4857
    endloop
  endfacet
  facet normal -0.363349 0.795718 0.484573
    outer loop
      vertex 13.178 10.6397 27.2627
      vertex 11.4758 10.736 25.8282
      vertex 12.0182 10.1101 27.2627
    endloop
  endfacet
  facet normal 0.479869 0.553737 -0.680515
    outer loop
      vertex 15.4035 9.62333 22.7373
      vertex 13.9494 9.56393 21.6636
      vertex 14.44 10.4583 22.7373
    endloop
  endfacet
  facet normal -0.289985 -0.820418 0.492771
    outer loop
      vertex 13.178 6.16029 27.2627
      vertex 11.957 5.88654 26.0884
      vertex 13.145 5.93122 26.8619
    endloop
  endfacet
  facet normal -0.0916883 0.948759 -0.302407
    outer loop
      vertex 11.1454 10.475 21.6636
      vertex 10.9625 11.0381 23.4857
      vertex 13.0601 11.4595 24.1718
    endloop
  endfacet
  facet normal 0.592496 0.173972 -0.786564
    outer loop
      vertex 15.7627 8.4 22.7373
      vertex 14.4284 8.0898 21.6636
      vertex 15.4035 9.62333 22.7373
    endloop
  endfacet
  facet normal 0.337699 0.389623 0.856828
    outer loop
      vertex 15.4035 9.62333 27.2627
      vertex 13.8441 9.15338 28.091
      vertex 14.1967 8.84777 28.091
    endloop
  endfacet
  facet normal 0.0733624 -0.510366 0.856822
    outer loop
      vertex 13.3821 7.58021 28.091
      vertex 13.178 6.16029 27.2627
      vertex 13.8441 7.64662 28.091
    endloop
  endfacet
  facet normal 0.839293 0.246437 -0.484619
    outer loop
      vertex 15.7627 8.4 22.7373
      vertex 15.4035 9.62333 22.7373
      vertex 16.591 8.4 24.1718
    endloop
  endfacet
  facet normal 0.131735 0.916084 -0.378729
    outer loop
      vertex 14.784 11.2116 24.1718
      vertex 12.6954 10.475 21.6636
      vertex 13.0601 11.4595 24.1718
    endloop
  endfacet
  facet normal -0.363369 0.795695 0.484595
    outer loop
      vertex 13.0601 11.4595 25.8282
      vertex 11.4758 10.736 25.8282
      vertex 13.178 10.6397 27.2627
    endloop
  endfacet
  facet normal -0.43377 0.278757 0.856819
    outer loop
      vertex 12.0182 10.1101 27.2627
      vertex 11.3289 9.03749 27.2627
      vertex 12.9576 9.02593 28.091
    endloop
  endfacet
  facet normal -0.196961 0.980411 0
    outer loop
      vertex 13.0601 11.4595 24.1718
      vertex 10.9625 11.0381 23.4857
      vertex 13.0601 11.4595 25.8282
    endloop
  endfacet
  facet normal 0.578441 0.187957 -0.793775
    outer loop
      vertex 14.4284 8.0898 21.6636
      vertex 13.9494 9.56393 21.6636
      vertex 15.4035 9.62333 22.7373
    endloop
  endfacet
  facet normal 0.631365 -0.205153 -0.747858
    outer loop
      vertex 15.4035 7.17667 22.7373
      vertex 13.9494 6.61566 21.6636
      vertex 14.4284 8.0898 21.6636
    endloop
  endfacet
  facet normal 0.839251 -0.246479 -0.484672
    outer loop
      vertex 16.591 8.4 24.1718
      vertex 16.4317 7.85759 24.1718
      vertex 16.3441 7.89714 24
    endloop
  endfacet
  facet normal 0.839309 -0.246555 -0.484532
    outer loop
      vertex 16.3441 7.89714 24
      vertex 15.4035 7.17667 22.7373
      vertex 16.591 8.4 24.1718
    endloop
  endfacet
  facet normal 0.839224 -0.243385 -0.486278
    outer loop
      vertex 15.4035 7.17667 22.7373
      vertex 16.3441 7.89714 24
      vertex 15.4123 7.17105 22.7553
    endloop
  endfacet
  facet normal 0.839295 0.24645 0.48461
    outer loop
      vertex 16.1003 10.0711 25.8282
      vertex 15.4035 9.62333 27.2627
      vertex 16.591 8.4 25.8282
    endloop
  endfacet
  facet normal 0.57289 0.661077 -0.484534
    outer loop
      vertex 15.4035 9.62333 22.7373
      vertex 14.44 10.4583 22.7373
      vertex 14.784 11.2116 24.1718
    endloop
  endfacet
  facet normal 0.572808 0.661102 -0.484597
    outer loop
      vertex 15.4035 9.62333 22.7373
      vertex 14.784 11.2116 24.1718
      vertex 16.1003 10.0711 24.1718
    endloop
  endfacet
  facet normal 0.142338 0.989818 -0
    outer loop
      vertex 14.784 11.2116 24.1718
      vertex 13.0601 11.4595 25.8282
      vertex 14.784 11.2116 25.8282
    endloop
  endfacet
  facet normal 0.142338 0.989818 0
    outer loop
      vertex 13.0601 11.4595 25.8282
      vertex 14.784 11.2116 24.1718
      vertex 13.0601 11.4595 24.1718
    endloop
  endfacet
  facet normal 0 0.930861 -0.365374
    outer loop
      vertex 12.6954 10.475 21.6636
      vertex 11.1454 10.475 21.6636
      vertex 13.0601 11.4595 24.1718
    endloop
  endfacet
  facet normal 0.12446 0.865869 0.484541
    outer loop
      vertex 14.784 11.2116 25.8282
      vertex 13.178 10.6397 27.2627
      vertex 14.44 10.4583 27.2627
    endloop
  endfacet
  facet normal 0.494737 0.145267 0.856815
    outer loop
      vertex 15.4035 9.62333 27.2627
      vertex 14.3282 8.4 28.091
      vertex 15.7627 8.4 27.2627
    endloop
  endfacet
  facet normal -0.748985 0.243363 0.616276
    outer loop
      vertex 9.89143 9.56393 25.3078
      vertex 9.41245 8.0898 25.3078
      vertex 11.3289 9.03749 27.2627
    endloop
  endfacet
  facet normal -0.668433 0.42956 0.607187
    outer loop
      vertex 12.0182 10.1101 27.2627
      vertex 9.89143 9.56393 25.3078
      vertex 11.3289 9.03749 27.2627
    endloop
  endfacet
  facet normal 0.124509 0.865839 0.484583
    outer loop
      vertex 14.784 11.2116 25.8282
      vertex 13.0601 11.4595 25.8282
      vertex 13.178 10.6397 27.2627
    endloop
  endfacet
  facet normal -0.406671 0.890517 0.203957
    outer loop
      vertex 13.0601 11.4595 25.8282
      vertex 10.9625 11.0381 23.4857
      vertex 11.4758 10.736 25.8282
    endloop
  endfacet
  facet normal 0.641909 -0.18848 -0.743255
    outer loop
      vertex 15.4035 7.17667 22.7373
      vertex 14.4284 8.0898 21.6636
      vertex 15.7627 8.4 22.7373
    endloop
  endfacet
  facet normal 0.337699 -0.389623 0.856828
    outer loop
      vertex 14.1967 7.95223 28.091
      vertex 13.8441 7.64662 28.091
      vertex 15.4035 7.17667 27.2627
    endloop
  endfacet
  facet normal 0.124448 -0.865835 0.484606
    outer loop
      vertex 13.178 6.16029 27.2627
      vertex 13.145 5.93122 26.8619
      vertex 13.5588 6.02467 26.9226
    endloop
  endfacet
  facet normal 0.95949 0.281744 0
    outer loop
      vertex 16.591 8.4 25.8282
      vertex 16.1003 10.0711 24.1718
      vertex 16.1003 10.0711 25.8282
    endloop
  endfacet
  facet normal 0.95949 0.281744 0
    outer loop
      vertex 16.1003 10.0711 24.1718
      vertex 16.591 8.4 25.8282
      vertex 16.591 8.4 24.1718
    endloop
  endfacet
  facet normal 0.494719 0.145288 0.856822
    outer loop
      vertex 15.4035 9.62333 27.2627
      vertex 14.1967 8.84777 28.091
      vertex 14.3282 8.4 28.091
    endloop
  endfacet
  facet normal 0.839293 -0.246437 0.484619
    outer loop
      vertex 15.7627 8.4 27.2627
      vertex 15.4035 7.17667 27.2627
      vertex 16.591 8.4 25.8282
    endloop
  endfacet
  facet normal 0.959477 -0.281788 0
    outer loop
      vertex 16.591 8.4 25.8282
      vertex 16.4317 7.85759 24.1718
      vertex 16.591 8.4 24.1718
    endloop
  endfacet
  facet normal 0.959495 -0.281726 -2.19327e-05
    outer loop
      vertex 16.4317 7.85759 24.1718
      vertex 16.591 8.4 25.8282
      vertex 16.2339 7.1838 25.8282
    endloop
  endfacet
  facet normal 0.572884 -0.661101 0.484509
    outer loop
      vertex 14.4888 6.23474 27.059
      vertex 15.4035 7.17667 27.2627
      vertex 14.44 6.34174 27.2627
    endloop
  endfacet
  facet normal 0.572782 -0.661045 0.484706
    outer loop
      vertex 15.4035 7.17667 27.2627
      vertex 14.4888 6.23474 27.059
      vertex 15.1617 6.55654 26.7027
    endloop
  endfacet
  facet normal 0.839293 -0.246437 -0.484619
    outer loop
      vertex 16.591 8.4 24.1718
      vertex 15.4035 7.17667 22.7373
      vertex 15.7627 8.4 22.7373
    endloop
  endfacet
  facet normal -0.629079 0.716216 0.30215
    outer loop
      vertex 11.4758 10.736 25.8282
      vertex 9.71347 9.73765 24.5255
      vertex 9.89143 9.56393 25.3078
    endloop
  endfacet
  facet normal -0.62909 0.716192 0.302184
    outer loop
      vertex 11.4758 10.736 25.8282
      vertex 9.55958 9.88787 23.8491
      vertex 9.71347 9.73765 24.5255
    endloop
  endfacet
  facet normal -0.629022 0.716299 0.302072
    outer loop
      vertex 9.55958 9.88787 23.8491
      vertex 11.4758 10.736 25.8282
      vertex 9.48602 9.94131 23.5692
    endloop
  endfacet
  facet normal -0.615336 0.610266 0.498936
    outer loop
      vertex 11.4758 10.736 25.8282
      vertex 9.89143 9.56393 25.3078
      vertex 12.0182 10.1101 27.2627
    endloop
  endfacet
  facet normal 0.494737 -0.145267 0.856815
    outer loop
      vertex 15.7627 8.4 27.2627
      vertex 14.3282 8.4 28.091
      vertex 15.4035 7.17667 27.2627
    endloop
  endfacet
  facet normal -0.214174 0.469031 0.85682
    outer loop
      vertex 13.178 10.6397 27.2627
      vertex 12.0182 10.1101 27.2627
      vertex 12.9576 9.02593 28.091
    endloop
  endfacet
  facet normal -0.488284 -0.672024 0.556744
    outer loop
      vertex 9.89143 6.61566 25.3078
      vertex 11.2912 5.86918 25.6344
      vertex 12.0182 6.68993 27.2627
    endloop
  endfacet
  facet normal -0.488296 -0.672083 0.556661
    outer loop
      vertex 11.2912 5.86918 25.6344
      vertex 9.89143 6.61566 25.3078
      vertex 10.9016 5.88173 25.3078
    endloop
  endfacet
  facet normal -0.214196 0.469031 0.856814
    outer loop
      vertex 13.178 10.6397 27.2627
      vertex 12.9576 9.02593 28.091
      vertex 13.3821 9.21979 28.091
    endloop
  endfacet
  facet normal 0.337676 -0.389674 0.856814
    outer loop
      vertex 15.4035 7.17667 27.2627
      vertex 13.8441 7.64662 28.091
      vertex 14.44 6.34174 27.2627
    endloop
  endfacet
  facet normal -0.349248 -0.76478 0.541421
    outer loop
      vertex 12.0182 6.68993 27.2627
      vertex 11.957 5.88654 26.0884
      vertex 13.178 6.16029 27.2627
    endloop
  endfacet
  facet normal -0.349247 -0.764781 0.541421
    outer loop
      vertex 11.957 5.88654 26.0884
      vertex 12.0182 6.68993 27.2627
      vertex 11.2912 5.86918 25.6344
    endloop
  endfacet
  facet normal 0.572925 -0.661002 0.484596
    outer loop
      vertex 15.4035 7.17667 27.2627
      vertex 15.1617 6.55654 26.7027
      vertex 15.8535 6.88747 26.3362
    endloop
  endfacet
  facet normal 0.839293 0.246437 0.484619
    outer loop
      vertex 16.591 8.4 25.8282
      vertex 15.4035 9.62333 27.2627
      vertex 15.7627 8.4 27.2627
    endloop
  endfacet
  facet normal 0.337681 0.389662 0.856817
    outer loop
      vertex 14.44 10.4583 27.2627
      vertex 13.8441 9.15338 28.091
      vertex 15.4035 9.62333 27.2627
    endloop
  endfacet
  facet normal 0.520002 -0.715757 -0.466144
    outer loop
      vertex 14.0491 6.49291 21.9633
      vertex 13.3605 6.18782 21.6636
      vertex 13.9494 6.61566 21.6636
    endloop
  endfacet
  facet normal -0.433769 -0.278764 0.856817
    outer loop
      vertex 12.7053 8.16666 28.091
      vertex 11.3289 7.76251 27.2627
      vertex 12.9576 7.77407 28.091
    endloop
  endfacet
  facet normal -0.713753 -0.231914 0.660888
    outer loop
      vertex 11.3289 7.76251 27.2627
      vertex 9.41245 8.0898 25.3078
      vertex 9.89143 6.61566 25.3078
    endloop
  endfacet
  facet normal 0.494719 -0.145288 0.856822
    outer loop
      vertex 14.3282 8.4 28.091
      vertex 14.1967 7.95223 28.091
      vertex 15.4035 7.17667 27.2627
    endloop
  endfacet
  facet normal -0.433769 -0.278764 0.856817
    outer loop
      vertex 12.9576 7.77407 28.091
      vertex 11.3289 7.76251 27.2627
      vertex 12.0182 6.68993 27.2627
    endloop
  endfacet
  facet normal 0.124486 -0.865811 0.484639
    outer loop
      vertex 13.5588 6.02467 26.9226
      vertex 14.44 6.34174 27.2627
      vertex 13.178 6.16029 27.2627
    endloop
  endfacet
  facet normal 0.124494 -0.865818 0.484624
    outer loop
      vertex 14.44 6.34174 27.2627
      vertex 13.5588 6.02467 26.9226
      vertex 14.4888 6.23474 27.059
    endloop
  endfacet
  facet normal 0.0733811 -0.510372 0.856817
    outer loop
      vertex 13.8441 7.64662 28.091
      vertex 13.178 6.16029 27.2627
      vertex 14.44 6.34174 27.2627
    endloop
  endfacet
  facet normal 0.604316 -0.627249 -0.491285
    outer loop
      vertex 14.3453 6.6365 22.1253
      vertex 15.4035 7.17667 22.7373
      vertex 15.4123 7.17105 22.7553
    endloop
  endfacet
  facet normal 0.604118 -0.628722 -0.489642
    outer loop
      vertex 15.4035 7.17667 22.7373
      vertex 14.3453 6.6365 22.1253
      vertex 13.9494 6.61566 21.6636
    endloop
  endfacet
  facet normal 0.579211 -0.668508 -0.466489
    outer loop
      vertex 14.0491 6.49291 21.9633
      vertex 13.9494 6.61566 21.6636
      vertex 14.3453 6.6365 22.1253
    endloop
  endfacet
  facet normal -0.214189 -0.469028 0.856817
    outer loop
      vertex 12.9576 7.77407 28.091
      vertex 12.0182 6.68993 27.2627
      vertex 13.178 6.16029 27.2627
    endloop
  endfacet
  facet normal -0.614261 -0.394759 0.683263
    outer loop
      vertex 11.3289 7.76251 27.2627
      vertex 9.89143 6.61566 25.3078
      vertex 12.0182 6.68993 27.2627
    endloop
  endfacet
  facet normal 0.57289 0.661077 0.484534
    outer loop
      vertex 14.784 11.2116 25.8282
      vertex 14.44 10.4583 27.2627
      vertex 15.4035 9.62333 27.2627
    endloop
  endfacet
  facet normal 0.0733604 0.510369 0.856821
    outer loop
      vertex 14.44 10.4583 27.2627
      vertex 13.178 10.6397 27.2627
      vertex 13.3821 9.21979 28.091
    endloop
  endfacet
  facet normal -0.515621 0 0.856817
    outer loop
      vertex 11.3289 9.03749 27.2627
      vertex 12.7053 8.16666 28.091
      vertex 12.7053 8.63334 28.091
    endloop
  endfacet
  facet normal -0.515621 0 0.856817
    outer loop
      vertex 12.7053 8.16666 28.091
      vertex 11.3289 9.03749 27.2627
      vertex 11.3289 7.76251 27.2627
    endloop
  endfacet
  facet normal -0.714095 0 0.700049
    outer loop
      vertex 11.3289 9.03749 27.2627
      vertex 9.41245 8.0898 25.3078
      vertex 11.3289 7.76251 27.2627
    endloop
  endfacet
  facet normal -0.214195 -0.469029 0.856815
    outer loop
      vertex 13.3821 7.58021 28.091
      vertex 12.9576 7.77407 28.091
      vertex 13.178 6.16029 27.2627
    endloop
  endfacet
  facet normal 0 0 1
    outer loop
      vertex 14.1967 8.84777 28.091
      vertex 14.1967 7.95223 28.091
      vertex 14.3282 8.4 28.091
    endloop
  endfacet
  facet normal 0 0 1
    outer loop
      vertex 13.8441 9.15338 28.091
      vertex 14.1967 7.95223 28.091
      vertex 14.1967 8.84777 28.091
    endloop
  endfacet
  facet normal 0 0 1
    outer loop
      vertex 13.8441 9.15338 28.091
      vertex 13.8441 7.64662 28.091
      vertex 14.1967 7.95223 28.091
    endloop
  endfacet
  facet normal 0 0 1
    outer loop
      vertex 13.3821 9.21979 28.091
      vertex 13.8441 7.64662 28.091
      vertex 13.8441 9.15338 28.091
    endloop
  endfacet
  facet normal 0 0 1
    outer loop
      vertex 13.3821 9.21979 28.091
      vertex 13.3821 7.58021 28.091
      vertex 13.8441 7.64662 28.091
    endloop
  endfacet
  facet normal -0 0 1
    outer loop
      vertex 12.9576 9.02593 28.091
      vertex 13.3821 7.58021 28.091
      vertex 13.3821 9.21979 28.091
    endloop
  endfacet
  facet normal 0 0 1
    outer loop
      vertex 12.9576 9.02593 28.091
      vertex 12.9576 7.77407 28.091
      vertex 13.3821 7.58021 28.091
    endloop
  endfacet
  facet normal -0 0 1
    outer loop
      vertex 12.7053 8.63334 28.091
      vertex 12.9576 7.77407 28.091
      vertex 12.9576 9.02593 28.091
    endloop
  endfacet
  facet normal 0 0 1
    outer loop
      vertex 12.9576 7.77407 28.091
      vertex 12.7053 8.63334 28.091
      vertex 12.7053 8.16666 28.091
    endloop
  endfacet
  facet normal 0.0733625 0.510367 0.856822
    outer loop
      vertex 14.44 10.4583 27.2627
      vertex 13.3821 9.21979 28.091
      vertex 13.8441 9.15338 28.091
    endloop
  endfacet
  facet normal 0.607665 0.197432 -0.769262
    outer loop
      vertex 12.8658 7.67347 20.3224
      vertex 12.4023 9.10005 20.3224
      vertex 14.4284 8.0898 21.6636
    endloop
  endfacet
  facet normal 0 0.938537 -0.345178
    outer loop
      vertex 11.1888 9.98173 20.3224
      vertex 11.1454 10.475 21.6636
      vertex 12.6954 10.475 21.6636
    endloop
  endfacet
  facet normal 0 0.938537 -0.345178
    outer loop
      vertex 11.1454 10.475 21.6636
      vertex 11.1888 9.98173 20.3224
      vertex 9.68878 9.98173 20.3224
    endloop
  endfacet
  facet normal 0.424489 0.584245 -0.691713
    outer loop
      vertex 12.4023 9.10005 20.3224
      vertex 11.1888 9.98173 20.3224
      vertex 12.6954 10.475 21.6636
    endloop
  endfacet
  facet normal 0.60767 0.197455 -0.769252
    outer loop
      vertex 14.4284 8.0898 21.6636
      vertex 12.4023 9.10005 20.3224
      vertex 13.9494 9.56393 21.6636
    endloop
  endfacet
  facet normal 0.424476 0.584251 -0.691716
    outer loop
      vertex 13.9494 9.56393 21.6636
      vertex 12.4023 9.10005 20.3224
      vertex 12.6954 10.475 21.6636
    endloop
  endfacet
  facet normal -0.464556 -0.639483 0.612576
    outer loop
      vertex 8.47525 6.24688 23.8491
      vertex 9.17272 5.88475 24
      vertex 10.2677 5.88284 24.8284
    endloop
  endfacet
  facet normal -0.464526 -0.639366 0.612721
    outer loop
      vertex 9.17272 5.88475 24
      vertex 8.47525 6.24688 23.8491
      vertex 9.08507 5.80382 23.8491
    endloop
  endfacet
  facet normal -0.56088 0.772008 0.299025
    outer loop
      vertex 9.71347 9.73765 24.5255
      vertex 8.47525 9.10005 23.8491
      vertex 9.89143 9.56393 25.3078
    endloop
  endfacet
  facet normal 0.668432 -0.217174 -0.71136
    outer loop
      vertex 14.4284 8.0898 21.6636
      vertex 12.4023 6.24688 20.3224
      vertex 12.8658 7.67347 20.3224
    endloop
  endfacet
  facet normal -0.733597 0.238363 0.636411
    outer loop
      vertex 8.47525 9.10005 23.8491
      vertex 8.01172 7.67347 23.8491
      vertex 9.41245 8.0898 25.3078
    endloop
  endfacet
  facet normal -0.561573 0.772963 0.295235
    outer loop
      vertex 9.51172 10.5266 22.0857
      vertex 8.01172 9.43682 22.0857
      vertex 8.47525 9.10005 23.8491
    endloop
  endfacet
  facet normal -0.464517 -0.639354 0.61274
    outer loop
      vertex 9.89143 6.61566 25.3078
      vertex 10.2677 5.88284 24.8284
      vertex 10.9016 5.88173 25.3078
    endloop
  endfacet
  facet normal -0.464589 -0.639355 0.612685
    outer loop
      vertex 10.2677 5.88284 24.8284
      vertex 9.89143 6.61566 25.3078
      vertex 8.47525 6.24688 23.8491
    endloop
  endfacet
  facet normal -0.0471859 0.953006 -0.299253
    outer loop
      vertex 11.1454 10.475 21.6636
      vertex 9.68878 9.98173 20.3224
      vertex 10.9625 11.0381 23.4857
    endloop
  endfacet
  facet normal 0.458755 -0.834908 -0.304093
    outer loop
      vertex 11.1888 5.36521 20.3224
      vertex 11.2854 5.26353 20.7473
      vertex 11.2294 5.24019 20.7269
    endloop
  endfacet
  facet normal 0.458731 -0.834922 -0.304091
    outer loop
      vertex 11.2854 5.26353 20.7473
      vertex 11.1888 5.36521 20.3224
      vertex 11.9303 5.53223 20.9824
    endloop
  endfacet
  facet normal -0.560889 0.771989 0.299059
    outer loop
      vertex 9.55958 9.88787 23.8491
      vertex 8.47525 9.10005 23.8491
      vertex 9.71347 9.73765 24.5255
    endloop
  endfacet
  facet normal -0.0472456 0.953011 -0.29923
    outer loop
      vertex 9.68878 9.98173 20.3224
      vertex 9.51172 10.5266 22.0857
      vertex 10.9625 11.0381 23.4857
    endloop
  endfacet
  facet normal -0.672008 -0.21835 0.707622
    outer loop
      vertex 9.41245 8.0898 25.3078
      vertex 8.01172 7.67347 23.8491
      vertex 8.47525 6.24688 23.8491
    endloop
  endfacet
  facet normal 0.668444 -0.217201 -0.711341
    outer loop
      vertex 13.9494 6.61566 21.6636
      vertex 12.4023 6.24688 20.3224
      vertex 14.4284 8.0898 21.6636
    endloop
  endfacet
  facet normal -0.558491 0.775064 0.295573
    outer loop
      vertex 10.9625 11.0381 23.4857
      vertex 9.51172 10.5266 22.0857
      vertex 9.66068 10.0682 23.5692
    endloop
  endfacet
  facet normal -0.5616 0.772968 0.295172
    outer loop
      vertex 9.48602 9.94131 23.5692
      vertex 8.47525 9.10005 23.8491
      vertex 9.55958 9.88787 23.8491
    endloop
  endfacet
  facet normal -0.561578 0.772961 0.29523
    outer loop
      vertex 9.48602 9.94131 23.5692
      vertex 9.51172 10.5266 22.0857
      vertex 8.47525 9.10005 23.8491
    endloop
  endfacet
  facet normal -0.561562 0.772972 0.295235
    outer loop
      vertex 9.51172 10.5266 22.0857
      vertex 9.48602 9.94131 23.5692
      vertex 9.66068 10.0682 23.5692
    endloop
  endfacet
  facet normal -0.672008 -0.21835 0.707622
    outer loop
      vertex 9.41245 8.0898 25.3078
      vertex 8.47525 6.24688 23.8491
      vertex 9.89143 6.61566 25.3078
    endloop
  endfacet
  facet normal -0.733597 0.238363 0.636411
    outer loop
      vertex 9.89143 9.56393 25.3078
      vertex 8.47525 9.10005 23.8491
      vertex 9.41245 8.0898 25.3078
    endloop
  endfacet
  facet normal 0.534902 -0.736213 -0.414572
    outer loop
      vertex 12.4023 6.24688 20.3224
      vertex 13.3605 6.18782 21.6636
      vertex 12.6181 5.84754 21.31
    endloop
  endfacet
  facet normal 0.534881 -0.736236 -0.414558
    outer loop
      vertex 13.3605 6.18782 21.6636
      vertex 12.4023 6.24688 20.3224
      vertex 13.9494 6.61566 21.6636
    endloop
  endfacet
  facet normal 0.534883 -0.736194 -0.414631
    outer loop
      vertex 12.4023 6.24688 20.3224
      vertex 11.9303 5.53223 20.9824
      vertex 11.1888 5.36521 20.3224
    endloop
  endfacet
  facet normal 0.534949 -0.736181 -0.414569
    outer loop
      vertex 11.9303 5.53223 20.9824
      vertex 12.4023 6.24688 20.3224
      vertex 12.6181 5.84754 21.31
    endloop
  endfacet
  facet normal -0.4452 -0.612762 0.652931
    outer loop
      vertex 8.47525 6.24688 23.8491
      vertex 7.15703 5.77199 22.5046
      vertex 8.3301 4.9197 22.5046
    endloop
  endfacet
  facet normal 0.401341 0.552385 -0.730614
    outer loop
      vertex 12.4023 9.10005 20.3224
      vertex 9.7801 9.38234 19.0954
      vertex 11.1888 9.98173 20.3224
    endloop
  endfacet
  facet normal -0.445216 -0.612787 0.652898
    outer loop
      vertex 8.47525 6.24688 23.8491
      vertex 8.74004 5.51964 23.3471
      vertex 9.08507 5.80382 23.8491
    endloop
  endfacet
  facet normal -0.445108 -0.612794 0.652964
    outer loop
      vertex 8.74004 5.51964 23.3471
      vertex 8.47525 6.24688 23.8491
      vertex 8.50795 5.32849 23.0095
    endloop
  endfacet
  facet normal -0.445201 -0.612756 0.652936
    outer loop
      vertex 8.50795 5.32849 23.0095
      vertex 8.3301 4.9197 22.5046
      vertex 8.60406 5.00953 22.7757
    endloop
  endfacet
  facet normal -0.44517 -0.612774 0.65294
    outer loop
      vertex 8.3301 4.9197 22.5046
      vertex 8.50795 5.32849 23.0095
      vertex 8.47525 6.24688 23.8491
    endloop
  endfacet
  facet normal 0.515112 -0.802954 -0.299874
    outer loop
      vertex 11.2294 5.24019 20.7269
      vertex 10.746 5.01732 20.4933
      vertex 11.1888 5.36521 20.3224
    endloop
  endfacet
  facet normal -0.572842 0.788455 0.224032
    outer loop
      vertex 8.15895 9.90908 20.8
      vertex 6.70895 8.8556 20.8
      vertex 9.51172 10.5266 22.0857
    endloop
  endfacet
  facet normal 0.401337 0.552404 -0.730601
    outer loop
      vertex 10.9532 8.53005 19.0954
      vertex 9.7801 9.38234 19.0954
      vertex 12.4023 9.10005 20.3224
    endloop
  endfacet
  facet normal 0.515078 -0.802969 -0.299891
    outer loop
      vertex 10.5171 5.01607 20.1035
      vertex 10.746 5.01732 20.4933
      vertex 10.3542 4.83673 20.3039
    endloop
  endfacet
  facet normal 0.515098 -0.802952 -0.299903
    outer loop
      vertex 10.746 5.01732 20.4933
      vertex 10.5171 5.01607 20.1035
      vertex 11.1888 5.36521 20.3224
    endloop
  endfacet
  facet normal 0.515083 -0.803018 -0.299753
    outer loop
      vertex 11.1888 5.36521 20.3224
      vertex 10.5171 5.01607 20.1035
      vertex 10.4402 5.12845 19.6703
    endloop
  endfacet
  facet normal 0 -0.949246 0.314536
    outer loop
      vertex 8.60406 5.00953 22.7757
      vertex 8.3301 4.9197 22.5046
      vertex 8.71549 4.9197 22.5046
    endloop
  endfacet
  facet normal -0.139992 0.941965 -0.30513
    outer loop
      vertex 9.68878 9.98173 20.3224
      vertex 8.15895 9.90908 20.8
      vertex 9.51172 10.5266 22.0857
    endloop
  endfacet
  facet normal -0.742122 0.241133 0.625388
    outer loop
      vertex 8.47525 9.10005 23.8491
      vertex 6.70895 7.15102 22.5046
      vertex 8.01172 7.67347 23.8491
    endloop
  endfacet
  facet normal -0.658653 -0.214012 0.72137
    outer loop
      vertex 8.47525 6.24688 23.8491
      vertex 6.70895 7.15102 22.5046
      vertex 7.15703 5.77199 22.5046
    endloop
  endfacet
  facet normal -0.620451 0.724028 0.301372
    outer loop
      vertex 8.47525 9.10005 23.8491
      vertex 6.70895 8.8556 20.8
      vertex 7.15703 8.53005 22.5046
    endloop
  endfacet
  facet normal -0.742122 0.241133 0.625388
    outer loop
      vertex 7.15703 8.53005 22.5046
      vertex 6.70895 7.15102 22.5046
      vertex 8.47525 9.10005 23.8491
    endloop
  endfacet
  facet normal -0.658653 -0.214011 0.721371
    outer loop
      vertex 8.01172 7.67347 23.8491
      vertex 6.70895 7.15102 22.5046
      vertex 8.47525 6.24688 23.8491
    endloop
  endfacet
  facet normal 0.577341 0.1876 -0.794659
    outer loop
      vertex 11.4013 7.15102 19.0954
      vertex 9.95125 7.15102 18.0419
      vertex 10.9532 8.53005 19.0954
    endloop
  endfacet
  facet normal -0.139993 0.941964 -0.305133
    outer loop
      vertex 8.3301 9.38234 19.0954
      vertex 8.15895 9.90908 20.8
      vertex 9.68878 9.98173 20.3224
    endloop
  endfacet
  facet normal 0 0.898522 -0.438928
    outer loop
      vertex 9.7801 9.38234 19.0954
      vertex 9.68878 9.98173 20.3224
      vertex 11.1888 9.98173 20.3224
    endloop
  endfacet
  facet normal 0 0.898522 -0.438928
    outer loop
      vertex 9.68878 9.98173 20.3224
      vertex 9.7801 9.38234 19.0954
      vertex 8.3301 9.38234 19.0954
    endloop
  endfacet
  facet normal 0.6713 -0.218106 -0.708369
    outer loop
      vertex 12.4023 6.24688 20.3224
      vertex 11.4013 7.15102 19.0954
      vertex 12.8658 7.67347 20.3224
    endloop
  endfacet
  facet normal -0.572837 0.788467 0.224004
    outer loop
      vertex 9.51172 10.5266 22.0857
      vertex 6.70895 8.8556 20.8
      vertex 8.01172 9.43682 22.0857
    endloop
  endfacet
  facet normal -0.62044 0.724039 0.301365
    outer loop
      vertex 8.01172 9.43682 22.0857
      vertex 6.70895 8.8556 20.8
      vertex 8.47525 9.10005 23.8491
    endloop
  endfacet
  facet normal 0.577347 0.187594 -0.794656
    outer loop
      vertex 9.95125 7.15102 18.0419
      vertex 9.7801 7.67776 18.0419
      vertex 10.9532 8.53005 19.0954
    endloop
  endfacet
  facet normal 0.549331 -0.755892 -0.356179
    outer loop
      vertex 10.6076 5.33855 19.4826
      vertex 11.1888 5.36521 20.3224
      vertex 10.4402 5.12845 19.6703
    endloop
  endfacet
  facet normal 0.549254 -0.755974 -0.356123
    outer loop
      vertex 11.1888 5.36521 20.3224
      vertex 10.6076 5.33855 19.4826
      vertex 12.4023 6.24688 20.3224
    endloop
  endfacet
  facet normal 0.671287 -0.218127 -0.708375
    outer loop
      vertex 12.4023 6.24688 20.3224
      vertex 10.9532 5.77199 19.0954
      vertex 11.4013 7.15102 19.0954
    endloop
  endfacet
  facet normal 0.549243 -0.756011 -0.356061
    outer loop
      vertex 12.4023 6.24688 20.3224
      vertex 10.6076 5.33855 19.4826
      vertex 10.9532 5.77199 19.0954
    endloop
  endfacet
  facet normal 0.589286 0.191482 -0.784906
    outer loop
      vertex 11.4013 7.15102 19.0954
      vertex 10.9532 8.53005 19.0954
      vertex 12.4023 9.10005 20.3224
    endloop
  endfacet
  facet normal 0.589304 0.191467 -0.784896
    outer loop
      vertex 12.8658 7.67347 20.3224
      vertex 11.4013 7.15102 19.0954
      vertex 12.4023 9.10005 20.3224
    endloop
  endfacet
  facet normal 0.59771 -0.743842 -0.299069
    outer loop
      vertex 9.91431 4.72264 19.6286
      vertex 10.4402 5.12845 19.6703
      vertex 10.5171 5.01607 20.1035
    endloop
  endfacet
  facet normal 0.597653 -0.743727 -0.299467
    outer loop
      vertex 9.91431 4.72264 19.6286
      vertex 10.6076 5.33855 19.4826
      vertex 10.4402 5.12845 19.6703
    endloop
  endfacet
  facet normal 0.597794 -0.743785 -0.299041
    outer loop
      vertex 10.6076 5.33855 19.4826
      vertex 9.91431 4.72264 19.6286
      vertex 10.9532 5.77199 19.0954
    endloop
  endfacet
  facet normal -0.553476 -0.464421 0.691359
    outer loop
      vertex 7.15703 5.77199 22.5046
      vertex 5.64075 5.74769 21.2744
      vertex 6.63676 4.56069 21.2744
    endloop
  endfacet
  facet normal -0.755073 0 0.655641
    outer loop
      vertex 5.64075 7.29721 21.2744
      vertex 5.64075 5.74769 21.2744
      vertex 6.70895 7.15102 22.5046
    endloop
  endfacet
  facet normal 0.31751 0.549946 -0.772494
    outer loop
      vertex 9.50467 7.97852 17.9828
      vertex 8.16274 8.75328 17.9828
      vertex 9.7801 9.38234 19.0954
    endloop
  endfacet
  facet normal 0.595488 -0.743802 -0.303567
    outer loop
      vertex 9.91431 4.72264 19.6286
      vertex 9.50467 5.06638 17.9828
      vertex 10.9532 5.77199 19.0954
    endloop
  endfacet
  facet normal 0.305841 0.529734 -0.791103
    outer loop
      vertex 8.43221 7.07862 16.9656
      vertex 8.16274 8.75328 17.9828
      vertex 9.50467 7.97852 17.9828
    endloop
  endfacet
  facet normal -0.74433 0.599636 0.293954
    outer loop
      vertex 5.85567 7.93633 20.5146
      vertex 6.70895 8.8556 20.8
      vertex 5.74912 8.01506 20.0842
    endloop
  endfacet
  facet normal -0.744337 0.599667 0.293875
    outer loop
      vertex 6.70895 8.8556 20.8
      vertex 5.85567 7.93633 20.5146
      vertex 5.64075 7.29721 21.2744
    endloop
  endfacet
  facet normal -0.739111 0.620197 0.262811
    outer loop
      vertex 6.36939 8.94732 19.6286
      vertex 5.74912 8.01506 20.0842
      vertex 6.70895 8.8556 20.8
    endloop
  endfacet
  facet normal -0.40635 -0.559289 0.722548
    outer loop
      vertex 7.15703 5.77199 22.5046
      vertex 6.63676 4.56069 21.2744
      vertex 8.3301 4.9197 22.5046
    endloop
  endfacet
  facet normal 0 -0.890636 0.454717
    outer loop
      vertex 8.3301 4.9197 22.5046
      vertex 8.96906 4.60474 21.8877
      vertex 8.71549 4.9197 22.5046
    endloop
  endfacet
  facet normal -1.24187e-06 -0.890637 0.454716
    outer loop
      vertex 8.96906 4.60474 21.8877
      vertex 8.3301 4.9197 22.5046
      vertex 8.16274 4.29162 21.2744
    endloop
  endfacet
  facet normal -0.615386 -0.199954 0.762442
    outer loop
      vertex 6.70895 7.15102 22.5046
      vertex 5.64075 5.74769 21.2744
      vertex 7.15703 5.77199 22.5046
    endloop
  endfacet
  facet normal 0.570759 -0.785552 -0.239044
    outer loop
      vertex 9.92674 4.61175 20.0226
      vertex 10.5171 5.01607 20.1035
      vertex 10.3542 4.83673 20.3039
    endloop
  endfacet
  facet normal 0.570756 -0.785539 -0.239094
    outer loop
      vertex 10.5171 5.01607 20.1035
      vertex 9.92674 4.61175 20.0226
      vertex 9.91431 4.72264 19.6286
    endloop
  endfacet
  facet normal -0.2899 0.907964 -0.302587
    outer loop
      vertex 6.63676 8.48421 17.9828
      vertex 6.36939 8.94732 19.6286
      vertex 8.15895 9.90908 20.8
    endloop
  endfacet
  facet normal -0.153657 -0.871438 0.465817
    outer loop
      vertex 8.3301 4.9197 22.5046
      vertex 6.63676 4.56069 21.2744
      vertex 8.16274 4.29162 21.2744
    endloop
  endfacet
  facet normal -0.572357 0.787787 0.227595
    outer loop
      vertex 8.15895 9.90908 20.8
      vertex 6.36939 8.94732 19.6286
      vertex 6.70895 8.8556 20.8
    endloop
  endfacet
  facet normal 0.382592 0.526603 -0.759153
    outer loop
      vertex 10.9532 8.53005 19.0954
      vertex 9.50467 7.97852 17.9828
      vertex 9.7801 9.38234 19.0954
    endloop
  endfacet
  facet normal 0.48397 -0.838259 -0.251186
    outer loop
      vertex 9.53448 4.23861 20.5121
      vertex 8.2556 3.76499 19.6286
      vertex 9.76499 4.53974 19.9513
    endloop
  endfacet
  facet normal 0.483926 -0.838281 -0.251198
    outer loop
      vertex 9.76499 4.53974 19.9513
      vertex 9.91431 4.72264 19.6286
      vertex 9.92674 4.61175 20.0226
    endloop
  endfacet
  facet normal 0.483969 -0.838265 -0.251169
    outer loop
      vertex 9.91431 4.72264 19.6286
      vertex 9.76499 4.53974 19.9513
      vertex 8.2556 3.76499 19.6286
    endloop
  endfacet
  facet normal -0.738151 0.599912 0.308607
    outer loop
      vertex 6.70895 8.8556 20.8
      vertex 5.64075 7.29721 21.2744
      vertex 7.15703 8.53005 22.5046
    endloop
  endfacet
  facet normal -0.720172 0.234001 0.653143
    outer loop
      vertex 7.15703 8.53005 22.5046
      vertex 5.64075 7.29721 21.2744
      vertex 6.70895 7.15102 22.5046
    endloop
  endfacet
  facet normal 0.138201 -0.94225 0.305066
    outer loop
      vertex 9.18046 4.46551 21.3733
      vertex 8.2556 3.76499 19.6286
      vertex 9.53448 4.23861 20.5121
    endloop
  endfacet
  facet normal 0.55476 0.201907 -0.80714
    outer loop
      vertex 8.63463 6.52245 16.9656
      vertex 8.43221 7.07862 16.9656
      vertex 9.7801 7.67776 18.0419
    endloop
  endfacet
  facet normal 0 0.870496 -0.492175
    outer loop
      vertex 9.7801 9.38234 19.0954
      vertex 8.16274 8.75328 17.9828
      vertex 8.3301 9.38234 19.0954
    endloop
  endfacet
  facet normal 0.498662 0.317433 -0.80658
    outer loop
      vertex 10.9532 8.53005 19.0954
      vertex 8.43221 7.07862 16.9656
      vertex 9.50467 7.97852 17.9828
    endloop
  endfacet
  facet normal 0.567755 0.184477 -0.802261
    outer loop
      vertex 9.95125 7.15102 18.0419
      vertex 8.63463 6.52245 16.9656
      vertex 9.7801 7.67776 18.0419
    endloop
  endfacet
  facet normal 0.30584 0.529734 -0.791103
    outer loop
      vertex 8.43221 7.07862 16.9656
      vertex 7.91964 7.37455 16.9656
      vertex 8.16274 8.75328 17.9828
    endloop
  endfacet
  facet normal 0.130955 -0.942068 0.308803
    outer loop
      vertex 8.16274 4.29162 21.2744
      vertex 9.18046 4.46551 21.3733
      vertex 8.96906 4.60474 21.8877
    endloop
  endfacet
  facet normal 0.130951 -0.942059 0.308832
    outer loop
      vertex 9.18046 4.46551 21.3733
      vertex 8.16274 4.29162 21.2744
      vertex 8.2556 3.76499 19.6286
    endloop
  endfacet
  facet normal 0.662302 -0.241042 -0.709404
    outer loop
      vertex 10.9532 5.77199 19.0954
      vertex 9.50467 5.06638 17.9828
      vertex 10.0346 6.52245 17.9828
    endloop
  endfacet
  facet normal 0.517664 0.284761 -0.806806
    outer loop
      vertex 9.7801 7.67776 18.0419
      vertex 8.43221 7.07862 16.9656
      vertex 10.9532 8.53005 19.0954
    endloop
  endfacet
  facet normal -0.279201 0.909165 -0.308975
    outer loop
      vertex 8.3301 9.38234 19.0954
      vertex 6.63676 8.48421 17.9828
      vertex 8.15895 9.90908 20.8
    endloop
  endfacet
  facet normal -0.153386 0.869902 -0.468767
    outer loop
      vertex 8.16274 8.75328 17.9828
      vertex 6.63676 8.48421 17.9828
      vertex 8.3301 9.38234 19.0954
    endloop
  endfacet
  facet normal 0.674628 -0.219213 -0.704857
    outer loop
      vertex 10.9532 5.77199 19.0954
      vertex 10.0346 6.52245 17.9828
      vertex 11.4013 7.15102 19.0954
    endloop
  endfacet
  facet normal 0.580928 0.152213 -0.799596
    outer loop
      vertex 10.0346 6.52245 17.9828
      vertex 9.95125 7.15102 18.0419
      vertex 11.4013 7.15102 19.0954
    endloop
  endfacet
  facet normal 0.580959 0.152215 -0.799573
    outer loop
      vertex 10.0346 6.52245 17.9828
      vertex 8.63463 6.52245 16.9656
      vertex 9.95125 7.15102 18.0419
    endloop
  endfacet
  facet normal 0.533093 0.194033 -0.823507
    outer loop
      vertex 7.41598 5.78776 16.0036
      vertex 7.22078 6.32406 16.0036
      vertex 8.43221 7.07862 16.9656
    endloop
  endfacet
  facet normal 0.499404 -0.864998 -0.0487249
    outer loop
      vertex 8.2556 3.76499 19.6286
      vertex 7.05048 3.12877 18.5714
      vertex 9.91431 4.72264 19.6286
    endloop
  endfacet
  facet normal 0.585732 0.083989 -0.806141
    outer loop
      vertex 10.0346 6.52245 17.9828
      vertex 7.41598 5.78776 16.0036
      vertex 8.63463 6.52245 16.9656
    endloop
  endfacet
  facet normal -0.137922 -0.78217 0.607609
    outer loop
      vertex 6.63676 4.56069 21.2744
      vertex 5.48946 3.89606 20.1584
      vertex 6.96094 3.63659 20.1584
    endloop
  endfacet
  facet normal 0.218095 -0.925862 0.308567
    outer loop
      vertex 8.16274 4.29162 21.2744
      vertex 6.96094 3.63659 20.1584
      vertex 8.2556 3.76499 19.6286
    endloop
  endfacet
  facet normal -0.35357 0.883887 -0.306156
    outer loop
      vertex 6.63676 8.48421 17.9828
      vertex 5.48946 7.67945 16.9844
      vertex 6.36939 8.94732 19.6286
    endloop
  endfacet
  facet normal -0.137917 -0.782169 0.60761
    outer loop
      vertex 8.16274 4.29162 21.2744
      vertex 6.63676 4.56069 21.2744
      vertex 6.96094 3.63659 20.1584
    endloop
  endfacet
  facet normal -0.149278 0.846602 -0.510862
    outer loop
      vertex 8.16274 8.75328 17.9828
      vertex 5.48946 7.67945 16.9844
      vertex 6.63676 8.48421 17.9828
    endloop
  endfacet
  facet normal 0.683873 -0.248893 -0.685835
    outer loop
      vertex 9.50467 5.06638 17.9828
      vertex 8.25494 4.38368 16.9844
      vertex 10.0346 6.52245 17.9828
    endloop
  endfacet
  facet normal -0.732652 0.614772 0.29202
    outer loop
      vertex 5.48946 7.67945 20.1584
      vertex 4.04446 6.71121 18.5714
      vertex 4.52902 6.53485 20.1584
    endloop
  endfacet
  facet normal -0.497632 -0.417562 0.760266
    outer loop
      vertex 5.64075 5.74769 21.2744
      vertex 5.48946 3.89606 20.1584
      vertex 6.63676 4.56069 21.2744
    endloop
  endfacet
  facet normal 0.632974 -0.711102 -0.306067
    outer loop
      vertex 9.91431 4.72264 19.6286
      vertex 8.25494 4.38368 16.9844
      vertex 9.50467 5.06638 17.9828
    endloop
  endfacet
  facet normal 0.499408 -0.864995 -0.0487423
    outer loop
      vertex 9.91431 4.72264 19.6286
      vertex 7.05048 3.12877 18.5714
      vertex 8.64995 4.05223 18.5714
    endloop
  endfacet
  facet normal -0.353559 0.88389 -0.306161
    outer loop
      vertex 5.48946 7.67945 16.9844
      vertex 5.23163 8.12602 18.5714
      vertex 6.36939 8.94732 19.6286
    endloop
  endfacet
  facet normal 0.218096 -0.925861 0.308569
    outer loop
      vertex 8.2556 3.76499 19.6286
      vertex 6.96094 3.63659 20.1584
      vertex 7.05048 3.12877 18.5714
    endloop
  endfacet
  facet normal 0.533101 0.194024 -0.823504
    outer loop
      vertex 8.63463 6.52245 16.9656
      vertex 7.41598 5.78776 16.0036
      vertex 8.43221 7.07862 16.9656
    endloop
  endfacet
  facet normal 0.683886 -0.248913 -0.685815
    outer loop
      vertex 10.0346 6.52245 17.9828
      vertex 8.25494 4.38368 16.9844
      vertex 8.76598 5.78776 16.9844
    endloop
  endfacet
  facet normal 0.585686 0.0841871 -0.806154
    outer loop
      vertex 8.76598 5.78776 16.9844
      vertex 7.41598 5.78776 16.0036
      vertex 10.0346 6.52245 17.9828
    endloop
  endfacet
  facet normal -0.708461 0 0.70575
    outer loop
      vertex 4.52902 6.53485 20.1584
      vertex 5.64075 5.74769 21.2744
      vertex 5.64075 7.29721 21.2744
    endloop
  endfacet
  facet normal -0.708461 0 0.70575
    outer loop
      vertex 5.64075 5.74769 21.2744
      vertex 4.52902 6.53485 20.1584
      vertex 4.52902 5.04066 20.1584
    endloop
  endfacet
  facet normal -0.497551 -0.417591 0.760303
    outer loop
      vertex 5.64075 5.74769 21.2744
      vertex 5.17849 4.3181 20.1867
      vertex 5.48946 3.89606 20.1584
    endloop
  endfacet
  facet normal -0.49762 -0.417551 0.76028
    outer loop
      vertex 5.64075 5.74769 21.2744
      vertex 4.85428 4.70448 20.1867
      vertex 5.17849 4.3181 20.1867
    endloop
  endfacet
  facet normal -0.497572 -0.417595 0.760287
    outer loop
      vertex 5.64075 5.74769 21.2744
      vertex 4.8241 4.74044 20.1867
      vertex 4.85428 4.70448 20.1867
    endloop
  endfacet
  facet normal -0.49768 -0.417492 0.760273
    outer loop
      vertex 4.8241 4.74044 20.1867
      vertex 5.64075 5.74769 21.2744
      vertex 4.52902 5.04066 20.1584
    endloop
  endfacet
  facet normal -0.149285 0.846608 -0.510851
    outer loop
      vertex 6.96094 7.93892 16.9844
      vertex 5.48946 7.67945 16.9844
      vertex 8.16274 8.75328 17.9828
    endloop
  endfacet
  facet normal -0.732653 0.614771 0.292021
    outer loop
      vertex 5.23163 8.12602 18.5714
      vertex 4.04446 6.71121 18.5714
      vertex 5.48946 7.67945 20.1584
    endloop
  endfacet
  facet normal 0.632972 -0.711105 -0.306066
    outer loop
      vertex 8.64995 4.05223 18.5714
      vertex 8.25494 4.38368 16.9844
      vertex 9.91431 4.72264 19.6286
    endloop
  endfacet
  facet normal 0.297701 0.532225 -0.792534
    outer loop
      vertex 7.91964 7.37455 16.9656
      vertex 6.72651 6.60942 16.0036
      vertex 8.16274 8.75328 17.9828
    endloop
  endfacet
  facet normal -0.728744 0.611493 0.308234
    outer loop
      vertex 5.48946 7.67945 20.1584
      vertex 4.52902 6.53485 20.1584
      vertex 5.64075 7.29721 21.2744
    endloop
  endfacet
  facet normal -0.728744 0.611493 0.308234
    outer loop
      vertex 5.85567 7.93633 20.5146
      vertex 5.48946 7.67945 20.1584
      vertex 5.64075 7.29721 21.2744
    endloop
  endfacet
  facet normal -0.723594 0.624778 0.293366
    outer loop
      vertex 6.36939 8.94732 19.6286
      vertex 5.23163 8.12602 18.5714
      vertex 5.48946 7.67945 20.1584
    endloop
  endfacet
  facet normal -0.723616 0.62473 0.293416
    outer loop
      vertex 5.74912 8.01506 20.0842
      vertex 5.48946 7.67945 20.1584
      vertex 5.85567 7.93633 20.5146
    endloop
  endfacet
  facet normal -0.72375 0.62475 0.293041
    outer loop
      vertex 5.48946 7.67945 20.1584
      vertex 5.74912 8.01506 20.0842
      vertex 6.36939 8.94732 19.6286
    endloop
  endfacet
  facet normal 0.297803 0.532161 -0.792539
    outer loop
      vertex 8.16274 8.75328 17.9828
      vertex 6.72651 6.60942 16.0036
      vertex 6.96094 7.93892 16.9844
    endloop
  endfacet
  facet normal 0.303543 0.525756 -0.794634
    outer loop
      vertex 8.43221 7.07862 16.9656
      vertex 6.72651 6.60942 16.0036
      vertex 7.91964 7.37455 16.9656
    endloop
  endfacet
  facet normal 0.30354 0.52576 -0.794632
    outer loop
      vertex 7.22078 6.32406 16.0036
      vertex 6.72651 6.60942 16.0036
      vertex 8.43221 7.07862 16.9656
    endloop
  endfacet
  facet normal -0.465157 -0.395834 0.791798
    outer loop
      vertex 5.17849 4.3181 20.1867
      vertex 5.09011 4.25113 20.1013
      vertex 5.48946 3.89606 20.1584
    endloop
  endfacet
  facet normal 0.338187 -0.890598 0.304079
    outer loop
      vertex 6.40781 2.99235 18.8867
      vertex 6.96094 3.63659 20.1584
      vertex 5.8571 2.87545 19.1568
    endloop
  endfacet
  facet normal 0.338213 -0.890593 0.304065
    outer loop
      vertex 6.87161 3.15469 18.8463
      vertex 6.96094 3.63659 20.1584
      vertex 6.40781 2.99235 18.8867
    endloop
  endfacet
  facet normal 0.34057 -0.889222 0.305443
    outer loop
      vertex 7.05048 3.12877 18.5714
      vertex 6.87161 3.15469 18.8463
      vertex 7.04248 3.12708 18.5754
    endloop
  endfacet
  facet normal 0.338246 -0.890583 0.304059
    outer loop
      vertex 6.87161 3.15469 18.8463
      vertex 7.05048 3.12877 18.5714
      vertex 6.96094 3.63659 20.1584
    endloop
  endfacet
  facet normal -0.461537 0.83158 -0.308964
    outer loop
      vertex 4.44011 6.76857 16.1003
      vertex 4.19184 7.1986 17.6286
      vertex 5.48946 7.67945 16.9844
    endloop
  endfacet
  facet normal -0.46777 -0.392583 0.791877
    outer loop
      vertex 4.8241 4.74044 20.1867
      vertex 4.73685 4.67214 20.1013
      vertex 4.85428 4.70448 20.1867
    endloop
  endfacet
  facet normal -0.126292 -0.717811 0.684688
    outer loop
      vertex 5.48946 3.89606 20.1584
      vertex 4.44011 3.1253 19.1568
      vertex 4.54276 3.1308 19.1815
    endloop
  endfacet
  facet normal -0.126479 -0.717692 0.684778
    outer loop
      vertex 4.58197 3.12389 19.1815
      vertex 5.48946 3.89606 20.1584
      vertex 4.54276 3.1308 19.1815
    endloop
  endfacet
  facet normal -0.126557 -0.717645 0.684813
    outer loop
      vertex 5.48946 3.89606 20.1584
      vertex 4.58197 3.12389 19.1815
      vertex 5.8571 2.87545 19.1568
    endloop
  endfacet
  facet normal 0.340855 -0.888865 0.306165
    outer loop
      vertex 7.05048 3.12877 18.5714
      vertex 7.04248 3.12708 18.5754
      vertex 7.04689 3.12636 18.5684
    endloop
  endfacet
  facet normal 0.33817 -0.89062 0.304035
    outer loop
      vertex 6.40781 2.99235 18.8867
      vertex 5.8571 2.87545 19.1568
      vertex 6.01943 2.85642 18.9205
    endloop
  endfacet
  facet normal -0.126544 -0.717644 0.684816
    outer loop
      vertex 6.96094 3.63659 20.1584
      vertex 5.48946 3.89606 20.1584
      vertex 5.8571 2.87545 19.1568
    endloop
  endfacet
  facet normal 0.69188 -0.251822 -0.676674
    outer loop
      vertex 8.25494 4.38368 16.9844
      vertex 7.59528 4.94694 16.1003
      vertex 8.76598 5.78776 16.9844
    endloop
  endfacet
  facet normal -0.461542 0.83157 -0.308982
    outer loop
      vertex 5.48946 7.67945 16.9844
      vertex 4.19184 7.1986 17.6286
      vertex 5.23163 8.12602 18.5714
    endloop
  endfacet
  facet normal 0.691881 -0.251821 -0.676673
    outer loop
      vertex 8.25494 4.38368 16.9844
      vertex 7.16121 3.75433 16.1003
      vertex 7.59528 4.94694 16.1003
    endloop
  endfacet
  facet normal 0.691936 -0.252191 -0.676479
    outer loop
      vertex 7.16121 3.75433 16.1003
      vertex 8.25494 4.38368 16.9844
      vertex 7.26671 3.70688 16.2259
    endloop
  endfacet
  facet normal -0.749305 0.628743 0.207903
    outer loop
      vertex 4.19184 7.1986 17.6286
      vertex 4.04446 6.71121 18.5714
      vertex 5.23163 8.12602 18.5714
    endloop
  endfacet
  facet normal -0.749298 0.628751 0.207908
    outer loop
      vertex 4.19184 7.1986 17.6286
      vertex 3.39378 6.13947 17.9554
      vertex 4.04446 6.71121 18.5714
    endloop
  endfacet
  facet normal -0.773641 0.558994 0.298336
    outer loop
      vertex 4.04446 6.71121 18.5714
      vertex 3.51525 5.66636 19.1568
      vertex 4.52902 6.53485 20.1584
    endloop
  endfacet
  facet normal -0.773634 0.55899 0.298362
    outer loop
      vertex 3.49143 6.08396 18.3126
      vertex 4.04446 6.71121 18.5714
      vertex 3.39378 6.13947 17.9554
    endloop
  endfacet
  facet normal -0.773635 0.558997 0.298348
    outer loop
      vertex 4.04446 6.71121 18.5714
      vertex 3.49143 6.08396 18.3126
      vertex 3.51525 5.66636 19.1568
    endloop
  endfacet
  facet normal -0.467779 -0.392512 0.791907
    outer loop
      vertex 4.85428 4.70448 20.1867
      vertex 5.09011 4.25113 20.1013
      vertex 5.17849 4.3181 20.1867
    endloop
  endfacet
  facet normal -0.467798 -0.392519 0.791892
    outer loop
      vertex 5.09011 4.25113 20.1013
      vertex 4.85428 4.70448 20.1867
      vertex 4.73685 4.67214 20.1013
    endloop
  endfacet
  facet normal -0.465115 -0.395778 0.791851
    outer loop
      vertex 5.09011 4.25113 20.1013
      vertex 4.44011 3.1253 19.1568
      vertex 5.48946 3.89606 20.1584
    endloop
  endfacet
  facet normal 0.687201 -0.657747 -0.308423
    outer loop
      vertex 8.25494 4.38368 16.9844
      vertex 7.47191 3.28546 17.5818
      vertex 7.55783 3.74182 16.8
    endloop
  endfacet
  facet normal 0.6873 -0.657724 -0.308251
    outer loop
      vertex 7.47191 3.28546 17.5818
      vertex 8.25494 4.38368 16.9844
      vertex 7.48355 3.27569 17.6286
    endloop
  endfacet
  facet normal 0.687199 -0.65774 -0.308441
    outer loop
      vertex 8.25494 4.38368 16.9844
      vertex 7.55783 3.74182 16.8
      vertex 7.26671 3.70688 16.2259
    endloop
  endfacet
  facet normal 0.687198 -0.657751 -0.308419
    outer loop
      vertex 8.64995 4.05223 18.5714
      vertex 7.48355 3.27569 17.6286
      vertex 8.25494 4.38368 16.9844
    endloop
  endfacet
  facet normal 0.587466 0.0322788 -0.808605
    outer loop
      vertex 7.59528 4.94694 16.1003
      vertex 7.41598 5.78776 16.0036
      vertex 8.76598 5.78776 16.9844
    endloop
  endfacet
  facet normal 0.587477 0.0322819 -0.808597
    outer loop
      vertex 7.59528 4.94694 16.1003
      vertex 6.29528 4.94694 15.1558
      vertex 7.41598 5.78776 16.0036
    endloop
  endfacet
  facet normal 0.272822 0.472534 -0.838021
    outer loop
      vertex 6.10731 5.46338 15.1558
      vertex 5.63135 5.73818 15.1558
      vertex 6.72651 6.60942 16.0036
    endloop
  endfacet
  facet normal 0.272814 0.472539 -0.838021
    outer loop
      vertex 7.22078 6.32406 16.0036
      vertex 6.10731 5.46338 15.1558
      vertex 6.72651 6.60942 16.0036
    endloop
  endfacet
  facet normal -0.702824 0 0.711364
    outer loop
      vertex 3.51525 5.66636 19.1568
      vertex 4.52902 5.04066 20.1584
      vertex 4.52902 6.53485 20.1584
    endloop
  endfacet
  facet normal -0.702824 0 0.711364
    outer loop
      vertex 4.52902 5.04066 20.1584
      vertex 3.51525 5.66636 19.1568
      vertex 3.51525 4.22752 19.1568
    endloop
  endfacet
  facet normal 0.498955 -0.861414 0.0949193
    outer loop
      vertex 7.457 3.26175 17.6413
      vertex 7.05048 3.12877 18.5714
      vertex 7.04689 3.12636 18.5684
    endloop
  endfacet
  facet normal 0.497782 -0.86216 0.0943
    outer loop
      vertex 7.05048 3.12877 18.5714
      vertex 7.457 3.26175 17.6413
      vertex 7.48355 3.27569 17.6286
    endloop
  endfacet
  facet normal 0.497774 -0.862165 0.0942955
    outer loop
      vertex 8.64995 4.05223 18.5714
      vertex 7.05048 3.12877 18.5714
      vertex 7.48355 3.27569 17.6286
    endloop
  endfacet
  facet normal -0.471119 -0.3884 0.791954
    outer loop
      vertex 4.8241 4.74044 20.1867
      vertex 4.52902 5.04066 20.1584
      vertex 4.73685 4.67214 20.1013
    endloop
  endfacet
  facet normal -0.471023 -0.388358 0.792032
    outer loop
      vertex 4.52902 5.04066 20.1584
      vertex 3.51525 4.22752 19.1568
      vertex 4.73685 4.67214 20.1013
    endloop
  endfacet
  facet normal -0.135036 0.765809 -0.62873
    outer loop
      vertex 5.8571 7.01843 16.1003
      vertex 4.44011 6.76857 16.1003
      vertex 5.48946 7.67945 16.9844
    endloop
  endfacet
  facet normal -0.135037 0.765809 -0.62873
    outer loop
      vertex 5.8571 7.01843 16.1003
      vertex 5.48946 7.67945 16.9844
      vertex 6.96094 7.93892 16.9844
    endloop
  endfacet
  facet normal 0.17569 0.564188 -0.806737
    outer loop
      vertex 6.72651 6.60942 16.0036
      vertex 5.63135 5.73818 15.1558
      vertex 5.8571 7.01843 16.1003
    endloop
  endfacet
  facet normal 0.175684 0.564176 -0.806747
    outer loop
      vertex 6.72651 6.60942 16.0036
      vertex 5.8571 7.01843 16.1003
      vertex 6.96094 7.93892 16.9844
    endloop
  endfacet
  facet normal 0.502232 0.1828 -0.845191
    outer loop
      vertex 7.41598 5.78776 16.0036
      vertex 6.10731 5.46338 15.1558
      vertex 7.22078 6.32406 16.0036
    endloop
  endfacet
  facet normal 0.502232 0.182799 -0.845191
    outer loop
      vertex 6.29528 4.94694 15.1558
      vertex 6.10731 5.46338 15.1558
      vertex 7.41598 5.78776 16.0036
    endloop
  endfacet
  facet normal -0.254608 -0.614691 0.746545
    outer loop
      vertex 4.44011 3.1253 19.1568
      vertex 3.8235 3.3235 19.1097
      vertex 4.5 3.04329 19.1097
    endloop
  endfacet
  facet normal -0.115958 0.657613 -0.744378
    outer loop
      vertex 4.5 4.95671 14.4903
      vertex 4.44011 6.76857 16.1003
      vertex 5.8571 7.01843 16.1003
    endloop
  endfacet
  facet normal 0.281134 -0.678575 -0.678601
    outer loop
      vertex 5.17787 2.76251 15.0519
      vertex 4.5 2.53007 15.0035
      vertex 4.5 3.04329 14.4903
    endloop
  endfacet
  facet normal -0.678603 -0.281072 -0.678598
    outer loop
      vertex 2.87803 2.39391 15.8208
      vertex 2.1903 4 15.8433
      vertex 3.54329 4 14.4903
    endloop
  endfacet
  facet normal -0.679036 -0.281265 -0.678085
    outer loop
      vertex 2.1903 4 15.8433
      vertex 2.87803 2.39391 15.8208
      vertex 2.85441 2.39669 15.8433
    endloop
  endfacet
  facet normal -0.725379 0.608636 0.321541
    outer loop
      vertex 3.49143 6.08396 18.3126
      vertex 2.8668 5.6332 17.7567
      vertex 3.51525 5.66636 19.1568
    endloop
  endfacet
  facet normal 0.0724155 0.583812 -0.808653
    outer loop
      vertex 5.63135 5.73818 15.1558
      vertex 4.5 4.95671 14.4903
      vertex 5.8571 7.01843 16.1003
    endloop
  endfacet
  facet normal -0.923878 0.382687 0
    outer loop
      vertex 2.1903 4 15.8433
      vertex 2.8668 5.6332 17.7567
      vertex 2.8668 5.6332 15.8433
    endloop
  endfacet
  facet normal -0.923878 0.382687 0
    outer loop
      vertex 2.8668 5.6332 17.7567
      vertex 2.1903 4 15.8433
      vertex 2.1903 4 17.7567
    endloop
  endfacet
  facet normal -0.678597 -0.281078 0.678602
    outer loop
      vertex 2.87803 2.39391 17.7792
      vertex 3.8235 3.3235 19.1097
      vertex 3.54329 4 19.1097
    endloop
  endfacet
  facet normal -0.678028 -0.281952 0.678809
    outer loop
      vertex 3.8235 3.3235 19.1097
      vertex 2.87803 2.39391 17.7792
      vertex 2.89224 2.39224 17.7927
    endloop
  endfacet
  facet normal -0.522982 0.794545 -0.308525
    outer loop
      vertex 4.44011 6.76857 16.1003
      vertex 2.8668 5.6332 15.8433
      vertex 4.19184 7.1986 17.6286
    endloop
  endfacet
  facet normal -0.6786 0.281088 -0.678595
    outer loop
      vertex 3.54329 4 14.4903
      vertex 2.1903 4 15.8433
      vertex 2.8668 5.6332 15.8433
    endloop
  endfacet
  facet normal 0.281053 -0.678628 -0.678582
    outer loop
      vertex 5.17787 2.76251 15.0519
      vertex 5.17649 3.3235 14.4903
      vertex 5.5946 2.9054 15.0816
    endloop
  endfacet
  facet normal 0.281092 -0.67862 -0.678574
    outer loop
      vertex 5.17649 3.3235 14.4903
      vertex 5.17787 2.76251 15.0519
      vertex 4.5 3.04329 14.4903
    endloop
  endfacet
  facet normal 0.459419 0.190303 -0.867594
    outer loop
      vertex 5.45671 4 14.4903
      vertex 5.17649 4.67649 14.4903
      vertex 6.10731 5.46338 15.1558
    endloop
  endfacet
  facet normal -0.281041 -0.678641 -0.678574
    outer loop
      vertex 4.5 3.04329 14.4903
      vertex 3.41632 2.43717 15.5453
      vertex 2.93763 2.39613 15.7846
    endloop
  endfacet
  facet normal -0.281106 -0.678581 -0.678607
    outer loop
      vertex 3.41632 2.43717 15.5453
      vertex 4.5 3.04329 14.4903
      vertex 4.5 2.53007 15.0035
    endloop
  endfacet
  facet normal -0.717496 0.631356 0.294261
    outer loop
      vertex 3.39378 6.13947 17.9554
      vertex 2.8668 5.6332 17.7567
      vertex 3.49143 6.08396 18.3126
    endloop
  endfacet
  facet normal -0.7175 0.631402 0.294152
    outer loop
      vertex 2.8668 5.6332 17.7567
      vertex 3.39378 6.13947 17.9554
      vertex 4.19184 7.1986 17.6286
    endloop
  endfacet
  facet normal -0.5637 -0.233488 0.792292
    outer loop
      vertex 3.8235 3.3235 19.1097
      vertex 3.51525 4.22752 19.1568
      vertex 3.54329 4 19.1097
    endloop
  endfacet
  facet normal 0.640074 -0.264889 -0.721207
    outer loop
      vertex 6.66736 3.53349 15.7361
      vertex 5.45671 4 14.4903
      vertex 6.86445 3.65361 15.8669
    endloop
  endfacet
  facet normal 0.639991 -0.265097 -0.721204
    outer loop
      vertex 5.45671 4 14.4903
      vertex 6.66736 3.53349 15.7361
      vertex 5.17649 3.3235 14.4903
    endloop
  endfacet
  facet normal -0.161597 -0.577573 0.800185
    outer loop
      vertex 4.54276 3.1308 19.1815
      vertex 4.44011 3.1253 19.1568
      vertex 4.5 3.04329 19.1097
    endloop
  endfacet
  facet normal -0.54259 -0.227145 0.808704
    outer loop
      vertex 4.73685 4.67214 20.1013
      vertex 3.51525 4.22752 19.1568
      vertex 3.8235 3.3235 19.1097
    endloop
  endfacet
  facet normal -0.105632 -0.599395 0.793453
    outer loop
      vertex 4.54276 3.1308 19.1815
      vertex 4.5 3.04329 19.1097
      vertex 4.58197 3.12389 19.1815
    endloop
  endfacet
  facet normal -0.923879 -0.382685 0
    outer loop
      vertex 2.1903 4 15.8433
      vertex 2.69636 2.77827 16.8
      vertex 2.1903 4 17.7567
    endloop
  endfacet
  facet normal -0.92388 -0.382683 4.01271e-06
    outer loop
      vertex 2.1903 4 15.8433
      vertex 2.80964 2.50478 16.1143
      vertex 2.69636 2.77827 16.8
    endloop
  endfacet
  facet normal -0.92388 -0.382682 7.35962e-06
    outer loop
      vertex 2.80964 2.50478 16.1143
      vertex 2.1903 4 15.8433
      vertex 2.85441 2.39669 15.8433
    endloop
  endfacet
  facet normal -0.92388 -0.382683 -4.01271e-06
    outer loop
      vertex 2.80964 2.50478 17.4857
      vertex 2.1903 4 17.7567
      vertex 2.69636 2.77827 16.8
    endloop
  endfacet
  facet normal -0.92388 -0.382682 -7.35962e-06
    outer loop
      vertex 2.1903 4 17.7567
      vertex 2.80964 2.50478 17.4857
      vertex 2.85441 2.39669 17.7567
    endloop
  endfacet
  facet normal -0.763273 0.646076 0
    outer loop
      vertex 4.19184 7.1986 17.6286
      vertex 2.8668 5.6332 15.8433
      vertex 2.8668 5.6332 17.7567
    endloop
  endfacet
  facet normal -0.678597 -0.281078 -0.678602
    outer loop
      vertex 3.8235 3.3235 14.4903
      vertex 2.87803 2.39391 15.8208
      vertex 3.54329 4 14.4903
    endloop
  endfacet
  facet normal -0.678028 -0.281952 -0.678809
    outer loop
      vertex 2.87803 2.39391 15.8208
      vertex 3.8235 3.3235 14.4903
      vertex 2.89224 2.39224 15.8073
    endloop
  endfacet
  facet normal 0.250949 0.43465 -0.86493
    outer loop
      vertex 6.10731 5.46338 15.1558
      vertex 5.17649 4.67649 14.4903
      vertex 5.63135 5.73818 15.1558
    endloop
  endfacet
  facet normal 0.191066 0.461259 -0.866449
    outer loop
      vertex 5.17649 4.67649 14.4903
      vertex 4.5 4.95671 14.4903
      vertex 5.63135 5.73818 15.1558
    endloop
  endfacet
  facet normal -0.281246 -0.678492 -0.678638
    outer loop
      vertex 3.8235 3.3235 14.4903
      vertex 2.93763 2.39613 15.7846
      vertex 2.89224 2.39224 15.8073
    endloop
  endfacet
  facet normal -0.281079 -0.678599 -0.6786
    outer loop
      vertex 2.93763 2.39613 15.7846
      vertex 3.8235 3.3235 14.4903
      vertex 4.5 3.04329 14.4903
    endloop
  endfacet
  facet normal 0.648802 -0.236142 -0.72339
    outer loop
      vertex 7.08852 3.79325 16.0224
      vertex 7.59528 4.94694 16.1003
      vertex 7.16121 3.75433 16.1003
    endloop
  endfacet
  facet normal 0.649046 -0.236183 -0.723158
    outer loop
      vertex 5.45671 4 14.4903
      vertex 7.08852 3.79325 16.0224
      vertex 6.86445 3.65361 15.8669
    endloop
  endfacet
  facet normal 0.649028 -0.236258 -0.723149
    outer loop
      vertex 7.08852 3.79325 16.0224
      vertex 5.45671 4 14.4903
      vertex 7.59528 4.94694 16.1003
    endloop
  endfacet
  facet normal -0.409716 -0.343784 0.844953
    outer loop
      vertex 4.73685 4.67214 20.1013
      vertex 3.8235 3.3235 19.1097
      vertex 5.09011 4.25113 20.1013
    endloop
  endfacet
  facet normal 0.558483 -0.829516 -0.0002427
    outer loop
      vertex 7.48355 3.27569 17.6286
      vertex 7.46292 3.2618 17.6305
      vertex 7.47013 3.26666 17.6108
    endloop
  endfacet
  facet normal 0.551762 -0.778622 0.298843
    outer loop
      vertex 7.48355 3.27569 17.6286
      vertex 7.457 3.26175 17.6413
      vertex 7.46292 3.2618 17.6305
    endloop
  endfacet
  facet normal -0.111302 -0.702766 0.702661
    outer loop
      vertex 4.5 3.04329 19.1097
      vertex 5.68584 2.7259 18.9801
      vertex 5.8571 2.87545 19.1568
    endloop
  endfacet
  facet normal -0.111277 -0.702702 0.702729
    outer loop
      vertex 5.68584 2.7259 18.9801
      vertex 4.5 3.04329 19.1097
      vertex 4.5 2.53007 18.5965
    endloop
  endfacet
  facet normal 0.4622 -0.800295 0.381966
    outer loop
      vertex 6.01943 2.85642 18.9205
      vertex 5.8571 2.87545 19.1568
      vertex 5.89674 2.80241 18.9558
    endloop
  endfacet
  facet normal -0.235614 -0.541178 0.807225
    outer loop
      vertex 5.09011 4.25113 20.1013
      vertex 3.8235 3.3235 19.1097
      vertex 4.44011 3.1253 19.1568
    endloop
  endfacet
  facet normal -0.688583 -0.227408 0.688578
    outer loop
      vertex 3.51525 4.22752 19.1568
      vertex 2.1903 4 17.7567
      vertex 3.54329 4 19.1097
    endloop
  endfacet
  facet normal -0.344611 0.634203 -0.69212
    outer loop
      vertex 3.8235 4.67649 14.4903
      vertex 2.8668 5.6332 15.8433
      vertex 4.44011 6.76857 16.1003
    endloop
  endfacet
  facet normal -0.263403 0.635902 -0.725429
    outer loop
      vertex 4.5 4.95671 14.4903
      vertex 3.8235 4.67649 14.4903
      vertex 4.44011 6.76857 16.1003
    endloop
  endfacet
  facet normal -0.726331 0 0.687345
    outer loop
      vertex 3.51525 5.66636 19.1568
      vertex 2.1903 4 17.7567
      vertex 3.51525 4.22752 19.1568
    endloop
  endfacet
  facet normal -0.852156 0.352978 0.386312
    outer loop
      vertex 2.8668 5.6332 17.7567
      vertex 2.1903 4 17.7567
      vertex 3.51525 5.66636 19.1568
    endloop
  endfacet
  facet normal 0.777413 -0.548499 -0.307861
    outer loop
      vertex 7.48355 3.27569 17.6286
      vertex 7.47013 3.26666 17.6108
      vertex 7.47191 3.28546 17.5818
    endloop
  endfacet
  facet normal 0.628933 -0.351666 -0.693379
    outer loop
      vertex 5.5946 2.9054 15.0816
      vertex 5.17649 3.3235 14.4903
      vertex 6.66736 3.53349 15.7361
    endloop
  endfacet
  facet normal -0.281079 -0.678599 0.6786
    outer loop
      vertex 3.8235 3.3235 19.1097
      vertex 2.93763 2.39613 17.8154
      vertex 4.5 3.04329 19.1097
    endloop
  endfacet
  facet normal -0.281246 -0.678492 0.678638
    outer loop
      vertex 2.93763 2.39613 17.8154
      vertex 3.8235 3.3235 19.1097
      vertex 2.89224 2.39224 17.7927
    endloop
  endfacet
  facet normal -0.281106 -0.678581 0.678607
    outer loop
      vertex 4.5 3.04329 19.1097
      vertex 3.41632 2.43717 18.0547
      vertex 4.5 2.53007 18.5965
    endloop
  endfacet
  facet normal -0.281041 -0.678641 0.678574
    outer loop
      vertex 3.41632 2.43717 18.0547
      vertex 4.5 3.04329 19.1097
      vertex 2.93763 2.39613 17.8154
    endloop
  endfacet
  facet normal 0.353816 -0.854512 0.380293
    outer loop
      vertex 5.8571 2.87545 19.1568
      vertex 5.68584 2.7259 18.9801
      vertex 5.89674 2.80241 18.9558
    endloop
  endfacet
  facet normal -0.101929 -0.601901 0.792039
    outer loop
      vertex 4.58197 3.12389 19.1815
      vertex 4.5 3.04329 19.1097
      vertex 5.8571 2.87545 19.1568
    endloop
  endfacet
  facet normal -0.678603 0.281085 -0.678593
    outer loop
      vertex 3.54329 4 14.4903
      vertex 2.8668 5.6332 15.8433
      vertex 3.8235 4.67649 14.4903
    endloop
  endfacet
  facet normal 0 0 -1
    outer loop
      vertex 5.17649 3.3235 14.4903
      vertex 5.17649 4.67649 14.4903
      vertex 5.45671 4 14.4903
    endloop
  endfacet
  facet normal 0 0 -1
    outer loop
      vertex 4.5 3.04329 14.4903
      vertex 5.17649 4.67649 14.4903
      vertex 5.17649 3.3235 14.4903
    endloop
  endfacet
  facet normal 0 0 -1
    outer loop
      vertex 4.5 3.04329 14.4903
      vertex 4.5 4.95671 14.4903
      vertex 5.17649 4.67649 14.4903
    endloop
  endfacet
  facet normal 0 0 -1
    outer loop
      vertex 3.8235 3.3235 14.4903
      vertex 4.5 4.95671 14.4903
      vertex 4.5 3.04329 14.4903
    endloop
  endfacet
  facet normal 0 0 -1
    outer loop
      vertex 3.8235 3.3235 14.4903
      vertex 3.8235 4.67649 14.4903
      vertex 4.5 4.95671 14.4903
    endloop
  endfacet
  facet normal 0 -0 -1
    outer loop
      vertex 3.8235 4.67649 14.4903
      vertex 3.8235 3.3235 14.4903
      vertex 3.54329 4 14.4903
    endloop
  endfacet
  facet normal 0.587106 0.047999 -0.808086
    outer loop
      vertex 7.59528 4.94694 16.1003
      vertex 5.45671 4 14.4903
      vertex 6.29528 4.94694 15.1558
    endloop
  endfacet
  facet normal 0.482602 0.175654 -0.858045
    outer loop
      vertex 6.29528 4.94694 15.1558
      vertex 5.45671 4 14.4903
      vertex 6.10731 5.46338 15.1558
    endloop
  endfacet
  facet normal -0.679036 -0.281265 0.678085
    outer loop
      vertex 2.87803 2.39391 17.7792
      vertex 2.1903 4 17.7567
      vertex 2.85441 2.39669 17.7567
    endloop
  endfacet
  facet normal -0.678603 -0.281072 0.678598
    outer loop
      vertex 2.1903 4 17.7567
      vertex 2.87803 2.39391 17.7792
      vertex 3.54329 4 19.1097
    endloop
  endfacet
  facet normal -0.136513 -0.245738 0.959675
    outer loop
      vertex 10.7325 -4.69991 39.54
      vertex 9.60316 -4.65989 39.3896
      vertex 10.7229 -4.79299 39.5148
    endloop
  endfacet
  facet normal -0.141998 -0.758556 0.635947
    outer loop
      vertex 10.8216 -4.98683 39.4228
      vertex 10.4015 -4.95715 39.3644
      vertex 11.322 -5.24675 39.2245
    endloop
  endfacet
  facet normal -0.240476 0.909652 -0.338679
    outer loop
      vertex 9.65067 -3.57184 36.9714
      vertex 10.0237 -3.31231 37.4036
      vertex 9.87742 -3.50929 36.9784
    endloop
  endfacet
  facet normal -0.240509 0.909654 -0.338652
    outer loop
      vertex 10.0237 -3.31231 37.4036
      vertex 9.65067 -3.57184 36.9714
      vertex 9.07794 -3.24272 38.2622
    endloop
  endfacet
  facet normal -0.155249 -0.983275 -0.0952267
    outer loop
      vertex 11.9473 -5.77031 38.3098
      vertex 10.6007 -5.53237 38.0483
      vertex 11.2845 -5.62606 37.9009
    endloop
  endfacet
  facet normal -0.244051 0.828605 0.503837
    outer loop
      vertex 9.07794 -3.24272 38.2622
      vertex 10.5682 -3.25752 39.0084
      vertex 10.3323 -2.89668 38.3007
    endloop
  endfacet
  facet normal -0.244053 0.828603 0.50384
    outer loop
      vertex 10.5682 -3.25752 39.0084
      vertex 9.07794 -3.24272 38.2622
      vertex 10.4614 -3.58577 39.4965
    endloop
  endfacet
  facet normal -0.154141 -0.486242 0.860122
    outer loop
      vertex 10.7229 -4.79299 39.5148
      vertex 10.4015 -4.95715 39.3644
      vertex 10.6927 -4.93289 39.4303
    endloop
  endfacet
  facet normal -0.153985 -0.48646 0.860027
    outer loop
      vertex 10.4015 -4.95715 39.3644
      vertex 10.7229 -4.79299 39.5148
      vertex 9.60316 -4.65989 39.3896
    endloop
  endfacet
  facet normal -0.153919 -0.487333 0.859544
    outer loop
      vertex 10.8216 -4.98683 39.4228
      vertex 10.6927 -4.93289 39.4303
      vertex 10.4015 -4.95715 39.3644
    endloop
  endfacet
  facet normal -0.0814731 0.633165 0.769717
    outer loop
      vertex 10.7223 -3.52205 39.4717
      vertex 10.4614 -3.58577 39.4965
      vertex 10.7434 -3.59811 39.5365
    endloop
  endfacet
  facet normal -0.111128 0.49903 -0.85943
    outer loop
      vertex 9.86632 -3.56515 36.9474
      vertex 9.65067 -3.57184 36.9714
      vertex 9.87742 -3.50929 36.9784
    endloop
  endfacet
  facet normal -0.153789 0.835191 0.52802
    outer loop
      vertex 10.5682 -3.25752 39.0084
      vertex 10.4614 -3.58577 39.4965
      vertex 10.7223 -3.52205 39.4717
    endloop
  endfacet
  facet normal -0.225996 -0.818531 -0.528141
    outer loop
      vertex 10.6007 -5.53237 38.0483
      vertex 10.796 -5.44931 37.836
      vertex 11.2845 -5.62606 37.9009
    endloop
  endfacet
  facet normal -0.22585 -0.818633 -0.528046
    outer loop
      vertex 10.796 -5.44931 37.836
      vertex 10.6007 -5.53237 38.0483
      vertex 10.5619 -5.3646 37.8048
    endloop
  endfacet
  facet normal -0.229665 -0.904089 0.360384
    outer loop
      vertex 10.6007 -5.53237 38.0483
      vertex 11.322 -5.24675 39.2245
      vertex 10.4015 -4.95715 39.3644
    endloop
  endfacet
  facet normal -0.229711 -0.904069 0.360407
    outer loop
      vertex 11.322 -5.24675 39.2245
      vertex 10.6007 -5.53237 38.0483
      vertex 11.5945 -5.47489 38.8259
    endloop
  endfacet
  facet normal -0.229737 -0.904049 0.360439
    outer loop
      vertex 11.5945 -5.47489 38.8259
      vertex 10.6007 -5.53237 38.0483
      vertex 11.9473 -5.77031 38.3098
    endloop
  endfacet
  facet normal -0.315357 -0.80418 -0.50383
    outer loop
      vertex 10.1375 -5.19554 37.8006
      vertex 10.6007 -5.53237 38.0483
      vertex 9.00393 -4.93784 38.0988
    endloop
  endfacet
  facet normal -0.31536 -0.804181 -0.503826
    outer loop
      vertex 10.6007 -5.53237 38.0483
      vertex 10.1375 -5.19554 37.8006
      vertex 10.5619 -5.3646 37.8048
    endloop
  endfacet
  facet normal -0.315359 -0.804171 -0.503844
    outer loop
      vertex 9.61366 -4.4194 36.8897
      vertex 10.1375 -5.19554 37.8006
      vertex 9.00393 -4.93784 38.0988
    endloop
  endfacet
  facet normal -0.315427 -0.804169 -0.503803
    outer loop
      vertex 10.1375 -5.19554 37.8006
      vertex 9.61366 -4.4194 36.8897
      vertex 9.8341 -4.50148 36.8827
    endloop
  endfacet
  facet normal -0.244054 0.828602 0.503841
    outer loop
      vertex 10.4614 -3.58577 39.4965
      vertex 9.07794 -3.24272 38.2622
      vertex 9.64017 -3.81233 39.4713
    endloop
  endfacet
  facet normal -0.146476 -0.313369 -0.938267
    outer loop
      vertex 9.8341 -4.50148 36.8827
      vertex 9.61366 -4.4194 36.8897
      vertex 9.82812 -4.44 36.8631
    endloop
  endfacet
  facet normal -0.903406 0.0800545 -0.421247
    outer loop
      vertex 9.00393 -4.93784 38.0988
      vertex 9.65067 -3.57184 36.9714
      vertex 9.61366 -4.4194 36.8897
    endloop
  endfacet
  facet normal -0.903404 0.0800495 -0.421252
    outer loop
      vertex 9.65067 -3.57184 36.9714
      vertex 9.00393 -4.93784 38.0988
      vertex 9.07794 -3.24272 38.2622
    endloop
  endfacet
  facet normal -0.318888 -0.885225 0.338655
    outer loop
      vertex 10.6007 -5.53237 38.0483
      vertex 9.60316 -4.65989 39.3896
      vertex 9.00393 -4.93784 38.0988
    endloop
  endfacet
  facet normal -0.318922 -0.885223 0.338628
    outer loop
      vertex 9.60316 -4.65989 39.3896
      vertex 10.6007 -5.53237 38.0483
      vertex 10.4015 -4.95715 39.3644
    endloop
  endfacet
  facet normal -0.122799 0.0681491 0.990089
    outer loop
      vertex 10.7662 -3.80274 39.6103
      vertex 9.64017 -3.81233 39.4713
      vertex 10.7674 -3.89937 39.6171
    endloop
  endfacet
  facet normal -0.134539 -0.0892549 0.98688
    outer loop
      vertex 9.60316 -4.65989 39.3896
      vertex 10.7674 -3.89937 39.6171
      vertex 9.64017 -3.81233 39.4713
    endloop
  endfacet
  facet normal -0.134588 -0.089179 0.986881
    outer loop
      vertex 10.7674 -3.89937 39.6171
      vertex 9.60316 -4.65989 39.3896
      vertex 10.7325 -4.69991 39.54
    endloop
  endfacet
  facet normal -0.240544 0.909631 -0.338689
    outer loop
      vertex 10.0237 -3.31231 37.4036
      vertex 9.07794 -3.24272 38.2622
      vertex 10.3323 -2.89668 38.3007
    endloop
  endfacet
  facet normal -0.118848 0.325112 0.938177
    outer loop
      vertex 10.4614 -3.58577 39.4965
      vertex 10.7662 -3.80274 39.6103
      vertex 10.7434 -3.59811 39.5365
    endloop
  endfacet
  facet normal -0.118572 0.325456 0.938093
    outer loop
      vertex 10.7662 -3.80274 39.6103
      vertex 10.4614 -3.58577 39.4965
      vertex 9.64017 -3.81233 39.4713
    endloop
  endfacet
  facet normal -0.114761 0.254142 -0.960334
    outer loop
      vertex 9.86458 -3.58294 36.9429
      vertex 9.65067 -3.57184 36.9714
      vertex 9.86632 -3.56515 36.9474
    endloop
  endfacet
  facet normal -0.906943 -0.00100864 0.421252
    outer loop
      vertex 9.00393 -4.93784 38.0988
      vertex 9.64017 -3.81233 39.4713
      vertex 9.07794 -3.24272 38.2622
    endloop
  endfacet
  facet normal -0.906945 -0.00100283 0.421248
    outer loop
      vertex 9.64017 -3.81233 39.4713
      vertex 9.00393 -4.93784 38.0988
      vertex 9.60316 -4.65989 39.3896
    endloop
  endfacet
  facet normal -0.12809 -0.0548321 -0.990246
    outer loop
      vertex 9.82812 -4.44 36.8631
      vertex 9.61366 -4.4194 36.8897
      vertex 9.82797 -4.42159 36.8621
    endloop
  endfacet
  facet normal -0.126266 0.100593 -0.986883
    outer loop
      vertex 9.82797 -4.42159 36.8621
      vertex 9.65067 -3.57184 36.9714
      vertex 9.86458 -3.58294 36.9429
    endloop
  endfacet
  facet normal -0.12607 0.100637 -0.986903
    outer loop
      vertex 9.65067 -3.57184 36.9714
      vertex 9.82797 -4.42159 36.8621
      vertex 9.61366 -4.4194 36.8897
    endloop
  endfacet
  facet normal -0.142109 -0.758236 0.636305
    outer loop
      vertex 11.0566 3.57521 40.2278
      vertex 10.7749 3.59511 40.1886
      vertex 11.0295 3.515 40.15
    endloop
  endfacet
  facet normal -0.0689604 0.993059 0.0952819
    outer loop
      vertex 11.7844 5.82331 39.0044
      vertex 11.0938 5.76264 39.1369
      vertex 12.4538 5.82918 39.4277
    endloop
  endfacet
  facet normal -0.13643 -0.244809 0.959925
    outer loop
      vertex 11.1059 3.85234 40.3642
      vertex 9.97656 3.89237 40.2139
      vertex 11.0963 3.75927 40.3391
    endloop
  endfacet
  facet normal -0.122803 0.068149 0.990088
    outer loop
      vertex 11.1396 4.74952 40.4346
      vertex 10.0136 4.73993 40.2956
      vertex 11.1408 4.65289 40.4414
    endloop
  endfacet
  facet normal -0.229821 -0.904049 0.360385
    outer loop
      vertex 11.0295 3.515 40.15
      vertex 10.7749 3.59511 40.1886
      vertex 10.857 3.35794 39.646
    endloop
  endfacet
  facet normal -0.906935 -0.0010107 0.42127
    outer loop
      vertex 9.37733 3.61442 38.9231
      vertex 10.0136 4.73993 40.2956
      vertex 9.45134 5.30954 39.0865
    endloop
  endfacet
  facet normal -0.906948 -0.000970048 0.421242
    outer loop
      vertex 10.0136 4.73993 40.2956
      vertex 9.37733 3.61442 38.9231
      vertex 9.97656 3.89237 40.2139
    endloop
  endfacet
  facet normal -0.154038 -0.48673 0.859864
    outer loop
      vertex 11.0963 3.75927 40.3391
      vertex 10.7749 3.59511 40.1886
      vertex 11.0566 3.57521 40.2278
    endloop
  endfacet
  facet normal -0.154002 -0.48678 0.859842
    outer loop
      vertex 10.7749 3.59511 40.1886
      vertex 11.0963 3.75927 40.3391
      vertex 9.97656 3.89237 40.2139
    endloop
  endfacet
  facet normal -0.146509 -0.31346 -0.938231
    outer loop
      vertex 10.2075 4.05078 37.707
      vertex 9.98706 4.13286 37.714
      vertex 10.2015 4.11225 37.6874
    endloop
  endfacet
  facet normal -0.0812983 0.632711 0.770109
    outer loop
      vertex 11.7779 5.19684 40.2311
      vertex 10.8348 4.96648 40.3208
      vertex 11.2553 4.94809 40.3803
    endloop
  endfacet
  facet normal -0.244054 0.828605 0.503837
    outer loop
      vertex 11.0938 5.76264 39.1369
      vertex 10.0136 4.73993 40.2956
      vertex 10.8348 4.96648 40.3208
    endloop
  endfacet
  facet normal -0.244045 0.828603 0.503844
    outer loop
      vertex 10.0136 4.73993 40.2956
      vertex 11.0938 5.76264 39.1369
      vertex 9.45134 5.30954 39.0865
    endloop
  endfacet
  facet normal -0.134542 -0.08925 0.98688
    outer loop
      vertex 9.97656 3.89237 40.2139
      vertex 11.1408 4.65289 40.4414
      vertex 10.0136 4.73993 40.2956
    endloop
  endfacet
  facet normal -0.134506 -0.0893047 0.98688
    outer loop
      vertex 11.1408 4.65289 40.4414
      vertex 9.97656 3.89237 40.2139
      vertex 11.1059 3.85234 40.3642
    endloop
  endfacet
  facet normal -0.118554 0.32493 0.938278
    outer loop
      vertex 11.2553 4.94809 40.3803
      vertex 10.8348 4.96648 40.3208
      vertex 11.1223 4.90505 40.3784
    endloop
  endfacet
  facet normal -0.118318 0.325785 0.938011
    outer loop
      vertex 10.8348 4.96648 40.3208
      vertex 11.1396 4.74952 40.4346
      vertex 11.1223 4.90505 40.3784
    endloop
  endfacet
  facet normal -0.118575 0.325465 0.93809
    outer loop
      vertex 11.1396 4.74952 40.4346
      vertex 10.8348 4.96648 40.3208
      vertex 10.0136 4.73993 40.2956
    endloop
  endfacet
  facet normal -0.111192 0.497872 -0.860093
    outer loop
      vertex 10.2397 4.98711 37.7717
      vertex 10.0241 4.98042 37.7957
      vertex 10.2508 5.04297 37.8026
    endloop
  endfacet
  facet normal -0.315376 -0.804161 -0.503849
    outer loop
      vertex 9.98706 4.13286 37.714
      vertex 10.3327 3.76448 38.0856
      vertex 9.37733 3.61442 38.9231
    endloop
  endfacet
  facet normal -0.315427 -0.804167 -0.503807
    outer loop
      vertex 10.3327 3.76448 38.0856
      vertex 9.98706 4.13286 37.714
      vertex 10.2075 4.05078 37.707
    endloop
  endfacet
  facet normal -0.15375 0.835209 0.528003
    outer loop
      vertex 11.0938 5.76264 39.1369
      vertex 11.7779 5.19684 40.2311
      vertex 12.0724 5.47238 39.881
    endloop
  endfacet
  facet normal -0.153766 0.835195 0.52802
    outer loop
      vertex 11.0938 5.76264 39.1369
      vertex 12.0724 5.47238 39.881
      vertex 12.4538 5.82918 39.4277
    endloop
  endfacet
  facet normal -0.153783 0.835194 0.528016
    outer loop
      vertex 11.7779 5.19684 40.2311
      vertex 11.0938 5.76264 39.1369
      vertex 10.8348 4.96648 40.3208
    endloop
  endfacet
  facet normal -0.240497 0.909625 -0.338738
    outer loop
      vertex 10.6054 5.52049 38.8334
      vertex 11.0938 5.76264 39.1369
      vertex 11.0427 5.64836 38.8663
    endloop
  endfacet
  facet normal -0.240547 0.909638 -0.338669
    outer loop
      vertex 11.0938 5.76264 39.1369
      vertex 10.6054 5.52049 38.8334
      vertex 9.45134 5.30954 39.0865
    endloop
  endfacet
  facet normal -0.240675 0.909631 -0.338595
    outer loop
      vertex 10.0241 4.98042 37.7957
      vertex 10.6054 5.52049 38.8334
      vertex 10.2508 5.04297 37.8026
    endloop
  endfacet
  facet normal -0.240547 0.909637 -0.33867
    outer loop
      vertex 10.6054 5.52049 38.8334
      vertex 10.0241 4.98042 37.7957
      vertex 9.45134 5.30954 39.0865
    endloop
  endfacet
  facet normal -0.114787 0.253902 -0.960395
    outer loop
      vertex 10.238 4.96932 37.7672
      vertex 10.0241 4.98042 37.7957
      vertex 10.2397 4.98711 37.7717
    endloop
  endfacet
  facet normal -0.315368 -0.804169 -0.50384
    outer loop
      vertex 10.5968 3.16037 38.8845
      vertex 9.37733 3.61442 38.9231
      vertex 10.3327 3.76448 38.0856
    endloop
  endfacet
  facet normal -0.3189 -0.885213 0.338674
    outer loop
      vertex 9.37733 3.61442 38.9231
      vertex 10.857 3.35794 39.646
      vertex 10.7749 3.59511 40.1886
    endloop
  endfacet
  facet normal -0.318884 -0.885235 0.338634
    outer loop
      vertex 10.857 3.35794 39.646
      vertex 9.37733 3.61442 38.9231
      vertex 10.5968 3.16037 38.8845
    endloop
  endfacet
  facet normal -0.150034 0.920635 -0.360444
    outer loop
      vertex 11.283 5.70503 38.911
      vertex 11.0938 5.76264 39.1369
      vertex 11.7844 5.82331 39.0044
    endloop
  endfacet
  facet normal -0.150059 0.920625 -0.360462
    outer loop
      vertex 11.0938 5.76264 39.1369
      vertex 11.283 5.70503 38.911
      vertex 11.0427 5.64836 38.8663
    endloop
  endfacet
  facet normal -0.903409 0.0800854 -0.421235
    outer loop
      vertex 9.37733 3.61442 38.9231
      vertex 10.0241 4.98042 37.7957
      vertex 9.98706 4.13286 37.714
    endloop
  endfacet
  facet normal -0.903396 0.0800509 -0.42127
    outer loop
      vertex 10.0241 4.98042 37.7957
      vertex 9.37733 3.61442 38.9231
      vertex 9.45134 5.30954 39.0865
    endloop
  endfacet
  facet normal -0.318881 -0.885229 0.338652
    outer loop
      vertex 9.97656 3.89237 40.2139
      vertex 9.37733 3.61442 38.9231
      vertex 10.7749 3.59511 40.1886
    endloop
  endfacet
  facet normal -0.126264 0.100708 -0.986871
    outer loop
      vertex 10.2014 4.13067 37.6863
      vertex 10.0241 4.98042 37.7957
      vertex 10.238 4.96932 37.7672
    endloop
  endfacet
  facet normal -0.126506 0.100655 -0.986846
    outer loop
      vertex 10.0241 4.98042 37.7957
      vertex 10.2014 4.13067 37.6863
      vertex 9.98706 4.13286 37.714
    endloop
  endfacet
  facet normal -0.12854 -0.0598123 -0.989899
    outer loop
      vertex 10.2015 4.11225 37.6874
      vertex 9.98706 4.13286 37.714
      vertex 10.2014 4.13067 37.6863
    endloop
  endfacet
  facet normal -0.832413 -0.316643 0.454782
    outer loop
      vertex 7.92131 0.278237 33.6476
      vertex 7.80585 0.50507 33.5942
      vertex 7.92914 0.193883 33.6032
    endloop
  endfacet
  facet normal -0.832504 -0.316745 0.454543
    outer loop
      vertex 7.90635 0.439535 33.7326
      vertex 7.80585 0.50507 33.5942
      vertex 7.92131 0.278237 33.6476
    endloop
  endfacet
  facet normal -0.781173 -0.324913 -0.533104
    outer loop
      vertex 7.92914 0.193883 33.6032
      vertex 7.80585 0.50507 33.5942
      vertex 7.94946 0.234614 33.5486
    endloop
  endfacet
  facet normal -0.0535477 -0.0593113 -0.996802
    outer loop
      vertex 8.05079 0.466584 33.2832
      vertex 7.96564 0.640936 33.2774
      vertex 8.06385 0.604369 33.2743
    endloop
  endfacet
  facet normal 0.00414734 0.0956934 -0.995402
    outer loop
      vertex 8.06385 0.604369 33.2743
      vertex 7.97534 0.863054 33.2988
      vertex 8.07636 0.890922 33.3019
    endloop
  endfacet
  facet normal 0.00421923 0.0957177 -0.9954
    outer loop
      vertex 7.97534 0.863054 33.2988
      vertex 8.06385 0.604369 33.2743
      vertex 7.96564 0.640936 33.2774
    endloop
  endfacet
  facet normal -0.781162 -0.324689 -0.533258
    outer loop
      vertex 8.04741 0.430904 33.2855
      vertex 7.80585 0.50507 33.5942
      vertex 7.96564 0.640936 33.2774
    endloop
  endfacet
  facet normal -0.781131 -0.324877 -0.533188
    outer loop
      vertex 7.80585 0.50507 33.5942
      vertex 8.04741 0.430904 33.2855
      vertex 7.94946 0.234614 33.5486
    endloop
  endfacet
  facet normal -0.903372 0.080043 -0.421322
    outer loop
      vertex 7.80585 0.50507 33.5942
      vertex 7.97534 0.863054 33.2988
      vertex 7.96564 0.640936 33.2774
    endloop
  endfacet
  facet normal -0.903405 0.0801308 -0.421234
    outer loop
      vertex 7.97534 0.863054 33.2988
      vertex 7.80585 0.50507 33.5942
      vertex 7.82525 0.949306 33.6371
    endloop
  endfacet
  facet normal -0.0533289 -0.059205 -0.99682
    outer loop
      vertex 8.04741 0.430904 33.2855
      vertex 7.96564 0.640936 33.2774
      vertex 8.05079 0.466584 33.2832
    endloop
  endfacet
  facet normal -0.0404855 0.252851 -0.966658
    outer loop
      vertex 8.07518 1.02508 33.337
      vertex 7.97534 0.863054 33.2988
      vertex 8.07487 1.05982 33.3461
    endloop
  endfacet
  facet normal -0.745796 0.48665 -0.454928
    outer loop
      vertex 8.07487 1.05982 33.3461
      vertex 7.82525 0.949306 33.6371
      vertex 7.99205 1.21007 33.6426
    endloop
  endfacet
  facet normal -0.745806 0.486615 -0.45495
    outer loop
      vertex 7.82525 0.949306 33.6371
      vertex 8.07487 1.05982 33.3461
      vertex 7.97534 0.863054 33.2988
    endloop
  endfacet
  facet normal -0.805624 0.294989 0.513763
    outer loop
      vertex 7.95942 1.15097 33.7317
      vertex 7.82525 0.949306 33.6371
      vertex 7.92988 0.978337 33.7845
    endloop
  endfacet
  facet normal -0.0400117 0.25258 -0.966748
    outer loop
      vertex 8.07636 0.890922 33.3019
      vertex 7.97534 0.863054 33.2988
      vertex 8.07518 1.02508 33.337
    endloop
  endfacet
  facet normal -0.805603 0.294949 0.513818
    outer loop
      vertex 7.97487 1.24125 33.7041
      vertex 7.82525 0.949306 33.6371
      vertex 7.95942 1.15097 33.7317
    endloop
  endfacet
  facet normal -0.745748 0.486622 -0.455038
    outer loop
      vertex 7.99205 1.21007 33.6426
      vertex 7.82525 0.949306 33.6371
      vertex 7.97487 1.24125 33.7041
    endloop
  endfacet
  facet normal -0.788101 0.550157 -0.276088
    outer loop
      vertex 9.33025 2.41684 31.7568
      vertex 7.80906 1.50898 34.29
      vertex 9.87929 4.32419 33.9903
    endloop
  endfacet
  facet normal -0.801723 0.595261 0.0538998
    outer loop
      vertex 7.80906 1.50898 34.29
      vertex 7.80384 1.38938 35.5332
      vertex 7.87366 1.46863 35.6965
    endloop
  endfacet
  facet normal -0.801702 0.595288 0.0538987
    outer loop
      vertex 7.80906 1.50898 34.29
      vertex 9.87193 4.15563 35.7425
      vertex 9.87929 4.32419 33.9903
    endloop
  endfacet
  facet normal -0.801703 0.595288 0.0538996
    outer loop
      vertex 7.87366 1.46863 35.6965
      vertex 9.87193 4.15563 35.7425
      vertex 7.80906 1.50898 34.29
    endloop
  endfacet
  facet normal -0.80163 0.595376 0.0540026
    outer loop
      vertex 7.80234 1.35507 35.8898
      vertex 7.87366 1.46863 35.6965
      vertex 7.80255 1.35977 35.8411
    endloop
  endfacet
  facet normal -0.801702 0.595287 0.0539235
    outer loop
      vertex 7.87366 1.46863 35.6965
      vertex 7.80234 1.35507 35.8898
      vertex 9.87193 4.15563 35.7425
    endloop
  endfacet
  facet normal -0.295054 0.613745 0.732298
    outer loop
      vertex 10.4845 3.93503 36.1742
      vertex 9.87193 4.15563 35.7425
      vertex 10.446 3.81379 36.2603
    endloop
  endfacet
  facet normal -0.687234 -0.185062 -0.702469
    outer loop
      vertex 9.1941 -0.701501 31.4562
      vertex 9.95938 0.371655 30.4248
      vertex 9.98889 0.122001 30.4617
    endloop
  endfacet
  facet normal -0.687326 -0.18494 -0.70241
    outer loop
      vertex 9.95938 0.371655 30.4248
      vertex 9.1941 -0.701501 31.4562
      vertex 8.61335 0.885998 31.6065
    endloop
  endfacet
  facet normal -0.149065 -0.625477 -0.765871
    outer loop
      vertex 10.9967 -3.45298 33.0062
      vertex 11.0911 -2.36722 32.1011
      vertex 11.0498 -3.3127 32.8813
    endloop
  endfacet
  facet normal -0.14931 -0.625441 -0.765853
    outer loop
      vertex 11.0911 -2.36722 32.1011
      vertex 10.9967 -3.45298 33.0062
      vertex 10.7323 -1.41572 31.394
    endloop
  endfacet
  facet normal -0.14919 -0.625423 -0.76589
    outer loop
      vertex 11.0911 -2.36722 32.1011
      vertex 10.7323 -1.41572 31.394
      vertex 11.0392 -1.95354 31.7734
    endloop
  endfacet
  facet normal -0.162517 -0.629022 -0.760211
    outer loop
      vertex 11.0392 -1.95354 31.7734
      vertex 10.7323 -1.41572 31.394
      vertex 10.7325 -1.4113 31.3903
    endloop
  endfacet
  facet normal -0.524999 0.42675 0.736383
    outer loop
      vertex 8.48473 1.1699 36.4838
      vertex 8.79917 0.711207 36.9738
      vertex 9.87193 4.15563 35.7425
    endloop
  endfacet
  facet normal -0.52522 0.426553 0.73634
    outer loop
      vertex 8.79917 0.711207 36.9738
      vertex 8.48473 1.1699 36.4838
      vertex 8.53295 0.883159 36.6843
    endloop
  endfacet
  facet normal -0.525109 0.426777 0.736289
    outer loop
      vertex 7.80234 1.35507 35.8898
      vertex 8.48473 1.1699 36.4838
      vertex 9.87193 4.15563 35.7425
    endloop
  endfacet
  facet normal -0.524783 0.427458 0.736127
    outer loop
      vertex 8.48473 1.1699 36.4838
      vertex 7.80234 1.35507 35.8898
      vertex 7.89196 1.29719 35.9873
    endloop
  endfacet
  facet normal -0.342191 0.93545 0.0885382
    outer loop
      vertex 9.87929 4.32419 33.9903
      vertex 10.6594 4.44081 35.7732
      vertex 11.2767 4.83021 34.0448
    endloop
  endfacet
  facet normal -0.342219 0.935439 0.0885508
    outer loop
      vertex 10.6594 4.44081 35.7732
      vertex 9.87929 4.32419 33.9903
      vertex 9.87193 4.15563 35.7425
    endloop
  endfacet
  facet normal -0.662918 0.374169 -0.648489
    outer loop
      vertex 8.61335 0.885998 31.6065
      vertex 10.0832 1.71003 30.5794
      vertex 10.0319 1.50822 30.5154
    endloop
  endfacet
  facet normal -0.662913 0.374118 -0.648523
    outer loop
      vertex 10.0832 1.71003 30.5794
      vertex 8.61335 0.885998 31.6065
      vertex 9.33025 2.41684 31.7568
    endloop
  endfacet
  facet normal 0.0317182 -0.636934 -0.770266
    outer loop
      vertex 11.3579 -2.43895 32.1714
      vertex 11.0911 -2.36722 32.1011
      vertex 11.2976 -2.35089 32.0961
    endloop
  endfacet
  facet normal 0.0316992 -0.636973 -0.770234
    outer loop
      vertex 11.0911 -2.36722 32.1011
      vertex 11.3579 -2.43895 32.1714
      vertex 11.0498 -3.3127 32.8813
    endloop
  endfacet
  facet normal -0.248537 0.752074 -0.610421
    outer loop
      vertex 10.0832 1.71003 30.5794
      vertex 9.33025 2.41684 31.7568
      vertex 10.326 2.03636 30.8826
    endloop
  endfacet
  facet normal -0.0882643 0.770467 -0.63134
    outer loop
      vertex 11.3586 3.75892 32.6916
      vertex 11.3507 4.65627 33.7878
      vertex 11.3926 4.53832 33.638
    endloop
  endfacet
  facet normal -0.0879472 0.770449 -0.631406
    outer loop
      vertex 10.9248 2.99428 31.819
      vertex 11.3586 3.75892 32.6916
      vertex 11.2092 3.16336 31.9857
    endloop
  endfacet
  facet normal -0.0881128 0.770477 -0.631348
    outer loop
      vertex 11.3586 3.75892 32.6916
      vertex 10.9248 2.99428 31.819
      vertex 11.3507 4.65627 33.7878
    endloop
  endfacet
  facet normal -0.0879311 0.770438 -0.631422
    outer loop
      vertex 10.9248 2.99428 31.819
      vertex 11.2092 3.16336 31.9857
      vertex 10.9177 2.83177 31.6217
    endloop
  endfacet
  facet normal -0.307369 -0.597629 -0.740516
    outer loop
      vertex 10.1788 -0.269584 30.6989
      vertex 9.1941 -0.701501 31.4562
      vertex 9.98889 0.122001 30.4617
    endloop
  endfacet
  facet normal -0.83504 0.42532 -0.349015
    outer loop
      vertex 8.61335 0.885998 31.6065
      vertex 7.80906 1.50898 34.29
      vertex 9.33025 2.41684 31.7568
    endloop
  endfacet
  facet normal -0.254078 0.765345 -0.591346
    outer loop
      vertex 11.3071 4.75871 33.9392
      vertex 9.87929 4.32419 33.9903
      vertex 11.2767 4.83021 34.0448
    endloop
  endfacet
  facet normal -0.254104 0.765445 -0.591206
    outer loop
      vertex 9.87929 4.32419 33.9903
      vertex 11.3071 4.75871 33.9392
      vertex 9.33025 2.41684 31.7568
    endloop
  endfacet
  facet normal -0.325693 -0.751543 0.573679
    outer loop
      vertex 10.1761 -3.12783 35.4935
      vertex 9.55042 -3.20835 35.0328
      vertex 10.3101 -3.56108 35.002
    endloop
  endfacet
  facet normal -0.999056 0.0434482 -0.000114885
    outer loop
      vertex 7.80255 1.35977 35.8411
      vertex 7.8013 1.33115 35.8875
      vertex 7.80234 1.35507 35.8898
    endloop
  endfacet
  facet normal -0.999048 0.0436287 2.38679e-06
    outer loop
      vertex 7.80906 1.50898 34.29
      vertex 7.79781 1.25132 35.1666
      vertex 7.80384 1.38938 35.5332
    endloop
  endfacet
  facet normal -0.999048 0.043622 4.05419e-07
    outer loop
      vertex 7.80906 1.50898 34.29
      vertex 7.78793 1.02505 34.5659
      vertex 7.79781 1.25132 35.1666
    endloop
  endfacet
  facet normal -0.999048 0.0436191 -4.76711e-06
    outer loop
      vertex 7.78416 0.938666 34.235
      vertex 7.78793 1.02505 34.5659
      vertex 7.80906 1.50898 34.29
    endloop
  endfacet
  facet normal -0.999051 0.0435597 1.07622e-05
    outer loop
      vertex 7.78793 1.02505 34.5659
      vertex 7.78416 0.938666 34.235
      vertex 7.78418 0.939045 34.5576
    endloop
  endfacet
  facet normal -0.999051 0.0435609 -6.93029e-06
    outer loop
      vertex 7.76086 0.405041 34.1836
      vertex 7.75441 0.257162 34.4919
      vertex 7.75816 0.343168 34.5002
    endloop
  endfacet
  facet normal -0.999048 0.0436168 1.99565e-05
    outer loop
      vertex 7.73596 -0.165271 34.1286
      vertex 7.75441 0.257162 34.4919
      vertex 7.76086 0.405041 34.1836
    endloop
  endfacet
  facet normal -0.999048 0.0436314 2.95758e-06
    outer loop
      vertex 7.75441 0.257162 34.4919
      vertex 7.73596 -0.165271 34.1286
      vertex 7.73971 -0.0794673 35.0384
    endloop
  endfacet
  facet normal -0.999048 0.0436336 2.75139e-06
    outer loop
      vertex 7.73971 -0.0794673 35.0384
      vertex 7.73596 -0.165271 34.1286
      vertex 7.73074 -0.284868 35.3718
    endloop
  endfacet
  facet normal -0.999038 0.0438438 -8.36646e-05
    outer loop
      vertex 7.72945 -0.314483 35.6797
      vertex 7.72924 -0.319175 35.7285
      vertex 7.73029 -0.295245 35.7308
    endloop
  endfacet
  facet normal -0.491834 -0.490147 0.719621
    outer loop
      vertex 10.0463 -0.568034 37.3811
      vertex 8.76889 0.0177115 36.907
      vertex 9.86304 -1.15009 36.8594
    endloop
  endfacet
  facet normal -0.491879 -0.490186 0.719564
    outer loop
      vertex 9.93303 -1.70621 36.5284
      vertex 9.86304 -1.15009 36.8594
      vertex 8.76889 0.0177115 36.907
    endloop
  endfacet
  facet normal 0.0895644 0.75191 -0.653154
    outer loop
      vertex 11.5288 3.43302 32.3398
      vertex 11.6559 3.71114 32.6774
      vertex 11.7298 3.46528 32.4045
    endloop
  endfacet
  facet normal 0.0896412 0.75189 -0.653166
    outer loop
      vertex 11.6559 3.71114 32.6774
      vertex 11.5288 3.43302 32.3398
      vertex 11.3586 3.75892 32.6916
    endloop
  endfacet
  facet normal 0.08979 0.751507 -0.653587
    outer loop
      vertex 11.43 3.37664 32.2614
      vertex 11.5288 3.43302 32.3398
      vertex 11.5043 3.3842 32.2803
    endloop
  endfacet
  facet normal 0.0893439 0.75184 -0.653264
    outer loop
      vertex 11.5288 3.43302 32.3398
      vertex 11.43 3.37664 32.2614
      vertex 11.3586 3.75892 32.6916
    endloop
  endfacet
  facet normal 0.0894392 0.751841 -0.65325
    outer loop
      vertex 11.3586 3.75892 32.6916
      vertex 11.43 3.37664 32.2614
      vertex 11.2092 3.16336 31.9857
    endloop
  endfacet
  facet normal 0.0929308 0.766944 -0.634949
    outer loop
      vertex 11.6559 3.71114 32.6774
      vertex 11.3586 3.75892 32.6916
      vertex 11.3926 4.53832 33.638
    endloop
  endfacet
  facet normal -0.458588 -0.065343 0.886244
    outer loop
      vertex 8.76889 0.0177115 36.907
      vertex 10.1499 0.454374 37.6538
      vertex 8.79917 0.711207 36.9738
    endloop
  endfacet
  facet normal -0.458566 -0.0654207 0.886249
    outer loop
      vertex 10.1499 0.454374 37.6538
      vertex 8.76889 0.0177115 36.907
      vertex 10.1311 0.0226007 37.6122
    endloop
  endfacet
  facet normal -0.314084 -0.613791 -0.724301
    outer loop
      vertex 9.1941 -0.701501 31.4562
      vertex 10.9967 -3.45298 33.0062
      vertex 10.9431 -3.57825 33.1356
    endloop
  endfacet
  facet normal -0.314308 -0.613853 -0.724151
    outer loop
      vertex 10.9967 -3.45298 33.0062
      vertex 9.1941 -0.701501 31.4562
      vertex 10.7323 -1.41572 31.394
    endloop
  endfacet
  facet normal -0.248522 0.75203 -0.610481
    outer loop
      vertex 10.9177 2.83177 31.6217
      vertex 9.33025 2.41684 31.7568
      vertex 10.9248 2.99428 31.819
    endloop
  endfacet
  facet normal -0.24853 0.752081 -0.610415
    outer loop
      vertex 9.33025 2.41684 31.7568
      vertex 10.9177 2.83177 31.6217
      vertex 10.326 2.03636 30.8826
    endloop
  endfacet
  facet normal -0.254134 0.765449 -0.591189
    outer loop
      vertex 9.33025 2.41684 31.7568
      vertex 11.3507 4.65627 33.7878
      vertex 10.9248 2.99428 31.819
    endloop
  endfacet
  facet normal -0.254207 0.765466 -0.591135
    outer loop
      vertex 11.3507 4.65627 33.7878
      vertex 9.33025 2.41684 31.7568
      vertex 11.3071 4.75871 33.9392
    endloop
  endfacet
  facet normal -0.950893 0.0705117 -0.30138
    outer loop
      vertex 8.61335 0.885998 31.6065
      vertex 7.99205 1.21007 33.6426
      vertex 7.97487 1.24125 33.7041
    endloop
  endfacet
  facet normal -0.950896 0.0704608 -0.301383
    outer loop
      vertex 8.61335 0.885998 31.6065
      vertex 8.07518 1.02508 33.337
      vertex 8.07487 1.05982 33.3461
    endloop
  endfacet
  facet normal -0.95087 0.0707066 -0.301407
    outer loop
      vertex 8.61335 0.885998 31.6065
      vertex 7.97487 1.24125 33.7041
      vertex 7.80906 1.50898 34.29
    endloop
  endfacet
  facet normal -0.95088 0.0706268 -0.301395
    outer loop
      vertex 7.99205 1.21007 33.6426
      vertex 8.61335 0.885998 31.6065
      vertex 8.07487 1.05982 33.3461
    endloop
  endfacet
  facet normal -0.950894 0.0704881 -0.301385
    outer loop
      vertex 8.07518 1.02508 33.337
      vertex 8.61335 0.885998 31.6065
      vertex 8.07636 0.890922 33.3019
    endloop
  endfacet
  facet normal -0.95089 0.0705413 -0.301384
    outer loop
      vertex 8.61335 0.885998 31.6065
      vertex 8.06385 0.604369 33.2743
      vertex 8.07636 0.890922 33.3019
    endloop
  endfacet
  facet normal -0.950888 0.0706642 -0.301362
    outer loop
      vertex 8.61335 0.885998 31.6065
      vertex 8.05079 0.466584 33.2832
      vertex 8.06385 0.604369 33.2743
    endloop
  endfacet
  facet normal -0.950888 0.0706519 -0.301365
    outer loop
      vertex 8.61335 0.885998 31.6065
      vertex 8.04741 0.430904 33.2855
      vertex 8.05079 0.466584 33.2832
    endloop
  endfacet
  facet normal -0.950886 0.0705078 -0.301404
    outer loop
      vertex 8.61335 0.885998 31.6065
      vertex 7.94946 0.234614 33.5486
      vertex 8.04741 0.430904 33.2855
    endloop
  endfacet
  facet normal -0.950878 0.0702177 -0.301498
    outer loop
      vertex 8.61335 0.885998 31.6065
      vertex 7.92914 0.193883 33.6032
      vertex 7.94946 0.234614 33.5486
    endloop
  endfacet
  facet normal -0.950889 0.0705827 -0.301376
    outer loop
      vertex 7.92914 0.193883 33.6032
      vertex 8.61335 0.885998 31.6065
      vertex 7.73596 -0.165271 34.1286
    endloop
  endfacet
  facet normal -0.950892 0.0705987 -0.301363
    outer loop
      vertex 7.95942 1.15097 33.7317
      vertex 7.80906 1.50898 34.29
      vertex 7.97487 1.24125 33.7041
    endloop
  endfacet
  facet normal -0.950895 0.0705383 -0.301368
    outer loop
      vertex 7.78416 0.938666 34.235
      vertex 7.95942 1.15097 33.7317
      vertex 7.92988 0.978337 33.7845
    endloop
  endfacet
  facet normal -0.950897 0.0705781 -0.301352
    outer loop
      vertex 7.95942 1.15097 33.7317
      vertex 7.78416 0.938666 34.235
      vertex 7.80906 1.50898 34.29
    endloop
  endfacet
  facet normal -0.950895 0.070612 -0.301352
    outer loop
      vertex 7.92131 0.278237 33.6476
      vertex 7.76086 0.405041 34.1836
      vertex 7.90635 0.439535 33.7326
    endloop
  endfacet
  facet normal -0.950869 0.0704215 -0.301478
    outer loop
      vertex 7.73596 -0.165271 34.1286
      vertex 7.92131 0.278237 33.6476
      vertex 7.92914 0.193883 33.6032
    endloop
  endfacet
  facet normal -0.950899 0.0705779 -0.301346
    outer loop
      vertex 7.92131 0.278237 33.6476
      vertex 7.73596 -0.165271 34.1286
      vertex 7.76086 0.405041 34.1836
    endloop
  endfacet
  facet normal -0.865719 -0.277248 -0.41673
    outer loop
      vertex 9.1941 -0.701501 31.4562
      vertex 7.73596 -0.165271 34.1286
      vertex 8.61335 0.885998 31.6065
    endloop
  endfacet
  facet normal -0.447381 0.307641 0.839766
    outer loop
      vertex 10.1184 1.0833 37.5403
      vertex 8.79917 0.711207 36.9738
      vertex 10.1488 0.863274 37.6371
    endloop
  endfacet
  facet normal -0.565918 -0.512507 0.645812
    outer loop
      vertex 8.42011 -0.310253 36.3411
      vertex 8.76889 0.0177115 36.907
      vertex 8.49124 -0.0722578 36.5923
    endloop
  endfacet
  facet normal -0.566086 -0.512324 0.64581
    outer loop
      vertex 8.76889 0.0177115 36.907
      vertex 8.42011 -0.310253 36.3411
      vertex 9.55042 -3.20835 35.0328
    endloop
  endfacet
  facet normal -0.566383 -0.511507 0.646198
    outer loop
      vertex 7.72924 -0.319175 35.7285
      vertex 8.42011 -0.310253 36.3411
      vertex 7.82271 -0.288887 35.8344
    endloop
  endfacet
  facet normal -0.566054 -0.512325 0.645838
    outer loop
      vertex 8.42011 -0.310253 36.3411
      vertex 7.72924 -0.319175 35.7285
      vertex 9.55042 -3.20835 35.0328
    endloop
  endfacet
  facet normal -0.549088 -0.515289 0.658012
    outer loop
      vertex 9.93303 -1.70621 36.5284
      vertex 9.55042 -3.20835 35.0328
      vertex 10.0921 -2.78224 35.8185
    endloop
  endfacet
  facet normal -0.549078 -0.515295 0.658016
    outer loop
      vertex 9.55042 -3.20835 35.0328
      vertex 9.93303 -1.70621 36.5284
      vertex 8.76889 0.0177115 36.907
    endloop
  endfacet
  facet normal -0.353173 -0.714079 0.604451
    outer loop
      vertex 10.1475 -3.02235 35.6014
      vertex 9.55042 -3.20835 35.0328
      vertex 10.1761 -3.12783 35.4935
    endloop
  endfacet
  facet normal -0.422429 -0.90206 -0.0885467
    outer loop
      vertex 9.55778 -3.03979 33.2805
      vertex 10.3101 -3.56108 35.002
      vertex 9.55042 -3.20835 35.0328
    endloop
  endfacet
  facet normal -0.422439 -0.902057 -0.0885413
    outer loop
      vertex 10.3101 -3.56108 35.002
      vertex 9.55778 -3.03979 33.2805
      vertex 10.9057 -3.66568 33.226
    endloop
  endfacet
  facet normal -0.687323 -0.184911 -0.702421
    outer loop
      vertex 9.95938 0.371655 30.4248
      vertex 8.61335 0.885998 31.6065
      vertex 9.89073 0.95238 30.3391
    endloop
  endfacet
  facet normal 0.0298843 -0.618356 -0.78533
    outer loop
      vertex 11.0911 -2.36722 32.1011
      vertex 11.0392 -1.95354 31.7734
      vertex 11.2976 -2.35089 32.0961
    endloop
  endfacet
  facet normal -0.314397 -0.614049 -0.723946
    outer loop
      vertex 9.55778 -3.03979 33.2805
      vertex 10.9431 -3.57825 33.1356
      vertex 10.9057 -3.66568 33.226
    endloop
  endfacet
  facet normal -0.314341 -0.613852 -0.724138
    outer loop
      vertex 10.9431 -3.57825 33.1356
      vertex 9.55778 -3.03979 33.2805
      vertex 9.1941 -0.701501 31.4562
    endloop
  endfacet
  facet normal -0.309347 -0.602135 -0.736029
    outer loop
      vertex 9.1941 -0.701501 31.4562
      vertex 10.7325 -1.4113 31.3903
      vertex 10.7323 -1.41572 31.394
    endloop
  endfacet
  facet normal -0.307428 -0.597556 -0.74055
    outer loop
      vertex 10.7325 -1.4113 31.3903
      vertex 9.1941 -0.701501 31.4562
      vertex 10.1788 -0.269584 30.6989
    endloop
  endfacet
  facet normal -0.444009 0.0353717 0.895324
    outer loop
      vertex 10.1488 0.863274 37.6371
      vertex 8.79917 0.711207 36.9738
      vertex 10.1499 0.454374 37.6538
    endloop
  endfacet
  facet normal -0.343001 0.562974 0.751938
    outer loop
      vertex 10.446 3.81379 36.2603
      vertex 9.87193 4.15563 35.7425
      vertex 10.3682 3.5424 36.428
    endloop
  endfacet
  facet normal -0.453684 0.384628 0.803886
    outer loop
      vertex 10.1109 2.36859 36.9211
      vertex 8.79917 0.711207 36.9738
      vertex 9.99044 1.76774 37.1406
    endloop
  endfacet
  facet normal -0.453687 0.384632 0.803882
    outer loop
      vertex 10.1184 1.0833 37.5403
      vertex 9.99044 1.76774 37.1406
      vertex 8.79917 0.711207 36.9738
    endloop
  endfacet
  facet normal -0.507973 0.425877 0.748727
    outer loop
      vertex 9.87193 4.15563 35.7425
      vertex 10.1109 2.36859 36.9211
      vertex 10.3682 3.5424 36.428
    endloop
  endfacet
  facet normal -0.508003 0.425864 0.748714
    outer loop
      vertex 10.1109 2.36859 36.9211
      vertex 9.87193 4.15563 35.7425
      vertex 8.79917 0.711207 36.9738
    endloop
  endfacet
  facet normal -0.26436 0.653641 0.709132
    outer loop
      vertex 10.6594 4.44081 35.7732
      vertex 9.87193 4.15563 35.7425
      vertex 10.4845 3.93503 36.1742
    endloop
  endfacet
  facet normal -0.85055 -0.523125 -0.0538964
    outer loop
      vertex 7.73596 -0.165271 34.1286
      vertex 7.79209 -0.399515 35.5164
      vertex 7.73074 -0.284868 35.3718
    endloop
  endfacet
  facet normal -0.850534 -0.523152 -0.0538962
    outer loop
      vertex 9.55042 -3.20835 35.0328
      vertex 7.73596 -0.165271 34.1286
      vertex 9.55778 -3.03979 33.2805
    endloop
  endfacet
  facet normal -0.850615 -0.523014 -0.053947
    outer loop
      vertex 7.79209 -0.399515 35.5164
      vertex 7.72924 -0.319175 35.7285
      vertex 7.72945 -0.314483 35.6797
    endloop
  endfacet
  facet normal -0.850533 -0.523153 -0.0539019
    outer loop
      vertex 7.73596 -0.165271 34.1286
      vertex 9.55042 -3.20835 35.0328
      vertex 7.79209 -0.399515 35.5164
    endloop
  endfacet
  facet normal -0.850532 -0.523158 -0.0538679
    outer loop
      vertex 7.79209 -0.399515 35.5164
      vertex 9.55042 -3.20835 35.0328
      vertex 7.72924 -0.319175 35.7285
    endloop
  endfacet
  facet normal -0.830341 -0.417289 -0.369328
    outer loop
      vertex 9.55778 -3.03979 33.2805
      vertex 7.73596 -0.165271 34.1286
      vertex 9.1941 -0.701501 31.4562
    endloop
  endfacet
  facet normal -0.396432 -0.664361 0.633613
    outer loop
      vertex 10.0921 -2.78224 35.8185
      vertex 9.55042 -3.20835 35.0328
      vertex 10.1475 -3.02235 35.6014
    endloop
  endfacet
  facet normal -0.662918 0.374069 -0.648546
    outer loop
      vertex 9.89073 0.95238 30.3391
      vertex 8.61335 0.885998 31.6065
      vertex 10.0319 1.50822 30.5154
    endloop
  endfacet
  facet normal -0.744876 -0.0311482 0.666476
    outer loop
      vertex 8.57002 0.784077 36.7211
      vertex 8.79917 0.711207 36.9738
      vertex 8.53295 0.883159 36.6843
    endloop
  endfacet
  facet normal -0.744944 -0.0317218 0.666372
    outer loop
      vertex 8.53642 0.0144254 36.6469
      vertex 8.79917 0.711207 36.9738
      vertex 8.57002 0.784077 36.7211
    endloop
  endfacet
  facet normal -0.745027 -0.0316488 0.666283
    outer loop
      vertex 8.79917 0.711207 36.9738
      vertex 8.53642 0.0144254 36.6469
      vertex 8.76889 0.0177115 36.907
    endloop
  endfacet
  facet normal -0.745035 -0.0313626 0.666288
    outer loop
      vertex 8.76889 0.0177115 36.907
      vertex 8.53642 0.0144254 36.6469
      vertex 8.49124 -0.0722578 36.5923
    endloop
  endfacet
  facet normal -0.745155 -0.0316539 0.66614
    outer loop
      vertex 7.80234 1.35507 35.8898
      vertex 7.8013 1.33115 35.8875
      vertex 7.89196 1.29719 35.9873
    endloop
  endfacet
  facet normal -0.7449 -0.0313692 0.666439
    outer loop
      vertex 7.73029 -0.295245 35.7308
      vertex 7.72924 -0.319175 35.7285
      vertex 7.82271 -0.288887 35.8344
    endloop
  endfacet
  facet normal -0.45283 -0.16671 0.875872
    outer loop
      vertex 10.1311 0.0226007 37.6122
      vertex 8.76889 0.0177115 36.907
      vertex 10.0947 -0.373967 37.5179
    endloop
  endfacet
  facet normal -0.479286 -0.42267 0.769179
    outer loop
      vertex 10.0947 -0.373967 37.5179
      vertex 8.76889 0.0177115 36.907
      vertex 10.0463 -0.568034 37.3811
    endloop
  endfacet
  facet normal -0.903456 0.0800345 -0.421142
    outer loop
      vertex 7.7014 0.3643 34.502
      vertex 7.69765 0.278294 34.4937
      vertex 7.66274 0.362535 34.5846
    endloop
  endfacet
  facet normal -0.903369 0.080147 -0.421308
    outer loop
      vertex 7.68674 0.912262 34.6375
      vertex 7.72955 1.00895 34.5641
      vertex 7.72579 0.922939 34.5558
    endloop
  endfacet
  facet normal -0.903387 0.0801894 -0.421262
    outer loop
      vertex 7.72955 1.00895 34.5641
      vertex 7.68674 0.912262 34.6375
      vertex 7.23582 1.29267 35.6769
    endloop
  endfacet
  facet normal -0.903427 0.0800055 -0.421212
    outer loop
      vertex 7.59959 0.787373 34.8007
      vertex 7.23582 1.29267 35.6769
      vertex 7.68674 0.912262 34.6375
    endloop
  endfacet
  facet normal -0.903385 0.079996 -0.421302
    outer loop
      vertex 7.17202 -0.168634 35.536
      vertex 7.59959 0.787373 34.8007
      vertex 7.58534 0.46108 34.7693
    endloop
  endfacet
  facet normal -0.903409 0.0801417 -0.421224
    outer loop
      vertex 7.17202 -0.168634 35.536
      vertex 7.66274 0.362535 34.5846
      vertex 7.69765 0.278294 34.4937
    endloop
  endfacet
  facet normal -0.903411 0.0800585 -0.421236
    outer loop
      vertex 7.59959 0.787373 34.8007
      vertex 7.17202 -0.168634 35.536
      vertex 7.23582 1.29267 35.6769
    endloop
  endfacet
  facet normal -0.903394 0.0800341 -0.421276
    outer loop
      vertex 7.66274 0.362535 34.5846
      vertex 7.17202 -0.168634 35.536
      vertex 7.58534 0.46108 34.7693
    endloop
  endfacet
  facet normal -0.240541 0.909659 -0.338615
    outer loop
      vertex 7.80384 1.38938 35.5332
      vertex 7.23582 1.29267 35.6769
      vertex 7.87366 1.46863 35.6965
    endloop
  endfacet
  facet normal -0.240541 0.909658 -0.338617
    outer loop
      vertex 7.23582 1.29267 35.6769
      vertex 7.80384 1.38938 35.5332
      vertex 7.79781 1.25132 35.1666
    endloop
  endfacet
  facet normal -0.906941 -0.00102107 0.421256
    outer loop
      vertex 7.17202 -0.168634 35.536
      vertex 7.7205 0.801631 36.7192
      vertex 7.23582 1.29267 35.6769
    endloop
  endfacet
  facet normal -0.906951 -0.000989777 0.421235
    outer loop
      vertex 7.7205 0.801631 36.7192
      vertex 7.17202 -0.168634 35.536
      vertex 7.6886 0.0709797 36.6488
    endloop
  endfacet
  facet normal -0.00420695 -0.095856 0.995386
    outer loop
      vertex 7.7205 0.801631 36.7192
      vertex 8.57002 0.784077 36.7211
      vertex 8.42846 0.996935 36.741
    endloop
  endfacet
  facet normal -0.00420539 -0.0957796 0.995394
    outer loop
      vertex 8.57002 0.784077 36.7211
      vertex 7.7205 0.801631 36.7192
      vertex 8.53642 0.0144254 36.6469
    endloop
  endfacet
  facet normal -0.00415484 -0.0957277 0.995399
    outer loop
      vertex 7.6886 0.0709797 36.6488
      vertex 8.53642 0.0144254 36.6469
      vertex 7.7205 0.801631 36.7192
    endloop
  endfacet
  facet normal -0.00416355 -0.0958579 0.995386
    outer loop
      vertex 8.53642 0.0144254 36.6469
      vertex 7.6886 0.0709797 36.6488
      vertex 8.37685 -0.185285 36.627
    endloop
  endfacet
  facet normal -0.244094 0.828579 0.503859
    outer loop
      vertex 8.42846 0.996935 36.741
      vertex 7.23582 1.29267 35.6769
      vertex 7.7205 0.801631 36.7192
    endloop
  endfacet
  facet normal -0.315324 -0.804184 -0.503844
    outer loop
      vertex 7.69765 0.278294 34.4937
      vertex 7.73971 -0.0794673 35.0384
      vertex 7.17202 -0.168634 35.536
    endloop
  endfacet
  facet normal -0.315375 -0.804172 -0.503831
    outer loop
      vertex 7.73971 -0.0794673 35.0384
      vertex 7.69765 0.278294 34.4937
      vertex 7.75441 0.257162 34.4919
    endloop
  endfacet
  facet normal -0.244073 0.828603 0.503831
    outer loop
      vertex 7.89196 1.29719 35.9873
      vertex 8.42846 0.996935 36.741
      vertex 8.48473 1.1699 36.4838
    endloop
  endfacet
  facet normal -0.243961 0.828759 0.503628
    outer loop
      vertex 7.23582 1.29267 35.6769
      vertex 7.89196 1.29719 35.9873
      vertex 7.8013 1.33115 35.8875
    endloop
  endfacet
  facet normal -0.24405 0.828616 0.50382
    outer loop
      vertex 7.89196 1.29719 35.9873
      vertex 7.23582 1.29267 35.6769
      vertex 8.42846 0.996935 36.741
    endloop
  endfacet
  facet normal -0.244182 0.828278 0.504312
    outer loop
      vertex 7.80255 1.35977 35.8411
      vertex 7.23582 1.29267 35.6769
      vertex 7.8013 1.33115 35.8875
    endloop
  endfacet
  facet normal -0.244073 0.828627 0.503792
    outer loop
      vertex 7.23582 1.29267 35.6769
      vertex 7.80255 1.35977 35.8411
      vertex 7.87366 1.46863 35.6965
    endloop
  endfacet
  facet normal 0.753799 0.456951 0.472211
    outer loop
      vertex 8.42846 0.996935 36.741
      vertex 8.53295 0.883159 36.6843
      vertex 8.48473 1.1699 36.4838
    endloop
  endfacet
  facet normal 0.753895 0.45727 0.471748
    outer loop
      vertex 8.53295 0.883159 36.6843
      vertex 8.42846 0.996935 36.741
      vertex 8.57002 0.784077 36.7211
    endloop
  endfacet
  facet normal 0.707275 -0.602041 0.370552
    outer loop
      vertex 8.37685 -0.185285 36.627
      vertex 8.49124 -0.0722578 36.5923
      vertex 8.53642 0.0144254 36.6469
    endloop
  endfacet
  facet normal 0.707319 -0.602181 0.370241
    outer loop
      vertex 8.49124 -0.0722578 36.5923
      vertex 8.37685 -0.185285 36.627
      vertex 8.42011 -0.310253 36.3411
    endloop
  endfacet
  facet normal -0.318914 -0.885209 0.338673
    outer loop
      vertex 8.37685 -0.185285 36.627
      vertex 7.82271 -0.288887 35.8344
      vertex 8.42011 -0.310253 36.3411
    endloop
  endfacet
  facet normal -0.318905 -0.885214 0.338667
    outer loop
      vertex 7.17202 -0.168634 35.536
      vertex 7.82271 -0.288887 35.8344
      vertex 8.37685 -0.185285 36.627
    endloop
  endfacet
  facet normal -0.318981 -0.885106 0.338878
    outer loop
      vertex 7.82271 -0.288887 35.8344
      vertex 7.17202 -0.168634 35.536
      vertex 7.73029 -0.295245 35.7308
    endloop
  endfacet
  facet normal -0.318896 -0.885271 0.338527
    outer loop
      vertex 7.17202 -0.168634 35.536
      vertex 7.72945 -0.314483 35.6797
      vertex 7.73029 -0.295245 35.7308
    endloop
  endfacet
  facet normal -0.318909 -0.885231 0.338619
    outer loop
      vertex 7.72945 -0.314483 35.6797
      vertex 7.17202 -0.168634 35.536
      vertex 7.79209 -0.399515 35.5164
    endloop
  endfacet
  facet normal -0.318883 -0.885231 0.338643
    outer loop
      vertex 7.6886 0.0709797 36.6488
      vertex 7.17202 -0.168634 35.536
      vertex 8.37685 -0.185285 36.627
    endloop
  endfacet
  facet normal -0.315363 -0.804191 -0.503808
    outer loop
      vertex 7.17202 -0.168634 35.536
      vertex 7.73074 -0.284868 35.3718
      vertex 7.79209 -0.399515 35.5164
    endloop
  endfacet
  facet normal -0.315376 -0.804132 -0.503894
    outer loop
      vertex 7.73074 -0.284868 35.3718
      vertex 7.17202 -0.168634 35.536
      vertex 7.73971 -0.0794673 35.0384
    endloop
  endfacet
  facet normal 0.00413022 0.0958794 -0.995384
    outer loop
      vertex 7.69765 0.278294 34.4937
      vertex 7.75816 0.343168 34.5002
      vertex 7.75441 0.257162 34.4919
    endloop
  endfacet
  facet normal 0.00413022 0.0958794 -0.995384
    outer loop
      vertex 7.75816 0.343168 34.5002
      vertex 7.69765 0.278294 34.4937
      vertex 7.7014 0.3643 34.502
    endloop
  endfacet
  facet normal 0.00424974 0.0958753 -0.995384
    outer loop
      vertex 7.78418 0.939045 34.5576
      vertex 7.72955 1.00895 34.5641
      vertex 7.78793 1.02505 34.5659
    endloop
  endfacet
  facet normal 0.00424104 0.0958685 -0.995385
    outer loop
      vertex 7.72955 1.00895 34.5641
      vertex 7.78418 0.939045 34.5576
      vertex 7.72579 0.922939 34.5558
    endloop
  endfacet
  facet normal -0.240423 0.909661 -0.338694
    outer loop
      vertex 7.72955 1.00895 34.5641
      vertex 7.79781 1.25132 35.1666
      vertex 7.78793 1.02505 34.5659
    endloop
  endfacet
  facet normal -0.240585 0.90963 -0.338663
    outer loop
      vertex 7.79781 1.25132 35.1666
      vertex 7.72955 1.00895 34.5641
      vertex 7.23582 1.29267 35.6769
    endloop
  endfacet
  facet normal -0.319069 -0.88519 0.338577
    outer loop
      vertex 7.58534 0.46108 34.7693
      vertex 7.50196 0.422401 34.5896
      vertex 7.66274 0.362535 34.5846
    endloop
  endfacet
  facet normal -0.955712 0.0693568 -0.286013
    outer loop
      vertex 7.50196 0.422401 34.5896
      vertex 7.82525 0.949306 33.6371
      vertex 7.80585 0.50507 33.5942
    endloop
  endfacet
  facet normal -0.955711 0.0693363 -0.286024
    outer loop
      vertex 7.82525 0.949306 33.6371
      vertex 7.50196 0.422401 34.5896
      vertex 7.52135 0.866637 34.6325
    endloop
  endfacet
  facet normal -0.243822 0.82863 0.503907
    outer loop
      vertex 7.68674 0.912262 34.6375
      vertex 7.52135 0.866637 34.6325
      vertex 7.59959 0.787373 34.8007
    endloop
  endfacet
  facet normal -0.906904 -0.00110399 0.421336
    outer loop
      vertex 7.50196 0.422401 34.5896
      vertex 7.59959 0.787373 34.8007
      vertex 7.52135 0.866637 34.6325
    endloop
  endfacet
  facet normal -0.907035 -0.000906824 0.421055
    outer loop
      vertex 7.59959 0.787373 34.8007
      vertex 7.50196 0.422401 34.5896
      vertex 7.58534 0.46108 34.7693
    endloop
  endfacet
  facet normal -0.265873 0.964008 -0.00111606
    outer loop
      vertex 7.78418 0.939045 34.5576
      vertex 7.78416 0.938666 34.235
      vertex 7.72579 0.922939 34.5558
    endloop
  endfacet
  facet normal -0.265899 0.964 -0.00111025
    outer loop
      vertex 7.72579 0.922939 34.5558
      vertex 7.52135 0.866637 34.6325
      vertex 7.68674 0.912262 34.6375
    endloop
  endfacet
  facet normal -0.265903 0.963999 -0.00112195
    outer loop
      vertex 7.78416 0.938666 34.235
      vertex 7.52135 0.866637 34.6325
      vertex 7.72579 0.922939 34.5558
    endloop
  endfacet
  facet normal -0.265899 0.964 -0.00111862
    outer loop
      vertex 7.82525 0.949306 33.6371
      vertex 7.78416 0.938666 34.235
      vertex 7.92988 0.978337 33.7845
    endloop
  endfacet
  facet normal -0.265898 0.964001 -0.00111854
    outer loop
      vertex 7.78416 0.938666 34.235
      vertex 7.82525 0.949306 33.6371
      vertex 7.52135 0.866637 34.6325
    endloop
  endfacet
  facet normal -0.34806 -0.919526 -0.182554
    outer loop
      vertex 7.50196 0.422401 34.5896
      vertex 7.7014 0.3643 34.502
      vertex 7.66274 0.362535 34.5846
    endloop
  endfacet
  facet normal -0.34812 -0.919482 -0.182663
    outer loop
      vertex 7.7014 0.3643 34.502
      vertex 7.76086 0.405041 34.1836
      vertex 7.75816 0.343168 34.5002
    endloop
  endfacet
  facet normal -0.348096 -0.919491 -0.18266
    outer loop
      vertex 7.50196 0.422401 34.5896
      vertex 7.76086 0.405041 34.1836
      vertex 7.7014 0.3643 34.502
    endloop
  endfacet
  facet normal -0.348038 -0.919521 -0.182621
    outer loop
      vertex 7.80585 0.50507 33.5942
      vertex 7.76086 0.405041 34.1836
      vertex 7.50196 0.422401 34.5896
    endloop
  endfacet
  facet normal -0.348103 -0.919496 -0.182622
    outer loop
      vertex 7.76086 0.405041 34.1836
      vertex 7.80585 0.50507 33.5942
      vertex 7.90635 0.439535 33.7326
    endloop
  endfacet
  facet normal -0.279723 0.922358 -0.266479
    outer loop
      vertex 20.106 9.14087 37.8924
      vertex 15.6005 5.7312 30.82
      vertex 10.1766 6.0311 37.5515
    endloop
  endfacet
  facet normal -0.279716 0.922359 -0.266484
    outer loop
      vertex 20.106 9.14087 37.8924
      vertex 17.43 6.28333 30.8107
      vertex 15.6005 5.7312 30.82
    endloop
  endfacet
  facet normal -0.279739 0.922355 -0.266473
    outer loop
      vertex 20.106 9.14087 37.8924
      vertex 18.8826 6.72172 30.8032
      vertex 17.43 6.28333 30.8107
    endloop
  endfacet
  facet normal -0.279715 0.92236 -0.266479
    outer loop
      vertex 18.8826 6.72172 30.8032
      vertex 20.106 9.14087 37.8924
      vertex 19.0854 6.72359 30.5968
    endloop
  endfacet
  facet normal 0.76901 -0.513566 -0.380622
    outer loop
      vertex 25.743 -0.381729 37
      vertex 23.7266 0 32.411
      vertex 23.7132 0.174483 32.1485
    endloop
  endfacet
  facet normal 0.769134 -0.513354 -0.380659
    outer loop
      vertex 23.7266 0 32.411
      vertex 25.743 -0.381729 37
      vertex 22.3026 -1.89059 32.0834
    endloop
  endfacet
  facet normal -0.947037 0.0104117 0.320955
    outer loop
      vertex 9.86304 -1.15009 36.8594
      vertex 10.0237 -3.31231 37.4036
      vertex 10.3323 -2.89668 38.3007
    endloop
  endfacet
  facet normal -0.94703 0.0104179 0.320977
    outer loop
      vertex 9.86304 -1.15009 36.8594
      vertex 9.87742 -3.50929 36.9784
      vertex 10.0237 -3.31231 37.4036
    endloop
  endfacet
  facet normal -0.947211 0.0103898 0.320441
    outer loop
      vertex 9.86304 -1.15009 36.8594
      vertex 9.86632 -3.56515 36.9474
      vertex 9.87742 -3.50929 36.9784
    endloop
  endfacet
  facet normal -0.945947 0.0105267 0.324151
    outer loop
      vertex 9.86304 -1.15009 36.8594
      vertex 9.86458 -3.58294 36.9429
      vertex 9.86632 -3.56515 36.9474
    endloop
  endfacet
  facet normal -0.947041 0.0104159 0.320943
    outer loop
      vertex 9.6769 -5.41345 36.4485
      vertex 9.86458 -3.58294 36.9429
      vertex 9.86304 -1.15009 36.8594
    endloop
  endfacet
  facet normal -0.947045 0.0104462 0.320932
    outer loop
      vertex 9.8341 -4.50148 36.8827
      vertex 9.6769 -5.41345 36.4485
      vertex 10.1375 -5.19554 37.8006
    endloop
  endfacet
  facet normal -0.946951 0.0102963 0.321213
    outer loop
      vertex 9.82812 -4.44 36.8631
      vertex 9.6769 -5.41345 36.4485
      vertex 9.8341 -4.50148 36.8827
    endloop
  endfacet
  facet normal -0.946598 0.00979239 0.322268
    outer loop
      vertex 9.82797 -4.42159 36.8621
      vertex 9.6769 -5.41345 36.4485
      vertex 9.82812 -4.44 36.8631
    endloop
  endfacet
  facet normal -0.947049 0.0104228 0.32092
    outer loop
      vertex 9.86458 -3.58294 36.9429
      vertex 9.6769 -5.41345 36.4485
      vertex 9.82797 -4.42159 36.8621
    endloop
  endfacet
  facet normal -0.947039 0.0104437 0.320948
    outer loop
      vertex 10.1766 6.0311 37.5515
      vertex 10.2508 5.04297 37.8026
      vertex 10.6054 5.52049 38.8334
    endloop
  endfacet
  facet normal -0.946961 0.0105074 0.321176
    outer loop
      vertex 10.1766 6.0311 37.5515
      vertex 10.2397 4.98711 37.7717
      vertex 10.2508 5.04297 37.8026
    endloop
  endfacet
  facet normal -0.947789 0.009944 0.318742
    outer loop
      vertex 10.1766 6.0311 37.5515
      vertex 10.238 4.96932 37.7672
      vertex 10.2397 4.98711 37.7717
    endloop
  endfacet
  facet normal -0.947106 0.010392 0.320752
    outer loop
      vertex 10.1766 6.0311 37.5515
      vertex 10.2014 4.13067 37.6863
      vertex 10.238 4.96932 37.7672
    endloop
  endfacet
  facet normal -0.947016 0.010412 0.321018
    outer loop
      vertex 9.99044 1.76774 37.1406
      vertex 10.2014 4.13067 37.6863
      vertex 10.1766 6.0311 37.5515
    endloop
  endfacet
  facet normal -0.947012 0.0103931 0.321029
    outer loop
      vertex 9.99044 1.76774 37.1406
      vertex 10.3327 3.76448 38.0856
      vertex 10.2075 4.05078 37.707
    endloop
  endfacet
  facet normal -0.950715 0.0133379 0.309779
    outer loop
      vertex 10.2014 4.13067 37.6863
      vertex 9.99044 1.76774 37.1406
      vertex 10.2015 4.11225 37.6874
    endloop
  endfacet
  facet normal -0.946763 0.0101856 0.32177
    outer loop
      vertex 9.99044 1.76774 37.1406
      vertex 10.2075 4.05078 37.707
      vertex 10.2015 4.11225 37.6874
    endloop
  endfacet
  facet normal -0.947036 0.0104306 0.320958
    outer loop
      vertex 10.3327 3.76448 38.0856
      vertex 9.99044 1.76774 37.1406
      vertex 10.5968 3.16037 38.8845
    endloop
  endfacet
  facet normal -0.947058 0.0104478 0.320893
    outer loop
      vertex 10.5968 3.16037 38.8845
      vertex 10.1488 0.863274 37.6371
      vertex 10.857 3.35794 39.646
    endloop
  endfacet
  facet normal -0.947096 0.0105531 0.320776
    outer loop
      vertex 10.1499 0.454374 37.6538
      vertex 10.857 3.35794 39.646
      vertex 10.1488 0.863274 37.6371
    endloop
  endfacet
  facet normal -0.947062 0.010474 0.320879
    outer loop
      vertex 10.857 3.35794 39.646
      vertex 10.1499 0.454374 37.6538
      vertex 11.0295 3.515 40.15
    endloop
  endfacet
  facet normal -0.947038 0.0104059 0.320954
    outer loop
      vertex 10.7223 -3.52205 39.4717
      vertex 11.0295 3.515 40.15
      vertex 10.1499 0.454374 37.6538
    endloop
  endfacet
  facet normal -0.94709 0.0103292 0.320803
    outer loop
      vertex 10.7223 -3.52205 39.4717
      vertex 10.1499 0.454374 37.6538
      vertex 10.1311 0.0226007 37.6122
    endloop
  endfacet
  facet normal -0.946949 0.0105373 0.321211
    outer loop
      vertex 10.5682 -3.25752 39.0084
      vertex 10.1311 0.0226007 37.6122
      vertex 10.0947 -0.373967 37.5179
    endloop
  endfacet
  facet normal -0.947174 0.01026 0.320556
    outer loop
      vertex 10.3323 -2.89668 38.3007
      vertex 10.0947 -0.373967 37.5179
      vertex 10.0463 -0.568034 37.3811
    endloop
  endfacet
  facet normal -0.947021 0.0104543 0.321001
    outer loop
      vertex 10.3323 -2.89668 38.3007
      vertex 10.0463 -0.568034 37.3811
      vertex 9.86304 -1.15009 36.8594
    endloop
  endfacet
  facet normal -0.947028 0.0104057 0.320982
    outer loop
      vertex 10.0947 -0.373967 37.5179
      vertex 10.3323 -2.89668 38.3007
      vertex 10.5682 -3.25752 39.0084
    endloop
  endfacet
  facet normal -0.947041 0.010411 0.320943
    outer loop
      vertex 10.1311 0.0226007 37.6122
      vertex 10.5682 -3.25752 39.0084
      vertex 10.7223 -3.52205 39.4717
    endloop
  endfacet
  facet normal -0.947036 0.0104053 0.320959
    outer loop
      vertex 11.0295 3.515 40.15
      vertex 10.7223 -3.52205 39.4717
      vertex 13.5448 2.02044 47.6202
    endloop
  endfacet
  facet normal -0.947076 0.0106079 0.320835
    outer loop
      vertex 10.7434 -3.59811 39.5365
      vertex 13.5448 2.02044 47.6202
      vertex 10.7223 -3.52205 39.4717
    endloop
  endfacet
  facet normal -0.947036 0.0104085 0.32096
    outer loop
      vertex 10.7434 -3.59811 39.5365
      vertex 13.295 -3.70183 47.0687
      vertex 13.5448 2.02044 47.6202
    endloop
  endfacet
  facet normal -0.947038 0.0102344 0.320958
    outer loop
      vertex 10.7662 -3.80274 39.6103
      vertex 13.295 -3.70183 47.0687
      vertex 10.7434 -3.59811 39.5365
    endloop
  endfacet
  facet normal -0.947035 0.0108249 0.320949
    outer loop
      vertex 10.7674 -3.89937 39.6171
      vertex 13.295 -3.70183 47.0687
      vertex 10.7662 -3.80274 39.6103
    endloop
  endfacet
  facet normal -0.947035 0.0103747 0.320962
    outer loop
      vertex 10.7325 -4.69991 39.54
      vertex 13.295 -3.70183 47.0687
      vertex 10.7674 -3.89937 39.6171
    endloop
  endfacet
  facet normal -0.947048 0.0107942 0.32091
    outer loop
      vertex 10.7229 -4.79299 39.5148
      vertex 13.295 -3.70183 47.0687
      vertex 10.7325 -4.69991 39.54
    endloop
  endfacet
  facet normal -0.947041 0.0105891 0.320938
    outer loop
      vertex 13.295 -3.70183 47.0687
      vertex 10.7229 -4.79299 39.5148
      vertex 10.6927 -4.93289 39.4303
    endloop
  endfacet
  facet normal -0.947006 0.0106677 0.321038
    outer loop
      vertex 11.1396 4.74952 40.4346
      vertex 13.5448 2.02044 47.6202
      vertex 11.1223 4.90505 40.3784
    endloop
  endfacet
  facet normal -0.946985 0.0108358 0.321095
    outer loop
      vertex 11.1408 4.65289 40.4414
      vertex 13.5448 2.02044 47.6202
      vertex 11.1396 4.74952 40.4346
    endloop
  endfacet
  facet normal -0.947046 0.0103378 0.320933
    outer loop
      vertex 11.1059 3.85234 40.3642
      vertex 13.5448 2.02044 47.6202
      vertex 11.1408 4.65289 40.4414
    endloop
  endfacet
  facet normal -0.946981 0.0110824 0.321099
    outer loop
      vertex 11.0963 3.75927 40.3391
      vertex 13.5448 2.02044 47.6202
      vertex 11.1059 3.85234 40.3642
    endloop
  endfacet
  facet normal -0.947053 0.0102144 0.320916
    outer loop
      vertex 11.0566 3.57521 40.2278
      vertex 13.5448 2.02044 47.6202
      vertex 11.0963 3.75927 40.3391
    endloop
  endfacet
  facet normal -0.946972 0.0112957 0.321116
    outer loop
      vertex 11.0295 3.515 40.15
      vertex 13.5448 2.02044 47.6202
      vertex 11.0566 3.57521 40.2278
    endloop
  endfacet
  facet normal -0.947021 0.0103799 0.321005
    outer loop
      vertex 10.1488 0.863274 37.6371
      vertex 10.5968 3.16037 38.8845
      vertex 10.1184 1.0833 37.5403
    endloop
  endfacet
  facet normal -0.947028 0.0103957 0.320983
    outer loop
      vertex 10.1184 1.0833 37.5403
      vertex 10.5968 3.16037 38.8845
      vertex 9.99044 1.76774 37.1406
    endloop
  endfacet
  facet normal 0.810953 0.444363 0.380653
    outer loop
      vertex 20.5429 6.36267 40.2048
      vertex 20.106 9.14087 37.8924
      vertex 19.5676 7.26393 41.2305
    endloop
  endfacet
  facet normal 0.810404 0.444812 0.381298
    outer loop
      vertex 20.5705 6.33253 40.1813
      vertex 20.106 9.14087 37.8924
      vertex 20.5429 6.36267 40.2048
    endloop
  endfacet
  facet normal 0.813243 0.442519 0.377907
    outer loop
      vertex 20.5773 6.32362 40.1771
      vertex 20.106 9.14087 37.8924
      vertex 20.5705 6.33253 40.1813
    endloop
  endfacet
  facet normal 0.810958 0.444359 0.380647
    outer loop
      vertex 20.7976 6.02111 40.0609
      vertex 20.106 9.14087 37.8924
      vertex 20.5773 6.32362 40.1771
    endloop
  endfacet
  facet normal 0.810877 0.444415 0.380755
    outer loop
      vertex 21.2954 5.25582 39.894
      vertex 20.106 9.14087 37.8924
      vertex 20.7976 6.02111 40.0609
    endloop
  endfacet
  facet normal 0.813561 0.443078 0.376565
    outer loop
      vertex 21.3156 5.21618 39.897
      vertex 20.106 9.14087 37.8924
      vertex 21.2954 5.25582 39.894
    endloop
  endfacet
  facet normal 0.810949 0.444413 0.380604
    outer loop
      vertex 25.743 -0.381729 37
      vertex 21.3156 5.21618 39.897
      vertex 21.5796 4.7001 39.9371
    endloop
  endfacet
  facet normal 0.810946 0.444398 0.380626
    outer loop
      vertex 25.743 -0.381729 37
      vertex 21.5796 4.7001 39.9371
      vertex 21.785 4.21231 40.069
    endloop
  endfacet
  facet normal 0.810955 0.444494 0.380495
    outer loop
      vertex 25.743 -0.381729 37
      vertex 21.785 4.21231 40.069
      vertex 21.8696 4.01148 40.1233
    endloop
  endfacet
  facet normal 0.810939 0.444369 0.380674
    outer loop
      vertex 21.3156 5.21618 39.897
      vertex 25.743 -0.381729 37
      vertex 20.106 9.14087 37.8924
    endloop
  endfacet
  facet normal 0.810948 0.444383 0.380641
    outer loop
      vertex 22.1888 2.388 41.3386
      vertex 25.743 -0.381729 37
      vertex 21.8696 4.01148 40.1233
    endloop
  endfacet
  facet normal 0.810954 0.444347 0.380669
    outer loop
      vertex 22.1073 2.08475 41.8662
      vertex 25.743 -0.381729 37
      vertex 22.1888 2.388 41.3386
    endloop
  endfacet
  facet normal 0.810948 0.444373 0.380651
    outer loop
      vertex 25.743 -0.381729 37
      vertex 22.1073 2.08475 41.8662
      vertex 21.8419 1.7524 42.8196
    endloop
  endfacet
  facet normal 0.81096 0.444376 0.380623
    outer loop
      vertex 18.5096 3.57533 47.7906
      vertex 19.5958 3.01664 46.1286
      vertex 18.628 3.98821 47.0563
    endloop
  endfacet
  facet normal 0.810641 0.445442 0.380057
    outer loop
      vertex 19.5958 3.01664 46.1286
      vertex 18.5096 3.57533 47.7906
      vertex 19.6752 2.93767 46.0518
    endloop
  endfacet
  facet normal 0.810944 0.444383 0.380649
    outer loop
      vertex 21.3281 -1.18597 47.3445
      vertex 19.6752 2.93767 46.0518
      vertex 18.5096 3.57533 47.7906
    endloop
  endfacet
  facet normal 0.810955 0.444381 0.380629
    outer loop
      vertex 19.6752 2.93767 46.0518
      vertex 21.3281 -1.18597 47.3445
      vertex 20.2423 2.37326 45.5025
    endloop
  endfacet
  facet normal 0.810959 0.444379 0.380623
    outer loop
      vertex 20.2423 2.37326 45.5025
      vertex 21.3281 -1.18597 47.3445
      vertex 20.3463 2.2776 45.3926
    endloop
  endfacet
  facet normal 0.810891 0.444416 0.380724
    outer loop
      vertex 20.3463 2.2776 45.3926
      vertex 21.3281 -1.18597 47.3445
      vertex 20.5214 2.12422 45.1987
    endloop
  endfacet
  facet normal 0.810936 0.44439 0.380658
    outer loop
      vertex 21.3281 -1.18597 47.3445
      vertex 21.7535 1.64174 43.1371
      vertex 20.8501 1.88472 44.778
    endloop
  endfacet
  facet normal 0.810947 0.444377 0.38065
    outer loop
      vertex 21.7535 1.64174 43.1371
      vertex 21.3281 -1.18597 47.3445
      vertex 25.743 -0.381729 37
    endloop
  endfacet
  facet normal 0.810955 0.444375 0.380635
    outer loop
      vertex 20.5214 2.12422 45.1987
      vertex 21.3281 -1.18597 47.3445
      vertex 20.8501 1.88472 44.778
    endloop
  endfacet
  facet normal 0.810954 0.444353 0.380663
    outer loop
      vertex 21.8419 1.7524 42.8196
      vertex 21.7535 1.64174 43.1371
      vertex 25.743 -0.381729 37
    endloop
  endfacet
  facet normal -0.00418065 -0.0957365 0.995398
    outer loop
      vertex 13.5448 2.02044 47.6202
      vertex 21.3281 -1.18597 47.3445
      vertex 18.5096 3.57533 47.7906
    endloop
  endfacet
  facet normal -0.00418684 -0.0957514 0.995396
    outer loop
      vertex 13.295 -3.70183 47.0687
      vertex 21.3281 -1.18597 47.3445
      vertex 13.5448 2.02044 47.6202
    endloop
  endfacet
  facet normal -0.00418622 -0.0957533 0.995396
    outer loop
      vertex 21.3281 -1.18597 47.3445
      vertex 13.295 -3.70183 47.0687
      vertex 18.1053 -5.68351 46.8983
    endloop
  endfacet
  facet normal -0.282701 0.854862 0.435076
    outer loop
      vertex 11.0427 5.64836 38.8663
      vertex 10.1766 6.0311 37.5515
      vertex 10.6054 5.52049 38.8334
    endloop
  endfacet
  facet normal -0.282541 0.854955 0.434997
    outer loop
      vertex 10.1766 6.0311 37.5515
      vertex 11.0427 5.64836 38.8663
      vertex 11.283 5.70503 38.911
    endloop
  endfacet
  facet normal -0.282678 0.854855 0.435104
    outer loop
      vertex 12.5414 4.81395 41.4794
      vertex 11.7779 5.19684 40.2311
      vertex 11.2553 4.94809 40.3803
    endloop
  endfacet
  facet normal -0.282647 0.854886 0.435063
    outer loop
      vertex 11.7779 5.19684 40.2311
      vertex 12.9665 5.2089 40.9796
      vertex 12.0724 5.47238 39.881
    endloop
  endfacet
  facet normal -0.282674 0.854847 0.435122
    outer loop
      vertex 17.4426 3.69934 46.8538
      vertex 18.5096 3.57533 47.7906
      vertex 17.8007 3.78421 46.9197
    endloop
  endfacet
  facet normal -0.282661 0.854859 0.435109
    outer loop
      vertex 18.5096 3.57533 47.7906
      vertex 17.4426 3.69934 46.8538
      vertex 13.5448 2.02044 47.6202
    endloop
  endfacet
  facet normal -0.282669 0.854868 0.435086
    outer loop
      vertex 16.0046 3.41415 46.4799
      vertex 13.5448 2.02044 47.6202
      vertex 17.4426 3.69934 46.8538
    endloop
  endfacet
  facet normal -0.28259 0.85483 0.435211
    outer loop
      vertex 15.8031 3.38114 46.4139
      vertex 13.5448 2.02044 47.6202
      vertex 16.0046 3.41415 46.4799
    endloop
  endfacet
  facet normal -0.282688 0.854869 0.435071
    outer loop
      vertex 15.4163 3.32199 46.2788
      vertex 13.5448 2.02044 47.6202
      vertex 15.8031 3.38114 46.4139
    endloop
  endfacet
  facet normal -0.282671 0.854865 0.435091
    outer loop
      vertex 14.7178 3.22834 46.009
      vertex 13.5448 2.02044 47.6202
      vertex 15.4163 3.32199 46.2788
    endloop
  endfacet
  facet normal -0.282702 0.854865 0.435069
    outer loop
      vertex 13.9039 3.30246 45.3345
      vertex 13.5448 2.02044 47.6202
      vertex 14.7178 3.22834 46.009
    endloop
  endfacet
  facet normal -0.282443 0.854916 0.435138
    outer loop
      vertex 13.8025 3.31599 45.2421
      vertex 13.5448 2.02044 47.6202
      vertex 13.9039 3.30246 45.3345
    endloop
  endfacet
  facet normal -0.282705 0.854859 0.435078
    outer loop
      vertex 13.1295 3.56802 44.3096
      vertex 13.5448 2.02044 47.6202
      vertex 13.8025 3.31599 45.2421
    endloop
  endfacet
  facet normal -0.282606 0.854891 0.435081
    outer loop
      vertex 12.6828 3.89946 43.3682
      vertex 13.5448 2.02044 47.6202
      vertex 13.1295 3.56802 44.3096
    endloop
  endfacet
  facet normal -0.282649 0.854885 0.435065
    outer loop
      vertex 11.7779 5.19684 40.2311
      vertex 12.7033 4.96442 41.289
      vertex 12.9665 5.2089 40.9796
    endloop
  endfacet
  facet normal -0.282741 0.85482 0.435132
    outer loop
      vertex 11.7779 5.19684 40.2311
      vertex 12.5414 4.81395 41.4794
      vertex 12.7033 4.96442 41.289
    endloop
  endfacet
  facet normal -0.282615 0.854911 0.435036
    outer loop
      vertex 11.2553 4.94809 40.3803
      vertex 12.5375 4.80401 41.4964
      vertex 12.5414 4.81395 41.4794
    endloop
  endfacet
  facet normal -0.281725 0.855673 0.434113
    outer loop
      vertex 11.2553 4.94809 40.3803
      vertex 12.534 4.78642 41.5288
      vertex 12.5375 4.80401 41.4964
    endloop
  endfacet
  facet normal -0.282824 0.854755 0.435207
    outer loop
      vertex 11.1223 4.90505 40.3784
      vertex 12.534 4.78642 41.5288
      vertex 11.2553 4.94809 40.3803
    endloop
  endfacet
  facet normal -0.282714 0.854855 0.435082
    outer loop
      vertex 12.534 4.78642 41.5288
      vertex 11.1223 4.90505 40.3784
      vertex 12.6828 3.89946 43.3682
    endloop
  endfacet
  facet normal -0.282726 0.854848 0.435086
    outer loop
      vertex 12.6828 3.89946 43.3682
      vertex 11.1223 4.90505 40.3784
      vertex 13.5448 2.02044 47.6202
    endloop
  endfacet
  facet normal -0.356099 -0.826984 -0.435076
    outer loop
      vertex 13.7322 -4.59424 31.5722
      vertex 9.6769 -5.41345 36.4485
      vertex 11.3828 -3.70901 31.8125
    endloop
  endfacet
  facet normal 0.769105 -0.51343 -0.380615
    outer loop
      vertex 25.743 -0.381729 37
      vertex 21.9522 -2.35573 32.0028
      vertex 22.3026 -1.89059 32.0834
    endloop
  endfacet
  facet normal 0.769128 -0.513361 -0.38066
    outer loop
      vertex 19.2975 -9.37679 36.1076
      vertex 21.9522 -2.35573 32.0028
      vertex 25.743 -0.381729 37
    endloop
  endfacet
  facet normal 0.769101 -0.513541 -0.380472
    outer loop
      vertex 19.2407 -5.9557 31.379
      vertex 18.7852 -6.4471 31.1215
      vertex 19.103 -5.99908 31.1592
    endloop
  endfacet
  facet normal 0.769138 -0.513357 -0.380647
    outer loop
      vertex 21.9522 -2.35573 32.0028
      vertex 19.2975 -9.37679 36.1076
      vertex 19.2407 -5.9557 31.379
    endloop
  endfacet
  facet normal 0.76921 -0.513271 -0.380616
    outer loop
      vertex 18.7852 -6.4471 31.1215
      vertex 19.2975 -9.37679 36.1076
      vertex 18.7339 -6.47882 31.0606
    endloop
  endfacet
  facet normal 0.769082 -0.513411 -0.380686
    outer loop
      vertex 19.2407 -5.9557 31.379
      vertex 19.2975 -9.37679 36.1076
      vertex 18.7852 -6.4471 31.1215
    endloop
  endfacet
  facet normal -0.282666 0.854868 0.435086
    outer loop
      vertex 20.106 9.14087 37.8924
      vertex 16.4372 6.99374 39.7276
      vertex 17.3409 7.14745 40.0127
    endloop
  endfacet
  facet normal -0.282764 0.854909 0.434943
    outer loop
      vertex 20.106 9.14087 37.8924
      vertex 16.1455 6.92492 39.6732
      vertex 16.3034 6.97099 39.6853
    endloop
  endfacet
  facet normal -0.282674 0.854827 0.435162
    outer loop
      vertex 15.2496 6.66364 39.6046
      vertex 11.7844 5.82331 39.0044
      vertex 12.4538 5.82918 39.4277
    endloop
  endfacet
  facet normal -0.282627 0.854841 0.435165
    outer loop
      vertex 16.1455 6.92492 39.6732
      vertex 20.106 9.14087 37.8924
      vertex 15.2496 6.66364 39.6046
    endloop
  endfacet
  facet normal -0.282669 0.854876 0.435068
    outer loop
      vertex 15.2496 6.66364 39.6046
      vertex 10.1766 6.0311 37.5515
      vertex 11.7844 5.82331 39.0044
    endloop
  endfacet
  facet normal -0.282455 0.85491 0.43514
    outer loop
      vertex 20.106 9.14087 37.8924
      vertex 19.5304 7.26243 41.2093
      vertex 19.5676 7.26393 41.2305
    endloop
  endfacet
  facet normal -0.282668 0.854871 0.435081
    outer loop
      vertex 20.106 9.14087 37.8924
      vertex 17.4763 7.16312 40.0699
      vertex 19.5304 7.26243 41.2093
    endloop
  endfacet
  facet normal -0.282716 0.85488 0.435031
    outer loop
      vertex 20.106 9.14087 37.8924
      vertex 17.3409 7.14745 40.0127
      vertex 17.4763 7.16312 40.0699
    endloop
  endfacet
  facet normal -0.282835 0.854941 0.434833
    outer loop
      vertex 16.4372 6.99374 39.7276
      vertex 20.106 9.14087 37.8924
      vertex 16.3034 6.97099 39.6853
    endloop
  endfacet
  facet normal -0.282673 0.854871 0.435078
    outer loop
      vertex 15.2496 6.66364 39.6046
      vertex 20.106 9.14087 37.8924
      vertex 10.1766 6.0311 37.5515
    endloop
  endfacet
  facet normal -0.282708 0.854844 0.435107
    outer loop
      vertex 11.7844 5.82331 39.0044
      vertex 10.1766 6.0311 37.5515
      vertex 11.283 5.70503 38.911
    endloop
  endfacet
  facet normal -0.282689 0.854867 0.435074
    outer loop
      vertex 12.4538 5.82918 39.4277
      vertex 12.9665 5.2089 40.9796
      vertex 13.8895 6.06652 39.8942
    endloop
  endfacet
  facet normal -0.282651 0.854962 0.434911
    outer loop
      vertex 12.4538 5.82918 39.4277
      vertex 13.8895 6.06652 39.8942
      vertex 14.0648 6.16227 39.8199
    endloop
  endfacet
  facet normal -0.282678 0.854851 0.435114
    outer loop
      vertex 12.4538 5.82918 39.4277
      vertex 14.0648 6.16227 39.8199
      vertex 15.2496 6.66364 39.6046
    endloop
  endfacet
  facet normal -0.282656 0.854881 0.435069
    outer loop
      vertex 12.9665 5.2089 40.9796
      vertex 12.4538 5.82918 39.4277
      vertex 12.0724 5.47238 39.881
    endloop
  endfacet
  facet normal -0.282499 0.854897 0.435138
    outer loop
      vertex 18.4766 3.94439 47.0441
      vertex 18.5096 3.57533 47.7906
      vertex 18.628 3.98821 47.0563
    endloop
  endfacet
  facet normal -0.282673 0.854848 0.435122
    outer loop
      vertex 18.5096 3.57533 47.7906
      vertex 18.4766 3.94439 47.0441
      vertex 17.8007 3.78421 46.9197
    endloop
  endfacet
  facet normal 0.766361 -0.577092 0.282234
    outer loop
      vertex 21.8675 -3.40726 41.3369
      vertex 25.743 -0.381729 37
      vertex 21.6238 -3.24109 42.3384
    endloop
  endfacet
  facet normal 0.766354 -0.57711 0.282215
    outer loop
      vertex 21.9269 -3.61025 40.7605
      vertex 25.743 -0.381729 37
      vertex 21.8675 -3.40726 41.3369
    endloop
  endfacet
  facet normal 0.766345 -0.577137 0.282183
    outer loop
      vertex 21.4788 -4.93856 39.2607
      vertex 25.743 -0.381729 37
      vertex 21.9269 -3.61025 40.7605
    endloop
  endfacet
  facet normal 0.766346 -0.577072 0.282316
    outer loop
      vertex 21.3777 -5.11729 39.1698
      vertex 25.743 -0.381729 37
      vertex 21.4788 -4.93856 39.2607
    endloop
  endfacet
  facet normal 0.766348 -0.577167 0.282113
    outer loop
      vertex 21.132 -5.5514 38.9491
      vertex 25.743 -0.381729 37
      vertex 21.3777 -5.11729 39.1698
    endloop
  endfacet
  facet normal 0.766345 -0.577139 0.282181
    outer loop
      vertex 20.8248 -6.02561 38.8135
      vertex 25.743 -0.381729 37
      vertex 21.132 -5.5514 38.9491
    endloop
  endfacet
  facet normal 0.766348 -0.577156 0.282136
    outer loop
      vertex 20.8012 -6.06203 38.8031
      vertex 25.743 -0.381729 37
      vertex 20.8248 -6.02561 38.8135
    endloop
  endfacet
  facet normal 0.766383 -0.577102 0.282154
    outer loop
      vertex 19.2975 -9.37679 36.1076
      vertex 20.8012 -6.06203 38.8031
      vertex 20.2379 -6.79923 38.8253
    endloop
  endfacet
  facet normal 0.766281 -0.577182 0.282265
    outer loop
      vertex 19.2975 -9.37679 36.1076
      vertex 20.2379 -6.79923 38.8253
      vertex 19.9913 -7.09816 38.8835
    endloop
  endfacet
  facet normal 0.767674 -0.575981 0.280931
    outer loop
      vertex 19.2975 -9.37679 36.1076
      vertex 19.9913 -7.09816 38.8835
      vertex 19.9837 -7.10707 38.886
    endloop
  endfacet
  facet normal 0.766343 -0.577128 0.282208
    outer loop
      vertex 20.8012 -6.06203 38.8031
      vertex 19.2975 -9.37679 36.1076
      vertex 25.743 -0.381729 37
    endloop
  endfacet
  facet normal 0.766049 -0.577386 0.28248
    outer loop
      vertex 19.9534 -7.13866 38.9036
      vertex 19.2975 -9.37679 36.1076
      vertex 19.9837 -7.10707 38.886
    endloop
  endfacet
  facet normal 0.766341 -0.577131 0.282207
    outer loop
      vertex 19.2975 -9.37679 36.1076
      vertex 19.9534 -7.13866 38.9036
      vertex 18.8954 -8.13126 39.7467
    endloop
  endfacet
  facet normal 0.766477 -0.576822 0.282469
    outer loop
      vertex 18.1053 -5.68351 46.8983
      vertex 19.2496 -4.91417 45.3643
      vertex 19.3361 -4.82915 45.3032
    endloop
  endfacet
  facet normal 0.766321 -0.577173 0.282177
    outer loop
      vertex 19.2496 -4.91417 45.3643
      vertex 18.1053 -5.68351 46.8983
      vertex 18.1937 -5.9575 46.0978
    endloop
  endfacet
  facet normal 0.766336 -0.577143 0.282198
    outer loop
      vertex 21.3281 -1.18597 47.3445
      vertex 20.6081 -3.65815 44.2437
      vertex 21.5427 -3.18577 42.6718
    endloop
  endfacet
  facet normal 0.766325 -0.577152 0.282208
    outer loop
      vertex 21.3281 -1.18597 47.3445
      vertex 20.2564 -3.94416 44.6138
      vertex 20.6081 -3.65815 44.2437
    endloop
  endfacet
  facet normal 0.766408 -0.577089 0.282112
    outer loop
      vertex 21.3281 -1.18597 47.3445
      vertex 20.0672 -4.11599 44.7763
      vertex 20.2564 -3.94416 44.6138
    endloop
  endfacet
  facet normal 0.766418 -0.577082 0.282099
    outer loop
      vertex 21.3281 -1.18597 47.3445
      vertex 19.9544 -4.22151 44.8669
      vertex 20.0672 -4.11599 44.7763
    endloop
  endfacet
  facet normal 0.766332 -0.577139 0.282216
    outer loop
      vertex 21.3281 -1.18597 47.3445
      vertex 19.3361 -4.82915 45.3032
      vertex 19.9544 -4.22151 44.8669
    endloop
  endfacet
  facet normal 0.766342 -0.577134 0.282198
    outer loop
      vertex 19.3361 -4.82915 45.3032
      vertex 21.3281 -1.18597 47.3445
      vertex 18.1053 -5.68351 46.8983
    endloop
  endfacet
  facet normal 0.766342 -0.577136 0.282195
    outer loop
      vertex 21.5427 -3.18577 42.6718
      vertex 25.743 -0.381729 37
      vertex 21.3281 -1.18597 47.3445
    endloop
  endfacet
  facet normal 0.766332 -0.577157 0.282177
    outer loop
      vertex 25.743 -0.381729 37
      vertex 21.5427 -3.18577 42.6718
      vertex 21.6238 -3.24109 42.3384
    endloop
  endfacet
  facet normal -0.359112 -0.894437 0.266498
    outer loop
      vertex 11.9473 -5.77031 38.3098
      vertex 12.4987 -5.50386 39.9471
      vertex 11.5945 -5.47489 38.8259
    endloop
  endfacet
  facet normal -0.359039 -0.894472 0.266479
    outer loop
      vertex 12.4987 -5.50386 39.9471
      vertex 11.9473 -5.77031 38.3098
      vertex 13.3533 -6.2153 38.7105
    endloop
  endfacet
  facet normal -0.359019 -0.894514 0.266362
    outer loop
      vertex 13.3533 -6.2153 38.7105
      vertex 11.9473 -5.77031 38.3098
      vertex 13.5202 -6.30989 38.6178
    endloop
  endfacet
  facet normal -0.359033 -0.894459 0.266529
    outer loop
      vertex 11.9473 -5.77031 38.3098
      vertex 14.6591 -6.86144 38.301
      vertex 13.5202 -6.30989 38.6178
    endloop
  endfacet
  facet normal -0.359043 -0.894484 0.266433
    outer loop
      vertex 14.6591 -6.86144 38.301
      vertex 11.9473 -5.77031 38.3098
      vertex 11.2845 -5.62606 37.9009
    endloop
  endfacet
  facet normal -0.359044 -0.894472 0.266473
    outer loop
      vertex 9.6769 -5.41345 36.4485
      vertex 14.6591 -6.86144 38.301
      vertex 11.2845 -5.62606 37.9009
    endloop
  endfacet
  facet normal -0.359046 -0.894468 0.266482
    outer loop
      vertex 19.2975 -9.37679 36.1076
      vertex 14.6591 -6.86144 38.301
      vertex 9.6769 -5.41345 36.4485
    endloop
  endfacet
  facet normal -0.359042 -0.894473 0.266471
    outer loop
      vertex 9.6769 -5.41345 36.4485
      vertex 11.2845 -5.62606 37.9009
      vertex 10.796 -5.44931 37.836
    endloop
  endfacet
  facet normal -0.359084 -0.894475 0.266409
    outer loop
      vertex 14.6591 -6.86144 38.301
      vertex 19.2975 -9.37679 36.1076
      vertex 15.5284 -7.20738 38.3112
    endloop
  endfacet
  facet normal -0.35905 -0.894472 0.266464
    outer loop
      vertex 15.5284 -7.20738 38.3112
      vertex 19.2975 -9.37679 36.1076
      vertex 15.6817 -7.26838 38.313
    endloop
  endfacet
  facet normal -0.358808 -0.894455 0.266846
    outer loop
      vertex 15.6817 -7.26838 38.313
      vertex 19.2975 -9.37679 36.1076
      vertex 15.8127 -7.31022 38.3489
    endloop
  endfacet
  facet normal -0.359374 -0.894361 0.266398
    outer loop
      vertex 18.8587 -8.12253 39.7265
      vertex 19.2975 -9.37679 36.1076
      vertex 18.8954 -8.13126 39.7467
    endloop
  endfacet
  facet normal -0.359053 -0.894468 0.266474
    outer loop
      vertex 16.8304 -7.63083 38.644
      vertex 19.2975 -9.37679 36.1076
      vertex 18.8587 -8.12253 39.7265
    endloop
  endfacet
  facet normal -0.35888 -0.894484 0.266654
    outer loop
      vertex 16.6973 -7.59293 38.592
      vertex 19.2975 -9.37679 36.1076
      vertex 16.8304 -7.63083 38.644
    endloop
  endfacet
  facet normal -0.359083 -0.894469 0.266431
    outer loop
      vertex 15.8127 -7.31022 38.3489
      vertex 19.2975 -9.37679 36.1076
      vertex 16.6973 -7.59293 38.592
    endloop
  endfacet
  facet normal -0.359089 -0.894448 0.266491
    outer loop
      vertex 18.1053 -5.68351 46.8983
      vertex 18.0468 -5.89924 46.0954
      vertex 18.1937 -5.9575 46.0978
    endloop
  endfacet
  facet normal -0.359087 -0.894449 0.266492
    outer loop
      vertex 18.0468 -5.89924 46.0954
      vertex 18.1053 -5.68351 46.8983
      vertex 17.3884 -5.66054 46.0094
    endloop
  endfacet
  facet normal 0.81372 0.508155 -0.282202
    outer loop
      vertex 20.106 9.14087 37.8924
      vertex 19.6559 5.86968 30.7042
      vertex 19.0854 6.72359 30.5968
    endloop
  endfacet
  facet normal 0.813735 0.508135 -0.282194
    outer loop
      vertex 20.106 9.14087 37.8924
      vertex 21.7307 2.95725 31.4428
      vertex 19.6559 5.86968 30.7042
    endloop
  endfacet
  facet normal 0.813729 0.508141 -0.282202
    outer loop
      vertex 21.7307 2.95725 31.4428
      vertex 20.106 9.14087 37.8924
      vertex 25.743 -0.381729 37
    endloop
  endfacet
  facet normal 0.813791 0.507955 -0.282359
    outer loop
      vertex 25.743 -0.381729 37
      vertex 21.8519 2.78709 31.486
      vertex 21.7307 2.95725 31.4428
    endloop
  endfacet
  facet normal 0.81372 0.508162 -0.28219
    outer loop
      vertex 21.8519 2.78709 31.486
      vertex 25.743 -0.381729 37
      vertex 23.7132 0.174483 32.1485
    endloop
  endfacet
  facet normal -0.359167 -0.894392 0.266574
    outer loop
      vertex 10.5619 -5.3646 37.8048
      vertex 9.6769 -5.41345 36.4485
      vertex 10.796 -5.44931 37.836
    endloop
  endfacet
  facet normal -0.358966 -0.894511 0.266447
    outer loop
      vertex 9.6769 -5.41345 36.4485
      vertex 10.5619 -5.3646 37.8048
      vertex 10.1375 -5.19554 37.8006
    endloop
  endfacet
  facet normal -0.359052 -0.894469 0.26647
    outer loop
      vertex 17.0395 -5.53405 45.9639
      vertex 18.1053 -5.68351 46.8983
      vertex 13.295 -3.70183 47.0687
    endloop
  endfacet
  facet normal -0.359033 -0.894484 0.266447
    outer loop
      vertex 18.1053 -5.68351 46.8983
      vertex 17.0395 -5.53405 45.9639
      vertex 17.3884 -5.66054 46.0094
    endloop
  endfacet
  facet normal -0.359054 -0.894471 0.266463
    outer loop
      vertex 13.295 -3.70183 47.0687
      vertex 15.6346 -5.05971 45.6631
      vertex 17.0395 -5.53405 45.9639
    endloop
  endfacet
  facet normal -0.358996 -0.894466 0.266556
    outer loop
      vertex 13.295 -3.70183 47.0687
      vertex 15.4373 -4.99745 45.6063
      vertex 15.6346 -5.05971 45.6631
    endloop
  endfacet
  facet normal -0.359048 -0.894468 0.266481
    outer loop
      vertex 13.295 -3.70183 47.0687
      vertex 15.0582 -4.88046 45.4882
      vertex 15.4373 -4.99745 45.6063
    endloop
  endfacet
  facet normal -0.359068 -0.894467 0.266457
    outer loop
      vertex 13.295 -3.70183 47.0687
      vertex 14.3727 -4.67713 45.247
      vertex 15.0582 -4.88046 45.4882
    endloop
  endfacet
  facet normal -0.359033 -0.894474 0.266482
    outer loop
      vertex 13.295 -3.70183 47.0687
      vertex 13.561 -4.55075 44.5776
      vertex 14.3727 -4.67713 45.247
    endloop
  endfacet
  facet normal -0.359009 -0.894481 0.266487
    outer loop
      vertex 13.295 -3.70183 47.0687
      vertex 13.4596 -4.53761 44.4851
      vertex 13.561 -4.55075 44.5776
    endloop
  endfacet
  facet normal -0.359062 -0.894463 0.266478
    outer loop
      vertex 13.295 -3.70183 47.0687
      vertex 12.7751 -4.54818 43.5273
      vertex 13.4596 -4.53761 44.4851
    endloop
  endfacet
  facet normal -0.359036 -0.894474 0.266477
    outer loop
      vertex 13.295 -3.70183 47.0687
      vertex 12.3094 -4.65425 42.5438
      vertex 12.7751 -4.54818 43.5273
    endloop
  endfacet
  facet normal -0.359067 -0.894465 0.266465
    outer loop
      vertex 11.322 -5.24675 39.2245
      vertex 12.2551 -5.30105 40.2996
      vertex 12.1052 -5.17623 40.5166
    endloop
  endfacet
  facet normal -0.359023 -0.894479 0.266475
    outer loop
      vertex 10.6927 -4.93289 39.4303
      vertex 12.3094 -4.65425 42.5438
      vertex 13.295 -3.70183 47.0687
    endloop
  endfacet
  facet normal -0.359042 -0.894469 0.266484
    outer loop
      vertex 10.6927 -4.93289 39.4303
      vertex 12.0998 -5.15807 40.5703
      vertex 12.3094 -4.65425 42.5438
    endloop
  endfacet
  facet normal -0.35887 -0.894609 0.266244
    outer loop
      vertex 10.8216 -4.98683 39.4228
      vertex 12.0998 -5.15807 40.5703
      vertex 10.6927 -4.93289 39.4303
    endloop
  endfacet
  facet normal -0.358561 -0.894847 0.265864
    outer loop
      vertex 12.0998 -5.15807 40.5703
      vertex 10.8216 -4.98683 39.4228
      vertex 12.1021 -5.16942 40.5352
    endloop
  endfacet
  facet normal -0.359718 -0.893941 0.267345
    outer loop
      vertex 12.1021 -5.16942 40.5352
      vertex 10.8216 -4.98683 39.4228
      vertex 12.1052 -5.17623 40.5166
    endloop
  endfacet
  facet normal -0.359031 -0.894486 0.266444
    outer loop
      vertex 11.322 -5.24675 39.2245
      vertex 12.1052 -5.17623 40.5166
      vertex 10.8216 -4.98683 39.4228
    endloop
  endfacet
  facet normal -0.35908 -0.894456 0.266476
    outer loop
      vertex 12.2551 -5.30105 40.2996
      vertex 11.322 -5.24675 39.2245
      vertex 12.4987 -5.50386 39.9471
    endloop
  endfacet
  facet normal -0.359076 -0.89446 0.266468
    outer loop
      vertex 12.4987 -5.50386 39.9471
      vertex 11.322 -5.24675 39.2245
      vertex 11.5945 -5.47489 38.8259
    endloop
  endfacet
  facet normal -0.356103 -0.826981 -0.435079
    outer loop
      vertex 13.7322 -4.59424 31.5722
      vertex 19.2975 -9.37679 36.1076
      vertex 9.6769 -5.41345 36.4485
    endloop
  endfacet
  facet normal -0.356103 -0.826981 -0.435079
    outer loop
      vertex 16.7971 -5.74907 31.2587
      vertex 19.2975 -9.37679 36.1076
      vertex 13.7322 -4.59424 31.5722
    endloop
  endfacet
  facet normal -0.356093 -0.826982 -0.435085
    outer loop
      vertex 19.2975 -9.37679 36.1076
      vertex 16.7971 -5.74907 31.2587
      vertex 18.7339 -6.47882 31.0606
    endloop
  endfacet
  facet normal -0.944348 0.0721083 -0.320949
    outer loop
      vertex 12.3612 4.75362 30.8366
      vertex 11.2767 4.83021 34.0448
      vertex 10.1766 6.0311 37.5515
    endloop
  endfacet
  facet normal -0.944317 0.0725158 -0.320948
    outer loop
      vertex 12.3612 4.75362 30.8366
      vertex 11.3071 4.75871 33.9392
      vertex 11.2767 4.83021 34.0448
    endloop
  endfacet
  facet normal -0.944323 0.0724263 -0.32095
    outer loop
      vertex 12.3612 4.75362 30.8366
      vertex 11.3507 4.65627 33.7878
      vertex 11.3071 4.75871 33.9392
    endloop
  endfacet
  facet normal -0.944338 0.0721711 -0.320963
    outer loop
      vertex 12.3612 4.75362 30.8366
      vertex 11.3926 4.53832 33.638
      vertex 11.3507 4.65627 33.7878
    endloop
  endfacet
  facet normal -0.944339 0.0721433 -0.320966
    outer loop
      vertex 12.3612 4.75362 30.8366
      vertex 11.6559 3.71114 32.6774
      vertex 11.3926 4.53832 33.638
    endloop
  endfacet
  facet normal -0.944347 0.0722172 -0.320927
    outer loop
      vertex 11.8319 3.59511 32.1334
      vertex 11.6559 3.71114 32.6774
      vertex 12.3612 4.75362 30.8366
    endloop
  endfacet
  facet normal -0.944319 0.0724202 -0.320962
    outer loop
      vertex 11.6559 3.71114 32.6774
      vertex 11.8319 3.59511 32.1334
      vertex 11.7298 3.46528 32.4045
    endloop
  endfacet
  facet normal -0.944323 0.0722481 -0.320989
    outer loop
      vertex 10.6594 4.44081 35.7732
      vertex 10.1766 6.0311 37.5515
      vertex 11.2767 4.83021 34.0448
    endloop
  endfacet
  facet normal -0.944361 0.0721398 -0.320902
    outer loop
      vertex 10.4845 3.93503 36.1742
      vertex 10.1766 6.0311 37.5515
      vertex 10.6594 4.44081 35.7732
    endloop
  endfacet
  facet normal -0.944399 0.0720712 -0.320806
    outer loop
      vertex 10.446 3.81379 36.2603
      vertex 10.1766 6.0311 37.5515
      vertex 10.4845 3.93503 36.1742
    endloop
  endfacet
  facet normal -0.944277 0.0722685 -0.32112
    outer loop
      vertex 10.3682 3.5424 36.428
      vertex 10.1766 6.0311 37.5515
      vertex 10.446 3.81379 36.2603
    endloop
  endfacet
  facet normal -0.944346 0.0721806 -0.320937
    outer loop
      vertex 10.1109 2.36859 36.9211
      vertex 10.1766 6.0311 37.5515
      vertex 10.3682 3.5424 36.428
    endloop
  endfacet
  facet normal -0.944404 0.0721533 -0.320773
    outer loop
      vertex 10.1766 6.0311 37.5515
      vertex 10.1109 2.36859 36.9211
      vertex 9.99044 1.76774 37.1406
    endloop
  endfacet
  facet normal -0.944338 0.0722252 -0.320952
    outer loop
      vertex 11.303 -3.46116 32.1029
      vertex 11.0498 -3.3127 32.8813
      vertex 11.3579 -2.43895 32.1714
    endloop
  endfacet
  facet normal -0.944395 0.0717768 -0.320885
    outer loop
      vertex 11.303 -3.46116 32.1029
      vertex 10.9967 -3.45298 33.0062
      vertex 11.0498 -3.3127 32.8813
    endloop
  endfacet
  facet normal -0.944335 0.0726073 -0.320872
    outer loop
      vertex 11.303 -3.46116 32.1029
      vertex 10.9431 -3.57825 33.1356
      vertex 10.9967 -3.45298 33.0062
    endloop
  endfacet
  facet normal -0.944356 0.0719949 -0.320949
    outer loop
      vertex 11.3828 -3.70901 31.8125
      vertex 10.9431 -3.57825 33.1356
      vertex 11.303 -3.46116 32.1029
    endloop
  endfacet
  facet normal -0.944345 0.0721044 -0.320956
    outer loop
      vertex 10.9431 -3.57825 33.1356
      vertex 11.3828 -3.70901 31.8125
      vertex 10.9057 -3.66568 33.226
    endloop
  endfacet
  facet normal -0.944352 0.0721611 -0.320923
    outer loop
      vertex 9.93303 -1.70621 36.5284
      vertex 9.6769 -5.41345 36.4485
      vertex 9.86304 -1.15009 36.8594
    endloop
  endfacet
  facet normal -0.944333 0.072161 -0.320978
    outer loop
      vertex 10.0921 -2.78224 35.8185
      vertex 9.6769 -5.41345 36.4485
      vertex 9.93303 -1.70621 36.5284
    endloop
  endfacet
  facet normal -0.944377 0.0722008 -0.320841
    outer loop
      vertex 10.1475 -3.02235 35.6014
      vertex 9.6769 -5.41345 36.4485
      vertex 10.0921 -2.78224 35.8185
    endloop
  endfacet
  facet normal -0.944365 0.0721849 -0.32088
    outer loop
      vertex 10.1761 -3.12783 35.4935
      vertex 9.6769 -5.41345 36.4485
      vertex 10.1475 -3.02235 35.6014
    endloop
  endfacet
  facet normal -0.944322 0.0721152 -0.321023
    outer loop
      vertex 10.3101 -3.56108 35.002
      vertex 9.6769 -5.41345 36.4485
      vertex 10.1761 -3.12783 35.4935
    endloop
  endfacet
  facet normal -0.944343 0.0721826 -0.320946
    outer loop
      vertex 10.9057 -3.66568 33.226
      vertex 9.6769 -5.41345 36.4485
      vertex 10.3101 -3.56108 35.002
    endloop
  endfacet
  facet normal -0.944341 0.0721629 -0.320956
    outer loop
      vertex 9.6769 -5.41345 36.4485
      vertex 10.9057 -3.66568 33.226
      vertex 11.3828 -3.70901 31.8125
    endloop
  endfacet
  facet normal -0.279722 0.922358 -0.266478
    outer loop
      vertex 12.3612 4.75362 30.8366
      vertex 10.1766 6.0311 37.5515
      vertex 15.6005 5.7312 30.82
    endloop
  endfacet
  facet normal -0.488496 -0.446323 0.749778
    outer loop
      vertex 14.6754 -9.644 47.3874
      vertex 13.105 -9.50835 46.445
      vertex 13.9811 -10.6448 46.3393
    endloop
  endfacet
  facet normal 0.914416 -0.362799 -0.179499
    outer loop
      vertex 21.7222 -8.76435 44.4146
      vertex 21.0419 -10.3998 44.2545
      vertex 21.7188 -6.81218 40.4516
    endloop
  endfacet
  facet normal -0.956728 0.0137571 0.290658
    outer loop
      vertex 12.6378 -9.51055 44.9075
      vertex 13.1674 -8.07749 46.5829
      vertex 12.715 -7.74191 45.0779
    endloop
  endfacet
  facet normal -0.956717 0.0137064 0.290698
    outer loop
      vertex 13.1674 -8.07749 46.5829
      vertex 12.6378 -9.51055 44.9075
      vertex 13.105 -9.50835 46.445
    endloop
  endfacet
  facet normal -0.308524 -0.577519 0.755834
    outer loop
      vertex 14.6754 -9.644 47.3874
      vertex 13.9811 -10.6448 46.3393
      vertex 15.9086 -11.4214 46.5327
    endloop
  endfacet
  facet normal 0.835078 -0.214782 -0.506472
    outer loop
      vertex 22.2597 -5.10349 40.6182
      vertex 21.3777 -5.11729 39.1698
      vertex 21.4788 -4.93856 39.2607
    endloop
  endfacet
  facet normal 0.835045 -0.214961 -0.506451
    outer loop
      vertex 21.3777 -5.11729 39.1698
      vertex 22.2597 -5.10349 40.6182
      vertex 21.7188 -6.81218 40.4516
    endloop
  endfacet
  facet normal -0.135564 -0.670175 0.729717
    outer loop
      vertex 17.1868 -10.5052 47.6116
      vertex 15.9086 -11.4214 46.5327
      vertex 17.3674 -11.7436 46.5078
    endloop
  endfacet
  facet normal 0.882455 -0.392462 0.259321
    outer loop
      vertex 21.2197 -8.88902 45.9359
      vertex 21.0419 -10.3998 44.2545
      vertex 21.7222 -8.76435 44.4146
    endloop
  endfacet
  facet normal -0.664325 -0.649569 -0.369773
    outer loop
      vertex 13.9939 -10.3521 43.2969
      vertex 13.7208 -10.9153 44.7769
      vertex 13.7955 -8.39428 40.2141
    endloop
  endfacet
  facet normal -0.850575 -0.141355 -0.506498
    outer loop
      vertex 12.5116 -6.99964 40.3429
      vertex 12.2551 -5.30105 40.2996
      vertex 13.3911 -6.38465 38.6943
    endloop
  endfacet
  facet normal -0.850679 -0.141366 -0.50632
    outer loop
      vertex 12.2551 -5.30105 40.2996
      vertex 12.5116 -6.99964 40.3429
      vertex 12.1052 -5.17623 40.5166
    endloop
  endfacet
  facet normal -0.0443384 0.213607 0.975913
    outer loop
      vertex 17.2582 -8.87095 47.7691
      vertex 14.7358 -8.26011 47.5208
      vertex 16.6924 -8.94499 47.7596
    endloop
  endfacet
  facet normal -0.0442752 0.213848 0.975863
    outer loop
      vertex 15.2807 -8.18882 47.5299
      vertex 14.7358 -8.26011 47.5208
      vertex 17.2582 -8.87095 47.7691
    endloop
  endfacet
  facet normal 0.164757 -0.744559 -0.646906
    outer loop
      vertex 19.406 -10.5805 42.6949
      vertex 16.8304 -7.63083 38.644
      vertex 18.8587 -8.12253 39.7265
    endloop
  endfacet
  facet normal 0.164719 -0.744577 -0.646895
    outer loop
      vertex 16.8304 -7.63083 38.644
      vertex 19.406 -10.5805 42.6949
      vertex 15.6575 -7.82219 38.5656
    endloop
  endfacet
  facet normal -0.13561 -0.67014 0.729742
    outer loop
      vertex 16.6296 -10.3821 47.6211
      vertex 15.9086 -11.4214 46.5327
      vertex 17.1868 -10.5052 47.6116
    endloop
  endfacet
  facet normal 0.124184 -0.769347 -0.626645
    outer loop
      vertex 17.3807 -11.4397 43.3484
      vertex 15.6575 -7.82219 38.5656
      vertex 19.406 -10.5805 42.6949
    endloop
  endfacet
  facet normal -0.850582 -0.141406 -0.506473
    outer loop
      vertex 13.3911 -6.38465 38.6943
      vertex 12.4987 -5.50386 39.9471
      vertex 13.3533 -6.2153 38.7105
    endloop
  endfacet
  facet normal -0.850617 -0.141607 -0.506357
    outer loop
      vertex 12.4987 -5.50386 39.9471
      vertex 13.3911 -6.38465 38.6943
      vertex 12.2551 -5.30105 40.2996
    endloop
  endfacet
  facet normal -0.968362 0.01829 0.24888
    outer loop
      vertex 12.715 -7.74191 45.0779
      vertex 12.0918 -5.34147 42.4767
      vertex 12.6378 -9.51055 44.9075
    endloop
  endfacet
  facet normal 0.445262 -0.877905 0.176137
    outer loop
      vertex 21.0419 -10.3998 44.2545
      vertex 17.4415 -12.1005 44.8794
      vertex 19.4646 -11.2169 44.1692
    endloop
  endfacet
  facet normal -0.308517 -0.577517 0.755838
    outer loop
      vertex 16.6296 -10.3821 47.6211
      vertex 14.6754 -9.644 47.3874
      vertex 15.9086 -11.4214 46.5327
    endloop
  endfacet
  facet normal 0.364403 0.395893 0.8429
    outer loop
      vertex 20.0672 -4.11599 44.7763
      vertex 20.7868 -7.52299 46.0654
      vertex 20.2564 -3.94416 44.6138
    endloop
  endfacet
  facet normal 0.364511 0.395897 0.842851
    outer loop
      vertex 20.7868 -7.52299 46.0654
      vertex 20.0672 -4.11599 44.7763
      vertex 19.7516 -8.40098 46.9255
    endloop
  endfacet
  facet normal -0.454382 0.33558 0.82518
    outer loop
      vertex 14.7358 -8.26011 47.5208
      vertex 13.1674 -8.07749 46.5829
      vertex 14.3646 -8.66338 47.4804
    endloop
  endfacet
  facet normal 0.249155 -0.885537 -0.392104
    outer loop
      vertex 17.4415 -12.1005 44.8794
      vertex 17.3807 -11.4397 43.3484
      vertex 19.406 -10.5805 42.6949
    endloop
  endfacet
  facet normal 0.27925 -0.615889 0.736682
    outer loop
      vertex 18.6926 -11.0571 46.5794
      vertex 17.1868 -10.5052 47.6116
      vertex 17.3674 -11.7436 46.5078
    endloop
  endfacet
  facet normal -0.989323 -0.144616 -0.018064
    outer loop
      vertex 12.1021 -5.16942 40.5352
      vertex 12.0918 -5.34147 42.4767
      vertex 12.0998 -5.15807 40.5703
    endloop
  endfacet
  facet normal -0.990001 -0.139948 -0.0176539
    outer loop
      vertex 12.0918 -5.34147 42.4767
      vertex 12.1021 -5.16942 40.5352
      vertex 12.6378 -9.51055 44.9075
    endloop
  endfacet
  facet normal -0.497488 -0.0281038 -0.867016
    outer loop
      vertex 13.3911 -6.38465 38.6943
      vertex 13.3533 -6.2153 38.7105
      vertex 13.5202 -6.30989 38.6178
    endloop
  endfacet
  facet normal -0.205602 -0.901448 -0.380946
    outer loop
      vertex 17.3807 -11.4397 43.3484
      vertex 15.6383 -11.7023 44.9102
      vertex 15.9219 -11.1175 43.3733
    endloop
  endfacet
  facet normal -0.326696 -0.861734 -0.38818
    outer loop
      vertex 15.6383 -11.7023 44.9102
      vertex 13.7208 -10.9153 44.7769
      vertex 15.9219 -11.1175 43.3733
    endloop
  endfacet
  facet normal 0.94828 0.031843 0.315835
    outer loop
      vertex 22.2519 -5.28193 42.4731
      vertex 21.2197 -8.88902 45.9359
      vertex 21.7222 -8.76435 44.4146
    endloop
  endfacet
  facet normal 0.889466 0.157362 0.429053
    outer loop
      vertex 21.862 -3.53259 42.6398
      vertex 21.2197 -8.88902 45.9359
      vertex 22.2519 -5.28193 42.4731
    endloop
  endfacet
  facet normal 0.98765 -0.156295 -0.0108824
    outer loop
      vertex 22.2519 -5.28193 42.4731
      vertex 21.7222 -8.76435 44.4146
      vertex 22.2597 -5.10349 40.6182
    endloop
  endfacet
  facet normal 0.831828 0.215104 0.511657
    outer loop
      vertex 21.862 -3.53259 42.6398
      vertex 20.7868 -7.52299 46.0654
      vertex 21.2197 -8.88902 45.9359
    endloop
  endfacet
  facet normal 0.366498 0.0279503 0.929999
    outer loop
      vertex 19.7516 -8.40098 46.9255
      vertex 17.7396 -9.17629 47.7417
      vertex 19.917 -8.92276 46.876
    endloop
  endfacet
  facet normal 0.442989 -0.816594 -0.370048
    outer loop
      vertex 21.0419 -10.3998 44.2545
      vertex 19.406 -10.5805 42.6949
      vertex 20.6822 -9.91945 42.7639
    endloop
  endfacet
  facet normal 0.976249 0.215225 0.0248242
    outer loop
      vertex 22.2519 -5.28193 42.4731
      vertex 21.8675 -3.40726 41.3369
      vertex 21.862 -3.53259 42.6398
    endloop
  endfacet
  facet normal 0.976251 0.215216 0.0248088
    outer loop
      vertex 22.2597 -5.10349 40.6182
      vertex 21.8675 -3.40726 41.3369
      vertex 22.2519 -5.28193 42.4731
    endloop
  endfacet
  facet normal 0.976252 0.215214 0.0248146
    outer loop
      vertex 21.8675 -3.40726 41.3369
      vertex 22.2597 -5.10349 40.6182
      vertex 21.9269 -3.61025 40.7605
    endloop
  endfacet
  facet normal 0.452503 -0.271394 0.849462
    outer loop
      vertex 17.9113 -9.71814 47.6903
      vertex 17.693 -10.243 47.6389
      vertex 19.7068 -9.42814 46.8265
    endloop
  endfacet
  facet normal -0.0819362 0.517437 0.851789
    outer loop
      vertex 15.4373 -4.99745 45.6063
      vertex 15.2807 -8.18882 47.5299
      vertex 15.6346 -5.05971 45.6631
    endloop
  endfacet
  facet normal -0.0819222 0.517437 0.851791
    outer loop
      vertex 15.2807 -8.18882 47.5299
      vertex 15.4373 -4.99745 45.6063
      vertex 14.7358 -8.26011 47.5208
    endloop
  endfacet
  facet normal -0.0104811 0.513188 0.858212
    outer loop
      vertex 15.6346 -5.05971 45.6631
      vertex 15.2807 -8.18882 47.5299
      vertex 17.0395 -5.53405 45.9639
    endloop
  endfacet
  facet normal -0.974152 -0.208939 -0.08586
    outer loop
      vertex 12.5116 -6.99964 40.3429
      vertex 12.1021 -5.16942 40.5352
      vertex 12.1052 -5.17623 40.5166
    endloop
  endfacet
  facet normal -0.974024 -0.208699 -0.0878724
    outer loop
      vertex 12.1021 -5.16942 40.5352
      vertex 12.5116 -6.99964 40.3429
      vertex 12.6378 -9.51055 44.9075
    endloop
  endfacet
  facet normal 0.179726 -0.741146 -0.64684
    outer loop
      vertex 19.406 -10.5805 42.6949
      vertex 18.8587 -8.12253 39.7265
      vertex 18.8954 -8.13126 39.7467
    endloop
  endfacet
  facet normal 0.179853 -0.741117 -0.646837
    outer loop
      vertex 19.406 -10.5805 42.6949
      vertex 18.8954 -8.13126 39.7467
      vertex 19.9534 -7.13866 38.9036
    endloop
  endfacet
  facet normal 0.397886 -0.707134 -0.584507
    outer loop
      vertex 19.9534 -7.13866 38.9036
      vertex 20.6822 -9.91945 42.7639
      vertex 19.406 -10.5805 42.6949
    endloop
  endfacet
  facet normal 0.39777 -0.707186 -0.584522
    outer loop
      vertex 20.6822 -9.91945 42.7639
      vertex 19.9534 -7.13866 38.9036
      vertex 19.9837 -7.10707 38.886
    endloop
  endfacet
  facet normal -0.207997 -0.957387 0.200368
    outer loop
      vertex 17.3674 -11.7436 46.5078
      vertex 15.6383 -11.7023 44.9102
      vertex 17.4415 -12.1005 44.8794
    endloop
  endfacet
  facet normal -0.205576 -0.901464 -0.38092
    outer loop
      vertex 17.4415 -12.1005 44.8794
      vertex 15.6383 -11.7023 44.9102
      vertex 17.3807 -11.4397 43.3484
    endloop
  endfacet
  facet normal -0.949147 0.0827519 0.303763
    outer loop
      vertex 13.1674 -8.07749 46.5829
      vertex 12.0918 -5.34147 42.4767
      vertex 12.715 -7.74191 45.0779
    endloop
  endfacet
  facet normal -0.886709 0.242322 0.393734
    outer loop
      vertex 12.0918 -5.34147 42.4767
      vertex 12.7751 -4.54818 43.5273
      vertex 12.3094 -4.65425 42.5438
    endloop
  endfacet
  facet normal -0.886709 0.242323 0.393733
    outer loop
      vertex 12.7751 -4.54818 43.5273
      vertex 12.0918 -5.34147 42.4767
      vertex 13.1674 -8.07749 46.5829
    endloop
  endfacet
  facet normal -0.953751 0.299571 0.0248171
    outer loop
      vertex 12.0998 -5.15807 40.5703
      vertex 12.0918 -5.34147 42.4767
      vertex 12.3094 -4.65425 42.5438
    endloop
  endfacet
  facet normal 0.114732 -0.416509 -0.901863
    outer loop
      vertex 16.6973 -7.59293 38.592
      vertex 15.6575 -7.82219 38.5656
      vertex 15.8127 -7.31022 38.3489
    endloop
  endfacet
  facet normal -0.2066 -0.247258 0.946668
    outer loop
      vertex 16.2821 -9.93132 47.663
      vertex 14.6754 -9.644 47.3874
      vertex 16.6296 -10.3821 47.6211
    endloop
  endfacet
  facet normal 0.453403 -0.865356 0.213507
    outer loop
      vertex 20.6694 -10.2121 45.8063
      vertex 18.6926 -11.0571 46.5794
      vertex 21.0419 -10.3998 44.2545
    endloop
  endfacet
  facet normal 0.4799 -0.415962 0.772445
    outer loop
      vertex 19.7068 -9.42814 46.8265
      vertex 18.6926 -11.0571 46.5794
      vertex 20.6694 -10.2121 45.8063
    endloop
  endfacet
  facet normal 0.821281 0.22776 0.52309
    outer loop
      vertex 21.0289 -4.11522 44.2015
      vertex 20.7868 -7.52299 46.0654
      vertex 21.862 -3.53259 42.6398
    endloop
  endfacet
  facet normal 0.947636 -0.286159 -0.141774
    outer loop
      vertex 21.7222 -8.76435 44.4146
      vertex 21.7188 -6.81218 40.4516
      vertex 22.2597 -5.10349 40.6182
    endloop
  endfacet
  facet normal 0.579986 0.107245 0.807536
    outer loop
      vertex 20.7868 -7.52299 46.0654
      vertex 19.7516 -8.40098 46.9255
      vertex 21.2197 -8.88902 45.9359
    endloop
  endfacet
  facet normal 0.499359 0.388222 0.774548
    outer loop
      vertex 20.2564 -3.94416 44.6138
      vertex 21.0289 -4.11522 44.2015
      vertex 20.6081 -3.65815 44.2437
    endloop
  endfacet
  facet normal 0.499361 0.388178 0.774568
    outer loop
      vertex 21.0289 -4.11522 44.2015
      vertex 20.2564 -3.94416 44.6138
      vertex 20.7868 -7.52299 46.0654
    endloop
  endfacet
  facet normal 0.854667 0.234616 -0.463141
    outer loop
      vertex 22.2597 -5.10349 40.6182
      vertex 21.4788 -4.93856 39.2607
      vertex 21.9269 -3.61025 40.7605
    endloop
  endfacet
  facet normal 0.492859 -0.0717506 -0.867146
    outer loop
      vertex 20.9396 -6.15917 38.8898
      vertex 20.8012 -6.06203 38.8031
      vertex 20.8248 -6.02561 38.8135
    endloop
  endfacet
  facet normal 0.774692 -0.522967 -0.35547
    outer loop
      vertex 21.0419 -10.3998 44.2545
      vertex 20.6822 -9.91945 42.7639
      vertex 21.7188 -6.81218 40.4516
    endloop
  endfacet
  facet normal -0.117959 0.00923501 0.992976
    outer loop
      vertex 16.6924 -8.94499 47.7596
      vertex 14.7358 -8.26011 47.5208
      vertex 16.3069 -9.36376 47.7177
    endloop
  endfacet
  facet normal 0.279271 -0.615861 0.736698
    outer loop
      vertex 17.693 -10.243 47.6389
      vertex 17.1868 -10.5052 47.6116
      vertex 18.6926 -11.0571 46.5794
    endloop
  endfacet
  facet normal -0.754718 0.379455 0.535178
    outer loop
      vertex 13.4596 -4.53761 44.4851
      vertex 12.7751 -4.54818 43.5273
      vertex 13.1674 -8.07749 46.5829
    endloop
  endfacet
  facet normal -0.137891 0.528667 0.837554
    outer loop
      vertex 14.3727 -4.67713 45.247
      vertex 14.1393 -7.02174 46.6885
      vertex 15.0582 -4.88046 45.4882
    endloop
  endfacet
  facet normal -0.567716 0.453859 0.686812
    outer loop
      vertex 13.4596 -4.53761 44.4851
      vertex 14.1393 -7.02174 46.6885
      vertex 13.561 -4.55075 44.5776
    endloop
  endfacet
  facet normal -0.567672 0.453887 0.68683
    outer loop
      vertex 14.1393 -7.02174 46.6885
      vertex 13.4596 -4.53761 44.4851
      vertex 13.1674 -8.07749 46.5829
    endloop
  endfacet
  facet normal -0.326711 -0.861717 -0.388205
    outer loop
      vertex 15.9219 -11.1175 43.3733
      vertex 13.7208 -10.9153 44.7769
      vertex 13.9939 -10.3521 43.2969
    endloop
  endfacet
  facet normal -0.759865 -0.607368 0.23175
    outer loop
      vertex 13.9811 -10.6448 46.3393
      vertex 12.6378 -9.51055 44.9075
      vertex 13.7208 -10.9153 44.7769
    endloop
  endfacet
  facet normal 0.148109 -0.579454 -0.801434
    outer loop
      vertex 16.8304 -7.63083 38.644
      vertex 15.6575 -7.82219 38.5656
      vertex 16.6973 -7.59293 38.592
    endloop
  endfacet
  facet normal 0.249098 -0.885532 -0.392152
    outer loop
      vertex 19.4646 -11.2169 44.1692
      vertex 17.4415 -12.1005 44.8794
      vertex 19.406 -10.5805 42.6949
    endloop
  endfacet
  facet normal 0.443022 -0.816558 -0.370087
    outer loop
      vertex 19.4646 -11.2169 44.1692
      vertex 19.406 -10.5805 42.6949
      vertex 21.0419 -10.3998 44.2545
    endloop
  endfacet
  facet normal 0.440554 -0.87251 0.211277
    outer loop
      vertex 19.0795 -11.252 44.9679
      vertex 17.3674 -11.7436 46.5078
      vertex 17.4415 -12.1005 44.8794
    endloop
  endfacet
  facet normal 0.445258 -0.87792 0.176074
    outer loop
      vertex 19.0795 -11.252 44.9679
      vertex 17.4415 -12.1005 44.8794
      vertex 21.0419 -10.3998 44.2545
    endloop
  endfacet
  facet normal 0.493083 -0.0714971 -0.867039
    outer loop
      vertex 20.9396 -6.15917 38.8898
      vertex 20.8248 -6.02561 38.8135
      vertex 21.132 -5.5514 38.9491
    endloop
  endfacet
  facet normal 0.737078 0.672399 0.0677916
    outer loop
      vertex 21.6238 -3.24109 42.3384
      vertex 21.862 -3.53259 42.6398
      vertex 21.8675 -3.40726 41.3369
    endloop
  endfacet
  facet normal 0.737109 0.67237 0.0677386
    outer loop
      vertex 21.862 -3.53259 42.6398
      vertex 21.6238 -3.24109 42.3384
      vertex 21.5427 -3.18577 42.6718
    endloop
  endfacet
  facet normal -0.77065 -0.567115 -0.290654
    outer loop
      vertex 12.6378 -9.51055 44.9075
      vertex 12.5116 -6.99964 40.3429
      vertex 13.7208 -10.9153 44.7769
    endloop
  endfacet
  facet normal -0.759873 -0.60735 0.231772
    outer loop
      vertex 13.105 -9.50835 46.445
      vertex 12.6378 -9.51055 44.9075
      vertex 13.9811 -10.6448 46.3393
    endloop
  endfacet
  facet normal 0.882471 -0.39244 0.2593
    outer loop
      vertex 21.2197 -8.88902 45.9359
      vertex 20.6694 -10.2121 45.8063
      vertex 21.0419 -10.3998 44.2545
    endloop
  endfacet
  facet normal 0.561827 -0.30885 0.767439
    outer loop
      vertex 21.2197 -8.88902 45.9359
      vertex 19.7068 -9.42814 46.8265
      vertex 20.6694 -10.2121 45.8063
    endloop
  endfacet
  facet normal 0.452503 -0.271408 0.849458
    outer loop
      vertex 19.917 -8.92276 46.876
      vertex 17.9113 -9.71814 47.6903
      vertex 19.7068 -9.42814 46.8265
    endloop
  endfacet
  facet normal 0.440568 -0.872498 0.211297
    outer loop
      vertex 18.6926 -11.0571 46.5794
      vertex 17.3674 -11.7436 46.5078
      vertex 19.0795 -11.252 44.9679
    endloop
  endfacet
  facet normal 0.453411 -0.865349 0.213516
    outer loop
      vertex 21.0419 -10.3998 44.2545
      vertex 18.6926 -11.0571 46.5794
      vertex 19.0795 -11.252 44.9679
    endloop
  endfacet
  facet normal 0.641719 0.540606 0.544005
    outer loop
      vertex 20.6081 -3.65815 44.2437
      vertex 21.862 -3.53259 42.6398
      vertex 21.5427 -3.18577 42.6718
    endloop
  endfacet
  facet normal 0.641732 0.540582 0.544014
    outer loop
      vertex 21.862 -3.53259 42.6398
      vertex 20.6081 -3.65815 44.2437
      vertex 21.0289 -4.11522 44.2015
    endloop
  endfacet
  facet normal 0.350322 -0.294459 -0.889139
    outer loop
      vertex 20.9396 -6.15917 38.8898
      vertex 20.2379 -6.79923 38.8253
      vertex 20.8012 -6.06203 38.8031
    endloop
  endfacet
  facet normal 0.594907 -0.598085 -0.53701
    outer loop
      vertex 20.6822 -9.91945 42.7639
      vertex 20.392 -8.02239 40.3296
      vertex 21.7188 -6.81218 40.4516
    endloop
  endfacet
  facet normal 0.553583 -0.6236 -0.551968
    outer loop
      vertex 19.9837 -7.10707 38.886
      vertex 20.392 -8.02239 40.3296
      vertex 20.6822 -9.91945 42.7639
    endloop
  endfacet
  facet normal 0.551318 -0.625247 -0.552372
    outer loop
      vertex 20.392 -8.02239 40.3296
      vertex 19.9837 -7.10707 38.886
      vertex 19.9913 -7.09816 38.8835
    endloop
  endfacet
  facet normal 0.188355 0.439103 0.878471
    outer loop
      vertex 19.3361 -4.82915 45.3032
      vertex 19.2881 -8.10695 46.9519
      vertex 19.9544 -4.22151 44.8669
    endloop
  endfacet
  facet normal 0.188913 0.439049 0.878378
    outer loop
      vertex 19.2496 -4.91417 45.3643
      vertex 19.2881 -8.10695 46.9519
      vertex 19.3361 -4.82915 45.3032
    endloop
  endfacet
  facet normal 0.188395 0.439088 0.87847
    outer loop
      vertex 19.2881 -8.10695 46.9519
      vertex 19.2496 -4.91417 45.3643
      vertex 17.2582 -8.87095 47.7691
    endloop
  endfacet
  facet normal 0.250833 0.313271 0.915939
    outer loop
      vertex 19.2881 -8.10695 46.9519
      vertex 17.2582 -8.87095 47.7691
      vertex 17.7396 -9.17629 47.7417
    endloop
  endfacet
  facet normal -0.50934 0.486944 0.709548
    outer loop
      vertex 14.3727 -4.67713 45.247
      vertex 13.561 -4.55075 44.5776
      vertex 14.1393 -7.02174 46.6885
    endloop
  endfacet
  facet normal -0.704608 -0.616153 -0.35197
    outer loop
      vertex 13.7208 -10.9153 44.7769
      vertex 12.5116 -6.99964 40.3429
      vertex 13.7955 -8.39428 40.2141
    endloop
  endfacet
  facet normal -0.260407 -0.782433 -0.565674
    outer loop
      vertex 15.6077 -8.96336 40.167
      vertex 13.7955 -8.39428 40.2141
      vertex 14.3309 -7.4056 38.6001
    endloop
  endfacet
  facet normal -0.208031 -0.957372 0.200405
    outer loop
      vertex 15.9086 -11.4214 46.5327
      vertex 15.6383 -11.7023 44.9102
      vertex 17.3674 -11.7436 46.5078
    endloop
  endfacet
  facet normal -0.383466 -0.897163 0.219207
    outer loop
      vertex 15.9086 -11.4214 46.5327
      vertex 13.9811 -10.6448 46.3393
      vertex 15.6383 -11.7023 44.9102
    endloop
  endfacet
  facet normal 0.834963 -0.21505 -0.506547
    outer loop
      vertex 21.7188 -6.81218 40.4516
      vertex 21.132 -5.5514 38.9491
      vertex 21.3777 -5.11729 39.1698
    endloop
  endfacet
  facet normal 0.835038 -0.214929 -0.506475
    outer loop
      vertex 21.132 -5.5514 38.9491
      vertex 21.7188 -6.81218 40.4516
      vertex 20.9396 -6.15917 38.8898
    endloop
  endfacet
  facet normal -0.303121 -0.813145 -0.496903
    outer loop
      vertex 13.9939 -10.3521 43.2969
      vertex 13.7955 -8.39428 40.2141
      vertex 15.9219 -11.1175 43.3733
    endloop
  endfacet
  facet normal -0.383462 -0.897164 0.219213
    outer loop
      vertex 13.9811 -10.6448 46.3393
      vertex 13.7208 -10.9153 44.7769
      vertex 15.6383 -11.7023 44.9102
    endloop
  endfacet
  facet normal -0.150488 -0.404808 -0.901934
    outer loop
      vertex 15.6575 -7.82219 38.5656
      vertex 15.5284 -7.20738 38.3112
      vertex 15.6817 -7.26838 38.313
    endloop
  endfacet
  facet normal 0.114192 -0.416396 -0.901983
    outer loop
      vertex 15.8127 -7.31022 38.3489
      vertex 15.6575 -7.82219 38.5656
      vertex 15.6817 -7.26838 38.313
    endloop
  endfacet
  facet normal -0.641757 -0.540553 -0.544013
    outer loop
      vertex 14.3309 -7.4056 38.6001
      vertex 12.5116 -6.99964 40.3429
      vertex 13.3911 -6.38465 38.6943
    endloop
  endfacet
  facet normal -0.641756 -0.540557 -0.544011
    outer loop
      vertex 12.5116 -6.99964 40.3429
      vertex 14.3309 -7.4056 38.6001
      vertex 13.7955 -8.39428 40.2141
    endloop
  endfacet
  facet normal -0.206589 -0.247177 0.946691
    outer loop
      vertex 16.2821 -9.93132 47.663
      vertex 14.3407 -9.20991 47.4277
      vertex 14.6754 -9.644 47.3874
    endloop
  endfacet
  facet normal 0.479927 -0.415975 0.772421
    outer loop
      vertex 19.7068 -9.42814 46.8265
      vertex 17.693 -10.243 47.6389
      vertex 18.6926 -11.0571 46.5794
    endloop
  endfacet
  facet normal 0.366502 0.0279164 0.929998
    outer loop
      vertex 19.917 -8.92276 46.876
      vertex 17.7396 -9.17629 47.7417
      vertex 17.9113 -9.71814 47.6903
    endloop
  endfacet
  facet normal 0.592215 -0.594428 -0.544001
    outer loop
      vertex 20.392 -8.02239 40.3296
      vertex 20.9396 -6.15917 38.8898
      vertex 21.7188 -6.81218 40.4516
    endloop
  endfacet
  facet normal 0.592194 -0.594441 -0.54401
    outer loop
      vertex 20.2379 -6.79923 38.8253
      vertex 20.392 -8.02239 40.3296
      vertex 19.9913 -7.09816 38.8835
    endloop
  endfacet
  facet normal 0.592215 -0.594428 -0.544001
    outer loop
      vertex 20.392 -8.02239 40.3296
      vertex 20.2379 -6.79923 38.8253
      vertex 20.9396 -6.15917 38.8898
    endloop
  endfacet
  facet normal 0.0588176 0.477987 0.876395
    outer loop
      vertex 17.3884 -5.66054 46.0094
      vertex 17.2582 -8.87095 47.7691
      vertex 18.0468 -5.89924 46.0954
    endloop
  endfacet
  facet normal 0.0589699 0.477918 0.876423
    outer loop
      vertex 15.2807 -8.18882 47.5299
      vertex 17.3884 -5.66054 46.0094
      vertex 17.0395 -5.53405 45.9639
    endloop
  endfacet
  facet normal 0.0588693 0.477984 0.876394
    outer loop
      vertex 17.3884 -5.66054 46.0094
      vertex 15.2807 -8.18882 47.5299
      vertex 17.2582 -8.87095 47.7691
    endloop
  endfacet
  facet normal 0.164316 0.450601 0.877473
    outer loop
      vertex 18.1937 -5.9575 46.0978
      vertex 17.2582 -8.87095 47.7691
      vertex 19.2496 -4.91417 45.3643
    endloop
  endfacet
  facet normal 0.164364 0.450585 0.877472
    outer loop
      vertex 17.2582 -8.87095 47.7691
      vertex 18.1937 -5.9575 46.0978
      vertex 18.0468 -5.89924 46.0954
    endloop
  endfacet
  facet normal -0.152101 -0.0882723 0.984415
    outer loop
      vertex 14.3407 -9.20991 47.4277
      vertex 16.3069 -9.36376 47.7177
      vertex 14.3646 -8.66338 47.4804
    endloop
  endfacet
  facet normal -0.152098 -0.0882298 0.984419
    outer loop
      vertex 16.3069 -9.36376 47.7177
      vertex 14.3407 -9.20991 47.4277
      vertex 16.2821 -9.93132 47.663
    endloop
  endfacet
  facet normal 0.250869 0.313223 0.915945
    outer loop
      vertex 19.2881 -8.10695 46.9519
      vertex 17.7396 -9.17629 47.7417
      vertex 19.7516 -8.40098 46.9255
    endloop
  endfacet
  facet normal 0.308224 0.408269 0.859252
    outer loop
      vertex 19.9544 -4.22151 44.8669
      vertex 19.7516 -8.40098 46.9255
      vertex 20.0672 -4.11599 44.7763
    endloop
  endfacet
  facet normal 0.307968 0.408316 0.859322
    outer loop
      vertex 19.7516 -8.40098 46.9255
      vertex 19.9544 -4.22151 44.8669
      vertex 19.2881 -8.10695 46.9519
    endloop
  endfacet
  facet normal -0.260417 -0.782434 -0.565667
    outer loop
      vertex 15.6077 -8.96336 40.167
      vertex 14.3309 -7.4056 38.6001
      vertex 15.6575 -7.82219 38.5656
    endloop
  endfacet
  facet normal -0.0905109 -0.809704 -0.579816
    outer loop
      vertex 17.3807 -11.4397 43.3484
      vertex 15.6077 -8.96336 40.167
      vertex 15.6575 -7.82219 38.5656
    endloop
  endfacet
  facet normal -0.15058 -0.404819 -0.901913
    outer loop
      vertex 14.3309 -7.4056 38.6001
      vertex 15.5284 -7.20738 38.3112
      vertex 15.6575 -7.82219 38.5656
    endloop
  endfacet
  facet normal -0.150555 -0.404915 -0.901874
    outer loop
      vertex 15.5284 -7.20738 38.3112
      vertex 14.3309 -7.4056 38.6001
      vertex 14.6591 -6.86144 38.301
    endloop
  endfacet
  facet normal -0.374601 -0.262799 -0.889163
    outer loop
      vertex 14.3309 -7.4056 38.6001
      vertex 13.5202 -6.30989 38.6178
      vertex 14.6591 -6.86144 38.301
    endloop
  endfacet
  facet normal -0.374657 -0.262841 -0.889127
    outer loop
      vertex 13.5202 -6.30989 38.6178
      vertex 14.3309 -7.4056 38.6001
      vertex 13.3911 -6.38465 38.6943
    endloop
  endfacet
  facet normal -0.614378 -0.049101 0.787483
    outer loop
      vertex 13.105 -9.50835 46.445
      vertex 14.3646 -8.66338 47.4804
      vertex 13.1674 -8.07749 46.5829
    endloop
  endfacet
  facet normal -0.614394 -0.0490656 0.787473
    outer loop
      vertex 14.3646 -8.66338 47.4804
      vertex 13.105 -9.50835 46.445
      vertex 14.3407 -9.20991 47.4277
    endloop
  endfacet
  facet normal -0.488507 -0.446268 0.749804
    outer loop
      vertex 14.3407 -9.20991 47.4277
      vertex 13.105 -9.50835 46.445
      vertex 14.6754 -9.644 47.3874
    endloop
  endfacet
  facet normal 0.561827 -0.308845 0.767441
    outer loop
      vertex 19.917 -8.92276 46.876
      vertex 19.7068 -9.42814 46.8265
      vertex 21.2197 -8.88902 45.9359
    endloop
  endfacet
  facet normal 0.579986 0.107242 0.807537
    outer loop
      vertex 21.2197 -8.88902 45.9359
      vertex 19.7516 -8.40098 46.9255
      vertex 19.917 -8.92276 46.876
    endloop
  endfacet
  facet normal -0.118015 0.00915333 0.99297
    outer loop
      vertex 14.7358 -8.26011 47.5208
      vertex 14.3646 -8.66338 47.4804
      vertex 16.3069 -9.36376 47.7177
    endloop
  endfacet
  facet normal -0.103737 0.519835 0.847945
    outer loop
      vertex 14.1393 -7.02174 46.6885
      vertex 15.4373 -4.99745 45.6063
      vertex 15.0582 -4.88046 45.4882
    endloop
  endfacet
  facet normal -0.103818 0.51987 0.847913
    outer loop
      vertex 15.4373 -4.99745 45.6063
      vertex 14.1393 -7.02174 46.6885
      vertex 14.7358 -8.26011 47.5208
    endloop
  endfacet
  facet normal -0.454343 0.335724 0.825143
    outer loop
      vertex 14.1393 -7.02174 46.6885
      vertex 13.1674 -8.07749 46.5829
      vertex 14.7358 -8.26011 47.5208
    endloop
  endfacet
  facet normal -0.00417106 -0.0957453 0.995397
    outer loop
      vertex 17.7396 -9.17629 47.7417
      vertex 17.693 -10.243 47.6389
      vertex 17.9113 -9.71814 47.6903
    endloop
  endfacet
  facet normal -0.00407613 -0.0957494 0.995397
    outer loop
      vertex 17.2582 -8.87095 47.7691
      vertex 17.693 -10.243 47.6389
      vertex 17.7396 -9.17629 47.7417
    endloop
  endfacet
  facet normal -0.00408547 -0.0957524 0.995397
    outer loop
      vertex 17.2582 -8.87095 47.7691
      vertex 17.1868 -10.5052 47.6116
      vertex 17.693 -10.243 47.6389
    endloop
  endfacet
  facet normal -0.0041836 -0.0957481 0.995397
    outer loop
      vertex 16.6924 -8.94499 47.7596
      vertex 17.1868 -10.5052 47.6116
      vertex 17.2582 -8.87095 47.7691
    endloop
  endfacet
  facet normal -0.00418209 -0.0957476 0.995397
    outer loop
      vertex 16.6924 -8.94499 47.7596
      vertex 16.6296 -10.3821 47.6211
      vertex 17.1868 -10.5052 47.6116
    endloop
  endfacet
  facet normal -0.00417858 -0.0957478 0.995397
    outer loop
      vertex 16.3069 -9.36376 47.7177
      vertex 16.6296 -10.3821 47.6211
      vertex 16.6924 -8.94499 47.7596
    endloop
  endfacet
  facet normal -0.00418828 -0.0957508 0.995397
    outer loop
      vertex 16.6296 -10.3821 47.6211
      vertex 16.3069 -9.36376 47.7177
      vertex 16.2821 -9.93132 47.663
    endloop
  endfacet
  facet normal -0.268347 -0.811583 -0.518963
    outer loop
      vertex 15.9219 -11.1175 43.3733
      vertex 13.7955 -8.39428 40.2141
      vertex 15.6077 -8.96336 40.167
    endloop
  endfacet
  facet normal -0.190972 -0.823345 -0.534447
    outer loop
      vertex 15.9219 -11.1175 43.3733
      vertex 15.6077 -8.96336 40.167
      vertex 17.3807 -11.4397 43.3484
    endloop
  endfacet
  facet normal -0.716341 0.676522 -0.170803
    outer loop
      vertex 14.611 9.47425 46.7421
      vertex 13.1052 6.59499 41.6531
      vertex 13.4097 8.16927 46.6115
    endloop
  endfacet
  facet normal 0.215215 -0.502638 0.83728
    outer loop
      vertex 20.3841 6.08526 48.3217
      vertex 18.4398 6.86157 49.2875
      vertex 19.8967 5.83276 48.2954
    endloop
  endfacet
  facet normal -0.968358 0.0182742 0.248896
    outer loop
      vertex 13.4097 8.16927 46.6115
      vertex 12.526 4.60302 43.4352
      vertex 13.3325 6.40063 46.441
    endloop
  endfacet
  facet normal -0.6458 0.73046 -0.222193
    outer loop
      vertex 14.5058 7.87244 41.7819
      vertex 13.1052 6.59499 41.6531
      vertex 14.611 9.47425 46.7421
    endloop
  endfacet
  facet normal 0.158286 0.569209 -0.806813
    outer loop
      vertex 16.4372 6.99374 39.7276
      vertex 16.3034 6.97099 39.6853
      vertex 16.325 7.46647 40.0391
    endloop
  endfacet
  facet normal -0.706475 0.615364 0.3496
    outer loop
      vertex 14.834 8.88944 48.2221
      vertex 13.4097 8.16927 46.6115
      vertex 13.8621 7.83369 48.1164
    endloop
  endfacet
  facet normal -0.187173 0.895422 -0.403962
    outer loop
      vertex 16.325 7.46647 40.0391
      vertex 14.9672 7.16708 40.0046
      vertex 16.3606 8.28141 41.829
    endloop
  endfacet
  facet normal -0.610501 -0.525696 0.592395
    outer loop
      vertex 13.8025 3.31599 45.2421
      vertex 14.6758 5.2664 47.8729
      vertex 13.7997 6.40283 47.9785
    endloop
  endfacet
  facet normal -0.610108 -0.526025 0.592509
    outer loop
      vertex 14.6758 5.2664 47.8729
      vertex 13.8025 3.31599 45.2421
      vertex 13.9039 3.30246 45.3345
    endloop
  endfacet
  facet normal -0.976252 -0.215212 -0.0248006
    outer loop
      vertex 12.6828 3.89946 43.3682
      vertex 12.526 4.60302 43.4352
      vertex 12.534 4.78642 41.5288
    endloop
  endfacet
  facet normal 0.507612 0.218096 0.833525
    outer loop
      vertex 21.4641 7.99041 47.5606
      vertex 19.5613 8.83998 48.4971
      vertex 20.429 7.11242 48.4207
    endloop
  endfacet
  facet normal -0.306356 0.868631 0.389393
    outer loop
      vertex 16.5881 10.0528 47.007
      vertex 14.611 9.47425 46.7421
      vertex 14.834 8.88944 48.2221
    endloop
  endfacet
  facet normal 0.819856 0.512291 -0.255724
    outer loop
      vertex 22.2606 5.59588 41.6475
      vertex 21.4769 8.28308 44.5182
      vertex 21.8644 8.43756 46.07
    endloop
  endfacet
  facet normal 0.645814 0.633864 -0.425606
    outer loop
      vertex 22.2606 5.59588 41.6475
      vertex 20.5773 6.32362 40.1771
      vertex 21.0442 6.91713 41.7695
    endloop
  endfacet
  facet normal 0.645831 0.633819 -0.425647
    outer loop
      vertex 20.5773 6.32362 40.1771
      vertex 22.2606 5.59588 41.6475
      vertex 20.7976 6.02111 40.0609
    endloop
  endfacet
  facet normal 0.645823 0.633835 -0.425635
    outer loop
      vertex 20.7976 6.02111 40.0609
      vertex 22.2606 5.59588 41.6475
      vertex 21.4409 5.32233 39.9964
    endloop
  endfacet
  facet normal 0.794162 -0.393359 0.463223
    outer loop
      vertex 21.3467 5.30128 47.3015
      vertex 21.3091 2.30337 44.8202
      vertex 22.1018 1.95942 43.1691
    endloop
  endfacet
  facet normal -0.0832316 0.527908 0.845213
    outer loop
      vertex 18.301 9.63937 48.5687
      vertex 16.8197 9.44553 48.5439
      vertex 18.005 8.23356 49.4176
    endloop
  endfacet
  facet normal -0.907553 -0.235381 0.347768
    outer loop
      vertex 13.1295 3.56802 44.3096
      vertex 12.526 4.60302 43.4352
      vertex 12.6828 3.89946 43.3682
    endloop
  endfacet
  facet normal -0.907563 -0.235443 0.347702
    outer loop
      vertex 12.526 4.60302 43.4352
      vertex 13.1295 3.56802 44.3096
      vertex 13.7997 6.40283 47.9785
    endloop
  endfacet
  facet normal -0.955227 -0.0569267 0.290346
    outer loop
      vertex 13.3325 6.40063 46.441
      vertex 12.526 4.60302 43.4352
      vertex 13.7997 6.40283 47.9785
    endloop
  endfacet
  facet normal -0.45436 0.335661 0.82516
    outer loop
      vertex 14.834 8.88944 48.2221
      vertex 13.8621 7.83369 48.1164
      vertex 15.4305 7.65107 49.0543
    endloop
  endfacet
  facet normal -0.488479 -0.446413 0.749736
    outer loop
      vertex 15.0354 6.70127 48.9613
      vertex 13.7997 6.40283 47.9785
      vertex 15.3701 6.26718 48.9209
    endloop
  endfacet
  facet normal 0.010084 -0.639538 0.768693
    outer loop
      vertex 17.9336 6.59935 49.2601
      vertex 17.8007 3.78421 46.9197
      vertex 18.4766 3.94439 47.0441
    endloop
  endfacet
  facet normal 0.0101112 -0.639539 0.768692
    outer loop
      vertex 17.9336 6.59935 49.2601
      vertex 17.4426 3.69934 46.8538
      vertex 17.8007 3.78421 46.9197
    endloop
  endfacet
  facet normal 0.0101099 -0.639539 0.768692
    outer loop
      vertex 17.4426 3.69934 46.8538
      vertex 17.9336 6.59935 49.2601
      vertex 15.9067 6.14867 48.9118
    endloop
  endfacet
  facet normal -0.956724 0.0137391 0.290672
    outer loop
      vertex 13.3325 6.40063 46.441
      vertex 13.8621 7.83369 48.1164
      vertex 13.4097 8.16927 46.6115
    endloop
  endfacet
  facet normal -0.956717 0.0137064 0.290698
    outer loop
      vertex 13.8621 7.83369 48.1164
      vertex 13.3325 6.40063 46.441
      vertex 13.7997 6.40283 47.9785
    endloop
  endfacet
  facet normal -0.0707742 -0.390925 0.917698
    outer loop
      vertex 17.9336 6.59935 49.2601
      vertex 15.3701 6.26718 48.9209
      vertex 15.9067 6.14867 48.9118
    endloop
  endfacet
  facet normal 0.524643 0.766337 0.370778
    outer loop
      vertex 21.8644 8.43756 46.07
      vertex 19.5613 8.83998 48.4971
      vertex 21.4641 7.99041 47.5606
    endloop
  endfacet
  facet normal -0.343086 0.458782 -0.819641
    outer loop
      vertex 14.0648 6.16227 39.8199
      vertex 14.9672 7.16708 40.0046
      vertex 15.2496 6.66364 39.6046
    endloop
  endfacet
  facet normal -0.342972 0.458697 -0.819736
    outer loop
      vertex 14.9672 7.16708 40.0046
      vertex 14.0648 6.16227 39.8199
      vertex 13.9419 6.23193 39.9103
    endloop
  endfacet
  facet normal 0.953776 -0.299494 -0.0248004
    outer loop
      vertex 22.1073 2.08475 41.8662
      vertex 22.6505 3.84655 41.4808
      vertex 22.6427 3.66811 43.3357
    endloop
  endfacet
  facet normal 0.953775 -0.299496 -0.0248096
    outer loop
      vertex 22.6505 3.84655 41.4808
      vertex 22.1073 2.08475 41.8662
      vertex 22.1888 2.388 41.3386
    endloop
  endfacet
  facet normal 0.953772 -0.299508 -0.0247844
    outer loop
      vertex 22.1073 2.08475 41.8662
      vertex 22.6427 3.66811 43.3357
      vertex 22.1018 1.95942 43.1691
    endloop
  endfacet
  facet normal 0.327898 0.919172 -0.21819
    outer loop
      vertex 20.2632 9.05286 44.5872
      vertex 18.4191 10.2924 47.0377
      vertex 20.3642 9.38906 46.1553
    endloop
  endfacet
  facet normal 0.157765 0.56917 -0.806942
    outer loop
      vertex 16.4372 6.99374 39.7276
      vertex 16.325 7.46647 40.0391
      vertex 17.3409 7.14745 40.0127
    endloop
  endfacet
  facet normal 0.19536 0.861049 -0.469499
    outer loop
      vertex 20.2632 9.05286 44.5872
      vertex 16.325 7.46647 40.0391
      vertex 18.3143 9.9433 45.4093
    endloop
  endfacet
  facet normal -0.55545 -0.567395 0.607896
    outer loop
      vertex 14.6758 5.2664 47.8729
      vertex 13.9039 3.30246 45.3345
      vertex 14.7178 3.22834 46.009
    endloop
  endfacet
  facet normal 0.462302 0.768549 -0.442277
    outer loop
      vertex 21.4769 8.28308 44.5182
      vertex 20.5429 6.36267 40.2048
      vertex 20.2632 9.05286 44.5872
    endloop
  endfacet
  facet normal 0.462552 0.768404 -0.442267
    outer loop
      vertex 20.5429 6.36267 40.2048
      vertex 21.4769 8.28308 44.5182
      vertex 20.5705 6.33253 40.1813
    endloop
  endfacet
  facet normal 0.94381 0.309975 -0.114621
    outer loop
      vertex 22.2606 5.59588 41.6475
      vertex 21.8644 8.43756 46.07
      vertex 22.3995 6.74905 45.9098
    endloop
  endfacet
  facet normal 0.939344 -0.173189 0.296039
    outer loop
      vertex 22.3995 6.74905 45.9098
      vertex 21.8971 6.62438 47.431
      vertex 22.6427 3.66811 43.3357
    endloop
  endfacet
  facet normal 0.517925 0.786421 0.336594
    outer loop
      vertex 20.3642 9.38906 46.1553
      vertex 18.4191 10.2924 47.0377
      vertex 21.8644 8.43756 46.07
    endloop
  endfacet
  facet normal 0.457515 -0.570361 0.682179
    outer loop
      vertex 20.5214 2.12422 45.1987
      vertex 21.3091 2.30337 44.8202
      vertex 21.3467 5.30128 47.3015
    endloop
  endfacet
  facet normal 0.457514 -0.570373 0.68217
    outer loop
      vertex 21.3091 2.30337 44.8202
      vertex 20.5214 2.12422 45.1987
      vertex 20.8501 1.88472 44.778
    endloop
  endfacet
  facet normal 0.868944 -0.31249 0.383779
    outer loop
      vertex 22.6427 3.66811 43.3357
      vertex 21.8971 6.62438 47.431
      vertex 22.1018 1.95942 43.1691
    endloop
  endfacet
  facet normal 0.14248 -0.613094 0.777056
    outer loop
      vertex 19.8967 5.83276 48.2954
      vertex 19.6752 2.93767 46.0518
      vertex 20.2423 2.37326 45.5025
    endloop
  endfacet
  facet normal 0.141899 -0.613117 0.777143
    outer loop
      vertex 19.8967 5.83276 48.2954
      vertex 19.5958 3.01664 46.1286
      vertex 19.6752 2.93767 46.0518
    endloop
  endfacet
  facet normal 0.142439 -0.613106 0.777054
    outer loop
      vertex 19.5958 3.01664 46.1286
      vertex 19.8967 5.83276 48.2954
      vertex 17.9336 6.59935 49.2601
    endloop
  endfacet
  facet normal 0.215112 -0.502746 0.837241
    outer loop
      vertex 18.4398 6.86157 49.2875
      vertex 17.9336 6.59935 49.2601
      vertex 19.8967 5.83276 48.2954
    endloop
  endfacet
  facet normal -0.187176 0.895422 -0.40396
    outer loop
      vertex 14.9672 7.16708 40.0046
      vertex 14.5058 7.87244 41.7819
      vertex 16.3606 8.28141 41.829
    endloop
  endfacet
  facet normal -0.0153656 0.910116 -0.414069
    outer loop
      vertex 18.3143 9.9433 45.4093
      vertex 16.325 7.46647 40.0391
      vertex 16.3606 8.28141 41.829
    endloop
  endfacet
  facet normal -0.588114 0.687728 -0.425619
    outer loop
      vertex 13.9419 6.23193 39.9103
      vertex 14.5058 7.87244 41.7819
      vertex 14.9672 7.16708 40.0046
    endloop
  endfacet
  facet normal -0.588118 0.687727 -0.425616
    outer loop
      vertex 14.5058 7.87244 41.7819
      vertex 13.9419 6.23193 39.9103
      vertex 13.1052 6.59499 41.6531
    endloop
  endfacet
  facet normal 0.675726 -0.734038 -0.0676989
    outer loop
      vertex 21.8419 1.7524 42.8196
      vertex 22.1018 1.95942 43.1691
      vertex 21.7535 1.64174 43.1371
    endloop
  endfacet
  facet normal 0.675766 -0.733996 -0.0677527
    outer loop
      vertex 22.1018 1.95942 43.1691
      vertex 21.8419 1.7524 42.8196
      vertex 22.1073 2.08475 41.8662
    endloop
  endfacet
  facet normal -0.263756 0.447271 0.854623
    outer loop
      vertex 16.8197 9.44553 48.5439
      vertex 14.834 8.88944 48.2221
      vertex 15.4305 7.65107 49.0543
    endloop
  endfacet
  facet normal 0.997513 0.0696389 0.0108938
    outer loop
      vertex 22.6505 3.84655 41.4808
      vertex 22.3995 6.74905 45.9098
      vertex 22.6427 3.66811 43.3357
    endloop
  endfacet
  facet normal -0.126245 0.915939 0.380944
    outer loop
      vertex 18.4191 10.2924 47.0377
      vertex 16.5881 10.0528 47.007
      vertex 18.301 9.63937 48.5687
    endloop
  endfacet
  facet normal -0.123816 0.971863 -0.200382
    outer loop
      vertex 18.3143 9.9433 45.4093
      vertex 16.5881 10.0528 47.007
      vertex 18.4191 10.2924 47.0377
    endloop
  endfacet
  facet normal 0.264066 -0.589731 0.763208
    outer loop
      vertex 20.3841 6.08526 48.3217
      vertex 20.2423 2.37326 45.5025
      vertex 20.3463 2.2776 45.3926
    endloop
  endfacet
  facet normal 0.264315 -0.589696 0.763149
    outer loop
      vertex 20.2423 2.37326 45.5025
      vertex 20.3841 6.08526 48.3217
      vertex 19.8967 5.83276 48.2954
    endloop
  endfacet
  facet normal 0.854643 0.234648 -0.463169
    outer loop
      vertex 22.2606 5.59588 41.6475
      vertex 21.5796 4.7001 39.9371
      vertex 21.4409 5.32233 39.9964
    endloop
  endfacet
  facet normal 0.854648 0.234636 -0.463165
    outer loop
      vertex 21.5796 4.7001 39.9371
      vertex 22.2606 5.59588 41.6475
      vertex 21.785 4.21231 40.069
    endloop
  endfacet
  facet normal 0.233797 0.83717 -0.494455
    outer loop
      vertex 17.4763 7.16312 40.0699
      vertex 20.2632 9.05286 44.5872
      vertex 19.5304 7.26243 41.2093
    endloop
  endfacet
  facet normal 0.233808 0.837164 -0.494459
    outer loop
      vertex 20.2632 9.05286 44.5872
      vertex 17.4763 7.16312 40.0699
      vertex 16.325 7.46647 40.0391
    endloop
  endfacet
  facet normal 0.24853 0.832489 -0.495171
    outer loop
      vertex 20.2632 9.05286 44.5872
      vertex 20.5429 6.36267 40.2048
      vertex 19.5676 7.26393 41.2305
    endloop
  endfacet
  facet normal 0.24863 0.832457 -0.495175
    outer loop
      vertex 20.2632 9.05286 44.5872
      vertex 19.5676 7.26393 41.2305
      vertex 19.5304 7.26243 41.2093
    endloop
  endfacet
  facet normal -0.830985 0.308316 -0.463038
    outer loop
      vertex 12.9665 5.2089 40.9796
      vertex 13.9419 6.23193 39.9103
      vertex 13.8895 6.06652 39.8942
    endloop
  endfacet
  facet normal -0.830823 0.306815 -0.464326
    outer loop
      vertex 13.9419 6.23193 39.9103
      vertex 12.9665 5.2089 40.9796
      vertex 12.7033 4.96442 41.289
    endloop
  endfacet
  facet normal -0.830958 0.308231 -0.463145
    outer loop
      vertex 12.7033 4.96442 41.289
      vertex 13.1052 6.59499 41.6531
      vertex 13.9419 6.23193 39.9103
    endloop
  endfacet
  facet normal -0.831017 0.308223 -0.463043
    outer loop
      vertex 13.1052 6.59499 41.6531
      vertex 12.7033 4.96442 41.289
      vertex 12.5414 4.81395 41.4794
    endloop
  endfacet
  facet normal 0.321899 -0.57928 0.748876
    outer loop
      vertex 20.3463 2.2776 45.3926
      vertex 21.3467 5.30128 47.3015
      vertex 20.3841 6.08526 48.3217
    endloop
  endfacet
  facet normal 0.321872 -0.579279 0.748889
    outer loop
      vertex 21.3467 5.30128 47.3015
      vertex 20.3463 2.2776 45.3926
      vertex 20.5214 2.12422 45.1987
    endloop
  endfacet
  facet normal 0.117662 -0.622043 0.774092
    outer loop
      vertex 18.628 3.98821 47.0563
      vertex 17.9336 6.59935 49.2601
      vertex 18.4766 3.94439 47.0441
    endloop
  endfacet
  facet normal 0.117512 -0.622078 0.774087
    outer loop
      vertex 17.9336 6.59935 49.2601
      vertex 18.628 3.98821 47.0563
      vertex 19.5958 3.01664 46.1286
    endloop
  endfacet
  facet normal -0.155317 -0.661011 0.734126
    outer loop
      vertex 14.6758 5.2664 47.8729
      vertex 15.8031 3.38114 46.4139
      vertex 15.3701 6.26718 48.9209
    endloop
  endfacet
  facet normal -0.155328 -0.661014 0.734121
    outer loop
      vertex 15.8031 3.38114 46.4139
      vertex 14.6758 5.2664 47.8729
      vertex 15.4163 3.32199 46.2788
    endloop
  endfacet
  facet normal -0.488506 -0.446274 0.749801
    outer loop
      vertex 15.3701 6.26718 48.9209
      vertex 13.7997 6.40283 47.9785
      vertex 14.6758 5.2664 47.8729
    endloop
  endfacet
  facet normal -0.789118 -0.40786 0.459285
    outer loop
      vertex 13.7997 6.40283 47.9785
      vertex 13.1295 3.56802 44.3096
      vertex 13.8025 3.31599 45.2421
    endloop
  endfacet
  facet normal -0.454337 0.335747 0.825137
    outer loop
      vertex 15.4305 7.65107 49.0543
      vertex 13.8621 7.83369 48.1164
      vertex 15.0593 7.2478 49.014
    endloop
  endfacet
  facet normal -0.192328 0.0792864 0.978122
    outer loop
      vertex 15.4305 7.65107 49.0543
      vertex 15.0593 7.2478 49.014
      vertex 17.0537 7.74075 49.3662
    endloop
  endfacet
  facet normal -0.152036 -0.0882334 0.984429
    outer loop
      vertex 15.0593 7.2478 49.014
      vertex 17.0289 7.17319 49.3115
      vertex 17.0537 7.74075 49.3662
    endloop
  endfacet
  facet normal -0.152037 -0.088276 0.984425
    outer loop
      vertex 17.0289 7.17319 49.3115
      vertex 15.0593 7.2478 49.014
      vertex 15.0354 6.70127 48.9613
    endloop
  endfacet
  facet normal -0.706477 0.61536 0.349603
    outer loop
      vertex 14.611 9.47425 46.7421
      vertex 13.4097 8.16927 46.6115
      vertex 14.834 8.88944 48.2221
    endloop
  endfacet
  facet normal -0.126539 -0.188209 0.973943
    outer loop
      vertex 17.0289 7.17319 49.3115
      vertex 15.0354 6.70127 48.9613
      vertex 15.3701 6.26718 48.9209
    endloop
  endfacet
  facet normal 0.325195 0.437774 0.838214
    outer loop
      vertex 19.5613 8.83998 48.4971
      vertex 18.005 8.23356 49.4176
      vertex 18.4864 7.92823 49.3903
    endloop
  endfacet
  facet normal -0.133457 -0.661268 0.738183
    outer loop
      vertex 15.9067 6.14867 48.9118
      vertex 15.8031 3.38114 46.4139
      vertex 16.0046 3.41415 46.4799
    endloop
  endfacet
  facet normal -0.133523 -0.661261 0.738177
    outer loop
      vertex 15.8031 3.38114 46.4139
      vertex 15.9067 6.14867 48.9118
      vertex 15.3701 6.26718 48.9209
    endloop
  endfacet
  facet normal -0.061847 -0.664513 0.744713
    outer loop
      vertex 17.4426 3.69934 46.8538
      vertex 15.9067 6.14867 48.9118
      vertex 16.0046 3.41415 46.4799
    endloop
  endfacet
  facet normal 0.835036 -0.214951 -0.506469
    outer loop
      vertex 22.1888 2.388 41.3386
      vertex 21.8696 4.01148 40.1233
      vertex 22.6505 3.84655 41.4808
    endloop
  endfacet
  facet normal 0.854655 0.234626 -0.463158
    outer loop
      vertex 22.6505 3.84655 41.4808
      vertex 21.785 4.21231 40.069
      vertex 22.2606 5.59588 41.6475
    endloop
  endfacet
  facet normal 0.854637 0.234805 -0.463101
    outer loop
      vertex 21.785 4.21231 40.069
      vertex 22.6505 3.84655 41.4808
      vertex 21.8696 4.01148 40.1233
    endloop
  endfacet
  facet normal 0.514914 0.830796 -0.211284
    outer loop
      vertex 21.4769 8.28308 44.5182
      vertex 20.2632 9.05286 44.5872
      vertex 21.8644 8.43756 46.07
    endloop
  endfacet
  facet normal 0.514916 0.830794 -0.211287
    outer loop
      vertex 21.8644 8.43756 46.07
      vertex 20.2632 9.05286 44.5872
      vertex 20.3642 9.38906 46.1553
    endloop
  endfacet
  facet normal 0.327936 0.919166 -0.218158
    outer loop
      vertex 20.2632 9.05286 44.5872
      vertex 18.3143 9.9433 45.4093
      vertex 18.4191 10.2924 47.0377
    endloop
  endfacet
  facet normal -0.114685 0.923489 -0.366081
    outer loop
      vertex 18.3143 9.9433 45.4093
      vertex 16.3606 8.28141 41.829
      vertex 16.8329 9.74946 45.3844
    endloop
  endfacet
  facet normal -0.192958 0.915713 -0.352472
    outer loop
      vertex 16.3606 8.28141 41.829
      vertex 14.5058 7.87244 41.7819
      vertex 16.8329 9.74946 45.3844
    endloop
  endfacet
  facet normal -0.247826 0.944864 -0.214045
    outer loop
      vertex 14.8467 9.18211 45.1796
      vertex 14.611 9.47425 46.7421
      vertex 16.8329 9.74946 45.3844
    endloop
  endfacet
  facet normal -0.10759 0.580775 -0.806923
    outer loop
      vertex 14.9672 7.16708 40.0046
      vertex 16.1455 6.92492 39.6732
      vertex 15.2496 6.66364 39.6046
    endloop
  endfacet
  facet normal -0.107569 0.58083 -0.806886
    outer loop
      vertex 16.1455 6.92492 39.6732
      vertex 14.9672 7.16708 40.0046
      vertex 16.325 7.46647 40.0391
    endloop
  endfacet
  facet normal 0.204338 0.706751 -0.67731
    outer loop
      vertex 17.3409 7.14745 40.0127
      vertex 16.325 7.46647 40.0391
      vertex 17.4763 7.16312 40.0699
    endloop
  endfacet
  facet normal 0.588125 -0.687713 0.425628
    outer loop
      vertex 21.7535 1.64174 43.1371
      vertex 21.3091 2.30337 44.8202
      vertex 20.8501 1.88472 44.778
    endloop
  endfacet
  facet normal 0.588139 -0.687702 0.425627
    outer loop
      vertex 21.3091 2.30337 44.8202
      vertex 21.7535 1.64174 43.1371
      vertex 22.1018 1.95942 43.1691
    endloop
  endfacet
  facet normal -0.189967 -0.664714 0.722543
    outer loop
      vertex 15.4163 3.32199 46.2788
      vertex 14.6758 5.2664 47.8729
      vertex 14.7178 3.22834 46.009
    endloop
  endfacet
  facet normal -0.614418 -0.0490963 0.787451
    outer loop
      vertex 13.7997 6.40283 47.9785
      vertex 15.0593 7.2478 49.014
      vertex 13.8621 7.83369 48.1164
    endloop
  endfacet
  facet normal -0.614434 -0.0490608 0.787442
    outer loop
      vertex 15.0593 7.2478 49.014
      vertex 13.7997 6.40283 47.9785
      vertex 15.0354 6.70127 48.9613
    endloop
  endfacet
  facet normal 0.467177 0.0643885 0.881816
    outer loop
      vertex 20.429 7.11242 48.4207
      vertex 18.4864 7.92823 49.3903
      vertex 18.6581 7.38638 49.3389
    endloop
  endfacet
  facet normal 0.580005 0.107137 0.807537
    outer loop
      vertex 21.8971 6.62438 47.431
      vertex 20.429 7.11242 48.4207
      vertex 20.5943 6.59064 48.3712
    endloop
  endfacet
  facet normal -0.126236 0.915943 0.380936
    outer loop
      vertex 18.301 9.63937 48.5687
      vertex 16.5881 10.0528 47.007
      vertex 16.8197 9.44553 48.5439
    endloop
  endfacet
  facet normal -0.306361 0.868632 0.389386
    outer loop
      vertex 16.5881 10.0528 47.007
      vertex 14.834 8.88944 48.2221
      vertex 16.8197 9.44553 48.5439
    endloop
  endfacet
  facet normal -0.083261 0.527887 0.845224
    outer loop
      vertex 18.005 8.23356 49.4176
      vertex 16.8197 9.44553 48.5439
      vertex 17.4392 8.15953 49.4081
    endloop
  endfacet
  facet normal -0.485569 0.235759 -0.841808
    outer loop
      vertex 14.0648 6.16227 39.8199
      vertex 13.8895 6.06652 39.8942
      vertex 13.9419 6.23193 39.9103
    endloop
  endfacet
  facet normal 0.969959 0.225003 -0.0924838
    outer loop
      vertex 22.6505 3.84655 41.4808
      vertex 22.2606 5.59588 41.6475
      vertex 22.3995 6.74905 45.9098
    endloop
  endfacet
  facet normal 0.648737 0.635863 -0.418112
    outer loop
      vertex 22.2606 5.59588 41.6475
      vertex 21.0442 6.91713 41.7695
      vertex 21.4769 8.28308 44.5182
    endloop
  endfacet
  facet normal 0.610214 0.666986 -0.427514
    outer loop
      vertex 21.0442 6.91713 41.7695
      vertex 20.5705 6.33253 40.1813
      vertex 21.4769 8.28308 44.5182
    endloop
  endfacet
  facet normal 0.610066 0.667119 -0.427519
    outer loop
      vertex 20.5705 6.33253 40.1813
      vertex 21.0442 6.91713 41.7695
      vertex 20.5773 6.32362 40.1771
    endloop
  endfacet
  facet normal 0.517921 0.786473 0.336479
    outer loop
      vertex 21.8644 8.43756 46.07
      vertex 18.4191 10.2924 47.0377
      vertex 19.977 9.30433 46.9492
    endloop
  endfacet
  facet normal 0.512474 0.774878 0.370047
    outer loop
      vertex 18.4191 10.2924 47.0377
      vertex 18.301 9.63937 48.5687
      vertex 19.977 9.30433 46.9492
    endloop
  endfacet
  facet normal -0.227609 0.916037 -0.330257
    outer loop
      vertex 16.8329 9.74946 45.3844
      vertex 14.5058 7.87244 41.7819
      vertex 14.8467 9.18211 45.1796
    endloop
  endfacet
  facet normal -0.602855 0.762894 -0.233577
    outer loop
      vertex 14.8467 9.18211 45.1796
      vertex 14.5058 7.87244 41.7819
      vertex 14.611 9.47425 46.7421
    endloop
  endfacet
  facet normal 0.381692 0.42705 -0.819719
    outer loop
      vertex 21.2954 5.25582 39.894
      vertex 20.7976 6.02111 40.0609
      vertex 21.4409 5.32233 39.9964
    endloop
  endfacet
  facet normal -0.107639 0.580841 -0.806869
    outer loop
      vertex 16.3034 6.97099 39.6853
      vertex 16.1455 6.92492 39.6732
      vertex 16.325 7.46647 40.0391
    endloop
  endfacet
  facet normal 0.325242 0.43769 0.838239
    outer loop
      vertex 18.301 9.63937 48.5687
      vertex 18.005 8.23356 49.4176
      vertex 19.5613 8.83998 48.4971
    endloop
  endfacet
  facet normal 0.561836 -0.308849 0.767432
    outer loop
      vertex 20.5943 6.59064 48.3712
      vertex 20.3841 6.08526 48.3217
      vertex 21.8971 6.62438 47.431
    endloop
  endfacet
  facet normal 0.580023 0.107243 0.80751
    outer loop
      vertex 21.4641 7.99041 47.5606
      vertex 20.429 7.11242 48.4207
      vertex 21.8971 6.62438 47.431
    endloop
  endfacet
  facet normal 0.91088 0.258115 0.321986
    outer loop
      vertex 22.3995 6.74905 45.9098
      vertex 21.8644 8.43756 46.07
      vertex 21.8971 6.62438 47.431
    endloop
  endfacet
  facet normal -0.263745 0.447264 0.854631
    outer loop
      vertex 16.8197 9.44553 48.5439
      vertex 15.4305 7.65107 49.0543
      vertex 17.4392 8.15953 49.4081
    endloop
  endfacet
  facet normal -0.192324 0.0791754 0.978132
    outer loop
      vertex 17.4392 8.15953 49.4081
      vertex 15.4305 7.65107 49.0543
      vertex 17.0537 7.74075 49.3662
    endloop
  endfacet
  facet normal -0.1238 0.971868 -0.200365
    outer loop
      vertex 16.8329 9.74946 45.3844
      vertex 16.5881 10.0528 47.007
      vertex 18.3143 9.9433 45.4093
    endloop
  endfacet
  facet normal -0.247817 0.94487 -0.214028
    outer loop
      vertex 16.8329 9.74946 45.3844
      vertex 14.611 9.47425 46.7421
      vertex 16.5881 10.0528 47.007
    endloop
  endfacet
  facet normal -0.12659 -0.18812 0.973954
    outer loop
      vertex 17.0289 7.17319 49.3115
      vertex 15.3701 6.26718 48.9209
      vertex 17.3764 6.72242 49.2696
    endloop
  endfacet
  facet normal 0.507623 0.218102 0.833517
    outer loop
      vertex 19.5613 8.83998 48.4971
      vertex 18.4864 7.92823 49.3903
      vertex 20.429 7.11242 48.4207
    endloop
  endfacet
  facet normal 0.910844 0.258162 0.32205
    outer loop
      vertex 21.8644 8.43756 46.07
      vertex 21.4641 7.99041 47.5606
      vertex 21.8971 6.62438 47.431
    endloop
  endfacet
  facet normal 0.354985 -0.236242 0.90453
    outer loop
      vertex 20.5943 6.59064 48.3712
      vertex 18.4398 6.86157 49.2875
      vertex 20.3841 6.08526 48.3217
    endloop
  endfacet
  facet normal 0.561835 -0.308833 0.767439
    outer loop
      vertex 21.8971 6.62438 47.431
      vertex 20.3841 6.08526 48.3217
      vertex 21.3467 5.30128 47.3015
    endloop
  endfacet
  facet normal 0.805867 -0.379702 0.454317
    outer loop
      vertex 21.8971 6.62438 47.431
      vertex 21.3467 5.30128 47.3015
      vertex 22.1018 1.95942 43.1691
    endloop
  endfacet
  facet normal 0.524651 0.766328 0.370787
    outer loop
      vertex 19.977 9.30433 46.9492
      vertex 19.5613 8.83998 48.4971
      vertex 21.8644 8.43756 46.07
    endloop
  endfacet
  facet normal 0.512499 0.774846 0.370079
    outer loop
      vertex 19.977 9.30433 46.9492
      vertex 18.301 9.63937 48.5687
      vertex 19.5613 8.83998 48.4971
    endloop
  endfacet
  facet normal -0.0707402 -0.391109 0.917622
    outer loop
      vertex 17.3764 6.72242 49.2696
      vertex 15.3701 6.26718 48.9209
      vertex 17.9336 6.59935 49.2601
    endloop
  endfacet
  facet normal -0.0041835 -0.0957492 0.995397
    outer loop
      vertex 18.4864 7.92823 49.3903
      vertex 18.4398 6.86157 49.2875
      vertex 18.6581 7.38638 49.3389
    endloop
  endfacet
  facet normal -0.00427816 -0.0957451 0.995397
    outer loop
      vertex 18.005 8.23356 49.4176
      vertex 18.4398 6.86157 49.2875
      vertex 18.4864 7.92823 49.3903
    endloop
  endfacet
  facet normal -0.00428155 -0.0957461 0.995397
    outer loop
      vertex 18.005 8.23356 49.4176
      vertex 17.9336 6.59935 49.2601
      vertex 18.4398 6.86157 49.2875
    endloop
  endfacet
  facet normal -0.004185 -0.0957503 0.995397
    outer loop
      vertex 17.4392 8.15953 49.4081
      vertex 17.9336 6.59935 49.2601
      vertex 18.005 8.23356 49.4176
    endloop
  endfacet
  facet normal -0.00417698 -0.0957478 0.995397
    outer loop
      vertex 17.4392 8.15953 49.4081
      vertex 17.3764 6.72242 49.2696
      vertex 17.9336 6.59935 49.2601
    endloop
  endfacet
  facet normal -0.00417597 -0.0957479 0.995397
    outer loop
      vertex 17.0537 7.74075 49.3662
      vertex 17.3764 6.72242 49.2696
      vertex 17.4392 8.15953 49.4081
    endloop
  endfacet
  facet normal -0.00418568 -0.0957509 0.995397
    outer loop
      vertex 17.3764 6.72242 49.2696
      vertex 17.0537 7.74075 49.3662
      vertex 17.0289 7.17319 49.3115
    endloop
  endfacet
  facet normal -0.973882 0.226364 0.0176899
    outer loop
      vertex 12.526 4.60302 43.4352
      vertex 12.5375 4.80401 41.4964
      vertex 12.534 4.78642 41.5288
    endloop
  endfacet
  facet normal -0.974044 0.225673 0.0176173
    outer loop
      vertex 12.5375 4.80401 41.4964
      vertex 12.526 4.60302 43.4352
      vertex 13.4097 8.16927 46.6115
    endloop
  endfacet
  facet normal -0.951487 0.30509 -0.0398942
    outer loop
      vertex 12.5375 4.80401 41.4964
      vertex 13.1052 6.59499 41.6531
      vertex 12.5414 4.81395 41.4794
    endloop
  endfacet
  facet normal -0.951582 0.304989 -0.0383958
    outer loop
      vertex 13.1052 6.59499 41.6531
      vertex 12.5375 4.80401 41.4964
      vertex 13.4097 8.16927 46.6115
    endloop
  endfacet
  facet normal 0.467173 0.0643442 0.881822
    outer loop
      vertex 20.429 7.11242 48.4207
      vertex 18.6581 7.38638 49.3389
      vertex 20.5943 6.59064 48.3712
    endloop
  endfacet
  facet normal 0.354984 -0.236249 0.904529
    outer loop
      vertex 18.6581 7.38638 49.3389
      vertex 18.4398 6.86157 49.2875
      vertex 20.5943 6.59064 48.3712
    endloop
  endfacet
  facet normal 0.504107 0.193181 -0.841758
    outer loop
      vertex 21.3156 5.21618 39.897
      vertex 21.2954 5.25582 39.894
      vertex 21.4409 5.32233 39.9964
    endloop
  endfacet
  facet normal 0.504469 0.192662 -0.841661
    outer loop
      vertex 21.5796 4.7001 39.9371
      vertex 21.3156 5.21618 39.897
      vertex 21.4409 5.32233 39.9964
    endloop
  endfacet
  facet normal 0.142315 -0.989821 0
    outer loop
      vertex 6.51887 -9.54633 7.09413
      vertex 8.40441 -9.27523 8.90587
      vertex 6.51887 -9.54633 8.90587
    endloop
  endfacet
  facet normal 0.142315 -0.989821 0
    outer loop
      vertex 8.40441 -9.27523 8.90587
      vertex 6.51887 -9.54633 7.09413
      vertex 8.40441 -9.27523 7.09413
    endloop
  endfacet
  facet normal -0.63364 -0.407214 0.657782
    outer loop
      vertex 4.62538 -6.89725 10.4749
      vertex 2.4473 -7.13286 8.2309
      vertex 3.17353 -8.2629 8.2309
    endloop
  endfacet
  facet normal 0.49465 -0.145239 0.856871
    outer loop
      vertex 9.30659 -6.77312 10.4749
      vertex 8.40521 -6.76807 10.9961
      vertex 9.082 -7.53802 10.4749
    endloop
  endfacet
  facet normal 0.135135 0.939886 -0.313613
    outer loop
      vertex 6.08751 -3.49896 4.97435
      vertex 4.27124 -3.23782 4.97435
      vertex 8.40441 -3.12477 7.09413
    endloop
  endfacet
  facet normal 0.839323 0.246442 -0.484566
    outer loop
      vertex 9.47487 -6.2 5.52513
      vertex 9.082 -4.86198 5.52513
      vertex 10.3807 -6.2 7.09413
    endloop
  endfacet
  facet normal 0.494706 -0.145175 0.856849
    outer loop
      vertex 8.40521 -6.76807 10.9961
      vertex 7.87936 -6.76513 11.3002
      vertex 9.082 -7.53802 10.4749
    endloop
  endfacet
  facet normal -0.373834 -0.818577 0.436095
    outer loop
      vertex 4.78609 -8.75499 8.90587
      vertex 2.60211 -8.92236 6.71953
      vertex 6.51887 -9.54633 8.90587
    endloop
  endfacet
  facet normal 0.635239 0.186519 -0.749455
    outer loop
      vertex 9.47487 -6.2 5.52513
      vertex 6.74021 -5.17236 3.46298
      vertex 9.082 -4.86198 5.52513
    endloop
  endfacet
  facet normal 0.654863 0.755748 0
    outer loop
      vertex 9.2402 -3.84899 7.09413
      vertex 8.40441 -3.12477 7.09413
      vertex 8.40441 -3.12477 8.69178
    endloop
  endfacet
  facet normal 0.124491 -0.865846 0.484575
    outer loop
      vertex 8.0281 -8.45122 10.4749
      vertex 6.64779 -8.64968 10.4749
      vertex 8.40441 -9.27523 8.90587
    endloop
  endfacet
  facet normal -0.433713 0.278726 0.856857
    outer loop
      vertex 5.3793 -4.32961 10.4749
      vertex 4.62538 -5.50275 10.4749
      vertex 6.13083 -5.94479 11.3807
    endloop
  endfacet
  facet normal 0.572834 -0.661093 -0.484579
    outer loop
      vertex 9.84406 -8.02777 7.09413
      vertex 8.0281 -8.45122 5.52513
      vertex 9.082 -7.53802 5.52513
    endloop
  endfacet
  facet normal -0.401334 0.878792 0.258177
    outer loop
      vertex 6.51887 -2.85367 8.90587
      vertex 4.27124 -3.23782 6.71953
      vertex 4.78609 -3.64501 8.90587
    endloop
  endfacet
  facet normal -0.373834 -0.818578 0.436094
    outer loop
      vertex 6.51887 -9.54633 8.90587
      vertex 2.60211 -8.92236 6.71953
      vertex 4.27124 -9.68463 6.71953
    endloop
  endfacet
  facet normal 0.0614153 -0.998112 0
    outer loop
      vertex 4.27124 -9.68463 6.71953
      vertex 6.51887 -9.54633 7.09413
      vertex 6.51887 -9.54633 8.90587
    endloop
  endfacet
  facet normal 0.0614153 -0.998112 0
    outer loop
      vertex 6.51887 -9.54633 7.09413
      vertex 4.27124 -9.68463 6.71953
      vertex 4.27124 -9.68463 4.97435
    endloop
  endfacet
  facet normal 0.327684 0.801829 -0.499694
    outer loop
      vertex 8.0281 -3.94878 5.52513
      vertex 5.72503 -4.2927 3.46298
      vertex 6.08751 -3.49896 4.97435
    endloop
  endfacet
  facet normal 0.141787 -0.986154 -0.0859996
    outer loop
      vertex 8.40441 -9.27523 7.09413
      vertex 4.27124 -9.68463 4.97435
      vertex 6.08751 -9.42349 4.97435
    endloop
  endfacet
  facet normal -0.214171 -0.468966 0.856856
    outer loop
      vertex 6.87108 -7.09665 11.3807
      vertex 6.40678 -6.88461 11.3807
      vertex 6.64779 -8.64968 10.4749
    endloop
  endfacet
  facet normal -0.717568 0 0.696489
    outer loop
      vertex 2.4473 -5.78959 8.2309
      vertex 4.62538 -6.89725 10.4749
      vertex 4.62538 -5.50275 10.4749
    endloop
  endfacet
  facet normal -0.717568 0 0.696489
    outer loop
      vertex 4.62538 -6.89725 10.4749
      vertex 2.4473 -5.78959 8.2309
      vertex 2.4473 -7.13286 8.2309
    endloop
  endfacet
  facet normal 0.0733803 -0.510308 0.856855
    outer loop
      vertex 6.87108 -7.09665 11.3807
      vertex 6.64779 -8.64968 10.4749
      vertex 7.37631 -7.024 11.3807
    endloop
  endfacet
  facet normal 0.839321 -0.246428 -0.484577
    outer loop
      vertex 9.84406 -8.02777 7.09413
      vertex 9.082 -7.53802 5.52513
      vertex 10.3807 -6.2 7.09413
    endloop
  endfacet
  facet normal 0.658216 -0.193266 -0.727598
    outer loop
      vertex 9.47487 -6.2 5.52513
      vertex 6.74021 -7.75009 3.46298
      vertex 7.11865 -6.46122 3.46298
    endloop
  endfacet
  facet normal -0.601391 0.623588 0.499466
    outer loop
      vertex 4.78609 -3.64501 8.90587
      vertex 2.60211 -4.00009 6.71953
      vertex 3.17353 -4.65955 8.2309
    endloop
  endfacet
  facet normal 0.572837 -0.661096 0.484572
    outer loop
      vertex 9.082 -7.53802 10.4749
      vertex 8.0281 -8.45122 10.4749
      vertex 9.84406 -8.02777 8.90587
    endloop
  endfacet
  facet normal -0.515554 0 0.856857
    outer loop
      vertex 4.62538 -5.50275 10.4749
      vertex 6.13083 -6.45521 11.3807
      vertex 6.13083 -5.94479 11.3807
    endloop
  endfacet
  facet normal -0.515554 0 0.856857
    outer loop
      vertex 6.13083 -6.45521 11.3807
      vertex 4.62538 -5.50275 10.4749
      vertex 4.62538 -6.89725 10.4749
    endloop
  endfacet
  facet normal -0.363387 -0.7957 0.484574
    outer loop
      vertex 6.64779 -8.64968 10.4749
      vertex 4.78609 -8.75499 8.90587
      vertex 6.51887 -9.54633 8.90587
    endloop
  endfacet
  facet normal -0.214169 -0.468966 0.856856
    outer loop
      vertex 6.40678 -6.88461 11.3807
      vertex 5.3793 -8.07038 10.4749
      vertex 6.64779 -8.64968 10.4749
    endloop
  endfacet
  facet normal 0.57284 0.66109 -0.484577
    outer loop
      vertex 9.55333 -4.55907 6.49556
      vertex 8.40441 -3.12477 7.09413
      vertex 9.2402 -3.84899 7.09413
    endloop
  endfacet
  facet normal 0.57284 0.66109 -0.484576
    outer loop
      vertex 8.40441 -3.12477 7.09413
      vertex 9.55333 -4.55907 6.49556
      vertex 9.082 -4.86198 5.52513
    endloop
  endfacet
  facet normal 0.572838 -0.661093 0.484574
    outer loop
      vertex 9.84406 -8.02777 8.90587
      vertex 8.0281 -8.45122 10.4749
      vertex 8.40441 -9.27523 8.90587
    endloop
  endfacet
  facet normal 0.337613 -0.389631 0.856858
    outer loop
      vertex 9.082 -7.53802 10.4749
      vertex 7.37631 -7.024 11.3807
      vertex 8.0281 -8.45122 10.4749
    endloop
  endfacet
  facet normal 0.959486 -0.281755 -0.000252109
    outer loop
      vertex 9.84406 -8.02777 8.90587
      vertex 10.3807 -6.2 8.57193
      vertex 10.3397 -6.33992 8.90587
    endloop
  endfacet
  facet normal 0.959499 -0.281712 0
    outer loop
      vertex 10.3807 -6.2 8.57193
      vertex 9.84406 -8.02777 8.90587
      vertex 9.84406 -8.02777 7.09413
    endloop
  endfacet
  facet normal 0.959499 -0.281712 0
    outer loop
      vertex 10.3807 -6.2 8.57193
      vertex 9.84406 -8.02777 7.09413
      vertex 10.3807 -6.2 7.09413
    endloop
  endfacet
  facet normal -0.363387 0.7957 0.484574
    outer loop
      vertex 6.51887 -2.85367 8.90587
      vertex 4.78609 -3.64501 8.90587
      vertex 6.64779 -3.75032 10.4749
    endloop
  endfacet
  facet normal -0.214166 0.468967 0.856856
    outer loop
      vertex 6.64779 -3.75032 10.4749
      vertex 5.3793 -4.32961 10.4749
      vertex 6.87108 -5.30335 11.3807
    endloop
  endfacet
  facet normal -0.673835 0.433041 0.598684
    outer loop
      vertex 5.3793 -4.32961 10.4749
      vertex 3.17353 -4.65955 8.2309
      vertex 4.62538 -5.50275 10.4749
    endloop
  endfacet
  facet normal -0.433714 -0.278723 0.856858
    outer loop
      vertex 6.13083 -6.45521 11.3807
      vertex 4.62538 -6.89725 10.4749
      vertex 6.40678 -6.88461 11.3807
    endloop
  endfacet
  facet normal 0.635239 0.186521 -0.749454
    outer loop
      vertex 7.11865 -6.46122 3.46298
      vertex 6.74021 -5.17236 3.46298
      vertex 9.47487 -6.2 5.52513
    endloop
  endfacet
  facet normal 0.658216 -0.193266 -0.727599
    outer loop
      vertex 9.082 -7.53802 5.52513
      vertex 6.74021 -7.75009 3.46298
      vertex 9.47487 -6.2 5.52513
    endloop
  endfacet
  facet normal 0.142316 0.989821 8.58959e-06
    outer loop
      vertex 8.40441 -3.12477 8.69178
      vertex 6.51887 -2.85367 8.90587
      vertex 8.29242 -3.10867 8.90587
    endloop
  endfacet
  facet normal 0.142315 0.989821 0
    outer loop
      vertex 6.51887 -2.85367 7.09413
      vertex 8.40441 -3.12477 8.69178
      vertex 8.40441 -3.12477 7.09413
    endloop
  endfacet
  facet normal 0.142315 0.989821 0
    outer loop
      vertex 8.40441 -3.12477 8.69178
      vertex 6.51887 -2.85367 7.09413
      vertex 6.51887 -2.85367 8.90587
    endloop
  endfacet
  facet normal 0.135135 0.939886 -0.313613
    outer loop
      vertex 8.40441 -3.12477 7.09413
      vertex 4.27124 -3.23782 4.97435
      vertex 6.51887 -2.85367 7.09413
    endloop
  endfacet
  facet normal -0.673832 0.433044 0.598684
    outer loop
      vertex 3.17353 -4.65955 8.2309
      vertex 2.4473 -5.78959 8.2309
      vertex 4.62538 -5.50275 10.4749
    endloop
  endfacet
  facet normal 0.572836 -0.66109 -0.484582
    outer loop
      vertex 8.40441 -9.27523 7.09413
      vertex 8.0281 -8.45122 5.52513
      vertex 9.84406 -8.02777 7.09413
    endloop
  endfacet
  facet normal 0.12449 -0.865846 0.484574
    outer loop
      vertex 6.64779 -8.64968 10.4749
      vertex 6.51887 -9.54633 8.90587
      vertex 8.40441 -9.27523 8.90587
    endloop
  endfacet
  facet normal -0.433714 -0.278729 0.856856
    outer loop
      vertex 6.40678 -6.88461 11.3807
      vertex 4.62538 -6.89725 10.4749
      vertex 5.3793 -8.07038 10.4749
    endloop
  endfacet
  facet normal -0.633641 -0.407213 0.657782
    outer loop
      vertex 4.62538 -6.89725 10.4749
      vertex 3.17353 -8.2629 8.2309
      vertex 5.3793 -8.07038 10.4749
    endloop
  endfacet
  facet normal -0.436154 -0.752617 0.493293
    outer loop
      vertex 3.17353 -8.2629 8.2309
      vertex 2.60211 -8.92236 6.71953
      vertex 5.3793 -8.07038 10.4749
    endloop
  endfacet
  facet normal 0.839323 -0.246442 -0.484566
    outer loop
      vertex 10.3807 -6.2 7.09413
      vertex 9.082 -7.53802 5.52513
      vertex 9.47487 -6.2 5.52513
    endloop
  endfacet
  facet normal 0.0733714 -0.510306 0.856857
    outer loop
      vertex 7.37631 -7.024 11.3807
      vertex 6.64779 -8.64968 10.4749
      vertex 8.0281 -8.45122 10.4749
    endloop
  endfacet
  facet normal -0.16847 0.985707 0
    outer loop
      vertex 6.51887 -2.85367 7.09413
      vertex 4.27124 -3.23782 6.71953
      vertex 6.51887 -2.85367 8.90587
    endloop
  endfacet
  facet normal -0.16847 0.985707 0
    outer loop
      vertex 4.27124 -3.23782 6.71953
      vertex 6.51887 -2.85367 7.09413
      vertex 4.27124 -3.23782 4.97435
    endloop
  endfacet
  facet normal 0.327684 0.801827 -0.499697
    outer loop
      vertex 8.0281 -3.94878 5.52513
      vertex 6.08751 -3.49896 4.97435
      vertex 8.40441 -3.12477 7.09413
    endloop
  endfacet
  facet normal 0.572833 0.661092 -0.484582
    outer loop
      vertex 9.082 -4.86198 5.52513
      vertex 8.0281 -3.94878 5.52513
      vertex 8.40441 -3.12477 7.09413
    endloop
  endfacet
  facet normal 0.545057 -0.629036 -0.55428
    outer loop
      vertex 8.0281 -8.45122 5.52513
      vertex 6.74021 -7.75009 3.46298
      vertex 9.082 -7.53802 5.52513
    endloop
  endfacet
  facet normal 0.124489 0.865836 0.484593
    outer loop
      vertex 8.29242 -3.10867 8.90587
      vertex 6.51887 -2.85367 8.90587
      vertex 7.66765 -3.68723 10.1001
    endloop
  endfacet
  facet normal 0.124488 0.86589 0.484497
    outer loop
      vertex 7.66765 -3.68723 10.1001
      vertex 6.64779 -3.75032 10.4749
      vertex 7.47161 -3.86876 10.4749
    endloop
  endfacet
  facet normal 0.124518 0.865844 0.484571
    outer loop
      vertex 6.64779 -3.75032 10.4749
      vertex 7.66765 -3.68723 10.1001
      vertex 6.51887 -2.85367 8.90587
    endloop
  endfacet
  facet normal -0.401333 0.878793 0.258177
    outer loop
      vertex 4.27124 -3.23782 6.71953
      vertex 2.60211 -4.00009 6.71953
      vertex 4.78609 -3.64501 8.90587
    endloop
  endfacet
  facet normal 0.49748 -0.713172 -0.493861
    outer loop
      vertex 8.40441 -9.27523 7.09413
      vertex 6.08751 -9.42349 4.97435
      vertex 8.0281 -8.45122 5.52513
    endloop
  endfacet
  facet normal 0.141788 -0.986154 -0.0860001
    outer loop
      vertex 6.51887 -9.54633 7.09413
      vertex 4.27124 -9.68463 4.97435
      vertex 8.40441 -9.27523 7.09413
    endloop
  endfacet
  facet normal -0.363385 -0.795702 0.484572
    outer loop
      vertex 5.3793 -8.07038 10.4749
      vertex 4.78609 -8.75499 8.90587
      vertex 6.64779 -8.64968 10.4749
    endloop
  endfacet
  facet normal -0.436141 -0.752629 0.493286
    outer loop
      vertex 5.3793 -8.07038 10.4749
      vertex 2.60211 -8.92236 6.71953
      vertex 4.78609 -8.75499 8.90587
    endloop
  endfacet
  facet normal 0.839311 0.246461 -0.484577
    outer loop
      vertex 9.61543 -5.00393 6.37686
      vertex 9.082 -4.86198 5.52513
      vertex 9.55333 -4.55907 6.49556
    endloop
  endfacet
  facet normal 0.839318 0.246408 -0.484591
    outer loop
      vertex 10.3807 -6.2 7.09413
      vertex 9.61543 -5.00393 6.37686
      vertex 10.168 -5.4755 7.09413
    endloop
  endfacet
  facet normal 0.839318 0.24641 -0.48459
    outer loop
      vertex 9.61543 -5.00393 6.37686
      vertex 10.3807 -6.2 7.09413
      vertex 9.082 -4.86198 5.52513
    endloop
  endfacet
  facet normal 0.959505 0.281693 -0
    outer loop
      vertex 10.3807 -6.2 7.09413
      vertex 10.168 -5.4755 7.09413
      vertex 10.3807 -6.2 8.57193
    endloop
  endfacet
  facet normal -0.433717 0.278724 0.856856
    outer loop
      vertex 6.40678 -5.51539 11.3807
      vertex 5.3793 -4.32961 10.4749
      vertex 6.13083 -5.94479 11.3807
    endloop
  endfacet
  facet normal 0.83932 -0.24644 0.484571
    outer loop
      vertex 9.84406 -8.02777 8.90587
      vertex 10.1799 -6.40691 9.14849
      vertex 9.082 -7.53802 10.4749
    endloop
  endfacet
  facet normal 0.839237 -0.246444 0.484712
    outer loop
      vertex 10.1799 -6.40691 9.14849
      vertex 9.84406 -8.02777 8.90587
      vertex 10.3397 -6.33992 8.90587
    endloop
  endfacet
  facet normal 0.839328 -0.246444 0.484555
    outer loop
      vertex 9.082 -7.53802 10.4749
      vertex 10.1271 -6.42904 9.22864
      vertex 9.30659 -6.77312 10.4749
    endloop
  endfacet
  facet normal 0.839247 -0.245898 0.484972
    outer loop
      vertex 10.1271 -6.42904 9.22864
      vertex 9.082 -7.53802 10.4749
      vertex 10.1799 -6.40691 9.14849
    endloop
  endfacet
  facet normal 0.0733728 0.510265 0.856882
    outer loop
      vertex 7.08557 -5.05224 11.2128
      vertex 6.87108 -5.30335 11.3807
      vertex 6.99772 -5.32156 11.3807
    endloop
  endfacet
  facet normal 0.0733677 0.510316 0.856852
    outer loop
      vertex 6.64779 -3.75032 10.4749
      vertex 7.08557 -5.05224 11.2128
      vertex 7.47161 -3.86876 10.4749
    endloop
  endfacet
  facet normal 0.0733134 0.510304 0.856864
    outer loop
      vertex 7.08557 -5.05224 11.2128
      vertex 6.64779 -3.75032 10.4749
      vertex 6.87108 -5.30335 11.3807
    endloop
  endfacet
  facet normal -0.21417 0.468963 0.856858
    outer loop
      vertex 6.87108 -5.30335 11.3807
      vertex 5.3793 -4.32961 10.4749
      vertex 6.40678 -5.51539 11.3807
    endloop
  endfacet
  facet normal 0.337635 -0.389664 0.856834
    outer loop
      vertex 7.37631 -7.024 11.3807
      vertex 7.87936 -6.76513 11.3002
      vertex 7.69109 -6.75125 11.3807
    endloop
  endfacet
  facet normal 0.337618 -0.389621 0.85686
    outer loop
      vertex 7.87936 -6.76513 11.3002
      vertex 7.37631 -7.024 11.3807
      vertex 9.082 -7.53802 10.4749
    endloop
  endfacet
  facet normal 0.65486 -0.755751 0
    outer loop
      vertex 8.40441 -9.27523 7.09413
      vertex 9.84406 -8.02777 8.90587
      vertex 8.40441 -9.27523 8.90587
    endloop
  endfacet
  facet normal 0.65486 -0.755751 0
    outer loop
      vertex 9.84406 -8.02777 8.90587
      vertex 8.40441 -9.27523 7.09413
      vertex 9.84406 -8.02777 7.09413
    endloop
  endfacet
  facet normal -0.601392 0.623594 0.499458
    outer loop
      vertex 4.78609 -3.64501 8.90587
      vertex 3.17353 -4.65955 8.2309
      vertex 5.3793 -4.32961 10.4749
    endloop
  endfacet
  facet normal -0.363381 0.795706 0.484568
    outer loop
      vertex 6.64779 -3.75032 10.4749
      vertex 4.78609 -3.64501 8.90587
      vertex 5.3793 -4.32961 10.4749
    endloop
  endfacet
  facet normal 0 0 1
    outer loop
      vertex 6.40678 -5.51539 11.3807
      vertex 6.99772 -5.32156 11.3807
      vertex 6.87108 -5.30335 11.3807
    endloop
  endfacet
  facet normal 0 0 1
    outer loop
      vertex 7.44542 -6.68568 11.3807
      vertex 7.37631 -7.024 11.3807
      vertex 7.69109 -6.75125 11.3807
    endloop
  endfacet
  facet normal 0 0 1
    outer loop
      vertex 6.99772 -6.56619 11.3807
      vertex 7.37631 -7.024 11.3807
      vertex 7.44542 -6.68568 11.3807
    endloop
  endfacet
  facet normal 0 0 1
    outer loop
      vertex 6.99772 -6.56619 11.3807
      vertex 6.87108 -7.09665 11.3807
      vertex 7.37631 -7.024 11.3807
    endloop
  endfacet
  facet normal 0 0 1
    outer loop
      vertex 6.99772 -5.32156 11.3807
      vertex 6.40678 -5.51539 11.3807
      vertex 6.99772 -6.56619 11.3807
    endloop
  endfacet
  facet normal -0 0 1
    outer loop
      vertex 6.13083 -5.94479 11.3807
      vertex 6.99772 -6.56619 11.3807
      vertex 6.40678 -5.51539 11.3807
    endloop
  endfacet
  facet normal 0 0 1
    outer loop
      vertex 6.99772 -6.56619 11.3807
      vertex 6.40678 -6.88461 11.3807
      vertex 6.87108 -7.09665 11.3807
    endloop
  endfacet
  facet normal -0 0 1
    outer loop
      vertex 6.13083 -6.45521 11.3807
      vertex 6.99772 -6.56619 11.3807
      vertex 6.13083 -5.94479 11.3807
    endloop
  endfacet
  facet normal 0 0 1
    outer loop
      vertex 6.99772 -6.56619 11.3807
      vertex 6.13083 -6.45521 11.3807
      vertex 6.40678 -6.88461 11.3807
    endloop
  endfacet
  facet normal 0.497142 0.573732 -0.650908
    outer loop
      vertex 6.74021 -5.17236 3.46298
      vertex 5.72503 -4.2927 3.46298
      vertex 8.0281 -3.94878 5.52513
    endloop
  endfacet
  facet normal 0.497139 0.573735 -0.650908
    outer loop
      vertex 9.082 -4.86198 5.52513
      vertex 6.74021 -5.17236 3.46298
      vertex 8.0281 -3.94878 5.52513
    endloop
  endfacet
  facet normal 0.49748 -0.713175 -0.493858
    outer loop
      vertex 6.08751 -9.42349 4.97435
      vertex 5.72503 -8.62975 3.46298
      vertex 8.0281 -8.45122 5.52513
    endloop
  endfacet
  facet normal 0.54506 -0.629032 -0.554281
    outer loop
      vertex 8.0281 -8.45122 5.52513
      vertex 5.72503 -8.62975 3.46298
      vertex 6.74021 -7.75009 3.46298
    endloop
  endfacet
  facet normal 0.531529 0.613416 -0.584122
    outer loop
      vertex 5.49892 -4.9509 2.56602
      vertex 5.72503 -4.2927 3.46298
      vertex 6.74021 -5.17236 3.46298
    endloop
  endfacet
  facet normal 0.531524 0.613419 -0.584123
    outer loop
      vertex 5.09549 -4.60133 2.56602
      vertex 5.72503 -4.2927 3.46298
      vertex 5.49892 -4.9509 2.56602
    endloop
  endfacet
  facet normal 0.531519 0.613425 -0.584122
    outer loop
      vertex 5.09549 -4.60133 2.56602
      vertex 3.46277 -4.58764 1.09471
      vertex 5.72503 -4.2927 3.46298
    endloop
  endfacet
  facet normal 0.531525 0.613413 -0.584128
    outer loop
      vertex 3.46277 -4.58764 1.09471
      vertex 5.09549 -4.60133 2.56602
      vertex 4.88996 -4.84226 2.12599
    endloop
  endfacet
  facet normal -0.703849 0.45234 0.547709
    outer loop
      vertex 1.00858 -4.9405 5.6808
      vertex 0.310041 -6.02744 5.6808
      vertex 3.17353 -4.65955 8.2309
    endloop
  endfacet
  facet normal 0.531533 0.613404 -0.584131
    outer loop
      vertex 5.86874 -5.27136 2.56602
      vertex 5.49892 -4.9509 2.56602
      vertex 6.74021 -5.17236 3.46298
    endloop
  endfacet
  facet normal 0.531558 0.613392 -0.58412
    outer loop
      vertex 4.43924 -5.43375 1.09471
      vertex 4.69098 -5.0755 1.7
      vertex 4.69098 -5.40516 1.35382
    endloop
  endfacet
  facet normal 0.531527 0.613408 -0.584132
    outer loop
      vertex 4.69098 -5.0755 1.7
      vertex 3.46277 -4.58764 1.09471
      vertex 4.88996 -4.84226 2.12599
    endloop
  endfacet
  facet normal 0.531526 0.613418 -0.584122
    outer loop
      vertex 3.46277 -4.58764 1.09471
      vertex 4.69098 -5.0755 1.7
      vertex 4.43924 -5.43375 1.09471
    endloop
  endfacet
  facet normal 0.565447 -0.652542 -0.50444
    outer loop
      vertex 6.74021 -7.75009 3.46298
      vertex 5.49892 -8.13232 2.56602
      vertex 5.86874 -7.81186 2.56602
    endloop
  endfacet
  facet normal 0.565468 -0.652517 -0.504449
    outer loop
      vertex 4.77744 -8.35448 2.04468
      vertex 4.69098 -8.16294 1.7
      vertex 4.88996 -8.31983 2.12599
    endloop
  endfacet
  facet normal 0.565442 -0.652554 -0.50443
    outer loop
      vertex 4.69098 -8.16294 1.7
      vertex 4.43924 -7.91318 1.09471
      vertex 4.69098 -7.89534 1.35382
    endloop
  endfacet
  facet normal 0.565555 -0.652452 -0.504435
    outer loop
      vertex 4.43924 -7.91318 1.09471
      vertex 4.69098 -8.16294 1.7
      vertex 4.77744 -8.35448 2.04468
    endloop
  endfacet
  facet normal 0.54964 -0.678092 -0.487943
    outer loop
      vertex 4.21291 -8.94912 2.20349
      vertex 5.72503 -8.62975 3.46298
      vertex 6.08751 -9.42349 4.97435
    endloop
  endfacet
  facet normal 0.54964 -0.67809 -0.487944
    outer loop
      vertex 5.72503 -8.62975 3.46298
      vertex 4.21291 -8.94912 2.20349
      vertex 4.38263 -8.70662 2.05767
    endloop
  endfacet
  facet normal 0.708648 -0.208083 -0.67418
    outer loop
      vertex 6.74021 -7.75009 3.46298
      vertex 5.86874 -7.81186 2.56602
      vertex 6.00661 -7.34233 2.56602
    endloop
  endfacet
  facet normal 0.708657 -0.208075 -0.674174
    outer loop
      vertex 4.69098 -7.89534 1.35382
      vertex 4.43924 -7.91318 1.09471
      vertex 4.69098 -7.05581 1.09471
    endloop
  endfacet
  facet normal 0.708652 -0.208077 -0.674178
    outer loop
      vertex 7.11865 -6.46122 3.46298
      vertex 6.00661 -7.34233 2.56602
      vertex 6.24172 -6.54161 2.56602
    endloop
  endfacet
  facet normal 0.708652 -0.208075 -0.674179
    outer loop
      vertex 6.00661 -7.34233 2.56602
      vertex 7.11865 -6.46122 3.46298
      vertex 6.74021 -7.75009 3.46298
    endloop
  endfacet
  facet normal 0.691017 0.202906 -0.693775
    outer loop
      vertex 6.00661 -5.74089 2.56602
      vertex 5.86874 -5.27136 2.56602
      vertex 6.74021 -5.17236 3.46298
    endloop
  endfacet
  facet normal 0.691031 0.2029 -0.693763
    outer loop
      vertex 4.69098 -6.29112 1.09471
      vertex 4.43924 -5.43375 1.09471
      vertex 4.69098 -5.40516 1.35382
    endloop
  endfacet
  facet normal -0.674739 -0.433627 0.597239
    outer loop
      vertex 2.4473 -7.13286 8.2309
      vertex 1.00858 -8.40644 5.6808
      vertex 3.17353 -8.2629 8.2309
    endloop
  endfacet
  facet normal -0.657809 0.566794 0.496016
    outer loop
      vertex 2.60211 -4.00009 6.71953
      vertex 0.458944 -4.30619 4.22707
      vertex 3.17353 -4.65955 8.2309
    endloop
  endfacet
  facet normal 0.0404414 -0.999182 0
    outer loop
      vertex 2.06442 -9.77395 4.22707
      vertex 4.27124 -9.68463 4.97435
      vertex 4.27124 -9.68463 6.71953
    endloop
  endfacet
  facet normal 0.0404414 -0.999182 0
    outer loop
      vertex 4.27124 -9.68463 4.97435
      vertex 2.06442 -9.77395 4.22707
      vertex 2.06442 -9.77395 2.54844
    endloop
  endfacet
  facet normal -0.403438 0.883402 0.238409
    outer loop
      vertex 4.27124 -3.23782 6.71953
      vertex 0.458944 -4.30619 4.22707
      vertex 2.60211 -4.00009 6.71953
    endloop
  endfacet
  facet normal -0.385651 -0.844453 0.371716
    outer loop
      vertex 2.60211 -8.92236 6.71953
      vertex 2.06442 -9.77395 4.22707
      vertex 4.27124 -9.68463 6.71953
    endloop
  endfacet
  facet normal 0.423512 0.756241 -0.498735
    outer loop
      vertex 5.72503 -4.2927 3.46298
      vertex 3.46277 -4.58764 1.09471
      vertex 6.08751 -3.49896 4.97435
    endloop
  endfacet
  facet normal -0.674739 -0.433628 0.597239
    outer loop
      vertex 2.4473 -7.13286 8.2309
      vertex 0.310041 -7.31949 5.6808
      vertex 1.00858 -8.40644 5.6808
    endloop
  endfacet
  facet normal -0.766419 0 0.642341
    outer loop
      vertex 0.310041 -6.02744 5.6808
      vertex 2.4473 -7.13286 8.2309
      vertex 2.4473 -5.78959 8.2309
    endloop
  endfacet
  facet normal -0.766419 0 0.642341
    outer loop
      vertex 2.4473 -7.13286 8.2309
      vertex 0.310041 -6.02744 5.6808
      vertex 0.310041 -7.31949 5.6808
    endloop
  endfacet
  facet normal 0.141703 -0.985567 -0.0926177
    outer loop
      vertex 4.27124 -9.68463 4.97435
      vertex 2.06442 -9.77395 2.54844
      vertex 6.08751 -9.42349 4.97435
    endloop
  endfacet
  facet normal 0.565428 -0.652565 -0.504431
    outer loop
      vertex 5.49892 -8.13232 2.56602
      vertex 5.72503 -8.62975 3.46298
      vertex 5.09549 -8.48188 2.56602
    endloop
  endfacet
  facet normal 0.565447 -0.652541 -0.50444
    outer loop
      vertex 4.38263 -8.70662 2.05767
      vertex 5.09549 -8.48188 2.56602
      vertex 5.72503 -8.62975 3.46298
    endloop
  endfacet
  facet normal 0.565441 -0.652558 -0.504425
    outer loop
      vertex 4.38263 -8.70662 2.05767
      vertex 4.88996 -8.31983 2.12599
      vertex 5.09549 -8.48188 2.56602
    endloop
  endfacet
  facet normal 0.565431 -0.652539 -0.504461
    outer loop
      vertex 4.78206 -8.36051 2.05767
      vertex 4.88996 -8.31983 2.12599
      vertex 4.38263 -8.70662 2.05767
    endloop
  endfacet
  facet normal 0.565347 -0.652866 -0.504133
    outer loop
      vertex 4.88996 -8.31983 2.12599
      vertex 4.78206 -8.36051 2.05767
      vertex 4.77744 -8.35448 2.04468
    endloop
  endfacet
  facet normal 0.565442 -0.652554 -0.504428
    outer loop
      vertex 5.72503 -8.62975 3.46298
      vertex 5.49892 -8.13232 2.56602
      vertex 6.74021 -7.75009 3.46298
    endloop
  endfacet
  facet normal 0.549636 -0.678096 -0.487941
    outer loop
      vertex 6.08751 -9.42349 4.97435
      vertex 3.81143 -9.52276 2.54844
      vertex 4.21291 -8.94912 2.20349
    endloop
  endfacet
  facet normal 0.69102 0.2029 -0.693774
    outer loop
      vertex 6.00661 -5.74089 2.56602
      vertex 7.11865 -6.46122 3.46298
      vertex 6.24172 -6.54161 2.56602
    endloop
  endfacet
  facet normal 0.691021 0.2029 -0.693774
    outer loop
      vertex 7.11865 -6.46122 3.46298
      vertex 6.00661 -5.74089 2.56602
      vertex 6.74021 -5.17236 3.46298
    endloop
  endfacet
  facet normal 0.137524 0.956507 -0.257257
    outer loop
      vertex 3.81143 -3.82417 2.54844
      vertex 2.06442 -3.57299 2.54844
      vertex 4.27124 -3.23782 4.97435
    endloop
  endfacet
  facet normal -0.403438 0.883402 0.238409
    outer loop
      vertex 2.06442 -3.57299 4.22707
      vertex 0.458944 -4.30619 4.22707
      vertex 4.27124 -3.23782 6.71953
    endloop
  endfacet
  facet normal -0.70385 0.452335 0.547712
    outer loop
      vertex 3.17353 -4.65955 8.2309
      vertex 0.310041 -6.02744 5.6808
      vertex 2.4473 -5.78959 8.2309
    endloop
  endfacet
  facet normal 0.141707 -0.985566 -0.0926251
    outer loop
      vertex 6.08751 -9.42349 4.97435
      vertex 2.06442 -9.77395 2.54844
      vertex 3.81143 -9.52276 2.54844
    endloop
  endfacet
  facet normal -0.543991 -0.67402 0.49977
    outer loop
      vertex 3.17353 -8.2629 8.2309
      vertex 1.00858 -8.40644 5.6808
      vertex 2.60211 -8.92236 6.71953
    endloop
  endfacet
  facet normal -0.543992 -0.674018 0.499772
    outer loop
      vertex 1.00858 -8.40644 5.6808
      vertex 0.458944 -9.04075 4.22707
      vertex 2.60211 -8.92236 6.71953
    endloop
  endfacet
  facet normal 0.137525 0.956507 -0.257257
    outer loop
      vertex 6.08751 -3.49896 4.97435
      vertex 3.81143 -3.82417 2.54844
      vertex 4.27124 -3.23782 4.97435
    endloop
  endfacet
  facet normal 0.423515 0.756239 -0.498737
    outer loop
      vertex 6.08751 -3.49896 4.97435
      vertex 3.46277 -4.58764 1.09471
      vertex 3.81143 -3.82417 2.54844
    endloop
  endfacet
  facet normal -0.150157 0.988662 0
    outer loop
      vertex 4.27124 -3.23782 4.97435
      vertex 2.06442 -3.57299 4.22707
      vertex 4.27124 -3.23782 6.71953
    endloop
  endfacet
  facet normal -0.150157 0.988662 0
    outer loop
      vertex 2.06442 -3.57299 4.22707
      vertex 4.27124 -3.23782 4.97435
      vertex 2.06442 -3.57299 2.54844
    endloop
  endfacet
  facet normal -0.657814 0.566786 0.496018
    outer loop
      vertex 3.17353 -4.65955 8.2309
      vertex 0.458944 -4.30619 4.22707
      vertex 1.00858 -4.9405 5.6808
    endloop
  endfacet
  facet normal -0.385651 -0.844453 0.371716
    outer loop
      vertex 2.60211 -8.92236 6.71953
      vertex 0.458944 -9.04075 4.22707
      vertex 2.06442 -9.77395 4.22707
    endloop
  endfacet
  facet normal -0.782327 -0.25419 0.56864
    outer loop
      vertex 0.310041 -7.31949 5.6808
      vertex -2.19298 -6.83673 2.45298
      vertex -1.7118 -8.31767 2.45298
    endloop
  endfacet
  facet normal -0.566693 0.78 0.265443
    outer loop
      vertex 0.458944 -4.30619 4.22707
      vertex -1.09742 -4.50573 1.49074
      vertex -1.46671 -4.77403 1.49074
    endloop
  endfacet
  facet normal -0.566704 0.779989 0.26545
    outer loop
      vertex 0.458944 -4.30619 4.22707
      vertex -0.992784 -4.36272 1.29391
      vertex -1.09742 -4.50573 1.49074
    endloop
  endfacet
  facet normal -0.566699 0.779993 0.265448
    outer loop
      vertex -0.992784 -4.36272 1.29391
      vertex 0.458944 -4.30619 4.22707
      vertex -0.635836 -3.87487 0.622449
    endloop
  endfacet
  facet normal -0.566695 0.779997 0.265445
    outer loop
      vertex 0.458944 -4.30619 4.22707
      vertex -1.46671 -4.77403 1.49074
      vertex -1.55418 -4.83758 1.49074
    endloop
  endfacet
  facet normal -0.395949 -0.867003 0.302538
    outer loop
      vertex 0.458944 -9.04075 4.22707
      vertex -0.635836 -9.7986 0.622449
      vertex 2.06442 -9.77395 4.22707
    endloop
  endfacet
  facet normal -0.111105 0.993809 0
    outer loop
      vertex 2.06442 -3.57299 2.54844
      vertex -0.635836 -3.87487 0.622449
      vertex 2.06442 -3.57299 4.22707
    endloop
  endfacet
  facet normal 0.21656 0.926404 -0.308022
    outer loop
      vertex 3.81143 -3.82417 2.54844
      vertex 1.1051 -4.44054 -1.20808
      vertex 1.2889 -3.87487 0.622449
    endloop
  endfacet
  facet normal -0.790242 0 0.612795
    outer loop
      vertex 0.310041 -6.02744 5.6808
      vertex -2.19298 -6.83673 2.45298
      vertex 0.310041 -7.31949 5.6808
    endloop
  endfacet
  facet normal 0.513672 0.707016 -0.486075
    outer loop
      vertex 2.36486 -5.3558 -1.20808
      vertex 1.1051 -4.44054 -1.20808
      vertex 3.81143 -3.82417 2.54844
    endloop
  endfacet
  facet normal 0.586984 -0.677412 -0.443353
    outer loop
      vertex 4.38263 -8.70662 2.05767
      vertex 2.36486 -8.31767 -1.20808
      vertex 4.78206 -8.36051 2.05767
    endloop
  endfacet
  facet normal 0.586984 -0.677413 -0.443353
    outer loop
      vertex 4.21291 -8.94912 2.20349
      vertex 2.36486 -8.31767 -1.20808
      vertex 4.38263 -8.70662 2.05767
    endloop
  endfacet
  facet normal 0.586979 -0.677418 -0.443351
    outer loop
      vertex 2.36486 -8.31767 -1.20808
      vertex 4.21291 -8.94912 2.20349
      vertex 3.81143 -9.52276 2.54844
    endloop
  endfacet
  facet normal -0.602557 0.739682 0.299658
    outer loop
      vertex -1.55418 -4.83758 1.49074
      vertex -1.7118 -5.3558 2.45298
      vertex 0.458944 -4.30619 4.22707
    endloop
  endfacet
  facet normal -0.404399 0.885506 0.22878
    outer loop
      vertex 2.06442 -3.57299 4.22707
      vertex -0.635836 -3.87487 0.622449
      vertex 0.458944 -4.30619 4.22707
    endloop
  endfacet
  facet normal -0.691081 -0.44413 0.570223
    outer loop
      vertex 0.310041 -7.31949 5.6808
      vertex -1.7118 -8.31767 2.45298
      vertex 1.00858 -8.40644 5.6808
    endloop
  endfacet
  facet normal 0.750874 -0.220479 -0.622558
    outer loop
      vertex 4.69098 -7.05581 1.09471
      vertex 2.84604 -6.83673 -1.20808
      vertex 4.69098 -6.68283 0.962619
    endloop
  endfacet
  facet normal 0.750875 -0.220471 -0.622558
    outer loop
      vertex 2.84604 -6.83673 -1.20808
      vertex 4.69098 -7.05581 1.09471
      vertex 4.43924 -7.91318 1.09471
    endloop
  endfacet
  facet normal 0.725985 0.235885 -0.645991
    outer loop
      vertex 2.84604 -6.83673 -1.20808
      vertex 2.36486 -5.3558 -1.20808
      vertex 4.43924 -5.43375 1.09471
    endloop
  endfacet
  facet normal 0.736326 0.216208 -0.641154
    outer loop
      vertex 2.84604 -6.83673 -1.20808
      vertex 4.69098 -6.29112 1.09471
      vertex 4.69098 -6.68283 0.962619
    endloop
  endfacet
  facet normal 0.736328 0.2162 -0.641154
    outer loop
      vertex 4.69098 -6.29112 1.09471
      vertex 2.84604 -6.83673 -1.20808
      vertex 4.43924 -5.43375 1.09471
    endloop
  endfacet
  facet normal 0.0317691 -0.999495 0
    outer loop
      vertex 2.06442 -9.77395 4.22707
      vertex 1.2889 -9.7986 0.622449
      vertex 2.06442 -9.77395 2.54844
    endloop
  endfacet
  facet normal -0.793753 0.257904 0.550855
    outer loop
      vertex -1.7118 -5.3558 2.45298
      vertex -2.19298 -6.83673 2.45298
      vertex 0.310041 -6.02744 5.6808
    endloop
  endfacet
  facet normal 0.139207 0.968213 -0.207811
    outer loop
      vertex 3.81143 -3.82417 2.54844
      vertex 1.2889 -3.87487 0.622449
      vertex 2.06442 -3.57299 2.54844
    endloop
  endfacet
  facet normal 0 0.987938 -0.15485
    outer loop
      vertex 1.2889 -3.87487 0.622449
      vertex -0.635836 -3.87487 0.622449
      vertex 2.06442 -3.57299 2.54844
    endloop
  endfacet
  facet normal -0.671214 0.552069 0.494663
    outer loop
      vertex 0.458944 -4.30619 4.22707
      vertex -1.7118 -5.3558 2.45298
      vertex 1.00858 -4.9405 5.6808
    endloop
  endfacet
  facet normal -0.708743 0.455485 0.538719
    outer loop
      vertex 1.00858 -4.9405 5.6808
      vertex -1.7118 -5.3558 2.45298
      vertex 0.310041 -6.02744 5.6808
    endloop
  endfacet
  facet normal 0.570314 0.658182 -0.491466
    outer loop
      vertex 4.43924 -5.43375 1.09471
      vertex 2.36486 -5.3558 -1.20808
      vertex 3.46277 -4.58764 1.09471
    endloop
  endfacet
  facet normal 0.548821 0.678674 -0.488054
    outer loop
      vertex 3.46277 -4.58764 1.09471
      vertex 2.36486 -5.3558 -1.20808
      vertex 3.81143 -3.82417 2.54844
    endloop
  endfacet
  facet normal 0.741766 -0.241011 -0.625857
    outer loop
      vertex 4.43924 -7.91318 1.09471
      vertex 2.36486 -8.31767 -1.20808
      vertex 2.84604 -6.83673 -1.20808
    endloop
  endfacet
  facet normal -0.612177 -0.613326 0.49907
    outer loop
      vertex 1.00858 -8.40644 5.6808
      vertex -1.7118 -8.31767 2.45298
      vertex 0.458944 -9.04075 4.22707
    endloop
  endfacet
  facet normal -0.547709 -0.753864 0.362909
    outer loop
      vertex 0.458944 -9.04075 4.22707
      vertex -1.7118 -8.31767 2.45298
      vertex -0.452041 -9.23293 2.45298
    endloop
  endfacet
  facet normal -0.415981 -0.856216 0.306354
    outer loop
      vertex -0.452041 -9.23293 2.45298
      vertex -0.635836 -9.7986 0.622449
      vertex 0.458944 -9.04075 4.22707
    endloop
  endfacet
  facet normal 0 -0.999977 0.00683828
    outer loop
      vertex 2.06442 -9.77395 4.22707
      vertex -0.635836 -9.7986 0.622449
      vertex 1.2889 -9.7986 0.622449
    endloop
  endfacet
  facet normal 0.333157 -0.890886 -0.308753
    outer loop
      vertex 1.2889 -9.7986 0.622449
      vertex 1.1051 -9.23293 -1.20808
      vertex 3.81143 -9.52276 2.54844
    endloop
  endfacet
  facet normal 0.52868 -0.727673 -0.437023
    outer loop
      vertex 3.81143 -9.52276 2.54844
      vertex 1.1051 -9.23293 -1.20808
      vertex 2.36486 -8.31767 -1.20808
    endloop
  endfacet
  facet normal 0.142178 -0.988836 -0.0445936
    outer loop
      vertex 2.06442 -9.77395 2.54844
      vertex 1.2889 -9.7986 0.622449
      vertex 3.81143 -9.52276 2.54844
    endloop
  endfacet
  facet normal 0.661008 -0.562513 -0.496637
    outer loop
      vertex 4.77744 -8.35448 2.04468
      vertex 2.36486 -8.31767 -1.20808
      vertex 4.43924 -7.91318 1.09471
    endloop
  endfacet
  facet normal 0.660656 -0.563149 -0.496383
    outer loop
      vertex 2.36486 -8.31767 -1.20808
      vertex 4.77744 -8.35448 2.04468
      vertex 4.78206 -8.36051 2.05767
    endloop
  endfacet
  facet normal -0.526027 0.796226 0.298863
    outer loop
      vertex -0.635836 -3.87487 0.622449
      vertex -2.73896 -4.11144 -2.44898
      vertex -0.992784 -4.36272 1.29391
    endloop
  endfacet
  facet normal -0 -0.999997 -0.00260464
    outer loop
      vertex -0.893689 -9.7906 -2.44898
      vertex -0.635836 -9.7986 0.622449
      vertex -2.73896 -9.7906 -2.44898
    endloop
  endfacet
  facet normal 0 -0.999997 -0.00260464
    outer loop
      vertex -0.635836 -9.7986 0.622449
      vertex -0.893689 -9.7906 -2.44898
      vertex 1.2889 -9.7986 0.622449
    endloop
  endfacet
  facet normal -0.526031 0.796222 0.298867
    outer loop
      vertex -0.992784 -4.36272 1.29391
      vertex -2.56275 -4.65375 -0.69402
      vertex -1.09742 -4.50573 1.49074
    endloop
  endfacet
  facet normal -0.526027 0.796226 0.298863
    outer loop
      vertex -2.56275 -4.65375 -0.69402
      vertex -0.992784 -4.36272 1.29391
      vertex -2.73896 -4.11144 -2.44898
    endloop
  endfacet
  facet normal 0.541423 -0.745213 -0.389254
    outer loop
      vertex 1.1051 -9.23293 -1.20808
      vertex -1.0699 -9.24829 -4.20394
      vertex 2.36486 -8.31767 -1.20808
    endloop
  endfacet
  facet normal 0.42725 -0.850841 -0.305822
    outer loop
      vertex -0.893689 -9.7906 -2.44898
      vertex -1.0699 -9.24829 -4.20394
      vertex 1.1051 -9.23293 -1.20808
    endloop
  endfacet
  facet normal 0.529009 0.728119 -0.435881
    outer loop
      vertex 0.137848 -5.53123 -4.20394
      vertex -1.0699 -4.65375 -4.20394
      vertex 1.1051 -4.44054 -1.20808
    endloop
  endfacet
  facet normal -0.556595 0.766095 0.321404
    outer loop
      vertex -1.46671 -4.77403 1.49074
      vertex -3.7705 -5.53123 -0.69402
      vertex -1.55418 -4.83758 1.49074
    endloop
  endfacet
  facet normal -0.556598 0.766091 0.321409
    outer loop
      vertex -1.7118 -5.3558 2.45298
      vertex -1.55418 -4.83758 1.49074
      vertex -3.7705 -5.53123 -0.69402
    endloop
  endfacet
  facet normal -0.813747 0.264404 0.517597
    outer loop
      vertex -3.7705 -5.53123 -0.69402
      vertex -4.23182 -6.95102 -0.69402
      vertex -1.7118 -5.3558 2.45298
    endloop
  endfacet
  facet normal 0.778589 -0.252975 -0.574285
    outer loop
      vertex 2.36486 -8.31767 -1.20808
      vertex 0.599167 -6.95102 -4.20394
      vertex 2.84604 -6.83673 -1.20808
    endloop
  endfacet
  facet normal 0 0.997047 -0.0767953
    outer loop
      vertex -0.893689 -4.11144 -2.44898
      vertex -0.635836 -3.87487 0.622449
      vertex 1.2889 -3.87487 0.622449
    endloop
  endfacet
  facet normal 0 0.997047 -0.0767953
    outer loop
      vertex -0.635836 -3.87487 0.622449
      vertex -0.893689 -4.11144 -2.44898
      vertex -2.73896 -4.11144 -2.44898
    endloop
  endfacet
  facet normal 0.529006 0.728122 -0.43588
    outer loop
      vertex 2.36486 -5.3558 -1.20808
      vertex 0.137848 -5.53123 -4.20394
      vertex 1.1051 -4.44054 -1.20808
    endloop
  endfacet
  facet normal 0.427252 -0.850839 -0.305826
    outer loop
      vertex 1.2889 -9.7986 0.622449
      vertex -0.893689 -9.7906 -2.44898
      vertex 1.1051 -9.23293 -1.20808
    endloop
  endfacet
  facet normal 0.541426 -0.745209 -0.389258
    outer loop
      vertex 2.36486 -8.31767 -1.20808
      vertex -1.0699 -9.24829 -4.20394
      vertex 0.137848 -8.37081 -4.20394
    endloop
  endfacet
  facet normal 0.769957 0.250175 -0.587008
    outer loop
      vertex 0.599167 -6.95102 -4.20394
      vertex 0.137848 -5.53123 -4.20394
      vertex 2.36486 -5.3558 -1.20808
    endloop
  endfacet
  facet normal 0.338022 0.889077 -0.308679
    outer loop
      vertex 1.1051 -4.44054 -1.20808
      vertex -1.0699 -4.65375 -4.20394
      vertex -0.893689 -4.11144 -2.44898
    endloop
  endfacet
  facet normal 0.338024 0.889075 -0.308682
    outer loop
      vertex 1.1051 -4.44054 -1.20808
      vertex -0.893689 -4.11144 -2.44898
      vertex 1.2889 -3.87487 0.622449
    endloop
  endfacet
  facet normal -0.556592 0.766097 0.321405
    outer loop
      vertex -2.56275 -4.65375 -0.69402
      vertex -1.46671 -4.77403 1.49074
      vertex -1.09742 -4.50573 1.49074
    endloop
  endfacet
  facet normal -0.556597 0.766092 0.321408
    outer loop
      vertex -1.46671 -4.77403 1.49074
      vertex -2.56275 -4.65375 -0.69402
      vertex -3.7705 -5.53123 -0.69402
    endloop
  endfacet
  facet normal -0.805632 -0.261762 0.531449
    outer loop
      vertex -2.19298 -6.83673 2.45298
      vertex -4.23182 -6.95102 -0.69402
      vertex -1.7118 -8.31767 2.45298
    endloop
  endfacet
  facet normal -0.448186 -0.840408 0.304703
    outer loop
      vertex -0.452041 -9.23293 2.45298
      vertex -2.56275 -9.24829 -0.69402
      vertex -0.635836 -9.7986 0.622449
    endloop
  endfacet
  facet normal 0.769959 0.250173 -0.587007
    outer loop
      vertex 2.84604 -6.83673 -1.20808
      vertex 0.599167 -6.95102 -4.20394
      vertex 2.36486 -5.3558 -1.20808
    endloop
  endfacet
  facet normal -0.546084 -0.751627 0.36993
    outer loop
      vertex -1.7118 -8.31767 2.45298
      vertex -2.56275 -9.24829 -0.69402
      vertex -0.452041 -9.23293 2.45298
    endloop
  endfacet
  facet normal -0.448185 -0.840409 0.3047
    outer loop
      vertex -2.56275 -9.24829 -0.69402
      vertex -2.73896 -9.7906 -2.44898
      vertex -0.635836 -9.7986 0.622449
    endloop
  endfacet
  facet normal -0.805632 -0.261767 0.531447
    outer loop
      vertex -1.7118 -8.31767 2.45298
      vertex -4.23182 -6.95102 -0.69402
      vertex -3.7705 -8.37081 -0.69402
    endloop
  endfacet
  facet normal 0.778587 -0.252979 -0.574286
    outer loop
      vertex 2.36486 -8.31767 -1.20808
      vertex 0.137848 -8.37081 -4.20394
      vertex 0.599167 -6.95102 -4.20394
    endloop
  endfacet
  facet normal -0.813747 0.264401 0.517598
    outer loop
      vertex -1.7118 -5.3558 2.45298
      vertex -4.23182 -6.95102 -0.69402
      vertex -2.19298 -6.83673 2.45298
    endloop
  endfacet
  facet normal -0.546087 -0.751625 0.36993
    outer loop
      vertex -1.7118 -8.31767 2.45298
      vertex -3.7705 -8.37081 -0.69402
      vertex -2.56275 -9.24829 -0.69402
    endloop
  endfacet
  facet normal 0.37161 0.877934 -0.301892
    outer loop
      vertex -0.893689 -4.11144 -2.44898
      vertex -3.51698 -4.73997 -7.50592
      vertex -3.42223 -4.20259 -5.82653
    endloop
  endfacet
  facet normal -0.173461 -0.983738 0.0465837
    outer loop
      vertex -2.73896 -9.7906 -2.44898
      vertex -5.34694 -9.49068 -5.82653
      vertex -3.42223 -9.83006 -5.82653
    endloop
  endfacet
  facet normal -0.714803 0.599788 0.359598
    outer loop
      vertex -5.07411 -5.01453 -4.14714
      vertex -6.09044 -6.22575 -4.14714
      vertex -3.7705 -5.53123 -0.69402
    endloop
  endfacet
  facet normal 0.800497 0.260098 -0.539957
    outer loop
      vertex 0.599167 -6.95102 -4.20394
      vertex -1.60689 -7.01633 -7.50592
      vertex 0.137848 -5.53123 -4.20394
    endloop
  endfacet
  facet normal -0.519858 0.800057 0.299427
    outer loop
      vertex -2.73896 -4.11144 -2.44898
      vertex -5.34694 -4.54197 -5.82653
      vertex -2.56275 -4.65375 -0.69402
    endloop
  endfacet
  facet normal -0.819656 -0.266324 0.507185
    outer loop
      vertex -4.23182 -6.95102 -0.69402
      vertex -6.09044 -7.8069 -4.14714
      vertex -3.7705 -8.37081 -0.69402
    endloop
  endfacet
  facet normal 0.470608 -0.815118 -0.337804
    outer loop
      vertex -1.0699 -9.24829 -4.20394
      vertex -3.51698 -9.29269 -7.50592
      vertex -2.14767 -8.50212 -7.50592
    endloop
  endfacet
  facet normal -0.823834 0.267681 0.499645
    outer loop
      vertex -3.7705 -5.53123 -0.69402
      vertex -6.09044 -6.22575 -4.14714
      vertex -4.23182 -6.95102 -0.69402
    endloop
  endfacet
  facet normal -0.536639 0.785508 0.308214
    outer loop
      vertex -2.56275 -4.65375 -0.69402
      vertex -5.34694 -4.54197 -5.82653
      vertex -5.07411 -5.01453 -4.14714
    endloop
  endfacet
  facet normal 0.787753 0.286717 -0.545196
    outer loop
      vertex -1.60689 -7.01633 -7.50592
      vertex -2.14767 -5.53054 -7.50592
      vertex 0.137848 -5.53123 -4.20394
    endloop
  endfacet
  facet normal 0.804938 -0.261541 -0.532607
    outer loop
      vertex 0.137848 -8.37081 -4.20394
      vertex -1.60689 -7.01633 -7.50592
      vertex 0.599167 -6.95102 -4.20394
    endloop
  endfacet
  facet normal -0.49895 -0.80971 0.308901
    outer loop
      vertex -5.07411 -9.01812 -4.14714
      vertex -5.34694 -9.49068 -5.82653
      vertex -2.56275 -9.24829 -0.69402
    endloop
  endfacet
  facet normal 0 -0.999932 0.0116822
    outer loop
      vertex -2.73896 -9.7906 -2.44898
      vertex -3.42223 -9.83006 -5.82653
      vertex -0.893689 -9.7906 -2.44898
    endloop
  endfacet
  facet normal -0.48573 -0.820199 0.302225
    outer loop
      vertex -2.56275 -9.24829 -0.69402
      vertex -5.34694 -9.49068 -5.82653
      vertex -2.73896 -9.7906 -2.44898
    endloop
  endfacet
  facet normal -0.173643 0.984772 0.00855143
    outer loop
      vertex -3.42223 -4.20259 -5.82653
      vertex -5.34694 -4.54197 -5.82653
      vertex -2.73896 -4.11144 -2.44898
    endloop
  endfacet
  facet normal 0 0.999636 -0.0269772
    outer loop
      vertex -0.893689 -4.11144 -2.44898
      vertex -3.42223 -4.20259 -5.82653
      vertex -2.73896 -4.11144 -2.44898
    endloop
  endfacet
  facet normal 0.544482 0.749416 -0.376716
    outer loop
      vertex 0.137848 -5.53123 -4.20394
      vertex -2.14767 -5.53054 -7.50592
      vertex -1.0699 -4.65375 -4.20394
    endloop
  endfacet
  facet normal 0.412375 -0.860667 -0.298662
    outer loop
      vertex -3.42223 -9.83006 -5.82653
      vertex -3.51698 -9.29269 -7.50592
      vertex -0.893689 -9.7906 -2.44898
    endloop
  endfacet
  facet normal 0.428041 -0.850457 -0.305783
    outer loop
      vertex -0.893689 -9.7906 -2.44898
      vertex -3.51698 -9.29269 -7.50592
      vertex -1.0699 -9.24829 -4.20394
    endloop
  endfacet
  facet normal 0.792618 -0.288488 -0.537151
    outer loop
      vertex 0.137848 -8.37081 -4.20394
      vertex -2.14767 -8.50212 -7.50592
      vertex -1.60689 -7.01633 -7.50592
    endloop
  endfacet
  facet normal -0.550621 -0.757866 0.349936
    outer loop
      vertex -3.7705 -8.37081 -0.69402
      vertex -5.07411 -9.01812 -4.14714
      vertex -2.56275 -9.24829 -0.69402
    endloop
  endfacet
  facet normal -0.708863 -0.594804 0.379107
    outer loop
      vertex -3.7705 -8.37081 -0.69402
      vertex -6.09044 -7.8069 -4.14714
      vertex -5.07411 -9.01812 -4.14714
    endloop
  endfacet
  facet normal -0.880551 0 0.473951
    outer loop
      vertex -6.09044 -6.22575 -4.14714
      vertex -6.09044 -7.8069 -4.14714
      vertex -4.23182 -6.95102 -0.69402
    endloop
  endfacet
  facet normal -0.555996 0.765264 0.324406
    outer loop
      vertex -2.56275 -4.65375 -0.69402
      vertex -5.07411 -5.01453 -4.14714
      vertex -3.7705 -5.53123 -0.69402
    endloop
  endfacet
  facet normal 0.465327 0.805972 -0.365897
    outer loop
      vertex -2.14767 -5.53054 -7.50592
      vertex -3.51698 -4.73997 -7.50592
      vertex -1.0699 -4.65375 -4.20394
    endloop
  endfacet
  facet normal 0.384355 0.870442 -0.307572
    outer loop
      vertex -1.0699 -4.65375 -4.20394
      vertex -3.51698 -4.73997 -7.50592
      vertex -0.893689 -4.11144 -2.44898
    endloop
  endfacet
  facet normal 0.55042 -0.757588 -0.350855
    outer loop
      vertex -1.0699 -9.24829 -4.20394
      vertex -2.14767 -8.50212 -7.50592
      vertex 0.137848 -8.37081 -4.20394
    endloop
  endfacet
  facet normal 0.473279 -0.830907 -0.292575
    outer loop
      vertex -5.02836 -9.36944 -9.73281
      vertex -3.51698 -9.29269 -7.50592
      vertex -3.42223 -9.83006 -5.82653
    endloop
  endfacet
  facet normal 0.47328 -0.830906 -0.292576
    outer loop
      vertex -3.51698 -9.29269 -7.50592
      vertex -5.02836 -9.36944 -9.73281
      vertex -4.84859 -9.23754 -9.8166
    endloop
  endfacet
  facet normal -0.17324 -0.982489 0.068574
    outer loop
      vertex -5.34694 -9.49068 -5.82653
      vertex -7.34388 -9.39567 -9.5102
      vertex -3.42223 -9.83006 -5.82653
    endloop
  endfacet
  facet normal 0.47667 0.825626 -0.301874
    outer loop
      vertex -3.51698 -4.73997 -7.50592
      vertex -4.3031 -5.18387 -9.9613
      vertex -4.93198 -4.82079 -9.9613
    endloop
  endfacet
  facet normal 0.476662 0.825631 -0.301872
    outer loop
      vertex -3.51698 -4.73997 -7.50592
      vertex -4.12896 -5.28441 -9.96131
      vertex -4.3031 -5.18387 -9.9613
    endloop
  endfacet
  facet normal 0.476709 0.825602 -0.301878
    outer loop
      vertex -4.12896 -5.28441 -9.96131
      vertex -3.51698 -4.73997 -7.50592
      vertex -4.28858 -5.61372 -11.114
    endloop
  endfacet
  facet normal 0.462064 0.83676 -0.29382
    outer loop
      vertex -3.51698 -4.73997 -7.50592
      vertex -5.07581 -4.70165 -9.84822
      vertex -3.42223 -4.20259 -5.82653
    endloop
  endfacet
  facet normal 0.462088 0.83674 -0.293837
    outer loop
      vertex -5.07581 -4.70165 -9.84822
      vertex -3.51698 -4.73997 -7.50592
      vertex -4.93198 -4.82079 -9.9613
    endloop
  endfacet
  facet normal -0.173338 0.983039 0.0598971
    outer loop
      vertex -5.50578 -4.34553 -9.5102
      vertex -7.34388 -4.66964 -9.5102
      vertex -5.34694 -4.54197 -5.82653
    endloop
  endfacet
  facet normal -0.173337 0.983039 0.0598971
    outer loop
      vertex -3.42223 -4.20259 -5.82653
      vertex -5.50578 -4.34553 -9.5102
      vertex -5.34694 -4.54197 -5.82653
    endloop
  endfacet
  facet normal 0.462059 0.836763 -0.293818
    outer loop
      vertex -5.07581 -4.70165 -9.84822
      vertex -5.50578 -4.34553 -9.5102
      vertex -3.42223 -4.20259 -5.82653
    endloop
  endfacet
  facet normal -0.886378 0 0.462963
    outer loop
      vertex -8.05393 -7.78765 -7.90639
      vertex -6.09044 -6.22575 -4.14714
      vertex -8.05393 -6.27766 -7.90639
    endloop
  endfacet
  facet normal -0.886378 0 0.462963
    outer loop
      vertex -6.09044 -6.22575 -4.14714
      vertex -8.05393 -7.78765 -7.90639
      vertex -6.09044 -7.8069 -4.14714
    endloop
  endfacet
  facet normal 0.47329 -0.8309 -0.292579
    outer loop
      vertex -3.42223 -9.83006 -5.82653
      vertex -5.50578 -9.71977 -9.5102
      vertex -5.02836 -9.36944 -9.73281
    endloop
  endfacet
  facet normal 0.817975 0.297719 -0.49222
    outer loop
      vertex -3.77213 -7.03265 -11.114
      vertex -4.28858 -5.61372 -11.114
      vertex -1.60689 -7.01633 -7.50592
    endloop
  endfacet
  facet normal 0.819058 -0.298111 -0.490177
    outer loop
      vertex -2.14767 -8.50212 -7.50592
      vertex -4.28858 -8.45158 -11.114
      vertex -1.60689 -7.01633 -7.50592
    endloop
  endfacet
  facet normal 0.47777 -0.827439 -0.295094
    outer loop
      vertex -2.14767 -8.50212 -7.50592
      vertex -4.17037 -8.84598 -9.81658
      vertex -4.0521 -8.77769 -9.81658
    endloop
  endfacet
  facet normal 0.477723 -0.827483 -0.295047
    outer loop
      vertex -4.17037 -8.84598 -9.81658
      vertex -2.14767 -8.50212 -7.50592
      vertex -4.3562 -8.95326 -9.81659
    endloop
  endfacet
  facet normal 0.477737 -0.827469 -0.295063
    outer loop
      vertex -2.14767 -8.50212 -7.50592
      vertex -4.0521 -8.77769 -9.81658
      vertex -4.28858 -8.45158 -11.114
    endloop
  endfacet
  facet normal -0.173236 -0.98249 0.0685694
    outer loop
      vertex -3.42223 -9.83006 -5.82653
      vertex -7.34388 -9.39567 -9.5102
      vertex -5.50578 -9.71977 -9.5102
    endloop
  endfacet
  facet normal -0.713389 0.598608 0.364341
    outer loop
      vertex -7.08332 -5.12094 -7.90639
      vertex -8.05393 -6.27766 -7.90639
      vertex -5.07411 -5.01453 -4.14714
    endloop
  endfacet
  facet normal -0.713391 0.598604 0.364345
    outer loop
      vertex -5.07411 -5.01453 -4.14714
      vertex -8.05393 -6.27766 -7.90639
      vertex -6.09044 -6.22575 -4.14714
    endloop
  endfacet
  facet normal 0.476673 0.825624 -0.301875
    outer loop
      vertex -2.14767 -5.53054 -7.50592
      vertex -4.28858 -5.61372 -11.114
      vertex -3.51698 -4.73997 -7.50592
    endloop
  endfacet
  facet normal 0.817975 0.297717 -0.492221
    outer loop
      vertex -1.60689 -7.01633 -7.50592
      vertex -4.28858 -5.61372 -11.114
      vertex -2.14767 -5.53054 -7.50592
    endloop
  endfacet
  facet normal 0.477738 -0.827468 -0.295064
    outer loop
      vertex -3.51698 -9.29269 -7.50592
      vertex -4.3562 -8.95326 -9.81659
      vertex -2.14767 -8.50212 -7.50592
    endloop
  endfacet
  facet normal 0.477741 -0.827466 -0.295065
    outer loop
      vertex -4.3562 -8.95326 -9.81659
      vertex -3.51698 -9.29269 -7.50592
      vertex -4.84859 -9.23754 -9.8166
    endloop
  endfacet
  facet normal 0.819058 -0.298114 -0.490175
    outer loop
      vertex -1.60689 -7.01633 -7.50592
      vertex -4.28858 -8.45158 -11.114
      vertex -3.77213 -7.03265 -11.114
    endloop
  endfacet
  facet normal -0.598933 -0.740199 0.305591
    outer loop
      vertex -7.08332 -8.94437 -7.90639
      vertex -7.34388 -9.39567 -9.5102
      vertex -5.07411 -9.01812 -4.14714
    endloop
  endfacet
  facet normal -0.609324 0.731937 0.304948
    outer loop
      vertex -5.34694 -4.54197 -5.82653
      vertex -7.08332 -5.12094 -7.90639
      vertex -5.07411 -5.01453 -4.14714
    endloop
  endfacet
  facet normal -0.609328 0.731931 0.304953
    outer loop
      vertex -5.34694 -4.54197 -5.82653
      vertex -7.34388 -4.66964 -9.5102
      vertex -7.08332 -5.12094 -7.90639
    endloop
  endfacet
  facet normal -0.598919 -0.740212 0.305586
    outer loop
      vertex -5.07411 -9.01812 -4.14714
      vertex -7.34388 -9.39567 -9.5102
      vertex -5.34694 -9.49068 -5.82653
    endloop
  endfacet
  facet normal -0.712034 -0.597465 0.36884
    outer loop
      vertex -6.09044 -7.8069 -4.14714
      vertex -7.08332 -8.94437 -7.90639
      vertex -5.07411 -9.01812 -4.14714
    endloop
  endfacet
  facet normal -0.712031 -0.597469 0.368841
    outer loop
      vertex -6.09044 -7.8069 -4.14714
      vertex -8.05393 -7.78765 -7.90639
      vertex -7.08332 -8.94437 -7.90639
    endloop
  endfacet
  facet normal 0.544957 0.783252 -0.299229
    outer loop
      vertex -4.28858 -5.61372 -11.114
      vertex -5.88486 -5.32584 -13.2676
      vertex -4.12896 -5.28441 -9.96131
    endloop
  endfacet
  facet normal 0.545148 0.783055 -0.299398
    outer loop
      vertex -5.88486 -5.32584 -13.2676
      vertex -4.28858 -5.61372 -11.114
      vertex -5.86445 -5.35259 -13.3004
    endloop
  endfacet
  facet normal -0.904002 8.30473e-05 0.427528
    outer loop
      vertex -9.49252 -6.64882 -10.9482
      vertex -8.05393 -6.27766 -7.90639
      vertex -9.5167 -6.27988 -10.9994
    endloop
  endfacet
  facet normal -0.903987 -0.000233745 0.427559
    outer loop
      vertex -9.48943 -6.70951 -10.9417
      vertex -8.05393 -6.27766 -7.90639
      vertex -9.49252 -6.64882 -10.9482
    endloop
  endfacet
  facet normal -0.904 0 0.427532
    outer loop
      vertex -9.48943 -7.29048 -10.9417
      vertex -8.05393 -6.27766 -7.90639
      vertex -9.48943 -6.70951 -10.9417
    endloop
  endfacet
  facet normal -0.903985 0.000233177 0.427563
    outer loop
      vertex -8.05393 -7.78765 -7.90639
      vertex -9.48943 -7.29048 -10.9417
      vertex -9.49252 -7.35118 -10.9482
    endloop
  endfacet
  facet normal -0.903999 -1.76079e-05 0.427534
    outer loop
      vertex -8.05393 -7.78765 -7.90639
      vertex -9.49252 -7.35118 -10.9482
      vertex -9.51772 -7.7357 -11.0015
    endloop
  endfacet
  facet normal -0.904 0 0.427532
    outer loop
      vertex -9.48943 -7.29048 -10.9417
      vertex -8.05393 -7.78765 -7.90639
      vertex -8.05393 -6.27766 -7.90639
    endloop
  endfacet
  facet normal -0.720338 0.604444 0.340237
    outer loop
      vertex -9.19636 -5.75692 -11.2502
      vertex -7.08332 -5.12094 -7.90639
      vertex -8.9024 -5.17401 -11.6634
    endloop
  endfacet
  facet normal -0.720357 0.60441 0.340256
    outer loop
      vertex -9.30404 -5.94949 -11.1361
      vertex -7.08332 -5.12094 -7.90639
      vertex -9.19636 -5.75692 -11.2502
    endloop
  endfacet
  facet normal -0.72023 0.604645 0.340108
    outer loop
      vertex -7.08332 -5.12094 -7.90639
      vertex -9.30404 -5.94949 -11.1361
      vertex -9.35449 -6.03124 -11.0976
    endloop
  endfacet
  facet normal 0.481883 0.834764 -0.266378
    outer loop
      vertex -4.12896 -5.28441 -9.96131
      vertex -5.88486 -5.32584 -13.2676
      vertex -5.93549 -5.26767 -13.1769
    endloop
  endfacet
  facet normal 0.481921 0.834736 -0.266399
    outer loop
      vertex -5.93549 -5.26767 -13.1769
      vertex -4.3031 -5.18387 -9.9613
      vertex -4.12896 -5.28441 -9.96131
    endloop
  endfacet
  facet normal 0.481931 0.834728 -0.266404
    outer loop
      vertex -4.3031 -5.18387 -9.9613
      vertex -5.93549 -5.26767 -13.1769
      vertex -7.25221 -4.50746 -13.1769
    endloop
  endfacet
  facet normal 0.838073 0.305035 -0.452313
    outer loop
      vertex -3.77213 -7.03265 -11.114
      vertex -5.51404 -6.67022 -14.0971
      vertex -4.28858 -5.61372 -11.114
    endloop
  endfacet
  facet normal 0.838114 0.304887 -0.452337
    outer loop
      vertex -5.39401 -7 -14.0971
      vertex -3.77213 -7.03265 -11.114
      vertex -5.40508 -7.00755 -14.1227
    endloop
  endfacet
  facet normal 0.838074 0.305034 -0.452313
    outer loop
      vertex -5.51404 -6.67022 -14.0971
      vertex -3.77213 -7.03265 -11.114
      vertex -5.39401 -7 -14.0971
    endloop
  endfacet
  facet normal -0.64483 0.702003 0.3023
    outer loop
      vertex -7.34388 -4.66964 -9.5102
      vertex -8.9024 -5.17401 -11.6634
      vertex -7.08332 -5.12094 -7.90639
    endloop
  endfacet
  facet normal -0.644969 0.701813 0.302445
    outer loop
      vertex -8.9024 -5.17401 -11.6634
      vertex -7.34388 -4.66964 -9.5102
      vertex -8.8625 -5.122 -11.699
    endloop
  endfacet
  facet normal -0.72036 0.604398 0.340271
    outer loop
      vertex -9.46983 -6.21814 -11.0098
      vertex -7.08332 -5.12094 -7.90639
      vertex -9.35449 -6.03124 -11.0976
    endloop
  endfacet
  facet normal -0.720499 0.604212 0.340308
    outer loop
      vertex -8.05393 -6.27766 -7.90639
      vertex -9.46983 -6.21814 -11.0098
      vertex -9.50346 -6.2641 -10.9994
    endloop
  endfacet
  facet normal -0.720339 0.60444 0.34024
    outer loop
      vertex -9.46983 -6.21814 -11.0098
      vertex -8.05393 -6.27766 -7.90639
      vertex -7.08332 -5.12094 -7.90639
    endloop
  endfacet
  facet normal -0.720362 0.60441 0.340245
    outer loop
      vertex -8.05393 -6.27766 -7.90639
      vertex -9.50346 -6.2641 -10.9994
      vertex -9.5167 -6.27988 -10.9994
    endloop
  endfacet
  facet normal -0.17328 0.982687 0.0655736
    outer loop
      vertex -7.34388 -4.66964 -9.5102
      vertex -8.22171 -4.65237 -12.0887
      vertex -8.55988 -4.71856 -11.9904
    endloop
  endfacet
  facet normal -0.173263 0.982691 0.0655678
    outer loop
      vertex -7.34388 -4.66964 -9.5102
      vertex -7.55804 -4.49352 -12.7157
      vertex -8.22171 -4.65237 -12.0887
    endloop
  endfacet
  facet normal -0.173367 0.982672 0.0655737
    outer loop
      vertex -7.55804 -4.49352 -12.7157
      vertex -7.34388 -4.66964 -9.5102
      vertex -7.51421 -4.47808 -12.8312
    endloop
  endfacet
  facet normal -0.722695 -0.606424 0.331605
    outer loop
      vertex -9.31398 -8.05395 -11.1395
      vertex -7.08332 -8.94437 -7.90639
      vertex -9.35977 -7.98057 -11.1051
    endloop
  endfacet
  facet normal -0.722715 -0.606386 0.331629
    outer loop
      vertex -9.20518 -8.24564 -11.2529
      vertex -7.08332 -8.94437 -7.90639
      vertex -9.31398 -8.05395 -11.1395
    endloop
  endfacet
  facet normal -0.722698 -0.606416 0.331612
    outer loop
      vertex -7.08332 -8.94437 -7.90639
      vertex -9.20518 -8.24564 -11.2529
      vertex -8.90425 -8.83083 -11.6672
    endloop
  endfacet
  facet normal -0.825967 -0.412983 0.383698
    outer loop
      vertex -9.51771 -7.73572 -11.0015
      vertex -8.05393 -7.78765 -7.90639
      vertex -9.51772 -7.7357 -11.0015
    endloop
  endfacet
  facet normal -0.722584 -0.606583 0.331557
    outer loop
      vertex -9.48348 -7.78229 -11.0121
      vertex -8.05393 -7.78765 -7.90639
      vertex -9.51771 -7.73572 -11.0015
    endloop
  endfacet
  facet normal -0.722692 -0.60643 0.3316
    outer loop
      vertex -7.08332 -8.94437 -7.90639
      vertex -9.48348 -7.78229 -11.0121
      vertex -9.35977 -7.98057 -11.1051
    endloop
  endfacet
  facet normal -0.722697 -0.606419 0.331609
    outer loop
      vertex -9.48348 -7.78229 -11.0121
      vertex -7.08332 -8.94437 -7.90639
      vertex -8.05393 -7.78765 -7.90639
    endloop
  endfacet
  facet normal 0.838075 0.305033 -0.452312
    outer loop
      vertex -4.28858 -5.61372 -11.114
      vertex -5.81142 -5.85316 -14.0971
      vertex -5.88908 -5.63979 -14.0971
    endloop
  endfacet
  facet normal 0.838076 0.305029 -0.452312
    outer loop
      vertex -5.81142 -5.85316 -14.0971
      vertex -4.28858 -5.61372 -11.114
      vertex -5.51404 -6.67022 -14.0971
    endloop
  endfacet
  facet normal 0.544601 0.783611 -0.298937
    outer loop
      vertex -4.28858 -5.61372 -11.114
      vertex -5.84301 -5.38069 -13.335
      vertex -5.86445 -5.35259 -13.3004
    endloop
  endfacet
  facet normal 0.54499 0.783221 -0.29925
    outer loop
      vertex -4.28858 -5.61372 -11.114
      vertex -5.74046 -5.51509 -13.5
      vertex -5.84301 -5.38069 -13.335
    endloop
  endfacet
  facet normal 0.545 0.783211 -0.299257
    outer loop
      vertex -4.28858 -5.61372 -11.114
      vertex -5.82905 -5.58943 -13.8559
      vertex -5.74046 -5.51509 -13.5
    endloop
  endfacet
  facet normal 0.544823 0.783373 -0.299156
    outer loop
      vertex -5.82905 -5.58943 -13.8559
      vertex -4.28858 -5.61372 -11.114
      vertex -5.88908 -5.63979 -14.0971
    endloop
  endfacet
  facet normal -0.644799 0.70204 0.30228
    outer loop
      vertex -7.34388 -4.66964 -9.5102
      vertex -8.56382 -4.73271 -11.966
      vertex -8.8625 -5.122 -11.699
    endloop
  endfacet
  facet normal -0.645337 0.701424 0.302563
    outer loop
      vertex -8.56382 -4.73271 -11.966
      vertex -7.34388 -4.66964 -9.5102
      vertex -8.55988 -4.71856 -11.9904
    endloop
  endfacet
  facet normal 0.513764 -0.805192 -0.296164
    outer loop
      vertex -5.84338 -8.62488 -13.34
      vertex -4.28858 -8.45158 -11.114
      vertex -5.86587 -8.65306 -13.3024
    endloop
  endfacet
  facet normal 0.513573 -0.805367 -0.296017
    outer loop
      vertex -5.74783 -8.50514 -13.5
      vertex -4.28858 -8.45158 -11.114
      vertex -5.84338 -8.62488 -13.34
    endloop
  endfacet
  facet normal 0.513538 -0.805398 -0.295995
    outer loop
      vertex -5.83073 -8.43558 -13.8331
      vertex -4.28858 -8.45158 -11.114
      vertex -5.74783 -8.50514 -13.5
    endloop
  endfacet
  facet normal 0.513675 -0.805282 -0.296072
    outer loop
      vertex -4.28858 -8.45158 -11.114
      vertex -5.83073 -8.43558 -13.8331
      vertex -5.90282 -8.37509 -14.1227
    endloop
  endfacet
  facet normal 0.83614 -0.304334 -0.456346
    outer loop
      vertex -4.28858 -8.45158 -11.114
      vertex -5.80955 -8.11884 -14.1227
      vertex -5.52455 -7.33582 -14.1227
    endloop
  endfacet
  facet normal 0.836138 -0.304338 -0.456345
    outer loop
      vertex -5.80955 -8.11884 -14.1227
      vertex -4.28858 -8.45158 -11.114
      vertex -5.90282 -8.37509 -14.1227
    endloop
  endfacet
  facet normal -0.173276 0.982688 0.06557
    outer loop
      vertex -5.50578 -4.34553 -9.5102
      vertex -7.51421 -4.47808 -12.8312
      vertex -7.34388 -4.66964 -9.5102
    endloop
  endfacet
  facet normal -0.173289 0.982685 0.0655779
    outer loop
      vertex -7.51421 -4.47808 -12.8312
      vertex -5.50578 -4.34553 -9.5102
      vertex -7.3831 -4.43189 -13.1769
    endloop
  endfacet
  facet normal 0.481927 0.834732 -0.2664
    outer loop
      vertex -7.25221 -4.50746 -13.1769
      vertex -4.93198 -4.82079 -9.9613
      vertex -4.3031 -5.18387 -9.9613
    endloop
  endfacet
  facet normal 0.481957 0.834707 -0.266424
    outer loop
      vertex -7.25221 -4.50746 -13.1769
      vertex -5.07581 -4.70165 -9.84822
      vertex -4.93198 -4.82079 -9.9613
    endloop
  endfacet
  facet normal 0.481928 0.83473 -0.266403
    outer loop
      vertex -7.25221 -4.50746 -13.1769
      vertex -5.50578 -4.34553 -9.5102
      vertex -5.07581 -4.70165 -9.84822
    endloop
  endfacet
  facet normal 0.482039 0.834651 -0.266453
    outer loop
      vertex -7.26859 -4.498 -13.1769
      vertex -5.50578 -4.34553 -9.5102
      vertex -7.25221 -4.50746 -13.1769
    endloop
  endfacet
  facet normal 0.481918 0.834737 -0.266398
    outer loop
      vertex -5.50578 -4.34553 -9.5102
      vertex -7.26859 -4.498 -13.1769
      vertex -7.3831 -4.43189 -13.1769
    endloop
  endfacet
  facet normal -0.173432 -0.9836 0.0495317
    outer loop
      vertex -7.51586 -9.5342 -12.8633
      vertex -5.50578 -9.71977 -9.5102
      vertex -7.34388 -9.39567 -9.5102
    endloop
  endfacet
  facet normal -0.17342 -0.983602 0.0495247
    outer loop
      vertex -5.50578 -9.71977 -9.5102
      vertex -7.51586 -9.5342 -12.8633
      vertex -7.38704 -9.57309 -13.1846
    endloop
  endfacet
  facet normal 0.51361 -0.805336 -0.296039
    outer loop
      vertex -5.88571 -8.67792 -13.2692
      vertex -4.28858 -8.45158 -11.114
      vertex -4.0521 -8.77769 -9.81658
    endloop
  endfacet
  facet normal 0.51364 -0.805307 -0.296064
    outer loop
      vertex -4.28858 -8.45158 -11.114
      vertex -5.88571 -8.67792 -13.2692
      vertex -5.86587 -8.65306 -13.3024
    endloop
  endfacet
  facet normal 0.836147 -0.304306 -0.456351
    outer loop
      vertex -3.77213 -7.03265 -11.114
      vertex -5.52455 -7.33582 -14.1227
      vertex -5.40508 -7.00755 -14.1227
    endloop
  endfacet
  facet normal 0.836141 -0.304331 -0.456345
    outer loop
      vertex -5.52455 -7.33582 -14.1227
      vertex -3.77213 -7.03265 -11.114
      vertex -4.28858 -8.45158 -11.114
    endloop
  endfacet
  facet normal -0.173446 -0.983597 0.0495347
    outer loop
      vertex -8.28828 -9.36027 -12.1141
      vertex -7.34388 -9.39567 -9.5102
      vertex -8.58022 -9.30465 -12.0319
    endloop
  endfacet
  facet normal -0.17343 -0.9836 0.0495288
    outer loop
      vertex -7.55525 -9.5223 -12.7651
      vertex -7.34388 -9.39567 -9.5102
      vertex -8.28828 -9.36027 -12.1141
    endloop
  endfacet
  facet normal -0.173636 -0.983563 0.0495407
    outer loop
      vertex -7.34388 -9.39567 -9.5102
      vertex -7.55525 -9.5223 -12.7651
      vertex -7.51586 -9.5342 -12.8633
    endloop
  endfacet
  facet normal -0.663518 -0.685123 0.300584
    outer loop
      vertex -8.58927 -9.26826 -11.9689
      vertex -7.34388 -9.39567 -9.5102
      vertex -8.8659 -8.88409 -11.7039
    endloop
  endfacet
  facet normal -0.663405 -0.68526 0.30052
    outer loop
      vertex -7.34388 -9.39567 -9.5102
      vertex -8.58927 -9.26826 -11.9689
      vertex -8.58022 -9.30465 -12.0319
    endloop
  endfacet
  facet normal -0.663524 -0.685117 0.300585
    outer loop
      vertex -8.90425 -8.83083 -11.6672
      vertex -7.34388 -9.39567 -9.5102
      vertex -7.08332 -8.94437 -7.90639
    endloop
  endfacet
  facet normal -0.663599 -0.685008 0.300668
    outer loop
      vertex -7.34388 -9.39567 -9.5102
      vertex -8.90425 -8.83083 -11.6672
      vertex -8.8659 -8.88409 -11.7039
    endloop
  endfacet
  facet normal 0.480145 -0.831627 -0.27903
    outer loop
      vertex -5.93358 -8.73393 -13.1846
      vertex -4.17037 -8.84598 -9.81658
      vertex -7.25926 -9.49932 -13.1846
    endloop
  endfacet
  facet normal 0.480175 -0.831604 -0.279045
    outer loop
      vertex -4.17037 -8.84598 -9.81658
      vertex -5.93358 -8.73393 -13.1846
      vertex -4.0521 -8.77769 -9.81658
    endloop
  endfacet
  facet normal 0.480065 -0.831688 -0.278985
    outer loop
      vertex -4.0521 -8.77769 -9.81658
      vertex -5.93358 -8.73393 -13.1846
      vertex -5.88571 -8.67792 -13.2692
    endloop
  endfacet
  facet normal 0.48004 -0.831704 -0.278982
    outer loop
      vertex -7.25926 -9.49932 -13.1846
      vertex -5.50578 -9.71977 -9.5102
      vertex -7.27442 -9.50807 -13.1846
    endloop
  endfacet
  facet normal 0.480136 -0.831634 -0.279024
    outer loop
      vertex -7.27442 -9.50807 -13.1846
      vertex -5.50578 -9.71977 -9.5102
      vertex -7.38704 -9.57309 -13.1846
    endloop
  endfacet
  facet normal 0.480144 -0.831629 -0.279027
    outer loop
      vertex -5.50578 -9.71977 -9.5102
      vertex -7.25926 -9.49932 -13.1846
      vertex -5.02836 -9.36944 -9.73281
    endloop
  endfacet
  facet normal 0.480134 -0.831636 -0.27902
    outer loop
      vertex -5.02836 -9.36944 -9.73281
      vertex -7.25926 -9.49932 -13.1846
      vertex -4.84859 -9.23754 -9.8166
    endloop
  endfacet
  facet normal 0.480144 -0.831628 -0.279028
    outer loop
      vertex -4.84859 -9.23754 -9.8166
      vertex -7.25926 -9.49932 -13.1846
      vertex -4.3562 -8.95326 -9.81659
    endloop
  endfacet
  facet normal 0.480125 -0.831645 -0.279009
    outer loop
      vertex -4.3562 -8.95326 -9.81659
      vertex -7.25926 -9.49932 -13.1846
      vertex -4.17037 -8.84598 -9.81658
    endloop
  endfacet
  facet normal 0.5734 0 0.819276
    outer loop
      vertex -15.478 -6.47614 -12.3587
      vertex -15.3024 -7.66951 -12.4816
      vertex -15.3024 -6.33049 -12.4816
    endloop
  endfacet
  facet normal 0.5734 0 0.819276
    outer loop
      vertex -15.3024 -7.66951 -12.4816
      vertex -15.478 -6.47614 -12.3587
      vertex -15.478 -7.52386 -12.3587
    endloop
  endfacet
  facet normal 0.905975 -0.314498 -0.283372
    outer loop
      vertex -15.6327 -8.47582 -13.6769
      vertex -15.7496 -8.69526 -13.8071
      vertex -15.7033 -8.5326 -13.8396
    endloop
  endfacet
  facet normal -0.174301 0.749412 0.638749
    outer loop
      vertex -15.4863 -5.64184 -13.3398
      vertex -16.5304 -5.95227 -13.2605
      vertex -15.4126 -6.10729 -12.7736
    endloop
  endfacet
  facet normal -0.174288 0.749381 0.63879
    outer loop
      vertex -16.5304 -5.95227 -13.2605
      vertex -15.4863 -5.64184 -13.3398
      vertex -15.7496 -5.30474 -13.8071
    endloop
  endfacet
  facet normal -0.936113 0 0.351701
    outer loop
      vertex -17.0178 -7.52386 -14.5578
      vertex -16.5304 -5.95227 -13.2605
      vertex -17.0178 -6.47614 -14.5578
    endloop
  endfacet
  facet normal -0.936113 0 0.351701
    outer loop
      vertex -16.5304 -5.95227 -13.2605
      vertex -17.0178 -7.52386 -14.5578
      vertex -16.5304 -8.04773 -13.2605
    endloop
  endfacet
  facet normal 0.575953 -0.314782 -0.754447
    outer loop
      vertex -15.7496 -8.69526 -13.8071
      vertex -15.9605 -8.39328 -14.0941
      vertex -15.8381 -8.45957 -13.973
    endloop
  endfacet
  facet normal 0.576395 -0.314367 -0.754283
    outer loop
      vertex -16.6275 -7.84763 -14.8312
      vertex -16.2438 -7.37925 -14.7332
      vertex -16.2438 -7.95246 -14.4943
    endloop
  endfacet
  facet normal 0.576413 -0.314386 -0.754261
    outer loop
      vertex -16.2438 -7.37925 -14.7332
      vertex -16.6275 -7.84763 -14.8312
      vertex -16.3862 -7 -15.0001
    endloop
  endfacet
  facet normal 0.576403 -0.314346 -0.754285
    outer loop
      vertex -15.9605 -8.39328 -14.0941
      vertex -16.6275 -7.84763 -14.8312
      vertex -16.2438 -7.95246 -14.4943
    endloop
  endfacet
  facet normal 0.576458 -0.314267 -0.754276
    outer loop
      vertex -16.6275 -7.84763 -14.8312
      vertex -15.9605 -8.39328 -14.0941
      vertex -15.7496 -8.69526 -13.8071
    endloop
  endfacet
  facet normal 0.90594 0.31425 -0.283758
    outer loop
      vertex -15.6327 -5.52418 -13.6769
      vertex -15.7496 -5.30474 -13.8071
      vertex -15.4863 -5.64184 -13.3398
    endloop
  endfacet
  facet normal -0.650684 0 0.759348
    outer loop
      vertex -16.5304 -5.95227 -13.2605
      vertex -15.478 -7.52386 -12.3587
      vertex -15.478 -6.47614 -12.3587
    endloop
  endfacet
  facet normal -0.650684 0 0.759348
    outer loop
      vertex -15.478 -7.52386 -12.3587
      vertex -16.5304 -5.95227 -13.2605
      vertex -16.5304 -8.04773 -13.2605
    endloop
  endfacet
  facet normal 0.576322 -0.314451 -0.754304
    outer loop
      vertex -16.2438 -7.37925 -14.7332
      vertex -16.3862 -7 -15.0001
      vertex -16.2438 -7 -14.8913
    endloop
  endfacet
  facet normal 0.576065 -0.314703 -0.754395
    outer loop
      vertex -15.7496 -8.69526 -13.8071
      vertex -15.8381 -8.45957 -13.973
      vertex -15.7033 -8.5326 -13.8396
    endloop
  endfacet
  facet normal 0.576322 0.314451 -0.754304
    outer loop
      vertex -16.2438 -7 -14.8913
      vertex -16.3862 -7 -15.0001
      vertex -16.2438 -6.62075 -14.7332
    endloop
  endfacet
  facet normal 0.576065 0.314703 -0.754395
    outer loop
      vertex -15.7033 -5.4674 -13.8396
      vertex -15.8381 -5.54043 -13.973
      vertex -15.7496 -5.30474 -13.8071
    endloop
  endfacet
  facet normal 0.905975 0.314498 -0.283372
    outer loop
      vertex -15.7033 -5.4674 -13.8396
      vertex -15.7496 -5.30474 -13.8071
      vertex -15.6327 -5.52418 -13.6769
    endloop
  endfacet
  facet normal -0.174301 -0.749412 0.638749
    outer loop
      vertex -16.5304 -8.04773 -13.2605
      vertex -15.4863 -8.35816 -13.3398
      vertex -15.4126 -7.89271 -12.7736
    endloop
  endfacet
  facet normal -0.174288 -0.749381 0.63879
    outer loop
      vertex -15.4863 -8.35816 -13.3398
      vertex -16.5304 -8.04773 -13.2605
      vertex -15.7496 -8.69526 -13.8071
    endloop
  endfacet
  facet normal -0.174539 0.749383 0.638718
    outer loop
      vertex -15.3746 -6.31023 -12.5251
      vertex -15.478 -6.47614 -12.3587
      vertex -15.3024 -6.33049 -12.4816
    endloop
  endfacet
  facet normal -0.176897 0.749759 0.637628
    outer loop
      vertex -15.382 -6.30058 -12.5385
      vertex -15.478 -6.47614 -12.3587
      vertex -15.3746 -6.31023 -12.5251
    endloop
  endfacet
  facet normal -0.17408 0.749419 0.638801
    outer loop
      vertex -15.4126 -6.10729 -12.7736
      vertex -15.478 -6.47614 -12.3587
      vertex -15.382 -6.30058 -12.5385
    endloop
  endfacet
  facet normal -0.174304 0.749407 0.638755
    outer loop
      vertex -15.478 -6.47614 -12.3587
      vertex -15.4126 -6.10729 -12.7736
      vertex -16.5304 -5.95227 -13.2605
    endloop
  endfacet
  facet normal 0.90594 -0.31425 -0.283758
    outer loop
      vertex -15.4863 -8.35816 -13.3398
      vertex -15.7496 -8.69526 -13.8071
      vertex -15.6327 -8.47582 -13.6769
    endloop
  endfacet
  facet normal -0.659808 0.749442 -0.0546865
    outer loop
      vertex -15.7496 -5.30474 -13.8071
      vertex -16.6275 -6.15237 -14.8312
      vertex -16.5304 -5.95227 -13.2605
    endloop
  endfacet
  facet normal 0.576413 0.314386 -0.754261
    outer loop
      vertex -16.6275 -6.15237 -14.8312
      vertex -16.2438 -6.62075 -14.7332
      vertex -16.3862 -7 -15.0001
    endloop
  endfacet
  facet normal 0.575953 0.314782 -0.754447
    outer loop
      vertex -15.9605 -5.60672 -14.0941
      vertex -15.7496 -5.30474 -13.8071
      vertex -15.8381 -5.54043 -13.973
    endloop
  endfacet
  facet normal 0.576458 0.314267 -0.754276
    outer loop
      vertex -15.9605 -5.60672 -14.0941
      vertex -16.6275 -6.15237 -14.8312
      vertex -15.7496 -5.30474 -13.8071
    endloop
  endfacet
  facet normal 0.576392 0.314362 -0.754287
    outer loop
      vertex -16.2438 -6.04753 -14.4943
      vertex -16.6275 -6.15237 -14.8312
      vertex -15.9605 -5.60672 -14.0941
    endloop
  endfacet
  facet normal 0.576392 0.314363 -0.754287
    outer loop
      vertex -16.2438 -6.62075 -14.7332
      vertex -16.6275 -6.15237 -14.8312
      vertex -16.2438 -6.04753 -14.4943
    endloop
  endfacet
  facet normal -0.659808 -0.749442 -0.0546865
    outer loop
      vertex -16.5304 -8.04773 -13.2605
      vertex -16.6275 -7.84763 -14.8312
      vertex -15.7496 -8.69526 -13.8071
    endloop
  endfacet
  facet normal -0.659912 -0.749351 -0.0546684
    outer loop
      vertex -16.5304 -8.04773 -13.2605
      vertex -17.0178 -7.52386 -14.5578
      vertex -16.6275 -7.84763 -14.8312
    endloop
  endfacet
  facet normal -0.573674 9.96426e-05 -0.819083
    outer loop
      vertex -17.0178 -7.52386 -14.5578
      vertex -16.3862 -7 -15.0001
      vertex -16.6275 -7.84763 -14.8312
    endloop
  endfacet
  facet normal -0.573619 -0 -0.819122
    outer loop
      vertex -17.0178 -6.47614 -14.5578
      vertex -16.3862 -7 -15.0001
      vertex -17.0178 -7.52386 -14.5578
    endloop
  endfacet
  facet normal -0.573674 -9.96426e-05 -0.819083
    outer loop
      vertex -16.3862 -7 -15.0001
      vertex -17.0178 -6.47614 -14.5578
      vertex -16.6275 -6.15237 -14.8312
    endloop
  endfacet
  facet normal -0.174539 -0.749383 0.638718
    outer loop
      vertex -15.478 -7.52386 -12.3587
      vertex -15.3746 -7.68977 -12.5251
      vertex -15.3024 -7.66951 -12.4816
    endloop
  endfacet
  facet normal -0.176897 -0.749759 0.637628
    outer loop
      vertex -15.478 -7.52386 -12.3587
      vertex -15.382 -7.69942 -12.5385
      vertex -15.3746 -7.68977 -12.5251
    endloop
  endfacet
  facet normal -0.17408 -0.749419 0.638801
    outer loop
      vertex -15.478 -7.52386 -12.3587
      vertex -15.4126 -7.89271 -12.7736
      vertex -15.382 -7.69942 -12.5385
    endloop
  endfacet
  facet normal -0.174304 -0.749407 0.638755
    outer loop
      vertex -15.4126 -7.89271 -12.7736
      vertex -15.478 -7.52386 -12.3587
      vertex -16.5304 -8.04773 -13.2605
    endloop
  endfacet
  facet normal -0.659912 0.749351 -0.0546684
    outer loop
      vertex -16.6275 -6.15237 -14.8312
      vertex -17.0178 -6.47614 -14.5578
      vertex -16.5304 -5.95227 -13.2605
    endloop
  endfacet
  facet normal -0.472073 0.8617 -0.186065
    outer loop
      vertex -14.8298 -7.74109 -12.2636
      vertex -15.3474 -7.91794 -11.7694
      vertex -14.7521 -7.68181 -12.1862
    endloop
  endfacet
  facet normal -0.472139 0.861645 -0.186153
    outer loop
      vertex -15.3474 -7.91794 -11.7694
      vertex -14.8298 -7.74109 -12.2636
      vertex -15.174 -7.98444 -12.517
    endloop
  endfacet
  facet normal 0.0133758 -0.861682 0.507273
    outer loop
      vertex -14.7521 -8.91819 -12.1862
      vertex -14.8091 -8.49103 -11.4591
      vertex -15.3474 -8.68206 -11.7694
    endloop
  endfacet
  facet normal 0.0133934 -0.861681 0.507274
    outer loop
      vertex -14.8091 -8.49103 -11.4591
      vertex -14.7521 -8.91819 -12.1862
      vertex -14.5115 -8.60909 -11.6675
    endloop
  endfacet
  facet normal 0.842885 0.533076 -0.073307
    outer loop
      vertex -14.5115 -7.99091 -11.6675
      vertex -14.7236 -7.72961 -12.2061
      vertex -14.7521 -7.68181 -12.1862
    endloop
  endfacet
  facet normal 0.843213 0.532502 -0.0737143
    outer loop
      vertex -14.7236 -7.72961 -12.2061
      vertex -14.5115 -7.99091 -11.6675
      vertex -14.4227 -8.20647 -12.2089
    endloop
  endfacet
  facet normal 0.843113 0.53265 -0.0737895
    outer loop
      vertex -14.3275 -8.3 -11.7963
      vertex -14.4227 -8.20647 -12.2089
      vertex -14.5115 -7.99091 -11.6675
    endloop
  endfacet
  facet normal 0.842899 0.533007 -0.0736593
    outer loop
      vertex -14.4227 -8.20647 -12.2089
      vertex -14.3275 -8.3 -11.7963
      vertex -14.3636 -8.3 -12.2094
    endloop
  endfacet
  facet normal 0.573582 0.000106042 0.819148
    outer loop
      vertex -14.8091 -8.10897 -11.4591
      vertex -14.3275 -8.3 -11.7963
      vertex -14.5115 -7.99091 -11.6675
    endloop
  endfacet
  facet normal 0.573554 -0 0.819168
    outer loop
      vertex -14.8091 -8.49103 -11.4591
      vertex -14.3275 -8.3 -11.7963
      vertex -14.8091 -8.10897 -11.4591
    endloop
  endfacet
  facet normal 0.573582 -0.000106042 0.819148
    outer loop
      vertex -14.3275 -8.3 -11.7963
      vertex -14.8091 -8.49103 -11.4591
      vertex -14.5115 -8.60909 -11.6675
    endloop
  endfacet
  facet normal 0.0133834 0.861687 0.507263
    outer loop
      vertex -14.5115 -7.99091 -11.6675
      vertex -15.3474 -7.91794 -11.7694
      vertex -14.8091 -8.10897 -11.4591
    endloop
  endfacet
  facet normal -0.499411 0 0.866365
    outer loop
      vertex -15.3474 -7.91794 -11.7694
      vertex -14.8091 -8.49103 -11.4591
      vertex -14.8091 -8.10897 -11.4591
    endloop
  endfacet
  facet normal -0.499411 0 0.866365
    outer loop
      vertex -14.8091 -8.49103 -11.4591
      vertex -15.3474 -7.91794 -11.7694
      vertex -15.3474 -8.68206 -11.7694
    endloop
  endfacet
  facet normal 0.357732 -0.532521 -0.767104
    outer loop
      vertex -14.7521 -8.91819 -12.1862
      vertex -14.858 -8.50114 -12.5251
      vertex -14.5119 -8.51468 -12.3543
    endloop
  endfacet
  facet normal 0.357752 -0.532513 -0.767101
    outer loop
      vertex -15.1572 -8.60909 -12.5897
      vertex -14.858 -8.50114 -12.5251
      vertex -14.7521 -8.91819 -12.1862
    endloop
  endfacet
  facet normal 0.357787 -0.532692 -0.76696
    outer loop
      vertex -14.858 -8.50114 -12.5251
      vertex -15.1572 -8.60909 -12.5897
      vertex -15.0289 -8.39348 -12.6796
    endloop
  endfacet
  facet normal 0.0133808 0.861678 0.507278
    outer loop
      vertex -14.7521 -7.68181 -12.1862
      vertex -15.3474 -7.91794 -11.7694
      vertex -14.5115 -7.99091 -11.6675
    endloop
  endfacet
  facet normal 0.84314 -0.532621 -0.0736804
    outer loop
      vertex -14.5115 -8.60909 -11.6675
      vertex -14.3636 -8.3 -12.2094
      vertex -14.3275 -8.3 -11.7963
    endloop
  endfacet
  facet normal 0.843111 -0.532664 -0.0737129
    outer loop
      vertex -14.3636 -8.3 -12.2094
      vertex -14.5115 -8.60909 -11.6675
      vertex -14.5119 -8.51468 -12.3543
    endloop
  endfacet
  facet normal 0.843145 -0.53261 -0.0737055
    outer loop
      vertex -14.5119 -8.51468 -12.3543
      vertex -14.5115 -8.60909 -11.6675
      vertex -14.7521 -8.91819 -12.1862
    endloop
  endfacet
  facet normal 0.357724 0.53262 -0.76704
    outer loop
      vertex -14.7236 -7.72961 -12.2061
      vertex -14.8298 -7.74109 -12.2636
      vertex -14.7521 -7.68181 -12.1862
    endloop
  endfacet
  facet normal -0.472079 -0.861694 -0.186078
    outer loop
      vertex -15.4549 -8.49103 -12.3813
      vertex -14.7521 -8.91819 -12.1862
      vertex -15.3474 -8.68206 -11.7694
    endloop
  endfacet
  facet normal -0.47205 -0.861689 -0.186172
    outer loop
      vertex -14.7521 -8.91819 -12.1862
      vertex -15.4549 -8.49103 -12.3813
      vertex -15.1572 -8.60909 -12.5897
    endloop
  endfacet
  facet normal -0.573551 -0.000263405 -0.81917
    outer loop
      vertex -15.4549 -8.49103 -12.3813
      vertex -15.0289 -8.39348 -12.6796
      vertex -15.1572 -8.60909 -12.5897
    endloop
  endfacet
  facet normal -0.573591 -0 -0.819142
    outer loop
      vertex -15.4549 -8.10897 -12.3813
      vertex -15.0289 -8.39348 -12.6796
      vertex -15.4549 -8.49103 -12.3813
    endloop
  endfacet
  facet normal -0.573457 0.000300832 -0.819236
    outer loop
      vertex -15.0289 -8.39348 -12.6796
      vertex -15.4549 -8.10897 -12.3813
      vertex -15.1987 -8.00737 -12.5606
    endloop
  endfacet
  facet normal -0.984916 0 0.173032
    outer loop
      vertex -15.4549 -8.49103 -12.3813
      vertex -15.3474 -7.91794 -11.7694
      vertex -15.4549 -8.10897 -12.3813
    endloop
  endfacet
  facet normal -0.984916 0 0.173032
    outer loop
      vertex -15.3474 -7.91794 -11.7694
      vertex -15.4549 -8.49103 -12.3813
      vertex -15.3474 -8.68206 -11.7694
    endloop
  endfacet
  facet normal -0.47195 0.861755 -0.186119
    outer loop
      vertex -15.174 -7.98444 -12.517
      vertex -15.4549 -8.10897 -12.3813
      vertex -15.3474 -7.91794 -11.7694
    endloop
  endfacet
  facet normal -0.471054 0.862859 -0.183252
    outer loop
      vertex -15.1851 -7.99222 -12.5251
      vertex -15.4549 -8.10897 -12.3813
      vertex -15.174 -7.98444 -12.517
    endloop
  endfacet
  facet normal -0.472282 0.861448 -0.186701
    outer loop
      vertex -15.4549 -8.10897 -12.3813
      vertex -15.1851 -7.99222 -12.5251
      vertex -15.1987 -8.00737 -12.5606
    endloop
  endfacet
  facet normal -0.472061 -0.861702 -0.186088
    outer loop
      vertex -15.2903 -7.41145 -11.4431
      vertex -15.4061 -7.20572 -12.102
      vertex -14.6492 -7.66574 -11.8919
    endloop
  endfacet
  facet normal 0.358001 -0.533414 -0.766358
    outer loop
      vertex -15.0258 -7.30897 -12.3152
      vertex -15.0856 -7.33287 -12.3265
      vertex -15.0666 -7.30101 -12.3398
    endloop
  endfacet
  facet normal -0.984905 0 0.173095
    outer loop
      vertex -15.4061 -7.20572 -12.102
      vertex -15.2903 -6.58855 -11.4431
      vertex -15.4061 -6.79428 -12.102
    endloop
  endfacet
  facet normal -0.984905 0 0.173095
    outer loop
      vertex -15.2903 -6.58855 -11.4431
      vertex -15.4061 -7.20572 -12.102
      vertex -15.2903 -7.41145 -11.4431
    endloop
  endfacet
  facet normal 0.84327 0.532386 -0.0738918
    outer loop
      vertex -14.3901 -6.66713 -11.3333
      vertex -14.4982 -6.58812 -11.9977
      vertex -14.6492 -6.33426 -11.8919
    endloop
  endfacet
  facet normal 0.843178 0.532536 -0.0738589
    outer loop
      vertex -14.4982 -6.58812 -11.9977
      vertex -14.3901 -6.66713 -11.3333
      vertex -14.3007 -6.88435 -11.8789
    endloop
  endfacet
  facet normal 0.843157 0.532568 -0.0738749
    outer loop
      vertex -14.192 -7 -11.472
      vertex -14.3007 -6.88435 -11.8789
      vertex -14.3901 -6.66713 -11.3333
    endloop
  endfacet
  facet normal 0.843207 0.532484 -0.0739122
    outer loop
      vertex -14.3007 -6.88435 -11.8789
      vertex -14.192 -7 -11.472
      vertex -14.2236 -7 -11.8325
    endloop
  endfacet
  facet normal 0.0133305 -0.861673 0.507288
    outer loop
      vertex -14.3901 -7.33287 -11.3333
      vertex -14.7107 -7.20572 -11.1089
      vertex -14.6492 -7.66574 -11.8919
    endloop
  endfacet
  facet normal -0.472106 -0.861709 -0.185941
    outer loop
      vertex -14.6492 -7.66574 -11.8919
      vertex -15.4061 -7.20572 -12.102
      vertex -15.0856 -7.33287 -12.3265
    endloop
  endfacet
  facet normal 0.357762 -0.532504 -0.767102
    outer loop
      vertex -14.6492 -7.66574 -11.8919
      vertex -15.0258 -7.30897 -12.3152
      vertex -14.4982 -7.41188 -11.9977
    endloop
  endfacet
  facet normal 0.357774 -0.532493 -0.767104
    outer loop
      vertex -15.0258 -7.30897 -12.3152
      vertex -14.6492 -7.66574 -11.8919
      vertex -15.0856 -7.33287 -12.3265
    endloop
  endfacet
  facet normal 0.57345 -8.43422e-05 0.81924
    outer loop
      vertex -14.7107 -6.79428 -11.1089
      vertex -14.192 -7 -11.472
      vertex -14.3901 -6.66713 -11.3333
    endloop
  endfacet
  facet normal 0.573473 -0 0.819225
    outer loop
      vertex -14.7107 -7.20572 -11.1089
      vertex -14.192 -7 -11.472
      vertex -14.7107 -6.79428 -11.1089
    endloop
  endfacet
  facet normal 0.57345 8.43422e-05 0.81924
    outer loop
      vertex -14.192 -7 -11.472
      vertex -14.7107 -7.20572 -11.1089
      vertex -14.3901 -7.33287 -11.3333
    endloop
  endfacet
  facet normal 0.0133469 0.861673 0.507289
    outer loop
      vertex -14.6492 -6.33426 -11.8919
      vertex -15.2903 -6.58855 -11.4431
      vertex -14.7107 -6.79428 -11.1089
    endloop
  endfacet
  facet normal 0.0133305 0.861673 0.507288
    outer loop
      vertex -14.6492 -6.33426 -11.8919
      vertex -14.7107 -6.79428 -11.1089
      vertex -14.3901 -6.66713 -11.3333
    endloop
  endfacet
  facet normal -0.472061 0.861702 -0.186088
    outer loop
      vertex -14.6492 -6.33426 -11.8919
      vertex -15.4061 -6.79428 -12.102
      vertex -15.2903 -6.58855 -11.4431
    endloop
  endfacet
  facet normal 0.357762 0.532504 -0.767102
    outer loop
      vertex -15.0258 -6.69103 -12.3152
      vertex -14.6492 -6.33426 -11.8919
      vertex -14.4982 -6.58812 -11.9977
    endloop
  endfacet
  facet normal 0.357774 0.532493 -0.767104
    outer loop
      vertex -14.6492 -6.33426 -11.8919
      vertex -15.0258 -6.69103 -12.3152
      vertex -15.0856 -6.66713 -12.3265
    endloop
  endfacet
  facet normal 0.358001 0.533414 -0.766358
    outer loop
      vertex -15.0666 -6.69899 -12.3398
      vertex -15.0856 -6.66713 -12.3265
      vertex -15.0258 -6.69103 -12.3152
    endloop
  endfacet
  facet normal 0.843178 -0.532536 -0.0738589
    outer loop
      vertex -14.3901 -7.33287 -11.3333
      vertex -14.4982 -7.41188 -11.9977
      vertex -14.3007 -7.11565 -11.8789
    endloop
  endfacet
  facet normal 0.84327 -0.532386 -0.0738918
    outer loop
      vertex -14.4982 -7.41188 -11.9977
      vertex -14.3901 -7.33287 -11.3333
      vertex -14.6492 -7.66574 -11.8919
    endloop
  endfacet
  facet normal 0.843207 -0.532484 -0.0739122
    outer loop
      vertex -14.192 -7 -11.472
      vertex -14.3007 -7.11565 -11.8789
      vertex -14.2236 -7 -11.8325
    endloop
  endfacet
  facet normal 0.843157 -0.532568 -0.0738749
    outer loop
      vertex -14.3007 -7.11565 -11.8789
      vertex -14.192 -7 -11.472
      vertex -14.3901 -7.33287 -11.3333
    endloop
  endfacet
  facet normal 0.0133469 -0.861673 0.507289
    outer loop
      vertex -14.7107 -7.20572 -11.1089
      vertex -15.2903 -7.41145 -11.4431
      vertex -14.6492 -7.66574 -11.8919
    endloop
  endfacet
  facet normal -0.499515 0 0.866305
    outer loop
      vertex -15.2903 -6.58855 -11.4431
      vertex -14.7107 -7.20572 -11.1089
      vertex -14.7107 -6.79428 -11.1089
    endloop
  endfacet
  facet normal -0.499515 0 0.866305
    outer loop
      vertex -14.7107 -7.20572 -11.1089
      vertex -15.2903 -6.58855 -11.4431
      vertex -15.2903 -7.41145 -11.4431
    endloop
  endfacet
  facet normal -0.57367 0.000184874 -0.819086
    outer loop
      vertex -15.4061 -7.20572 -12.102
      vertex -15.0666 -7.30101 -12.3398
      vertex -15.0856 -7.33287 -12.3265
    endloop
  endfacet
  facet normal -0.573705 0 -0.819062
    outer loop
      vertex -15.0666 -7.30101 -12.3398
      vertex -15.4061 -7.20572 -12.102
      vertex -15.0666 -6.69899 -12.3398
    endloop
  endfacet
  facet normal -0.573705 -0 -0.819062
    outer loop
      vertex -15.4061 -6.79428 -12.102
      vertex -15.0666 -6.69899 -12.3398
      vertex -15.4061 -7.20572 -12.102
    endloop
  endfacet
  facet normal -0.57367 -0.000184874 -0.819086
    outer loop
      vertex -15.0666 -6.69899 -12.3398
      vertex -15.4061 -6.79428 -12.102
      vertex -15.0856 -6.66713 -12.3265
    endloop
  endfacet
  facet normal -0.472106 0.861709 -0.185941
    outer loop
      vertex -15.0856 -6.66713 -12.3265
      vertex -15.4061 -6.79428 -12.102
      vertex -14.6492 -6.33426 -11.8919
    endloop
  endfacet
  facet normal -0.499411 0 0.866365
    outer loop
      vertex -15.3474 -5.31794 -11.7694
      vertex -14.8091 -5.89103 -11.4591
      vertex -14.8091 -5.50897 -11.4591
    endloop
  endfacet
  facet normal -0.499411 0 0.866365
    outer loop
      vertex -14.8091 -5.89103 -11.4591
      vertex -15.3474 -5.31794 -11.7694
      vertex -15.3474 -6.08206 -11.7694
    endloop
  endfacet
  facet normal -0.573457 -0.000300832 -0.819236
    outer loop
      vertex -15.4549 -5.89103 -12.3813
      vertex -15.0289 -5.60652 -12.6796
      vertex -15.1987 -5.99263 -12.5606
    endloop
  endfacet
  facet normal -0.573591 0 -0.819142
    outer loop
      vertex -15.0289 -5.60652 -12.6796
      vertex -15.4549 -5.89103 -12.3813
      vertex -15.4549 -5.50897 -12.3813
    endloop
  endfacet
  facet normal -0.573551 0.000263405 -0.81917
    outer loop
      vertex -15.0289 -5.60652 -12.6796
      vertex -15.4549 -5.50897 -12.3813
      vertex -15.1572 -5.39091 -12.5897
    endloop
  endfacet
  facet normal 0.0133934 0.861681 0.507274
    outer loop
      vertex -14.7521 -5.08181 -12.1862
      vertex -14.8091 -5.50897 -11.4591
      vertex -14.5115 -5.39091 -11.6675
    endloop
  endfacet
  facet normal 0.0133758 0.861682 0.507273
    outer loop
      vertex -14.8091 -5.50897 -11.4591
      vertex -14.7521 -5.08181 -12.1862
      vertex -15.3474 -5.31794 -11.7694
    endloop
  endfacet
  facet normal 0.843213 -0.532502 -0.0737143
    outer loop
      vertex -14.5115 -6.00909 -11.6675
      vertex -14.7236 -6.27039 -12.2061
      vertex -14.4227 -5.79353 -12.2089
    endloop
  endfacet
  facet normal 0.842885 -0.533076 -0.073307
    outer loop
      vertex -14.7236 -6.27039 -12.2061
      vertex -14.5115 -6.00909 -11.6675
      vertex -14.7521 -6.31819 -12.1862
    endloop
  endfacet
  facet normal 0.573582 0.000106042 0.819148
    outer loop
      vertex -14.8091 -5.50897 -11.4591
      vertex -14.3275 -5.7 -11.7963
      vertex -14.5115 -5.39091 -11.6675
    endloop
  endfacet
  facet normal 0.573554 -0 0.819168
    outer loop
      vertex -14.8091 -5.89103 -11.4591
      vertex -14.3275 -5.7 -11.7963
      vertex -14.8091 -5.50897 -11.4591
    endloop
  endfacet
  facet normal 0.573582 -0.000106042 0.819148
    outer loop
      vertex -14.3275 -5.7 -11.7963
      vertex -14.8091 -5.89103 -11.4591
      vertex -14.5115 -6.00909 -11.6675
    endloop
  endfacet
  facet normal 0.843145 0.53261 -0.0737055
    outer loop
      vertex -14.5115 -5.39091 -11.6675
      vertex -14.5119 -5.48532 -12.3543
      vertex -14.7521 -5.08181 -12.1862
    endloop
  endfacet
  facet normal 0.84314 0.532621 -0.0736804
    outer loop
      vertex -14.3636 -5.7 -12.2094
      vertex -14.5115 -5.39091 -11.6675
      vertex -14.3275 -5.7 -11.7963
    endloop
  endfacet
  facet normal 0.843111 0.532664 -0.0737129
    outer loop
      vertex -14.5115 -5.39091 -11.6675
      vertex -14.3636 -5.7 -12.2094
      vertex -14.5119 -5.48532 -12.3543
    endloop
  endfacet
  facet normal 0.0133808 -0.861678 0.507278
    outer loop
      vertex -14.5115 -6.00909 -11.6675
      vertex -15.3474 -6.08206 -11.7694
      vertex -14.7521 -6.31819 -12.1862
    endloop
  endfacet
  facet normal 0.842899 -0.533007 -0.0736593
    outer loop
      vertex -14.3275 -5.7 -11.7963
      vertex -14.4227 -5.79353 -12.2089
      vertex -14.3636 -5.7 -12.2094
    endloop
  endfacet
  facet normal 0.843113 -0.53265 -0.0737895
    outer loop
      vertex -14.4227 -5.79353 -12.2089
      vertex -14.3275 -5.7 -11.7963
      vertex -14.5115 -6.00909 -11.6675
    endloop
  endfacet
  facet normal -0.47195 -0.861755 -0.186119
    outer loop
      vertex -15.4549 -5.89103 -12.3813
      vertex -15.174 -6.01556 -12.517
      vertex -15.3474 -6.08206 -11.7694
    endloop
  endfacet
  facet normal -0.471054 -0.862859 -0.183252
    outer loop
      vertex -15.4549 -5.89103 -12.3813
      vertex -15.1851 -6.00778 -12.5251
      vertex -15.174 -6.01556 -12.517
    endloop
  endfacet
  facet normal -0.472282 -0.861448 -0.186701
    outer loop
      vertex -15.1851 -6.00778 -12.5251
      vertex -15.4549 -5.89103 -12.3813
      vertex -15.1987 -5.99263 -12.5606
    endloop
  endfacet
  facet normal 0.0133834 -0.861687 0.507263
    outer loop
      vertex -14.8091 -5.89103 -11.4591
      vertex -15.3474 -6.08206 -11.7694
      vertex -14.5115 -6.00909 -11.6675
    endloop
  endfacet
  facet normal -0.472073 -0.8617 -0.186065
    outer loop
      vertex -15.3474 -6.08206 -11.7694
      vertex -14.8298 -6.25891 -12.2636
      vertex -14.7521 -6.31819 -12.1862
    endloop
  endfacet
  facet normal -0.472139 -0.861645 -0.186153
    outer loop
      vertex -14.8298 -6.25891 -12.2636
      vertex -15.3474 -6.08206 -11.7694
      vertex -15.174 -6.01556 -12.517
    endloop
  endfacet
  facet normal 0.357724 -0.53262 -0.76704
    outer loop
      vertex -14.7521 -6.31819 -12.1862
      vertex -14.8298 -6.25891 -12.2636
      vertex -14.7236 -6.27039 -12.2061
    endloop
  endfacet
  facet normal 0.357732 0.532521 -0.767104
    outer loop
      vertex -14.858 -5.49886 -12.5251
      vertex -14.7521 -5.08181 -12.1862
      vertex -14.5119 -5.48532 -12.3543
    endloop
  endfacet
  facet normal 0.357787 0.532692 -0.76696
    outer loop
      vertex -15.1572 -5.39091 -12.5897
      vertex -14.858 -5.49886 -12.5251
      vertex -15.0289 -5.60652 -12.6796
    endloop
  endfacet
  facet normal 0.357752 0.532513 -0.767101
    outer loop
      vertex -14.858 -5.49886 -12.5251
      vertex -15.1572 -5.39091 -12.5897
      vertex -14.7521 -5.08181 -12.1862
    endloop
  endfacet
  facet normal -0.984916 0 0.173032
    outer loop
      vertex -15.4549 -5.89103 -12.3813
      vertex -15.3474 -5.31794 -11.7694
      vertex -15.4549 -5.50897 -12.3813
    endloop
  endfacet
  facet normal -0.984916 0 0.173032
    outer loop
      vertex -15.3474 -5.31794 -11.7694
      vertex -15.4549 -5.89103 -12.3813
      vertex -15.3474 -6.08206 -11.7694
    endloop
  endfacet
  facet normal -0.472079 0.861694 -0.186078
    outer loop
      vertex -14.7521 -5.08181 -12.1862
      vertex -15.4549 -5.50897 -12.3813
      vertex -15.3474 -5.31794 -11.7694
    endloop
  endfacet
  facet normal -0.47205 0.861689 -0.186172
    outer loop
      vertex -15.4549 -5.50897 -12.3813
      vertex -14.7521 -5.08181 -12.1862
      vertex -15.1572 -5.39091 -12.5897
    endloop
  endfacet
  facet normal 0.0733714 0.510306 0.856857
    outer loop
      vertex 8.0281 8.45122 10.4749
      vertex 6.64779 8.64968 10.4749
      vertex 7.37631 7.024 11.3807
    endloop
  endfacet
  facet normal 0.839321 0.246428 -0.484577
    outer loop
      vertex 10.3807 6.2 7.09413
      vertex 9.082 7.53802 5.52513
      vertex 9.84406 8.02777 7.09413
    endloop
  endfacet
  facet normal 0.337613 0.389631 0.856858
    outer loop
      vertex 8.0281 8.45122 10.4749
      vertex 7.37631 7.024 11.3807
      vertex 9.082 7.53802 10.4749
    endloop
  endfacet
  facet normal -0.363387 -0.7957 0.484574
    outer loop
      vertex 6.64779 3.75032 10.4749
      vertex 4.78609 3.64501 8.90587
      vertex 6.51887 2.85367 8.90587
    endloop
  endfacet
  facet normal 0.959505 -0.281693 0
    outer loop
      vertex 10.3807 6.2 8.57193
      vertex 10.168 5.4755 7.09413
      vertex 10.3807 6.2 7.09413
    endloop
  endfacet
  facet normal 0.959486 0.281755 -0.000252109
    outer loop
      vertex 10.3807 6.2 8.57193
      vertex 9.84406 8.02777 8.90587
      vertex 10.3397 6.33992 8.90587
    endloop
  endfacet
  facet normal 0.959499 0.281712 0
    outer loop
      vertex 9.84406 8.02777 8.90587
      vertex 10.3807 6.2 8.57193
      vertex 9.84406 8.02777 7.09413
    endloop
  endfacet
  facet normal 0.959499 0.281712 0
    outer loop
      vertex 9.84406 8.02777 7.09413
      vertex 10.3807 6.2 8.57193
      vertex 10.3807 6.2 7.09413
    endloop
  endfacet
  facet normal 0.572834 0.661093 -0.484579
    outer loop
      vertex 9.082 7.53802 5.52513
      vertex 8.0281 8.45122 5.52513
      vertex 9.84406 8.02777 7.09413
    endloop
  endfacet
  facet normal -0.393003 0.779047 0.488503
    outer loop
      vertex 4.78609 8.75499 8.90587
      vertex 3.19802 8.32208 8.31865
      vertex 5.3793 8.07038 10.4749
    endloop
  endfacet
  facet normal 0.572837 0.661096 0.484572
    outer loop
      vertex 9.84406 8.02777 8.90587
      vertex 8.0281 8.45122 10.4749
      vertex 9.082 7.53802 10.4749
    endloop
  endfacet
  facet normal -0.604372 -0.620786 0.499359
    outer loop
      vertex 5.3793 4.32961 10.4749
      vertex 3.19802 4.71873 8.31865
      vertex 4.78609 3.64501 8.90587
    endloop
  endfacet
  facet normal 0.484327 -0.558942 -0.673062
    outer loop
      vertex 9.082 4.86198 5.52513
      vertex 5.74952 4.35188 3.55073
      vertex 6.7647 5.23154 3.55073
    endloop
  endfacet
  facet normal 0.0733803 0.510308 0.856855
    outer loop
      vertex 7.37631 7.024 11.3807
      vertex 6.64779 8.64968 10.4749
      vertex 6.87108 7.09665 11.3807
    endloop
  endfacet
  facet normal 0.1334 -0.927815 -0.348373
    outer loop
      vertex 6.51887 2.85367 7.09413
      vertex 6.112 3.55815 5.0621
      vertex 8.40441 3.12477 7.09413
    endloop
  endfacet
  facet normal 0.572838 0.661093 0.484574
    outer loop
      vertex 8.40441 9.27523 8.90587
      vertex 8.0281 8.45122 10.4749
      vertex 9.84406 8.02777 8.90587
    endloop
  endfacet
  facet normal -0.363387 0.7957 0.484574
    outer loop
      vertex 6.51887 9.54633 8.90587
      vertex 4.78609 8.75499 8.90587
      vertex 6.64779 8.64968 10.4749
    endloop
  endfacet
  facet normal -0.367708 0.805163 0.465299
    outer loop
      vertex 6.51887 9.54633 8.90587
      vertex 4.29573 9.74381 6.80728
      vertex 4.78609 8.75499 8.90587
    endloop
  endfacet
  facet normal 0.484325 -0.558947 -0.673058
    outer loop
      vertex 8.0281 3.94878 5.52513
      vertex 5.74952 4.35188 3.55073
      vertex 9.082 4.86198 5.52513
    endloop
  endfacet
  facet normal -0.214171 0.468966 0.856856
    outer loop
      vertex 6.64779 8.64968 10.4749
      vertex 6.40678 6.88461 11.3807
      vertex 6.87108 7.09665 11.3807
    endloop
  endfacet
  facet normal 0.49465 0.145239 0.856871
    outer loop
      vertex 9.082 7.53802 10.4749
      vertex 8.40521 6.76807 10.9961
      vertex 9.30659 6.77312 10.4749
    endloop
  endfacet
  facet normal 0.142063 0.988074 -0.0593995
    outer loop
      vertex 6.112 9.48267 5.0621
      vertex 4.29573 9.74381 5.0621
      vertex 8.40441 9.27523 7.09413
    endloop
  endfacet
  facet normal 0.83932 0.24644 0.484571
    outer loop
      vertex 10.1799 6.40691 9.14849
      vertex 9.84406 8.02777 8.90587
      vertex 9.082 7.53802 10.4749
    endloop
  endfacet
  facet normal 0.839237 0.246444 0.484712
    outer loop
      vertex 9.84406 8.02777 8.90587
      vertex 10.1799 6.40691 9.14849
      vertex 10.3397 6.33992 8.90587
    endloop
  endfacet
  facet normal 0.0884809 0.996078 -0
    outer loop
      vertex 6.51887 9.54633 7.09413
      vertex 4.29573 9.74381 6.80728
      vertex 6.51887 9.54633 8.90587
    endloop
  endfacet
  facet normal 0.0884809 0.996078 0
    outer loop
      vertex 4.29573 9.74381 6.80728
      vertex 6.51887 9.54633 7.09413
      vertex 4.29573 9.74381 5.0621
    endloop
  endfacet
  facet normal 0.572836 0.66109 -0.484582
    outer loop
      vertex 9.84406 8.02777 7.09413
      vertex 8.0281 8.45122 5.52513
      vertex 8.40441 9.27523 7.09413
    endloop
  endfacet
  facet normal -0.367708 0.805164 0.465299
    outer loop
      vertex 4.29573 9.74381 6.80728
      vertex 2.6266 8.98154 6.80728
      vertex 4.78609 8.75499 8.90587
    endloop
  endfacet
  facet normal 0.620681 -0.182245 -0.762589
    outer loop
      vertex 9.082 4.86198 5.52513
      vertex 6.7647 5.23154 3.55073
      vertex 7.14314 6.52041 3.55073
    endloop
  endfacet
  facet normal 0.287207 -0.817959 -0.498452
    outer loop
      vertex 6.112 3.55815 5.0621
      vertex 5.74952 4.35188 3.55073
      vertex 8.0281 3.94878 5.52513
    endloop
  endfacet
  facet normal 0.133405 -0.927814 -0.348373
    outer loop
      vertex 6.51887 2.85367 7.09413
      vertex 4.29573 3.297 5.0621
      vertex 6.112 3.55815 5.0621
    endloop
  endfacet
  facet normal 0.124488 -0.86589 0.484497
    outer loop
      vertex 6.64779 3.75032 10.4749
      vertex 7.66765 3.68723 10.1001
      vertex 7.47161 3.86876 10.4749
    endloop
  endfacet
  facet normal 0.124518 -0.865844 0.484571
    outer loop
      vertex 7.66765 3.68723 10.1001
      vertex 6.64779 3.75032 10.4749
      vertex 6.51887 2.85367 8.90587
    endloop
  endfacet
  facet normal -0.620919 0.399038 0.674706
    outer loop
      vertex 5.3793 8.07038 10.4749
      vertex 3.19802 8.32208 8.31865
      vertex 4.62538 6.89725 10.4749
    endloop
  endfacet
  facet normal 0.494706 0.145175 0.856849
    outer loop
      vertex 9.082 7.53802 10.4749
      vertex 7.87936 6.76513 11.3002
      vertex 8.40521 6.76807 10.9961
    endloop
  endfacet
  facet normal 0.337618 0.389621 0.85686
    outer loop
      vertex 7.37631 7.024 11.3807
      vertex 7.87936 6.76513 11.3002
      vertex 9.082 7.53802 10.4749
    endloop
  endfacet
  facet normal 0.337635 0.389664 0.856834
    outer loop
      vertex 7.87936 6.76513 11.3002
      vertex 7.37631 7.024 11.3807
      vertex 7.69109 6.75125 11.3807
    endloop
  endfacet
  facet normal 0.839328 0.246444 0.484555
    outer loop
      vertex 10.1271 6.42904 9.22864
      vertex 9.082 7.53802 10.4749
      vertex 9.30659 6.77312 10.4749
    endloop
  endfacet
  facet normal 0.839247 0.245898 0.484972
    outer loop
      vertex 9.082 7.53802 10.4749
      vertex 10.1271 6.42904 9.22864
      vertex 10.1799 6.40691 9.14849
    endloop
  endfacet
  facet normal 0.64948 0.190701 -0.736077
    outer loop
      vertex 9.47487 6.2 5.52513
      vertex 7.14314 6.52041 3.55073
      vertex 9.082 7.53802 5.52513
    endloop
  endfacet
  facet normal 0.839318 -0.246408 -0.484591
    outer loop
      vertex 9.61543 5.00393 6.37686
      vertex 10.3807 6.2 7.09413
      vertex 10.168 5.4755 7.09413
    endloop
  endfacet
  facet normal 0.839318 -0.24641 -0.48459
    outer loop
      vertex 9.61543 5.00393 6.37686
      vertex 9.082 4.86198 5.52513
      vertex 10.3807 6.2 7.09413
    endloop
  endfacet
  facet normal 0.839311 -0.246461 -0.484577
    outer loop
      vertex 9.082 4.86198 5.52513
      vertex 9.61543 5.00393 6.37686
      vertex 9.55333 4.55907 6.49556
    endloop
  endfacet
  facet normal -0.363385 0.795702 0.484572
    outer loop
      vertex 6.64779 8.64968 10.4749
      vertex 4.78609 8.75499 8.90587
      vertex 5.3793 8.07038 10.4749
    endloop
  endfacet
  facet normal -0.707543 0 0.70667
    outer loop
      vertex 2.47179 5.84877 8.31865
      vertex 4.62538 6.89725 10.4749
      vertex 2.47179 7.19205 8.31865
    endloop
  endfacet
  facet normal -0.707543 0 0.70667
    outer loop
      vertex 4.62538 6.89725 10.4749
      vertex 2.47179 5.84877 8.31865
      vertex 4.62538 5.50275 10.4749
    endloop
  endfacet
  facet normal -0.433717 -0.278724 0.856856
    outer loop
      vertex 6.13083 5.94479 11.3807
      vertex 5.3793 4.32961 10.4749
      vertex 6.40678 5.51539 11.3807
    endloop
  endfacet
  facet normal -0.433714 0.278723 0.856858
    outer loop
      vertex 6.40678 6.88461 11.3807
      vertex 4.62538 6.89725 10.4749
      vertex 6.13083 6.45521 11.3807
    endloop
  endfacet
  facet normal -0.604371 -0.62078 0.499368
    outer loop
      vertex 3.19802 4.71873 8.31865
      vertex 2.6266 4.05927 6.80728
      vertex 4.78609 3.64501 8.90587
    endloop
  endfacet
  facet normal 0.142064 0.988074 -0.0594
    outer loop
      vertex 8.40441 9.27523 7.09413
      vertex 4.29573 9.74381 5.0621
      vertex 6.51887 9.54633 7.09413
    endloop
  endfacet
  facet normal 0.839323 0.246442 -0.484566
    outer loop
      vertex 9.47487 6.2 5.52513
      vertex 9.082 7.53802 5.52513
      vertex 10.3807 6.2 7.09413
    endloop
  endfacet
  facet normal 0.649479 0.190703 -0.736077
    outer loop
      vertex 7.14314 6.52041 3.55073
      vertex 6.7647 7.80927 3.55073
      vertex 9.082 7.53802 5.52513
    endloop
  endfacet
  facet normal 0.142315 0.989821 -0
    outer loop
      vertex 8.40441 9.27523 7.09413
      vertex 6.51887 9.54633 8.90587
      vertex 8.40441 9.27523 8.90587
    endloop
  endfacet
  facet normal 0.142315 0.989821 0
    outer loop
      vertex 6.51887 9.54633 8.90587
      vertex 8.40441 9.27523 7.09413
      vertex 6.51887 9.54633 7.09413
    endloop
  endfacet
  facet normal 0.65486 0.755751 -0
    outer loop
      vertex 9.84406 8.02777 7.09413
      vertex 8.40441 9.27523 8.90587
      vertex 9.84406 8.02777 8.90587
    endloop
  endfacet
  facet normal 0.65486 0.755751 0
    outer loop
      vertex 8.40441 9.27523 8.90587
      vertex 9.84406 8.02777 7.09413
      vertex 8.40441 9.27523 7.09413
    endloop
  endfacet
  facet normal -0.433714 0.278729 0.856856
    outer loop
      vertex 5.3793 8.07038 10.4749
      vertex 4.62538 6.89725 10.4749
      vertex 6.40678 6.88461 11.3807
    endloop
  endfacet
  facet normal -0.214169 0.468966 0.856856
    outer loop
      vertex 6.64779 8.64968 10.4749
      vertex 5.3793 8.07038 10.4749
      vertex 6.40678 6.88461 11.3807
    endloop
  endfacet
  facet normal -0.393004 0.779042 0.488509
    outer loop
      vertex 4.78609 8.75499 8.90587
      vertex 2.6266 8.98154 6.80728
      vertex 3.19802 8.32208 8.31865
    endloop
  endfacet
  facet normal -0.671889 -0.43179 0.601767
    outer loop
      vertex 4.62538 5.50275 10.4749
      vertex 3.19802 4.71873 8.31865
      vertex 5.3793 4.32961 10.4749
    endloop
  endfacet
  facet normal 0.142316 -0.989821 8.58959e-06
    outer loop
      vertex 6.51887 2.85367 8.90587
      vertex 8.40441 3.12477 8.69178
      vertex 8.29242 3.10867 8.90587
    endloop
  endfacet
  facet normal 0.142315 -0.989821 0
    outer loop
      vertex 6.51887 2.85367 7.09413
      vertex 8.40441 3.12477 8.69178
      vertex 6.51887 2.85367 8.90587
    endloop
  endfacet
  facet normal 0.142315 -0.989821 0
    outer loop
      vertex 8.40441 3.12477 8.69178
      vertex 6.51887 2.85367 7.09413
      vertex 8.40441 3.12477 7.09413
    endloop
  endfacet
  facet normal 0.0733728 -0.510265 0.856882
    outer loop
      vertex 6.99772 5.32156 11.3807
      vertex 6.87108 5.30335 11.3807
      vertex 7.08557 5.05224 11.2128
    endloop
  endfacet
  facet normal -0.671886 -0.431794 0.601766
    outer loop
      vertex 4.62538 5.50275 10.4749
      vertex 2.47179 5.84877 8.31865
      vertex 3.19802 4.71873 8.31865
    endloop
  endfacet
  facet normal 0.287208 -0.817955 -0.498459
    outer loop
      vertex 8.40441 3.12477 7.09413
      vertex 6.112 3.55815 5.0621
      vertex 8.0281 3.94878 5.52513
    endloop
  endfacet
  facet normal -0.21417 -0.468963 0.856858
    outer loop
      vertex 6.40678 5.51539 11.3807
      vertex 5.3793 4.32961 10.4749
      vertex 6.87108 5.30335 11.3807
    endloop
  endfacet
  facet normal -0.214166 -0.468967 0.856856
    outer loop
      vertex 6.87108 5.30335 11.3807
      vertex 5.3793 4.32961 10.4749
      vertex 6.64779 3.75032 10.4749
    endloop
  endfacet
  facet normal 0.0733134 -0.510304 0.856864
    outer loop
      vertex 6.64779 3.75032 10.4749
      vertex 7.08557 5.05224 11.2128
      vertex 6.87108 5.30335 11.3807
    endloop
  endfacet
  facet normal 0.0733677 -0.510316 0.856852
    outer loop
      vertex 7.08557 5.05224 11.2128
      vertex 6.64779 3.75032 10.4749
      vertex 7.47161 3.86876 10.4749
    endloop
  endfacet
  facet normal -0.433713 -0.278726 0.856857
    outer loop
      vertex 6.13083 5.94479 11.3807
      vertex 4.62538 5.50275 10.4749
      vertex 5.3793 4.32961 10.4749
    endloop
  endfacet
  facet normal -0.515554 0 0.856857
    outer loop
      vertex 4.62538 6.89725 10.4749
      vertex 6.13083 5.94479 11.3807
      vertex 6.13083 6.45521 11.3807
    endloop
  endfacet
  facet normal -0.515554 0 0.856857
    outer loop
      vertex 6.13083 5.94479 11.3807
      vertex 4.62538 6.89725 10.4749
      vertex 4.62538 5.50275 10.4749
    endloop
  endfacet
  facet normal 0.839323 -0.246442 -0.484566
    outer loop
      vertex 10.3807 6.2 7.09413
      vertex 9.082 4.86198 5.52513
      vertex 9.47487 6.2 5.52513
    endloop
  endfacet
  facet normal 0.620682 -0.182245 -0.762589
    outer loop
      vertex 9.082 4.86198 5.52513
      vertex 7.14314 6.52041 3.55073
      vertex 9.47487 6.2 5.52513
    endloop
  endfacet
  facet normal 0.12449 0.865846 0.484574
    outer loop
      vertex 8.40441 9.27523 8.90587
      vertex 6.51887 9.54633 8.90587
      vertex 6.64779 8.64968 10.4749
    endloop
  endfacet
  facet normal 0.124491 0.865846 0.484575
    outer loop
      vertex 8.40441 9.27523 8.90587
      vertex 6.64779 8.64968 10.4749
      vertex 8.0281 8.45122 10.4749
    endloop
  endfacet
  facet normal 0.545353 0.629378 -0.5536
    outer loop
      vertex 9.082 7.53802 5.52513
      vertex 6.7647 7.80927 3.55073
      vertex 8.0281 8.45122 5.52513
    endloop
  endfacet
  facet normal 0.545357 0.629374 -0.553601
    outer loop
      vertex 6.7647 7.80927 3.55073
      vertex 5.74952 8.68893 3.55073
      vertex 8.0281 8.45122 5.52513
    endloop
  endfacet
  facet normal 0.501705 0.710484 -0.493462
    outer loop
      vertex 8.0281 8.45122 5.52513
      vertex 6.112 9.48267 5.0621
      vertex 8.40441 9.27523 7.09413
    endloop
  endfacet
  facet normal 0.501705 0.710486 -0.493459
    outer loop
      vertex 8.0281 8.45122 5.52513
      vertex 5.74952 8.68893 3.55073
      vertex 6.112 9.48267 5.0621
    endloop
  endfacet
  facet normal -0.620916 0.399041 0.674707
    outer loop
      vertex 3.19802 8.32208 8.31865
      vertex 2.47179 7.19205 8.31865
      vertex 4.62538 6.89725 10.4749
    endloop
  endfacet
  facet normal 0.572833 -0.661092 -0.484582
    outer loop
      vertex 8.40441 3.12477 7.09413
      vertex 8.0281 3.94878 5.52513
      vertex 9.082 4.86198 5.52513
    endloop
  endfacet
  facet normal 0.57284 -0.66109 -0.484577
    outer loop
      vertex 8.40441 3.12477 7.09413
      vertex 9.55333 4.55907 6.49556
      vertex 9.2402 3.84899 7.09413
    endloop
  endfacet
  facet normal 0.57284 -0.66109 -0.484576
    outer loop
      vertex 9.55333 4.55907 6.49556
      vertex 8.40441 3.12477 7.09413
      vertex 9.082 4.86198 5.52513
    endloop
  endfacet
  facet normal -0.195566 -0.980691 0
    outer loop
      vertex 4.29573 3.297 6.80728
      vertex 6.51887 2.85367 7.09413
      vertex 6.51887 2.85367 8.90587
    endloop
  endfacet
  facet normal -0.195566 -0.980691 0
    outer loop
      vertex 6.51887 2.85367 7.09413
      vertex 4.29573 3.297 6.80728
      vertex 4.29573 3.297 5.0621
    endloop
  endfacet
  facet normal -0.363381 -0.795706 0.484568
    outer loop
      vertex 5.3793 4.32961 10.4749
      vertex 4.78609 3.64501 8.90587
      vertex 6.64779 3.75032 10.4749
    endloop
  endfacet
  facet normal 0 0 1
    outer loop
      vertex 7.37631 7.024 11.3807
      vertex 7.44542 6.68568 11.3807
      vertex 7.69109 6.75125 11.3807
    endloop
  endfacet
  facet normal 0 0 1
    outer loop
      vertex 7.37631 7.024 11.3807
      vertex 6.99772 6.56619 11.3807
      vertex 7.44542 6.68568 11.3807
    endloop
  endfacet
  facet normal 0 0 1
    outer loop
      vertex 6.87108 7.09665 11.3807
      vertex 6.99772 6.56619 11.3807
      vertex 7.37631 7.024 11.3807
    endloop
  endfacet
  facet normal -0 0 1
    outer loop
      vertex 6.40678 6.88461 11.3807
      vertex 6.99772 6.56619 11.3807
      vertex 6.87108 7.09665 11.3807
    endloop
  endfacet
  facet normal 0 0 1
    outer loop
      vertex 6.13083 6.45521 11.3807
      vertex 6.99772 6.56619 11.3807
      vertex 6.40678 6.88461 11.3807
    endloop
  endfacet
  facet normal 0 0 1
    outer loop
      vertex 6.13083 5.94479 11.3807
      vertex 6.99772 6.56619 11.3807
      vertex 6.13083 6.45521 11.3807
    endloop
  endfacet
  facet normal 0 0 1
    outer loop
      vertex 6.99772 5.32156 11.3807
      vertex 6.40678 5.51539 11.3807
      vertex 6.87108 5.30335 11.3807
    endloop
  endfacet
  facet normal 0 -0 1
    outer loop
      vertex 6.40678 5.51539 11.3807
      vertex 6.99772 6.56619 11.3807
      vertex 6.13083 5.94479 11.3807
    endloop
  endfacet
  facet normal 0 0 1
    outer loop
      vertex 6.99772 6.56619 11.3807
      vertex 6.40678 5.51539 11.3807
      vertex 6.99772 5.32156 11.3807
    endloop
  endfacet
  facet normal -0.403212 -0.882904 0.240627
    outer loop
      vertex 4.78609 3.64501 8.90587
      vertex 4.29573 3.297 6.80728
      vertex 6.51887 2.85367 8.90587
    endloop
  endfacet
  facet normal 0.654863 -0.755748 0
    outer loop
      vertex 8.40441 3.12477 8.69178
      vertex 8.40441 3.12477 7.09413
      vertex 9.2402 3.84899 7.09413
    endloop
  endfacet
  facet normal -0.403211 -0.882904 0.240627
    outer loop
      vertex 4.78609 3.64501 8.90587
      vertex 2.6266 4.05927 6.80728
      vertex 4.29573 3.297 6.80728
    endloop
  endfacet
  facet normal 0.124489 -0.865836 0.484593
    outer loop
      vertex 7.66765 3.68723 10.1001
      vertex 6.51887 2.85367 8.90587
      vertex 8.29242 3.10867 8.90587
    endloop
  endfacet
  facet normal -0.379286 0.830515 0.407905
    outer loop
      vertex 4.29573 9.74381 6.80728
      vertex 0.442617 9.1632 4.40666
      vertex 2.6266 8.98154 6.80728
    endloop
  endfacet
  facet normal -0.379281 0.830521 0.407897
    outer loop
      vertex 2.0481 9.89639 4.40666
      vertex 0.442617 9.1632 4.40666
      vertex 4.29573 9.74381 6.80728
    endloop
  endfacet
  facet normal -0.695932 -0.447249 0.561825
    outer loop
      vertex 3.19802 4.71873 8.31865
      vertex 0.293715 6.14989 5.86039
      vertex 0.992251 5.06295 5.86039
    endloop
  endfacet
  facet normal -0.487007 0.717935 0.497387
    outer loop
      vertex 2.6266 8.98154 6.80728
      vertex 0.442617 9.1632 4.40666
      vertex 3.19802 8.32208 8.31865
    endloop
  endfacet
  facet normal 0.561946 0.648428 -0.513574
    outer loop
      vertex 4.69098 8.14048 1.7
      vertex 4.42291 8.03563 1.2743
      vertex 4.77173 8.20741 1.87286
    endloop
  endfacet
  facet normal 0.561908 0.648471 -0.513561
    outer loop
      vertex 4.42291 8.03563 1.2743
      vertex 4.69098 8.14048 1.7
      vertex 4.69098 8.00972 1.53489
    endloop
  endfacet
  facet normal 0.561908 0.648475 -0.513555
    outer loop
      vertex 5.75172 7.90719 2.56602
      vertex 5.74952 8.68893 3.55073
      vertex 6.7647 7.80927 3.55073
    endloop
  endfacet
  facet normal 0.561907 0.648476 -0.513556
    outer loop
      vertex 5.74952 8.68893 3.55073
      vertex 5.75172 7.90719 2.56602
      vertex 5.17567 8.40634 2.56602
    endloop
  endfacet
  facet normal 0.37256 -0.781826 -0.499947
    outer loop
      vertex 6.112 3.55815 5.0621
      vertex 3.44644 4.71009 1.2743
      vertex 5.74952 4.35188 3.55073
    endloop
  endfacet
  facet normal -0.17455 -0.984648 0
    outer loop
      vertex 2.0481 3.69544 4.40666
      vertex 4.29573 3.297 5.0621
      vertex 4.29573 3.297 6.80728
    endloop
  endfacet
  facet normal -0.17455 -0.984648 0
    outer loop
      vertex 4.29573 3.297 5.0621
      vertex 2.0481 3.69544 4.40666
      vertex 2.0481 3.69544 2.72803
    endloop
  endfacet
  facet normal -0.644666 -0.580745 0.497134
    outer loop
      vertex 3.19802 4.71873 8.31865
      vertex 0.442617 4.42864 4.40666
      vertex 2.6266 4.05927 6.80728
    endloop
  endfacet
  facet normal 0.136085 -0.946498 -0.292613
    outer loop
      vertex 6.112 3.55815 5.0621
      vertex 2.0481 3.69544 2.72803
      vertex 3.79511 3.94662 2.72803
    endloop
  endfacet
  facet normal -0.748473 0 0.663165
    outer loop
      vertex 0.293715 6.14989 5.86039
      vertex 2.47179 7.19205 8.31865
      vertex 0.293715 7.44194 5.86039
    endloop
  endfacet
  facet normal -0.748473 0 0.663165
    outer loop
      vertex 2.47179 7.19205 8.31865
      vertex 0.293715 6.14989 5.86039
      vertex 2.47179 5.84877 8.31865
    endloop
  endfacet
  facet normal -0.695932 -0.447247 0.561827
    outer loop
      vertex 2.47179 5.84877 8.31865
      vertex 0.293715 6.14989 5.86039
      vertex 3.19802 4.71873 8.31865
    endloop
  endfacet
  facet normal 0.669301 -0.196508 -0.716534
    outer loop
      vertex 4.69098 5.51904 1.53489
      vertex 4.42291 5.5562 1.2743
      vertex 4.69098 5.65122 1.49864
    endloop
  endfacet
  facet normal 0.669295 -0.19652 -0.716536
    outer loop
      vertex 6.7647 5.23154 3.55073
      vertex 5.96646 6.10332 2.56602
      vertex 7.14314 6.52041 3.55073
    endloop
  endfacet
  facet normal 0.669294 -0.196522 -0.716537
    outer loop
      vertex 5.96646 6.10332 2.56602
      vertex 6.7647 5.23154 3.55073
      vertex 5.75172 5.37198 2.56602
    endloop
  endfacet
  facet normal 0.540746 0.684373 -0.489109
    outer loop
      vertex 5.74952 8.68893 3.55073
      vertex 4.06711 9.02167 2.15628
      vertex 6.112 9.48267 5.0621
    endloop
  endfacet
  facet normal 0.540744 0.684376 -0.489106
    outer loop
      vertex 4.06711 9.02167 2.15628
      vertex 5.74952 8.68893 3.55073
      vertex 4.15399 8.82251 1.97366
    endloop
  endfacet
  facet normal 0.515971 -0.595517 -0.615739
    outer loop
      vertex 5.74952 4.35188 3.55073
      vertex 5.09549 4.80336 2.56602
      vertex 5.17567 4.87283 2.56602
    endloop
  endfacet
  facet normal 0.515994 -0.5955 -0.615736
    outer loop
      vertex 3.44644 4.71009 1.2743
      vertex 4.77173 5.23954 1.87286
      vertex 5.09549 4.80336 2.56602
    endloop
  endfacet
  facet normal 0.515994 -0.595493 -0.615741
    outer loop
      vertex 4.77173 5.23954 1.87286
      vertex 3.44644 4.71009 1.2743
      vertex 4.42291 5.5562 1.2743
    endloop
  endfacet
  facet normal 0.516 -0.595486 -0.615744
    outer loop
      vertex 3.44644 4.71009 1.2743
      vertex 5.09549 4.80336 2.56602
      vertex 5.74952 4.35188 3.55073
    endloop
  endfacet
  facet normal -0.644669 -0.58074 0.497136
    outer loop
      vertex 0.992251 5.06295 5.86039
      vertex 0.442617 4.42864 4.40666
      vertex 3.19802 4.71873 8.31865
    endloop
  endfacet
  facet normal -0.404132 -0.88492 0.231504
    outer loop
      vertex 2.6266 4.05927 6.80728
      vertex 0.442617 4.42864 4.40666
      vertex 4.29573 3.297 6.80728
    endloop
  endfacet
  facet normal 0.13609 -0.946494 -0.292623
    outer loop
      vertex 4.29573 3.297 5.0621
      vertex 2.0481 3.69544 2.72803
      vertex 6.112 3.55815 5.0621
    endloop
  endfacet
  facet normal -0.40413 -0.884921 0.231502
    outer loop
      vertex 4.29573 3.297 6.80728
      vertex 0.442617 4.42864 4.40666
      vertex 2.0481 3.69544 4.40666
    endloop
  endfacet
  facet normal 0.372575 -0.781815 -0.499954
    outer loop
      vertex 3.79511 3.94662 2.72803
      vertex 3.44644 4.71009 1.2743
      vertex 6.112 3.55815 5.0621
    endloop
  endfacet
  facet normal -0.656803 0.422104 0.624851
    outer loop
      vertex 3.19802 8.32208 8.31865
      vertex 0.293715 7.44194 5.86039
      vertex 2.47179 7.19205 8.31865
    endloop
  endfacet
  facet normal 0.141943 0.987242 -0.0721484
    outer loop
      vertex 3.79511 9.64521 2.72803
      vertex 2.0481 9.89639 2.72803
      vertex 6.112 9.48267 5.0621
    endloop
  endfacet
  facet normal 0.516002 -0.595498 -0.615731
    outer loop
      vertex 4.69098 5.34832 1.7
      vertex 4.42291 5.5562 1.2743
      vertex 4.69098 5.51904 1.53489
    endloop
  endfacet
  facet normal 0.516194 -0.595304 -0.615757
    outer loop
      vertex 4.42291 5.5562 1.2743
      vertex 4.69098 5.34832 1.7
      vertex 4.77173 5.23954 1.87286
    endloop
  endfacet
  facet normal 0.515997 -0.595492 -0.615741
    outer loop
      vertex 5.74952 4.35188 3.55073
      vertex 5.75172 5.37198 2.56602
      vertex 6.7647 5.23154 3.55073
    endloop
  endfacet
  facet normal 0.515997 -0.595492 -0.615741
    outer loop
      vertex 5.75172 5.37198 2.56602
      vertex 5.74952 4.35188 3.55073
      vertex 5.17567 4.87283 2.56602
    endloop
  endfacet
  facet normal -0.656804 0.422099 0.624853
    outer loop
      vertex 0.992251 8.52889 5.86039
      vertex 0.293715 7.44194 5.86039
      vertex 3.19802 8.32208 8.31865
    endloop
  endfacet
  facet normal -0.487012 0.717931 0.497389
    outer loop
      vertex 3.19802 8.32208 8.31865
      vertex 0.442617 9.1632 4.40666
      vertex 0.992251 8.52889 5.86039
    endloop
  endfacet
  facet normal 0.692506 0.203315 -0.692169
    outer loop
      vertex 4.69098 7.88631 1.49864
      vertex 4.42291 8.03563 1.2743
      vertex 4.69098 8.00972 1.53489
    endloop
  endfacet
  facet normal 0.692504 0.203334 -0.692166
    outer loop
      vertex 6.7647 7.80927 3.55073
      vertex 5.96646 7.17584 2.56602
      vertex 5.75172 7.90719 2.56602
    endloop
  endfacet
  facet normal 0.692503 0.203335 -0.692166
    outer loop
      vertex 5.96646 7.17584 2.56602
      vertex 6.7647 7.80927 3.55073
      vertex 7.14314 6.52041 3.55073
    endloop
  endfacet
  facet normal 0.561881 0.648504 -0.513548
    outer loop
      vertex 5.09549 8.47581 2.56602
      vertex 5.74952 8.68893 3.55073
      vertex 5.17567 8.40634 2.56602
    endloop
  endfacet
  facet normal 0.561909 0.648471 -0.51356
    outer loop
      vertex 5.09549 8.47581 2.56602
      vertex 4.15399 8.82251 1.97366
      vertex 5.74952 8.68893 3.55073
    endloop
  endfacet
  facet normal 0.56191 0.648468 -0.513563
    outer loop
      vertex 5.09549 8.47581 2.56602
      vertex 4.53412 8.49312 1.97366
      vertex 4.15399 8.82251 1.97366
    endloop
  endfacet
  facet normal 0.561899 0.648486 -0.513552
    outer loop
      vertex 4.77173 8.20741 1.87286
      vertex 4.53412 8.49312 1.97366
      vertex 5.09549 8.47581 2.56602
    endloop
  endfacet
  facet normal 0.561894 0.648484 -0.51356
    outer loop
      vertex 4.53412 8.49312 1.97366
      vertex 4.77173 8.20741 1.87286
      vertex 4.42291 8.03563 1.2743
    endloop
  endfacet
  facet normal 0.540748 0.68437 -0.48911
    outer loop
      vertex 4.06711 9.02167 2.15628
      vertex 3.79511 9.64521 2.72803
      vertex 6.112 9.48267 5.0621
    endloop
  endfacet
  facet normal 0.141944 0.987242 -0.0721503
    outer loop
      vertex 6.112 9.48267 5.0621
      vertex 2.0481 9.89639 2.72803
      vertex 4.29573 9.74381 5.0621
    endloop
  endfacet
  facet normal 0.067729 0.997704 -0
    outer loop
      vertex 4.29573 9.74381 5.0621
      vertex 2.0481 9.89639 4.40666
      vertex 4.29573 9.74381 6.80728
    endloop
  endfacet
  facet normal 0.067729 0.997704 0
    outer loop
      vertex 2.0481 9.89639 4.40666
      vertex 4.29573 9.74381 5.0621
      vertex 2.0481 9.89639 2.72803
    endloop
  endfacet
  facet normal 0.669302 -0.196521 -0.71653
    outer loop
      vertex 4.69098 5.65122 1.49864
      vertex 4.42291 5.5562 1.2743
      vertex 4.69098 6.46918 1.2743
    endloop
  endfacet
  facet normal 0.669296 -0.196523 -0.716535
    outer loop
      vertex 7.14314 6.52041 3.55073
      vertex 5.96646 6.10332 2.56602
      vertex 6.12392 6.63958 2.56602
    endloop
  endfacet
  facet normal 0.69251 0.203338 -0.692158
    outer loop
      vertex 4.69098 7.12266 1.2743
      vertex 4.42291 8.03563 1.2743
      vertex 4.69098 7.88631 1.49864
    endloop
  endfacet
  facet normal 0.692504 0.203337 -0.692165
    outer loop
      vertex 6.12392 6.63958 2.56602
      vertex 5.96646 7.17584 2.56602
      vertex 7.14314 6.52041 3.55073
    endloop
  endfacet
  facet normal -0.588473 -0.751508 0.29822
    outer loop
      vertex 0.442617 4.42864 4.40666
      vertex -1.83424 5.5456 2.72849
      vertex -1.30906 4.916 2.17824
    endloop
  endfacet
  facet normal -0.565249 -0.778028 0.274164
    outer loop
      vertex -0.986621 4.68174 2.17823
      vertex 0.442617 4.42864 4.40666
      vertex -1.30906 4.916 2.17824
    endloop
  endfacet
  facet normal -0.565264 -0.778013 0.274176
    outer loop
      vertex 0.442617 4.42864 4.40666
      vertex -0.986621 4.68174 2.17823
      vertex -0.758286 4.06467 0.897959
    endloop
  endfacet
  facet normal 0.331362 0.891549 -0.308772
    outer loop
      vertex 3.79511 9.64521 2.72803
      vertex 0.982653 9.42273 -0.932571
      vertex 1.16645 9.98839 0.897959
    endloop
  endfacet
  facet normal -0.671221 0.431365 0.602815
    outer loop
      vertex 0.992251 8.52889 5.86039
      vertex -1.83424 8.50746 2.72849
      vertex 0.293715 7.44194 5.86039
    endloop
  endfacet
  facet normal -0.69698 -0.447923 0.559985
    outer loop
      vertex 0.293715 6.14989 5.86039
      vertex -1.83424 5.5456 2.72849
      vertex 0.992251 5.06295 5.86039
    endloop
  endfacet
  facet normal -0.40426 -0.885205 0.230189
    outer loop
      vertex 0.442617 4.42864 4.40666
      vertex -0.758286 4.06467 0.897959
      vertex 2.0481 3.69544 4.40666
    endloop
  endfacet
  facet normal 0 0.999656 0.0262115
    outer loop
      vertex 1.16645 9.98839 0.897959
      vertex -0.758286 9.98839 0.897959
      vertex 2.0481 9.89639 4.40666
    endloop
  endfacet
  facet normal 0.103786 0.9946 -0
    outer loop
      vertex 2.0481 9.89639 2.72803
      vertex 1.16645 9.98839 0.897959
      vertex 2.0481 9.89639 4.40666
    endloop
  endfacet
  facet normal 0.142289 0.989647 -0.0187977
    outer loop
      vertex 3.79511 9.64521 2.72803
      vertex 1.16645 9.98839 0.897959
      vertex 2.0481 9.89639 2.72803
    endloop
  endfacet
  facet normal -0.760361 0.24706 0.600677
    outer loop
      vertex -1.83424 8.50746 2.72849
      vertex -2.31543 7.02653 2.72849
      vertex 0.293715 7.44194 5.86039
    endloop
  endfacet
  facet normal -0.648889 -0.57631 0.496799
    outer loop
      vertex 0.992251 5.06295 5.86039
      vertex -1.83424 5.5456 2.72849
      vertex 0.442617 4.42864 4.40666
    endloop
  endfacet
  facet normal -0.529623 0.728957 0.433728
    outer loop
      vertex -0.57449 9.42273 2.72849
      vertex -1.83424 8.50746 2.72849
      vertex 0.442617 9.1632 4.40666
    endloop
  endfacet
  facet normal -0.559011 0.661464 0.499972
    outer loop
      vertex 0.442617 9.1632 4.40666
      vertex -1.83424 8.50746 2.72849
      vertex 0.992251 8.52889 5.86039
    endloop
  endfacet
  facet normal 0.716231 0.232716 -0.657918
    outer loop
      vertex 2.72359 7.02653 -0.932571
      vertex 2.24241 8.50746 -0.932571
      vertex 4.42291 8.03563 1.2743
    endloop
  endfacet
  facet normal 0.171363 -0.936306 -0.306538
    outer loop
      vertex 1.16645 4.06467 0.897959
      vertex 0.982653 4.63033 -0.932571
      vertex 3.79511 3.94662 2.72803
    endloop
  endfacet
  facet normal 0.550716 -0.635564 -0.541082
    outer loop
      vertex 3.44644 4.71009 1.2743
      vertex 2.24241 5.5456 -0.932571
      vertex 4.42291 5.5562 1.2743
    endloop
  endfacet
  facet normal 0.525571 0.723383 -0.447763
    outer loop
      vertex 2.24241 8.50746 -0.932571
      vertex 0.982653 9.42273 -0.932571
      vertex 3.79511 9.64521 2.72803
    endloop
  endfacet
  facet normal -0.768314 0 0.640073
    outer loop
      vertex 0.293715 7.44194 5.86039
      vertex -2.31543 7.02653 2.72849
      vertex 0.293715 6.14989 5.86039
    endloop
  endfacet
  facet normal -0.777006 -0.252468 0.576646
    outer loop
      vertex 0.293715 6.14989 5.86039
      vertex -2.31543 7.02653 2.72849
      vertex -1.83424 5.5456 2.72849
    endloop
  endfacet
  facet normal -0.386698 0.846761 0.365322
    outer loop
      vertex 2.0481 9.89639 4.40666
      vertex -0.57449 9.42273 2.72849
      vertex 0.442617 9.1632 4.40666
    endloop
  endfacet
  facet normal -0.356578 0.881921 0.308329
    outer loop
      vertex 2.0481 9.89639 4.40666
      vertex -0.758286 9.98839 0.897959
      vertex -0.57449 9.42273 2.72849
    endloop
  endfacet
  facet normal -0.130444 -0.991456 -0
    outer loop
      vertex 2.0481 3.69544 4.40666
      vertex -0.758286 4.06467 0.897959
      vertex 2.0481 3.69544 2.72803
    endloop
  endfacet
  facet normal 0.46818 -0.731119 -0.496259
    outer loop
      vertex 3.79511 3.94662 2.72803
      vertex 0.982653 4.63033 -0.932571
      vertex 3.44644 4.71009 1.2743
    endloop
  endfacet
  facet normal 0.497999 -0.685435 -0.531202
    outer loop
      vertex 3.44644 4.71009 1.2743
      vertex 0.982653 4.63033 -0.932571
      vertex 2.24241 5.5456 -0.932571
    endloop
  endfacet
  facet normal 0.629102 0.600891 -0.493114
    outer loop
      vertex 4.42291 8.03563 1.2743
      vertex 2.24241 8.50746 -0.932571
      vertex 4.53412 8.49312 1.97366
    endloop
  endfacet
  facet normal 0.582746 0.67252 -0.456206
    outer loop
      vertex 4.06711 9.02167 2.15628
      vertex 2.24241 8.50746 -0.932571
      vertex 3.79511 9.64521 2.72803
    endloop
  endfacet
  facet normal 0.58274 0.672527 -0.456204
    outer loop
      vertex 4.15399 8.82251 1.97366
      vertex 2.24241 8.50746 -0.932571
      vertex 4.06711 9.02167 2.15628
    endloop
  endfacet
  facet normal 0.582748 0.672516 -0.456208
    outer loop
      vertex 2.24241 8.50746 -0.932571
      vertex 4.15399 8.82251 1.97366
      vertex 4.53412 8.49312 1.97366
    endloop
  endfacet
  facet normal 0.70383 -0.206657 -0.679645
    outer loop
      vertex 4.69098 6.46918 1.2743
      vertex 2.72359 7.02653 -0.932571
      vertex 4.69098 6.80664 1.17169
    endloop
  endfacet
  facet normal 0.703829 -0.206659 -0.679645
    outer loop
      vertex 2.72359 7.02653 -0.932571
      vertex 4.69098 6.46918 1.2743
      vertex 4.42291 5.5562 1.2743
    endloop
  endfacet
  facet normal 0.693586 -0.225358 -0.684216
    outer loop
      vertex 4.42291 5.5562 1.2743
      vertex 2.24241 5.5456 -0.932571
      vertex 2.72359 7.02653 -0.932571
    endloop
  endfacet
  facet normal 0.137454 -0.956019 -0.259103
    outer loop
      vertex 2.0481 3.69544 2.72803
      vertex 1.16645 4.06467 0.897959
      vertex 3.79511 3.94662 2.72803
    endloop
  endfacet
  facet normal 0 -0.980248 -0.197772
    outer loop
      vertex 2.0481 3.69544 2.72803
      vertex -0.758286 4.06467 0.897959
      vertex 1.16645 4.06467 0.897959
    endloop
  endfacet
  facet normal 0.724728 0.212798 -0.655352
    outer loop
      vertex 4.69098 7.12266 1.2743
      vertex 2.72359 7.02653 -0.932571
      vertex 4.42291 8.03563 1.2743
    endloop
  endfacet
  facet normal 0.724729 0.21279 -0.655353
    outer loop
      vertex 2.72359 7.02653 -0.932571
      vertex 4.69098 7.12266 1.2743
      vertex 4.69098 6.80664 1.17169
    endloop
  endfacet
  facet normal -0.552213 -0.760058 0.342597
    outer loop
      vertex -1.83424 5.5456 2.72849
      vertex -4.06438 5.79245 -0.31851
      vertex -2.85663 4.91497 -0.31851
    endloop
  endfacet
  facet normal -0.533333 0.734064 0.420364
    outer loop
      vertex -0.57449 9.42273 2.72849
      vertex -2.85663 9.50952 -0.31851
      vertex -1.83424 8.50746 2.72849
    endloop
  endfacet
  facet normal 0.751948 0.244321 -0.612276
    outer loop
      vertex 0.305289 7.21224 -3.82843
      vertex -0.156028 8.63204 -3.82843
      vertex 2.72359 7.02653 -0.932571
    endloop
  endfacet
  facet normal -0.533329 0.734067 0.420364
    outer loop
      vertex -2.85663 9.50952 -0.31851
      vertex -4.06438 8.63204 -0.31851
      vertex -1.83424 8.50746 2.72849
    endloop
  endfacet
  facet normal -0.775941 0.252122 0.57823
    outer loop
      vertex -1.83424 8.50746 2.72849
      vertex -4.06438 8.63204 -0.31851
      vertex -2.31543 7.02653 2.72849
    endloop
  endfacet
  facet normal 0.535607 0.737203 -0.411893
    outer loop
      vertex -0.156028 8.63204 -3.82843
      vertex -1.36378 9.50952 -3.82843
      vertex 0.982653 9.42273 -0.932571
    endloop
  endfacet
  facet normal 0.410143 0.858943 -0.306593
    outer loop
      vertex 1.16645 9.98839 0.897959
      vertex -1.36378 9.50952 -3.82843
      vertex -1.18757 10.0518 -2.07347
    endloop
  endfacet
  facet normal 0.53561 0.737201 -0.411894
    outer loop
      vertex 2.24241 8.50746 -0.932571
      vertex -0.156028 8.63204 -3.82843
      vertex 0.982653 9.42273 -0.932571
    endloop
  endfacet
  facet normal 0 0.999772 0.021335
    outer loop
      vertex -1.18757 10.0518 -2.07347
      vertex -0.758286 9.98839 0.897959
      vertex 1.16645 9.98839 0.897959
    endloop
  endfacet
  facet normal 0 0.999772 0.021335
    outer loop
      vertex -0.758286 9.98839 0.897959
      vertex -1.18757 10.0518 -2.07347
      vertex -3.03284 10.0518 -2.07347
    endloop
  endfacet
  facet normal -0.502805 -0.81034 0.300893
    outer loop
      vertex -2.85663 4.91497 -0.31851
      vertex -3.03284 4.37266 -2.07347
      vertex -0.758286 4.06467 0.897959
    endloop
  endfacet
  facet normal -0.775943 0.252119 0.578229
    outer loop
      vertex -4.06438 8.63204 -0.31851
      vertex -4.5257 7.21224 -0.31851
      vertex -2.31543 7.02653 2.72849
    endloop
  endfacet
  facet normal 0.513766 -0.707141 -0.485795
    outer loop
      vertex 2.24241 5.5456 -0.932571
      vertex -1.36378 4.91497 -3.82843
      vertex -0.156028 5.79245 -3.82843
    endloop
  endfacet
  facet normal 0.270658 -0.911762 -0.308925
    outer loop
      vertex -1.18757 4.37266 -2.07347
      vertex -1.36378 4.91497 -3.82843
      vertex 1.16645 4.06467 0.897959
    endloop
  endfacet
  facet normal 0.751948 0.244321 -0.612275
    outer loop
      vertex 2.72359 7.02653 -0.932571
      vertex -0.156028 8.63204 -3.82843
      vertex 2.24241 8.50746 -0.932571
    endloop
  endfacet
  facet normal 0.410167 0.858928 -0.306604
    outer loop
      vertex 0.982653 9.42273 -0.932571
      vertex -1.36378 9.50952 -3.82843
      vertex 1.16645 9.98839 0.897959
    endloop
  endfacet
  facet normal -0.377719 0.87327 0.307778
    outer loop
      vertex -0.758286 9.98839 0.897959
      vertex -2.85663 9.50952 -0.31851
      vertex -0.57449 9.42273 2.72849
    endloop
  endfacet
  facet normal -0.377714 0.873277 0.307766
    outer loop
      vertex -0.758286 9.98839 0.897959
      vertex -3.03284 10.0518 -2.07347
      vertex -2.85663 9.50952 -0.31851
    endloop
  endfacet
  facet normal -0.789723 -0.256598 0.557221
    outer loop
      vertex -1.83424 5.5456 2.72849
      vertex -4.5257 7.21224 -0.31851
      vertex -4.06438 5.79245 -0.31851
    endloop
  endfacet
  facet normal -0.789723 -0.2566 0.55722
    outer loop
      vertex -2.31543 7.02653 2.72849
      vertex -4.5257 7.21224 -0.31851
      vertex -1.83424 5.5456 2.72849
    endloop
  endfacet
  facet normal -0.502806 -0.810338 0.300895
    outer loop
      vertex -0.986621 4.68174 2.17823
      vertex -2.85663 4.91497 -0.31851
      vertex -0.758286 4.06467 0.897959
    endloop
  endfacet
  facet normal -0.552201 -0.760072 0.342586
    outer loop
      vertex -1.30906 4.916 2.17824
      vertex -2.85663 4.91497 -0.31851
      vertex -0.986621 4.68174 2.17823
    endloop
  endfacet
  facet normal -0.55222 -0.760053 0.342598
    outer loop
      vertex -2.85663 4.91497 -0.31851
      vertex -1.30906 4.916 2.17824
      vertex -1.83424 5.5456 2.72849
    endloop
  endfacet
  facet normal 0.737574 -0.239651 -0.63131
    outer loop
      vertex 2.24241 5.5456 -0.932571
      vertex -0.156028 5.79245 -3.82843
      vertex 2.72359 7.02653 -0.932571
    endloop
  endfacet
  facet normal 0.737574 -0.239652 -0.631309
    outer loop
      vertex 2.72359 7.02653 -0.932571
      vertex -0.156028 5.79245 -3.82843
      vertex 0.305289 7.21224 -3.82843
    endloop
  endfacet
  facet normal 0.270655 -0.911763 -0.308923
    outer loop
      vertex 1.16645 4.06467 0.897959
      vertex -1.36378 4.91497 -3.82843
      vertex 0.982653 4.63033 -0.932571
    endloop
  endfacet
  facet normal 0.513767 -0.707138 -0.485797
    outer loop
      vertex 0.982653 4.63033 -0.932571
      vertex -1.36378 4.91497 -3.82843
      vertex 2.24241 5.5456 -0.932571
    endloop
  endfacet
  facet normal -0 -0.994671 -0.103098
    outer loop
      vertex -1.18757 4.37266 -2.07347
      vertex -0.758286 4.06467 0.897959
      vertex -3.03284 4.37266 -2.07347
    endloop
  endfacet
  facet normal 0 -0.994671 -0.103098
    outer loop
      vertex -0.758286 4.06467 0.897959
      vertex -1.18757 4.37266 -2.07347
      vertex 1.16645 4.06467 0.897959
    endloop
  endfacet
  facet normal 0.391754 0.869654 -0.300383
    outer loop
      vertex -1.18757 10.0518 -2.07347
      vertex -4.0476 9.62942 -7.02632
      vertex -3.95284 10.1668 -5.34694
    endloop
  endfacet
  facet normal 0.404113 0.861708 -0.306842
    outer loop
      vertex -1.36378 9.50952 -3.82843
      vertex -4.0476 9.62942 -7.02632
      vertex -1.18757 10.0518 -2.07347
    endloop
  endfacet
  facet normal -0.423867 0.851572 0.308483
    outer loop
      vertex -2.85663 9.50952 -0.31851
      vertex -5.87755 9.82742 -5.34694
      vertex -5.60472 9.35486 -3.66755
    endloop
  endfacet
  facet normal 0.314024 -0.897742 -0.308946
    outer loop
      vertex -1.18757 4.37266 -2.07347
      vertex -4.0476 5.0767 -7.02632
      vertex -1.36378 4.91497 -3.82843
    endloop
  endfacet
  facet normal 0 0.999383 0.0351093
    outer loop
      vertex -1.18757 10.0518 -2.07347
      vertex -3.95284 10.1668 -5.34694
      vertex -3.03284 10.0518 -2.07347
    endloop
  endfacet
  facet normal -0.795588 -0.258503 0.54792
    outer loop
      vertex -4.5257 7.21224 -0.31851
      vertex -6.62106 6.56249 -3.66755
      vertex -4.06438 5.79245 -0.31851
    endloop
  endfacet
  facet normal 0.764464 -0.248389 -0.594893
    outer loop
      vertex -0.156028 5.79245 -3.82843
      vertex -2.1375 7.35306 -7.02632
      vertex 0.305289 7.21224 -3.82843
    endloop
  endfacet
  facet normal -0.173649 -0.984807 -0.00133526
    outer loop
      vertex -3.03284 4.37266 -2.07347
      vertex -5.87755 4.8787 -5.34694
      vertex -3.95284 4.53932 -5.34694
    endloop
  endfacet
  facet normal -0.173048 0.9814 0.0831122
    outer loop
      vertex -3.95284 10.1668 -5.34694
      vertex -5.87755 9.82742 -5.34694
      vertex -3.03284 10.0518 -2.07347
    endloop
  endfacet
  facet normal 0 -0.998706 -0.0508465
    outer loop
      vertex -3.03284 4.37266 -2.07347
      vertex -3.95284 4.53932 -5.34694
      vertex -1.18757 4.37266 -2.07347
    endloop
  endfacet
  facet normal -0.701944 -0.589 0.400441
    outer loop
      vertex -4.06438 5.79245 -0.31851
      vertex -6.62106 6.56249 -3.66755
      vertex -5.60472 5.35126 -3.66755
    endloop
  endfacet
  facet normal -0.49242 -0.816387 0.301719
    outer loop
      vertex -2.85663 4.91497 -0.31851
      vertex -5.87755 4.8787 -5.34694
      vertex -3.03284 4.37266 -2.07347
    endloop
  endfacet
  facet normal 0.774421 0.251623 -0.580481
    outer loop
      vertex 0.305289 7.21224 -3.82843
      vertex -2.1375 7.35306 -7.02632
      vertex -0.156028 8.63204 -3.82843
    endloop
  endfacet
  facet normal 0.307563 -0.901087 -0.305691
    outer loop
      vertex -3.95284 4.53932 -5.34694
      vertex -4.0476 5.0767 -7.02632
      vertex -1.18757 4.37266 -2.07347
    endloop
  endfacet
  facet normal -0.786097 0.255418 0.562862
    outer loop
      vertex -4.06438 8.63204 -0.31851
      vertex -6.62106 8.14363 -3.66755
      vertex -4.5257 7.21224 -0.31851
    endloop
  endfacet
  facet normal -0.847747 0 0.530401
    outer loop
      vertex -6.62106 8.14363 -3.66755
      vertex -6.62106 6.56249 -3.66755
      vertex -4.5257 7.21224 -0.31851
    endloop
  endfacet
  facet normal 0.762941 0.277686 -0.583791
    outer loop
      vertex -2.1375 7.35306 -7.02632
      vertex -2.67828 8.83885 -7.02632
      vertex -0.156028 8.63204 -3.82843
    endloop
  endfacet
  facet normal -0.550012 -0.757028 0.352698
    outer loop
      vertex -4.06438 5.79245 -0.31851
      vertex -5.60472 5.35126 -3.66755
      vertex -2.85663 4.91497 -0.31851
    endloop
  endfacet
  facet normal -0.504395 -0.806352 0.308841
    outer loop
      vertex -5.60472 5.35126 -3.66755
      vertex -5.87755 4.8787 -5.34694
      vertex -2.85663 4.91497 -0.31851
    endloop
  endfacet
  facet normal 0.752058 -0.273725 -0.59957
    outer loop
      vertex -0.156028 5.79245 -3.82843
      vertex -2.67828 5.86727 -7.02632
      vertex -2.1375 7.35306 -7.02632
    endloop
  endfacet
  facet normal 0.453651 -0.785754 -0.420464
    outer loop
      vertex -1.36378 4.91497 -3.82843
      vertex -4.0476 5.0767 -7.02632
      vertex -2.67828 5.86727 -7.02632
    endloop
  endfacet
  facet normal 0.529378 -0.728628 -0.43458
    outer loop
      vertex -1.36378 4.91497 -3.82843
      vertex -2.67828 5.86727 -7.02632
      vertex -0.156028 5.79245 -3.82843
    endloop
  endfacet
  facet normal -0.537023 0.73915 0.406526
    outer loop
      vertex -2.85663 9.50952 -0.31851
      vertex -5.60472 9.35486 -3.66755
      vertex -4.06438 8.63204 -0.31851
    endloop
  endfacet
  facet normal -0.687612 0.576974 0.440784
    outer loop
      vertex -5.60472 9.35486 -3.66755
      vertex -6.62106 8.14363 -3.66755
      vertex -4.06438 8.63204 -0.31851
    endloop
  endfacet
  facet normal 0.543604 0.748209 -0.380366
    outer loop
      vertex -0.156028 8.63204 -3.82843
      vertex -2.67828 8.83885 -7.02632
      vertex -1.36378 9.50952 -3.82843
    endloop
  endfacet
  facet normal 0.466272 0.807615 -0.361038
    outer loop
      vertex -2.67828 8.83885 -7.02632
      vertex -4.0476 9.62942 -7.02632
      vertex -1.36378 9.50952 -3.82843
    endloop
  endfacet
  facet normal -0.419712 0.85446 0.306169
    outer loop
      vertex -3.03284 10.0518 -2.07347
      vertex -5.87755 9.82742 -5.34694
      vertex -2.85663 9.50952 -0.31851
    endloop
  endfacet
  facet normal 0.786779 0.286365 -0.546785
    outer loop
      vertex -4.60478 7.44898 -10.5263
      vertex -5.12123 8.86791 -10.5263
      vertex -2.1375 7.35306 -7.02632
    endloop
  endfacet
  facet normal 0.433766 0.85077 -0.296711
    outer loop
      vertex -4.0476 9.62942 -7.02632
      vertex -6.42892 9.6229 -10.5263
      vertex -3.95284 10.1668 -5.34694
    endloop
  endfacet
  facet normal 0.786779 0.286362 -0.546786
    outer loop
      vertex -2.1375 7.35306 -7.02632
      vertex -5.12123 8.86791 -10.5263
      vertex -2.67828 8.83885 -7.02632
    endloop
  endfacet
  facet normal 0.473123 0.81948 -0.32343
    outer loop
      vertex -2.67828 8.83885 -7.02632
      vertex -6.42892 9.6229 -10.5263
      vertex -4.0476 9.62942 -7.02632
    endloop
  endfacet
  facet normal 0.473123 0.819479 -0.323431
    outer loop
      vertex -5.12123 8.86791 -10.5263
      vertex -6.42892 9.6229 -10.5263
      vertex -2.67828 8.83885 -7.02632
    endloop
  endfacet
  facet normal -0.486049 0.817484 0.308992
    outer loop
      vertex -5.87755 9.82742 -5.34694
      vertex -8.17653 9.81199 -8.92245
      vertex -7.91597 9.3607 -7.31863
    endloop
  endfacet
  facet normal 0.780018 -0.283902 -0.557648
    outer loop
      vertex -2.67828 5.86727 -7.02632
      vertex -5.12123 6.03005 -10.5263
      vertex -2.1375 7.35306 -7.02632
    endloop
  endfacet
  facet normal -0.173392 -0.983345 0.0544837
    outer loop
      vertex -5.87755 4.8787 -5.34694
      vertex -8.17653 5.08597 -8.92245
      vertex -6.33843 4.76186 -8.92245
    endloop
  endfacet
  facet normal 0.780018 -0.283904 -0.557647
    outer loop
      vertex -2.1375 7.35306 -7.02632
      vertex -5.12123 6.03005 -10.5263
      vertex -4.60478 7.44898 -10.5263
    endloop
  endfacet
  facet normal -0.48605 0.817484 0.308993
    outer loop
      vertex -5.87755 9.82742 -5.34694
      vertex -7.91597 9.3607 -7.31863
      vertex -5.60472 9.35486 -3.66755
    endloop
  endfacet
  facet normal -0.698001 -0.585691 0.41202
    outer loop
      vertex -6.62106 6.56249 -3.66755
      vertex -7.91597 5.53726 -7.31863
      vertex -5.60472 5.35126 -3.66755
    endloop
  endfacet
  facet normal -0.172656 0.979176 0.106789
    outer loop
      vertex -3.95284 10.1668 -5.34694
      vertex -8.17653 9.81199 -8.92245
      vertex -5.87755 9.82742 -5.34694
    endloop
  endfacet
  facet normal -0.172657 0.979176 0.10679
    outer loop
      vertex -6.33843 10.1361 -8.92245
      vertex -8.17653 9.81199 -8.92245
      vertex -3.95284 10.1668 -5.34694
    endloop
  endfacet
  facet normal 0.433751 0.85078 -0.296705
    outer loop
      vertex -3.95284 10.1668 -5.34694
      vertex -6.42892 9.6229 -10.5263
      vertex -6.33843 10.1361 -8.92245
    endloop
  endfacet
  facet normal -0.84971 0 0.527251
    outer loop
      vertex -8.88658 6.69398 -7.31863
      vertex -6.62106 8.14363 -3.66755
      vertex -8.88658 8.20397 -7.31863
    endloop
  endfacet
  facet normal -0.84971 0 0.527251
    outer loop
      vertex -6.62106 8.14363 -3.66755
      vertex -8.88658 6.69398 -7.31863
      vertex -6.62106 6.56249 -3.66755
    endloop
  endfacet
  facet normal -0.688998 0.578136 0.437082
    outer loop
      vertex -5.60472 9.35486 -3.66755
      vertex -7.91597 9.3607 -7.31863
      vertex -6.62106 8.14363 -3.66755
    endloop
  endfacet
  facet normal -0.173391 -0.983345 0.0544836
    outer loop
      vertex -5.87755 4.8787 -5.34694
      vertex -6.33843 4.76186 -8.92245
      vertex -3.95284 4.53932 -5.34694
    endloop
  endfacet
  facet normal 0.465944 -0.807033 -0.362758
    outer loop
      vertex -2.67828 5.86727 -7.02632
      vertex -6.42892 5.27505 -10.5263
      vertex -5.12123 6.03005 -10.5263
    endloop
  endfacet
  facet normal -0.697999 -0.585694 0.41202
    outer loop
      vertex -6.62106 6.56249 -3.66755
      vertex -8.88658 6.69398 -7.31863
      vertex -7.91597 5.53726 -7.31863
    endloop
  endfacet
  facet normal -0.688997 0.578136 0.437082
    outer loop
      vertex -7.91597 9.3607 -7.31863
      vertex -8.88658 8.20397 -7.31863
      vertex -6.62106 8.14363 -3.66755
    endloop
  endfacet
  facet normal 0.370648 -0.878315 -0.301964
    outer loop
      vertex -3.95284 4.53932 -5.34694
      vertex -6.33843 4.76186 -8.92245
      vertex -4.0476 5.0767 -7.02632
    endloop
  endfacet
  facet normal 0.370639 -0.878323 -0.301952
    outer loop
      vertex -6.33843 4.76186 -8.92245
      vertex -6.42892 5.27505 -10.5263
      vertex -4.0476 5.0767 -7.02632
    endloop
  endfacet
  facet normal 0.46594 -0.807038 -0.362753
    outer loop
      vertex -4.0476 5.0767 -7.02632
      vertex -6.42892 5.27505 -10.5263
      vertex -2.67828 5.86727 -7.02632
    endloop
  endfacet
  facet normal -0.548855 -0.777166 0.30785
    outer loop
      vertex -7.91597 5.53726 -7.31863
      vertex -8.17653 5.08597 -8.92245
      vertex -5.87755 4.8787 -5.34694
    endloop
  endfacet
  facet normal -0.548855 -0.777166 0.307851
    outer loop
      vertex -5.60472 5.35126 -3.66755
      vertex -7.91597 5.53726 -7.31863
      vertex -5.87755 4.8787 -5.34694
    endloop
  endfacet
  facet normal -0.53487 0.786695 0.30826
    outer loop
      vertex -8.17653 9.81199 -8.92245
      vertex -9.71433 9.63279 -11.1334
      vertex -7.91597 9.3607 -7.31863
    endloop
  endfacet
  facet normal -0.534907 0.786659 0.308289
    outer loop
      vertex -8.17653 9.81199 -8.92245
      vertex -9.56368 9.77285 -11.2294
      vertex -9.71433 9.63279 -11.1334
    endloop
  endfacet
  facet normal -0.532151 0.789189 0.306589
    outer loop
      vertex -9.56368 9.77285 -11.2294
      vertex -8.17653 9.81199 -8.92245
      vertex -9.56222 9.77601 -11.235
    endloop
  endfacet
  facet normal -0.17297 0.980953 0.0883908
    outer loop
      vertex -6.33843 10.1361 -8.92245
      vertex -8.66284 10.0233 -12.2192
      vertex -8.17653 9.81199 -8.92245
    endloop
  endfacet
  facet normal -0.172923 0.980964 0.088357
    outer loop
      vertex -8.66284 10.0233 -12.2192
      vertex -6.33843 10.1361 -8.92245
      vertex -8.56397 10.0663 -12.5031
    endloop
  endfacet
  facet normal -0.534866 0.786699 0.308258
    outer loop
      vertex -9.71433 9.63279 -11.1334
      vertex -10.0453 9.32509 -10.9224
      vertex -7.91597 9.3607 -7.31863
    endloop
  endfacet
  facet normal 0.801765 0.291815 -0.521552
    outer loop
      vertex -5.12123 8.86791 -10.5263
      vertex -6.98826 8.30032 -13.714
      vertex -7.19001 8.85463 -13.714
    endloop
  endfacet
  facet normal 0.801761 0.291829 -0.521552
    outer loop
      vertex -6.98826 8.30032 -13.714
      vertex -5.12123 8.86791 -10.5263
      vertex -6.7774 7.72101 -13.714
    endloop
  endfacet
  facet normal 0.798487 -0.290621 -0.527218
    outer loop
      vertex -6.98695 6.71925 -13.7319
      vertex -5.12123 6.03005 -10.5263
      vertex -7.20162 6.12944 -13.7319
    endloop
  endfacet
  facet normal 0.798483 -0.290631 -0.527218
    outer loop
      vertex -5.12123 6.03005 -10.5263
      vertex -6.98695 6.71925 -13.7319
      vertex -6.7867 7.26942 -13.7319
    endloop
  endfacet
  facet normal 0.475078 0.822869 -0.31175
    outer loop
      vertex -6.42892 9.6229 -10.5263
      vertex -7.07152 9.1958 -12.6329
      vertex -7.11525 9.24931 -12.5583
    endloop
  endfacet
  facet normal 0.475082 0.822866 -0.311751
    outer loop
      vertex -6.42892 9.6229 -10.5263
      vertex -7.11525 9.24931 -12.5583
      vertex -7.71473 9.59542 -12.5583
    endloop
  endfacet
  facet normal 0.448548 0.843587 -0.295238
    outer loop
      vertex -6.42892 9.6229 -10.5263
      vertex -8.56397 10.0663 -12.5031
      vertex -6.33843 10.1361 -8.92245
    endloop
  endfacet
  facet normal 0.448421 0.843713 -0.295072
    outer loop
      vertex -6.42892 9.6229 -10.5263
      vertex -8.49199 10.0264 -12.5078
      vertex -8.56397 10.0663 -12.5031
    endloop
  endfacet
  facet normal 0.449586 0.842586 -0.296514
    outer loop
      vertex -8.49199 10.0264 -12.5078
      vertex -6.42892 9.6229 -10.5263
      vertex -8.45297 10.0047 -12.5103
    endloop
  endfacet
  facet normal -0.699588 0.586882 0.40761
    outer loop
      vertex -10.5266 8.2964 -10.2669
      vertex -7.91597 9.3607 -7.31863
      vertex -10.4251 8.48247 -10.3606
    endloop
  endfacet
  facet normal -0.699237 0.587461 0.407379
    outer loop
      vertex -8.88658 8.20397 -7.31863
      vertex -10.5266 8.2964 -10.2669
      vertex -10.5563 8.25564 -10.2591
    endloop
  endfacet
  facet normal -0.69965 0.586814 0.407602
    outer loop
      vertex -8.88658 8.20397 -7.31863
      vertex -10.5563 8.25564 -10.2591
      vertex -10.59 8.21546 -10.2591
    endloop
  endfacet
  facet normal -0.699544 0.586986 0.407535
    outer loop
      vertex -10.5266 8.2964 -10.2669
      vertex -8.88658 8.20397 -7.31863
      vertex -7.91597 9.3607 -7.31863
    endloop
  endfacet
  facet normal -0.865293 -3.86827e-05 0.501266
    outer loop
      vertex -10.5649 7.85234 -10.2158
      vertex -8.88658 8.20397 -7.31863
      vertex -10.59 8.21546 -10.2591
    endloop
  endfacet
  facet normal -0.865316 0.00038853 0.501227
    outer loop
      vertex -10.5622 7.80237 -10.2111
      vertex -8.88658 8.20397 -7.31863
      vertex -10.5649 7.85234 -10.2158
    endloop
  endfacet
  facet normal -0.865292 0 0.501268
    outer loop
      vertex -10.5622 7.21935 -10.2111
      vertex -8.88658 8.20397 -7.31863
      vertex -10.5622 7.80237 -10.2111
    endloop
  endfacet
  facet normal -0.865324 -0.000397636 0.501213
    outer loop
      vertex -8.88658 6.69398 -7.31863
      vertex -10.5622 7.21935 -10.2111
      vertex -10.5649 7.17074 -10.2158
    endloop
  endfacet
  facet normal -0.865299 -4.80915e-05 0.501256
    outer loop
      vertex -8.88658 6.69398 -7.31863
      vertex -10.5649 7.17074 -10.2158
      vertex -10.5928 6.78132 -10.264
    endloop
  endfacet
  facet normal -0.865325 -0.0022892 0.501205
    outer loop
      vertex -8.88658 6.69398 -7.31863
      vertex -10.5928 6.78132 -10.264
      vertex -10.5972 6.75867 -10.2717
    endloop
  endfacet
  facet normal -0.865292 0 0.501268
    outer loop
      vertex -10.5622 7.21935 -10.2111
      vertex -8.88658 6.69398 -7.31863
      vertex -8.88658 8.20397 -7.31863
    endloop
  endfacet
  facet normal -0.566162 -0.764902 0.307221
    outer loop
      vertex -7.91597 5.53726 -7.31863
      vertex -10.0677 5.66725 -10.9603
      vertex -9.7381 5.33352 -11.1838
    endloop
  endfacet
  facet normal 0.471732 -0.817059 -0.331487
    outer loop
      vertex -7.0786 5.76403 -12.6561
      vertex -5.12123 6.03005 -10.5263
      vertex -6.42892 5.27505 -10.5263
    endloop
  endfacet
  facet normal 0.471757 -0.817034 -0.331513
    outer loop
      vertex -7.04826 5.80212 -12.7068
      vertex -5.12123 6.03005 -10.5263
      vertex -7.0786 5.76403 -12.6561
    endloop
  endfacet
  facet normal 0.47175 -0.817041 -0.331505
    outer loop
      vertex -6.9925 5.87213 -12.8
      vertex -5.12123 6.03005 -10.5263
      vertex -7.04826 5.80212 -12.7068
    endloop
  endfacet
  facet normal 0.471732 -0.817058 -0.33149
    outer loop
      vertex -7.0397 5.9302 -13.0103
      vertex -5.12123 6.03005 -10.5263
      vertex -6.9925 5.87213 -12.8
    endloop
  endfacet
  facet normal 0.471683 -0.817102 -0.33145
    outer loop
      vertex -5.12123 6.03005 -10.5263
      vertex -7.0397 5.9302 -13.0103
      vertex -7.20162 6.12944 -13.7319
    endloop
  endfacet
  facet normal -0.704489 -0.589519 0.395174
    outer loop
      vertex -10.5845 6.74108 -10.2753
      vertex -8.88658 6.69398 -7.31863
      vertex -10.5972 6.75867 -10.2717
    endloop
  endfacet
  facet normal -0.703826 -0.590574 0.39478
    outer loop
      vertex -7.91597 5.53726 -7.31863
      vertex -10.5845 6.74108 -10.2753
      vertex -10.4496 6.50337 -10.3904
    endloop
  endfacet
  facet normal -0.703823 -0.590581 0.394775
    outer loop
      vertex -10.5845 6.74108 -10.2753
      vertex -7.91597 5.53726 -7.31863
      vertex -8.88658 6.69398 -7.31863
    endloop
  endfacet
  facet normal 0.448506 0.843617 -0.295215
    outer loop
      vertex -7.71473 9.59542 -12.5583
      vertex -8.45297 10.0047 -12.5103
      vertex -6.42892 9.6229 -10.5263
    endloop
  endfacet
  facet normal -0.172984 0.98095 0.0883904
    outer loop
      vertex -8.17653 9.81199 -8.92245
      vertex -9.29501 9.83188 -11.3321
      vertex -9.56222 9.77601 -11.235
    endloop
  endfacet
  facet normal -0.172967 0.980954 0.0883827
    outer loop
      vertex -8.17653 9.81199 -8.92245
      vertex -8.76274 9.97981 -11.9323
      vertex -9.29501 9.83188 -11.3321
    endloop
  endfacet
  facet normal -0.173124 0.980924 0.0884116
    outer loop
      vertex -8.76274 9.97981 -11.9323
      vertex -8.17653 9.81199 -8.92245
      vertex -8.66284 10.0233 -12.2192
    endloop
  endfacet
  facet normal 0.416625 -0.858743 -0.298302
    outer loop
      vertex -6.42892 5.27505 -10.5263
      vertex -8.46968 4.97984 -12.5267
      vertex -7.75437 5.3596 -12.6209
    endloop
  endfacet
  facet normal -0.1733 -0.982872 0.0626878
    outer loop
      vertex -9.46453 5.15544 -11.3939
      vertex -8.17653 5.08597 -8.92245
      vertex -9.63022 5.18755 -11.3485
    endloop
  endfacet
  facet normal -0.173306 -0.982871 0.0626911
    outer loop
      vertex -8.75751 4.99052 -12.025
      vertex -8.17653 5.08597 -8.92245
      vertex -9.46453 5.15544 -11.3939
    endloop
  endfacet
  facet normal -0.173353 -0.982862 0.0626997
    outer loop
      vertex -8.17653 5.08597 -8.92245
      vertex -8.75751 4.99052 -12.025
      vertex -8.66847 4.95999 -12.2574
    endloop
  endfacet
  facet normal 0.41661 -0.858756 -0.298285
    outer loop
      vertex -8.57038 4.92637 -12.5134
      vertex -6.42892 5.27505 -10.5263
      vertex -6.33843 4.76186 -8.92245
    endloop
  endfacet
  facet normal 0.416574 -0.858789 -0.29824
    outer loop
      vertex -8.50301 4.96214 -12.5223
      vertex -6.42892 5.27505 -10.5263
      vertex -8.57038 4.92637 -12.5134
    endloop
  endfacet
  facet normal 0.416646 -0.858725 -0.298325
    outer loop
      vertex -6.42892 5.27505 -10.5263
      vertex -8.50301 4.96214 -12.5223
      vertex -8.46968 4.97984 -12.5267
    endloop
  endfacet
  facet normal -0.699549 0.586979 0.407537
    outer loop
      vertex -10.2915 8.73521 -10.4954
      vertex -7.91597 9.3607 -7.31863
      vertex -10.0453 9.32509 -10.9224
    endloop
  endfacet
  facet normal -0.699548 0.586983 0.407535
    outer loop
      vertex -10.3992 8.52986 -10.3845
      vertex -7.91597 9.3607 -7.31863
      vertex -10.2915 8.73521 -10.4954
    endloop
  endfacet
  facet normal -0.699292 0.587534 0.407179
    outer loop
      vertex -7.91597 9.3607 -7.31863
      vertex -10.3992 8.52986 -10.3845
      vertex -10.4251 8.48247 -10.3606
    endloop
  endfacet
  facet normal -0.704785 -0.588448 0.39624
    outer loop
      vertex -10.4408 6.48778 -10.3979
      vertex -7.91597 5.53726 -7.31863
      vertex -10.4496 6.50337 -10.3904
    endloop
  endfacet
  facet normal -0.703773 -0.590674 0.394724
    outer loop
      vertex -10.3428 6.29597 -10.5102
      vertex -7.91597 5.53726 -7.31863
      vertex -10.4408 6.48778 -10.3979
    endloop
  endfacet
  facet normal -0.703819 -0.590583 0.39478
    outer loop
      vertex -7.91597 5.53726 -7.31863
      vertex -10.3428 6.29597 -10.5102
      vertex -10.0677 5.66725 -10.9603
    endloop
  endfacet
  facet normal 0.801765 0.291819 -0.52155
    outer loop
      vertex -4.60478 7.44898 -10.5263
      vertex -6.7774 7.72101 -13.714
      vertex -5.12123 8.86791 -10.5263
    endloop
  endfacet
  facet normal 0.801766 0.291815 -0.521551
    outer loop
      vertex -6.7774 7.72101 -13.714
      vertex -4.60478 7.44898 -10.5263
      vertex -6.69696 7.5 -13.714
    endloop
  endfacet
  facet normal 0.801715 0.292018 -0.521515
    outer loop
      vertex -6.69696 7.5 -13.714
      vertex -4.60478 7.44898 -10.5263
      vertex -6.70569 7.492 -13.7319
    endloop
  endfacet
  facet normal 0.798487 -0.290617 -0.527219
    outer loop
      vertex -4.60478 7.44898 -10.5263
      vertex -6.7867 7.26942 -13.7319
      vertex -6.70569 7.492 -13.7319
    endloop
  endfacet
  facet normal 0.798485 -0.290626 -0.527217
    outer loop
      vertex -6.7867 7.26942 -13.7319
      vertex -4.60478 7.44898 -10.5263
      vertex -5.12123 6.03005 -10.5263
    endloop
  endfacet
  facet normal 0.47508 0.822868 -0.31175
    outer loop
      vertex -5.12123 8.86791 -10.5263
      vertex -7.07152 9.1958 -12.6329
      vertex -6.42892 9.6229 -10.5263
    endloop
  endfacet
  facet normal 0.475071 0.822876 -0.311741
    outer loop
      vertex -5.12123 8.86791 -10.5263
      vertex -7.04604 9.16461 -12.6764
      vertex -7.07152 9.1958 -12.6329
    endloop
  endfacet
  facet normal 0.475138 0.822811 -0.31181
    outer loop
      vertex -5.12123 8.86791 -10.5263
      vertex -6.9736 9.07594 -12.8
      vertex -7.04604 9.16461 -12.6764
    endloop
  endfacet
  facet normal 0.475064 0.82288 -0.311743
    outer loop
      vertex -5.12123 8.86791 -10.5263
      vertex -7.03585 9.01228 -13.0629
      vertex -6.9736 9.07594 -12.8
    endloop
  endfacet
  facet normal 0.475038 0.822902 -0.311722
    outer loop
      vertex -7.03585 9.01228 -13.0629
      vertex -5.12123 8.86791 -10.5263
      vertex -7.19001 8.85463 -13.714
    endloop
  endfacet
  facet normal -0.173308 -0.98287 0.0626934
    outer loop
      vertex -8.66847 4.95999 -12.2574
      vertex -6.33843 4.76186 -8.92245
      vertex -8.17653 5.08597 -8.92245
    endloop
  endfacet
  facet normal -0.17329 -0.982874 0.0626805
    outer loop
      vertex -6.33843 4.76186 -8.92245
      vertex -8.66847 4.95999 -12.2574
      vertex -8.57038 4.92637 -12.5134
    endloop
  endfacet
  facet normal 0.471727 -0.817062 -0.331487
    outer loop
      vertex -7.09965 5.7376 -12.6209
      vertex -6.42892 5.27505 -10.5263
      vertex -7.75437 5.3596 -12.6209
    endloop
  endfacet
  facet normal 0.471653 -0.817109 -0.331474
    outer loop
      vertex -6.42892 5.27505 -10.5263
      vertex -7.09965 5.7376 -12.6209
      vertex -7.0786 5.76403 -12.6561
    endloop
  endfacet
  facet normal -0.566143 -0.764919 0.307213
    outer loop
      vertex -9.7381 5.33352 -11.1838
      vertex -8.17653 5.08597 -8.92245
      vertex -7.91597 5.53726 -7.31863
    endloop
  endfacet
  facet normal -0.566149 -0.764914 0.307218
    outer loop
      vertex -9.65717 5.25157 -11.2387
      vertex -8.17653 5.08597 -8.92245
      vertex -9.7381 5.33352 -11.1838
    endloop
  endfacet
  facet normal -0.566029 -0.765036 0.307132
    outer loop
      vertex -8.17653 5.08597 -8.92245
      vertex -9.65717 5.25157 -11.2387
      vertex -9.63022 5.18755 -11.3485
    endloop
  endfacet
  facet normal 0.571118 0.0504889 0.819314
    outer loop
      vertex -16.6229 6.86216 -11.5587
      vertex -16.4666 6.90351 -11.6702
      vertex -16.4757 6.9318 -11.6656
    endloop
  endfacet
  facet normal 0.571278 0.0497097 0.81925
    outer loop
      vertex -16.4666 6.90351 -11.6702
      vertex -16.6229 6.86216 -11.5587
      vertex -16.405 6.71143 -11.7015
    endloop
  endfacet
  facet normal 0.571384 0.0500023 0.819158
    outer loop
      vertex -16.7142 7.9059 -11.5587
      vertex -16.4757 6.9318 -11.6656
      vertex -16.53 8.088 -11.6983
    endloop
  endfacet
  facet normal 0.571295 0.0499734 0.819222
    outer loop
      vertex -16.4757 6.9318 -11.6656
      vertex -16.7142 7.9059 -11.5587
      vertex -16.6229 6.86216 -11.5587
    endloop
  endfacet
  facet normal 0.929958 -0.234191 -0.283431
    outer loop
      vertex -16.6909 5.90785 -12.8726
      vertex -16.7914 5.67155 -13.0071
      vertex -16.7587 5.84158 -13.0403
    endloop
  endfacet
  facet normal -0.238978 0.731318 0.638799
    outer loop
      vertex -16.7842 8.35878 -12.1034
      vertex -17.8083 8.33605 -12.4605
      vertex -16.722 8.2811 -11.9912
    endloop
  endfacet
  facet normal -0.238959 0.731376 0.638739
    outer loop
      vertex -16.8484 8.79325 -12.6249
      vertex -17.8083 8.33605 -12.4605
      vertex -16.7842 8.35878 -12.1034
    endloop
  endfacet
  facet normal -0.238935 0.731343 0.638786
    outer loop
      vertex -17.8083 8.33605 -12.4605
      vertex -16.8484 8.79325 -12.6249
      vertex -17.0869 9.04916 -13.0071
    endloop
  endfacet
  facet normal -0.932527 -0.0815717 0.351767
    outer loop
      vertex -17.6256 6.24857 -12.4605
      vertex -18.2482 7.77169 -13.7578
      vertex -18.1569 6.72795 -13.7578
    endloop
  endfacet
  facet normal -0.93254 -0.0816176 0.35172
    outer loop
      vertex -18.2482 7.77169 -13.7578
      vertex -17.6256 6.24857 -12.4605
      vertex -17.8083 8.33605 -12.4605
    endloop
  endfacet
  facet normal 0.600859 -0.2637 -0.754606
    outer loop
      vertex -16.7914 5.67155 -13.0071
      vertex -17.0158 5.98152 -13.2941
      vertex -16.913 5.92559 -13.1927
    endloop
  endfacet
  facet normal 0.601518 -0.262914 -0.754355
    outer loop
      vertex -17.7398 6.43944 -14.0312
      vertex -17.4438 7.03431 -14.0025
      vertex -17.4438 6.64754 -13.8677
    endloop
  endfacet
  facet normal 0.601582 -0.262948 -0.754292
    outer loop
      vertex -17.4438 7.03431 -14.0025
      vertex -17.7398 6.43944 -14.0312
      vertex -17.5733 7.30487 -14.2001
    endloop
  endfacet
  facet normal 0.601561 -0.263035 -0.754279
    outer loop
      vertex -17.0158 5.98152 -13.2941
      vertex -17.7398 6.43944 -14.0312
      vertex -17.4438 6.64754 -13.8677
    endloop
  endfacet
  facet normal 0.601712 -0.262758 -0.754255
    outer loop
      vertex -17.7398 6.43944 -14.0312
      vertex -17.0158 5.98152 -13.2941
      vertex -16.7914 5.67155 -13.0071
    endloop
  endfacet
  facet normal 0.875151 0.391769 -0.28395
    outer loop
      vertex -17.0869 9.04916 -13.0071
      vertex -16.9264 8.84508 -12.794
      vertex -16.9753 8.87756 -12.8999
    endloop
  endfacet
  facet normal 0.875095 0.392283 -0.283414
    outer loop
      vertex -16.9264 8.84508 -12.794
      vertex -17.0869 9.04916 -13.0071
      vertex -16.8484 8.79325 -12.6249
    endloop
  endfacet
  facet normal -0.648225 -0.0567028 0.759334
    outer loop
      vertex -16.7142 7.9059 -11.5587
      vertex -17.6256 6.24857 -12.4605
      vertex -16.6229 6.86216 -11.5587
    endloop
  endfacet
  facet normal -0.648196 -0.0567313 0.759357
    outer loop
      vertex -17.6256 6.24857 -12.4605
      vertex -16.7142 7.9059 -11.5587
      vertex -17.8083 8.33605 -12.4605
    endloop
  endfacet
  facet normal 0.601453 -0.263058 -0.754357
    outer loop
      vertex -17.4438 7.03431 -14.0025
      vertex -17.5733 7.30487 -14.2001
      vertex -17.4438 7.3162 -14.1008
    endloop
  endfacet
  facet normal 0.60171 -0.262981 -0.754179
    outer loop
      vertex -16.7914 5.67155 -13.0071
      vertex -16.913 5.92559 -13.1927
      vertex -16.7587 5.84158 -13.0403
    endloop
  endfacet
  facet normal 0.54662 0.363555 -0.754344
    outer loop
      vertex -17.4438 7.3162 -14.1008
      vertex -17.5733 7.30487 -14.2001
      vertex -17.4438 7.76936 -13.8824
    endloop
  endfacet
  facet normal 0.546786 0.363524 -0.754238
    outer loop
      vertex -17.0371 8.91865 -13.0339
      vertex -17.1388 8.86331 -13.1343
      vertex -17.0869 9.04916 -13.0071
    endloop
  endfacet
  facet normal 0.875171 0.392139 -0.283378
    outer loop
      vertex -17.0371 8.91865 -13.0339
      vertex -17.0869 9.04916 -13.0071
      vertex -16.9753 8.87756 -12.8999
    endloop
  endfacet
  facet normal -0.1083 -0.761808 0.638686
    outer loop
      vertex -17.6256 6.24857 -12.4605
      vertex -16.5167 6.23362 -12.2903
      vertex -16.4719 6.51272 -11.9498
    endloop
  endfacet
  facet normal -0.108313 -0.761724 0.638784
    outer loop
      vertex -17.6256 6.24857 -12.4605
      vertex -16.5464 6.04899 -12.5155
      vertex -16.5167 6.23362 -12.2903
    endloop
  endfacet
  facet normal -0.10831 -0.761709 0.638802
    outer loop
      vertex -16.5464 6.04899 -12.5155
      vertex -17.6256 6.24857 -12.4605
      vertex -16.7914 5.67155 -13.0071
    endloop
  endfacet
  facet normal -0.238576 0.73123 0.639049
    outer loop
      vertex -16.5746 8.09687 -11.7251
      vertex -16.7142 7.9059 -11.5587
      vertex -16.53 8.088 -11.6983
    endloop
  endfacet
  facet normal -0.239068 0.73133 0.638751
    outer loop
      vertex -16.722 8.2811 -11.9912
      vertex -16.7142 7.9059 -11.5587
      vertex -16.5746 8.09687 -11.7251
    endloop
  endfacet
  facet normal -0.238963 0.731351 0.638767
    outer loop
      vertex -16.7142 7.9059 -11.5587
      vertex -16.722 8.2811 -11.9912
      vertex -17.8083 8.33605 -12.4605
    endloop
  endfacet
  facet normal 0.929901 -0.233946 -0.283818
    outer loop
      vertex -16.5464 6.04899 -12.5155
      vertex -16.7914 5.67155 -13.0071
      vertex -16.6909 5.90785 -12.8726
    endloop
  endfacet
  facet normal -0.722621 0.689074 -0.0547259
    outer loop
      vertex -17.0869 9.04916 -13.0071
      vertex -17.8875 8.12825 -14.0312
      vertex -17.8083 8.33605 -12.4605
    endloop
  endfacet
  facet normal 0.546881 0.363403 -0.754228
    outer loop
      vertex -17.8875 8.12825 -14.0312
      vertex -17.4438 7.76936 -13.8824
      vertex -17.5733 7.30487 -14.2001
    endloop
  endfacet
  facet normal 0.546494 0.363694 -0.754368
    outer loop
      vertex -17.3007 8.77513 -13.2941
      vertex -17.0869 9.04916 -13.0071
      vertex -17.1388 8.86331 -13.1343
    endloop
  endfacet
  facet normal 0.547487 0.362678 -0.754137
    outer loop
      vertex -17.3007 8.77513 -13.2941
      vertex -17.8875 8.12825 -14.0312
      vertex -17.0869 9.04916 -13.0071
    endloop
  endfacet
  facet normal 0.547187 0.363014 -0.754193
    outer loop
      vertex -17.4438 8.55246 -13.5051
      vertex -17.8875 8.12825 -14.0312
      vertex -17.3007 8.77513 -13.2941
    endloop
  endfacet
  facet normal 0.546875 0.363393 -0.754236
    outer loop
      vertex -17.4438 7.76936 -13.8824
      vertex -17.8875 8.12825 -14.0312
      vertex -17.4438 8.55246 -13.5051
    endloop
  endfacet
  facet normal -0.592005 -0.804078 -0.0546682
    outer loop
      vertex -17.6256 6.24857 -12.4605
      vertex -17.7398 6.43944 -14.0312
      vertex -16.7914 5.67155 -13.0071
    endloop
  endfacet
  facet normal -0.592013 -0.804072 -0.0546669
    outer loop
      vertex -17.6256 6.24857 -12.4605
      vertex -18.1569 6.72795 -13.7578
      vertex -17.7398 6.43944 -14.0312
    endloop
  endfacet
  facet normal -0.571446 -0.0499215 -0.81912
    outer loop
      vertex -18.1569 6.72795 -13.7578
      vertex -17.5733 7.30487 -14.2001
      vertex -17.7398 6.43944 -14.0312
    endloop
  endfacet
  facet normal -0.571405 -0.049983 -0.819145
    outer loop
      vertex -18.2482 7.77169 -13.7578
      vertex -17.5733 7.30487 -14.2001
      vertex -18.1569 6.72795 -13.7578
    endloop
  endfacet
  facet normal -0.571424 -0.0500261 -0.819129
    outer loop
      vertex -17.5733 7.30487 -14.2001
      vertex -18.2482 7.77169 -13.7578
      vertex -17.8875 8.12825 -14.0312
    endloop
  endfacet
  facet normal -0.108043 -0.761577 0.639005
    outer loop
      vertex -16.6229 6.86216 -11.5587
      vertex -16.4423 6.69692 -11.7251
      vertex -16.405 6.71143 -11.7015
    endloop
  endfacet
  facet normal -0.108447 -0.761746 0.638735
    outer loop
      vertex -16.6229 6.86216 -11.5587
      vertex -16.4719 6.51272 -11.9498
      vertex -16.4423 6.69692 -11.7251
    endloop
  endfacet
  facet normal -0.10835 -0.761736 0.638763
    outer loop
      vertex -16.4719 6.51272 -11.9498
      vertex -16.6229 6.86216 -11.5587
      vertex -17.6256 6.24857 -12.4605
    endloop
  endfacet
  facet normal -0.722633 0.689063 -0.0547238
    outer loop
      vertex -17.8875 8.12825 -14.0312
      vertex -18.2482 7.77169 -13.7578
      vertex -17.8083 8.33605 -12.4605
    endloop
  endfacet
  facet normal -0.981152 -0.0858421 0.173125
    outer loop
      vertex -16.3918 5.71976 -10.9694
      vertex -16.5489 6.2813 -11.5813
      vertex -16.5156 5.90069 -11.5813
    endloop
  endfacet
  facet normal -0.981152 -0.0858432 0.173124
    outer loop
      vertex -16.5489 6.2813 -11.5813
      vertex -16.3918 5.71976 -10.9694
      vertex -16.4584 6.48097 -10.9694
    endloop
  endfacet
  facet normal -0.54541 0.817258 -0.18606
    outer loop
      vertex -16.0131 6.65225 -11.5224
      vertex -16.4584 6.48097 -10.9694
      vertex -15.886 6.76808 -11.3862
    endloop
  endfacet
  facet normal -0.545471 0.817201 -0.186127
    outer loop
      vertex -16.2726 6.43287 -11.7251
      vertex -16.4584 6.48097 -10.9694
      vertex -16.0131 6.65225 -11.5224
    endloop
  endfacet
  facet normal -0.539899 0.821146 -0.185008
    outer loop
      vertex -16.4584 6.48097 -10.9694
      vertex -16.2726 6.43287 -11.7251
      vertex -16.2759 6.42865 -11.7342
    endloop
  endfacet
  facet normal 0.088426 -0.857235 0.507275
    outer loop
      vertex -15.7782 5.53641 -11.3862
      vertex -15.8723 5.95697 -10.6591
      vertex -16.3918 5.71976 -10.9694
    endloop
  endfacet
  facet normal 0.0884411 -0.857233 0.507276
    outer loop
      vertex -15.8723 5.95697 -10.6591
      vertex -15.7782 5.53641 -11.3862
      vertex -15.5655 5.8653 -10.8675
    endloop
  endfacet
  facet normal 0.79344 0.604165 -0.073733
    outer loop
      vertex -15.6193 6.48113 -10.8675
      vertex -15.8348 6.69702 -11.4175
      vertex -15.886 6.76808 -11.3862
    endloop
  endfacet
  facet normal 0.793559 0.603995 -0.0738464
    outer loop
      vertex -15.8348 6.69702 -11.4175
      vertex -15.6193 6.48113 -10.8675
      vertex -15.5156 6.28083 -11.3914
    endloop
  endfacet
  facet normal 0.793511 0.604055 -0.0738789
    outer loop
      vertex -15.4091 6.18925 -10.9963
      vertex -15.5156 6.28083 -11.3914
      vertex -15.6193 6.48113 -10.8675
    endloop
  endfacet
  facet normal 0.793647 0.603867 -0.073959
    outer loop
      vertex -15.5156 6.28083 -11.3914
      vertex -15.4091 6.18925 -10.9963
      vertex -15.4431 6.18628 -11.3854
    endloop
  endfacet
  facet normal 0.571294 0.0499162 0.819227
    outer loop
      vertex -15.9056 6.33758 -10.6591
      vertex -15.4091 6.18925 -10.9963
      vertex -15.6193 6.48113 -10.8675
    endloop
  endfacet
  facet normal 0.57135 0.0498615 0.819191
    outer loop
      vertex -15.4091 6.18925 -10.9963
      vertex -15.8723 5.95697 -10.6591
      vertex -15.5655 5.8653 -10.8675
    endloop
  endfacet
  facet normal 0.571305 0.0499842 0.819214
    outer loop
      vertex -15.4091 6.18925 -10.9963
      vertex -15.9056 6.33758 -10.6591
      vertex -15.8723 5.95697 -10.6591
    endloop
  endfacet
  facet normal -0.0617638 0.859584 0.507247
    outer loop
      vertex -15.6193 6.48113 -10.8675
      vertex -16.4584 6.48097 -10.9694
      vertex -15.9056 6.33758 -10.6591
    endloop
  endfacet
  facet normal -0.497582 -0.043534 0.866324
    outer loop
      vertex -15.9056 6.33758 -10.6591
      vertex -16.3918 5.71976 -10.9694
      vertex -15.8723 5.95697 -10.6591
    endloop
  endfacet
  facet normal -0.497581 -0.0435345 0.866324
    outer loop
      vertex -16.3918 5.71976 -10.9694
      vertex -15.9056 6.33758 -10.6591
      vertex -16.4584 6.48097 -10.9694
    endloop
  endfacet
  facet normal 0.401798 -0.499222 -0.767682
    outer loop
      vertex -15.7782 5.53641 -11.3862
      vertex -15.6484 5.92844 -11.5732
      vertex -15.5816 5.94376 -11.5482
    endloop
  endfacet
  facet normal 0.402776 -0.499282 -0.76713
    outer loop
      vertex -15.7782 5.53641 -11.3862
      vertex -15.9448 5.92272 -11.7251
      vertex -15.6484 5.92844 -11.5732
    endloop
  endfacet
  facet normal 0.402753 -0.499296 -0.767134
    outer loop
      vertex -16.2088 5.80902 -11.7897
      vertex -15.9448 5.92272 -11.7251
      vertex -15.7782 5.53641 -11.3862
    endloop
  endfacet
  facet normal 0.402765 -0.499346 -0.767094
    outer loop
      vertex -15.9448 5.92272 -11.7251
      vertex -16.2088 5.80902 -11.7897
      vertex -16.1063 6.02135 -11.8741
    endloop
  endfacet
  facet normal -0.0617677 0.859565 0.507279
    outer loop
      vertex -15.886 6.76808 -11.3862
      vertex -16.4584 6.48097 -10.9694
      vertex -15.6193 6.48113 -10.8675
    endloop
  endfacet
  facet normal 0.886549 -0.456682 -0.0739818
    outer loop
      vertex -15.4091 6.18925 -10.9963
      vertex -15.4772 6.12606 -11.4223
      vertex -15.4431 6.18628 -11.3854
    endloop
  endfacet
  facet normal 0.886269 -0.457246 -0.0738534
    outer loop
      vertex -15.5655 5.8653 -10.8675
      vertex -15.4772 6.12606 -11.4223
      vertex -15.4091 6.18925 -10.9963
    endloop
  endfacet
  facet normal 0.886499 -0.456836 -0.0736242
    outer loop
      vertex -15.4772 6.12606 -11.4223
      vertex -15.5655 5.8653 -10.8675
      vertex -15.5816 5.94376 -11.5482
    endloop
  endfacet
  facet normal 0.886371 -0.45708 -0.0736493
    outer loop
      vertex -15.5816 5.94376 -11.5482
      vertex -15.5655 5.8653 -10.8675
      vertex -15.7782 5.53641 -11.3862
    endloop
  endfacet
  facet normal 0.310325 0.56148 -0.767097
    outer loop
      vertex -15.8348 6.69702 -11.4175
      vertex -16.0131 6.65225 -11.5224
      vertex -15.886 6.76808 -11.3862
    endloop
  endfacet
  facet normal -0.395172 -0.899571 -0.186039
    outer loop
      vertex -16.5156 5.90069 -11.5813
      vertex -15.7782 5.53641 -11.3862
      vertex -16.3918 5.71976 -10.9694
    endloop
  endfacet
  facet normal -0.395167 -0.89957 -0.186054
    outer loop
      vertex -15.7782 5.53641 -11.3862
      vertex -16.5156 5.90069 -11.5813
      vertex -16.2088 5.80902 -11.7897
    endloop
  endfacet
  facet normal -0.571342 -0.0498177 -0.819199
    outer loop
      vertex -16.5156 5.90069 -11.5813
      vertex -16.1063 6.02135 -11.8741
      vertex -16.2088 5.80902 -11.7897
    endloop
  endfacet
  facet normal -0.571305 -0.0499841 -0.819215
    outer loop
      vertex -16.5489 6.2813 -11.5813
      vertex -16.1063 6.02135 -11.8741
      vertex -16.5156 5.90069 -11.5813
    endloop
  endfacet
  facet normal -0.571227 -0.0497772 -0.819281
    outer loop
      vertex -16.1063 6.02135 -11.8741
      vertex -16.5489 6.2813 -11.5813
      vertex -16.2889 6.41166 -11.7705
    endloop
  endfacet
  facet normal -0.545336 0.817311 -0.186043
    outer loop
      vertex -16.2759 6.42865 -11.7342
      vertex -16.5489 6.2813 -11.5813
      vertex -16.4584 6.48097 -10.9694
    endloop
  endfacet
  facet normal -0.545626 0.816911 -0.186947
    outer loop
      vertex -16.5489 6.2813 -11.5813
      vertex -16.2759 6.42865 -11.7342
      vertex -16.2889 6.41166 -11.7705
    endloop
  endfacet
  facet normal -0.395152 -0.89956 -0.186136
    outer loop
      vertex -16.4458 6.9905 -10.6431
      vertex -16.579 7.18535 -11.302
      vertex -15.7849 6.79305 -11.0919
    endloop
  endfacet
  facet normal 0.399451 -0.493253 -0.772748
    outer loop
      vertex -16.2425 7.08969 -11.5253
      vertex -16.2486 7.08663 -11.5265
      vertex -16.2469 7.0902 -11.5279
    endloop
  endfacet
  facet normal -0.981177 -0.0859359 0.172937
    outer loop
      vertex -16.4458 6.9905 -10.6431
      vertex -16.6149 7.59524 -11.302
      vertex -16.579 7.18535 -11.302
    endloop
  endfacet
  facet normal -0.981168 -0.0858165 0.173044
    outer loop
      vertex -16.6149 7.59524 -11.302
      vertex -16.4458 6.9905 -10.6431
      vertex -16.5175 7.81027 -10.6431
    endloop
  endfacet
  facet normal 0.793511 0.604061 -0.0738193
    outer loop
      vertex -15.6138 7.81045 -10.5333
      vertex -15.7134 7.85897 -11.2069
      vertex -15.901 8.11946 -11.0919
    endloop
  endfacet
  facet normal 0.79348 0.604103 -0.0738117
    outer loop
      vertex -15.7134 7.85897 -11.2069
      vertex -15.6138 7.81045 -10.5333
      vertex -15.5052 7.6008 -11.0817
    endloop
  endfacet
  facet normal 0.793656 0.603887 -0.073694
    outer loop
      vertex -15.3875 7.49611 -10.672
      vertex -15.5052 7.6008 -11.0817
      vertex -15.6138 7.81045 -10.5333
    endloop
  endfacet
  facet normal 0.793586 0.603985 -0.0736486
    outer loop
      vertex -15.5052 7.6008 -11.0817
      vertex -15.3875 7.49611 -10.672
      vertex -15.4186 7.49338 -11.0295
    endloop
  endfacet
  facet normal 0.0884045 -0.857232 0.507285
    outer loop
      vertex -15.5558 7.14724 -10.5333
      vertex -15.8862 7.24596 -10.3089
      vertex -15.7849 6.79305 -11.0919
    endloop
  endfacet
  facet normal -0.395184 -0.899568 -0.186029
    outer loop
      vertex -15.7849 6.79305 -11.0919
      vertex -16.579 7.18535 -11.302
      vertex -16.2486 7.08663 -11.5265
    endloop
  endfacet
  facet normal 0.402712 -0.499393 -0.767092
    outer loop
      vertex -15.7849 6.79305 -11.0919
      vertex -16.0252 7.06408 -11.3945
      vertex -15.6507 7.07131 -11.2026
    endloop
  endfacet
  facet normal 0.402857 -0.499269 -0.767096
    outer loop
      vertex -16.2486 7.08663 -11.5265
      vertex -16.0252 7.06408 -11.3945
      vertex -15.7849 6.79305 -11.0919
    endloop
  endfacet
  facet normal 0.402146 -0.501184 -0.76622
    outer loop
      vertex -16.0252 7.06408 -11.3945
      vertex -16.2486 7.08663 -11.5265
      vertex -16.2425 7.08969 -11.5253
    endloop
  endfacet
  facet normal 0.571303 0.0498162 0.819226
    outer loop
      vertex -15.9221 7.65585 -10.3089
      vertex -15.3875 7.49611 -10.672
      vertex -15.6138 7.81045 -10.5333
    endloop
  endfacet
  facet normal 0.571333 0.050065 0.81919
    outer loop
      vertex -15.3875 7.49611 -10.672
      vertex -15.8862 7.24596 -10.3089
      vertex -15.5558 7.14724 -10.5333
    endloop
  endfacet
  facet normal 0.571342 0.0500407 0.819185
    outer loop
      vertex -15.3875 7.49611 -10.672
      vertex -15.9221 7.65585 -10.3089
      vertex -15.8862 7.24596 -10.3089
    endloop
  endfacet
  facet normal -0.0618043 0.859564 0.507277
    outer loop
      vertex -15.901 8.11946 -11.0919
      vertex -16.5175 7.81027 -10.6431
      vertex -15.9221 7.65585 -10.3089
    endloop
  endfacet
  facet normal -0.0618083 0.859564 0.507277
    outer loop
      vertex -15.901 8.11946 -11.0919
      vertex -15.9221 7.65585 -10.3089
      vertex -15.6138 7.81045 -10.5333
    endloop
  endfacet
  facet normal -0.545363 0.81728 -0.1861
    outer loop
      vertex -15.901 8.11946 -11.0919
      vertex -16.6149 7.59524 -11.302
      vertex -16.5175 7.81027 -10.6431
    endloop
  endfacet
  facet normal 0.309906 0.561811 -0.767024
    outer loop
      vertex -16.2174 7.7229 -11.5102
      vertex -15.901 8.11946 -11.0919
      vertex -15.7134 7.85897 -11.2069
    endloop
  endfacet
  facet normal 0.30985 0.56185 -0.767019
    outer loop
      vertex -15.901 8.11946 -11.0919
      vertex -16.2174 7.7229 -11.5102
      vertex -16.3066 7.74984 -11.5265
    endloop
  endfacet
  facet normal 0.309854 0.561873 -0.767
    outer loop
      vertex -16.2759 7.70711 -11.5454
      vertex -16.3066 7.74984 -11.5265
      vertex -16.2174 7.7229 -11.5102
    endloop
  endfacet
  facet normal 0.886283 -0.457215 -0.073871
    outer loop
      vertex -15.5558 7.14724 -10.5333
      vertex -15.5809 7.19454 -11.1272
      vertex -15.4867 7.36798 -11.0705
    endloop
  endfacet
  facet normal 0.886445 -0.456903 -0.073853
    outer loop
      vertex -15.7849 6.79305 -11.0919
      vertex -15.5809 7.19454 -11.1272
      vertex -15.5558 7.14724 -10.5333
    endloop
  endfacet
  facet normal 0.886444 -0.456903 -0.0738674
    outer loop
      vertex -15.5809 7.19454 -11.1272
      vertex -15.7849 6.79305 -11.0919
      vertex -15.6507 7.07131 -11.2026
    endloop
  endfacet
  facet normal 0.88629 -0.457244 -0.0736093
    outer loop
      vertex -15.3875 7.49611 -10.672
      vertex -15.4867 7.36798 -11.0705
      vertex -15.4186 7.49338 -11.0295
    endloop
  endfacet
  facet normal 0.886433 -0.456945 -0.0737409
    outer loop
      vertex -15.4867 7.36798 -11.0705
      vertex -15.3875 7.49611 -10.672
      vertex -15.5558 7.14724 -10.5333
    endloop
  endfacet
  facet normal 0.088376 -0.857236 0.507284
    outer loop
      vertex -15.8862 7.24596 -10.3089
      vertex -16.4458 6.9905 -10.6431
      vertex -15.7849 6.79305 -11.0919
    endloop
  endfacet
  facet normal -0.497511 -0.0435742 0.866363
    outer loop
      vertex -15.9221 7.65585 -10.3089
      vertex -16.4458 6.9905 -10.6431
      vertex -15.8862 7.24596 -10.3089
    endloop
  endfacet
  facet normal -0.497564 -0.0435187 0.866335
    outer loop
      vertex -16.4458 6.9905 -10.6431
      vertex -15.9221 7.65585 -10.3089
      vertex -16.5175 7.81027 -10.6431
    endloop
  endfacet
  facet normal -0.57135 -0.0491957 -0.819231
    outer loop
      vertex -16.579 7.18535 -11.302
      vertex -16.2469 7.0902 -11.5279
      vertex -16.2486 7.08663 -11.5265
    endloop
  endfacet
  facet normal -0.5715 -0.0501001 -0.819071
    outer loop
      vertex -16.2469 7.0902 -11.5279
      vertex -16.579 7.18535 -11.302
      vertex -16.2759 7.70711 -11.5454
    endloop
  endfacet
  facet normal -0.571547 -0.0500587 -0.819041
    outer loop
      vertex -16.6149 7.59524 -11.302
      vertex -16.2759 7.70711 -11.5454
      vertex -16.579 7.18535 -11.302
    endloop
  endfacet
  facet normal -0.57189 -0.0486801 -0.818885
    outer loop
      vertex -16.2759 7.70711 -11.5454
      vertex -16.6149 7.59524 -11.302
      vertex -16.3066 7.74984 -11.5265
    endloop
  endfacet
  facet normal -0.545359 0.817279 -0.186114
    outer loop
      vertex -16.3066 7.74984 -11.5265
      vertex -16.6149 7.59524 -11.302
      vertex -15.901 8.11946 -11.0919
    endloop
  endfacet
  facet normal -0.497581 -0.043535 0.866325
    outer loop
      vertex -16.1322 8.92768 -10.6591
      vertex -16.6184 8.30986 -10.9694
      vertex -16.0989 8.54708 -10.6591
    endloop
  endfacet
  facet normal -0.497581 -0.0435345 0.866324
    outer loop
      vertex -16.6184 8.30986 -10.9694
      vertex -16.1322 8.92768 -10.6591
      vertex -16.685 9.07107 -10.9694
    endloop
  endfacet
  facet normal -0.571313 -0.0501915 -0.819196
    outer loop
      vertex -16.7422 8.4908 -11.5813
      vertex -16.3441 8.81335 -11.8787
      vertex -16.5063 8.42032 -11.7415
    endloop
  endfacet
  facet normal -0.571423 -0.0499958 -0.819131
    outer loop
      vertex -16.3441 8.81335 -11.8787
      vertex -16.7422 8.4908 -11.5813
      vertex -16.7755 8.8714 -11.5813
    endloop
  endfacet
  facet normal -0.5714 -0.04962 -0.819171
    outer loop
      vertex -16.3441 8.81335 -11.8787
      vertex -16.7755 8.8714 -11.5813
      vertex -16.4892 9.01496 -11.7897
    endloop
  endfacet
  facet normal -0.0617721 0.859571 0.507268
    outer loop
      vertex -16.1126 9.35818 -11.3862
      vertex -16.1322 8.92768 -10.6591
      vertex -15.8459 9.07124 -10.8675
    endloop
  endfacet
  facet normal -0.0617788 0.859571 0.507268
    outer loop
      vertex -16.1322 8.92768 -10.6591
      vertex -16.1126 9.35818 -11.3862
      vertex -16.685 9.07107 -10.9694
    endloop
  endfacet
  facet normal 0.88635 -0.457107 -0.0737347
    outer loop
      vertex -15.7921 8.4554 -10.8675
      vertex -15.9197 8.2926 -11.3921
      vertex -15.7212 8.68171 -11.4182
    endloop
  endfacet
  facet normal 0.886525 -0.456743 -0.0738901
    outer loop
      vertex -15.9197 8.2926 -11.3921
      vertex -15.7921 8.4554 -10.8675
      vertex -16.0027 8.12972 -11.3811
    endloop
  endfacet
  facet normal 0.571293 0.049914 0.819227
    outer loop
      vertex -16.1322 8.92768 -10.6591
      vertex -15.6357 8.77935 -10.9963
      vertex -15.8459 9.07124 -10.8675
    endloop
  endfacet
  facet normal 0.571351 0.0498608 0.81919
    outer loop
      vertex -15.6357 8.77935 -10.9963
      vertex -16.0989 8.54708 -10.6591
      vertex -15.7921 8.4554 -10.8675
    endloop
  endfacet
  facet normal 0.571306 0.0499855 0.819214
    outer loop
      vertex -15.6357 8.77935 -10.9963
      vertex -16.1322 8.92768 -10.6591
      vertex -16.0989 8.54708 -10.6591
    endloop
  endfacet
  facet normal 0.793541 0.604015 -0.0738798
    outer loop
      vertex -15.6731 8.77609 -11.4245
      vertex -16.1126 9.35818 -11.3862
      vertex -15.8459 9.07124 -10.8675
    endloop
  endfacet
  facet normal 0.793513 0.604048 -0.0739061
    outer loop
      vertex -15.6731 8.77609 -11.4245
      vertex -15.8459 9.07124 -10.8675
      vertex -15.6357 8.77935 -10.9963
    endloop
  endfacet
  facet normal 0.793551 0.604015 -0.0737709
    outer loop
      vertex -16.1126 9.35818 -11.3862
      vertex -15.6731 8.77609 -11.4245
      vertex -15.826 8.9602 -11.5618
    endloop
  endfacet
  facet normal 0.0884345 -0.857244 0.50726
    outer loop
      vertex -16.0034 8.12951 -11.3814
      vertex -15.7921 8.4554 -10.8675
      vertex -16.6184 8.30986 -10.9694
    endloop
  endfacet
  facet normal 0.0291027 -0.849518 0.526756
    outer loop
      vertex -15.7921 8.4554 -10.8675
      vertex -16.0034 8.12951 -11.3814
      vertex -16.0027 8.12972 -11.3811
    endloop
  endfacet
  facet normal 0.0901137 -0.855924 0.509189
    outer loop
      vertex -16.0034 8.12951 -11.3814
      vertex -16.6184 8.30986 -10.9694
      vertex -16.0079 8.12743 -11.3841
    endloop
  endfacet
  facet normal 0.886519 -0.456744 -0.0739534
    outer loop
      vertex -15.6357 8.77935 -10.9963
      vertex -15.7212 8.68171 -11.4182
      vertex -15.6731 8.77609 -11.4245
    endloop
  endfacet
  facet normal 0.886283 -0.457228 -0.0737932
    outer loop
      vertex -15.7212 8.68171 -11.4182
      vertex -15.6357 8.77935 -10.9963
      vertex -15.7921 8.4554 -10.8675
    endloop
  endfacet
  facet normal -0.395175 -0.899567 -0.186052
    outer loop
      vertex -16.7422 8.4908 -11.5813
      vertex -16.4565 8.38883 -11.6951
      vertex -16.6184 8.30986 -10.9694
    endloop
  endfacet
  facet normal -0.395284 -0.899439 -0.186439
    outer loop
      vertex -16.7422 8.4908 -11.5813
      vertex -16.4996 8.41399 -11.7251
      vertex -16.4565 8.38883 -11.6951
    endloop
  endfacet
  facet normal -0.395021 -0.899672 -0.185871
    outer loop
      vertex -16.4996 8.41399 -11.7251
      vertex -16.7422 8.4908 -11.5813
      vertex -16.5063 8.42032 -11.7415
    endloop
  endfacet
  facet normal 0.0884272 -0.857225 0.507293
    outer loop
      vertex -16.0989 8.54708 -10.6591
      vertex -16.6184 8.30986 -10.9694
      vertex -15.7921 8.4554 -10.8675
    endloop
  endfacet
  facet normal -0.395544 -0.89927 -0.186703
    outer loop
      vertex -16.6184 8.30986 -10.9694
      vertex -16.0205 8.13455 -11.3917
      vertex -16.0079 8.12743 -11.3841
    endloop
  endfacet
  facet normal -0.395151 -0.899585 -0.186016
    outer loop
      vertex -16.6184 8.30986 -10.9694
      vertex -16.2961 8.29527 -11.5835
      vertex -16.0205 8.13455 -11.3917
    endloop
  endfacet
  facet normal -0.395238 -0.899538 -0.186062
    outer loop
      vertex -16.2961 8.29527 -11.5835
      vertex -16.6184 8.30986 -10.9694
      vertex -16.4565 8.38883 -11.6951
    endloop
  endfacet
  facet normal 0.309964 0.561681 -0.767096
    outer loop
      vertex -16.1699 8.92696 -11.7251
      vertex -16.1126 9.35818 -11.3862
      vertex -15.826 8.9602 -11.5618
    endloop
  endfacet
  facet normal 0.31 0.561721 -0.767052
    outer loop
      vertex -16.4892 9.01496 -11.7897
      vertex -16.1699 8.92696 -11.7251
      vertex -16.3441 8.81335 -11.8787
    endloop
  endfacet
  facet normal 0.309994 0.561672 -0.76709
    outer loop
      vertex -16.1699 8.92696 -11.7251
      vertex -16.4892 9.01496 -11.7897
      vertex -16.1126 9.35818 -11.3862
    endloop
  endfacet
  facet normal -0.981152 -0.0858444 0.173123
    outer loop
      vertex -16.6184 8.30986 -10.9694
      vertex -16.7755 8.8714 -11.5813
      vertex -16.7422 8.4908 -11.5813
    endloop
  endfacet
  facet normal -0.981152 -0.0858432 0.173124
    outer loop
      vertex -16.7755 8.8714 -11.5813
      vertex -16.6184 8.30986 -10.9694
      vertex -16.685 9.07107 -10.9694
    endloop
  endfacet
  facet normal -0.545393 0.817277 -0.186023
    outer loop
      vertex -16.1126 9.35818 -11.3862
      vertex -16.7755 8.8714 -11.5813
      vertex -16.685 9.07107 -10.9694
    endloop
  endfacet
  facet normal -0.54534 0.817273 -0.186195
    outer loop
      vertex -16.7755 8.8714 -11.5813
      vertex -16.1126 9.35818 -11.3862
      vertex -16.4892 9.01496 -11.7897
    endloop
  endfacet
  facet normal -0.279992 -0.861662 0.423252
    outer loop
      vertex 5.65451 -10.9755 2.56602
      vertex 4.69098 -11.0878 1.7
      vertex 5.80902 -11.4511 1.7
    endloop
  endfacet
  facet normal -0.309038 -0.95105 0
    outer loop
      vertex 4.69098 -11.0878 0.9
      vertex 5.80902 -11.4511 1.7
      vertex 4.69098 -11.0878 1.7
    endloop
  endfacet
  facet normal -0.309038 -0.95105 -0
    outer loop
      vertex 5.80902 -11.4511 1.7
      vertex 4.69098 -11.0878 0.9
      vertex 5.80902 -11.4511 0.9
    endloop
  endfacet
  facet normal 0.809023 -0.587777 0
    outer loop
      vertex 28.809 -11.4511 1.7
      vertex 29.5 -10.5 0.9
      vertex 29.5 -10.5 1.7
    endloop
  endfacet
  facet normal 0.809023 -0.587777 0
    outer loop
      vertex 29.5 -10.5 0.9
      vertex 28.809 -11.4511 1.7
      vertex 28.809 -11.4511 0.9
    endloop
  endfacet
  facet normal 0 1 -0
    outer loop
      vertex 28.809 11.4511 0.9
      vertex 5.80902 11.4511 1.7
      vertex 28.809 11.4511 1.7
    endloop
  endfacet
  facet normal 0 1 0
    outer loop
      vertex 5.80902 11.4511 1.7
      vertex 28.809 11.4511 0.9
      vertex 5.80902 11.4511 0.9
    endloop
  endfacet
  facet normal -0.906039 0 0.423194
    outer loop
      vertex 4.88996 -8.31983 2.12599
      vertex 5.09549 -10.7939 2.56602
      vertex 5.09549 -8.48188 2.56602
    endloop
  endfacet
  facet normal -0.906033 0 0.423208
    outer loop
      vertex 4.69098 -11.0878 1.7
      vertex 4.88996 -8.31983 2.12599
      vertex 4.69098 -8.16294 1.7
    endloop
  endfacet
  facet normal -0.906036 1.37374e-06 0.423201
    outer loop
      vertex 4.88996 -8.31983 2.12599
      vertex 4.69098 -11.0878 1.7
      vertex 5.09549 -10.7939 2.56602
    endloop
  endfacet
  facet normal -0.906036 -2.78684e-06 0.4232
    outer loop
      vertex 4.77173 8.20741 1.87286
      vertex 5.09549 10.7939 2.56602
      vertex 4.69098 11.0878 1.7
    endloop
  endfacet
  facet normal -0.90604 0 0.423192
    outer loop
      vertex 5.09549 10.7939 2.56602
      vertex 4.77173 8.20741 1.87286
      vertex 5.09549 8.47581 2.56602
    endloop
  endfacet
  facet normal -0.906018 0 0.423238
    outer loop
      vertex 4.77173 8.20741 1.87286
      vertex 4.69098 11.0878 1.7
      vertex 4.69098 8.14048 1.7
    endloop
  endfacet
  facet normal -0.90604 1.399e-07 0.423192
    outer loop
      vertex 4.88996 -4.84226 2.12599
      vertex 5.09549 4.80336 2.56602
      vertex 4.77173 5.23954 1.87286
    endloop
  endfacet
  facet normal -0.906018 0 0.423238
    outer loop
      vertex 4.69098 -5.0755 1.7
      vertex 4.77173 5.23954 1.87286
      vertex 4.69098 5.34832 1.7
    endloop
  endfacet
  facet normal -0.906039 0 0.423194
    outer loop
      vertex 5.09549 4.80336 2.56602
      vertex 4.88996 -4.84226 2.12599
      vertex 5.09549 -4.60133 2.56602
    endloop
  endfacet
  facet normal -0.906033 6.26325e-07 0.423208
    outer loop
      vertex 4.77173 5.23954 1.87286
      vertex 4.69098 -5.0755 1.7
      vertex 4.88996 -4.84226 2.12599
    endloop
  endfacet
  facet normal 0 0 -1
    outer loop
      vertex 5.65451 -10.9755 0.0339746
      vertex 29 -10.5 0.0339746
      vertex 28.6545 -10.9755 0.0339746
    endloop
  endfacet
  facet normal -0 0 -1
    outer loop
      vertex 29 -10.5 0.0339746
      vertex 5.65451 -10.9755 0.0339746
      vertex 29 10.5 0.0339746
    endloop
  endfacet
  facet normal 0 0 -1
    outer loop
      vertex 5.65451 10.9755 0.0339746
      vertex 29 10.5 0.0339746
      vertex 5.65451 -10.9755 0.0339746
    endloop
  endfacet
  facet normal 0 0 -1
    outer loop
      vertex 29 10.5 0.0339746
      vertex 5.65451 10.9755 0.0339746
      vertex 28.6545 10.9755 0.0339746
    endloop
  endfacet
  facet normal 0 0 -1
    outer loop
      vertex 5.09549 -10.7939 0.0339746
      vertex 5.65451 10.9755 0.0339746
      vertex 5.65451 -10.9755 0.0339746
    endloop
  endfacet
  facet normal 0 0 -1
    outer loop
      vertex 5.65451 10.9755 0.0339746
      vertex 5.09549 -10.7939 0.0339746
      vertex 5.09549 10.7939 0.0339746
    endloop
  endfacet
  facet normal 0.866024 -0 0.500002
    outer loop
      vertex 29 3.75522 2.56602
      vertex 29.5 10.5 1.7
      vertex 29 10.5 2.56602
    endloop
  endfacet
  facet normal 0.866033 -2.74097e-06 0.499986
    outer loop
      vertex 29.324 2.82859 2.00481
      vertex 29.5 10.5 1.7
      vertex 29 3.75522 2.56602
    endloop
  endfacet
  facet normal 0.866003 -0 0.500038
    outer loop
      vertex 29.324 -2.82859 2.00481
      vertex 29.5 10.5 1.7
      vertex 29.324 2.82859 2.00481
    endloop
  endfacet
  facet normal 0.866024 0 0.500002
    outer loop
      vertex 29.5 -10.5 1.7
      vertex 29 -3.75522 2.56602
      vertex 29 -10.5 2.56602
    endloop
  endfacet
  facet normal 0.866003 0 0.500038
    outer loop
      vertex 29.324 -2.82859 2.00481
      vertex 29.5 -10.5 1.7
      vertex 29.5 10.5 1.7
    endloop
  endfacet
  facet normal 0.866033 2.74097e-06 0.499986
    outer loop
      vertex 29 -3.75522 2.56602
      vertex 29.5 -10.5 1.7
      vertex 29.324 -2.82859 2.00481
    endloop
  endfacet
  facet normal -0.279992 -0.861663 -0.42325
    outer loop
      vertex 5.80902 -11.4511 0.9
      vertex 4.69098 -11.0878 0.9
      vertex 5.65451 -10.9755 0.0339746
    endloop
  endfacet
  facet normal -0.279931 0.861713 -0.423189
    outer loop
      vertex 5.09549 10.7939 0.0339746
      vertex 4.69098 11.0878 0.9
      vertex 5.65451 10.9755 0.0339746
    endloop
  endfacet
  facet normal -0.279931 -0.861712 0.423191
    outer loop
      vertex 5.09549 -10.7939 2.56602
      vertex 4.69098 -11.0878 1.7
      vertex 5.65451 -10.9755 2.56602
    endloop
  endfacet
  facet normal 0.733004 0.532547 -0.4232
    outer loop
      vertex 29 10.5 0.0339746
      vertex 28.809 11.4511 0.9
      vertex 29.5 10.5 0.9
    endloop
  endfacet
  facet normal -0.279992 0.861662 0.423252
    outer loop
      vertex 5.80902 11.4511 1.7
      vertex 4.69098 11.0878 1.7
      vertex 5.65451 10.9755 2.56602
    endloop
  endfacet
  facet normal -0.279931 0.861712 0.423191
    outer loop
      vertex 5.65451 10.9755 2.56602
      vertex 4.69098 11.0878 1.7
      vertex 5.09549 10.7939 2.56602
    endloop
  endfacet
  facet normal 0 -1 0
    outer loop
      vertex 5.80902 -11.4511 0.9
      vertex 28.809 -11.4511 1.7
      vertex 5.80902 -11.4511 1.7
    endloop
  endfacet
  facet normal 0 -1 -0
    outer loop
      vertex 28.809 -11.4511 1.7
      vertex 5.80902 -11.4511 0.9
      vertex 28.809 -11.4511 0.9
    endloop
  endfacet
  facet normal -0.309038 0.95105 0
    outer loop
      vertex 5.80902 11.4511 0.9
      vertex 4.69098 11.0878 1.7
      vertex 5.80902 11.4511 1.7
    endloop
  endfacet
  facet normal -0.309038 0.95105 0
    outer loop
      vertex 4.69098 11.0878 1.7
      vertex 5.80902 11.4511 0.9
      vertex 4.69098 11.0878 0.9
    endloop
  endfacet
  facet normal 0 -0.87652 0.481366
    outer loop
      vertex 5.80902 -11.4511 1.7
      vertex 28.6545 -10.9755 2.56602
      vertex 5.65451 -10.9755 2.56602
    endloop
  endfacet
  facet normal 0 -0.87652 0.481366
    outer loop
      vertex 28.6545 -10.9755 2.56602
      vertex 5.80902 -11.4511 1.7
      vertex 28.809 -11.4511 1.7
    endloop
  endfacet
  facet normal -0.906037 0 -0.423199
    outer loop
      vertex 5.09549 -10.7939 0.0339746
      vertex 4.69098 11.0878 0.9
      vertex 5.09549 10.7939 0.0339746
    endloop
  endfacet
  facet normal -0.906037 -0 -0.423199
    outer loop
      vertex 4.69098 11.0878 0.9
      vertex 5.09549 -10.7939 0.0339746
      vertex 4.69098 -11.0878 0.9
    endloop
  endfacet
  facet normal -0 -0.876521 -0.481364
    outer loop
      vertex 28.6545 -10.9755 0.0339746
      vertex 5.80902 -11.4511 0.9
      vertex 5.65451 -10.9755 0.0339746
    endloop
  endfacet
  facet normal 0 -0.876521 -0.481364
    outer loop
      vertex 5.80902 -11.4511 0.9
      vertex 28.6545 -10.9755 0.0339746
      vertex 28.809 -11.4511 0.9
    endloop
  endfacet
  facet normal 0.732963 -0.532574 -0.423238
    outer loop
      vertex 28.809 -11.4511 0.9
      vertex 28.6545 -10.9755 0.0339746
      vertex 29 -10.5 0.0339746
    endloop
  endfacet
  facet normal -0 0.87652 0.481366
    outer loop
      vertex 5.80902 11.4511 1.7
      vertex 28.6545 10.9755 2.56602
      vertex 28.809 11.4511 1.7
    endloop
  endfacet
  facet normal 0 0.87652 0.481366
    outer loop
      vertex 28.6545 10.9755 2.56602
      vertex 5.80902 11.4511 1.7
      vertex 5.65451 10.9755 2.56602
    endloop
  endfacet
  facet normal 0.733003 -0.532547 0.423202
    outer loop
      vertex 29 -10.5 2.56602
      vertex 28.809 -11.4511 1.7
      vertex 29.5 -10.5 1.7
    endloop
  endfacet
  facet normal -0.279931 -0.861713 -0.423189
    outer loop
      vertex 5.65451 -10.9755 0.0339746
      vertex 4.69098 -11.0878 0.9
      vertex 5.09549 -10.7939 0.0339746
    endloop
  endfacet
  facet normal -1 0 0
    outer loop
      vertex 4.69098 11.0878 0.9
      vertex 4.69098 8.14048 1.7
      vertex 4.69098 11.0878 1.7
    endloop
  endfacet
  facet normal -1 0 0
    outer loop
      vertex 4.69098 11.0878 0.9
      vertex 4.69098 8.00972 1.53489
      vertex 4.69098 8.14048 1.7
    endloop
  endfacet
  facet normal -1 0 0
    outer loop
      vertex 4.69098 11.0878 0.9
      vertex 4.69098 7.88631 1.49864
      vertex 4.69098 8.00972 1.53489
    endloop
  endfacet
  facet normal -1 0 0
    outer loop
      vertex 4.69098 11.0878 0.9
      vertex 4.69098 7.12266 1.2743
      vertex 4.69098 7.88631 1.49864
    endloop
  endfacet
  facet normal -1 0 0
    outer loop
      vertex 4.69098 11.0878 0.9
      vertex 4.69098 6.80664 1.17169
      vertex 4.69098 7.12266 1.2743
    endloop
  endfacet
  facet normal -1 0 0
    outer loop
      vertex 4.69098 6.80664 1.17169
      vertex 4.69098 5.65122 1.49864
      vertex 4.69098 6.46918 1.2743
    endloop
  endfacet
  facet normal -1 0 0
    outer loop
      vertex 4.69098 -5.40516 1.35382
      vertex 4.69098 5.65122 1.49864
      vertex 4.69098 6.80664 1.17169
    endloop
  endfacet
  facet normal -1 0 0
    outer loop
      vertex 4.69098 -5.40516 1.35382
      vertex 4.69098 5.34832 1.7
      vertex 4.69098 5.51904 1.53489
    endloop
  endfacet
  facet normal -1 -0 0
    outer loop
      vertex 4.69098 5.65122 1.49864
      vertex 4.69098 -5.40516 1.35382
      vertex 4.69098 5.51904 1.53489
    endloop
  endfacet
  facet normal -1 0 0
    outer loop
      vertex 4.69098 -6.68283 0.962619
      vertex 4.69098 6.80664 1.17169
      vertex 4.69098 11.0878 0.9
    endloop
  endfacet
  facet normal -1 -0 0
    outer loop
      vertex 4.69098 5.34832 1.7
      vertex 4.69098 -5.40516 1.35382
      vertex 4.69098 -5.0755 1.7
    endloop
  endfacet
  facet normal -1 -0 0
    outer loop
      vertex 4.69098 6.80664 1.17169
      vertex 4.69098 -6.68283 0.962619
      vertex 4.69098 -5.40516 1.35382
    endloop
  endfacet
  facet normal -1 0 0
    outer loop
      vertex 4.69098 -5.40516 1.35382
      vertex 4.69098 -6.68283 0.962619
      vertex 4.69098 -6.29112 1.09471
    endloop
  endfacet
  facet normal -1 0 0
    outer loop
      vertex 4.69098 -11.0878 0.9
      vertex 4.69098 -7.05581 1.09471
      vertex 4.69098 -6.68283 0.962619
    endloop
  endfacet
  facet normal -1 0 0
    outer loop
      vertex 4.69098 -11.0878 0.9
      vertex 4.69098 -6.68283 0.962619
      vertex 4.69098 11.0878 0.9
    endloop
  endfacet
  facet normal -1 -0 0
    outer loop
      vertex 4.69098 -7.05581 1.09471
      vertex 4.69098 -11.0878 0.9
      vertex 4.69098 -7.89534 1.35382
    endloop
  endfacet
  facet normal -1 0 0
    outer loop
      vertex 4.69098 -11.0878 0.9
      vertex 4.69098 -8.16294 1.7
      vertex 4.69098 -7.89534 1.35382
    endloop
  endfacet
  facet normal -1 -0 0
    outer loop
      vertex 4.69098 -8.16294 1.7
      vertex 4.69098 -11.0878 0.9
      vertex 4.69098 -11.0878 1.7
    endloop
  endfacet
  facet normal 0.732962 0.532573 0.42324
    outer loop
      vertex 28.809 11.4511 1.7
      vertex 28.6545 10.9755 2.56602
      vertex 29 10.5 2.56602
    endloop
  endfacet
  facet normal 0.733003 0.532547 0.423202
    outer loop
      vertex 29.5 10.5 1.7
      vertex 28.809 11.4511 1.7
      vertex 29 10.5 2.56602
    endloop
  endfacet
  facet normal 0.732962 -0.532573 0.42324
    outer loop
      vertex 29 -10.5 2.56602
      vertex 28.6545 -10.9755 2.56602
      vertex 28.809 -11.4511 1.7
    endloop
  endfacet
  facet normal 0.733004 -0.532547 -0.4232
    outer loop
      vertex 29.5 -10.5 0.9
      vertex 28.809 -11.4511 0.9
      vertex 29 -10.5 0.0339746
    endloop
  endfacet
  facet normal -0.279992 0.861663 -0.42325
    outer loop
      vertex 5.65451 10.9755 0.0339746
      vertex 4.69098 11.0878 0.9
      vertex 5.80902 11.4511 0.9
    endloop
  endfacet
  facet normal 0.866025 0 -0.5
    outer loop
      vertex 29.5 -10.5 0.9
      vertex 29 10.5 0.0339746
      vertex 29.5 10.5 0.9
    endloop
  endfacet
  facet normal 0.866025 0 -0.5
    outer loop
      vertex 29 10.5 0.0339746
      vertex 29.5 -10.5 0.9
      vertex 29 -10.5 0.0339746
    endloop
  endfacet
  facet normal 0.809023 0.587777 0
    outer loop
      vertex 29.5 10.5 1.7
      vertex 28.809 11.4511 0.9
      vertex 28.809 11.4511 1.7
    endloop
  endfacet
  facet normal 0.809023 0.587777 0
    outer loop
      vertex 28.809 11.4511 0.9
      vertex 29.5 10.5 1.7
      vertex 29.5 10.5 0.9
    endloop
  endfacet
  facet normal 0 0 1
    outer loop
      vertex 20.4411 6.17143 2.56602
      vertex 29 10.5 2.56602
      vertex 28.6545 10.9755 2.56602
    endloop
  endfacet
  facet normal 0 0 1
    outer loop
      vertex 29 10.5 2.56602
      vertex 28.5107 4.39124 2.56602
      vertex 29 3.75522 2.56602
    endloop
  endfacet
  facet normal 0 0 1
    outer loop
      vertex 29 10.5 2.56602
      vertex 20.4411 6.17143 2.56602
      vertex 28.5107 4.39124 2.56602
    endloop
  endfacet
  facet normal 0 0 1
    outer loop
      vertex 28.5107 4.39124 2.56602
      vertex 20.4411 6.17143 2.56602
      vertex 23.9143 2.98073 2.56602
    endloop
  endfacet
  facet normal 0 0 1
    outer loop
      vertex 23.9143 2.98073 2.56602
      vertex 20.4411 6.17143 2.56602
      vertex 23.4022 2.8236 2.56602
    endloop
  endfacet
  facet normal -0 0 1
    outer loop
      vertex 5.65451 10.9755 2.56602
      vertex 20.4411 6.17143 2.56602
      vertex 28.6545 10.9755 2.56602
    endloop
  endfacet
  facet normal 0 0 1
    outer loop
      vertex 20.4411 6.17143 2.56602
      vertex 5.65451 10.9755 2.56602
      vertex 18.4294 5.6345 2.56602
    endloop
  endfacet
  facet normal 0 0 1
    outer loop
      vertex 5.09549 -4.60133 2.56602
      vertex 11.609 -3.81415 2.56602
      vertex 11.609 3.81415 2.56602
    endloop
  endfacet
  facet normal -0 0 1
    outer loop
      vertex 5.96646 6.10332 2.56602
      vertex 11.609 3.81415 2.56602
      vertex 6.12392 6.63958 2.56602
    endloop
  endfacet
  facet normal 0 0 1
    outer loop
      vertex 18.4294 5.6345 2.56602
      vertex 5.65451 10.9755 2.56602
      vertex 11.609 3.81415 2.56602
    endloop
  endfacet
  facet normal -0 -0 1
    outer loop
      vertex 5.75172 7.90719 2.56602
      vertex 11.609 3.81415 2.56602
      vertex 5.65451 10.9755 2.56602
    endloop
  endfacet
  facet normal 0 0 1
    outer loop
      vertex 11.609 3.81415 2.56602
      vertex 5.96646 7.17584 2.56602
      vertex 6.12392 6.63958 2.56602
    endloop
  endfacet
  facet normal 0 0 1
    outer loop
      vertex 11.609 3.81415 2.56602
      vertex 5.75172 7.90719 2.56602
      vertex 5.96646 7.17584 2.56602
    endloop
  endfacet
  facet normal 0 0 1
    outer loop
      vertex 5.65451 10.9755 2.56602
      vertex 5.17567 8.40634 2.56602
      vertex 5.75172 7.90719 2.56602
    endloop
  endfacet
  facet normal 0 0 1
    outer loop
      vertex 5.09549 8.47581 2.56602
      vertex 5.65451 10.9755 2.56602
      vertex 5.09549 10.7939 2.56602
    endloop
  endfacet
  facet normal 0 0 1
    outer loop
      vertex 5.65451 10.9755 2.56602
      vertex 5.09549 8.47581 2.56602
      vertex 5.17567 8.40634 2.56602
    endloop
  endfacet
  facet normal -0 0 1
    outer loop
      vertex 28.5107 -4.39124 2.56602
      vertex 29 -10.5 2.56602
      vertex 29 -3.75522 2.56602
    endloop
  endfacet
  facet normal -0 0 1
    outer loop
      vertex 20.4411 -6.17143 2.56602
      vertex 29 -10.5 2.56602
      vertex 28.5107 -4.39124 2.56602
    endloop
  endfacet
  facet normal 0 0 1
    outer loop
      vertex 20.4411 -6.17143 2.56602
      vertex 28.5107 -4.39124 2.56602
      vertex 23.9143 -2.98073 2.56602
    endloop
  endfacet
  facet normal 0 0 1
    outer loop
      vertex 20.4411 -6.17143 2.56602
      vertex 23.9143 -2.98073 2.56602
      vertex 23.4022 -2.8236 2.56602
    endloop
  endfacet
  facet normal 0 0 1
    outer loop
      vertex 29 -10.5 2.56602
      vertex 20.4411 -6.17143 2.56602
      vertex 28.6545 -10.9755 2.56602
    endloop
  endfacet
  facet normal 0 0 1
    outer loop
      vertex 5.65451 -10.9755 2.56602
      vertex 20.4411 -6.17143 2.56602
      vertex 18.4294 -5.6345 2.56602
    endloop
  endfacet
  facet normal 0 0 1
    outer loop
      vertex 5.65451 -10.9755 2.56602
      vertex 18.4294 -5.6345 2.56602
      vertex 11.609 -3.81415 2.56602
    endloop
  endfacet
  facet normal 0 0 1
    outer loop
      vertex 6.00661 -7.34233 2.56602
      vertex 11.609 -3.81415 2.56602
      vertex 6.24172 -6.54161 2.56602
    endloop
  endfacet
  facet normal 0 0 1
    outer loop
      vertex 5.86874 -7.81186 2.56602
      vertex 11.609 -3.81415 2.56602
      vertex 6.00661 -7.34233 2.56602
    endloop
  endfacet
  facet normal 0 0 1
    outer loop
      vertex 11.609 -3.81415 2.56602
      vertex 5.86874 -7.81186 2.56602
      vertex 5.65451 -10.9755 2.56602
    endloop
  endfacet
  facet normal 0 0 1
    outer loop
      vertex 20.4411 -6.17143 2.56602
      vertex 5.65451 -10.9755 2.56602
      vertex 28.6545 -10.9755 2.56602
    endloop
  endfacet
  facet normal -0 0 1
    outer loop
      vertex 5.49892 -8.13232 2.56602
      vertex 5.65451 -10.9755 2.56602
      vertex 5.86874 -7.81186 2.56602
    endloop
  endfacet
  facet normal -0 0 1
    outer loop
      vertex 5.09549 -8.48188 2.56602
      vertex 5.65451 -10.9755 2.56602
      vertex 5.49892 -8.13232 2.56602
    endloop
  endfacet
  facet normal 0 0 1
    outer loop
      vertex 5.65451 -10.9755 2.56602
      vertex 5.09549 -8.48188 2.56602
      vertex 5.09549 -10.7939 2.56602
    endloop
  endfacet
  facet normal 0 0 1
    outer loop
      vertex 11.609 -3.81415 2.56602
      vertex 6.00661 -5.74089 2.56602
      vertex 6.24172 -6.54161 2.56602
    endloop
  endfacet
  facet normal -0 0 1
    outer loop
      vertex 5.75172 5.37198 2.56602
      vertex 11.609 3.81415 2.56602
      vertex 5.96646 6.10332 2.56602
    endloop
  endfacet
  facet normal 0 0 1
    outer loop
      vertex 11.609 -3.81415 2.56602
      vertex 5.86874 -5.27136 2.56602
      vertex 6.00661 -5.74089 2.56602
    endloop
  endfacet
  facet normal -0 0 1
    outer loop
      vertex 5.17567 4.87283 2.56602
      vertex 11.609 3.81415 2.56602
      vertex 5.75172 5.37198 2.56602
    endloop
  endfacet
  facet normal 0 0 1
    outer loop
      vertex 11.609 -3.81415 2.56602
      vertex 5.49892 -4.9509 2.56602
      vertex 5.86874 -5.27136 2.56602
    endloop
  endfacet
  facet normal -0 0 1
    outer loop
      vertex 5.09549 4.80336 2.56602
      vertex 11.609 3.81415 2.56602
      vertex 5.17567 4.87283 2.56602
    endloop
  endfacet
  facet normal 0 0 1
    outer loop
      vertex 11.609 3.81415 2.56602
      vertex 5.09549 4.80336 2.56602
      vertex 5.09549 -4.60133 2.56602
    endloop
  endfacet
  facet normal 0 0 1
    outer loop
      vertex 11.609 -3.81415 2.56602
      vertex 5.09549 -4.60133 2.56602
      vertex 5.49892 -4.9509 2.56602
    endloop
  endfacet
  facet normal 1 -0 0
    outer loop
      vertex 29.5 -10.5 1.7
      vertex 29.5 10.5 0.9
      vertex 29.5 10.5 1.7
    endloop
  endfacet
  facet normal 1 0 0
    outer loop
      vertex 29.5 10.5 0.9
      vertex 29.5 -10.5 1.7
      vertex 29.5 -10.5 0.9
    endloop
  endfacet
  facet normal 0 0.876521 -0.481364
    outer loop
      vertex 28.6545 10.9755 0.0339746
      vertex 5.80902 11.4511 0.9
      vertex 28.809 11.4511 0.9
    endloop
  endfacet
  facet normal 0 0.876521 -0.481364
    outer loop
      vertex 5.80902 11.4511 0.9
      vertex 28.6545 10.9755 0.0339746
      vertex 5.65451 10.9755 0.0339746
    endloop
  endfacet
  facet normal 0.732963 0.532574 -0.423238
    outer loop
      vertex 29 10.5 0.0339746
      vertex 28.6545 10.9755 0.0339746
      vertex 28.809 11.4511 0.9
    endloop
  endfacet
  facet normal 0.674132 -0.596255 0.43592
    outer loop
      vertex 26.3458 0 20.7441
      vertex 29.5666 -0.200005 15.4897
      vertex 29.7435 0 15.4897
    endloop
  endfacet
  facet normal 0.674013 -0.596438 0.435854
    outer loop
      vertex 26.3458 0 20.7441
      vertex 29.4027 -0.416499 15.4469
      vertex 29.5666 -0.200005 15.4897
    endloop
  endfacet
  facet normal 0.674138 -0.596254 0.435912
    outer loop
      vertex 24.4658 -2.18537 20.6623
      vertex 29.4027 -0.416499 15.4469
      vertex 26.3458 0 20.7441
    endloop
  endfacet
  facet normal 0.674072 -0.596414 0.435795
    outer loop
      vertex 29.4027 -0.416499 15.4469
      vertex 24.4658 -2.18537 20.6623
      vertex 29.3916 -0.431894 15.443
    endloop
  endfacet
  facet normal 0.674137 -0.596258 0.435909
    outer loop
      vertex 29.3916 -0.431894 15.443
      vertex 24.4658 -2.18537 20.6623
      vertex 29.1767 -0.742999 15.3498
    endloop
  endfacet
  facet normal 0.673929 -0.596719 0.435599
    outer loop
      vertex 29.1767 -0.742999 15.3498
      vertex 24.4658 -2.18537 20.6623
      vertex 29.1572 -0.774877 15.3363
    endloop
  endfacet
  facet normal 0.674242 -0.59603 0.436057
    outer loop
      vertex 29.1572 -0.774877 15.3363
      vertex 24.4658 -2.18537 20.6623
      vertex 29.0746 -0.928161 15.2545
    endloop
  endfacet
  facet normal 0.674119 -0.596289 0.435893
    outer loop
      vertex 29.0746 -0.928161 15.2545
      vertex 24.4658 -2.18537 20.6623
      vertex 28.896 -1.26414 15.0711
    endloop
  endfacet
  facet normal 0.67414 -0.596249 0.435916
    outer loop
      vertex 26.8943 -3.58282 14.9952
      vertex 28.896 -1.26414 15.0711
      vertex 24.4658 -2.18537 20.6623
    endloop
  endfacet
  facet normal 0.674052 -0.596181 0.436144
    outer loop
      vertex 28.896 -1.26414 15.0711
      vertex 26.8943 -3.58282 14.9952
      vertex 28.824 -1.40107 14.9952
    endloop
  endfacet
  facet normal 0.674125 -0.596268 0.435914
    outer loop
      vertex 22.3262 -10.9371 12
      vertex 26.8943 -3.58282 14.9952
      vertex 24.4658 -2.18537 20.6623
    endloop
  endfacet
  facet normal 0.67413 -0.596267 0.435906
    outer loop
      vertex 26.8943 -3.58282 14.9952
      vertex 22.3262 -10.9371 12
      vertex 27.2578 -5.36152 12
    endloop
  endfacet
  facet normal -0.236316 0.885484 0.400092
    outer loop
      vertex 20.6287 6.64561 20.4953
      vertex 22.3262 10.9371 12
      vertex 19.6335 6.99993 19.1233
    endloop
  endfacet
  facet normal -0.236336 0.885482 0.400083
    outer loop
      vertex 22.3262 10.9371 12
      vertex 15.6329 5.90212 19.1898
      vertex 19.6335 6.99993 19.1233
    endloop
  endfacet
  facet normal -0.236331 0.885482 0.400087
    outer loop
      vertex 15.6329 5.90212 19.1898
      vertex 22.3262 10.9371 12
      vertex 6.67376 6.75953 12
    endloop
  endfacet
  facet normal -0.886077 7.91504e-06 -0.463537
    outer loop
      vertex 11.609 3.81415 2.56602
      vertex 9.55333 4.55907 6.49556
      vertex 9.61543 5.00393 6.37686
    endloop
  endfacet
  facet normal -0.886078 -1.5146e-06 -0.463536
    outer loop
      vertex 11.609 3.81415 2.56602
      vertex 9.2402 3.84899 7.09413
      vertex 9.55333 4.55907 6.49556
    endloop
  endfacet
  facet normal -0.886078 0 -0.463536
    outer loop
      vertex 9.2402 -3.84899 7.09413
      vertex 9.2402 3.84899 7.09413
      vertex 11.609 3.81415 2.56602
    endloop
  endfacet
  facet normal -0.886091 0 -0.463512
    outer loop
      vertex 8.40441 3.12477 8.69178
      vertex 8.29242 -3.10867 8.90587
      vertex 8.29242 3.10867 8.90587
    endloop
  endfacet
  facet normal -0.886076 -0 -0.463539
    outer loop
      vertex 9.2402 3.84899 7.09413
      vertex 9.2402 -3.84899 7.09413
      vertex 8.40441 3.12477 8.69178
    endloop
  endfacet
  facet normal -0.886091 -0 -0.463512
    outer loop
      vertex 8.40441 3.12477 8.69178
      vertex 8.40441 -3.12477 8.69178
      vertex 8.29242 -3.10867 8.90587
    endloop
  endfacet
  facet normal -0.886078 0 -0.463536
    outer loop
      vertex 9.2402 -3.84899 7.09413
      vertex 11.609 3.81415 2.56602
      vertex 11.609 -3.81415 2.56602
    endloop
  endfacet
  facet normal -0.886076 -0 -0.463539
    outer loop
      vertex 8.40441 3.12477 8.69178
      vertex 9.2402 -3.84899 7.09413
      vertex 8.40441 -3.12477 8.69178
    endloop
  endfacet
  facet normal -0.886078 1.5146e-06 -0.463536
    outer loop
      vertex 11.609 -3.81415 2.56602
      vertex 9.55333 -4.55907 6.49556
      vertex 9.2402 -3.84899 7.09413
    endloop
  endfacet
  facet normal -0.886077 -7.91504e-06 -0.463537
    outer loop
      vertex 9.55333 -4.55907 6.49556
      vertex 11.609 -3.81415 2.56602
      vertex 9.61543 -5.00393 6.37686
    endloop
  endfacet
  facet normal -0.886087 0 -0.463518
    outer loop
      vertex 6.99772 5.32156 11.3807
      vertex 6.67376 6.75953 12
      vertex 6.99772 6.56619 11.3807
    endloop
  endfacet
  facet normal -0.886069 0 -0.463553
    outer loop
      vertex 8.29242 -3.10867 8.90587
      vertex 7.66765 3.68723 10.1001
      vertex 8.29242 3.10867 8.90587
    endloop
  endfacet
  facet normal -0.886069 0 -0.463553
    outer loop
      vertex 7.66765 -3.68723 10.1001
      vertex 7.66765 3.68723 10.1001
      vertex 8.29242 -3.10867 8.90587
    endloop
  endfacet
  facet normal -0.886107 -0 -0.46348
    outer loop
      vertex 7.66765 3.68723 10.1001
      vertex 7.66765 -3.68723 10.1001
      vertex 7.47161 3.86876 10.4749
    endloop
  endfacet
  facet normal -0.886107 0 -0.46348
    outer loop
      vertex 7.47161 -3.86876 10.4749
      vertex 7.47161 3.86876 10.4749
      vertex 7.66765 -3.68723 10.1001
    endloop
  endfacet
  facet normal -0.886068 -0 -0.463556
    outer loop
      vertex 7.47161 3.86876 10.4749
      vertex 7.47161 -3.86876 10.4749
      vertex 7.08557 5.05224 11.2128
    endloop
  endfacet
  facet normal -0.886068 0 -0.463556
    outer loop
      vertex 7.08557 -5.05224 11.2128
      vertex 7.08557 5.05224 11.2128
      vertex 7.47161 -3.86876 10.4749
    endloop
  endfacet
  facet normal -0.886043 -0 -0.463603
    outer loop
      vertex 7.08557 5.05224 11.2128
      vertex 7.08557 -5.05224 11.2128
      vertex 6.99772 5.32156 11.3807
    endloop
  endfacet
  facet normal -0.886043 0 -0.463603
    outer loop
      vertex 6.99772 -5.32156 11.3807
      vertex 6.99772 5.32156 11.3807
      vertex 7.08557 -5.05224 11.2128
    endloop
  endfacet
  facet normal -0.886087 -0 -0.463518
    outer loop
      vertex 6.99772 5.32156 11.3807
      vertex 6.99772 -5.32156 11.3807
      vertex 6.67376 6.75953 12
    endloop
  endfacet
  facet normal -0.886087 0 -0.463518
    outer loop
      vertex 6.67376 -6.75953 12
      vertex 6.99772 -5.32156 11.3807
      vertex 6.99772 -6.56619 11.3807
    endloop
  endfacet
  facet normal -0.886087 0 -0.463518
    outer loop
      vertex 6.99772 -5.32156 11.3807
      vertex 6.67376 -6.75953 12
      vertex 6.67376 6.75953 12
    endloop
  endfacet
  facet normal 0.674127 -0.596255 -0.435927
    outer loop
      vertex 23.8155 -4.84537 5.9705
      vertex 20.4411 -6.17143 2.56602
      vertex 23.4022 -2.8236 2.56602
    endloop
  endfacet
  facet normal 0.674121 -0.596271 -0.435915
    outer loop
      vertex 20.4411 -6.17143 2.56602
      vertex 23.8155 -4.84537 5.9705
      vertex 22.3262 -10.9371 12
    endloop
  endfacet
  facet normal 0.67414 0.596254 0.435908
    outer loop
      vertex 21.0755 6.12619 20.5148
      vertex 22.3262 10.9371 12
      vertex 20.6287 6.64561 20.4953
    endloop
  endfacet
  facet normal 0.674125 0.596268 0.435914
    outer loop
      vertex 22.3262 10.9371 12
      vertex 21.0755 6.12619 20.5148
      vertex 24.4658 2.18537 20.6623
    endloop
  endfacet
  facet normal 0.674122 -0.59627 -0.435915
    outer loop
      vertex 26.8124 -5.5016 11.5027
      vertex 22.3262 -10.9371 12
      vertex 24.1225 -6.34752 8.5
    endloop
  endfacet
  facet normal 0.674156 -0.596291 -0.435835
    outer loop
      vertex 22.3262 -10.9371 12
      vertex 26.8124 -5.5016 11.5027
      vertex 27.2578 -5.36152 12
    endloop
  endfacet
  facet normal 0.674124 -0.596269 -0.435913
    outer loop
      vertex 23.8155 -4.84537 5.9705
      vertex 24.1225 -6.34752 8.5
      vertex 22.3262 -10.9371 12
    endloop
  endfacet
  facet normal 0.674122 0.59627 -0.435915
    outer loop
      vertex 22.3262 10.9371 12
      vertex 26.8124 5.5016 11.5027
      vertex 24.1225 6.34752 8.5
    endloop
  endfacet
  facet normal 0.674156 0.596291 -0.435835
    outer loop
      vertex 26.8124 5.5016 11.5027
      vertex 22.3262 10.9371 12
      vertex 27.2578 5.36152 12
    endloop
  endfacet
  facet normal 0.674124 0.596269 -0.435913
    outer loop
      vertex 22.3262 10.9371 12
      vertex 24.1225 6.34752 8.5
      vertex 23.8155 4.84537 5.9705
    endloop
  endfacet
  facet normal 0.67413 0.596267 0.435906
    outer loop
      vertex 22.3262 10.9371 12
      vertex 26.8943 3.58282 14.9952
      vertex 27.2578 5.36152 12
    endloop
  endfacet
  facet normal 0.674125 0.596268 0.435914
    outer loop
      vertex 24.4658 2.18537 20.6623
      vertex 26.8943 3.58282 14.9952
      vertex 22.3262 10.9371 12
    endloop
  endfacet
  facet normal 0.67414 0.596249 0.435916
    outer loop
      vertex 28.896 1.26414 15.0711
      vertex 26.8943 3.58282 14.9952
      vertex 24.4658 2.18537 20.6623
    endloop
  endfacet
  facet normal 0.674052 0.596181 0.436144
    outer loop
      vertex 26.8943 3.58282 14.9952
      vertex 28.896 1.26414 15.0711
      vertex 28.824 1.40107 14.9952
    endloop
  endfacet
  facet normal 0.674119 0.596289 0.435893
    outer loop
      vertex 24.4658 2.18537 20.6623
      vertex 29.0746 0.928161 15.2545
      vertex 28.896 1.26414 15.0711
    endloop
  endfacet
  facet normal 0.674242 0.59603 0.436057
    outer loop
      vertex 24.4658 2.18537 20.6623
      vertex 29.1572 0.774877 15.3363
      vertex 29.0746 0.928161 15.2545
    endloop
  endfacet
  facet normal 0.673929 0.596719 0.435599
    outer loop
      vertex 24.4658 2.18537 20.6623
      vertex 29.1767 0.742999 15.3498
      vertex 29.1572 0.774877 15.3363
    endloop
  endfacet
  facet normal 0.674137 0.596258 0.435909
    outer loop
      vertex 24.4658 2.18537 20.6623
      vertex 29.3916 0.431894 15.443
      vertex 29.1767 0.742999 15.3498
    endloop
  endfacet
  facet normal 0.674072 0.596414 0.435795
    outer loop
      vertex 24.4658 2.18537 20.6623
      vertex 29.4027 0.416499 15.4469
      vertex 29.3916 0.431894 15.443
    endloop
  endfacet
  facet normal 0.674138 0.596254 0.435912
    outer loop
      vertex 26.3458 0 20.7441
      vertex 29.4027 0.416499 15.4469
      vertex 24.4658 2.18537 20.6623
    endloop
  endfacet
  facet normal 0.674013 0.596438 0.435854
    outer loop
      vertex 29.4027 0.416499 15.4469
      vertex 26.3458 0 20.7441
      vertex 29.5666 0.200005 15.4897
    endloop
  endfacet
  facet normal 0.674132 0.596255 0.43592
    outer loop
      vertex 29.5666 0.200005 15.4897
      vertex 26.3458 0 20.7441
      vertex 29.7435 0 15.4897
    endloop
  endfacet
  facet normal -0.236331 -0.885482 0.400087
    outer loop
      vertex 22.3262 -10.9371 12
      vertex 15.6329 -5.90212 19.1898
      vertex 6.67376 -6.75953 12
    endloop
  endfacet
  facet normal -0.236316 -0.885484 0.400092
    outer loop
      vertex 19.6335 -6.99993 19.1233
      vertex 22.3262 -10.9371 12
      vertex 20.6287 -6.64561 20.4953
    endloop
  endfacet
  facet normal -0.236336 -0.885482 0.400083
    outer loop
      vertex 15.6329 -5.90212 19.1898
      vertex 22.3262 -10.9371 12
      vertex 19.6335 -6.99993 19.1233
    endloop
  endfacet
  facet normal -0.236342 0.885475 0.400095
    outer loop
      vertex 12.7637 5.11479 19.2375
      vertex 6.67376 6.75953 12
      vertex 10.4798 4.48807 19.2754
    endloop
  endfacet
  facet normal -0.236331 0.885482 0.400087
    outer loop
      vertex 6.67376 6.75953 12
      vertex 12.7637 5.11479 19.2375
      vertex 15.6329 5.90212 19.1898
    endloop
  endfacet
  facet normal 0.67414 -0.596254 0.435908
    outer loop
      vertex 22.3262 -10.9371 12
      vertex 21.0755 -6.12619 20.5148
      vertex 20.6287 -6.64561 20.4953
    endloop
  endfacet
  facet normal 0.674125 -0.596268 0.435914
    outer loop
      vertex 21.0755 -6.12619 20.5148
      vertex 22.3262 -10.9371 12
      vertex 24.4658 -2.18537 20.6623
    endloop
  endfacet
  facet normal -0.236334 0.885491 -0.400065
    outer loop
      vertex 7.87936 6.76513 11.3002
      vertex 6.67376 6.75953 12
      vertex 22.3262 10.9371 12
    endloop
  endfacet
  facet normal -0.236354 0.88547 -0.400099
    outer loop
      vertex 6.67376 6.75953 12
      vertex 7.87936 6.76513 11.3002
      vertex 7.69109 6.75125 11.3807
    endloop
  endfacet
  facet normal -0.236328 0.885477 -0.400098
    outer loop
      vertex 22.3262 10.9371 12
      vertex 8.40521 6.76807 10.9961
      vertex 7.87936 6.76513 11.3002
    endloop
  endfacet
  facet normal -0.236323 0.885467 -0.400125
    outer loop
      vertex 22.3262 10.9371 12
      vertex 9.30659 6.77312 10.4749
      vertex 8.40521 6.76807 10.9961
    endloop
  endfacet
  facet normal -0.236336 0.885487 -0.400072
    outer loop
      vertex 22.3262 10.9371 12
      vertex 10.1271 6.42904 9.22864
      vertex 9.30659 6.77312 10.4749
    endloop
  endfacet
  facet normal -0.236338 0.885481 -0.400085
    outer loop
      vertex 18.4294 5.6345 2.56602
      vertex 22.3262 10.9371 12
      vertex 20.4411 6.17143 2.56602
    endloop
  endfacet
  facet normal -0.23633 0.885482 -0.400088
    outer loop
      vertex 22.3262 10.9371 12
      vertex 18.4294 5.6345 2.56602
      vertex 10.1271 6.42904 9.22864
    endloop
  endfacet
  facet normal -0.236339 0.885485 -0.400074
    outer loop
      vertex 6.67376 6.75953 12
      vertex 7.69109 6.75125 11.3807
      vertex 7.44542 6.68568 11.3807
    endloop
  endfacet
  facet normal 0.674121 0.596271 -0.435915
    outer loop
      vertex 23.8155 4.84537 5.9705
      vertex 20.4411 6.17143 2.56602
      vertex 22.3262 10.9371 12
    endloop
  endfacet
  facet normal 0.674127 0.596255 -0.435927
    outer loop
      vertex 20.4411 6.17143 2.56602
      vertex 23.8155 4.84537 5.9705
      vertex 23.4022 2.8236 2.56602
    endloop
  endfacet
  facet normal -0.236339 -0.885485 -0.400074
    outer loop
      vertex 7.69109 -6.75125 11.3807
      vertex 6.67376 -6.75953 12
      vertex 7.44542 -6.68568 11.3807
    endloop
  endfacet
  facet normal -0.236354 -0.88547 -0.400099
    outer loop
      vertex 7.87936 -6.76513 11.3002
      vertex 6.67376 -6.75953 12
      vertex 7.69109 -6.75125 11.3807
    endloop
  endfacet
  facet normal -0.236334 -0.885491 -0.400065
    outer loop
      vertex 6.67376 -6.75953 12
      vertex 7.87936 -6.76513 11.3002
      vertex 22.3262 -10.9371 12
    endloop
  endfacet
  facet normal -0.236328 -0.885477 -0.400098
    outer loop
      vertex 8.40521 -6.76807 10.9961
      vertex 22.3262 -10.9371 12
      vertex 7.87936 -6.76513 11.3002
    endloop
  endfacet
  facet normal -0.236323 -0.885467 -0.400125
    outer loop
      vertex 9.30659 -6.77312 10.4749
      vertex 22.3262 -10.9371 12
      vertex 8.40521 -6.76807 10.9961
    endloop
  endfacet
  facet normal -0.236336 -0.885487 -0.400072
    outer loop
      vertex 10.1271 -6.42904 9.22864
      vertex 22.3262 -10.9371 12
      vertex 9.30659 -6.77312 10.4749
    endloop
  endfacet
  facet normal -0.23633 -0.885482 -0.400088
    outer loop
      vertex 18.4294 -5.6345 2.56602
      vertex 22.3262 -10.9371 12
      vertex 10.1271 -6.42904 9.22864
    endloop
  endfacet
  facet normal -0.236338 -0.885481 -0.400085
    outer loop
      vertex 22.3262 -10.9371 12
      vertex 18.4294 -5.6345 2.56602
      vertex 20.4411 -6.17143 2.56602
    endloop
  endfacet
  facet normal -0.236335 -0.885489 -0.40007
    outer loop
      vertex 7.44542 -6.68568 11.3807
      vertex 6.67376 -6.75953 12
      vertex 6.99772 -6.56619 11.3807
    endloop
  endfacet
  facet normal -0.236415 -0.885415 -0.400186
    outer loop
      vertex 18.4294 -5.6345 2.56602
      vertex 10.1799 -6.40691 9.14849
      vertex 10.3397 -6.33992 8.90587
    endloop
  endfacet
  facet normal -0.236337 -0.885479 -0.40009
    outer loop
      vertex 11.609 -3.81415 2.56602
      vertex 10.168 -5.4755 7.09413
      vertex 9.61543 -5.00393 6.37686
    endloop
  endfacet
  facet normal -0.236333 -0.88548 -0.400089
    outer loop
      vertex 18.4294 -5.6345 2.56602
      vertex 10.168 -5.4755 7.09413
      vertex 11.609 -3.81415 2.56602
    endloop
  endfacet
  facet normal -0.236336 -0.885477 -0.400095
    outer loop
      vertex 10.168 -5.4755 7.09413
      vertex 18.4294 -5.6345 2.56602
      vertex 10.3807 -6.2 8.57193
    endloop
  endfacet
  facet normal -0.236451 -0.885386 -0.400227
    outer loop
      vertex 10.1799 -6.40691 9.14849
      vertex 18.4294 -5.6345 2.56602
      vertex 10.1271 -6.42904 9.22864
    endloop
  endfacet
  facet normal -0.236292 -0.885514 -0.400039
    outer loop
      vertex 10.3807 -6.2 8.57193
      vertex 18.4294 -5.6345 2.56602
      vertex 10.3397 -6.33992 8.90587
    endloop
  endfacet
  facet normal -0.236331 -0.885482 0.400087
    outer loop
      vertex 12.7637 -5.11479 19.2375
      vertex 6.67376 -6.75953 12
      vertex 15.6329 -5.90212 19.1898
    endloop
  endfacet
  facet normal -0.236342 -0.885475 0.400095
    outer loop
      vertex 6.67376 -6.75953 12
      vertex 12.7637 -5.11479 19.2375
      vertex 10.4798 -4.48807 19.2754
    endloop
  endfacet
  facet normal -0.886083 -5.47837e-05 0.463527
    outer loop
      vertex 6.67376 6.75953 12
      vertex 10.2351 4.24478 18.8076
      vertex 10.4798 4.48807 19.2754
    endloop
  endfacet
  facet normal -0.886074 5.37864e-06 0.463544
    outer loop
      vertex 6.67376 6.75953 12
      vertex 9.18482 1.59984 16.8
      vertex 10.2351 4.24478 18.8076
    endloop
  endfacet
  facet normal -0.886075 1.85999e-06 0.463541
    outer loop
      vertex 6.67376 6.75953 12
      vertex 7.01018 1.43479 12.6431
      vertex 9.18482 1.59984 16.8
    endloop
  endfacet
  facet normal -0.886082 0 0.463529
    outer loop
      vertex 6.67376 6.75953 12
      vertex 7.01018 -1.43479 12.6431
      vertex 7.01018 1.43479 12.6431
    endloop
  endfacet
  facet normal -0.886075 -1.85999e-06 0.463541
    outer loop
      vertex 6.67376 -6.75953 12
      vertex 9.18482 -1.59984 16.8
      vertex 7.01018 -1.43479 12.6431
    endloop
  endfacet
  facet normal -0.886074 -5.37864e-06 0.463544
    outer loop
      vertex 9.18482 -1.59984 16.8
      vertex 6.67376 -6.75953 12
      vertex 10.2351 -4.24478 18.8076
    endloop
  endfacet
  facet normal -0.886083 5.47837e-05 0.463527
    outer loop
      vertex 10.2351 -4.24478 18.8076
      vertex 6.67376 -6.75953 12
      vertex 10.4798 -4.48807 19.2754
    endloop
  endfacet
  facet normal -0.886082 0 0.463529
    outer loop
      vertex 6.67376 -6.75953 12
      vertex 7.01018 -1.43479 12.6431
      vertex 6.67376 6.75953 12
    endloop
  endfacet
  facet normal -0.886073 4.68363e-06 0.463545
    outer loop
      vertex 9.77539 0 17.9289
      vertex 10.2351 4.24478 18.8076
      vertex 9.18482 1.59984 16.8
    endloop
  endfacet
  facet normal -0.886064 0 0.463563
    outer loop
      vertex 9.77539 0 17.9289
      vertex 10.2351 -4.24478 18.8076
      vertex 10.2351 4.24478 18.8076
    endloop
  endfacet
  facet normal -0.886073 -4.68363e-06 0.463545
    outer loop
      vertex 10.2351 -4.24478 18.8076
      vertex 9.77539 0 17.9289
      vertex 9.18482 -1.59984 16.8
    endloop
  endfacet
  facet normal -0.236335 0.885489 -0.40007
    outer loop
      vertex 6.99772 6.56619 11.3807
      vertex 6.67376 6.75953 12
      vertex 7.44542 6.68568 11.3807
    endloop
  endfacet
  facet normal -0.236451 0.885386 -0.400227
    outer loop
      vertex 18.4294 5.6345 2.56602
      vertex 10.1799 6.40691 9.14849
      vertex 10.1271 6.42904 9.22864
    endloop
  endfacet
  facet normal -0.236415 0.885415 -0.400186
    outer loop
      vertex 10.1799 6.40691 9.14849
      vertex 18.4294 5.6345 2.56602
      vertex 10.3397 6.33992 8.90587
    endloop
  endfacet
  facet normal -0.236292 0.885514 -0.400039
    outer loop
      vertex 18.4294 5.6345 2.56602
      vertex 10.3807 6.2 8.57193
      vertex 10.3397 6.33992 8.90587
    endloop
  endfacet
  facet normal -0.236336 0.885477 -0.400095
    outer loop
      vertex 18.4294 5.6345 2.56602
      vertex 10.168 5.4755 7.09413
      vertex 10.3807 6.2 8.57193
    endloop
  endfacet
  facet normal -0.236333 0.88548 -0.400089
    outer loop
      vertex 11.609 3.81415 2.56602
      vertex 10.168 5.4755 7.09413
      vertex 18.4294 5.6345 2.56602
    endloop
  endfacet
  facet normal -0.236337 0.885479 -0.40009
    outer loop
      vertex 10.168 5.4755 7.09413
      vertex 11.609 3.81415 2.56602
      vertex 9.61543 5.00393 6.37686
    endloop
  endfacet
  facet normal -0.258981 0.843955 -0.469753
    outer loop
      vertex 29.7812 8.08398 8.5
      vertex 23.8155 4.84537 5.9705
      vertex 24.1225 6.34752 8.5
    endloop
  endfacet
  facet normal -0.258982 0.843956 -0.469752
    outer loop
      vertex 23.9143 2.98073 2.56602
      vertex 23.8155 4.84537 5.9705
      vertex 29.7812 8.08398 8.5
    endloop
  endfacet
  facet normal -0.258957 0.843962 -0.469755
    outer loop
      vertex 23.8155 4.84537 5.9705
      vertex 23.9143 2.98073 2.56602
      vertex 23.4022 2.8236 2.56602
    endloop
  endfacet
  facet normal 0.694805 -0.534425 0.481287
    outer loop
      vertex 30.608 -4.19523 11.6245
      vertex 29.7812 -8.08398 8.5
      vertex 30.8294 -4.28968 11.2
    endloop
  endfacet
  facet normal 0.694774 -0.534382 0.481379
    outer loop
      vertex 34.4643 -0.675588 9.9665
      vertex 36 0 8.5
      vertex 34.709 0 10.3633
    endloop
  endfacet
  facet normal 0.694746 -0.534486 0.481302
    outer loop
      vertex 34.0837 -1.72584 9.34958
      vertex 36 0 8.5
      vertex 34.4643 -0.675588 9.9665
    endloop
  endfacet
  facet normal 0.694723 -0.534392 0.481441
    outer loop
      vertex 33.0472 -3.03919 9.38746
      vertex 36 0 8.5
      vertex 34.0837 -1.72584 9.34958
    endloop
  endfacet
  facet normal 0.69539 -0.535771 0.478939
    outer loop
      vertex 32.9857 -3.11701 9.3897
      vertex 36 0 8.5
      vertex 33.0472 -3.03919 9.38746
    endloop
  endfacet
  facet normal 0.694733 -0.53444 0.481373
    outer loop
      vertex 32.9857 -3.11701 9.3897
      vertex 29.7812 -8.08398 8.5
      vertex 36 0 8.5
    endloop
  endfacet
  facet normal 0.694814 -0.534466 0.481227
    outer loop
      vertex 32.7794 -3.25272 9.53684
      vertex 29.7812 -8.08398 8.5
      vertex 32.9857 -3.11701 9.3897
    endloop
  endfacet
  facet normal 0.694741 -0.534448 0.481352
    outer loop
      vertex 31.443 -4.13165 10.4898
      vertex 29.7812 -8.08398 8.5
      vertex 32.7794 -3.25272 9.53684
    endloop
  endfacet
  facet normal 0.694756 -0.534445 0.481334
    outer loop
      vertex 29.7812 -8.08398 8.5
      vertex 31.443 -4.13165 10.4898
      vertex 30.8294 -4.28968 11.2
    endloop
  endfacet
  facet normal -0.25898 0.843952 0.469759
    outer loop
      vertex 29.7812 8.08398 8.5
      vertex 24.1225 6.34752 8.5
      vertex 26.8124 5.5016 11.5027
    endloop
  endfacet
  facet normal -0.258985 0.843955 0.469752
    outer loop
      vertex 28.3906 4.04199 14.9952
      vertex 27.2578 5.36152 12
      vertex 26.8943 3.58282 14.9952
    endloop
  endfacet
  facet normal -0.259026 0.84396 0.46972
    outer loop
      vertex 27.2578 5.36152 12
      vertex 29.7812 8.08398 8.5
      vertex 26.8124 5.5016 11.5027
    endloop
  endfacet
  facet normal -0.25898 0.843957 0.469751
    outer loop
      vertex 29.7812 8.08398 8.5
      vertex 27.2578 5.36152 12
      vertex 28.3906 4.04199 14.9952
    endloop
  endfacet
  facet normal 0.694743 0.534458 0.481338
    outer loop
      vertex 29.8336 3.86487 13.1091
      vertex 29.7812 8.08398 8.5
      vertex 28.3906 4.04199 14.9952
    endloop
  endfacet
  facet normal 0.694757 0.534448 0.481329
    outer loop
      vertex 29.7812 8.08398 8.5
      vertex 29.8336 3.86487 13.1091
      vertex 30.608 4.19523 11.6245
    endloop
  endfacet
  facet normal 0.694749 0.534447 0.481343
    outer loop
      vertex 28.3906 4.04199 14.9952
      vertex 29.7585 3.24874 13.9016
      vertex 29.8336 3.86487 13.1091
    endloop
  endfacet
  facet normal 0.69475 0.534435 0.481353
    outer loop
      vertex 28.3906 4.04199 14.9952
      vertex 29.7173 2.66435 14.6099
      vertex 29.7585 3.24874 13.9016
    endloop
  endfacet
  facet normal 0.694753 0.53444 0.481344
    outer loop
      vertex 29.7173 2.66435 14.6099
      vertex 28.3906 4.04199 14.9952
      vertex 30.0105 1.93618 14.9952
    endloop
  endfacet
  facet normal 0.694749 -0.534453 -0.481336
    outer loop
      vertex 36 0 8.5
      vertex 29.7812 -8.08398 8.5
      vertex 31.5 0 2.00481
    endloop
  endfacet
  facet normal 0.694749 0.534453 -0.481336
    outer loop
      vertex 31.5 0 2.00481
      vertex 29.7812 8.08398 8.5
      vertex 36 0 8.5
    endloop
  endfacet
  facet normal 0.694805 0.534425 0.481287
    outer loop
      vertex 29.7812 8.08398 8.5
      vertex 30.608 4.19523 11.6245
      vertex 30.8294 4.28968 11.2
    endloop
  endfacet
  facet normal 0.694756 0.534445 0.481334
    outer loop
      vertex 31.443 4.13165 10.4898
      vertex 29.7812 8.08398 8.5
      vertex 30.8294 4.28968 11.2
    endloop
  endfacet
  facet normal 0.694741 0.534448 0.481352
    outer loop
      vertex 32.7794 3.25272 9.53684
      vertex 29.7812 8.08398 8.5
      vertex 31.443 4.13165 10.4898
    endloop
  endfacet
  facet normal 0.694814 0.534466 0.481227
    outer loop
      vertex 32.9857 3.11701 9.3897
      vertex 29.7812 8.08398 8.5
      vertex 32.7794 3.25272 9.53684
    endloop
  endfacet
  facet normal 0.69539 0.535771 0.478939
    outer loop
      vertex 36 0 8.5
      vertex 32.9857 3.11701 9.3897
      vertex 33.0472 3.03919 9.38746
    endloop
  endfacet
  facet normal 0.694723 0.534392 0.481441
    outer loop
      vertex 36 0 8.5
      vertex 33.0472 3.03919 9.38746
      vertex 34.0837 1.72584 9.34958
    endloop
  endfacet
  facet normal 0.694774 0.534382 0.481379
    outer loop
      vertex 36 0 8.5
      vertex 34.4643 0.675588 9.9665
      vertex 34.709 0 10.3633
    endloop
  endfacet
  facet normal 0.694733 0.53444 0.481373
    outer loop
      vertex 32.9857 3.11701 9.3897
      vertex 36 0 8.5
      vertex 29.7812 8.08398 8.5
    endloop
  endfacet
  facet normal 0.694746 0.534486 0.481302
    outer loop
      vertex 34.4643 0.675588 9.9665
      vertex 36 0 8.5
      vertex 34.0837 1.72584 9.34958
    endloop
  endfacet
  facet normal 0.694734 -0.53445 -0.48136
    outer loop
      vertex 31.5 0 2.00481
      vertex 29 -3.75522 2.56602
      vertex 29.324 -2.82859 2.00481
    endloop
  endfacet
  facet normal 0.69473 -0.534467 -0.481347
    outer loop
      vertex 29 -3.75522 2.56602
      vertex 29.7812 -8.08398 8.5
      vertex 28.5107 -4.39124 2.56602
    endloop
  endfacet
  facet normal 0.694745 -0.534455 -0.48134
    outer loop
      vertex 29.7812 -8.08398 8.5
      vertex 29 -3.75522 2.56602
      vertex 31.5 0 2.00481
    endloop
  endfacet
  facet normal 0 0 1
    outer loop
      vertex 28.824 -1.40107 14.9952
      vertex 28.3906 -4.04199 14.9952
      vertex 30.0105 -1.93618 14.9952
    endloop
  endfacet
  facet normal 0 -0 1
    outer loop
      vertex 28.3906 -4.04199 14.9952
      vertex 28.824 -1.40107 14.9952
      vertex 26.8943 -3.58282 14.9952
    endloop
  endfacet
  facet normal 0 0 1
    outer loop
      vertex 28.3906 4.04199 14.9952
      vertex 28.824 1.40107 14.9952
      vertex 30.0105 1.93618 14.9952
    endloop
  endfacet
  facet normal 0 0 1
    outer loop
      vertex 28.824 1.40107 14.9952
      vertex 28.3906 4.04199 14.9952
      vertex 26.8943 3.58282 14.9952
    endloop
  endfacet
  facet normal -0.258981 -0.843955 -0.469753
    outer loop
      vertex 23.8155 -4.84537 5.9705
      vertex 29.7812 -8.08398 8.5
      vertex 24.1225 -6.34752 8.5
    endloop
  endfacet
  facet normal -0.258957 -0.843962 -0.469755
    outer loop
      vertex 23.9143 -2.98073 2.56602
      vertex 23.8155 -4.84537 5.9705
      vertex 23.4022 -2.8236 2.56602
    endloop
  endfacet
  facet normal -0.258982 -0.843956 -0.469752
    outer loop
      vertex 23.8155 -4.84537 5.9705
      vertex 23.9143 -2.98073 2.56602
      vertex 29.7812 -8.08398 8.5
    endloop
  endfacet
  facet normal -0.258987 0.843957 -0.469747
    outer loop
      vertex 28.5107 4.39124 2.56602
      vertex 23.9143 2.98073 2.56602
      vertex 29.7812 8.08398 8.5
    endloop
  endfacet
  facet normal 0.69473 0.534467 -0.481347
    outer loop
      vertex 29.7812 8.08398 8.5
      vertex 29 3.75522 2.56602
      vertex 28.5107 4.39124 2.56602
    endloop
  endfacet
  facet normal 0.694745 0.534455 -0.48134
    outer loop
      vertex 31.5 0 2.00481
      vertex 29 3.75522 2.56602
      vertex 29.7812 8.08398 8.5
    endloop
  endfacet
  facet normal 0.694734 0.53445 -0.48136
    outer loop
      vertex 29 3.75522 2.56602
      vertex 31.5 0 2.00481
      vertex 29.324 2.82859 2.00481
    endloop
  endfacet
  facet normal -0 0 -1
    outer loop
      vertex 31.5 0 2.00481
      vertex 29.324 -2.82859 2.00481
      vertex 29.324 2.82859 2.00481
    endloop
  endfacet
  facet normal -0.258987 -0.843957 -0.469747
    outer loop
      vertex 29.7812 -8.08398 8.5
      vertex 23.9143 -2.98073 2.56602
      vertex 28.5107 -4.39124 2.56602
    endloop
  endfacet
  facet normal -0.258985 -0.843955 0.469752
    outer loop
      vertex 27.2578 -5.36152 12
      vertex 28.3906 -4.04199 14.9952
      vertex 26.8943 -3.58282 14.9952
    endloop
  endfacet
  facet normal -0.25898 -0.843957 0.469751
    outer loop
      vertex 27.2578 -5.36152 12
      vertex 29.7812 -8.08398 8.5
      vertex 28.3906 -4.04199 14.9952
    endloop
  endfacet
  facet normal -0.259026 -0.84396 0.46972
    outer loop
      vertex 29.7812 -8.08398 8.5
      vertex 27.2578 -5.36152 12
      vertex 26.8124 -5.5016 11.5027
    endloop
  endfacet
  facet normal 0.694753 -0.53444 0.481344
    outer loop
      vertex 28.3906 -4.04199 14.9952
      vertex 29.7173 -2.66435 14.6099
      vertex 30.0105 -1.93618 14.9952
    endloop
  endfacet
  facet normal 0.69475 -0.534435 0.481353
    outer loop
      vertex 28.3906 -4.04199 14.9952
      vertex 29.7585 -3.24874 13.9016
      vertex 29.7173 -2.66435 14.6099
    endloop
  endfacet
  facet normal 0.694749 -0.534447 0.481343
    outer loop
      vertex 28.3906 -4.04199 14.9952
      vertex 29.8336 -3.86487 13.1091
      vertex 29.7585 -3.24874 13.9016
    endloop
  endfacet
  facet normal 0.694743 -0.534458 0.481338
    outer loop
      vertex 29.7812 -8.08398 8.5
      vertex 29.8336 -3.86487 13.1091
      vertex 28.3906 -4.04199 14.9952
    endloop
  endfacet
  facet normal 0.694757 -0.534448 0.481329
    outer loop
      vertex 29.8336 -3.86487 13.1091
      vertex 29.7812 -8.08398 8.5
      vertex 30.608 -4.19523 11.6245
    endloop
  endfacet
  facet normal -0.25898 -0.843952 0.469759
    outer loop
      vertex 26.8124 -5.5016 11.5027
      vertex 24.1225 -6.34752 8.5
      vertex 29.7812 -8.08398 8.5
    endloop
  endfacet
  facet normal 0.763165 -0.608603 0.217213
    outer loop
      vertex 34.0717 -1.72003 13.1091
      vertex 32.9717 -3.09939 13.1091
      vertex 34.4643 -1.90909 11.2
    endloop
  endfacet
  facet normal -0.196534 0.0448484 0.979471
    outer loop
      vertex 29.6179 0.424811 15.4897
      vertex 29.4027 0.416499 15.4469
      vertex 29.5666 0.200005 15.4897
    endloop
  endfacet
  facet normal 0 0 1
    outer loop
      vertex 29.7435 0 15.4897
      vertex 31.4791 0 15.4897
      vertex 31.3821 0.424811 15.4897
    endloop
  endfacet
  facet normal 0 0 1
    outer loop
      vertex 29.7435 0 15.4897
      vertex 31.3821 0.424811 15.4897
      vertex 31.1105 0.765485 15.4897
    endloop
  endfacet
  facet normal 0 0 1
    outer loop
      vertex 31.4791 0 15.4897
      vertex 29.7435 0 15.4897
      vertex 31.3821 -0.424811 15.4897
    endloop
  endfacet
  facet normal 0 0 1
    outer loop
      vertex 29.7435 0 15.4897
      vertex 31.1105 0.765485 15.4897
      vertex 30.7179 0.954544 15.4897
    endloop
  endfacet
  facet normal 0 0 1
    outer loop
      vertex 31.3821 -0.424811 15.4897
      vertex 29.7435 0 15.4897
      vertex 31.1105 -0.765485 15.4897
    endloop
  endfacet
  facet normal 0 0 1
    outer loop
      vertex 29.7435 0 15.4897
      vertex 30.7179 0.954544 15.4897
      vertex 30.2821 0.954544 15.4897
    endloop
  endfacet
  facet normal 0 0 1
    outer loop
      vertex 31.1105 -0.765485 15.4897
      vertex 29.7435 0 15.4897
      vertex 30.7179 -0.954544 15.4897
    endloop
  endfacet
  facet normal 0 0 1
    outer loop
      vertex 29.7435 0 15.4897
      vertex 30.2821 0.954544 15.4897
      vertex 29.8895 0.765485 15.4897
    endloop
  endfacet
  facet normal 0 0 1
    outer loop
      vertex 30.7179 -0.954544 15.4897
      vertex 29.7435 0 15.4897
      vertex 30.2821 -0.954544 15.4897
    endloop
  endfacet
  facet normal 0 0 1
    outer loop
      vertex 30.2821 -0.954544 15.4897
      vertex 29.7435 0 15.4897
      vertex 29.8895 -0.765485 15.4897
    endloop
  endfacet
  facet normal -0 0 1
    outer loop
      vertex 29.6179 0.424811 15.4897
      vertex 29.7435 0 15.4897
      vertex 29.8895 0.765485 15.4897
    endloop
  endfacet
  facet normal 0 0 1
    outer loop
      vertex 29.7435 0 15.4897
      vertex 29.6179 0.424811 15.4897
      vertex 29.5666 0.200005 15.4897
    endloop
  endfacet
  facet normal 0 0 1
    outer loop
      vertex 29.7435 0 15.4897
      vertex 29.6179 -0.424811 15.4897
      vertex 29.8895 -0.765485 15.4897
    endloop
  endfacet
  facet normal 0 -0 1
    outer loop
      vertex 29.6179 -0.424811 15.4897
      vertex 29.7435 0 15.4897
      vertex 29.5666 -0.200005 15.4897
    endloop
  endfacet
  facet normal 0.762778 0.609067 -0.217272
    outer loop
      vertex 33.2434 3.44006 11.2
      vertex 33.0472 3.03919 9.38746
      vertex 32.9857 3.11701 9.3897
    endloop
  endfacet
  facet normal 0.763167 0.608601 -0.217211
    outer loop
      vertex 33.0472 3.03919 9.38746
      vertex 33.2434 3.44006 11.2
      vertex 34.4643 1.90909 11.2
    endloop
  endfacet
  facet normal 0.95166 0.217192 0.21719
    outer loop
      vertex 34.4643 1.90909 11.2
      vertex 34.4643 0 13.1091
      vertex 34.9 0 11.2
    endloop
  endfacet
  facet normal 0.617235 0.492227 0.613786
    outer loop
      vertex 32.9717 3.09939 13.1091
      vertex 32.9717 1.1903 14.6401
      vertex 34.0717 1.72003 13.1091
    endloop
  endfacet
  facet normal 0.763167 -0.608601 -0.217211
    outer loop
      vertex 33.2434 -3.44006 11.2
      vertex 33.0472 -3.03919 9.38746
      vertex 34.4643 -1.90909 11.2
    endloop
  endfacet
  facet normal 0.762778 -0.609067 -0.217272
    outer loop
      vertex 33.0472 -3.03919 9.38746
      vertex 33.2434 -3.44006 11.2
      vertex 32.9857 -3.11701 9.3897
    endloop
  endfacet
  facet normal 0.423516 0.879462 0.21721
    outer loop
      vertex 33.2434 3.44006 11.2
      vertex 31.4791 4.28968 11.2
      vertex 32.9717 3.09939 13.1091
    endloop
  endfacet
  facet normal 0.346251 -0.276118 0.896588
    outer loop
      vertex 32.9717 -1.1903 14.6401
      vertex 31.1105 -0.765485 15.4897
      vertex 32.2105 -2.14484 14.6401
    endloop
  endfacet
  facet normal -0.154813 -0.766453 0.623364
    outer loop
      vertex 29.8895 -2.67457 14.6401
      vertex 29.7173 -2.66435 14.6099
      vertex 29.7585 -3.24874 13.9016
    endloop
  endfacet
  facet normal 0.763166 -0.608601 0.217215
    outer loop
      vertex 34.4643 -1.90909 11.2
      vertex 32.9717 -3.09939 13.1091
      vertex 33.2434 -3.44006 11.2
    endloop
  endfacet
  facet normal -0.181267 -0.401977 0.897528
    outer loop
      vertex 28.896 -1.26414 15.0711
      vertex 30.0105 -1.93618 14.9952
      vertex 30.2821 -0.954544 15.4897
    endloop
  endfacet
  facet normal -0.181348 -0.402102 0.897456
    outer loop
      vertex 30.0105 -1.93618 14.9952
      vertex 28.896 -1.26414 15.0711
      vertex 28.824 -1.40107 14.9952
    endloop
  endfacet
  facet normal -0.181708 -0.401841 0.8975
    outer loop
      vertex 30.0105 -1.93618 14.9952
      vertex 29.8895 -2.67457 14.6401
      vertex 30.2821 -0.954544 15.4897
    endloop
  endfacet
  facet normal -0.181264 -0.401937 0.897547
    outer loop
      vertex 29.8895 -2.67457 14.6401
      vertex 30.0105 -1.93618 14.9952
      vertex 29.7173 -2.66435 14.6099
    endloop
  endfacet
  facet normal 0.346269 0.27606 0.896598
    outer loop
      vertex 32.9717 1.1903 14.6401
      vertex 31.1105 0.765485 15.4897
      vertex 31.3821 0.424811 15.4897
    endloop
  endfacet
  facet normal 0.192145 0.399009 0.896589
    outer loop
      vertex 31.1105 2.67457 14.6401
      vertex 30.7179 0.954544 15.4897
      vertex 31.1105 0.765485 15.4897
    endloop
  endfacet
  facet normal 0.617235 -0.492227 0.613786
    outer loop
      vertex 32.9717 -1.1903 14.6401
      vertex 32.9717 -3.09939 13.1091
      vertex 34.0717 -1.72003 13.1091
    endloop
  endfacet
  facet normal 0.617244 0.492223 0.61378
    outer loop
      vertex 32.9717 3.09939 13.1091
      vertex 32.2105 2.14484 14.6401
      vertex 32.9717 1.1903 14.6401
    endloop
  endfacet
  facet normal -0.197873 0.104243 0.974669
    outer loop
      vertex 29.6179 0.424811 15.4897
      vertex 29.3916 0.431894 15.443
      vertex 29.4027 0.416499 15.4469
    endloop
  endfacet
  facet normal -0.19339 -0.279927 0.940341
    outer loop
      vertex 29.1767 -0.742999 15.3498
      vertex 29.1572 -0.774877 15.3363
      vertex 29.8895 -0.765485 15.4897
    endloop
  endfacet
  facet normal 0.342539 0.711292 0.613784
    outer loop
      vertex 32.9717 3.09939 13.1091
      vertex 31.1105 2.67457 14.6401
      vertex 32.2105 2.14484 14.6401
    endloop
  endfacet
  facet normal 0.342531 0.711301 0.613778
    outer loop
      vertex 31.3821 3.86487 13.1091
      vertex 31.1105 2.67457 14.6401
      vertex 32.9717 3.09939 13.1091
    endloop
  endfacet
  facet normal 0 -0.976125 0.217212
    outer loop
      vertex 30.608 -4.19523 11.6245
      vertex 31.3821 -3.86487 13.1091
      vertex 29.8336 -3.86487 13.1091
    endloop
  endfacet
  facet normal 0 -0.97613 0.217186
    outer loop
      vertex 31.4791 -4.28968 11.2
      vertex 30.608 -4.19523 11.6245
      vertex 30.8294 -4.28968 11.2
    endloop
  endfacet
  facet normal 1.04423e-05 -0.976126 0.217207
    outer loop
      vertex 30.608 -4.19523 11.6245
      vertex 31.4791 -4.28968 11.2
      vertex 31.3821 -3.86487 13.1091
    endloop
  endfacet
  facet normal -0.181708 0.401841 0.8975
    outer loop
      vertex 29.8895 2.67457 14.6401
      vertex 30.0105 1.93618 14.9952
      vertex 30.2821 0.954544 15.4897
    endloop
  endfacet
  facet normal -0.181264 0.401937 0.897547
    outer loop
      vertex 30.0105 1.93618 14.9952
      vertex 29.8895 2.67457 14.6401
      vertex 29.7173 2.66435 14.6099
    endloop
  endfacet
  facet normal -0.181267 0.401977 0.897528
    outer loop
      vertex 30.0105 1.93618 14.9952
      vertex 28.896 1.26414 15.0711
      vertex 30.2821 0.954544 15.4897
    endloop
  endfacet
  facet normal -0.181348 0.402102 0.897456
    outer loop
      vertex 28.896 1.26414 15.0711
      vertex 30.0105 1.93618 14.9952
      vertex 28.824 1.40107 14.9952
    endloop
  endfacet
  facet normal 0.763165 0.608603 0.217213
    outer loop
      vertex 34.4643 1.90909 11.2
      vertex 32.9717 3.09939 13.1091
      vertex 34.0717 1.72003 13.1091
    endloop
  endfacet
  facet normal 0.951633 0.217249 -0.217249
    outer loop
      vertex 34.4643 0.675588 9.9665
      vertex 34.0837 1.72584 9.34958
      vertex 34.4643 1.90909 11.2
    endloop
  endfacet
  facet normal 0 -0.789466 0.613795
    outer loop
      vertex 29.7585 -3.24874 13.9016
      vertex 31.1105 -2.67457 14.6401
      vertex 29.8895 -2.67457 14.6401
    endloop
  endfacet
  facet normal 0 -0.789477 0.61378
    outer loop
      vertex 31.3821 -3.86487 13.1091
      vertex 29.7585 -3.24874 13.9016
      vertex 29.8336 -3.86487 13.1091
    endloop
  endfacet
  facet normal 6.16142e-06 -0.789471 0.613788
    outer loop
      vertex 29.7585 -3.24874 13.9016
      vertex 31.3821 -3.86487 13.1091
      vertex 31.1105 -2.67457 14.6401
    endloop
  endfacet
  facet normal 0.192152 -0.399008 0.896588
    outer loop
      vertex 31.1105 -0.765485 15.4897
      vertex 31.1105 -2.67457 14.6401
      vertex 32.2105 -2.14484 14.6401
    endloop
  endfacet
  facet normal -0.154813 0.766453 0.623364
    outer loop
      vertex 29.7585 3.24874 13.9016
      vertex 29.7173 2.66435 14.6099
      vertex 29.8895 2.67457 14.6401
    endloop
  endfacet
  facet normal 0.95166 -0.217192 0.21719
    outer loop
      vertex 34.4643 0 13.1091
      vertex 34.4643 -1.90909 11.2
      vertex 34.9 0 11.2
    endloop
  endfacet
  facet normal 0.763166 0.608601 0.217215
    outer loop
      vertex 33.2434 3.44006 11.2
      vertex 32.9717 3.09939 13.1091
      vertex 34.4643 1.90909 11.2
    endloop
  endfacet
  facet normal 0.76968 -0.175681 0.613783
    outer loop
      vertex 34.4643 0 13.1091
      vertex 33.2434 0 14.6401
      vertex 34.0717 -1.72003 13.1091
    endloop
  endfacet
  facet normal 0.342531 -0.711301 0.613778
    outer loop
      vertex 32.9717 -3.09939 13.1091
      vertex 31.1105 -2.67457 14.6401
      vertex 31.3821 -3.86487 13.1091
    endloop
  endfacet
  facet normal 0.42351 -0.879464 0.217215
    outer loop
      vertex 32.9717 -3.09939 13.1091
      vertex 31.3821 -3.86487 13.1091
      vertex 31.4791 -4.28968 11.2
    endloop
  endfacet
  facet normal -0.194972 0.15544 0.968413
    outer loop
      vertex 29.1767 0.742999 15.3498
      vertex 29.6179 0.424811 15.4897
      vertex 29.8895 0.765485 15.4897
    endloop
  endfacet
  facet normal -0.19498 0.15543 0.968413
    outer loop
      vertex 29.6179 0.424811 15.4897
      vertex 29.1767 0.742999 15.3498
      vertex 29.3916 0.431894 15.443
    endloop
  endfacet
  facet normal 0.346269 -0.27606 0.896598
    outer loop
      vertex 31.3821 -0.424811 15.4897
      vertex 31.1105 -0.765485 15.4897
      vertex 32.9717 -1.1903 14.6401
    endloop
  endfacet
  facet normal 0.423513 -0.879461 -0.217221
    outer loop
      vertex 31.4791 -4.28968 11.2
      vertex 31.443 -4.13165 10.4898
      vertex 32.7794 -3.25272 9.53684
    endloop
  endfacet
  facet normal -0 -0.976127 -0.217203
    outer loop
      vertex 31.4791 -4.28968 11.2
      vertex 30.8294 -4.28968 11.2
      vertex 31.443 -4.13165 10.4898
    endloop
  endfacet
  facet normal 0.42351 0.879464 0.217215
    outer loop
      vertex 31.4791 4.28968 11.2
      vertex 31.3821 3.86487 13.1091
      vertex 32.9717 3.09939 13.1091
    endloop
  endfacet
  facet normal 0.342539 -0.711292 0.613784
    outer loop
      vertex 32.2105 -2.14484 14.6401
      vertex 31.1105 -2.67457 14.6401
      vertex 32.9717 -3.09939 13.1091
    endloop
  endfacet
  facet normal 0.617244 -0.492223 0.61378
    outer loop
      vertex 32.9717 -1.1903 14.6401
      vertex 32.2105 -2.14484 14.6401
      vertex 32.9717 -3.09939 13.1091
    endloop
  endfacet
  facet normal 0.769674 -0.175687 0.613788
    outer loop
      vertex 33.2434 0 14.6401
      vertex 32.9717 -1.1903 14.6401
      vertex 34.0717 -1.72003 13.1091
    endloop
  endfacet
  facet normal 0.431735 0.098581 0.896597
    outer loop
      vertex 32.9717 1.1903 14.6401
      vertex 31.3821 0.424811 15.4897
      vertex 31.4791 0 15.4897
    endloop
  endfacet
  facet normal 0 -0.442866 0.896588
    outer loop
      vertex 30.2821 -0.954544 15.4897
      vertex 31.1105 -2.67457 14.6401
      vertex 30.7179 -0.954544 15.4897
    endloop
  endfacet
  facet normal 0 -0.442866 0.896588
    outer loop
      vertex 31.1105 -2.67457 14.6401
      vertex 30.2821 -0.954544 15.4897
      vertex 29.8895 -2.67457 14.6401
    endloop
  endfacet
  facet normal 0.192145 -0.399009 0.896589
    outer loop
      vertex 31.1105 -0.765485 15.4897
      vertex 30.7179 -0.954544 15.4897
      vertex 31.1105 -2.67457 14.6401
    endloop
  endfacet
  facet normal 0 0.789466 0.613795
    outer loop
      vertex 31.1105 2.67457 14.6401
      vertex 29.7585 3.24874 13.9016
      vertex 29.8895 2.67457 14.6401
    endloop
  endfacet
  facet normal 6.16142e-06 0.789471 0.613788
    outer loop
      vertex 31.3821 3.86487 13.1091
      vertex 29.7585 3.24874 13.9016
      vertex 31.1105 2.67457 14.6401
    endloop
  endfacet
  facet normal 0 0.789477 0.61378
    outer loop
      vertex 29.7585 3.24874 13.9016
      vertex 31.3821 3.86487 13.1091
      vertex 29.8336 3.86487 13.1091
    endloop
  endfacet
  facet normal -0.184024 0.393782 0.900595
    outer loop
      vertex 30.2821 0.954544 15.4897
      vertex 28.896 1.26414 15.0711
      vertex 29.0746 0.928161 15.2545
    endloop
  endfacet
  facet normal 0.951668 -0.217101 -0.217245
    outer loop
      vertex 34.9 0 11.2
      vertex 34.4643 -0.675588 9.9665
      vertex 34.709 0 10.3633
    endloop
  endfacet
  facet normal 0.951659 -0.217191 -0.217192
    outer loop
      vertex 34.4643 -0.675588 9.9665
      vertex 34.9 0 11.2
      vertex 34.4643 -1.90909 11.2
    endloop
  endfacet
  facet normal 0.951659 0.217191 -0.217192
    outer loop
      vertex 34.9 0 11.2
      vertex 34.4643 0.675588 9.9665
      vertex 34.4643 1.90909 11.2
    endloop
  endfacet
  facet normal 0.951668 0.217101 -0.217245
    outer loop
      vertex 34.4643 0.675588 9.9665
      vertex 34.9 0 11.2
      vertex 34.709 0 10.3633
    endloop
  endfacet
  facet normal 0.951649 -0.217216 0.217214
    outer loop
      vertex 34.4643 0 13.1091
      vertex 34.0717 -1.72003 13.1091
      vertex 34.4643 -1.90909 11.2
    endloop
  endfacet
  facet normal 0.76968 0.175681 0.613783
    outer loop
      vertex 34.0717 1.72003 13.1091
      vertex 33.2434 0 14.6401
      vertex 34.4643 0 13.1091
    endloop
  endfacet
  facet normal 0 0.976127 -0.217203
    outer loop
      vertex 31.443 4.13165 10.4898
      vertex 30.8294 4.28968 11.2
      vertex 31.4791 4.28968 11.2
    endloop
  endfacet
  facet normal 0 0.976125 0.217212
    outer loop
      vertex 31.3821 3.86487 13.1091
      vertex 30.608 4.19523 11.6245
      vertex 29.8336 3.86487 13.1091
    endloop
  endfacet
  facet normal 1.04423e-05 0.976126 0.217207
    outer loop
      vertex 31.4791 4.28968 11.2
      vertex 30.608 4.19523 11.6245
      vertex 31.3821 3.86487 13.1091
    endloop
  endfacet
  facet normal 0 0.97613 0.217186
    outer loop
      vertex 30.608 4.19523 11.6245
      vertex 31.4791 4.28968 11.2
      vertex 30.8294 4.28968 11.2
    endloop
  endfacet
  facet normal 0.769674 0.175687 0.613788
    outer loop
      vertex 34.0717 1.72003 13.1091
      vertex 32.9717 1.1903 14.6401
      vertex 33.2434 0 14.6401
    endloop
  endfacet
  facet normal 0.951649 0.217216 0.217214
    outer loop
      vertex 34.4643 1.90909 11.2
      vertex 34.0717 1.72003 13.1091
      vertex 34.4643 0 13.1091
    endloop
  endfacet
  facet normal 0.423516 -0.879462 0.21721
    outer loop
      vertex 32.9717 -3.09939 13.1091
      vertex 31.4791 -4.28968 11.2
      vertex 33.2434 -3.44006 11.2
    endloop
  endfacet
  facet normal 0.423515 -0.879461 -0.217218
    outer loop
      vertex 32.7794 -3.25272 9.53684
      vertex 33.2434 -3.44006 11.2
      vertex 31.4791 -4.28968 11.2
    endloop
  endfacet
  facet normal 0.423576 -0.879428 -0.217232
    outer loop
      vertex 33.2434 -3.44006 11.2
      vertex 32.7794 -3.25272 9.53684
      vertex 32.9857 -3.11701 9.3897
    endloop
  endfacet
  facet normal -0.19498 -0.15543 0.968413
    outer loop
      vertex 29.1767 -0.742999 15.3498
      vertex 29.6179 -0.424811 15.4897
      vertex 29.3916 -0.431894 15.443
    endloop
  endfacet
  facet normal -0.194972 -0.15544 0.968413
    outer loop
      vertex 29.6179 -0.424811 15.4897
      vertex 29.1767 -0.742999 15.3498
      vertex 29.8895 -0.765485 15.4897
    endloop
  endfacet
  facet normal 0.763182 0.608571 -0.217241
    outer loop
      vertex 34.0837 1.72584 9.34958
      vertex 33.0472 3.03919 9.38746
      vertex 34.4643 1.90909 11.2
    endloop
  endfacet
  facet normal 0.431735 -0.098581 0.896597
    outer loop
      vertex 31.4791 0 15.4897
      vertex 31.3821 -0.424811 15.4897
      vertex 32.9717 -1.1903 14.6401
    endloop
  endfacet
  facet normal 0.431754 0.098553 0.896591
    outer loop
      vertex 32.9717 1.1903 14.6401
      vertex 31.4791 0 15.4897
      vertex 33.2434 0 14.6401
    endloop
  endfacet
  facet normal 0.431754 -0.098553 0.896591
    outer loop
      vertex 33.2434 0 14.6401
      vertex 31.4791 0 15.4897
      vertex 32.9717 -1.1903 14.6401
    endloop
  endfacet
  facet normal -0.19339 0.279927 0.940341
    outer loop
      vertex 29.8895 0.765485 15.4897
      vertex 29.1572 0.774877 15.3363
      vertex 29.1767 0.742999 15.3498
    endloop
  endfacet
  facet normal -0.184641 0.383427 0.904926
    outer loop
      vertex 29.0746 0.928161 15.2545
      vertex 29.8895 0.765485 15.4897
      vertex 30.2821 0.954544 15.4897
    endloop
  endfacet
  facet normal -0.184645 0.383417 0.90493
    outer loop
      vertex 29.8895 0.765485 15.4897
      vertex 29.0746 0.928161 15.2545
      vertex 29.1572 0.774877 15.3363
    endloop
  endfacet
  facet normal 0 0.442866 0.896588
    outer loop
      vertex 31.1105 2.67457 14.6401
      vertex 30.2821 0.954544 15.4897
      vertex 30.7179 0.954544 15.4897
    endloop
  endfacet
  facet normal 0 0.442866 0.896588
    outer loop
      vertex 30.2821 0.954544 15.4897
      vertex 31.1105 2.67457 14.6401
      vertex 29.8895 2.67457 14.6401
    endloop
  endfacet
  facet normal 0.423515 0.879461 -0.217218
    outer loop
      vertex 33.2434 3.44006 11.2
      vertex 32.7794 3.25272 9.53684
      vertex 31.4791 4.28968 11.2
    endloop
  endfacet
  facet normal 0.423576 0.879428 -0.217232
    outer loop
      vertex 32.7794 3.25272 9.53684
      vertex 33.2434 3.44006 11.2
      vertex 32.9857 3.11701 9.3897
    endloop
  endfacet
  facet normal 0.423513 0.879461 -0.217221
    outer loop
      vertex 32.7794 3.25272 9.53684
      vertex 31.443 4.13165 10.4898
      vertex 31.4791 4.28968 11.2
    endloop
  endfacet
  facet normal 0.951633 -0.217249 -0.217249
    outer loop
      vertex 34.4643 -1.90909 11.2
      vertex 34.0837 -1.72584 9.34958
      vertex 34.4643 -0.675588 9.9665
    endloop
  endfacet
  facet normal 0.763182 -0.608571 -0.217241
    outer loop
      vertex 34.4643 -1.90909 11.2
      vertex 33.0472 -3.03919 9.38746
      vertex 34.0837 -1.72584 9.34958
    endloop
  endfacet
  facet normal -0.197873 -0.104243 0.974669
    outer loop
      vertex 29.4027 -0.416499 15.4469
      vertex 29.3916 -0.431894 15.443
      vertex 29.6179 -0.424811 15.4897
    endloop
  endfacet
  facet normal -0.196534 -0.0448484 0.979471
    outer loop
      vertex 29.5666 -0.200005 15.4897
      vertex 29.4027 -0.416499 15.4469
      vertex 29.6179 -0.424811 15.4897
    endloop
  endfacet
  facet normal -0.184024 -0.393782 0.900595
    outer loop
      vertex 29.0746 -0.928161 15.2545
      vertex 28.896 -1.26414 15.0711
      vertex 30.2821 -0.954544 15.4897
    endloop
  endfacet
  facet normal -0.184645 -0.383417 0.90493
    outer loop
      vertex 29.0746 -0.928161 15.2545
      vertex 29.8895 -0.765485 15.4897
      vertex 29.1572 -0.774877 15.3363
    endloop
  endfacet
  facet normal -0.184641 -0.383427 0.904926
    outer loop
      vertex 29.8895 -0.765485 15.4897
      vertex 29.0746 -0.928161 15.2545
      vertex 30.2821 -0.954544 15.4897
    endloop
  endfacet
  facet normal 0.192152 0.399008 0.896588
    outer loop
      vertex 31.1105 2.67457 14.6401
      vertex 31.1105 0.765485 15.4897
      vertex 32.2105 2.14484 14.6401
    endloop
  endfacet
  facet normal 0.346251 0.276118 0.896588
    outer loop
      vertex 32.2105 2.14484 14.6401
      vertex 31.1105 0.765485 15.4897
      vertex 32.9717 1.1903 14.6401
    endloop
  endfacet
  facet normal -0.254251 0.906086 0.338179
    outer loop
      vertex 17.8585 6.64515 28.4928
      vertex 15.1617 6.55654 26.7027
      vertex 14.4888 6.23474 27.059
    endloop
  endfacet
  facet normal -0.254262 0.906076 0.338197
    outer loop
      vertex 17.8585 6.64515 28.4928
      vertex 15.8535 6.88747 26.3362
      vertex 15.1617 6.55654 26.7027
    endloop
  endfacet
  facet normal -0.254234 0.906093 0.338173
    outer loop
      vertex 17.8585 6.64515 28.4928
      vertex 16.2339 7.1838 25.8282
      vertex 15.8535 6.88747 26.3362
    endloop
  endfacet
  facet normal -0.254275 0.906075 0.338189
    outer loop
      vertex 20.3992 9.03504 24
      vertex 18.968 6.96271 28.4761
      vertex 19.6018 6.91562 29.0788
    endloop
  endfacet
  facet normal -0.254263 0.906077 0.338194
    outer loop
      vertex 18.968 6.96271 28.4761
      vertex 20.3992 9.03504 24
      vertex 16.2339 7.1838 25.8282
    endloop
  endfacet
  facet normal -0.254254 0.906073 0.33821
    outer loop
      vertex 16.2339 7.1838 25.8282
      vertex 20.3992 9.03504 24
      vertex 16.4317 7.85759 24.1718
    endloop
  endfacet
  facet normal -0.254251 0.906068 0.338227
    outer loop
      vertex 16.4317 7.85759 24.1718
      vertex 20.3992 9.03504 24
      vertex 16.3441 7.89714 24
    endloop
  endfacet
  facet normal -0.254249 0.906086 0.33818
    outer loop
      vertex 16.2339 7.1838 25.8282
      vertex 17.8585 6.64515 28.4928
      vertex 18.968 6.96271 28.4761
    endloop
  endfacet
  facet normal -0.254262 0.906071 0.33821
    outer loop
      vertex 17.8585 6.64515 28.4928
      vertex 14.4888 6.23474 27.059
      vertex 12.5774 5.13353 28.5722
    endloop
  endfacet
  facet normal -0.254268 0.906072 0.338202
    outer loop
      vertex 13.5588 6.02467 26.9226
      vertex 12.5774 5.13353 28.5722
      vertex 14.4888 6.23474 27.059
    endloop
  endfacet
  facet normal -0.254236 0.906074 0.338222
    outer loop
      vertex 13.145 5.93122 26.8619
      vertex 12.5774 5.13353 28.5722
      vertex 13.5588 6.02467 26.9226
    endloop
  endfacet
  facet normal -0.25428 0.906068 0.338205
    outer loop
      vertex 11.957 5.88654 26.0884
      vertex 12.5774 5.13353 28.5722
      vertex 13.145 5.93122 26.8619
    endloop
  endfacet
  facet normal -0.254238 0.906082 0.338199
    outer loop
      vertex 11.2912 5.86918 25.6344
      vertex 12.5774 5.13353 28.5722
      vertex 11.957 5.88654 26.0884
    endloop
  endfacet
  facet normal -0.254359 0.906033 0.338239
    outer loop
      vertex 10.9016 5.88173 25.3078
      vertex 12.5774 5.13353 28.5722
      vertex 11.2912 5.86918 25.6344
    endloop
  endfacet
  facet normal -0.254148 0.906125 0.338152
    outer loop
      vertex 10.2677 5.88284 24.8284
      vertex 12.5774 5.13353 28.5722
      vertex 10.9016 5.88173 25.3078
    endloop
  endfacet
  facet normal -0.254258 0.906088 0.338168
    outer loop
      vertex 8.10081 5.58396 24
      vertex 10.2677 5.88284 24.8284
      vertex 9.17272 5.88475 24
    endloop
  endfacet
  facet normal -0.254274 0.906065 0.338218
    outer loop
      vertex 10.2677 5.88284 24.8284
      vertex 8.10081 5.58396 24
      vertex 12.5774 5.13353 28.5722
    endloop
  endfacet
  facet normal -0.924895 0.000206046 0.380222
    outer loop
      vertex 8.10081 5.58396 24
      vertex 9.83484 4.38915 28.2187
      vertex 9.88196 4.42618 28.3333
    endloop
  endfacet
  facet normal -0.924916 -3.95841e-06 0.380171
    outer loop
      vertex 8.10081 5.58396 24
      vertex 9.44995 4.0867 27.2823
      vertex 9.83484 4.38915 28.2187
    endloop
  endfacet
  facet normal -0.924927 -7.01982e-05 0.380145
    outer loop
      vertex 8.10081 5.58396 24
      vertex 9.33065 3.91022 26.992
      vertex 9.44995 4.0867 27.2823
    endloop
  endfacet
  facet normal -0.924907 2.9989e-05 0.380193
    outer loop
      vertex 8.10081 5.58396 24
      vertex 9.25571 3.79936 26.8097
      vertex 9.33065 3.91022 26.992
    endloop
  endfacet
  facet normal -0.924912 6.60153e-06 0.38018
    outer loop
      vertex 9.50663 0.592928 27.4202
      vertex 9.25571 3.79936 26.8097
      vertex 8.10081 5.58396 24
    endloop
  endfacet
  facet normal -0.924893 1.69976e-05 0.380227
    outer loop
      vertex 9.25571 3.79936 26.8097
      vertex 9.50663 0.592928 27.4202
      vertex 9.33065 3.56865 26.992
    endloop
  endfacet
  facet normal -0.924943 -3.57887e-06 0.380105
    outer loop
      vertex 9.33065 3.56865 26.992
      vertex 9.50663 0.592928 27.4202
      vertex 9.44995 3.20139 27.2823
    endloop
  endfacet
  facet normal -0.925029 0 0.379896
    outer loop
      vertex 9.93548 2.48896 28.4635
      vertex 9.95047 1.16626 28.5
      vertex 9.95047 2.47984 28.5
    endloop
  endfacet
  facet normal -0.924916 8.92938e-06 0.380172
    outer loop
      vertex 9.63966 2.66875 27.7438
      vertex 9.95047 1.16626 28.5
      vertex 9.93548 2.48896 28.4635
    endloop
  endfacet
  facet normal -0.924902 2.60937e-06 0.380205
    outer loop
      vertex 9.44995 3.20139 27.2823
      vertex 9.50663 0.592928 27.4202
      vertex 9.63966 2.66875 27.7438
    endloop
  endfacet
  facet normal -0.924924 -3.18278e-06 0.380152
    outer loop
      vertex 9.63966 2.66875 27.7438
      vertex 9.61291 0.730215 27.6787
      vertex 9.95047 1.16626 28.5
    endloop
  endfacet
  facet normal -0.92488 -7.42837e-06 0.38026
    outer loop
      vertex 9.63966 2.66875 27.7438
      vertex 9.50663 0.592928 27.4202
      vertex 9.61291 0.730215 27.6787
    endloop
  endfacet
  facet normal -0.924947 -6.16432e-05 0.380095
    outer loop
      vertex 8.10081 5.58396 24
      vertex 9.50241 0.403071 27.4099
      vertex 9.50663 0.592928 27.4202
    endloop
  endfacet
  facet normal -0.924915 -1.35313e-06 0.380174
    outer loop
      vertex 8.10081 5.58396 24
      vertex 9.49345 0 27.3881
      vertex 9.50241 0.403071 27.4099
    endloop
  endfacet
  facet normal -0.924914 0 0.380176
    outer loop
      vertex 8.10081 -5.58396 24
      vertex 9.49345 0 27.3881
      vertex 8.10081 5.58396 24
    endloop
  endfacet
  facet normal -0.924915 1.35313e-06 0.380174
    outer loop
      vertex 9.49345 0 27.3881
      vertex 8.10081 -5.58396 24
      vertex 9.50241 -0.403071 27.4099
    endloop
  endfacet
  facet normal -0.92488 7.42837e-06 0.38026
    outer loop
      vertex 9.63966 -2.66875 27.7438
      vertex 9.61291 -0.730215 27.6787
      vertex 9.50663 -0.592928 27.4202
    endloop
  endfacet
  facet normal -0.924924 3.18278e-06 0.380152
    outer loop
      vertex 9.61291 -0.730215 27.6787
      vertex 9.63966 -2.66875 27.7438
      vertex 9.95047 -1.16626 28.5
    endloop
  endfacet
  facet normal -0.925029 0 0.379896
    outer loop
      vertex 9.95047 -1.16626 28.5
      vertex 9.93548 -2.48896 28.4635
      vertex 9.95047 -2.47984 28.5
    endloop
  endfacet
  facet normal -0.924947 6.16432e-05 0.380095
    outer loop
      vertex 9.50241 -0.403071 27.4099
      vertex 8.10081 -5.58396 24
      vertex 9.50663 -0.592928 27.4202
    endloop
  endfacet
  facet normal -0.924916 -8.92938e-06 0.380172
    outer loop
      vertex 9.95047 -1.16626 28.5
      vertex 9.63966 -2.66875 27.7438
      vertex 9.93548 -2.48896 28.4635
    endloop
  endfacet
  facet normal -0.924902 -2.60937e-06 0.380205
    outer loop
      vertex 9.50663 -0.592928 27.4202
      vertex 9.44995 -3.20139 27.2823
      vertex 9.63966 -2.66875 27.7438
    endloop
  endfacet
  facet normal -0.924943 3.57887e-06 0.380105
    outer loop
      vertex 9.50663 -0.592928 27.4202
      vertex 9.33065 -3.56865 26.992
      vertex 9.44995 -3.20139 27.2823
    endloop
  endfacet
  facet normal -0.924912 -6.60153e-06 0.38018
    outer loop
      vertex 9.25571 -3.79936 26.8097
      vertex 9.50663 -0.592928 27.4202
      vertex 8.10081 -5.58396 24
    endloop
  endfacet
  facet normal -0.924916 3.95841e-06 0.380171
    outer loop
      vertex 8.10081 -5.58396 24
      vertex 9.83484 -4.38915 28.2187
      vertex 9.44995 -4.0867 27.2823
    endloop
  endfacet
  facet normal -0.924895 -0.000206046 0.380222
    outer loop
      vertex 9.83484 -4.38915 28.2187
      vertex 8.10081 -5.58396 24
      vertex 9.88196 -4.42618 28.3333
    endloop
  endfacet
  facet normal -0.924927 7.01982e-05 0.380145
    outer loop
      vertex 9.33065 -3.91022 26.992
      vertex 8.10081 -5.58396 24
      vertex 9.44995 -4.0867 27.2823
    endloop
  endfacet
  facet normal -0.924907 -2.9989e-05 0.380193
    outer loop
      vertex 9.25571 -3.79936 26.8097
      vertex 8.10081 -5.58396 24
      vertex 9.33065 -3.91022 26.992
    endloop
  endfacet
  facet normal -0.924893 -1.69976e-05 0.380227
    outer loop
      vertex 9.50663 -0.592928 27.4202
      vertex 9.25571 -3.79936 26.8097
      vertex 9.33065 -3.56865 26.992
    endloop
  endfacet
  facet normal -0.924948 -0.000352608 0.380094
    outer loop
      vertex 9.88196 4.42618 28.3333
      vertex 9.99613 4.3947 28.6111
      vertex 8.10081 5.58396 24
    endloop
  endfacet
  facet normal -0.924965 -0.000781127 0.380053
    outer loop
      vertex 9.98352 4.38982 28.5804
      vertex 9.99613 4.3947 28.6111
      vertex 9.88196 4.42618 28.3333
    endloop
  endfacet
  facet normal -0.92501 2.52133e-05 0.379943
    outer loop
      vertex 9.99613 4.3947 28.6111
      vertex 9.98352 4.38982 28.5804
      vertex 9.98812 4.37726 28.5916
    endloop
  endfacet
  facet normal -0.924657 2.35829e-05 0.380802
    outer loop
      vertex 9.97391 1.13233 28.557
      vertex 9.96262 2.51847 28.5295
      vertex 9.95047 2.47984 28.5
    endloop
  endfacet
  facet normal -0.924853 0 0.380325
    outer loop
      vertex 9.97391 1.13233 28.557
      vertex 9.95047 2.47984 28.5
      vertex 9.95047 1.16626 28.5
    endloop
  endfacet
  facet normal -0.925075 0 0.379785
    outer loop
      vertex 9.96262 2.51847 28.5295
      vertex 9.97391 1.13233 28.557
      vertex 9.97391 2.55439 28.557
    endloop
  endfacet
  facet normal -0.924853 0 0.380325
    outer loop
      vertex 9.95047 -2.47984 28.5
      vertex 9.97391 -1.13233 28.557
      vertex 9.95047 -1.16626 28.5
    endloop
  endfacet
  facet normal -0.924657 -2.35829e-05 0.380802
    outer loop
      vertex 9.96262 -2.51847 28.5295
      vertex 9.97391 -1.13233 28.557
      vertex 9.95047 -2.47984 28.5
    endloop
  endfacet
  facet normal -0.925075 0 0.379785
    outer loop
      vertex 9.97391 -1.13233 28.557
      vertex 9.96262 -2.51847 28.5295
      vertex 9.97391 -2.55439 28.557
    endloop
  endfacet
  facet normal -0.92501 -2.52133e-05 0.379943
    outer loop
      vertex 9.98352 -4.38982 28.5804
      vertex 9.99613 -4.3947 28.6111
      vertex 9.98812 -4.37726 28.5916
    endloop
  endfacet
  facet normal -0.924965 0.000781127 0.380053
    outer loop
      vertex 9.88196 -4.42618 28.3333
      vertex 9.99613 -4.3947 28.6111
      vertex 9.98352 -4.38982 28.5804
    endloop
  endfacet
  facet normal -0.924948 0.000352608 0.380094
    outer loop
      vertex 9.99613 -4.3947 28.6111
      vertex 9.88196 -4.42618 28.3333
      vertex 8.10081 -5.58396 24
    endloop
  endfacet
  facet normal -0.924776 0.000338678 0.380512
    outer loop
      vertex 11.5288 3.43302 32.3398
      vertex 11.4369 3.49065 32.1164
      vertex 11.5043 3.3842 32.2803
    endloop
  endfacet
  facet normal -0.25425 -0.906059 -0.338252
    outer loop
      vertex 8.10081 -5.58396 24
      vertex 9.08507 -5.80382 23.8491
      vertex 9.17272 -5.88475 24
    endloop
  endfacet
  facet normal -0.254246 -0.906085 -0.338185
    outer loop
      vertex 9.08507 -5.80382 23.8491
      vertex 8.10081 -5.58396 24
      vertex 8.74004 -5.51964 23.3471
    endloop
  endfacet
  facet normal -0.254267 -0.906072 -0.338205
    outer loop
      vertex 19.6335 -6.99993 19.1233
      vertex 16.3441 -7.89714 24
      vertex 15.4123 -7.17105 22.7553
    endloop
  endfacet
  facet normal -0.254247 -0.90608 -0.338196
    outer loop
      vertex 15.6329 -5.90212 19.1898
      vertex 15.4123 -7.17105 22.7553
      vertex 14.3453 -6.6365 22.1253
    endloop
  endfacet
  facet normal -0.254267 -0.906072 -0.338203
    outer loop
      vertex 15.6329 -5.90212 19.1898
      vertex 14.3453 -6.6365 22.1253
      vertex 14.0491 -6.49291 21.9633
    endloop
  endfacet
  facet normal -0.254252 -0.906079 -0.338196
    outer loop
      vertex 15.6329 -5.90212 19.1898
      vertex 14.0491 -6.49291 21.9633
      vertex 13.3605 -6.18782 21.6636
    endloop
  endfacet
  facet normal -0.254216 -0.906083 -0.338213
    outer loop
      vertex 12.7637 -5.11479 19.2375
      vertex 13.3605 -6.18782 21.6636
      vertex 12.6181 -5.84754 21.31
    endloop
  endfacet
  facet normal -0.25428 -0.906066 -0.338211
    outer loop
      vertex 12.7637 -5.11479 19.2375
      vertex 12.6181 -5.84754 21.31
      vertex 11.9303 -5.53223 20.9824
    endloop
  endfacet
  facet normal -0.254234 -0.906085 -0.338194
    outer loop
      vertex 12.7637 -5.11479 19.2375
      vertex 11.9303 -5.53223 20.9824
      vertex 11.2854 -5.26353 20.7473
    endloop
  endfacet
  facet normal -0.254257 -0.906076 -0.3382
    outer loop
      vertex 13.3605 -6.18782 21.6636
      vertex 12.7637 -5.11479 19.2375
      vertex 15.6329 -5.90212 19.1898
    endloop
  endfacet
  facet normal -0.254259 -0.906077 -0.338196
    outer loop
      vertex 15.4123 -7.17105 22.7553
      vertex 15.6329 -5.90212 19.1898
      vertex 19.6335 -6.99993 19.1233
    endloop
  endfacet
  facet normal -0.254254 -0.906078 -0.338197
    outer loop
      vertex 16.3441 -7.89714 24
      vertex 19.6335 -6.99993 19.1233
      vertex 20.3992 -9.03504 24
    endloop
  endfacet
  facet normal 0.713233 0.599993 0.362363
    outer loop
      vertex 20.3992 9.03504 24
      vertex 19.6018 6.91562 29.0788
      vertex 21.3985 4.73712 29.1495
    endloop
  endfacet
  facet normal 0.713214 0.599995 0.362397
    outer loop
      vertex 21.7307 2.95725 31.4428
      vertex 21.6563 3.62855 30.4778
      vertex 19.6559 5.86968 30.7042
    endloop
  endfacet
  facet normal 0.713205 0.600002 0.362403
    outer loop
      vertex 21.6563 3.62855 30.4778
      vertex 21.7307 2.95725 31.4428
      vertex 21.8519 2.78709 31.486
    endloop
  endfacet
  facet normal 0.713204 -0.600019 -0.362377
    outer loop
      vertex 20.6287 -6.64561 20.4953
      vertex 20.3992 -9.03504 24
      vertex 19.6335 -6.99993 19.1233
    endloop
  endfacet
  facet normal 0.713282 -0.599956 -0.362329
    outer loop
      vertex 20.3992 -9.03504 24
      vertex 20.6287 -6.64561 20.4953
      vertex 21.0755 -6.12619 20.5148
    endloop
  endfacet
  facet normal 0.713233 -0.599993 0.362363
    outer loop
      vertex 21.3985 -4.73712 29.1495
      vertex 19.6018 -6.91562 29.0788
      vertex 20.3992 -9.03504 24
    endloop
  endfacet
  facet normal 0.713221 -0.599993 0.362387
    outer loop
      vertex 19.2407 -5.9557 31.379
      vertex 21.6563 -3.62855 30.4778
      vertex 21.9522 -2.35573 32.0028
    endloop
  endfacet
  facet normal 0.713225 -0.600015 0.362342
    outer loop
      vertex 21.6563 -3.62855 30.4778
      vertex 19.2407 -5.9557 31.379
      vertex 19.341 -6.22242 30.7399
    endloop
  endfacet
  facet normal 0.713219 0.600001 -0.362379
    outer loop
      vertex 28 0 24
      vertex 21.0755 6.12619 20.5148
      vertex 20.3992 9.03504 24
    endloop
  endfacet
  facet normal 0.713219 0.600023 -0.362342
    outer loop
      vertex 21.0755 6.12619 20.5148
      vertex 28 0 24
      vertex 24.4658 2.18537 20.6623
    endloop
  endfacet
  facet normal 0.713226 0.600001 -0.362363
    outer loop
      vertex 24.4658 2.18537 20.6623
      vertex 28 0 24
      vertex 26.3458 0 20.7441
    endloop
  endfacet
  facet normal 0.713217 0.600015 0.362358
    outer loop
      vertex 28 0 24
      vertex 21.3985 4.73712 29.1495
      vertex 25.3055 0 29.3035
    endloop
  endfacet
  facet normal 0.71322 0.600002 0.362373
    outer loop
      vertex 21.3985 4.73712 29.1495
      vertex 28 0 24
      vertex 20.3992 9.03504 24
    endloop
  endfacet
  facet normal 0.713223 0.600008 0.362358
    outer loop
      vertex 24.8951 0 30.1111
      vertex 21.8519 2.78709 31.486
      vertex 23.7132 0.174483 32.1485
    endloop
  endfacet
  facet normal 0.713222 0.59999 0.36239
    outer loop
      vertex 21.8519 2.78709 31.486
      vertex 24.8951 0 30.1111
      vertex 21.6563 3.62855 30.4778
    endloop
  endfacet
  facet normal 0.713254 0.599957 0.36238
    outer loop
      vertex 24.8951 0 30.1111
      vertex 23.7132 0.174483 32.1485
      vertex 23.7266 0 32.411
    endloop
  endfacet
  facet normal -0.254262 -0.906071 0.33821
    outer loop
      vertex 14.4888 -6.23474 27.059
      vertex 17.8585 -6.64515 28.4928
      vertex 12.5774 -5.13353 28.5722
    endloop
  endfacet
  facet normal -0.254251 -0.906086 0.338179
    outer loop
      vertex 15.1617 -6.55654 26.7027
      vertex 17.8585 -6.64515 28.4928
      vertex 14.4888 -6.23474 27.059
    endloop
  endfacet
  facet normal -0.254268 -0.906072 0.338202
    outer loop
      vertex 12.5774 -5.13353 28.5722
      vertex 13.5588 -6.02467 26.9226
      vertex 14.4888 -6.23474 27.059
    endloop
  endfacet
  facet normal -0.254236 -0.906074 0.338222
    outer loop
      vertex 12.5774 -5.13353 28.5722
      vertex 13.145 -5.93122 26.8619
      vertex 13.5588 -6.02467 26.9226
    endloop
  endfacet
  facet normal -0.25428 -0.906068 0.338205
    outer loop
      vertex 12.5774 -5.13353 28.5722
      vertex 11.957 -5.88654 26.0884
      vertex 13.145 -5.93122 26.8619
    endloop
  endfacet
  facet normal -0.254238 -0.906082 0.338199
    outer loop
      vertex 12.5774 -5.13353 28.5722
      vertex 11.2912 -5.86918 25.6344
      vertex 11.957 -5.88654 26.0884
    endloop
  endfacet
  facet normal -0.254359 -0.906033 0.338239
    outer loop
      vertex 12.5774 -5.13353 28.5722
      vertex 10.9016 -5.88173 25.3078
      vertex 11.2912 -5.86918 25.6344
    endloop
  endfacet
  facet normal -0.254148 -0.906125 0.338152
    outer loop
      vertex 12.5774 -5.13353 28.5722
      vertex 10.2677 -5.88284 24.8284
      vertex 10.9016 -5.88173 25.3078
    endloop
  endfacet
  facet normal -0.254274 -0.906065 0.338218
    outer loop
      vertex 8.10081 -5.58396 24
      vertex 10.2677 -5.88284 24.8284
      vertex 12.5774 -5.13353 28.5722
    endloop
  endfacet
  facet normal -0.254258 -0.906088 0.338168
    outer loop
      vertex 10.2677 -5.88284 24.8284
      vertex 8.10081 -5.58396 24
      vertex 9.17272 -5.88475 24
    endloop
  endfacet
  facet normal -0.254262 -0.906076 0.338197
    outer loop
      vertex 15.8535 -6.88747 26.3362
      vertex 17.8585 -6.64515 28.4928
      vertex 15.1617 -6.55654 26.7027
    endloop
  endfacet
  facet normal -0.254234 -0.906093 0.338173
    outer loop
      vertex 16.2339 -7.1838 25.8282
      vertex 17.8585 -6.64515 28.4928
      vertex 15.8535 -6.88747 26.3362
    endloop
  endfacet
  facet normal -0.254249 -0.906086 0.33818
    outer loop
      vertex 17.8585 -6.64515 28.4928
      vertex 16.2339 -7.1838 25.8282
      vertex 18.968 -6.96271 28.4761
    endloop
  endfacet
  facet normal -0.254263 -0.906077 0.338194
    outer loop
      vertex 20.3992 -9.03504 24
      vertex 18.968 -6.96271 28.4761
      vertex 16.2339 -7.1838 25.8282
    endloop
  endfacet
  facet normal -0.254254 -0.906073 0.33821
    outer loop
      vertex 20.3992 -9.03504 24
      vertex 16.2339 -7.1838 25.8282
      vertex 16.4317 -7.85759 24.1718
    endloop
  endfacet
  facet normal -0.254251 -0.906068 0.338227
    outer loop
      vertex 20.3992 -9.03504 24
      vertex 16.4317 -7.85759 24.1718
      vertex 16.3441 -7.89714 24
    endloop
  endfacet
  facet normal -0.254275 -0.906075 0.338189
    outer loop
      vertex 18.968 -6.96271 28.4761
      vertex 20.3992 -9.03504 24
      vertex 19.6018 -6.91562 29.0788
    endloop
  endfacet
  facet normal -0.254405 -0.906036 0.338196
    outer loop
      vertex 19.2407 -5.9557 31.379
      vertex 19.103 -5.99908 31.1592
      vertex 19.341 -6.22242 30.7399
    endloop
  endfacet
  facet normal -0.924913 -6.17013e-06 -0.380178
    outer loop
      vertex 10.2351 4.24478 18.8076
      vertex 9.53448 4.23861 20.5121
      vertex 9.76499 4.53974 19.9513
    endloop
  endfacet
  facet normal -0.924913 1.95399e-06 -0.380178
    outer loop
      vertex 10.2351 4.24478 18.8076
      vertex 9.29282 0.0787045 21.1
      vertex 9.53448 4.23861 20.5121
    endloop
  endfacet
  facet normal -0.92489 -3.4878e-05 -0.380235
    outer loop
      vertex 10.2351 4.24478 18.8076
      vertex 9.30976 0.0226322 21.0588
      vertex 9.29282 0.0787045 21.1
    endloop
  endfacet
  facet normal -0.925189 0.000418721 -0.379507
    outer loop
      vertex 10.2351 4.24478 18.8076
      vertex 9.3166 0 21.0421
      vertex 9.30976 0.0226322 21.0588
    endloop
  endfacet
  facet normal -0.925189 -0.000418721 -0.379507
    outer loop
      vertex 10.2351 -4.24478 18.8076
      vertex 9.30976 -0.0226322 21.0588
      vertex 9.3166 0 21.0421
    endloop
  endfacet
  facet normal -0.92489 3.4878e-05 -0.380235
    outer loop
      vertex 9.30976 -0.0226322 21.0588
      vertex 10.2351 -4.24478 18.8076
      vertex 9.29282 -0.0787045 21.1
    endloop
  endfacet
  facet normal -0.924909 0 -0.380188
    outer loop
      vertex 10.2351 -4.24478 18.8076
      vertex 9.3166 0 21.0421
      vertex 10.2351 4.24478 18.8076
    endloop
  endfacet
  facet normal -0.924913 -1.95399e-06 -0.380178
    outer loop
      vertex 9.29282 -0.0787045 21.1
      vertex 10.2351 -4.24478 18.8076
      vertex 9.53448 -4.23861 20.5121
    endloop
  endfacet
  facet normal -0.924913 6.17013e-06 -0.380178
    outer loop
      vertex 9.53448 -4.23861 20.5121
      vertex 10.2351 -4.24478 18.8076
      vertex 9.76499 -4.53974 19.9513
    endloop
  endfacet
  facet normal -0.924915 -2.75199e-05 -0.380174
    outer loop
      vertex 8.60406 5.00953 22.7757
      vertex 8.10081 5.58396 24
      vertex 8.50795 5.32849 23.0095
    endloop
  endfacet
  facet normal -0.924913 6.38879e-06 -0.380179
    outer loop
      vertex 9.15149 0 21.4438
      vertex 8.71549 4.9197 22.5046
      vertex 8.96906 4.60474 21.8877
    endloop
  endfacet
  facet normal -0.924902 -2.6797e-06 -0.380206
    outer loop
      vertex 9.29282 0.0787045 21.1
      vertex 9.18046 4.46551 21.3733
      vertex 9.53448 4.23861 20.5121
    endloop
  endfacet
  facet normal -0.924968 -1.44166e-05 -0.380045
    outer loop
      vertex 9.25124 0.0555473 21.2012
      vertex 9.18046 4.46551 21.3733
      vertex 9.29282 0.0787045 21.1
    endloop
  endfacet
  facet normal -0.924871 -3.64408e-06 -0.380281
    outer loop
      vertex 9.15149 0 21.4438
      vertex 9.18046 4.46551 21.3733
      vertex 9.25124 0.0555473 21.2012
    endloop
  endfacet
  facet normal -0.924939 -6.14254e-07 -0.380117
    outer loop
      vertex 9.18046 4.46551 21.3733
      vertex 9.15149 0 21.4438
      vertex 8.96906 4.60474 21.8877
    endloop
  endfacet
  facet normal -0.924917 3.99112e-06 -0.380169
    outer loop
      vertex 8.71549 4.9197 22.5046
      vertex 9.15149 0 21.4438
      vertex 8.60406 5.00953 22.7757
    endloop
  endfacet
  facet normal -0.924909 1.03596e-05 -0.38019
    outer loop
      vertex 8.60406 5.00953 22.7757
      vertex 9.15149 0 21.4438
      vertex 8.10081 5.58396 24
    endloop
  endfacet
  facet normal -0.924968 1.44166e-05 -0.380045
    outer loop
      vertex 9.18046 -4.46551 21.3733
      vertex 9.25124 -0.0555473 21.2012
      vertex 9.29282 -0.0787045 21.1
    endloop
  endfacet
  facet normal -0.924902 2.6797e-06 -0.380206
    outer loop
      vertex 9.18046 -4.46551 21.3733
      vertex 9.29282 -0.0787045 21.1
      vertex 9.53448 -4.23861 20.5121
    endloop
  endfacet
  facet normal -0.924871 3.64408e-06 -0.380281
    outer loop
      vertex 9.25124 -0.0555473 21.2012
      vertex 9.18046 -4.46551 21.3733
      vertex 9.15149 0 21.4438
    endloop
  endfacet
  facet normal -0.924939 6.14254e-07 -0.380117
    outer loop
      vertex 8.96906 -4.60474 21.8877
      vertex 9.15149 0 21.4438
      vertex 9.18046 -4.46551 21.3733
    endloop
  endfacet
  facet normal -0.924913 -6.38879e-06 -0.380179
    outer loop
      vertex 8.71549 -4.9197 22.5046
      vertex 9.15149 0 21.4438
      vertex 8.96906 -4.60474 21.8877
    endloop
  endfacet
  facet normal -0.924917 -3.99112e-06 -0.380169
    outer loop
      vertex 9.15149 0 21.4438
      vertex 8.71549 -4.9197 22.5046
      vertex 8.60406 -5.00953 22.7757
    endloop
  endfacet
  facet normal -0.924909 -1.03596e-05 -0.38019
    outer loop
      vertex 8.10081 -5.58396 24
      vertex 9.15149 0 21.4438
      vertex 8.60406 -5.00953 22.7757
    endloop
  endfacet
  facet normal -0.924915 2.75199e-05 -0.380174
    outer loop
      vertex 8.10081 -5.58396 24
      vertex 8.60406 -5.00953 22.7757
      vertex 8.50795 -5.32849 23.0095
    endloop
  endfacet
  facet normal -0.924917 0 -0.38017
    outer loop
      vertex 9.15149 0 21.4438
      vertex 8.10081 -5.58396 24
      vertex 8.10081 5.58396 24
    endloop
  endfacet
  facet normal -0.254248 0.906081 0.338194
    outer loop
      vertex 12.5774 5.13353 28.5722
      vertex 8.10081 5.58396 24
      vertex 9.99613 4.3947 28.6111
    endloop
  endfacet
  facet normal -0.254275 0.906085 0.338161
    outer loop
      vertex 11.8319 3.59511 32.1334
      vertex 11.5288 3.43302 32.3398
      vertex 11.7298 3.46528 32.4045
    endloop
  endfacet
  facet normal -0.254173 0.906064 0.338295
    outer loop
      vertex 11.5288 3.43302 32.3398
      vertex 11.8319 3.59511 32.1334
      vertex 11.4369 3.49065 32.1164
    endloop
  endfacet
  facet normal -0.254248 -0.906081 0.338194
    outer loop
      vertex 9.99613 -4.3947 28.6111
      vertex 8.10081 -5.58396 24
      vertex 12.5774 -5.13353 28.5722
    endloop
  endfacet
  facet normal 0.713226 -0.600001 -0.362363
    outer loop
      vertex 28 0 24
      vertex 24.4658 -2.18537 20.6623
      vertex 26.3458 0 20.7441
    endloop
  endfacet
  facet normal 0.713219 -0.600023 -0.362342
    outer loop
      vertex 28 0 24
      vertex 21.0755 -6.12619 20.5148
      vertex 24.4658 -2.18537 20.6623
    endloop
  endfacet
  facet normal 0.713219 -0.600001 -0.362379
    outer loop
      vertex 21.0755 -6.12619 20.5148
      vertex 28 0 24
      vertex 20.3992 -9.03504 24
    endloop
  endfacet
  facet normal 0.713217 -0.600015 0.362358
    outer loop
      vertex 21.3985 -4.73712 29.1495
      vertex 28 0 24
      vertex 25.3055 0 29.3035
    endloop
  endfacet
  facet normal 0.71322 -0.600002 0.362373
    outer loop
      vertex 28 0 24
      vertex 21.3985 -4.73712 29.1495
      vertex 20.3992 -9.03504 24
    endloop
  endfacet
  facet normal 0.713228 -0.599997 0.362367
    outer loop
      vertex 22.3026 -1.89059 32.0834
      vertex 24.8951 0 30.1111
      vertex 23.7266 0 32.411
    endloop
  endfacet
  facet normal 0.713215 -0.600058 0.36229
    outer loop
      vertex 21.9522 -2.35573 32.0028
      vertex 24.8951 0 30.1111
      vertex 22.3026 -1.89059 32.0834
    endloop
  endfacet
  facet normal 0.713223 -0.599991 0.362386
    outer loop
      vertex 24.8951 0 30.1111
      vertex 21.9522 -2.35573 32.0028
      vertex 21.6563 -3.62855 30.4778
    endloop
  endfacet
  facet normal -0.254254 0.906078 -0.338197
    outer loop
      vertex 19.6335 6.99993 19.1233
      vertex 16.3441 7.89714 24
      vertex 20.3992 9.03504 24
    endloop
  endfacet
  facet normal -0.254267 0.906072 -0.338205
    outer loop
      vertex 16.3441 7.89714 24
      vertex 19.6335 6.99993 19.1233
      vertex 15.4123 7.17105 22.7553
    endloop
  endfacet
  facet normal -0.254259 0.906077 -0.338196
    outer loop
      vertex 15.6329 5.90212 19.1898
      vertex 15.4123 7.17105 22.7553
      vertex 19.6335 6.99993 19.1233
    endloop
  endfacet
  facet normal -0.254267 0.906072 -0.338203
    outer loop
      vertex 14.3453 6.6365 22.1253
      vertex 15.6329 5.90212 19.1898
      vertex 14.0491 6.49291 21.9633
    endloop
  endfacet
  facet normal -0.254252 0.906079 -0.338196
    outer loop
      vertex 14.0491 6.49291 21.9633
      vertex 15.6329 5.90212 19.1898
      vertex 13.3605 6.18782 21.6636
    endloop
  endfacet
  facet normal -0.254257 0.906076 -0.3382
    outer loop
      vertex 12.7637 5.11479 19.2375
      vertex 13.3605 6.18782 21.6636
      vertex 15.6329 5.90212 19.1898
    endloop
  endfacet
  facet normal -0.254216 0.906083 -0.338213
    outer loop
      vertex 13.3605 6.18782 21.6636
      vertex 12.7637 5.11479 19.2375
      vertex 12.6181 5.84754 21.31
    endloop
  endfacet
  facet normal -0.25428 0.906066 -0.338211
    outer loop
      vertex 12.6181 5.84754 21.31
      vertex 12.7637 5.11479 19.2375
      vertex 11.9303 5.53223 20.9824
    endloop
  endfacet
  facet normal -0.254234 0.906085 -0.338194
    outer loop
      vertex 11.9303 5.53223 20.9824
      vertex 12.7637 5.11479 19.2375
      vertex 11.2854 5.26353 20.7473
    endloop
  endfacet
  facet normal -0.254247 0.90608 -0.338196
    outer loop
      vertex 15.4123 7.17105 22.7553
      vertex 15.6329 5.90212 19.1898
      vertex 14.3453 6.6365 22.1253
    endloop
  endfacet
  facet normal -0.25425 0.906059 -0.338252
    outer loop
      vertex 9.08507 5.80382 23.8491
      vertex 8.10081 5.58396 24
      vertex 9.17272 5.88475 24
    endloop
  endfacet
  facet normal -0.254246 0.906085 -0.338185
    outer loop
      vertex 8.10081 5.58396 24
      vertex 9.08507 5.80382 23.8491
      vertex 8.74004 5.51964 23.3471
    endloop
  endfacet
  facet normal 0.713204 0.600019 -0.362377
    outer loop
      vertex 20.3992 9.03504 24
      vertex 20.6287 6.64561 20.4953
      vertex 19.6335 6.99993 19.1233
    endloop
  endfacet
  facet normal 0.713282 0.599956 -0.362329
    outer loop
      vertex 20.6287 6.64561 20.4953
      vertex 20.3992 9.03504 24
      vertex 21.0755 6.12619 20.5148
    endloop
  endfacet
  facet normal -0.254275 -0.906067 -0.338211
    outer loop
      vertex 8.74004 -5.51964 23.3471
      vertex 8.10081 -5.58396 24
      vertex 8.50795 -5.32849 23.0095
    endloop
  endfacet
  facet normal -0.254296 -0.906065 -0.338201
    outer loop
      vertex 9.76499 -4.53974 19.9513
      vertex 10.2351 -4.24478 18.8076
      vertex 10.4798 -4.48807 19.2754
    endloop
  endfacet
  facet normal -0.254332 -0.906073 -0.338153
    outer loop
      vertex 10.4798 -4.48807 19.2754
      vertex 11.2294 -5.24019 20.7269
      vertex 10.746 -5.01732 20.4933
    endloop
  endfacet
  facet normal -0.254153 -0.906104 -0.338205
    outer loop
      vertex 10.4798 -4.48807 19.2754
      vertex 10.746 -5.01732 20.4933
      vertex 10.3542 -4.83673 20.3039
    endloop
  endfacet
  facet normal -0.254309 -0.906058 -0.338209
    outer loop
      vertex 10.4798 -4.48807 19.2754
      vertex 10.3542 -4.83673 20.3039
      vertex 9.92674 -4.61175 20.0226
    endloop
  endfacet
  facet normal -0.254295 -0.906066 -0.338199
    outer loop
      vertex 10.4798 -4.48807 19.2754
      vertex 9.92674 -4.61175 20.0226
      vertex 9.76499 -4.53974 19.9513
    endloop
  endfacet
  facet normal -0.254247 -0.906079 -0.338199
    outer loop
      vertex 12.7637 -5.11479 19.2375
      vertex 11.2294 -5.24019 20.7269
      vertex 10.4798 -4.48807 19.2754
    endloop
  endfacet
  facet normal -0.254366 -0.906003 -0.338315
    outer loop
      vertex 11.2294 -5.24019 20.7269
      vertex 12.7637 -5.11479 19.2375
      vertex 11.2854 -5.26353 20.7473
    endloop
  endfacet
  facet normal -0.254275 0.906067 -0.338211
    outer loop
      vertex 8.50795 5.32849 23.0095
      vertex 8.10081 5.58396 24
      vertex 8.74004 5.51964 23.3471
    endloop
  endfacet
  facet normal -0.254366 0.906003 -0.338315
    outer loop
      vertex 12.7637 5.11479 19.2375
      vertex 11.2294 5.24019 20.7269
      vertex 11.2854 5.26353 20.7473
    endloop
  endfacet
  facet normal -0.254332 0.906073 -0.338153
    outer loop
      vertex 11.2294 5.24019 20.7269
      vertex 10.4798 4.48807 19.2754
      vertex 10.746 5.01732 20.4933
    endloop
  endfacet
  facet normal -0.254153 0.906104 -0.338205
    outer loop
      vertex 10.746 5.01732 20.4933
      vertex 10.4798 4.48807 19.2754
      vertex 10.3542 4.83673 20.3039
    endloop
  endfacet
  facet normal -0.254295 0.906066 -0.338199
    outer loop
      vertex 9.92674 4.61175 20.0226
      vertex 10.4798 4.48807 19.2754
      vertex 9.76499 4.53974 19.9513
    endloop
  endfacet
  facet normal -0.254309 0.906058 -0.338209
    outer loop
      vertex 10.3542 4.83673 20.3039
      vertex 10.4798 4.48807 19.2754
      vertex 9.92674 4.61175 20.0226
    endloop
  endfacet
  facet normal -0.254247 0.906079 -0.338199
    outer loop
      vertex 11.2294 5.24019 20.7269
      vertex 12.7637 5.11479 19.2375
      vertex 10.4798 4.48807 19.2754
    endloop
  endfacet
  facet normal -0.254296 0.906065 -0.338201
    outer loop
      vertex 9.76499 4.53974 19.9513
      vertex 10.4798 4.48807 19.2754
      vertex 10.2351 4.24478 18.8076
    endloop
  endfacet
  facet normal -0.780558 0 -0.625083
    outer loop
      vertex 9.28756 -4.46384 29.4142
      vertex 9.21885 -4.84923 29.5
      vertex 9.21885 -4.46863 29.5
    endloop
  endfacet
  facet normal -0.780623 2.97659e-05 -0.625002
    outer loop
      vertex 9.21885 -4.84923 29.5
      vertex 9.28756 -4.46384 29.4142
      vertex 9.85706 -4.42418 28.7029
    endloop
  endfacet
  facet normal -0.780558 -0 -0.625083
    outer loop
      vertex 9.21885 4.84923 29.5
      vertex 9.28756 4.46384 29.4142
      vertex 9.21885 4.46863 29.5
    endloop
  endfacet
  facet normal -0.780623 -2.97659e-05 -0.625002
    outer loop
      vertex 9.28756 4.46384 29.4142
      vertex 9.21885 4.84923 29.5
      vertex 9.85706 4.42418 28.7029
    endloop
  endfacet
  facet normal -0.780607 -0 -0.625023
    outer loop
      vertex 9.97391 -1.13233 28.557
      vertex 9.97391 -2.55439 28.557
      vertex 9.42728 -2.38269 29.2397
    endloop
  endfacet
  facet normal -0.780597 -1.08663e-05 -0.625035
    outer loop
      vertex 9.42728 -2.38269 29.2397
      vertex 9.42966 -0.792105 29.2367
      vertex 9.97391 -1.13233 28.557
    endloop
  endfacet
  facet normal -0.780626 -1.0756e-05 -0.624999
    outer loop
      vertex 9.42966 -0.792105 29.2367
      vertex 9.42728 -2.38269 29.2397
      vertex 9.21885 -0.660324 29.5
    endloop
  endfacet
  facet normal -0.780591 -0 -0.625042
    outer loop
      vertex 9.21885 -0.660324 29.5
      vertex 9.42728 -2.38269 29.2397
      vertex 9.21885 -2.55951 29.5
    endloop
  endfacet
  facet normal -0.780607 -0 -0.625023
    outer loop
      vertex 9.97391 2.55439 28.557
      vertex 9.97391 1.13233 28.557
      vertex 9.42728 2.38269 29.2397
    endloop
  endfacet
  facet normal -0.780597 1.08663e-05 -0.625035
    outer loop
      vertex 9.42966 0.792105 29.2367
      vertex 9.42728 2.38269 29.2397
      vertex 9.97391 1.13233 28.557
    endloop
  endfacet
  facet normal -0.780626 1.0756e-05 -0.624999
    outer loop
      vertex 9.21885 0.660324 29.5
      vertex 9.42728 2.38269 29.2397
      vertex 9.42966 0.792105 29.2367
    endloop
  endfacet
  facet normal -0.780591 0 -0.625042
    outer loop
      vertex 9.42728 2.38269 29.2397
      vertex 9.21885 0.660324 29.5
      vertex 9.21885 2.55951 29.5
    endloop
  endfacet
  facet normal 0.619229 -0.490791 -0.612927
    outer loop
      vertex 25.5 0 29.5
      vertex 21.3985 -4.73712 29.1495
      vertex 25.3055 0 29.3035
    endloop
  endfacet
  facet normal 0.619232 -0.490795 -0.612921
    outer loop
      vertex 19.2812 -7.84622 29.5
      vertex 21.3985 -4.73712 29.1495
      vertex 25.5 0 29.5
    endloop
  endfacet
  facet normal 0.619286 -0.490754 -0.612899
    outer loop
      vertex 19.6018 -6.91562 29.0788
      vertex 19.2812 -7.84622 29.5
      vertex 18.968 -6.96271 28.4761
    endloop
  endfacet
  facet normal 0.619173 -0.490764 -0.613005
    outer loop
      vertex 21.3985 -4.73712 29.1495
      vertex 19.2812 -7.84622 29.5
      vertex 19.6018 -6.91562 29.0788
    endloop
  endfacet
  facet normal -0.229418 -0.770575 0.594627
    outer loop
      vertex 9.21885 -4.84923 29.5
      vertex 11.3828 -3.70901 31.8125
      vertex 11.303 -3.46116 32.1029
    endloop
  endfacet
  facet normal -0.229499 -0.770516 0.594673
    outer loop
      vertex 9.21885 -4.84923 29.5
      vertex 13.7322 -4.59424 31.5722
      vertex 11.3828 -3.70901 31.8125
    endloop
  endfacet
  facet normal -0.229494 -0.770524 0.594664
    outer loop
      vertex 19.2812 -7.84622 29.5
      vertex 13.7322 -4.59424 31.5722
      vertex 9.21885 -4.84923 29.5
    endloop
  endfacet
  facet normal -0.229506 -0.770533 0.594648
    outer loop
      vertex 13.7322 -4.59424 31.5722
      vertex 19.2812 -7.84622 29.5
      vertex 16.7971 -5.74907 31.2587
    endloop
  endfacet
  facet normal -0.229488 0.770519 -0.594673
    outer loop
      vertex 18.968 6.96271 28.4761
      vertex 17.8585 6.64515 28.4928
      vertex 19.2812 7.84622 29.5
    endloop
  endfacet
  facet normal -0.229362 0.770513 0.594729
    outer loop
      vertex 11.8319 3.59511 32.1334
      vertex 12.3612 4.75362 30.8366
      vertex 11.4369 3.49065 32.1164
    endloop
  endfacet
  facet normal -0.229684 0.770368 0.594792
    outer loop
      vertex 11.4369 3.49065 32.1164
      vertex 11.43 3.37664 32.2614
      vertex 11.5043 3.3842 32.2803
    endloop
  endfacet
  facet normal -0.229521 0.770542 0.594631
    outer loop
      vertex 19.2812 7.84622 29.5
      vertex 15.6005 5.7312 30.82
      vertex 17.43 6.28333 30.8107
    endloop
  endfacet
  facet normal -0.229493 0.770518 0.594672
    outer loop
      vertex 9.21885 4.84923 29.5
      vertex 15.6005 5.7312 30.82
      vertex 19.2812 7.84622 29.5
    endloop
  endfacet
  facet normal -0.229748 0.770358 0.594781
    outer loop
      vertex 11.4369 3.49065 32.1164
      vertex 9.21885 4.84923 29.5
      vertex 11.43 3.37664 32.2614
    endloop
  endfacet
  facet normal -0.229492 0.770532 0.594655
    outer loop
      vertex 12.3612 4.75362 30.8366
      vertex 9.21885 4.84923 29.5
      vertex 11.4369 3.49065 32.1164
    endloop
  endfacet
  facet normal -0.229491 0.770535 0.594651
    outer loop
      vertex 15.6005 5.7312 30.82
      vertex 9.21885 4.84923 29.5
      vertex 12.3612 4.75362 30.8366
    endloop
  endfacet
  facet normal -0.780561 0 0.62508
    outer loop
      vertex 9.41689 4.09743 29.7473
      vertex 9.21885 4.84923 29.5
      vertex 9.21885 4.46863 29.5
    endloop
  endfacet
  facet normal -0.78057 0.000152371 0.625068
    outer loop
      vertex 11.43 3.37664 32.2614
      vertex 9.41689 4.09743 29.7473
      vertex 9.51109 3.82971 29.865
    endloop
  endfacet
  facet normal -0.780592 -1.11894e-05 0.625041
    outer loop
      vertex 11.2092 3.16336 31.9857
      vertex 9.51109 3.82971 29.865
      vertex 9.55329 3.70976 29.9177
    endloop
  endfacet
  facet normal -0.780595 -2.29188e-05 0.625037
    outer loop
      vertex 9.41689 4.09743 29.7473
      vertex 11.43 3.37664 32.2614
      vertex 9.21885 4.84923 29.5
    endloop
  endfacet
  facet normal -0.780596 1.10728e-05 0.625036
    outer loop
      vertex 10.9177 2.83177 31.6217
      vertex 9.55329 3.70976 29.9177
      vertex 9.51109 3.55517 29.865
    endloop
  endfacet
  facet normal -0.780615 -8.67921e-05 0.625012
    outer loop
      vertex 10.9177 2.83177 31.6217
      vertex 9.51109 3.55517 29.865
      vertex 9.41689 3.21014 29.7473
    endloop
  endfacet
  facet normal -0.780575 0.000100187 0.625062
    outer loop
      vertex 9.51109 3.82971 29.865
      vertex 11.2092 3.16336 31.9857
      vertex 11.43 3.37664 32.2614
    endloop
  endfacet
  facet normal -0.780583 6.24383e-05 0.625053
    outer loop
      vertex 9.55329 3.70976 29.9177
      vertex 10.9177 2.83177 31.6217
      vertex 11.2092 3.16336 31.9857
    endloop
  endfacet
  facet normal -0.780572 9.03442e-06 0.625065
    outer loop
      vertex 10.326 2.03636 30.8826
      vertex 9.41689 3.21014 29.7473
      vertex 9.21885 2.55951 29.5
    endloop
  endfacet
  facet normal -0.780614 -7.32708e-05 0.625014
    outer loop
      vertex 9.41689 3.21014 29.7473
      vertex 10.326 2.03636 30.8826
      vertex 10.9177 2.83177 31.6217
    endloop
  endfacet
  facet normal -0.780572 9.4723e-06 0.625066
    outer loop
      vertex 9.21885 2.55951 29.5
      vertex 10.0832 1.71003 30.5794
      vertex 10.326 2.03636 30.8826
    endloop
  endfacet
  facet normal -0.780516 0.000157192 0.625136
    outer loop
      vertex 9.21885 2.55951 29.5
      vertex 10.0319 1.50822 30.5154
      vertex 10.0832 1.71003 30.5794
    endloop
  endfacet
  facet normal -0.780595 0 0.625037
    outer loop
      vertex 9.21885 0.660324 29.5
      vertex 10.0319 1.50822 30.5154
      vertex 9.21885 2.55951 29.5
    endloop
  endfacet
  facet normal -0.780598 6.21406e-06 0.625034
    outer loop
      vertex 10.0319 1.50822 30.5154
      vertex 9.21885 0.660324 29.5
      vertex 9.89073 0.95238 30.3391
    endloop
  endfacet
  facet normal -0.780608 6.53271e-05 0.625021
    outer loop
      vertex 9.29467 0.601092 29.5947
      vertex 9.89073 0.95238 30.3391
      vertex 9.21885 0.660324 29.5
    endloop
  endfacet
  facet normal -0.780584 -3.49746e-05 0.62505
    outer loop
      vertex 9.29467 0.601092 29.5947
      vertex 9.95938 0.371655 30.4248
      vertex 9.89073 0.95238 30.3391
    endloop
  endfacet
  facet normal -0.780592 -9.45312e-05 0.62504
    outer loop
      vertex 9.30479 0.346273 29.6073
      vertex 9.95938 0.371655 30.4248
      vertex 9.29467 0.601092 29.5947
    endloop
  endfacet
  facet normal -0.780595 7.29564e-05 0.625037
    outer loop
      vertex 9.31853 0 29.6245
      vertex 9.95938 0.371655 30.4248
      vertex 9.30479 0.346273 29.6073
    endloop
  endfacet
  facet normal -0.780604 0.000111552 0.625026
    outer loop
      vertex 9.95938 0.371655 30.4248
      vertex 9.31853 0 29.6245
      vertex 9.98889 0.122001 30.4617
    endloop
  endfacet
  facet normal -0.780591 -7.34045e-05 0.625043
    outer loop
      vertex 9.30479 -0.346273 29.6073
      vertex 9.98889 0.122001 30.4617
      vertex 9.31853 0 29.6245
    endloop
  endfacet
  facet normal -0.780615 1.64936e-05 0.625013
    outer loop
      vertex 9.98889 0.122001 30.4617
      vertex 9.30479 -0.346273 29.6073
      vertex 10.1788 -0.269584 30.6989
    endloop
  endfacet
  facet normal -0.780617 9.70611e-05 0.625009
    outer loop
      vertex 9.29467 -0.601092 29.5947
      vertex 10.1788 -0.269584 30.6989
      vertex 9.30479 -0.346273 29.6073
    endloop
  endfacet
  facet normal -0.780627 0 0.624997
    outer loop
      vertex 9.21885 -2.55951 29.5
      vertex 9.29467 -0.601092 29.5947
      vertex 9.21885 -0.660324 29.5
    endloop
  endfacet
  facet normal -0.780595 -5.66147e-05 0.625037
    outer loop
      vertex 9.29467 -0.601092 29.5947
      vertex 10.7325 -1.4113 31.3903
      vertex 10.1788 -0.269584 30.6989
    endloop
  endfacet
  facet normal -0.780583 -4.36838e-06 0.625052
    outer loop
      vertex 9.29467 -0.601092 29.5947
      vertex 9.21885 -2.55951 29.5
      vertex 10.7325 -1.4113 31.3903
    endloop
  endfacet
  facet normal -0.780604 6.62398e-05 0.625025
    outer loop
      vertex 10.7325 -1.4113 31.3903
      vertex 9.21885 -2.55951 29.5
      vertex 11.0392 -1.95354 31.7734
    endloop
  endfacet
  facet normal -0.780593 -2.47169e-05 0.62504
    outer loop
      vertex 9.41689 -3.21014 29.7473
      vertex 11.0392 -1.95354 31.7734
      vertex 9.21885 -2.55951 29.5
    endloop
  endfacet
  facet normal -0.780604 1.48452e-05 0.625025
    outer loop
      vertex 11.303 -3.46116 32.1029
      vertex 11.0392 -1.95354 31.7734
      vertex 9.41689 -3.21014 29.7473
    endloop
  endfacet
  facet normal -0.780566 3.19179e-05 0.625073
    outer loop
      vertex 11.0392 -1.95354 31.7734
      vertex 11.303 -3.46116 32.1029
      vertex 11.2976 -2.35089 32.0961
    endloop
  endfacet
  facet normal -0.780547 3.21605e-05 0.625097
    outer loop
      vertex 11.2976 -2.35089 32.0961
      vertex 11.303 -3.46116 32.1029
      vertex 11.3579 -2.43895 32.1714
    endloop
  endfacet
  facet normal -0.7806 9.7302e-05 0.625031
    outer loop
      vertex 9.51109 -3.55517 29.865
      vertex 11.303 -3.46116 32.1029
      vertex 9.41689 -3.21014 29.7473
    endloop
  endfacet
  facet normal -0.780598 -1.27307e-05 0.625033
    outer loop
      vertex 9.55329 -3.70976 29.9177
      vertex 11.303 -3.46116 32.1029
      vertex 9.51109 -3.55517 29.865
    endloop
  endfacet
  facet normal -0.7806 1.79403e-05 0.625031
    outer loop
      vertex 9.51109 -3.82971 29.865
      vertex 11.303 -3.46116 32.1029
      vertex 9.55329 -3.70976 29.9177
    endloop
  endfacet
  facet normal -0.780587 -0.000137123 0.625047
    outer loop
      vertex 9.41689 -4.09743 29.7473
      vertex 11.303 -3.46116 32.1029
      vertex 9.51109 -3.82971 29.865
    endloop
  endfacet
  facet normal -0.780561 0 0.62508
    outer loop
      vertex 9.21885 -4.84923 29.5
      vertex 9.41689 -4.09743 29.7473
      vertex 9.21885 -4.46863 29.5
    endloop
  endfacet
  facet normal -0.78061 3.29066e-05 0.625019
    outer loop
      vertex 9.41689 -4.09743 29.7473
      vertex 9.21885 -4.84923 29.5
      vertex 11.303 -3.46116 32.1029
    endloop
  endfacet
  facet normal -0.22947 0.770521 0.594677
    outer loop
      vertex 19.2812 7.84622 29.5
      vertex 17.43 6.28333 30.8107
      vertex 18.8826 6.72172 30.8032
    endloop
  endfacet
  facet normal 0.619254 0.490793 0.6129
    outer loop
      vertex 19.2812 7.84622 29.5
      vertex 18.8826 6.72172 30.8032
      vertex 19.0854 6.72359 30.5968
    endloop
  endfacet
  facet normal 0.619238 0.490803 0.612908
    outer loop
      vertex 19.6559 5.86968 30.7042
      vertex 19.2812 7.84622 29.5
      vertex 19.0854 6.72359 30.5968
    endloop
  endfacet
  facet normal 0.619235 0.490804 0.61291
    outer loop
      vertex 21.6563 3.62855 30.4778
      vertex 19.2812 7.84622 29.5
      vertex 19.6559 5.86968 30.7042
    endloop
  endfacet
  facet normal 0.619227 0.490771 0.612945
    outer loop
      vertex 25.5 0 29.5
      vertex 21.6563 3.62855 30.4778
      vertex 24.8951 0 30.1111
    endloop
  endfacet
  facet normal 0.619249 0.490808 0.612893
    outer loop
      vertex 21.6563 3.62855 30.4778
      vertex 25.5 0 29.5
      vertex 19.2812 7.84622 29.5
    endloop
  endfacet
  facet normal 0.619223 -0.490817 0.612912
    outer loop
      vertex 19.103 -5.99908 31.1592
      vertex 18.7852 -6.4471 31.1215
      vertex 19.341 -6.22242 30.7399
    endloop
  endfacet
  facet normal 0.619227 -0.490771 0.612945
    outer loop
      vertex 21.6563 -3.62855 30.4778
      vertex 25.5 0 29.5
      vertex 24.8951 0 30.1111
    endloop
  endfacet
  facet normal 0.619241 -0.490806 0.612904
    outer loop
      vertex 19.2812 -7.84622 29.5
      vertex 21.6563 -3.62855 30.4778
      vertex 19.341 -6.22242 30.7399
    endloop
  endfacet
  facet normal 0.619249 -0.490808 0.612893
    outer loop
      vertex 21.6563 -3.62855 30.4778
      vertex 19.2812 -7.84622 29.5
      vertex 25.5 0 29.5
    endloop
  endfacet
  facet normal 0.619223 -0.490813 0.612915
    outer loop
      vertex 19.2812 -7.84622 29.5
      vertex 19.341 -6.22242 30.7399
      vertex 18.7852 -6.4471 31.1215
    endloop
  endfacet
  facet normal -0.229497 0.770534 -0.594649
    outer loop
      vertex 12.5774 5.13353 28.5722
      vertex 9.21885 4.84923 29.5
      vertex 19.2812 7.84622 29.5
    endloop
  endfacet
  facet normal -0.229503 0.770511 -0.594677
    outer loop
      vertex 9.99613 4.3947 28.6111
      vertex 9.21885 4.84923 29.5
      vertex 12.5774 5.13353 28.5722
    endloop
  endfacet
  facet normal -0.228935 0.770907 -0.594383
    outer loop
      vertex 9.21885 4.84923 29.5
      vertex 9.99613 4.3947 28.6111
      vertex 9.85706 4.42418 28.7029
    endloop
  endfacet
  facet normal -0.229488 0.770519 -0.594673
    outer loop
      vertex 12.5774 5.13353 28.5722
      vertex 19.2812 7.84622 29.5
      vertex 17.8585 6.64515 28.4928
    endloop
  endfacet
  facet normal -0.229337 0.770435 -0.59484
    outer loop
      vertex 9.85706 4.42418 28.7029
      vertex 9.99613 4.3947 28.6111
      vertex 9.98812 4.37726 28.5916
    endloop
  endfacet
  facet normal -0.229498 -0.77053 0.594655
    outer loop
      vertex 18.7852 -6.4471 31.1215
      vertex 18.7339 -6.47882 31.0606
      vertex 19.2812 -7.84622 29.5
    endloop
  endfacet
  facet normal -0.229499 -0.77053 0.594655
    outer loop
      vertex 16.7971 -5.74907 31.2587
      vertex 19.2812 -7.84622 29.5
      vertex 18.7339 -6.47882 31.0606
    endloop
  endfacet
  facet normal -0.229488 -0.770519 -0.594673
    outer loop
      vertex 19.2812 -7.84622 29.5
      vertex 17.8585 -6.64515 28.4928
      vertex 18.968 -6.96271 28.4761
    endloop
  endfacet
  facet normal -0.229337 -0.770435 -0.59484
    outer loop
      vertex 9.85706 -4.42418 28.7029
      vertex 9.98812 -4.37726 28.5916
      vertex 9.99613 -4.3947 28.6111
    endloop
  endfacet
  facet normal -0.228935 -0.770907 -0.594383
    outer loop
      vertex 9.99613 -4.3947 28.6111
      vertex 9.21885 -4.84923 29.5
      vertex 9.85706 -4.42418 28.7029
    endloop
  endfacet
  facet normal -0.229503 -0.770511 -0.594677
    outer loop
      vertex 9.21885 -4.84923 29.5
      vertex 9.99613 -4.3947 28.6111
      vertex 12.5774 -5.13353 28.5722
    endloop
  endfacet
  facet normal -0.229497 -0.770534 -0.594649
    outer loop
      vertex 9.21885 -4.84923 29.5
      vertex 12.5774 -5.13353 28.5722
      vertex 19.2812 -7.84622 29.5
    endloop
  endfacet
  facet normal -0.229488 -0.770519 -0.594673
    outer loop
      vertex 19.2812 -7.84622 29.5
      vertex 12.5774 -5.13353 28.5722
      vertex 17.8585 -6.64515 28.4928
    endloop
  endfacet
  facet normal 0.619286 0.490754 -0.612899
    outer loop
      vertex 19.2812 7.84622 29.5
      vertex 19.6018 6.91562 29.0788
      vertex 18.968 6.96271 28.4761
    endloop
  endfacet
  facet normal 0.619173 0.490764 -0.613005
    outer loop
      vertex 19.2812 7.84622 29.5
      vertex 21.3985 4.73712 29.1495
      vertex 19.6018 6.91562 29.0788
    endloop
  endfacet
  facet normal 0.619232 0.490795 -0.612921
    outer loop
      vertex 25.5 0 29.5
      vertex 21.3985 4.73712 29.1495
      vertex 19.2812 7.84622 29.5
    endloop
  endfacet
  facet normal 0.619229 0.490791 -0.612927
    outer loop
      vertex 21.3985 4.73712 29.1495
      vertex 25.5 0 29.5
      vertex 25.3055 0 29.3035
    endloop
  endfacet
  facet normal -0.43214 0.279729 0.857326
    outer loop
      vertex -14.6207 -5.12961 -12.5251
      vertex -14.3636 -5.7 -12.2094
      vertex -13.8692 -6.74479 -11.6193
    endloop
  endfacet
  facet normal -0.433619 0.278813 0.856877
    outer loop
      vertex -14.6207 -5.12961 -12.5251
      vertex -14.5119 -5.48532 -12.3543
      vertex -14.3636 -5.7 -12.2094
    endloop
  endfacet
  facet normal -0.43375 0.278751 0.85683
    outer loop
      vertex -14.5119 -5.48532 -12.3543
      vertex -14.6207 -5.12961 -12.5251
      vertex -14.858 -5.49886 -12.5251
    endloop
  endfacet
  facet normal -0.433779 0.278678 0.856839
    outer loop
      vertex -14.4227 -5.79353 -12.2089
      vertex -13.8692 -6.74479 -11.6193
      vertex -14.3636 -5.7 -12.2094
    endloop
  endfacet
  facet normal -0.433729 0.278716 0.856853
    outer loop
      vertex -14.7236 -6.27039 -12.2061
      vertex -13.8692 -6.74479 -11.6193
      vertex -14.4227 -5.79353 -12.2089
    endloop
  endfacet
  facet normal -0.433817 0.278563 0.856858
    outer loop
      vertex -14.8298 -6.25891 -12.2636
      vertex -13.8692 -6.74479 -11.6193
      vertex -14.7236 -6.27039 -12.2061
    endloop
  endfacet
  facet normal -0.433712 0.278758 0.856848
    outer loop
      vertex -14.8298 -6.25891 -12.2636
      vertex -15.3746 -6.30275 -12.5251
      vertex -13.8692 -6.74479 -11.6193
    endloop
  endfacet
  facet normal -0.433711 0.278777 0.856842
    outer loop
      vertex -15.174 -6.01556 -12.517
      vertex -15.3746 -6.30275 -12.5251
      vertex -14.8298 -6.25891 -12.2636
    endloop
  endfacet
  facet normal -0.43183 0.277424 0.85823
    outer loop
      vertex -15.3746 -6.30275 -12.5251
      vertex -15.174 -6.01556 -12.517
      vertex -15.1851 -6.00778 -12.5251
    endloop
  endfacet
  facet normal -0.735906 0.472901 0.484568
    outer loop
      vertex -15.0289 -5.60652 -12.6796
      vertex -14.6207 -5.12961 -12.5251
      vertex -15.2139 -4.44501 -14.0941
    endloop
  endfacet
  facet normal -0.735931 0.472949 0.484485
    outer loop
      vertex -14.6207 -5.12961 -12.5251
      vertex -15.0289 -5.60652 -12.6796
      vertex -14.858 -5.49886 -12.5251
    endloop
  endfacet
  facet normal -0.735843 0.47296 0.484608
    outer loop
      vertex -15.2139 -4.44501 -14.0941
      vertex -15.1987 -5.99263 -12.5606
      vertex -15.0289 -5.60652 -12.6796
    endloop
  endfacet
  facet normal -0.736265 0.473005 0.483922
    outer loop
      vertex -15.1987 -5.99263 -12.5606
      vertex -15.3746 -6.30275 -12.5251
      vertex -15.1851 -6.00778 -12.5251
    endloop
  endfacet
  facet normal -0.735935 0.472888 0.484537
    outer loop
      vertex -15.3746 -6.30275 -12.5251
      vertex -15.1987 -5.99263 -12.5606
      vertex -15.2139 -4.44501 -14.0941
    endloop
  endfacet
  facet normal -0.515491 0 0.856895
    outer loop
      vertex -13.8692 -6.74479 -11.6193
      vertex -14.2236 -7 -11.8325
      vertex -13.8692 -7.25521 -11.6193
    endloop
  endfacet
  facet normal -0.515539 9.0965e-05 0.856866
    outer loop
      vertex -13.8692 -6.74479 -11.6193
      vertex -14.3007 -6.88435 -11.8789
      vertex -14.2236 -7 -11.8325
    endloop
  endfacet
  facet normal -0.515506 -4.85281e-05 0.856886
    outer loop
      vertex -13.8692 -6.74479 -11.6193
      vertex -14.4982 -6.58812 -11.9977
      vertex -14.3007 -6.88435 -11.8789
    endloop
  endfacet
  facet normal -0.515351 0 0.856979
    outer loop
      vertex -15.0666 -6.69899 -12.3398
      vertex -15.3024 -6.33049 -12.4816
      vertex -15.0666 -7.30101 -12.3398
    endloop
  endfacet
  facet normal -0.516236 -0.000771784 0.856446
    outer loop
      vertex -15.0258 -6.69103 -12.3152
      vertex -15.3024 -6.33049 -12.4816
      vertex -15.0666 -6.69899 -12.3398
    endloop
  endfacet
  facet normal -0.515602 -0.000109158 0.856828
    outer loop
      vertex -14.4982 -6.58812 -11.9977
      vertex -15.3024 -6.33049 -12.4816
      vertex -15.0258 -6.69103 -12.3152
    endloop
  endfacet
  facet normal -0.515106 0.0021298 0.857124
    outer loop
      vertex -15.3746 -6.30275 -12.5251
      vertex -14.4982 -6.58812 -11.9977
      vertex -13.8692 -6.74479 -11.6193
    endloop
  endfacet
  facet normal -0.51309 0.0104448 0.858271
    outer loop
      vertex -14.4982 -6.58812 -11.9977
      vertex -15.3746 -6.30275 -12.5251
      vertex -15.3024 -6.33049 -12.4816
    endloop
  endfacet
  facet normal -0.516065 0 0.856549
    outer loop
      vertex -15.3024 -6.33049 -12.4816
      vertex -15.3746 -6.30275 -12.5251
      vertex -15.3746 -6.31023 -12.5251
    endloop
  endfacet
  facet normal -0.515539 -9.0965e-05 0.856866
    outer loop
      vertex -14.3007 -7.11565 -11.8789
      vertex -13.8692 -7.25521 -11.6193
      vertex -14.2236 -7 -11.8325
    endloop
  endfacet
  facet normal -0.515506 4.85281e-05 0.856886
    outer loop
      vertex -14.4982 -7.41188 -11.9977
      vertex -13.8692 -7.25521 -11.6193
      vertex -14.3007 -7.11565 -11.8789
    endloop
  endfacet
  facet normal -0.515351 0 0.856979
    outer loop
      vertex -15.3024 -7.66951 -12.4816
      vertex -15.0666 -7.30101 -12.3398
      vertex -15.3024 -6.33049 -12.4816
    endloop
  endfacet
  facet normal -0.516236 0.000771784 0.856446
    outer loop
      vertex -15.3024 -7.66951 -12.4816
      vertex -15.0258 -7.30897 -12.3152
      vertex -15.0666 -7.30101 -12.3398
    endloop
  endfacet
  facet normal -0.515602 0.000109158 0.856828
    outer loop
      vertex -15.3024 -7.66951 -12.4816
      vertex -14.4982 -7.41188 -11.9977
      vertex -15.0258 -7.30897 -12.3152
    endloop
  endfacet
  facet normal -0.51309 -0.0104448 0.858271
    outer loop
      vertex -15.3746 -7.69725 -12.5251
      vertex -14.4982 -7.41188 -11.9977
      vertex -15.3024 -7.66951 -12.4816
    endloop
  endfacet
  facet normal -0.515106 -0.0021298 0.857124
    outer loop
      vertex -14.4982 -7.41188 -11.9977
      vertex -15.3746 -7.69725 -12.5251
      vertex -13.8692 -7.25521 -11.6193
    endloop
  endfacet
  facet normal -0.516065 0 0.856549
    outer loop
      vertex -15.3746 -7.69725 -12.5251
      vertex -15.3024 -7.66951 -12.4816
      vertex -15.3746 -7.68977 -12.5251
    endloop
  endfacet
  facet normal -0.214164 0.468966 0.856857
    outer loop
      vertex -13.3522 -4.55032 -12.5251
      vertex -14.6207 -5.12961 -12.5251
      vertex -13.1289 -6.10335 -11.6193
    endloop
  endfacet
  facet normal -0.735874 0.472928 -0.484591
    outer loop
      vertex -15.3746 -6.30275 -17.4749
      vertex -16.2438 -6.04753 -15.9059
      vertex -15.2139 -4.44501 -15.9059
    endloop
  endfacet
  facet normal -0.735842 0.472885 0.484683
    outer loop
      vertex -15.2139 -4.44501 -14.0941
      vertex -15.8381 -5.54043 -13.973
      vertex -15.7033 -5.4674 -13.8396
    endloop
  endfacet
  facet normal -0.735766 0.472857 0.484823
    outer loop
      vertex -15.8381 -5.54043 -13.973
      vertex -15.2139 -4.44501 -14.0941
      vertex -15.9605 -5.60672 -14.0941
    endloop
  endfacet
  facet normal -0.736012 0.472898 0.484411
    outer loop
      vertex -15.6327 -5.52418 -13.6769
      vertex -15.2139 -4.44501 -14.0941
      vertex -15.7033 -5.4674 -13.8396
    endloop
  endfacet
  facet normal -0.735846 0.472922 0.484639
    outer loop
      vertex -15.4863 -5.64184 -13.3398
      vertex -15.2139 -4.44501 -14.0941
      vertex -15.6327 -5.52418 -13.6769
    endloop
  endfacet
  facet normal -0.73595 0.472876 0.484527
    outer loop
      vertex -15.4126 -6.10729 -12.7736
      vertex -15.2139 -4.44501 -14.0941
      vertex -15.4863 -5.64184 -13.3398
    endloop
  endfacet
  facet normal -0.737462 0.471462 0.483604
    outer loop
      vertex -15.3746 -6.30275 -12.5251
      vertex -15.4126 -6.10729 -12.7736
      vertex -15.382 -6.30058 -12.5385
    endloop
  endfacet
  facet normal -0.736022 0.472831 0.48446
    outer loop
      vertex -15.4126 -6.10729 -12.7736
      vertex -15.3746 -6.30275 -12.5251
      vertex -15.2139 -4.44501 -14.0941
    endloop
  endfacet
  facet normal 0.366222 -0.634313 -0.680829
    outer loop
      vertex -7.60664 -9.23083 -15.1458
      vertex -11.9719 -9.25122 -17.4749
      vertex -6.26472 -8.45607 -15.1458
    endloop
  endfacet
  facet normal 0.574793 -0.209209 -0.791103
    outer loop
      vertex -6.26472 -8.45607 -15.1458
      vertex -7.33718 -7.55617 -16.163
      vertex -5.73475 -7 -15.1458
    endloop
  endfacet
  facet normal -0.0250433 -0.867207 0.497318
    outer loop
      vertex -13.3522 -9.44968 -12.5251
      vertex -8.58022 -9.30465 -12.0319
      vertex -8.58927 -9.26826 -11.9689
    endloop
  endfacet
  facet normal -0.025072 -0.86707 0.497555
    outer loop
      vertex -13.4811 -10.3463 -14.0941
      vertex -8.58022 -9.30465 -12.0319
      vertex -13.3522 -9.44968 -12.5251
    endloop
  endfacet
  facet normal -0.0250877 -0.867053 0.497584
    outer loop
      vertex -8.58022 -9.30465 -12.0319
      vertex -13.4811 -10.3463 -14.0941
      vertex -8.28828 -9.36027 -12.1141
    endloop
  endfacet
  facet normal 0.4782 -0.828281 0.29202
    outer loop
      vertex -7.38704 -9.57309 -13.1846
      vertex -7.51378 -9.75746 -13.5
      vertex -7.27442 -9.50807 -13.1846
    endloop
  endfacet
  facet normal 0.47824 -0.828266 0.291995
    outer loop
      vertex -7.51586 -9.5342 -12.8633
      vertex -7.51378 -9.75746 -13.5
      vertex -7.38704 -9.57309 -13.1846
    endloop
  endfacet
  facet normal 0.477839 -0.828472 0.292066
    outer loop
      vertex -7.51378 -9.75746 -13.5
      vertex -7.51586 -9.5342 -12.8633
      vertex -7.55525 -9.5223 -12.7651
    endloop
  endfacet
  facet normal -0.735766 -0.472857 0.484823
    outer loop
      vertex -15.2139 -9.55499 -14.0941
      vertex -15.8381 -8.45957 -13.973
      vertex -15.9605 -8.39328 -14.0941
    endloop
  endfacet
  facet normal -0.735842 -0.472885 0.484683
    outer loop
      vertex -15.8381 -8.45957 -13.973
      vertex -15.2139 -9.55499 -14.0941
      vertex -15.7033 -8.5326 -13.8396
    endloop
  endfacet
  facet normal -0.737462 -0.471462 0.483604
    outer loop
      vertex -15.4126 -7.89271 -12.7736
      vertex -15.3746 -7.69725 -12.5251
      vertex -15.382 -7.69942 -12.5385
    endloop
  endfacet
  facet normal -0.73595 -0.472876 0.484527
    outer loop
      vertex -15.2139 -9.55499 -14.0941
      vertex -15.4126 -7.89271 -12.7736
      vertex -15.4863 -8.35816 -13.3398
    endloop
  endfacet
  facet normal -0.736022 -0.472831 0.48446
    outer loop
      vertex -15.4126 -7.89271 -12.7736
      vertex -15.2139 -9.55499 -14.0941
      vertex -15.3746 -7.69725 -12.5251
    endloop
  endfacet
  facet normal -0.735846 -0.472922 0.484639
    outer loop
      vertex -15.6327 -8.47582 -13.6769
      vertex -15.2139 -9.55499 -14.0941
      vertex -15.4863 -8.35816 -13.3398
    endloop
  endfacet
  facet normal -0.736012 -0.472898 0.484411
    outer loop
      vertex -15.2139 -9.55499 -14.0941
      vertex -15.6327 -8.47582 -13.6769
      vertex -15.7033 -8.5326 -13.8396
    endloop
  endfacet
  facet normal -0.363373 -0.795709 -0.484568
    outer loop
      vertex -13.4811 -10.3463 -15.9059
      vertex -15.2139 -9.55499 -15.9059
      vertex -13.3522 -9.44968 -17.4749
    endloop
  endfacet
  facet normal -0.0701865 -0.600165 0.796791
    outer loop
      vertex -8.8659 -8.88409 -11.7039
      vertex -13.3522 -9.44968 -12.5251
      vertex -8.58927 -9.26826 -11.9689
    endloop
  endfacet
  facet normal -0.0702756 -0.599822 0.797042
    outer loop
      vertex -8.90425 -8.83083 -11.6672
      vertex -13.3522 -9.44968 -12.5251
      vertex -8.8659 -8.88409 -11.7039
    endloop
  endfacet
  facet normal -0.070174 -0.600185 0.796777
    outer loop
      vertex -13.3522 -9.44968 -12.5251
      vertex -8.90425 -8.83083 -11.6672
      vertex -9.20518 -8.24564 -11.2529
    endloop
  endfacet
  facet normal 0.898784 0.326989 0.292001
    outer loop
      vertex -5.88486 -5.32584 -13.2676
      vertex -5.85507 -5.20019 -13.5
      vertex -5.93549 -5.26767 -13.1769
    endloop
  endfacet
  facet normal 0.898592 0.32736 0.292177
    outer loop
      vertex -5.86445 -5.35259 -13.3004
      vertex -5.85507 -5.20019 -13.5
      vertex -5.88486 -5.32584 -13.2676
    endloop
  endfacet
  facet normal 0.898976 0.326723 0.291709
    outer loop
      vertex -5.85507 -5.20019 -13.5
      vertex -5.86445 -5.35259 -13.3004
      vertex -5.84301 -5.38069 -13.335
    endloop
  endfacet
  facet normal 0.38682 -0.321159 -0.864423
    outer loop
      vertex -10.918 -8.33802 -17.4749
      vertex -12.2379 -7.48975 -18.3807
      vertex -7.33718 -7.55617 -16.163
    endloop
  endfacet
  facet normal -1 0 0
    outer loop
      vertex -16.2438 -6.04753 -15.9059
      vertex -16.2438 -6.62075 -14.7332
      vertex -16.2438 -6.04753 -14.4943
    endloop
  endfacet
  facet normal -1 0 0
    outer loop
      vertex -16.2438 -6.04753 -15.9059
      vertex -16.2438 -7 -14.8913
      vertex -16.2438 -6.62075 -14.7332
    endloop
  endfacet
  facet normal -1 0 0
    outer loop
      vertex -16.2438 -7.95246 -15.9059
      vertex -16.2438 -7 -14.8913
      vertex -16.2438 -6.04753 -15.9059
    endloop
  endfacet
  facet normal -1 -0 0
    outer loop
      vertex -16.2438 -7 -14.8913
      vertex -16.2438 -7.95246 -15.9059
      vertex -16.2438 -7.37925 -14.7332
    endloop
  endfacet
  facet normal -1 -0 0
    outer loop
      vertex -16.2438 -7.37925 -14.7332
      vertex -16.2438 -7.95246 -15.9059
      vertex -16.2438 -7.95246 -14.4943
    endloop
  endfacet
  facet normal -0.363382 0.795699 -0.484578
    outer loop
      vertex -13.3522 -4.55032 -17.4749
      vertex -15.2139 -4.44501 -15.9059
      vertex -13.4811 -3.65367 -15.9059
    endloop
  endfacet
  facet normal -0.735894 -0.472915 -0.484573
    outer loop
      vertex -15.2139 -9.55499 -15.9059
      vertex -15.3746 -7.69725 -17.4749
      vertex -14.6207 -8.87038 -17.4749
    endloop
  endfacet
  facet normal 0.898752 -0.327096 -0.291982
    outer loop
      vertex -5.74783 -8.50514 -13.5
      vertex -5.85507 -8.7998 -13.5
      vertex -5.83073 -8.43558 -13.8331
    endloop
  endfacet
  facet normal 0.89859 -0.327555 -0.291967
    outer loop
      vertex -5.40508 -7.00755 -14.1227
      vertex -5.73475 -7 -15.1458
      vertex -5.39401 -7 -14.0971
    endloop
  endfacet
  facet normal 0.898745 -0.327088 -0.292013
    outer loop
      vertex -5.52455 -7.33582 -14.1227
      vertex -5.73475 -7 -15.1458
      vertex -5.40508 -7.00755 -14.1227
    endloop
  endfacet
  facet normal 0.898732 -0.327116 -0.29202
    outer loop
      vertex -5.73475 -7 -15.1458
      vertex -5.52455 -7.33582 -14.1227
      vertex -5.80955 -8.11884 -14.1227
    endloop
  endfacet
  facet normal 0.478081 -0.82831 0.292133
    outer loop
      vertex -7.51378 -9.75746 -13.5
      vertex -7.25926 -9.49932 -13.1846
      vertex -7.27442 -9.50807 -13.1846
    endloop
  endfacet
  facet normal 0.47821 -0.82828 0.292005
    outer loop
      vertex -7.25926 -9.49932 -13.1846
      vertex -7.51378 -9.75746 -13.5
      vertex -5.85507 -8.7998 -13.5
    endloop
  endfacet
  facet normal 0.47821 -0.828275 0.292019
    outer loop
      vertex -7.25926 -9.49932 -13.1846
      vertex -5.85507 -8.7998 -13.5
      vertex -5.93358 -8.73393 -13.1846
    endloop
  endfacet
  facet normal -0.0701718 0.600187 0.796775
    outer loop
      vertex -8.9024 -5.17401 -11.6634
      vertex -13.3522 -4.55032 -12.5251
      vertex -9.19636 -5.75692 -11.2502
    endloop
  endfacet
  facet normal -0.0703317 0.599619 0.797189
    outer loop
      vertex -8.8625 -5.122 -11.699
      vertex -13.3522 -4.55032 -12.5251
      vertex -8.9024 -5.17401 -11.6634
    endloop
  endfacet
  facet normal -0.0701616 0.600269 0.796715
    outer loop
      vertex -13.3522 -4.55032 -12.5251
      vertex -8.8625 -5.122 -11.699
      vertex -8.56382 -4.73271 -11.966
    endloop
  endfacet
  facet normal -0.214169 0.468961 0.856859
    outer loop
      vertex -13.1289 -6.10335 -11.6193
      vertex -14.6207 -5.12961 -12.5251
      vertex -13.5932 -6.31539 -11.6193
    endloop
  endfacet
  facet normal -0.433682 0.278753 0.856864
    outer loop
      vertex -13.5932 -6.31539 -11.6193
      vertex -14.6207 -5.12961 -12.5251
      vertex -13.8692 -6.74479 -11.6193
    endloop
  endfacet
  facet normal 0.141454 0.983809 -0.110047
    outer loop
      vertex -11.5956 -3.92477 -15.9059
      vertex -13.4811 -3.65367 -15.9059
      vertex -7.51378 -4.24254 -13.5
    endloop
  endfacet
  facet normal -0.025194 0.866548 0.498458
    outer loop
      vertex -8.55988 -4.71856 -11.9904
      vertex -13.3522 -4.55032 -12.5251
      vertex -8.56382 -4.73271 -11.966
    endloop
  endfacet
  facet normal -0.0250762 0.867063 0.497567
    outer loop
      vertex -13.4811 -3.65367 -14.0941
      vertex -8.55988 -4.71856 -11.9904
      vertex -8.22171 -4.65237 -12.0887
    endloop
  endfacet
  facet normal -0.0250766 0.867063 0.497568
    outer loop
      vertex -8.55988 -4.71856 -11.9904
      vertex -13.4811 -3.65367 -14.0941
      vertex -13.3522 -4.55032 -12.5251
    endloop
  endfacet
  facet normal 0.252809 -0.917259 -0.307772
    outer loop
      vertex -7.51378 -9.75746 -13.5
      vertex -11.5956 -10.0752 -15.9059
      vertex -7.60664 -9.23083 -15.1458
    endloop
  endfacet
  facet normal 0.0733745 -0.510308 -0.856856
    outer loop
      vertex -12.6237 -7.82401 -18.3807
      vertex -13.3522 -9.44968 -17.4749
      vertex -13.1289 -7.89665 -18.3807
    endloop
  endfacet
  facet normal -0.875387 0 0.483423
    outer loop
      vertex -15.3746 -7.68977 -12.5251
      vertex -15.382 -7.69942 -12.5385
      vertex -15.3746 -7.69725 -12.5251
    endloop
  endfacet
  facet normal -0.875387 0 0.483423
    outer loop
      vertex -15.3746 -6.30275 -12.5251
      vertex -15.382 -6.30058 -12.5385
      vertex -15.3746 -6.31023 -12.5251
    endloop
  endfacet
  facet normal -0.433684 -0.278753 0.856864
    outer loop
      vertex -13.8692 -7.25521 -11.6193
      vertex -14.6207 -8.87038 -12.5251
      vertex -13.5932 -7.68461 -11.6193
    endloop
  endfacet
  facet normal -0.84125 -0.540647 0
    outer loop
      vertex -15.2139 -9.55499 -15.9059
      vertex -16.2438 -7.95246 -14.4943
      vertex -16.2438 -7.95246 -15.9059
    endloop
  endfacet
  facet normal -0.841251 -0.540645 -2.50925e-06
    outer loop
      vertex -16.2438 -7.95246 -14.4943
      vertex -15.2139 -9.55499 -15.9059
      vertex -15.9605 -8.39328 -14.0941
    endloop
  endfacet
  facet normal -0.841249 -0.540648 0
    outer loop
      vertex -15.9605 -8.39328 -14.0941
      vertex -15.2139 -9.55499 -15.9059
      vertex -15.2139 -9.55499 -14.0941
    endloop
  endfacet
  facet normal -0.735877 -0.472927 -0.484589
    outer loop
      vertex -15.2139 -9.55499 -15.9059
      vertex -16.2438 -7.95246 -15.9059
      vertex -15.3746 -7.69725 -17.4749
    endloop
  endfacet
  facet normal 0.124493 -0.865849 -0.484569
    outer loop
      vertex -11.5956 -10.0752 -15.9059
      vertex -13.4811 -10.3463 -15.9059
      vertex -11.9719 -9.25122 -17.4749
    endloop
  endfacet
  facet normal 0.574793 0.209208 -0.791103
    outer loop
      vertex -7.13475 -7 -16.163
      vertex -7.33718 -6.44383 -16.163
      vertex -5.73475 -7 -15.1458
    endloop
  endfacet
  facet normal 0.898706 0.32709 0.29213
    outer loop
      vertex -5.74046 -5.51509 -13.5
      vertex -5.85507 -5.20019 -13.5
      vertex -5.84301 -5.38069 -13.335
    endloop
  endfacet
  facet normal -0.841249 0.540648 0
    outer loop
      vertex -15.2139 -4.44501 -15.9059
      vertex -15.9605 -5.60672 -14.0941
      vertex -15.2139 -4.44501 -14.0941
    endloop
  endfacet
  facet normal -0.841248 0.540649 0
    outer loop
      vertex -16.2438 -6.04753 -14.4943
      vertex -15.2139 -4.44501 -15.9059
      vertex -16.2438 -6.04753 -15.9059
    endloop
  endfacet
  facet normal -0.841247 0.540651 2.46134e-06
    outer loop
      vertex -15.2139 -4.44501 -15.9059
      vertex -16.2438 -6.04753 -14.4943
      vertex -15.9605 -5.60672 -14.0941
    endloop
  endfacet
  facet normal -0.363377 0.795705 -0.484573
    outer loop
      vertex -14.6207 -5.12961 -17.4749
      vertex -15.2139 -4.44501 -15.9059
      vertex -13.3522 -4.55032 -17.4749
    endloop
  endfacet
  facet normal 0.269352 -0.824522 -0.497608
    outer loop
      vertex -11.5956 -10.0752 -15.9059
      vertex -11.9719 -9.25122 -17.4749
      vertex -7.60664 -9.23083 -15.1458
    endloop
  endfacet
  facet normal 0.898765 -0.327101 0.291937
    outer loop
      vertex -5.84338 -8.62488 -13.34
      vertex -5.85507 -8.7998 -13.5
      vertex -5.74783 -8.50514 -13.5
    endloop
  endfacet
  facet normal 0.0733722 -0.510308 -0.856856
    outer loop
      vertex -11.9719 -9.25122 -17.4749
      vertex -13.3522 -9.44968 -17.4749
      vertex -12.6237 -7.82401 -18.3807
    endloop
  endfacet
  facet normal 0.124492 -0.865849 -0.48457
    outer loop
      vertex -11.9719 -9.25122 -17.4749
      vertex -13.4811 -10.3463 -15.9059
      vertex -13.3522 -9.44968 -17.4749
    endloop
  endfacet
  facet normal 0.337614 -0.389631 -0.856858
    outer loop
      vertex -11.9719 -9.25122 -17.4749
      vertex -12.6237 -7.82401 -18.3807
      vertex -10.918 -8.33802 -17.4749
    endloop
  endfacet
  facet normal 0.405318 0.119009 -0.906396
    outer loop
      vertex -12.0941 -7 -18.3807
      vertex -12.2379 -6.51025 -18.3807
      vertex -7.13475 -7 -16.163
    endloop
  endfacet
  facet normal 0.0982055 0.995166 0
    outer loop
      vertex -7.51378 -4.24254 -13.5
      vertex -13.4811 -3.65367 -15.9059
      vertex -13.4811 -3.65367 -14.0941
    endloop
  endfacet
  facet normal -0.433684 -0.278753 -0.856864
    outer loop
      vertex -13.5932 -7.68461 -18.3807
      vertex -14.6207 -8.87038 -17.4749
      vertex -13.8692 -7.25521 -18.3807
    endloop
  endfacet
  facet normal -0.363381 -0.7957 0.484577
    outer loop
      vertex -14.6207 -8.87038 -12.5251
      vertex -15.2139 -9.55499 -14.0941
      vertex -13.3522 -9.44968 -12.5251
    endloop
  endfacet
  facet normal -0.87474 0 -0.484592
    outer loop
      vertex -15.3746 -7.69725 -17.4749
      vertex -16.2438 -6.04753 -15.9059
      vertex -15.3746 -6.30275 -17.4749
    endloop
  endfacet
  facet normal -0.87474 -0 -0.484592
    outer loop
      vertex -16.2438 -6.04753 -15.9059
      vertex -15.3746 -7.69725 -17.4749
      vertex -16.2438 -7.95246 -15.9059
    endloop
  endfacet
  facet normal 0.898608 -0.327313 0.292181
    outer loop
      vertex -5.86587 -8.65306 -13.3024
      vertex -5.85507 -8.7998 -13.5
      vertex -5.84338 -8.62488 -13.34
    endloop
  endfacet
  facet normal 0.898697 -0.327163 0.292074
    outer loop
      vertex -5.88571 -8.67792 -13.2692
      vertex -5.85507 -8.7998 -13.5
      vertex -5.86587 -8.65306 -13.3024
    endloop
  endfacet
  facet normal 0.898754 -0.327052 0.292023
    outer loop
      vertex -5.85507 -8.7998 -13.5
      vertex -5.88571 -8.67792 -13.2692
      vertex -5.93358 -8.73393 -13.1846
    endloop
  endfacet
  facet normal -0.363382 0.795699 0.484578
    outer loop
      vertex -13.4811 -3.65367 -14.0941
      vertex -15.2139 -4.44501 -14.0941
      vertex -13.3522 -4.55032 -12.5251
    endloop
  endfacet
  facet normal -0.363377 0.795705 0.484573
    outer loop
      vertex -13.3522 -4.55032 -12.5251
      vertex -15.2139 -4.44501 -14.0941
      vertex -14.6207 -5.12961 -12.5251
    endloop
  endfacet
  facet normal 0.0631588 0.949481 0.307403
    outer loop
      vertex -7.51378 -4.24254 -13.5
      vertex -8.22171 -4.65237 -12.0887
      vertex -7.55804 -4.49352 -12.7157
    endloop
  endfacet
  facet normal 0.0630965 0.949494 0.307376
    outer loop
      vertex -8.22171 -4.65237 -12.0887
      vertex -7.51378 -4.24254 -13.5
      vertex -13.4811 -3.65367 -14.0941
    endloop
  endfacet
  facet normal 0.478196 0.828289 0.292002
    outer loop
      vertex -7.26859 -4.498 -13.1769
      vertex -7.51378 -4.24254 -13.5
      vertex -7.3831 -4.43189 -13.1769
    endloop
  endfacet
  facet normal 0.478166 0.8283 0.292021
    outer loop
      vertex -7.51378 -4.24254 -13.5
      vertex -7.51421 -4.47808 -12.8312
      vertex -7.3831 -4.43189 -13.1769
    endloop
  endfacet
  facet normal 0.477838 0.828468 0.29208
    outer loop
      vertex -7.51421 -4.47808 -12.8312
      vertex -7.51378 -4.24254 -13.5
      vertex -7.55804 -4.49352 -12.7157
    endloop
  endfacet
  facet normal 0.337602 -0.389657 -0.85685
    outer loop
      vertex -10.918 -8.33802 -17.4749
      vertex -12.6237 -7.82401 -18.3807
      vertex -12.2379 -7.48975 -18.3807
    endloop
  endfacet
  facet normal 0.406086 -0.147804 -0.901803
    outer loop
      vertex -7.33718 -7.55617 -16.163
      vertex -12.2379 -7.48975 -18.3807
      vertex -7.13475 -7 -16.163
    endloop
  endfacet
  facet normal -0.363381 -0.7957 -0.484577
    outer loop
      vertex -13.3522 -9.44968 -17.4749
      vertex -15.2139 -9.55499 -15.9059
      vertex -14.6207 -8.87038 -17.4749
    endloop
  endfacet
  facet normal -0.433724 0.278726 -0.856852
    outer loop
      vertex -13.8692 -6.74479 -18.3807
      vertex -15.3746 -6.30275 -17.4749
      vertex -14.6207 -5.12961 -17.4749
    endloop
  endfacet
  facet normal 0 0 -1
    outer loop
      vertex -12.2379 -7.48975 -18.3807
      vertex -12.2379 -6.51025 -18.3807
      vertex -12.0941 -7 -18.3807
    endloop
  endfacet
  facet normal 0 0 -1
    outer loop
      vertex -12.6237 -7.82401 -18.3807
      vertex -12.2379 -6.51025 -18.3807
      vertex -12.2379 -7.48975 -18.3807
    endloop
  endfacet
  facet normal 0 0 -1
    outer loop
      vertex -12.6237 -7.82401 -18.3807
      vertex -12.6237 -6.17599 -18.3807
      vertex -12.2379 -6.51025 -18.3807
    endloop
  endfacet
  facet normal 0 0 -1
    outer loop
      vertex -13.1289 -7.89665 -18.3807
      vertex -12.6237 -6.17599 -18.3807
      vertex -12.6237 -7.82401 -18.3807
    endloop
  endfacet
  facet normal 0 0 -1
    outer loop
      vertex -13.1289 -7.89665 -18.3807
      vertex -13.1289 -6.10335 -18.3807
      vertex -12.6237 -6.17599 -18.3807
    endloop
  endfacet
  facet normal 0 0 -1
    outer loop
      vertex -13.5932 -7.68461 -18.3807
      vertex -13.1289 -6.10335 -18.3807
      vertex -13.1289 -7.89665 -18.3807
    endloop
  endfacet
  facet normal 0 0 -1
    outer loop
      vertex -13.5932 -7.68461 -18.3807
      vertex -13.5932 -6.31539 -18.3807
      vertex -13.1289 -6.10335 -18.3807
    endloop
  endfacet
  facet normal 0 0 -1
    outer loop
      vertex -13.8692 -7.25521 -18.3807
      vertex -13.5932 -6.31539 -18.3807
      vertex -13.5932 -7.68461 -18.3807
    endloop
  endfacet
  facet normal 0 0 -1
    outer loop
      vertex -13.5932 -6.31539 -18.3807
      vertex -13.8692 -7.25521 -18.3807
      vertex -13.8692 -6.74479 -18.3807
    endloop
  endfacet
  facet normal 0.390417 -0.45057 -0.802846
    outer loop
      vertex -6.26472 -8.45607 -15.1458
      vertex -11.9719 -9.25122 -17.4749
      vertex -10.918 -8.33802 -17.4749
    endloop
  endfacet
  facet normal 0.392112 -0.443625 -0.805882
    outer loop
      vertex -6.26472 -8.45607 -15.1458
      vertex -10.918 -8.33802 -17.4749
      vertex -7.33718 -7.55617 -16.163
    endloop
  endfacet
  facet normal 0.478208 -0.828277 -0.292017
    outer loop
      vertex -5.85507 -8.7998 -13.5
      vertex -7.51378 -9.75746 -13.5
      vertex -6.26472 -8.45607 -15.1458
    endloop
  endfacet
  facet normal -0.363373 -0.795709 0.484568
    outer loop
      vertex -13.3522 -9.44968 -12.5251
      vertex -15.2139 -9.55499 -14.0941
      vertex -13.4811 -10.3463 -14.0941
    endloop
  endfacet
  facet normal -0.433723 -0.278728 -0.856852
    outer loop
      vertex -14.6207 -8.87038 -17.4749
      vertex -15.3746 -7.69725 -17.4749
      vertex -13.8692 -7.25521 -18.3807
    endloop
  endfacet
  facet normal -0.214168 -0.468965 -0.856857
    outer loop
      vertex -13.3522 -9.44968 -17.4749
      vertex -14.6207 -8.87038 -17.4749
      vertex -13.1289 -7.89665 -18.3807
    endloop
  endfacet
  facet normal -0.150226 -0.126077 0.98058
    outer loop
      vertex -9.49252 -7.35118 -10.9482
      vertex -13.5932 -7.68461 -11.6193
      vertex -9.51772 -7.7357 -11.0015
    endloop
  endfacet
  facet normal -0.150374 -0.0751872 0.985766
    outer loop
      vertex -9.51771 -7.73572 -11.0015
      vertex -9.51772 -7.7357 -11.0015
      vertex -13.5932 -7.68461 -11.6193
    endloop
  endfacet
  facet normal -0.415401 -0.909639 0
    outer loop
      vertex -15.2139 -9.55499 -15.9059
      vertex -13.4811 -10.3463 -14.0941
      vertex -15.2139 -9.55499 -14.0941
    endloop
  endfacet
  facet normal -0.415401 -0.909639 -0
    outer loop
      vertex -13.4811 -10.3463 -14.0941
      vertex -15.2139 -9.55499 -15.9059
      vertex -13.4811 -10.3463 -15.9059
    endloop
  endfacet
  facet normal -0.145863 -0.320267 0.936031
    outer loop
      vertex -9.51771 -7.73572 -11.0015
      vertex -13.1289 -7.89665 -11.6193
      vertex -9.48348 -7.78229 -11.0121
    endloop
  endfacet
  facet normal -0.145935 -0.319551 0.936264
    outer loop
      vertex -13.1289 -7.89665 -11.6193
      vertex -9.51771 -7.73572 -11.0015
      vertex -13.5932 -7.68461 -11.6193
    endloop
  endfacet
  facet normal 0.141453 -0.983808 -0.110059
    outer loop
      vertex -7.51378 -9.75746 -13.5
      vertex -13.4811 -10.3463 -15.9059
      vertex -11.5956 -10.0752 -15.9059
    endloop
  endfacet
  facet normal 0.898737 0.327108 -0.292013
    outer loop
      vertex -5.51404 -6.67022 -14.0971
      vertex -5.73475 -7 -15.1458
      vertex -5.81142 -5.85316 -14.0971
    endloop
  endfacet
  facet normal 0.898735 0.327113 -0.292014
    outer loop
      vertex -5.73475 -7 -15.1458
      vertex -5.51404 -6.67022 -14.0971
      vertex -5.39401 -7 -14.0971
    endloop
  endfacet
  facet normal 0.898733 0.3271 -0.292035
    outer loop
      vertex -5.82905 -5.58943 -13.8559
      vertex -5.85507 -5.20019 -13.5
      vertex -5.74046 -5.51509 -13.5
    endloop
  endfacet
  facet normal 0.406086 0.147804 -0.901803
    outer loop
      vertex -7.13475 -7 -16.163
      vertex -12.2379 -6.51025 -18.3807
      vertex -7.33718 -6.44383 -16.163
    endloop
  endfacet
  facet normal 0.478208 0.828279 0.292014
    outer loop
      vertex -5.85507 -5.20019 -13.5
      vertex -7.25221 -4.50746 -13.1769
      vertex -5.93549 -5.26767 -13.1769
    endloop
  endfacet
  facet normal 0.478207 0.828285 0.291998
    outer loop
      vertex -7.51378 -4.24254 -13.5
      vertex -7.25221 -4.50746 -13.1769
      vertex -5.85507 -5.20019 -13.5
    endloop
  endfacet
  facet normal 0.478344 0.828253 0.291861
    outer loop
      vertex -7.25221 -4.50746 -13.1769
      vertex -7.51378 -4.24254 -13.5
      vertex -7.26859 -4.498 -13.1769
    endloop
  endfacet
  facet normal -0.214169 0.468961 -0.856859
    outer loop
      vertex -13.5932 -6.31539 -18.3807
      vertex -14.6207 -5.12961 -17.4749
      vertex -13.1289 -6.10335 -18.3807
    endloop
  endfacet
  facet normal 0.405318 -0.119009 -0.906396
    outer loop
      vertex -7.13475 -7 -16.163
      vertex -12.2379 -7.48975 -18.3807
      vertex -12.0941 -7 -18.3807
    endloop
  endfacet
  facet normal 0.0733745 0.510308 -0.856856
    outer loop
      vertex -13.1289 -6.10335 -18.3807
      vertex -13.3522 -4.55032 -17.4749
      vertex -12.6237 -6.17599 -18.3807
    endloop
  endfacet
  facet normal 0.574793 -0.209208 -0.791103
    outer loop
      vertex -5.73475 -7 -15.1458
      vertex -7.33718 -7.55617 -16.163
      vertex -7.13475 -7 -16.163
    endloop
  endfacet
  facet normal -0.735897 0.472913 -0.48457
    outer loop
      vertex -14.6207 -5.12961 -17.4749
      vertex -15.3746 -6.30275 -17.4749
      vertex -15.2139 -4.44501 -15.9059
    endloop
  endfacet
  facet normal -0.433682 0.278753 -0.856864
    outer loop
      vertex -13.8692 -6.74479 -18.3807
      vertex -14.6207 -5.12961 -17.4749
      vertex -13.5932 -6.31539 -18.3807
    endloop
  endfacet
  facet normal 0.478208 -0.828277 -0.292017
    outer loop
      vertex -7.51378 -9.75746 -13.5
      vertex -7.60664 -9.23083 -15.1458
      vertex -6.26472 -8.45607 -15.1458
    endloop
  endfacet
  facet normal 0.898732 -0.327121 -0.292015
    outer loop
      vertex -6.26472 -8.45607 -15.1458
      vertex -5.80955 -8.11884 -14.1227
      vertex -5.90282 -8.37509 -14.1227
    endloop
  endfacet
  facet normal 0.898733 -0.327115 -0.292018
    outer loop
      vertex -5.80955 -8.11884 -14.1227
      vertex -6.26472 -8.45607 -15.1458
      vertex -5.73475 -7 -15.1458
    endloop
  endfacet
  facet normal 0.898709 -0.327154 -0.292049
    outer loop
      vertex -5.85507 -8.7998 -13.5
      vertex -5.90282 -8.37509 -14.1227
      vertex -5.83073 -8.43558 -13.8331
    endloop
  endfacet
  facet normal 0.898737 -0.327106 -0.292018
    outer loop
      vertex -5.90282 -8.37509 -14.1227
      vertex -5.85507 -8.7998 -13.5
      vertex -6.26472 -8.45607 -15.1458
    endloop
  endfacet
  facet normal -0.21417 -0.468963 -0.856858
    outer loop
      vertex -13.1289 -7.89665 -18.3807
      vertex -14.6207 -8.87038 -17.4749
      vertex -13.5932 -7.68461 -18.3807
    endloop
  endfacet
  facet normal 0.124492 0.865842 -0.484582
    outer loop
      vertex -11.9719 -4.74878 -17.4749
      vertex -13.4811 -3.65367 -15.9059
      vertex -11.5956 -3.92477 -15.9059
    endloop
  endfacet
  facet normal -0.15301 -0.0975174 0.983401
    outer loop
      vertex -9.48943 -7.29048 -10.9417
      vertex -13.5932 -7.68461 -11.6193
      vertex -9.49252 -7.35118 -10.9482
    endloop
  endfacet
  facet normal -0.152925 -0.0982936 0.983337
    outer loop
      vertex -13.5932 -7.68461 -11.6193
      vertex -9.48943 -7.29048 -10.9417
      vertex -13.8692 -7.25521 -11.6193
    endloop
  endfacet
  facet normal -0.433779 -0.278678 0.856839
    outer loop
      vertex -13.8692 -7.25521 -11.6193
      vertex -14.4227 -8.20647 -12.2089
      vertex -14.3636 -8.3 -12.2094
    endloop
  endfacet
  facet normal -0.433729 -0.278716 0.856853
    outer loop
      vertex -13.8692 -7.25521 -11.6193
      vertex -14.7236 -7.72961 -12.2061
      vertex -14.4227 -8.20647 -12.2089
    endloop
  endfacet
  facet normal -0.433817 -0.278563 0.856858
    outer loop
      vertex -13.8692 -7.25521 -11.6193
      vertex -14.8298 -7.74109 -12.2636
      vertex -14.7236 -7.72961 -12.2061
    endloop
  endfacet
  facet normal -0.43183 -0.277424 0.85823
    outer loop
      vertex -15.174 -7.98444 -12.517
      vertex -15.3746 -7.69725 -12.5251
      vertex -15.1851 -7.99222 -12.5251
    endloop
  endfacet
  facet normal -0.433711 -0.278777 0.856842
    outer loop
      vertex -14.8298 -7.74109 -12.2636
      vertex -15.3746 -7.69725 -12.5251
      vertex -15.174 -7.98444 -12.517
    endloop
  endfacet
  facet normal -0.433712 -0.278758 0.856848
    outer loop
      vertex -15.3746 -7.69725 -12.5251
      vertex -14.8298 -7.74109 -12.2636
      vertex -13.8692 -7.25521 -11.6193
    endloop
  endfacet
  facet normal -0.431949 -0.279851 0.857382
    outer loop
      vertex -14.3636 -8.3 -12.2094
      vertex -14.6207 -8.87038 -12.5251
      vertex -13.8692 -7.25521 -11.6193
    endloop
  endfacet
  facet normal -0.433601 -0.278829 0.856881
    outer loop
      vertex -14.5119 -8.51468 -12.3543
      vertex -14.6207 -8.87038 -12.5251
      vertex -14.3636 -8.3 -12.2094
    endloop
  endfacet
  facet normal -0.433749 -0.278758 0.856829
    outer loop
      vertex -14.6207 -8.87038 -12.5251
      vertex -14.5119 -8.51468 -12.3543
      vertex -14.858 -8.50114 -12.5251
    endloop
  endfacet
  facet normal -0.736265 -0.473005 0.483922
    outer loop
      vertex -15.3746 -7.69725 -12.5251
      vertex -15.1987 -8.00737 -12.5606
      vertex -15.1851 -7.99222 -12.5251
    endloop
  endfacet
  facet normal -0.73612 -0.472954 0.484192
    outer loop
      vertex -15.3746 -7.69725 -12.5251
      vertex -15.0289 -8.39348 -12.6796
      vertex -15.1987 -8.00737 -12.5606
    endloop
  endfacet
  facet normal -0.735929 -0.472961 0.484475
    outer loop
      vertex -15.0289 -8.39348 -12.6796
      vertex -14.6207 -8.87038 -12.5251
      vertex -14.858 -8.50114 -12.5251
    endloop
  endfacet
  facet normal -0.735901 -0.472906 0.484571
    outer loop
      vertex -15.0289 -8.39348 -12.6796
      vertex -15.2139 -9.55499 -14.0941
      vertex -14.6207 -8.87038 -12.5251
    endloop
  endfacet
  facet normal -0.735883 -0.472922 0.484583
    outer loop
      vertex -15.2139 -9.55499 -14.0941
      vertex -15.0289 -8.39348 -12.6796
      vertex -15.3746 -7.69725 -12.5251
    endloop
  endfacet
  facet normal -0.21417 -0.468963 0.856858
    outer loop
      vertex -13.5932 -7.68461 -11.6193
      vertex -14.6207 -8.87038 -12.5251
      vertex -13.1289 -7.89665 -11.6193
    endloop
  endfacet
  facet normal -0.214168 -0.468965 0.856857
    outer loop
      vertex -13.1289 -7.89665 -11.6193
      vertex -14.6207 -8.87038 -12.5251
      vertex -13.3522 -9.44968 -12.5251
    endloop
  endfacet
  facet normal -0.128726 -0.48581 0.864534
    outer loop
      vertex -13.3522 -9.44968 -12.5251
      vertex -9.35977 -7.98057 -11.1051
      vertex -9.48348 -7.78229 -11.0121
    endloop
  endfacet
  facet normal -0.128768 -0.485741 0.864566
    outer loop
      vertex -13.3522 -9.44968 -12.5251
      vertex -9.48348 -7.78229 -11.0121
      vertex -13.1289 -7.89665 -11.6193
    endloop
  endfacet
  facet normal -0.128794 -0.485684 0.864594
    outer loop
      vertex -9.35977 -7.98057 -11.1051
      vertex -13.3522 -9.44968 -12.5251
      vertex -9.31398 -8.05395 -11.1395
    endloop
  endfacet
  facet normal 0.478208 0.828277 -0.292017
    outer loop
      vertex -6.26472 -5.54393 -15.1458
      vertex -7.60664 -4.76917 -15.1458
      vertex -7.51378 -4.24254 -13.5
    endloop
  endfacet
  facet normal 0.0733722 0.510308 -0.856856
    outer loop
      vertex -12.6237 -6.17599 -18.3807
      vertex -13.3522 -4.55032 -17.4749
      vertex -11.9719 -4.74878 -17.4749
    endloop
  endfacet
  facet normal 0.366222 0.634313 -0.680829
    outer loop
      vertex -6.26472 -5.54393 -15.1458
      vertex -11.9719 -4.74878 -17.4749
      vertex -7.60664 -4.76917 -15.1458
    endloop
  endfacet
  facet normal -0.415414 0.909633 0
    outer loop
      vertex -13.4811 -3.65367 -15.9059
      vertex -15.2139 -4.44501 -14.0941
      vertex -13.4811 -3.65367 -14.0941
    endloop
  endfacet
  facet normal -0.415414 0.909633 0
    outer loop
      vertex -15.2139 -4.44501 -14.0941
      vertex -13.4811 -3.65367 -15.9059
      vertex -15.2139 -4.44501 -15.9059
    endloop
  endfacet
  facet normal -0.515567 0 -0.856849
    outer loop
      vertex -15.3746 -7.69725 -17.4749
      vertex -13.8692 -6.74479 -18.3807
      vertex -13.8692 -7.25521 -18.3807
    endloop
  endfacet
  facet normal -0.515567 0 -0.856849
    outer loop
      vertex -13.8692 -6.74479 -18.3807
      vertex -15.3746 -7.69725 -17.4749
      vertex -15.3746 -6.30275 -17.4749
    endloop
  endfacet
  facet normal 0.0631128 -0.949489 0.307388
    outer loop
      vertex -8.28828 -9.36027 -12.1141
      vertex -7.51378 -9.75746 -13.5
      vertex -7.55525 -9.5223 -12.7651
    endloop
  endfacet
  facet normal 0.0630915 -0.949494 0.307377
    outer loop
      vertex -7.51378 -9.75746 -13.5
      vertex -8.28828 -9.36027 -12.1141
      vertex -13.4811 -10.3463 -14.0941
    endloop
  endfacet
  facet normal 0.0982005 -0.995167 0
    outer loop
      vertex -13.4811 -10.3463 -14.0941
      vertex -13.4811 -10.3463 -15.9059
      vertex -7.51378 -9.75746 -13.5
    endloop
  endfacet
  facet normal -0.152892 0 0.988243
    outer loop
      vertex -13.8692 -6.74479 -11.6193
      vertex -9.48943 -7.29048 -10.9417
      vertex -9.48943 -6.70951 -10.9417
    endloop
  endfacet
  facet normal -0.152892 0 0.988243
    outer loop
      vertex -9.48943 -7.29048 -10.9417
      vertex -13.8692 -6.74479 -11.6193
      vertex -13.8692 -7.25521 -11.6193
    endloop
  endfacet
  facet normal 0.478203 0.828278 -0.292021
    outer loop
      vertex -6.26472 -5.54393 -15.1458
      vertex -7.51378 -4.24254 -13.5
      vertex -5.85507 -5.20019 -13.5
    endloop
  endfacet
  facet normal 0.898774 0.327044 -0.291971
    outer loop
      vertex -5.88908 -5.63979 -14.0971
      vertex -5.85507 -5.20019 -13.5
      vertex -5.82905 -5.58943 -13.8559
    endloop
  endfacet
  facet normal 0.898732 0.327115 -0.292021
    outer loop
      vertex -5.85507 -5.20019 -13.5
      vertex -5.88908 -5.63979 -14.0971
      vertex -6.26472 -5.54393 -15.1458
    endloop
  endfacet
  facet normal 0.898733 0.327111 -0.292022
    outer loop
      vertex -5.81142 -5.85316 -14.0971
      vertex -6.26472 -5.54393 -15.1458
      vertex -5.88908 -5.63979 -14.0971
    endloop
  endfacet
  facet normal 0.898733 0.327114 -0.292021
    outer loop
      vertex -6.26472 -5.54393 -15.1458
      vertex -5.81142 -5.85316 -14.0971
      vertex -5.73475 -7 -15.1458
    endloop
  endfacet
  facet normal 0.252815 0.917257 -0.307772
    outer loop
      vertex -7.60664 -4.76917 -15.1458
      vertex -11.5956 -3.92477 -15.9059
      vertex -7.51378 -4.24254 -13.5
    endloop
  endfacet
  facet normal -0.214164 0.468966 -0.856857
    outer loop
      vertex -13.1289 -6.10335 -18.3807
      vertex -14.6207 -5.12961 -17.4749
      vertex -13.3522 -4.55032 -17.4749
    endloop
  endfacet
  facet normal -0.0964089 -0.546752 0.831725
    outer loop
      vertex -9.31398 -8.05395 -11.1395
      vertex -13.3522 -9.44968 -12.5251
      vertex -9.20518 -8.24564 -11.2529
    endloop
  endfacet
  facet normal -0.150213 0.126034 0.980587
    outer loop
      vertex -9.50346 -6.2641 -10.9994
      vertex -13.5932 -6.31539 -11.6193
      vertex -9.5167 -6.27988 -10.9994
    endloop
  endfacet
  facet normal -0.15021 0.126234 0.980562
    outer loop
      vertex -9.49252 -6.64882 -10.9482
      vertex -9.5167 -6.27988 -10.9994
      vertex -13.5932 -6.31539 -11.6193
    endloop
  endfacet
  facet normal -0.146 0.318752 0.936526
    outer loop
      vertex -13.1289 -6.10335 -11.6193
      vertex -9.50346 -6.2641 -10.9994
      vertex -9.46983 -6.21814 -11.0098
    endloop
  endfacet
  facet normal -0.145923 0.319524 0.936275
    outer loop
      vertex -9.50346 -6.2641 -10.9994
      vertex -13.1289 -6.10335 -11.6193
      vertex -13.5932 -6.31539 -11.6193
    endloop
  endfacet
  facet normal -0.153009 0.0975334 0.9834
    outer loop
      vertex -13.5932 -6.31539 -11.6193
      vertex -9.48943 -6.70951 -10.9417
      vertex -9.49252 -6.64882 -10.9482
    endloop
  endfacet
  facet normal -0.152925 0.0982938 0.983337
    outer loop
      vertex -9.48943 -6.70951 -10.9417
      vertex -13.5932 -6.31539 -11.6193
      vertex -13.8692 -6.74479 -11.6193
    endloop
  endfacet
  facet normal 0.124491 0.865842 -0.484583
    outer loop
      vertex -13.3522 -4.55032 -17.4749
      vertex -13.4811 -3.65367 -15.9059
      vertex -11.9719 -4.74878 -17.4749
    endloop
  endfacet
  facet normal 0.574793 0.209209 -0.791103
    outer loop
      vertex -5.73475 -7 -15.1458
      vertex -7.33718 -6.44383 -16.163
      vertex -6.26472 -5.54393 -15.1458
    endloop
  endfacet
  facet normal 0.269358 0.824512 -0.49762
    outer loop
      vertex -7.60664 -4.76917 -15.1458
      vertex -11.9719 -4.74878 -17.4749
      vertex -11.5956 -3.92477 -15.9059
    endloop
  endfacet
  facet normal 0.392112 0.443625 -0.805882
    outer loop
      vertex -7.33718 -6.44383 -16.163
      vertex -10.918 -5.66198 -17.4749
      vertex -6.26472 -5.54393 -15.1458
    endloop
  endfacet
  facet normal -0.0964185 0.54673 0.831739
    outer loop
      vertex -9.19636 -5.75692 -11.2502
      vertex -13.3522 -4.55032 -12.5251
      vertex -9.30404 -5.94949 -11.1361
    endloop
  endfacet
  facet normal -0.128468 0.486315 0.864288
    outer loop
      vertex -13.3522 -4.55032 -12.5251
      vertex -9.35449 -6.03124 -11.0976
      vertex -9.30404 -5.94949 -11.1361
    endloop
  endfacet
  facet normal -0.128822 0.485663 0.864602
    outer loop
      vertex -9.35449 -6.03124 -11.0976
      vertex -13.3522 -4.55032 -12.5251
      vertex -9.46983 -6.21814 -11.0098
    endloop
  endfacet
  facet normal -0.128774 0.48574 0.864566
    outer loop
      vertex -9.46983 -6.21814 -11.0098
      vertex -13.3522 -4.55032 -12.5251
      vertex -13.1289 -6.10335 -11.6193
    endloop
  endfacet
  facet normal 0.38682 0.321159 -0.864423
    outer loop
      vertex -7.33718 -6.44383 -16.163
      vertex -12.2379 -6.51025 -18.3807
      vertex -10.918 -5.66198 -17.4749
    endloop
  endfacet
  facet normal 0.337602 0.389657 -0.85685
    outer loop
      vertex -12.2379 -6.51025 -18.3807
      vertex -12.6237 -6.17599 -18.3807
      vertex -10.918 -5.66198 -17.4749
    endloop
  endfacet
  facet normal 0.390417 0.45057 -0.802846
    outer loop
      vertex -10.918 -5.66198 -17.4749
      vertex -11.9719 -4.74878 -17.4749
      vertex -6.26472 -5.54393 -15.1458
    endloop
  endfacet
  facet normal 0.337614 0.389631 -0.856858
    outer loop
      vertex -10.918 -5.66198 -17.4749
      vertex -12.6237 -6.17599 -18.3807
      vertex -11.9719 -4.74878 -17.4749
    endloop
  endfacet
  facet normal -0.133754 -0.112289 0.984632
    outer loop
      vertex -10.5649 7.17074 -10.2158
      vertex -14.7932 6.91539 -10.8193
      vertex -10.5928 6.78132 -10.264
    endloop
  endfacet
  facet normal -0.735877 -0.472927 -0.484589
    outer loop
      vertex -16.4139 5.04501 -15.1059
      vertex -17.4438 6.64754 -15.1059
      vertex -16.5746 6.90275 -16.6749
    endloop
  endfacet
  facet normal -0.135546 -0.0878891 0.986865
    outer loop
      vertex -10.5622 7.21935 -10.2111
      vertex -14.7932 6.91539 -10.8193
      vertex -10.5649 7.17074 -10.2158
    endloop
  endfacet
  facet normal -0.135607 -0.0871622 0.986921
    outer loop
      vertex -14.7932 6.91539 -10.8193
      vertex -10.5622 7.21935 -10.2111
      vertex -15.0692 7.34479 -10.8193
    endloop
  endfacet
  facet normal -0.0315214 -0.8668 0.497659
    outer loop
      vertex -14.5522 5.15032 -11.7251
      vertex -9.63022 5.18755 -11.3485
      vertex -9.65717 5.25157 -11.2387
    endloop
  endfacet
  facet normal -0.031539 -0.866674 0.497877
    outer loop
      vertex -14.6811 4.25367 -13.2941
      vertex -9.63022 5.18755 -11.3485
      vertex -14.5522 5.15032 -11.7251
    endloop
  endfacet
  facet normal -0.0315376 -0.866676 0.497874
    outer loop
      vertex -9.63022 5.18755 -11.3485
      vertex -14.6811 4.25367 -13.2941
      vertex -9.46453 5.15544 -11.3939
    endloop
  endfacet
  facet normal -0.0950067 -0.538668 0.837144
    outer loop
      vertex -10.4408 6.48778 -10.3979
      vertex -14.5522 5.15032 -11.7251
      vertex -10.3428 6.29597 -10.5102
    endloop
  endfacet
  facet normal 0.478168 0.828286 0.292057
    outer loop
      vertex -8.66284 10.0233 -12.2192
      vertex -8.71378 10.2575 -12.8
      vertex -8.76274 9.97981 -11.9323
    endloop
  endfacet
  facet normal 0.478309 0.828219 0.292018
    outer loop
      vertex -8.56397 10.0663 -12.5031
      vertex -8.71378 10.2575 -12.8
      vertex -8.66284 10.0233 -12.2192
    endloop
  endfacet
  facet normal 0.478193 0.828257 0.2921
    outer loop
      vertex -8.71378 10.2575 -12.8
      vertex -8.56397 10.0663 -12.5031
      vertex -8.49199 10.0264 -12.5078
    endloop
  endfacet
  facet normal -1 0 0
    outer loop
      vertex -17.4438 8.55246 -15.1059
      vertex -17.4438 7.76936 -13.8824
      vertex -17.4438 8.55246 -13.5051
    endloop
  endfacet
  facet normal -1 0 0
    outer loop
      vertex -17.4438 8.55246 -15.1059
      vertex -17.4438 7.3162 -14.1008
      vertex -17.4438 7.76936 -13.8824
    endloop
  endfacet
  facet normal -1 0 0
    outer loop
      vertex -17.4438 6.64754 -15.1059
      vertex -17.4438 7.3162 -14.1008
      vertex -17.4438 8.55246 -15.1059
    endloop
  endfacet
  facet normal -1 -0 0
    outer loop
      vertex -17.4438 7.3162 -14.1008
      vertex -17.4438 6.64754 -15.1059
      vertex -17.4438 7.03431 -14.0025
    endloop
  endfacet
  facet normal -1 -0 0
    outer loop
      vertex -17.4438 7.03431 -14.0025
      vertex -17.4438 6.64754 -15.1059
      vertex -17.4438 6.64754 -13.8677
    endloop
  endfacet
  facet normal -0.129572 0.108675 0.985597
    outer loop
      vertex -10.5563 8.25564 -10.2591
      vertex -14.7932 8.28461 -10.8193
      vertex -10.59 8.21546 -10.2591
    endloop
  endfacet
  facet normal -0.129575 0.108571 0.985608
    outer loop
      vertex -10.5649 7.85234 -10.2158
      vertex -10.59 8.21546 -10.2591
      vertex -14.7932 8.28461 -10.8193
    endloop
  endfacet
  facet normal 0.478223 0.828268 -0.292019
    outer loop
      vertex -7.46472 8.95607 -14.4458
      vertex -8.71378 10.2575 -12.8
      vertex -7.05507 9.2998 -12.8
    endloop
  endfacet
  facet normal -0.363396 0.795705 0.484558
    outer loop
      vertex -14.6811 10.9463 -13.2941
      vertex -15.8207 9.47038 -11.7251
      vertex -14.5522 10.0497 -11.7251
    endloop
  endfacet
  facet normal 0.237905 -0.835264 -0.495718
    outer loop
      vertex -12.7956 4.52477 -15.1059
      vertex -13.1719 5.34877 -16.6749
      vertex -8.80664 5.26917 -14.4458
    endloop
  endfacet
  facet normal -0.21417 -0.468965 0.856857
    outer loop
      vertex -14.3289 6.70335 -10.8193
      vertex -14.7932 6.91539 -10.8193
      vertex -14.5522 5.15032 -11.7251
    endloop
  endfacet
  facet normal -0.84125 -0.540647 0
    outer loop
      vertex -16.4139 5.04501 -15.1059
      vertex -17.4438 6.64754 -13.8677
      vertex -17.4438 6.64754 -15.1059
    endloop
  endfacet
  facet normal -0.841258 -0.540633 -2.4679e-05
    outer loop
      vertex -17.4438 6.64754 -13.8677
      vertex -16.4139 5.04501 -15.1059
      vertex -17.0158 5.98152 -13.2941
    endloop
  endfacet
  facet normal -0.841237 -0.540667 0
    outer loop
      vertex -17.0158 5.98152 -13.2941
      vertex -16.4139 5.04501 -15.1059
      vertex -16.4139 5.04501 -13.2941
    endloop
  endfacet
  facet normal -0.433631 0.278806 0.856873
    outer loop
      vertex -15.8207 9.47038 -11.7251
      vertex -15.6731 8.77609 -11.4245
      vertex -14.7932 8.28461 -10.8193
    endloop
  endfacet
  facet normal -0.433745 0.278763 0.856829
    outer loop
      vertex -15.8207 9.47038 -11.7251
      vertex -15.826 8.9602 -11.5618
      vertex -15.6731 8.77609 -11.4245
    endloop
  endfacet
  facet normal -0.433796 0.278756 0.856806
    outer loop
      vertex -15.826 8.9602 -11.5618
      vertex -15.8207 9.47038 -11.7251
      vertex -16.1699 8.92696 -11.7251
    endloop
  endfacet
  facet normal -0.433905 0.278334 0.856888
    outer loop
      vertex -15.7212 8.68171 -11.4182
      vertex -14.7932 8.28461 -10.8193
      vertex -15.6731 8.77609 -11.4245
    endloop
  endfacet
  facet normal -0.433715 0.278729 0.856856
    outer loop
      vertex -14.7932 8.28461 -10.8193
      vertex -15.7212 8.68171 -11.4182
      vertex -15.9197 8.2926 -11.3921
    endloop
  endfacet
  facet normal -0.433703 0.278589 0.856907
    outer loop
      vertex -16.4565 8.38883 -11.6951
      vertex -16.5746 8.29725 -11.7251
      vertex -16.2961 8.29527 -11.5835
    endloop
  endfacet
  facet normal -0.433749 0.278664 0.856859
    outer loop
      vertex -16.5746 8.29725 -11.7251
      vertex -16.4565 8.38883 -11.6951
      vertex -16.4996 8.41399 -11.7251
    endloop
  endfacet
  facet normal 0.478321 -0.828245 0.291923
    outer loop
      vertex -8.57038 4.92637 -12.5134
      vertex -8.71378 4.74254 -12.8
      vertex -8.50301 4.96214 -12.5223
    endloop
  endfacet
  facet normal 0.478202 -0.828284 0.292007
    outer loop
      vertex -8.66847 4.95999 -12.2574
      vertex -8.71378 4.74254 -12.8
      vertex -8.57038 4.92637 -12.5134
    endloop
  endfacet
  facet normal 0.478172 -0.828299 0.292015
    outer loop
      vertex -8.71378 4.74254 -12.8
      vertex -8.66847 4.95999 -12.2574
      vertex -8.75751 4.99052 -12.025
    endloop
  endfacet
  facet normal 0.081651 -0.996661 0
    outer loop
      vertex -14.6811 4.25367 -13.2941
      vertex -14.6811 4.25367 -15.1059
      vertex -8.71378 4.74254 -12.8
    endloop
  endfacet
  facet normal -0.214167 -0.468965 -0.856857
    outer loop
      vertex -14.5522 5.15032 -16.6749
      vertex -15.8207 5.72962 -16.6749
      vertex -14.7932 6.91539 -17.5807
    endloop
  endfacet
  facet normal -0.735894 -0.472915 -0.484573
    outer loop
      vertex -16.4139 5.04501 -15.1059
      vertex -16.5746 6.90275 -16.6749
      vertex -15.8207 5.72962 -16.6749
    endloop
  endfacet
  facet normal -0.214199 -0.468965 0.856849
    outer loop
      vertex -15.4772 6.12606 -11.4223
      vertex -14.5522 5.15032 -11.7251
      vertex -14.7932 6.91539 -10.8193
    endloop
  endfacet
  facet normal -0.214269 -0.469017 0.856803
    outer loop
      vertex -15.5816 5.94376 -11.5482
      vertex -14.5522 5.15032 -11.7251
      vertex -15.4772 6.12606 -11.4223
    endloop
  endfacet
  facet normal -0.212784 -0.470052 0.856606
    outer loop
      vertex -15.8207 5.72962 -11.7251
      vertex -15.5816 5.94376 -11.5482
      vertex -15.6484 5.92844 -11.5732
    endloop
  endfacet
  facet normal -0.214112 -0.468843 0.856938
    outer loop
      vertex -15.5816 5.94376 -11.5482
      vertex -15.8207 5.72962 -11.7251
      vertex -14.5522 5.15032 -11.7251
    endloop
  endfacet
  facet normal -0.120672 -0.487259 0.86488
    outer loop
      vertex -14.5522 5.15032 -11.7251
      vertex -10.4496 6.50337 -10.3904
      vertex -10.5845 6.74108 -10.2753
    endloop
  endfacet
  facet normal -0.120755 -0.487116 0.864949
    outer loop
      vertex -14.5522 5.15032 -11.7251
      vertex -10.5845 6.74108 -10.2753
      vertex -14.3289 6.70335 -10.8193
    endloop
  endfacet
  facet normal -0.121666 -0.485232 0.86588
    outer loop
      vertex -10.4496 6.50337 -10.3904
      vertex -14.5522 5.15032 -11.7251
      vertex -10.4408 6.48778 -10.3979
    endloop
  endfacet
  facet normal -0.134418 -0.295438 0.945858
    outer loop
      vertex -10.5928 6.78132 -10.264
      vertex -14.3289 6.70335 -10.8193
      vertex -10.5972 6.75867 -10.2717
    endloop
  endfacet
  facet normal -0.134482 -0.294472 0.94615
    outer loop
      vertex -14.3289 6.70335 -10.8193
      vertex -10.5928 6.78132 -10.264
      vertex -14.7932 6.91539 -10.8193
    endloop
  endfacet
  facet normal -0.134675 -0.291085 0.94717
    outer loop
      vertex -10.5845 6.74108 -10.2753
      vertex -10.5972 6.75867 -10.2717
      vertex -14.3289 6.70335 -10.8193
    endloop
  endfacet
  facet normal -0.000487823 0.870965 0.491346
    outer loop
      vertex -9.56222 9.77601 -11.235
      vertex -14.5522 10.0497 -11.7251
      vertex -9.56368 9.77285 -11.2294
    endloop
  endfacet
  facet normal -0.00116616 0.868145 0.496309
    outer loop
      vertex -14.6811 10.9463 -13.2941
      vertex -9.56222 9.77601 -11.235
      vertex -9.29501 9.83188 -11.3321
    endloop
  endfacet
  facet normal -0.00111838 0.868196 0.49622
    outer loop
      vertex -9.56222 9.77601 -11.235
      vertex -14.6811 10.9463 -13.2941
      vertex -14.5522 10.0497 -11.7251
    endloop
  endfacet
  facet normal 0.478196 0.82826 0.292084
    outer loop
      vertex -7.11525 9.24931 -12.5583
      vertex -7.05507 9.2998 -12.8
      vertex -7.71473 9.59542 -12.5583
    endloop
  endfacet
  facet normal 0.478205 0.828238 0.292135
    outer loop
      vertex -8.71378 10.2575 -12.8
      vertex -7.71473 9.59542 -12.5583
      vertex -7.05507 9.2998 -12.8
    endloop
  endfacet
  facet normal 0.478167 0.828221 0.292245
    outer loop
      vertex -7.71473 9.59542 -12.5583
      vertex -8.71378 10.2575 -12.8
      vertex -8.45297 10.0047 -12.5103
    endloop
  endfacet
  facet normal 0.479143 0.828026 0.291197
    outer loop
      vertex -8.45297 10.0047 -12.5103
      vertex -8.71378 10.2575 -12.8
      vertex -8.49199 10.0264 -12.5078
    endloop
  endfacet
  facet normal 0.0839509 0.947669 0.308019
    outer loop
      vertex -8.71378 10.2575 -12.8
      vertex -9.29501 9.83188 -11.3321
      vertex -8.76274 9.97981 -11.9323
    endloop
  endfacet
  facet normal 0.0838871 0.947682 0.307998
    outer loop
      vertex -9.29501 9.83188 -11.3321
      vertex -8.71378 10.2575 -12.8
      vertex -14.6811 10.9463 -13.2941
    endloop
  endfacet
  facet normal 0.114667 0.993404 0
    outer loop
      vertex -8.71378 10.2575 -12.8
      vertex -14.6811 10.9463 -15.1059
      vertex -14.6811 10.9463 -13.2941
    endloop
  endfacet
  facet normal -0.363367 0.795706 -0.484579
    outer loop
      vertex -15.8207 9.47038 -16.6749
      vertex -16.4139 10.155 -15.1059
      vertex -14.6811 10.9463 -15.1059
    endloop
  endfacet
  facet normal -0.363382 -0.795699 0.484578
    outer loop
      vertex -14.5522 5.15032 -11.7251
      vertex -16.4139 5.04501 -13.2941
      vertex -14.6811 4.25367 -13.2941
    endloop
  endfacet
  facet normal -0.363381 -0.7957 0.484577
    outer loop
      vertex -15.8207 5.72962 -11.7251
      vertex -16.4139 5.04501 -13.2941
      vertex -14.5522 5.15032 -11.7251
    endloop
  endfacet
  facet normal -0.363381 -0.7957 -0.484577
    outer loop
      vertex -14.5522 5.15032 -16.6749
      vertex -16.4139 5.04501 -15.1059
      vertex -15.8207 5.72962 -16.6749
    endloop
  endfacet
  facet normal -0.363382 -0.795699 -0.484578
    outer loop
      vertex -14.6811 4.25367 -15.1059
      vertex -16.4139 5.04501 -15.1059
      vertex -14.5522 5.15032 -16.6749
    endloop
  endfacet
  facet normal -0.84125 0.540646 0
    outer loop
      vertex -16.4139 10.155 -15.1059
      vertex -17.3007 8.77513 -13.2941
      vertex -16.4139 10.155 -13.2941
    endloop
  endfacet
  facet normal -0.841251 0.540645 0
    outer loop
      vertex -17.4438 8.55246 -13.5051
      vertex -16.4139 10.155 -15.1059
      vertex -17.4438 8.55246 -15.1059
    endloop
  endfacet
  facet normal -0.841254 0.540641 -5.27944e-06
    outer loop
      vertex -16.4139 10.155 -15.1059
      vertex -17.4438 8.55246 -13.5051
      vertex -17.3007 8.77513 -13.2941
    endloop
  endfacet
  facet normal -0.735969 0.472931 0.484445
    outer loop
      vertex -16.9753 8.87756 -12.8999
      vertex -16.4139 10.155 -13.2941
      vertex -17.0371 8.91865 -13.0339
    endloop
  endfacet
  facet normal -0.735824 0.472909 0.484686
    outer loop
      vertex -16.4139 10.155 -13.2941
      vertex -17.1388 8.86331 -13.1343
      vertex -17.0371 8.91865 -13.0339
    endloop
  endfacet
  facet normal -0.73588 0.472928 0.484582
    outer loop
      vertex -17.1388 8.86331 -13.1343
      vertex -16.4139 10.155 -13.2941
      vertex -17.3007 8.77513 -13.2941
    endloop
  endfacet
  facet normal -0.735741 0.472936 0.484785
    outer loop
      vertex -16.9264 8.84508 -12.794
      vertex -16.4139 10.155 -13.2941
      vertex -16.9753 8.87756 -12.8999
    endloop
  endfacet
  facet normal -0.735893 0.472915 0.484575
    outer loop
      vertex -16.4139 10.155 -13.2941
      vertex -16.9264 8.84508 -12.794
      vertex -15.8207 9.47038 -11.7251
    endloop
  endfacet
  facet normal -0.133733 0 0.991017
    outer loop
      vertex -15.0692 7.34479 -10.8193
      vertex -10.5622 7.80237 -10.2111
      vertex -15.0692 7.85521 -10.8193
    endloop
  endfacet
  facet normal -0.133733 0 0.991017
    outer loop
      vertex -10.5622 7.80237 -10.2111
      vertex -15.0692 7.34479 -10.8193
      vertex -10.5622 7.21935 -10.2111
    endloop
  endfacet
  facet normal -0.0463015 0.598163 0.800036
    outer loop
      vertex -14.5522 10.0497 -11.7251
      vertex -9.71433 9.63279 -11.1334
      vertex -9.56368 9.77285 -11.2294
    endloop
  endfacet
  facet normal -0.0462665 0.598342 0.799904
    outer loop
      vertex -10.0453 9.32509 -10.9224
      vertex -14.5522 10.0497 -11.7251
      vertex -10.2915 8.73521 -10.4954
    endloop
  endfacet
  facet normal -0.0462755 0.598311 0.799927
    outer loop
      vertex -9.71433 9.63279 -11.1334
      vertex -14.5522 10.0497 -11.7251
      vertex -10.0453 9.32509 -10.9224
    endloop
  endfacet
  facet normal -0.874748 -0.000511246 0.484578
    outer loop
      vertex -16.722 8.2811 -11.9912
      vertex -16.5746 8.29725 -11.7251
      vertex -16.7842 8.35878 -12.1034
    endloop
  endfacet
  facet normal -0.874761 0 0.484554
    outer loop
      vertex -16.5746 8.29725 -11.7251
      vertex -16.722 8.2811 -11.9912
      vertex -16.5746 8.09687 -11.7251
    endloop
  endfacet
  facet normal 0.898725 0.327076 0.292086
    outer loop
      vertex -6.9736 9.07594 -12.8
      vertex -7.05507 9.2998 -12.8
      vertex -7.04604 9.16461 -12.6764
    endloop
  endfacet
  facet normal -0.0668024 -0.600024 0.797188
    outer loop
      vertex -9.7381 5.33352 -11.1838
      vertex -14.5522 5.15032 -11.7251
      vertex -9.65717 5.25157 -11.2387
    endloop
  endfacet
  facet normal -0.0668151 -0.599919 0.797266
    outer loop
      vertex -10.0677 5.66725 -10.9603
      vertex -14.5522 5.15032 -11.7251
      vertex -9.7381 5.33352 -11.1838
    endloop
  endfacet
  facet normal -0.0668037 -0.599967 0.797231
    outer loop
      vertex -14.5522 5.15032 -11.7251
      vertex -10.0677 5.66725 -10.9603
      vertex -10.3428 6.29597 -10.5102
    endloop
  endfacet
  facet normal 0.37531 0.337739 -0.863177
    outer loop
      vertex -8.53718 8.05617 -15.463
      vertex -13.4379 8.08975 -17.5807
      vertex -12.118 8.93802 -16.6749
    endloop
  endfacet
  facet normal 0.383345 0.442409 -0.810753
    outer loop
      vertex -12.118 8.93802 -16.6749
      vertex -13.1719 9.85122 -16.6749
      vertex -8.53718 8.05617 -15.463
    endloop
  endfacet
  facet normal 0.124485 -0.865842 -0.484583
    outer loop
      vertex -13.1719 5.34877 -16.6749
      vertex -14.6811 4.25367 -15.1059
      vertex -14.5522 5.15032 -16.6749
    endloop
  endfacet
  facet normal 0.140564 -0.977625 -0.156495
    outer loop
      vertex -8.71378 4.74254 -12.8
      vertex -14.6811 4.25367 -15.1059
      vertex -12.7956 4.52477 -15.1059
    endloop
  endfacet
  facet normal -0.433714 -0.278722 -0.856858
    outer loop
      vertex -15.8207 5.72962 -16.6749
      vertex -16.5746 6.90275 -16.6749
      vertex -14.7932 6.91539 -17.5807
    endloop
  endfacet
  facet normal -0.433719 -0.278776 0.856838
    outer loop
      vertex -15.5809 7.19454 -11.1272
      vertex -14.7932 6.91539 -10.8193
      vertex -15.0692 7.34479 -10.8193
    endloop
  endfacet
  facet normal -0.433695 -0.278648 0.856892
    outer loop
      vertex -15.6507 7.07131 -11.2026
      vertex -14.7932 6.91539 -10.8193
      vertex -15.5809 7.19454 -11.1272
    endloop
  endfacet
  facet normal -0.433646 -0.27904 0.856789
    outer loop
      vertex -16.4666 6.90351 -11.6702
      vertex -15.6507 7.07131 -11.2026
      vertex -16.0252 7.06408 -11.3945
    endloop
  endfacet
  facet normal -0.433701 -0.278858 0.85682
    outer loop
      vertex -15.6507 7.07131 -11.2026
      vertex -16.4666 6.90351 -11.6702
      vertex -14.7932 6.91539 -10.8193
    endloop
  endfacet
  facet normal -0.433733 -0.278837 0.856811
    outer loop
      vertex -16.4666 6.90351 -11.6702
      vertex -16.0252 7.06408 -11.3945
      vertex -16.4757 6.9318 -11.6656
    endloop
  endfacet
  facet normal 0.0523892 -0.950262 0.307015
    outer loop
      vertex -9.46453 5.15544 -11.3939
      vertex -8.71378 4.74254 -12.8
      vertex -8.75751 4.99052 -12.025
    endloop
  endfacet
  facet normal 0.0524265 -0.950254 0.307033
    outer loop
      vertex -8.71378 4.74254 -12.8
      vertex -9.46453 5.15544 -11.3939
      vertex -14.6811 4.25367 -13.2941
    endloop
  endfacet
  facet normal -0.363367 0.795706 0.484579
    outer loop
      vertex -14.6811 10.9463 -13.2941
      vertex -16.4139 10.155 -13.2941
      vertex -15.8207 9.47038 -11.7251
    endloop
  endfacet
  facet normal -0.735864 0.473102 0.484437
    outer loop
      vertex -16.8484 8.79325 -12.6249
      vertex -15.8207 9.47038 -11.7251
      vertex -16.9264 8.84508 -12.794
    endloop
  endfacet
  facet normal -0.735879 0.472926 0.484586
    outer loop
      vertex -16.3441 8.81335 -11.8787
      vertex -15.8207 9.47038 -11.7251
      vertex -16.8484 8.79325 -12.6249
    endloop
  endfacet
  facet normal -0.735817 0.472834 0.48477
    outer loop
      vertex -15.8207 9.47038 -11.7251
      vertex -16.3441 8.81335 -11.8787
      vertex -16.1699 8.92696 -11.7251
    endloop
  endfacet
  facet normal -0.735882 0.472919 0.484588
    outer loop
      vertex -16.7842 8.35878 -12.1034
      vertex -16.3441 8.81335 -11.8787
      vertex -16.8484 8.79325 -12.6249
    endloop
  endfacet
  facet normal -0.735868 0.472871 0.484656
    outer loop
      vertex -16.3441 8.81335 -11.8787
      vertex -16.7842 8.35878 -12.1034
      vertex -16.5063 8.42032 -11.7415
    endloop
  endfacet
  facet normal -0.735841 0.472948 0.484622
    outer loop
      vertex -16.5746 8.29725 -11.7251
      vertex -16.5063 8.42032 -11.7415
      vertex -16.7842 8.35878 -12.1034
    endloop
  endfacet
  facet normal -0.73646 0.473141 0.483492
    outer loop
      vertex -16.5063 8.42032 -11.7415
      vertex -16.5746 8.29725 -11.7251
      vertex -16.4996 8.41399 -11.7251
    endloop
  endfacet
  facet normal 0.898677 0.327191 0.292107
    outer loop
      vertex -7.07152 9.1958 -12.6329
      vertex -7.05507 9.2998 -12.8
      vertex -7.11525 9.24931 -12.5583
    endloop
  endfacet
  facet normal 0.898782 0.326998 0.291998
    outer loop
      vertex -7.05507 9.2998 -12.8
      vertex -7.07152 9.1958 -12.6329
      vertex -7.04604 9.16461 -12.6764
    endloop
  endfacet
  facet normal -0.0999402 0.490466 0.865711
    outer loop
      vertex -10.4251 8.48247 -10.3606
      vertex -14.3289 8.49665 -10.8193
      vertex -10.5266 8.2964 -10.2669
    endloop
  endfacet
  facet normal -0.0999006 0.491038 0.865391
    outer loop
      vertex -10.3992 8.52986 -10.3845
      vertex -14.3289 8.49665 -10.8193
      vertex -10.4251 8.48247 -10.3606
    endloop
  endfacet
  facet normal -0.0999279 0.490529 0.865677
    outer loop
      vertex -14.3289 8.49665 -10.8193
      vertex -10.3992 8.52986 -10.3845
      vertex -14.5522 10.0497 -11.7251
    endloop
  endfacet
  facet normal -0.132181 0.0857397 0.98751
    outer loop
      vertex -14.7932 8.28461 -10.8193
      vertex -10.5622 7.80237 -10.2111
      vertex -10.5649 7.85234 -10.2158
    endloop
  endfacet
  facet normal -0.13227 0.0850177 0.987561
    outer loop
      vertex -10.5622 7.80237 -10.2111
      vertex -14.7932 8.28461 -10.8193
      vertex -15.0692 7.85521 -10.8193
    endloop
  endfacet
  facet normal -0.735662 -0.472814 0.485025
    outer loop
      vertex -16.4139 5.04501 -13.2941
      vertex -16.913 5.92559 -13.1927
      vertex -17.0158 5.98152 -13.2941
    endloop
  endfacet
  facet normal -0.735971 -0.472923 0.484449
    outer loop
      vertex -16.913 5.92559 -13.1927
      vertex -16.4139 5.04501 -13.2941
      vertex -16.7587 5.84158 -13.0403
    endloop
  endfacet
  facet normal -0.73598 -0.472922 0.484436
    outer loop
      vertex -16.4139 5.04501 -13.2941
      vertex -16.6909 5.90785 -12.8726
      vertex -16.7587 5.84158 -13.0403
    endloop
  endfacet
  facet normal -0.735559 -0.473113 0.484889
    outer loop
      vertex -16.5464 6.04899 -12.5155
      vertex -16.4139 5.04501 -13.2941
      vertex -16.5167 6.23362 -12.2903
    endloop
  endfacet
  facet normal -0.735788 -0.472977 0.484675
    outer loop
      vertex -16.6909 5.90785 -12.8726
      vertex -16.4139 5.04501 -13.2941
      vertex -16.5464 6.04899 -12.5155
    endloop
  endfacet
  facet normal -0.415396 0.909641 0
    outer loop
      vertex -14.6811 10.9463 -15.1059
      vertex -16.4139 10.155 -13.2941
      vertex -14.6811 10.9463 -13.2941
    endloop
  endfacet
  facet normal -0.415396 0.909641 0
    outer loop
      vertex -16.4139 10.155 -13.2941
      vertex -14.6811 10.9463 -15.1059
      vertex -16.4139 10.155 -15.1059
    endloop
  endfacet
  facet normal 0.141944 0.987221 -0.0724351
    outer loop
      vertex -12.7956 10.6752 -15.1059
      vertex -14.6811 10.9463 -15.1059
      vertex -8.71378 10.2575 -12.8
    endloop
  endfacet
  facet normal 0.478368 -0.828234 0.291878
    outer loop
      vertex -8.71378 4.74254 -12.8
      vertex -8.46968 4.97984 -12.5267
      vertex -8.50301 4.96214 -12.5223
    endloop
  endfacet
  facet normal 0.478193 -0.828269 0.292065
    outer loop
      vertex -8.71378 4.74254 -12.8
      vertex -7.75437 5.3596 -12.6209
      vertex -8.46968 4.97984 -12.5267
    endloop
  endfacet
  facet normal 0.478201 -0.828274 0.292038
    outer loop
      vertex -7.05507 5.70019 -12.8
      vertex -7.75437 5.3596 -12.6209
      vertex -8.71378 4.74254 -12.8
    endloop
  endfacet
  facet normal 0.478201 -0.828274 0.292038
    outer loop
      vertex -7.75437 5.3596 -12.6209
      vertex -7.05507 5.70019 -12.8
      vertex -7.09965 5.7376 -12.6209
    endloop
  endfacet
  facet normal 0.8988 -0.326937 0.292011
    outer loop
      vertex -7.05507 5.70019 -12.8
      vertex -7.0786 5.76403 -12.6561
      vertex -7.09965 5.7376 -12.6209
    endloop
  endfacet
  facet normal 0.898722 -0.3271 0.292071
    outer loop
      vertex -7.0786 5.76403 -12.6561
      vertex -7.05507 5.70019 -12.8
      vertex -7.04826 5.80212 -12.7068
    endloop
  endfacet
  facet normal 0.478205 0.828273 -0.292036
    outer loop
      vertex -7.46472 8.95607 -14.4458
      vertex -8.80664 9.73083 -14.4458
      vertex -8.71378 10.2575 -12.8
    endloop
  endfacet
  facet normal 0.337618 0.389636 -0.856854
    outer loop
      vertex -12.118 8.93802 -16.6749
      vertex -13.4379 8.08975 -17.5807
      vertex -13.1719 9.85122 -16.6749
    endloop
  endfacet
  facet normal 0.337602 -0.389657 -0.85685
    outer loop
      vertex -12.118 6.26198 -16.6749
      vertex -13.8237 6.77599 -17.5807
      vertex -13.4379 7.11025 -17.5807
    endloop
  endfacet
  facet normal 0.38863 -0.14145 -0.910472
    outer loop
      vertex -8.53718 6.94383 -15.463
      vertex -13.4379 7.11025 -17.5807
      vertex -8.33475 7.5 -15.463
    endloop
  endfacet
  facet normal 0.223587 -0.924584 -0.308468
    outer loop
      vertex -8.71378 4.74254 -12.8
      vertex -12.7956 4.52477 -15.1059
      vertex -8.80664 5.26917 -14.4458
    endloop
  endfacet
  facet normal 0.574794 -0.209208 -0.791103
    outer loop
      vertex -7.46472 6.04393 -14.4458
      vertex -8.53718 6.94383 -15.463
      vertex -8.33475 7.5 -15.463
    endloop
  endfacet
  facet normal -0.415414 -0.909633 0
    outer loop
      vertex -16.4139 5.04501 -15.1059
      vertex -14.6811 4.25367 -13.2941
      vertex -16.4139 5.04501 -13.2941
    endloop
  endfacet
  facet normal -0.415414 -0.909633 -0
    outer loop
      vertex -14.6811 4.25367 -13.2941
      vertex -16.4139 5.04501 -15.1059
      vertex -14.6811 4.25367 -15.1059
    endloop
  endfacet
  facet normal -0.515505 0 0.856886
    outer loop
      vertex -15.0692 7.85521 -10.8193
      vertex -15.4186 7.49338 -11.0295
      vertex -15.0692 7.34479 -10.8193
    endloop
  endfacet
  facet normal -0.51584 0.000439868 0.856685
    outer loop
      vertex -15.0692 7.85521 -10.8193
      vertex -15.5052 7.6008 -11.0817
      vertex -15.4186 7.49338 -11.0295
    endloop
  endfacet
  facet normal -0.515553 -0.000230248 0.856858
    outer loop
      vertex -15.0692 7.85521 -10.8193
      vertex -15.7134 7.85897 -11.2069
      vertex -15.5052 7.6008 -11.0817
    endloop
  endfacet
  facet normal -0.515551 4.40324e-05 0.856859
    outer loop
      vertex -16.0034 8.12951 -11.3814
      vertex -15.7134 7.85897 -11.2069
      vertex -15.0692 7.85521 -10.8193
    endloop
  endfacet
  facet normal -0.514855 0.00105945 0.857276
    outer loop
      vertex -16.0079 8.12743 -11.3841
      vertex -15.7134 7.85897 -11.2069
      vertex -16.0034 8.12951 -11.3814
    endloop
  endfacet
  facet normal -0.516313 0.000434132 0.8564
    outer loop
      vertex -16.2174 7.7229 -11.5102
      vertex -16.0079 8.12743 -11.3841
      vertex -16.0205 8.13455 -11.3917
    endloop
  endfacet
  facet normal -0.515608 -6.37575e-05 0.856825
    outer loop
      vertex -16.0079 8.12743 -11.3841
      vertex -16.2174 7.7229 -11.5102
      vertex -15.7134 7.85897 -11.2069
    endloop
  endfacet
  facet normal -0.515606 -2.65288e-05 0.856826
    outer loop
      vertex -16.53 8.088 -11.6983
      vertex -16.2174 7.7229 -11.5102
      vertex -16.0205 8.13455 -11.3917
    endloop
  endfacet
  facet normal -0.515564 2.07069e-05 0.856851
    outer loop
      vertex -16.2759 7.70711 -11.5454
      vertex -16.53 8.088 -11.6983
      vertex -16.4757 6.9318 -11.6656
    endloop
  endfacet
  facet normal -0.515574 1.07536e-05 0.856845
    outer loop
      vertex -16.2174 7.7229 -11.5102
      vertex -16.53 8.088 -11.6983
      vertex -16.2759 7.70711 -11.5454
    endloop
  endfacet
  facet normal -0.515598 -0.000155775 0.856831
    outer loop
      vertex -16.5746 8.29725 -11.7251
      vertex -16.53 8.088 -11.6983
      vertex -16.0205 8.13455 -11.3917
    endloop
  endfacet
  facet normal -0.515061 0 0.857154
    outer loop
      vertex -16.53 8.088 -11.6983
      vertex -16.5746 8.29725 -11.7251
      vertex -16.5746 8.09687 -11.7251
    endloop
  endfacet
  facet normal -0.515559 -0.000171264 0.856854
    outer loop
      vertex -15.4867 7.36798 -11.0705
      vertex -15.0692 7.34479 -10.8193
      vertex -15.4186 7.49338 -11.0295
    endloop
  endfacet
  facet normal -0.515556 -0.000105792 0.856856
    outer loop
      vertex -15.0692 7.34479 -10.8193
      vertex -15.4867 7.36798 -11.0705
      vertex -15.5809 7.19454 -11.1272
    endloop
  endfacet
  facet normal -0.509694 -0.0116304 0.860277
    outer loop
      vertex -16.4757 6.9318 -11.6656
      vertex -16.2425 7.08969 -11.5253
      vertex -16.2469 7.0902 -11.5279
    endloop
  endfacet
  facet normal -0.515685 0.000326914 0.856778
    outer loop
      vertex -16.2425 7.08969 -11.5253
      vertex -16.4757 6.9318 -11.6656
      vertex -16.0252 7.06408 -11.3945
    endloop
  endfacet
  facet normal -0.515684 6.29022e-05 0.856779
    outer loop
      vertex -16.4757 6.9318 -11.6656
      vertex -16.2469 7.0902 -11.5279
      vertex -16.2759 7.70711 -11.5454
    endloop
  endfacet
  facet normal -0.735883 0.472928 -0.484577
    outer loop
      vertex -15.8207 9.47038 -16.6749
      vertex -17.4438 8.55246 -15.1059
      vertex -16.4139 10.155 -15.1059
    endloop
  endfacet
  facet normal -0.21417 0.468963 0.856858
    outer loop
      vertex -14.3289 8.49665 -10.8193
      vertex -15.8207 9.47038 -11.7251
      vertex -14.7932 8.28461 -10.8193
    endloop
  endfacet
  facet normal -0.214172 0.46896 0.856859
    outer loop
      vertex -14.5522 10.0497 -11.7251
      vertex -15.8207 9.47038 -11.7251
      vertex -14.3289 8.49665 -10.8193
    endloop
  endfacet
  facet normal 0.388203 -0.113984 -0.914498
    outer loop
      vertex -8.33475 7.5 -15.463
      vertex -13.4379 7.11025 -17.5807
      vertex -13.2941 7.6 -17.5807
    endloop
  endfacet
  facet normal -0.21417 0.468963 -0.856858
    outer loop
      vertex -14.7932 8.28461 -17.5807
      vertex -15.8207 9.47038 -16.6749
      vertex -14.3289 8.49665 -17.5807
    endloop
  endfacet
  facet normal -0.0898725 0.509344 0.855857
    outer loop
      vertex -10.2915 8.73521 -10.4954
      vertex -14.5522 10.0497 -11.7251
      vertex -10.3992 8.52986 -10.3845
    endloop
  endfacet
  facet normal -0.124209 0.273057 0.953946
    outer loop
      vertex -14.3289 8.49665 -10.8193
      vertex -10.5563 8.25564 -10.2591
      vertex -10.5266 8.2964 -10.2669
    endloop
  endfacet
  facet normal -0.124301 0.272179 0.954185
    outer loop
      vertex -10.5563 8.25564 -10.2591
      vertex -14.3289 8.49665 -10.8193
      vertex -14.7932 8.28461 -10.8193
    endloop
  endfacet
  facet normal 0.365702 0.633412 -0.681946
    outer loop
      vertex -7.46472 8.95607 -14.4458
      vertex -13.1719 9.85122 -16.6749
      vertex -8.80664 9.73083 -14.4458
    endloop
  endfacet
  facet normal 0.124493 0.865849 -0.484569
    outer loop
      vertex -13.1719 9.85122 -16.6749
      vertex -14.6811 10.9463 -15.1059
      vertex -12.7956 10.6752 -15.1059
    endloop
  endfacet
  facet normal 0.3852 0.451002 -0.80512
    outer loop
      vertex -8.53718 8.05617 -15.463
      vertex -13.1719 9.85122 -16.6749
      vertex -7.46472 8.95607 -14.4458
    endloop
  endfacet
  facet normal 0.898747 0.327084 -0.292009
    outer loop
      vertex -7.03585 9.01228 -13.0629
      vertex -7.05507 9.2998 -12.8
      vertex -6.9736 9.07594 -12.8
    endloop
  endfacet
  facet normal 0.898731 0.327107 -0.292032
    outer loop
      vertex -6.93475 7.5 -14.4458
      vertex -6.7774 7.72101 -13.714
      vertex -6.69696 7.5 -13.714
    endloop
  endfacet
  facet normal 0.898725 0.327122 -0.292036
    outer loop
      vertex -6.7774 7.72101 -13.714
      vertex -6.93475 7.5 -14.4458
      vertex -6.98826 8.30032 -13.714
    endloop
  endfacet
  facet normal 0.898669 -0.327295 -0.292012
    outer loop
      vertex -6.70569 7.492 -13.7319
      vertex -6.93475 7.5 -14.4458
      vertex -6.69696 7.5 -13.714
    endloop
  endfacet
  facet normal 0.898734 -0.327102 -0.292031
    outer loop
      vertex -6.7867 7.26942 -13.7319
      vertex -6.93475 7.5 -14.4458
      vertex -6.70569 7.492 -13.7319
    endloop
  endfacet
  facet normal 0.898727 -0.327117 -0.292034
    outer loop
      vertex -6.93475 7.5 -14.4458
      vertex -6.7867 7.26942 -13.7319
      vertex -6.98695 6.71925 -13.7319
    endloop
  endfacet
  facet normal 0.89875 -0.32706 -0.292028
    outer loop
      vertex -6.9925 5.87213 -12.8
      vertex -7.05507 5.70019 -12.8
      vertex -7.0397 5.9302 -13.0103
    endloop
  endfacet
  facet normal 0.89875 -0.327061 0.292026
    outer loop
      vertex -7.04826 5.80212 -12.7068
      vertex -7.05507 5.70019 -12.8
      vertex -6.9925 5.87213 -12.8
    endloop
  endfacet
  facet normal 0.359843 -0.359467 -0.860986
    outer loop
      vertex -12.118 6.26198 -16.6749
      vertex -13.4379 7.11025 -17.5807
      vertex -8.53718 6.94383 -15.463
    endloop
  endfacet
  facet normal 0.392059 0.115116 -0.912709
    outer loop
      vertex -13.2941 7.6 -17.5807
      vertex -13.4379 8.08975 -17.5807
      vertex -8.33475 7.5 -15.463
    endloop
  endfacet
  facet normal 0.574793 -0.209209 -0.791103
    outer loop
      vertex -7.46472 6.04393 -14.4458
      vertex -8.33475 7.5 -15.463
      vertex -6.93475 7.5 -14.4458
    endloop
  endfacet
  facet normal 0.124492 -0.865844 -0.484578
    outer loop
      vertex -12.7956 4.52477 -15.1059
      vertex -14.6811 4.25367 -15.1059
      vertex -13.1719 5.34877 -16.6749
    endloop
  endfacet
  facet normal -0.735894 -0.472891 0.484597
    outer loop
      vertex -16.2759 6.42865 -11.7342
      vertex -16.4423 6.69692 -11.7251
      vertex -16.4719 6.51272 -11.9498
    endloop
  endfacet
  facet normal -0.735309 -0.472569 0.485798
    outer loop
      vertex -16.4423 6.69692 -11.7251
      vertex -16.2759 6.42865 -11.7342
      vertex -16.2726 6.43287 -11.7251
    endloop
  endfacet
  facet normal -0.735962 -0.472609 0.484769
    outer loop
      vertex -16.4719 6.51272 -11.9498
      vertex -16.2889 6.41166 -11.7705
      vertex -16.2759 6.42865 -11.7342
    endloop
  endfacet
  facet normal -0.735943 -0.472934 0.484482
    outer loop
      vertex -16.1063 6.02135 -11.8741
      vertex -16.4719 6.51272 -11.9498
      vertex -16.5167 6.23362 -12.2903
    endloop
  endfacet
  facet normal -0.735914 -0.472901 0.484556
    outer loop
      vertex -16.4719 6.51272 -11.9498
      vertex -16.1063 6.02135 -11.8741
      vertex -16.2889 6.41166 -11.7705
    endloop
  endfacet
  facet normal -0.735921 -0.473052 0.4844
    outer loop
      vertex -15.8207 5.72962 -11.7251
      vertex -16.1063 6.02135 -11.8741
      vertex -16.5167 6.23362 -12.2903
    endloop
  endfacet
  facet normal -0.735887 -0.472934 0.484565
    outer loop
      vertex -16.1063 6.02135 -11.8741
      vertex -15.8207 5.72962 -11.7251
      vertex -15.9448 5.92272 -11.7251
    endloop
  endfacet
  facet normal -0.735926 -0.472872 0.484566
    outer loop
      vertex -15.8207 5.72962 -11.7251
      vertex -16.5167 6.23362 -12.2903
      vertex -16.4139 5.04501 -13.2941
    endloop
  endfacet
  facet normal -0.433994 -0.27841 0.856818
    outer loop
      vertex -14.7932 6.91539 -10.8193
      vertex -15.5156 6.28083 -11.3914
      vertex -15.4431 6.18628 -11.3854
    endloop
  endfacet
  facet normal -0.433639 -0.278848 0.856855
    outer loop
      vertex -14.7932 6.91539 -10.8193
      vertex -15.8348 6.69702 -11.4175
      vertex -15.5156 6.28083 -11.3914
    endloop
  endfacet
  facet normal -0.433684 -0.278726 0.856872
    outer loop
      vertex -16.0131 6.65225 -11.5224
      vertex -16.405 6.71143 -11.7015
      vertex -16.2726 6.43287 -11.7251
    endloop
  endfacet
  facet normal -0.433873 -0.279204 0.856621
    outer loop
      vertex -16.4666 6.90351 -11.6702
      vertex -16.0131 6.65225 -11.5224
      vertex -15.8348 6.69702 -11.4175
    endloop
  endfacet
  facet normal -0.433754 -0.278475 0.856918
    outer loop
      vertex -16.4666 6.90351 -11.6702
      vertex -15.8348 6.69702 -11.4175
      vertex -14.7932 6.91539 -10.8193
    endloop
  endfacet
  facet normal -0.433684 -0.278713 0.856876
    outer loop
      vertex -16.0131 6.65225 -11.5224
      vertex -16.4666 6.90351 -11.6702
      vertex -16.405 6.71143 -11.7015
    endloop
  endfacet
  facet normal -0.431572 -0.280891 0.857232
    outer loop
      vertex -14.7932 6.91539 -10.8193
      vertex -15.4431 6.18628 -11.3854
      vertex -15.4772 6.12606 -11.4223
    endloop
  endfacet
  facet normal -0.433709 -0.278737 0.856856
    outer loop
      vertex -16.2726 6.43287 -11.7251
      vertex -16.405 6.71143 -11.7015
      vertex -16.4423 6.69692 -11.7251
    endloop
  endfacet
  facet normal -0.433736 -0.27875 0.856838
    outer loop
      vertex -15.6484 5.92844 -11.5732
      vertex -15.9448 5.92272 -11.7251
      vertex -15.8207 5.72962 -11.7251
    endloop
  endfacet
  facet normal 0 0 -1
    outer loop
      vertex -13.4379 7.11025 -17.5807
      vertex -13.4379 8.08975 -17.5807
      vertex -13.2941 7.6 -17.5807
    endloop
  endfacet
  facet normal 0 0 -1
    outer loop
      vertex -13.8237 6.77599 -17.5807
      vertex -13.4379 8.08975 -17.5807
      vertex -13.4379 7.11025 -17.5807
    endloop
  endfacet
  facet normal 0 0 -1
    outer loop
      vertex -13.8237 6.77599 -17.5807
      vertex -13.8237 8.424 -17.5807
      vertex -13.4379 8.08975 -17.5807
    endloop
  endfacet
  facet normal 0 0 -1
    outer loop
      vertex -14.3289 6.70335 -17.5807
      vertex -13.8237 8.424 -17.5807
      vertex -13.8237 6.77599 -17.5807
    endloop
  endfacet
  facet normal 0 0 -1
    outer loop
      vertex -14.3289 6.70335 -17.5807
      vertex -14.3289 8.49665 -17.5807
      vertex -13.8237 8.424 -17.5807
    endloop
  endfacet
  facet normal 0 0 -1
    outer loop
      vertex -14.7932 6.91539 -17.5807
      vertex -14.3289 8.49665 -17.5807
      vertex -14.3289 6.70335 -17.5807
    endloop
  endfacet
  facet normal 0 0 -1
    outer loop
      vertex -14.7932 6.91539 -17.5807
      vertex -14.7932 8.28461 -17.5807
      vertex -14.3289 8.49665 -17.5807
    endloop
  endfacet
  facet normal 0 0 -1
    outer loop
      vertex -15.0692 7.34479 -17.5807
      vertex -14.7932 8.28461 -17.5807
      vertex -14.7932 6.91539 -17.5807
    endloop
  endfacet
  facet normal 0 0 -1
    outer loop
      vertex -14.7932 8.28461 -17.5807
      vertex -15.0692 7.34479 -17.5807
      vertex -15.0692 7.85521 -17.5807
    endloop
  endfacet
  facet normal -0.363396 0.795705 -0.484558
    outer loop
      vertex -14.5522 10.0497 -16.6749
      vertex -15.8207 9.47038 -16.6749
      vertex -14.6811 10.9463 -15.1059
    endloop
  endfacet
  facet normal -0.433714 0.278722 -0.856858
    outer loop
      vertex -14.7932 8.28461 -17.5807
      vertex -16.5746 8.29725 -16.6749
      vertex -15.8207 9.47038 -16.6749
    endloop
  endfacet
  facet normal 0.124505 0.865852 -0.48456
    outer loop
      vertex -14.5522 10.0497 -16.6749
      vertex -14.6811 10.9463 -15.1059
      vertex -13.1719 9.85122 -16.6749
    endloop
  endfacet
  facet normal 0.337615 -0.389628 -0.856858
    outer loop
      vertex -13.1719 5.34877 -16.6749
      vertex -13.8237 6.77599 -17.5807
      vertex -12.118 6.26198 -16.6749
    endloop
  endfacet
  facet normal 0.276958 0.821769 -0.497986
    outer loop
      vertex -8.80664 9.73083 -14.4458
      vertex -13.1719 9.85122 -16.6749
      vertex -12.7956 10.6752 -15.1059
    endloop
  endfacet
  facet normal 0.267091 0.913345 -0.307348
    outer loop
      vertex -8.80664 9.73083 -14.4458
      vertex -12.7956 10.6752 -15.1059
      vertex -8.71378 10.2575 -12.8
    endloop
  endfacet
  facet normal 0.574794 0.209208 -0.791103
    outer loop
      vertex -8.33475 7.5 -15.463
      vertex -8.53718 8.05617 -15.463
      vertex -7.46472 8.95607 -14.4458
    endloop
  endfacet
  facet normal 0.393409 0.14319 -0.908144
    outer loop
      vertex -8.33475 7.5 -15.463
      vertex -13.4379 8.08975 -17.5807
      vertex -8.53718 8.05617 -15.463
    endloop
  endfacet
  facet normal 0.574793 0.209209 -0.791103
    outer loop
      vertex -6.93475 7.5 -14.4458
      vertex -8.33475 7.5 -15.463
      vertex -7.46472 8.95607 -14.4458
    endloop
  endfacet
  facet normal 0.898759 0.327067 -0.29199
    outer loop
      vertex -7.19001 8.85463 -13.714
      vertex -7.05507 9.2998 -12.8
      vertex -7.03585 9.01228 -13.0629
    endloop
  endfacet
  facet normal 0.898721 0.327145 -0.292022
    outer loop
      vertex -7.05507 9.2998 -12.8
      vertex -7.19001 8.85463 -13.714
      vertex -7.46472 8.95607 -14.4458
    endloop
  endfacet
  facet normal 0.898731 0.327108 -0.292032
    outer loop
      vertex -6.98826 8.30032 -13.714
      vertex -7.46472 8.95607 -14.4458
      vertex -7.19001 8.85463 -13.714
    endloop
  endfacet
  facet normal 0.898731 0.327114 -0.292026
    outer loop
      vertex -7.46472 8.95607 -14.4458
      vertex -6.98826 8.30032 -13.714
      vertex -6.93475 7.5 -14.4458
    endloop
  endfacet
  facet normal 0.0733686 -0.510308 -0.856856
    outer loop
      vertex -13.1719 5.34877 -16.6749
      vertex -14.5522 5.15032 -16.6749
      vertex -14.3289 6.70335 -17.5807
    endloop
  endfacet
  facet normal -0.21417 -0.468965 -0.856857
    outer loop
      vertex -14.5522 5.15032 -16.6749
      vertex -14.7932 6.91539 -17.5807
      vertex -14.3289 6.70335 -17.5807
    endloop
  endfacet
  facet normal -0.214172 0.46896 -0.856859
    outer loop
      vertex -14.3289 8.49665 -17.5807
      vertex -15.8207 9.47038 -16.6749
      vertex -14.5522 10.0497 -16.6749
    endloop
  endfacet
  facet normal -0.433708 -0.278769 -0.856846
    outer loop
      vertex -14.7932 6.91539 -17.5807
      vertex -16.5746 6.90275 -16.6749
      vertex -15.0692 7.34479 -17.5807
    endloop
  endfacet
  facet normal 0.89873 -0.327106 -0.292037
    outer loop
      vertex -7.46472 6.04393 -14.4458
      vertex -6.98695 6.71925 -13.7319
      vertex -7.20162 6.12944 -13.7319
    endloop
  endfacet
  facet normal 0.89873 -0.327113 -0.29203
    outer loop
      vertex -6.98695 6.71925 -13.7319
      vertex -7.46472 6.04393 -14.4458
      vertex -6.93475 7.5 -14.4458
    endloop
  endfacet
  facet normal 0.898787 -0.32701 -0.291969
    outer loop
      vertex -7.05507 5.70019 -12.8
      vertex -7.20162 6.12944 -13.7319
      vertex -7.0397 5.9302 -13.0103
    endloop
  endfacet
  facet normal 0.898716 -0.327156 -0.292025
    outer loop
      vertex -7.20162 6.12944 -13.7319
      vertex -7.05507 5.70019 -12.8
      vertex -7.46472 6.04393 -14.4458
    endloop
  endfacet
  facet normal 0.478203 -0.828278 -0.292021
    outer loop
      vertex -7.05507 5.70019 -12.8
      vertex -8.71378 4.74254 -12.8
      vertex -7.46472 6.04393 -14.4458
    endloop
  endfacet
  facet normal -0.433663 0.278887 0.856831
    outer loop
      vertex -16.2961 8.29527 -11.5835
      vertex -16.5746 8.29725 -11.7251
      vertex -16.0205 8.13455 -11.3917
    endloop
  endfacet
  facet normal -0.433709 0.27877 0.856845
    outer loop
      vertex -15.9197 8.2926 -11.3921
      vertex -15.0692 7.85521 -10.8193
      vertex -14.7932 8.28461 -10.8193
    endloop
  endfacet
  facet normal -0.433664 0.278852 0.856841
    outer loop
      vertex -16.0027 8.12972 -11.3811
      vertex -15.0692 7.85521 -10.8193
      vertex -15.9197 8.2926 -11.3921
    endloop
  endfacet
  facet normal -0.44393 0.250871 0.860227
    outer loop
      vertex -15.0692 7.85521 -10.8193
      vertex -16.0027 8.12972 -11.3811
      vertex -16.0034 8.12951 -11.3814
    endloop
  endfacet
  facet normal -0.735886 0.47291 -0.484591
    outer loop
      vertex -16.5746 8.29725 -16.6749
      vertex -17.4438 8.55246 -15.1059
      vertex -15.8207 9.47038 -16.6749
    endloop
  endfacet
  facet normal 0.073374 -0.510305 -0.856858
    outer loop
      vertex -13.1719 5.34877 -16.6749
      vertex -14.3289 6.70335 -17.5807
      vertex -13.8237 6.77599 -17.5807
    endloop
  endfacet
  facet normal 0.0733791 0.510304 -0.856858
    outer loop
      vertex -14.3289 8.49665 -17.5807
      vertex -14.5522 10.0497 -16.6749
      vertex -13.1719 9.85122 -16.6749
    endloop
  endfacet
  facet normal -0.515567 0 -0.856849
    outer loop
      vertex -16.5746 6.90275 -16.6749
      vertex -15.0692 7.85521 -17.5807
      vertex -15.0692 7.34479 -17.5807
    endloop
  endfacet
  facet normal -0.515567 0 -0.856849
    outer loop
      vertex -15.0692 7.85521 -17.5807
      vertex -16.5746 6.90275 -16.6749
      vertex -16.5746 8.29725 -16.6749
    endloop
  endfacet
  facet normal -0.433708 0.278769 -0.856846
    outer loop
      vertex -15.0692 7.85521 -17.5807
      vertex -16.5746 8.29725 -16.6749
      vertex -14.7932 8.28461 -17.5807
    endloop
  endfacet
  facet normal 0.351777 -0.609293 -0.710644
    outer loop
      vertex -8.80664 5.26917 -14.4458
      vertex -13.1719 5.34877 -16.6749
      vertex -7.46472 6.04393 -14.4458
    endloop
  endfacet
  facet normal 0.478208 -0.828277 -0.292017
    outer loop
      vertex -8.71378 4.74254 -12.8
      vertex -8.80664 5.26917 -14.4458
      vertex -7.46472 6.04393 -14.4458
    endloop
  endfacet
  facet normal 0.370537 -0.466362 -0.803249
    outer loop
      vertex -7.46472 6.04393 -14.4458
      vertex -13.1719 5.34877 -16.6749
      vertex -8.53718 6.94383 -15.463
    endloop
  endfacet
  facet normal 0.361627 -0.41734 -0.833698
    outer loop
      vertex -8.53718 6.94383 -15.463
      vertex -13.1719 5.34877 -16.6749
      vertex -12.118 6.26198 -16.6749
    endloop
  endfacet
  facet normal -0.87474 0 -0.484592
    outer loop
      vertex -16.5746 6.90275 -16.6749
      vertex -17.4438 8.55246 -15.1059
      vertex -16.5746 8.29725 -16.6749
    endloop
  endfacet
  facet normal -0.87474 -0 -0.484592
    outer loop
      vertex -17.4438 8.55246 -15.1059
      vertex -16.5746 6.90275 -16.6749
      vertex -17.4438 6.64754 -15.1059
    endloop
  endfacet
  facet normal 0.0733835 0.510301 -0.856859
    outer loop
      vertex -13.8237 8.424 -17.5807
      vertex -14.3289 8.49665 -17.5807
      vertex -13.1719 9.85122 -16.6749
    endloop
  endfacet
  facet normal 0.337582 0.389646 -0.856863
    outer loop
      vertex -13.4379 8.08975 -17.5807
      vertex -13.8237 8.424 -17.5807
      vertex -13.1719 9.85122 -16.6749
    endloop
  endfacet
endsolid OpenSCAD_Model
